2025-06-21 19:23:23,230 - mmdet - INFO - Environment info:
------------------------------------------------------------
sys.platform: linux
Python: 3.8.20 (default, Oct  3 2024, 15:24:27) [GCC 11.2.0]
CUDA available: True
GPU 0,1: NVIDIA GeForce RTX 3090
CUDA_HOME: /usr/local/cuda
NVCC: Cuda compilation tools, release 11.8, V11.8.89
GCC: gcc (Ubuntu 9.4.0-1ubuntu1~20.04.2) 9.4.0
PyTorch: 1.13.0+cu116
PyTorch compiling details: PyTorch built with:
  - GCC 9.3
  - C++ Version: 201402
  - Intel(R) Math Kernel Library Version 2020.0.0 Product Build 20191122 for Intel(R) 64 architecture applications
  - Intel(R) MKL-DNN v2.6.0 (Git Hash 52b5f107dd9cf10910aaa19cb47f3abf9b349815)
  - OpenMP 201511 (a.k.a. OpenMP 4.5)
  - LAPACK is enabled (usually provided by MKL)
  - NNPACK is enabled
  - CPU capability usage: AVX2
  - CUDA Runtime 11.6
  - NVCC architecture flags: -gencode;arch=compute_37,code=sm_37;-gencode;arch=compute_50,code=sm_50;-gencode;arch=compute_60,code=sm_60;-gencode;arch=compute_70,code=sm_70;-gencode;arch=compute_75,code=sm_75;-gencode;arch=compute_80,code=sm_80;-gencode;arch=compute_86,code=sm_86
  - CuDNN 8.3.2  (built against CUDA 11.5)
  - Magma 2.6.1
  - Build settings: BLAS_INFO=mkl, BUILD_TYPE=Release, CUDA_VERSION=11.6, CUDNN_VERSION=8.3.2, CXX_COMPILER=/opt/rh/devtoolset-9/root/usr/bin/c++, CXX_FLAGS= -fabi-version=11 -Wno-deprecated -fvisibility-inlines-hidden -DUSE_PTHREADPOOL -fopenmp -DNDEBUG -DUSE_KINETO -DUSE_FBGEMM -DUSE_QNNPACK -DUSE_PYTORCH_QNNPACK -DUSE_XNNPACK -DSYMBOLICATE_MOBILE_DEBUG_HANDLE -DEDGE_PROFILER_USE_KINETO -O2 -fPIC -Wno-narrowing -Wall -Wextra -Werror=return-type -Werror=non-virtual-dtor -Wno-missing-field-initializers -Wno-type-limits -Wno-array-bounds -Wno-unknown-pragmas -Wunused-local-typedefs -Wno-unused-parameter -Wno-unused-function -Wno-unused-result -Wno-strict-overflow -Wno-strict-aliasing -Wno-error=deprecated-declarations -Wno-stringop-overflow -Wno-psabi -Wno-error=pedantic -Wno-error=redundant-decls -Wno-error=old-style-cast -fdiagnostics-color=always -faligned-new -Wno-unused-but-set-variable -Wno-maybe-uninitialized -fno-math-errno -fno-trapping-math -Werror=format -Werror=cast-function-type -Wno-stringop-overflow, LAPACK_INFO=mkl, PERF_WITH_AVX=1, PERF_WITH_AVX2=1, PERF_WITH_AVX512=1, TORCH_VERSION=1.13.0, USE_CUDA=ON, USE_CUDNN=ON, USE_EXCEPTION_PTR=1, USE_GFLAGS=OFF, USE_GLOG=OFF, USE_MKL=ON, USE_MKLDNN=ON, USE_MPI=OFF, USE_NCCL=ON, USE_NNPACK=ON, USE_OPENMP=ON, USE_ROCM=OFF, 

TorchVision: 0.14.0+cu116
OpenCV: 4.11.0
MMCV: 1.7.0
MMCV Compiler: GCC 9.3
MMCV CUDA Compiler: 11.6
MMDetection: 2.27.0
MMSegmentation: 0.30.0
MMDetection3D: 1.0.0rc6+7d27632
spconv2.0: True
------------------------------------------------------------

2025-06-21 19:23:24,815 - mmdet - INFO - 分布式训练: True
2025-06-21 19:23:26,206 - mmdet - INFO - 配置:
point_cloud_range = [-54, -54, -5.0, 54, 54, 3.0]
class_names = [
    'car', 'truck', 'construction_vehicle', 'bus', 'trailer', 'barrier',
    'motorcycle', 'bicycle', 'pedestrian', 'traffic_cone'
]
dataset_type = 'NuScenesDataset'
data_root = 'data/nuscenes/'
input_modality = dict(
    use_lidar=True,
    use_camera=False,
    use_radar=False,
    use_map=False,
    use_external=False)
file_client_args = dict(backend='disk')
train_pipeline = [
    dict(
        type='LoadPointsFromFile',
        coord_type='LIDAR',
        load_dim=5,
        use_dim=5,
        file_client_args=dict(backend='disk')),
    dict(
        type='LoadPointsFromMultiSweeps',
        sweeps_num=9,
        use_dim=[0, 1, 2, 3, 4],
        file_client_args=dict(backend='disk'),
        pad_empty_sweeps=True,
        remove_close=True),
    dict(type='LoadAnnotations3D', with_bbox_3d=True, with_label_3d=True),
    dict(
        type='ObjectSample',
        db_sampler=dict(
            data_root='data/nuscenes/',
            info_path='data/nuscenes/nuscenes_dbinfos_train.pkl',
            rate=1.0,
            prepare=dict(
                filter_by_difficulty=[-1],
                filter_by_min_points=dict(
                    car=5,
                    truck=5,
                    bus=5,
                    trailer=5,
                    construction_vehicle=5,
                    traffic_cone=5,
                    barrier=5,
                    motorcycle=5,
                    bicycle=5,
                    pedestrian=5)),
            classes=[
                'car', 'truck', 'construction_vehicle', 'bus', 'trailer',
                'barrier', 'motorcycle', 'bicycle', 'pedestrian',
                'traffic_cone'
            ],
            sample_groups=dict(
                car=2,
                truck=3,
                construction_vehicle=7,
                bus=4,
                trailer=6,
                barrier=2,
                motorcycle=6,
                bicycle=6,
                pedestrian=2,
                traffic_cone=2),
            points_loader=dict(
                type='LoadPointsFromFile',
                coord_type='LIDAR',
                load_dim=5,
                use_dim=[0, 1, 2, 3, 4],
                file_client_args=dict(backend='disk')))),
    dict(
        type='GlobalRotScaleTrans',
        rot_range=[-0.785, 0.785],
        scale_ratio_range=[0.9, 1.1],
        translation_std=[0.5, 0.5, 0.5]),
    dict(
        type='RandomFlip3D',
        sync_2d=False,
        flip_ratio_bev_horizontal=0.5,
        flip_ratio_bev_vertical=0.5),
    dict(
        type='PointsRangeFilter',
        point_cloud_range=[-54, -54, -5.0, 54, 54, 3.0]),
    dict(
        type='ObjectRangeFilter',
        point_cloud_range=[-54, -54, -5.0, 54, 54, 3.0]),
    dict(
        type='ObjectNameFilter',
        classes=[
            'car', 'truck', 'construction_vehicle', 'bus', 'trailer',
            'barrier', 'motorcycle', 'bicycle', 'pedestrian', 'traffic_cone'
        ]),
    dict(type='PointShuffle'),
    dict(
        type='DefaultFormatBundle3D',
        class_names=[
            'car', 'truck', 'construction_vehicle', 'bus', 'trailer',
            'barrier', 'motorcycle', 'bicycle', 'pedestrian', 'traffic_cone'
        ]),
    dict(type='Collect3D', keys=['points', 'gt_bboxes_3d', 'gt_labels_3d'])
]
test_pipeline = [
    dict(
        type='LoadPointsFromFile',
        coord_type='LIDAR',
        load_dim=5,
        use_dim=5,
        file_client_args=dict(backend='disk')),
    dict(
        type='LoadPointsFromMultiSweeps',
        sweeps_num=9,
        use_dim=[0, 1, 2, 3, 4],
        file_client_args=dict(backend='disk'),
        pad_empty_sweeps=True,
        remove_close=True),
    dict(type='LoadAnnotations3D', with_bbox_3d=True, with_label_3d=True),
    dict(
        type='MultiScaleFlipAug3D',
        img_scale=(1333, 800),
        pts_scale_ratio=1,
        flip=False,
        transforms=[
            dict(
                type='GlobalRotScaleTrans',
                rot_range=[0, 0],
                scale_ratio_range=[1.0, 1.0],
                translation_std=[0, 0, 0]),
            dict(type='RandomFlip3D'),
            dict(
                type='PointsRangeFilter',
                point_cloud_range=[-54, -54, -5.0, 54, 54, 3.0]),
            dict(
                type='DefaultFormatBundle3D',
                class_names=[
                    'car', 'truck', 'construction_vehicle', 'bus', 'trailer',
                    'barrier', 'motorcycle', 'bicycle', 'pedestrian',
                    'traffic_cone'
                ],
                with_label=False),
            dict(
                type='Collect3D',
                keys=['points', 'gt_bboxes_3d', 'gt_labels_3d'])
        ])
]
eval_pipeline = [
    dict(
        type='LoadPointsFromFile',
        coord_type='LIDAR',
        load_dim=5,
        use_dim=5,
        file_client_args=dict(backend='disk')),
    dict(
        type='LoadPointsFromMultiSweeps',
        sweeps_num=10,
        file_client_args=dict(backend='disk')),
    dict(
        type='DefaultFormatBundle3D',
        class_names=[
            'car', 'truck', 'trailer', 'bus', 'construction_vehicle',
            'bicycle', 'motorcycle', 'pedestrian', 'traffic_cone', 'barrier'
        ],
        with_label=False),
    dict(type='Collect3D', keys=['points'])
]
data = dict(
    samples_per_gpu=2,
    workers_per_gpu=4,
    train=dict(
        type='CBGSDataset',
        data_root='data/nuscenes/',
        ann_file='data/nuscenes/nuscenes_infos_train.pkl',
        pipeline=[
            dict(
                type='LoadPointsFromFile',
                coord_type='LIDAR',
                load_dim=5,
                use_dim=5,
                file_client_args=dict(backend='disk')),
            dict(
                type='LoadPointsFromMultiSweeps',
                sweeps_num=10,
                file_client_args=dict(backend='disk')),
            dict(
                type='LoadAnnotations3D',
                with_bbox_3d=True,
                with_label_3d=True),
            dict(
                type='GlobalRotScaleTrans',
                rot_range=[-0.3925, 0.3925],
                scale_ratio_range=[0.95, 1.05],
                translation_std=[0, 0, 0]),
            dict(type='RandomFlip3D', flip_ratio_bev_horizontal=0.5),
            dict(
                type='PointsRangeFilter',
                point_cloud_range=[-50, -50, -5, 50, 50, 3]),
            dict(
                type='ObjectRangeFilter',
                point_cloud_range=[-50, -50, -5, 50, 50, 3]),
            dict(
                type='ObjectNameFilter',
                classes=[
                    'car', 'truck', 'trailer', 'bus', 'construction_vehicle',
                    'bicycle', 'motorcycle', 'pedestrian', 'traffic_cone',
                    'barrier'
                ]),
            dict(type='PointShuffle'),
            dict(
                type='DefaultFormatBundle3D',
                class_names=[
                    'car', 'truck', 'trailer', 'bus', 'construction_vehicle',
                    'bicycle', 'motorcycle', 'pedestrian', 'traffic_cone',
                    'barrier'
                ]),
            dict(
                type='Collect3D',
                keys=['points', 'gt_bboxes_3d', 'gt_labels_3d'])
        ],
        classes=[
            'car', 'truck', 'trailer', 'bus', 'construction_vehicle',
            'bicycle', 'motorcycle', 'pedestrian', 'traffic_cone', 'barrier'
        ],
        modality=dict(
            use_lidar=True,
            use_camera=False,
            use_radar=False,
            use_map=False,
            use_external=False),
        test_mode=False,
        box_type_3d='LiDAR',
        dataset=dict(
            type='NuScenesDataset',
            data_root='data/nuscenes/',
            ann_file='data/nuscenes/nuscenes_infos_train.pkl',
            pipeline=[
                dict(
                    type='LoadPointsFromFile',
                    coord_type='LIDAR',
                    load_dim=5,
                    use_dim=5,
                    file_client_args=dict(backend='disk')),
                dict(
                    type='LoadPointsFromMultiSweeps',
                    sweeps_num=9,
                    use_dim=[0, 1, 2, 3, 4],
                    file_client_args=dict(backend='disk'),
                    pad_empty_sweeps=True,
                    remove_close=True),
                dict(
                    type='LoadAnnotations3D',
                    with_bbox_3d=True,
                    with_label_3d=True),
                dict(
                    type='ObjectSample',
                    db_sampler=dict(
                        data_root='data/nuscenes/',
                        info_path='data/nuscenes/nuscenes_dbinfos_train.pkl',
                        rate=1.0,
                        prepare=dict(
                            filter_by_difficulty=[-1],
                            filter_by_min_points=dict(
                                car=5,
                                truck=5,
                                bus=5,
                                trailer=5,
                                construction_vehicle=5,
                                traffic_cone=5,
                                barrier=5,
                                motorcycle=5,
                                bicycle=5,
                                pedestrian=5)),
                        classes=[
                            'car', 'truck', 'construction_vehicle', 'bus',
                            'trailer', 'barrier', 'motorcycle', 'bicycle',
                            'pedestrian', 'traffic_cone'
                        ],
                        sample_groups=dict(
                            car=2,
                            truck=3,
                            construction_vehicle=7,
                            bus=4,
                            trailer=6,
                            barrier=2,
                            motorcycle=6,
                            bicycle=6,
                            pedestrian=2,
                            traffic_cone=2),
                        points_loader=dict(
                            type='LoadPointsFromFile',
                            coord_type='LIDAR',
                            load_dim=5,
                            use_dim=[0, 1, 2, 3, 4],
                            file_client_args=dict(backend='disk')))),
                dict(
                    type='GlobalRotScaleTrans',
                    rot_range=[-0.785, 0.785],
                    scale_ratio_range=[0.9, 1.1],
                    translation_std=[0.5, 0.5, 0.5]),
                dict(
                    type='RandomFlip3D',
                    sync_2d=False,
                    flip_ratio_bev_horizontal=0.5,
                    flip_ratio_bev_vertical=0.5),
                dict(
                    type='PointsRangeFilter',
                    point_cloud_range=[-54, -54, -5.0, 54, 54, 3.0]),
                dict(
                    type='ObjectRangeFilter',
                    point_cloud_range=[-54, -54, -5.0, 54, 54, 3.0]),
                dict(
                    type='ObjectNameFilter',
                    classes=[
                        'car', 'truck', 'construction_vehicle', 'bus',
                        'trailer', 'barrier', 'motorcycle', 'bicycle',
                        'pedestrian', 'traffic_cone'
                    ]),
                dict(type='PointShuffle'),
                dict(
                    type='DefaultFormatBundle3D',
                    class_names=[
                        'car', 'truck', 'construction_vehicle', 'bus',
                        'trailer', 'barrier', 'motorcycle', 'bicycle',
                        'pedestrian', 'traffic_cone'
                    ]),
                dict(
                    type='Collect3D',
                    keys=['points', 'gt_bboxes_3d', 'gt_labels_3d'])
            ],
            classes=[
                'car', 'truck', 'construction_vehicle', 'bus', 'trailer',
                'barrier', 'motorcycle', 'bicycle', 'pedestrian',
                'traffic_cone'
            ],
            test_mode=False,
            use_valid_flag=True,
            box_type_3d='LiDAR')),
    val=dict(
        type='NuScenesDataset',
        data_root='data/nuscenes/',
        ann_file='data/nuscenes/nuscenes_infos_val.pkl',
        pipeline=[
            dict(
                type='LoadPointsFromFile',
                coord_type='LIDAR',
                load_dim=5,
                use_dim=5,
                file_client_args=dict(backend='disk')),
            dict(
                type='LoadPointsFromMultiSweeps',
                sweeps_num=9,
                use_dim=[0, 1, 2, 3, 4],
                file_client_args=dict(backend='disk'),
                pad_empty_sweeps=True,
                remove_close=True),
            dict(
                type='LoadAnnotations3D',
                with_bbox_3d=True,
                with_label_3d=True),
            dict(
                type='MultiScaleFlipAug3D',
                img_scale=(1333, 800),
                pts_scale_ratio=1,
                flip=False,
                transforms=[
                    dict(
                        type='GlobalRotScaleTrans',
                        rot_range=[0, 0],
                        scale_ratio_range=[1.0, 1.0],
                        translation_std=[0, 0, 0]),
                    dict(type='RandomFlip3D'),
                    dict(
                        type='PointsRangeFilter',
                        point_cloud_range=[-54, -54, -5.0, 54, 54, 3.0]),
                    dict(
                        type='DefaultFormatBundle3D',
                        class_names=[
                            'car', 'truck', 'construction_vehicle', 'bus',
                            'trailer', 'barrier', 'motorcycle', 'bicycle',
                            'pedestrian', 'traffic_cone'
                        ],
                        with_label=False),
                    dict(
                        type='Collect3D',
                        keys=['points', 'gt_bboxes_3d', 'gt_labels_3d'])
                ])
        ],
        classes=[
            'car', 'truck', 'construction_vehicle', 'bus', 'trailer',
            'barrier', 'motorcycle', 'bicycle', 'pedestrian', 'traffic_cone'
        ],
        modality=dict(
            use_lidar=True,
            use_camera=False,
            use_radar=False,
            use_map=False,
            use_external=False),
        test_mode=True,
        box_type_3d='LiDAR'),
    test=dict(
        type='NuScenesDataset',
        data_root='data/nuscenes/',
        ann_file='data/nuscenes/nuscenes_infos_test.pkl',
        pipeline=[
            dict(
                type='LoadPointsFromFile',
                coord_type='LIDAR',
                load_dim=5,
                use_dim=5,
                file_client_args=dict(backend='disk')),
            dict(
                type='LoadPointsFromMultiSweeps',
                sweeps_num=9,
                use_dim=[0, 1, 2, 3, 4],
                file_client_args=dict(backend='disk'),
                pad_empty_sweeps=True,
                remove_close=True),
            dict(
                type='LoadAnnotations3D',
                with_bbox_3d=True,
                with_label_3d=True),
            dict(
                type='MultiScaleFlipAug3D',
                img_scale=(1333, 800),
                pts_scale_ratio=1,
                flip=False,
                transforms=[
                    dict(
                        type='GlobalRotScaleTrans',
                        rot_range=[0, 0],
                        scale_ratio_range=[1.0, 1.0],
                        translation_std=[0, 0, 0]),
                    dict(type='RandomFlip3D'),
                    dict(
                        type='PointsRangeFilter',
                        point_cloud_range=[-54, -54, -5.0, 54, 54, 3.0]),
                    dict(
                        type='DefaultFormatBundle3D',
                        class_names=[
                            'car', 'truck', 'construction_vehicle', 'bus',
                            'trailer', 'barrier', 'motorcycle', 'bicycle',
                            'pedestrian', 'traffic_cone'
                        ],
                        with_label=False),
                    dict(
                        type='Collect3D',
                        keys=['points', 'gt_bboxes_3d', 'gt_labels_3d'])
                ])
        ],
        classes=[
            'car', 'truck', 'construction_vehicle', 'bus', 'trailer',
            'barrier', 'motorcycle', 'bicycle', 'pedestrian', 'traffic_cone'
        ],
        modality=dict(
            use_lidar=True,
            use_camera=False,
            use_radar=False,
            use_map=False,
            use_external=False),
        test_mode=True,
        box_type_3d='LiDAR'))
evaluation = dict(
    interval=5,
    pipeline=[
        dict(
            type='LoadPointsFromFile',
            coord_type='LIDAR',
            load_dim=5,
            use_dim=5,
            file_client_args=dict(backend='disk')),
        dict(
            type='LoadPointsFromMultiSweeps',
            sweeps_num=10,
            file_client_args=dict(backend='disk')),
        dict(
            type='DefaultFormatBundle3D',
            class_names=[
                'car', 'truck', 'trailer', 'bus', 'construction_vehicle',
                'bicycle', 'motorcycle', 'pedestrian', 'traffic_cone',
                'barrier'
            ],
            with_label=False),
        dict(type='Collect3D', keys=['points'])
    ])
optimizer = dict(type='AdamW', lr=1.25e-05, weight_decay=0.01)
optimizer_config = dict(grad_clip=dict(max_norm=35, norm_type=2))
lr_config = dict(
    policy='cyclic',
    target_ratio=(10, 0.0001),
    cyclic_times=1,
    step_ratio_up=0.4)
momentum_config = dict(
    policy='cyclic',
    target_ratio=(0.8947368421052632, 1),
    cyclic_times=1,
    step_ratio_up=0.4)
runner = dict(type='EpochBasedRunner', max_epochs=20)
checkpoint_config = dict(interval=1, max_keep_ckpts=10)
log_config = dict(
    interval=50,
    hooks=[dict(type='TextLoggerHook'),
           dict(type='TensorboardLoggerHook')])
dist_params = dict(backend='nccl')
log_level = 'INFO'
work_dir = './work_dirs/lidar_0075v_900q_split1_2x2_hednetmiddleencoder_hednetbackbone4_dss0511_dp03_hugeep2_num2_conv_xy_rope/3090_train'
load_from = None
resume_from = None
workflow = [('train', 1)]
opencv_num_threads = 0
mp_start_method = 'fork'
plugin = 'plugin/futr3d'
voxel_size = [0.075, 0.075, 0.2]
center_head = dict(
    type='CenterHead',
    in_channels=512,
    tasks=[
        dict(num_class=1, class_names=['car']),
        dict(num_class=2, class_names=['truck', 'construction_vehicle']),
        dict(num_class=2, class_names=['bus', 'trailer']),
        dict(num_class=1, class_names=['barrier']),
        dict(num_class=2, class_names=['motorcycle', 'bicycle']),
        dict(num_class=2, class_names=['pedestrian', 'traffic_cone'])
    ],
    common_heads=dict(
        reg=(2, 2), height=(1, 2), dim=(3, 2), rot=(2, 2), vel=(2, 2)),
    share_conv_channel=64,
    bbox_coder=dict(
        type='CenterPointBBoxCoder',
        pc_range=[-54, -54],
        post_center_range=[-61.2, -61.2, -10.0, 61.2, 61.2, 10.0],
        max_num=500,
        score_threshold=0.1,
        out_size_factor=8,
        voxel_size=[0.075, 0.075],
        code_size=9),
    separate_head=dict(type='SeparateHead', init_bias=-2.19, final_kernel=3),
    loss_cls=dict(type='GaussianFocalLoss', reduction='mean'),
    loss_bbox=dict(type='L1Loss', reduction='mean', loss_weight=0.25),
    norm_bbox=True)
model = dict(
    type='FUTR3D',
    aux_weight=0.5,
    pts_voxel_layer=dict(
        max_num_points=-1,
        voxel_size=[0.075, 0.075, 0.2],
        max_voxels=(-1, -1),
        point_cloud_range=[-54, -54, -5.0, 54, 54, 3.0]),
    pts_voxel_encoder=dict(
        type='DynamicVFE',
        in_channels=5,
        feat_channels=[64, 128],
        with_distance=False,
        with_cluster_center=True,
        with_voxel_center=True,
        voxel_size=[0.075, 0.075, 0.2],
        point_cloud_range=[-54, -54, -5.0, 54, 54, 3.0]),
    pts_middle_encoder=dict(
        type='HEDNet',
        in_channels=128,
        sparse_shape=[41, 1440, 1440],
        model_cfg=dict(
            FEATURE_DIM=128,
            NUM_LAYERS=2,
            NUM_SBB=[2, 1, 1],
            DOWN_STRIDE=[1, 2, 2],
            DOWN_KERNEL_SIZE=[3, 3, 3])),
    pts_backbone=dict(
        type='CascadeDEDBackbone',
        in_channels=256,
        model_cfg=dict(
            USE_SECONDMAMBA=False,
            FEATURE_DIM=256,
            NUM_LAYERS=4,
            NUM_SBB=[2, 1, 1],
            DOWN_STRIDES=[1, 2, 2])),
    pts_neck=dict(
        type='FPN',
        norm_cfg=dict(type='BN2d', eps=0.001, momentum=0.01),
        act_cfg=dict(type='ReLU', inplace=False),
        in_channels=[256],
        out_channels=256,
        start_level=0,
        add_extra_convs=True,
        num_outs=4,
        relu_before_extra_convs=True),
    pts_bbox_head=dict(
        type='FUTR3DHead',
        use_dab=True,
        use_dss=True,
        use_hybrid=False,
        dss_date_version='0511',
        dss_drop_prob=0.3,
        dss_mamba_version='DSSMamba_Huge_EP2',
        dss_num_layers=2,
        dss_use_morton=False,
        dss_use_conv=True,
        dss_use_xy=True,
        dss_use_rope=True,
        dss_stack=True,
        dss_strong_cls=True,
        anchor_size=3,
        use_aux=True,
        aux_head=dict(
            type='CenterHead',
            in_channels=512,
            tasks=[
                dict(num_class=1, class_names=['car']),
                dict(
                    num_class=2, class_names=['truck',
                                              'construction_vehicle']),
                dict(num_class=2, class_names=['bus', 'trailer']),
                dict(num_class=1, class_names=['barrier']),
                dict(num_class=2, class_names=['motorcycle', 'bicycle']),
                dict(num_class=2, class_names=['pedestrian', 'traffic_cone'])
            ],
            common_heads=dict(
                reg=(2, 2), height=(1, 2), dim=(3, 2), rot=(2, 2), vel=(2, 2)),
            share_conv_channel=64,
            bbox_coder=dict(
                type='CenterPointBBoxCoder',
                pc_range=[-54, -54],
                post_center_range=[-61.2, -61.2, -10.0, 61.2, 61.2, 10.0],
                max_num=500,
                score_threshold=0.1,
                out_size_factor=8,
                voxel_size=[0.075, 0.075],
                code_size=9),
            separate_head=dict(
                type='SeparateHead', init_bias=-2.19, final_kernel=3),
            loss_cls=dict(type='GaussianFocalLoss', reduction='mean'),
            loss_bbox=dict(type='L1Loss', reduction='mean', loss_weight=0.25),
            norm_bbox=True),
        mix_selection=False,
        num_query=900,
        num_classes=10,
        in_channels=256,
        pc_range=[-54, -54, -5.0, 54, 54, 3.0],
        sync_cls_avg_factor=True,
        with_box_refine=True,
        as_two_stage=False,
        code_weights=[1.0, 1.0, 1.0, 1.0, 1.0, 1.0, 1.0, 1.0, 0.2, 0.2],
        transformer=dict(
            type='FUTR3DTransformer',
            use_dab=True,
            decoder=dict(
                type='FUTR3DTransformerDecoder',
                num_layers=6,
                use_dab=True,
                anchor_size=3,
                return_intermediate=True,
                transformerlayers=dict(
                    type='DetrTransformerDecoderLayer',
                    attn_cfgs=[
                        dict(
                            type='MultiheadAttention',
                            embed_dims=256,
                            num_heads=8,
                            dropout=0.1),
                        dict(type='FUTR3DAttention', embed_dims=256)
                    ],
                    feedforward_channels=1024,
                    ffn_dropout=0.1,
                    operation_order=('self_attn', 'norm', 'cross_attn', 'norm',
                                     'ffn', 'norm')))),
        positional_encoding=dict(
            type='SinePositionalEncoding',
            num_feats=128,
            normalize=True,
            offset=-0.5),
        loss_cls=dict(
            type='FocalLoss',
            use_sigmoid=True,
            gamma=2.0,
            alpha=0.25,
            loss_weight=2.0),
        loss_bbox=dict(type='L1Loss', loss_weight=0.25),
        loss_iou=dict(type='GIoULoss', loss_weight=0)),
    train_cfg=dict(
        pts=dict(
            point_cloud_range=[-54, -54, -5.0, 54, 54, 3.0],
            pc_range=[-54, -54, -5.0, 54, 54, 3.0],
            grid_size=[1440, 1440, 40],
            voxel_size=[0.075, 0.075, 0.2],
            out_size_factor=8,
            dense_reg=1,
            gaussian_overlap=0.1,
            max_objs=500,
            min_radius=2,
            code_weights=[1.0, 1.0, 1.0, 1.0, 1.0, 1.0, 1.0, 1.0, 0.2, 0.2],
            assigner=dict(
                type='HungarianAssigner3D',
                cls_cost=dict(type='FocalLossCost', weight=2.0),
                reg_cost=dict(type='BBox3DL1Cost', weight=0.25),
                iou_cost=dict(type='IoUCost', weight=0)))),
    test_cfg=dict(
        pts=dict(
            pc_range=[-54, -54],
            post_center_limit_range=[-61.2, -61.2, -10.0, 61.2, 61.2, 10.0],
            max_per_img=500,
            max_pool_nms=False,
            min_radius=[4, 12, 10, 1, 0.85, 0.175],
            out_size_factor=8,
            voxel_size=[0.075, 0.075],
            nms_type='circle',
            pre_max_size=1000,
            post_max_size=83,
            nms_thr=0.2,
            max_num=300,
            score_threshold=0,
            post_center_range=[-61.2, -61.2, -10.0, 61.2, 61.2, 10.0])))
db_sampler = dict(
    data_root='data/nuscenes/',
    info_path='data/nuscenes/nuscenes_dbinfos_train.pkl',
    rate=1.0,
    prepare=dict(
        filter_by_difficulty=[-1],
        filter_by_min_points=dict(
            car=5,
            truck=5,
            bus=5,
            trailer=5,
            construction_vehicle=5,
            traffic_cone=5,
            barrier=5,
            motorcycle=5,
            bicycle=5,
            pedestrian=5)),
    classes=[
        'car', 'truck', 'construction_vehicle', 'bus', 'trailer', 'barrier',
        'motorcycle', 'bicycle', 'pedestrian', 'traffic_cone'
    ],
    sample_groups=dict(
        car=2,
        truck=3,
        construction_vehicle=7,
        bus=4,
        trailer=6,
        barrier=2,
        motorcycle=6,
        bicycle=6,
        pedestrian=2,
        traffic_cone=2),
    points_loader=dict(
        type='LoadPointsFromFile',
        coord_type='LIDAR',
        load_dim=5,
        use_dim=[0, 1, 2, 3, 4],
        file_client_args=dict(backend='disk')))
find_unused_parameters = True
custom_hooks = [dict(type='FadeOjectSampleHook', num_last_epochs=5)]
cudnn_benchmark = True
gpu_ids = range(0, 2)

2025-06-21 19:23:26,209 - mmdet - INFO - 设置随机种子为 0, deterministic: False
2025-06-21 19:23:27,580 - mmdet - INFO - initialize FPN with init_cfg {'type': 'Xavier', 'layer': 'Conv2d', 'distribution': 'uniform'}
Name of parameter - Initialization information

pts_voxel_encoder.vfe_layers.0.0.weight - torch.Size([64, 11]): 
The value is the same before and after calling `init_weights` of FUTR3D  

pts_voxel_encoder.vfe_layers.0.1.weight - torch.Size([64]): 
The value is the same before and after calling `init_weights` of FUTR3D  

pts_voxel_encoder.vfe_layers.0.1.bias - torch.Size([64]): 
The value is the same before and after calling `init_weights` of FUTR3D  

pts_voxel_encoder.vfe_layers.1.0.weight - torch.Size([128, 128]): 
The value is the same before and after calling `init_weights` of FUTR3D  

pts_voxel_encoder.vfe_layers.1.1.weight - torch.Size([128]): 
The value is the same before and after calling `init_weights` of FUTR3D  

pts_voxel_encoder.vfe_layers.1.1.bias - torch.Size([128]): 
The value is the same before and after calling `init_weights` of FUTR3D  

pts_middle_encoder.conv1.0.0.weight - torch.Size([16, 3, 3, 3, 128]): 
Initialized by user-defined `init_weights` in HEDNet  

pts_middle_encoder.conv1.0.1.weight - torch.Size([16]): 
The value is the same before and after calling `init_weights` of FUTR3D  

pts_middle_encoder.conv1.0.1.bias - torch.Size([16]): 
The value is the same before and after calling `init_weights` of FUTR3D  

pts_middle_encoder.conv1.1.conv1.weight - torch.Size([16, 3, 3, 3, 16]): 
Initialized by user-defined `init_weights` in HEDNet  

pts_middle_encoder.conv1.1.conv1.bias - torch.Size([16]): 
The value is the same before and after calling `init_weights` of FUTR3D  

pts_middle_encoder.conv1.1.bn1.weight - torch.Size([16]): 
The value is the same before and after calling `init_weights` of FUTR3D  

pts_middle_encoder.conv1.1.bn1.bias - torch.Size([16]): 
The value is the same before and after calling `init_weights` of FUTR3D  

pts_middle_encoder.conv1.1.conv2.weight - torch.Size([16, 3, 3, 3, 16]): 
Initialized by user-defined `init_weights` in HEDNet  

pts_middle_encoder.conv1.1.conv2.bias - torch.Size([16]): 
The value is the same before and after calling `init_weights` of FUTR3D  

pts_middle_encoder.conv1.1.bn2.weight - torch.Size([16]): 
The value is the same before and after calling `init_weights` of FUTR3D  

pts_middle_encoder.conv1.1.bn2.bias - torch.Size([16]): 
The value is the same before and after calling `init_weights` of FUTR3D  

pts_middle_encoder.conv1.2.conv1.weight - torch.Size([16, 3, 3, 3, 16]): 
Initialized by user-defined `init_weights` in HEDNet  

pts_middle_encoder.conv1.2.conv1.bias - torch.Size([16]): 
The value is the same before and after calling `init_weights` of FUTR3D  

pts_middle_encoder.conv1.2.bn1.weight - torch.Size([16]): 
The value is the same before and after calling `init_weights` of FUTR3D  

pts_middle_encoder.conv1.2.bn1.bias - torch.Size([16]): 
The value is the same before and after calling `init_weights` of FUTR3D  

pts_middle_encoder.conv1.2.conv2.weight - torch.Size([16, 3, 3, 3, 16]): 
Initialized by user-defined `init_weights` in HEDNet  

pts_middle_encoder.conv1.2.conv2.bias - torch.Size([16]): 
The value is the same before and after calling `init_weights` of FUTR3D  

pts_middle_encoder.conv1.2.bn2.weight - torch.Size([16]): 
The value is the same before and after calling `init_weights` of FUTR3D  

pts_middle_encoder.conv1.2.bn2.bias - torch.Size([16]): 
The value is the same before and after calling `init_weights` of FUTR3D  

pts_middle_encoder.conv1.3.0.weight - torch.Size([32, 3, 3, 3, 16]): 
Initialized by user-defined `init_weights` in HEDNet  

pts_middle_encoder.conv1.3.1.weight - torch.Size([32]): 
The value is the same before and after calling `init_weights` of FUTR3D  

pts_middle_encoder.conv1.3.1.bias - torch.Size([32]): 
The value is the same before and after calling `init_weights` of FUTR3D  

pts_middle_encoder.conv2.0.encoder.0.blocks.1.conv1.weight - torch.Size([32, 3, 3, 3, 32]): 
Initialized by user-defined `init_weights` in HEDNet  

pts_middle_encoder.conv2.0.encoder.0.blocks.1.conv1.bias - torch.Size([32]): 
The value is the same before and after calling `init_weights` of FUTR3D  

pts_middle_encoder.conv2.0.encoder.0.blocks.1.bn1.weight - torch.Size([32]): 
The value is the same before and after calling `init_weights` of FUTR3D  

pts_middle_encoder.conv2.0.encoder.0.blocks.1.bn1.bias - torch.Size([32]): 
The value is the same before and after calling `init_weights` of FUTR3D  

pts_middle_encoder.conv2.0.encoder.0.blocks.1.conv2.weight - torch.Size([32, 3, 3, 3, 32]): 
Initialized by user-defined `init_weights` in HEDNet  

pts_middle_encoder.conv2.0.encoder.0.blocks.1.conv2.bias - torch.Size([32]): 
The value is the same before and after calling `init_weights` of FUTR3D  

pts_middle_encoder.conv2.0.encoder.0.blocks.1.bn2.weight - torch.Size([32]): 
The value is the same before and after calling `init_weights` of FUTR3D  

pts_middle_encoder.conv2.0.encoder.0.blocks.1.bn2.bias - torch.Size([32]): 
The value is the same before and after calling `init_weights` of FUTR3D  

pts_middle_encoder.conv2.0.encoder.0.blocks.2.conv1.weight - torch.Size([32, 3, 3, 3, 32]): 
Initialized by user-defined `init_weights` in HEDNet  

pts_middle_encoder.conv2.0.encoder.0.blocks.2.conv1.bias - torch.Size([32]): 
The value is the same before and after calling `init_weights` of FUTR3D  

pts_middle_encoder.conv2.0.encoder.0.blocks.2.bn1.weight - torch.Size([32]): 
The value is the same before and after calling `init_weights` of FUTR3D  

pts_middle_encoder.conv2.0.encoder.0.blocks.2.bn1.bias - torch.Size([32]): 
The value is the same before and after calling `init_weights` of FUTR3D  

pts_middle_encoder.conv2.0.encoder.0.blocks.2.conv2.weight - torch.Size([32, 3, 3, 3, 32]): 
Initialized by user-defined `init_weights` in HEDNet  

pts_middle_encoder.conv2.0.encoder.0.blocks.2.conv2.bias - torch.Size([32]): 
The value is the same before and after calling `init_weights` of FUTR3D  

pts_middle_encoder.conv2.0.encoder.0.blocks.2.bn2.weight - torch.Size([32]): 
The value is the same before and after calling `init_weights` of FUTR3D  

pts_middle_encoder.conv2.0.encoder.0.blocks.2.bn2.bias - torch.Size([32]): 
The value is the same before and after calling `init_weights` of FUTR3D  

pts_middle_encoder.conv2.0.encoder.1.blocks.0.0.weight - torch.Size([32, 3, 3, 3, 32]): 
Initialized by user-defined `init_weights` in HEDNet  

pts_middle_encoder.conv2.0.encoder.1.blocks.0.1.weight - torch.Size([32]): 
The value is the same before and after calling `init_weights` of FUTR3D  

pts_middle_encoder.conv2.0.encoder.1.blocks.0.1.bias - torch.Size([32]): 
The value is the same before and after calling `init_weights` of FUTR3D  

pts_middle_encoder.conv2.0.encoder.1.blocks.1.conv1.weight - torch.Size([32, 3, 3, 3, 32]): 
Initialized by user-defined `init_weights` in HEDNet  

pts_middle_encoder.conv2.0.encoder.1.blocks.1.conv1.bias - torch.Size([32]): 
The value is the same before and after calling `init_weights` of FUTR3D  

pts_middle_encoder.conv2.0.encoder.1.blocks.1.bn1.weight - torch.Size([32]): 
The value is the same before and after calling `init_weights` of FUTR3D  

pts_middle_encoder.conv2.0.encoder.1.blocks.1.bn1.bias - torch.Size([32]): 
The value is the same before and after calling `init_weights` of FUTR3D  

pts_middle_encoder.conv2.0.encoder.1.blocks.1.conv2.weight - torch.Size([32, 3, 3, 3, 32]): 
Initialized by user-defined `init_weights` in HEDNet  

pts_middle_encoder.conv2.0.encoder.1.blocks.1.conv2.bias - torch.Size([32]): 
The value is the same before and after calling `init_weights` of FUTR3D  

pts_middle_encoder.conv2.0.encoder.1.blocks.1.bn2.weight - torch.Size([32]): 
The value is the same before and after calling `init_weights` of FUTR3D  

pts_middle_encoder.conv2.0.encoder.1.blocks.1.bn2.bias - torch.Size([32]): 
The value is the same before and after calling `init_weights` of FUTR3D  

pts_middle_encoder.conv2.0.encoder.2.blocks.0.0.weight - torch.Size([32, 3, 3, 3, 32]): 
Initialized by user-defined `init_weights` in HEDNet  

pts_middle_encoder.conv2.0.encoder.2.blocks.0.1.weight - torch.Size([32]): 
The value is the same before and after calling `init_weights` of FUTR3D  

pts_middle_encoder.conv2.0.encoder.2.blocks.0.1.bias - torch.Size([32]): 
The value is the same before and after calling `init_weights` of FUTR3D  

pts_middle_encoder.conv2.0.encoder.2.blocks.1.conv1.weight - torch.Size([32, 3, 3, 3, 32]): 
Initialized by user-defined `init_weights` in HEDNet  

pts_middle_encoder.conv2.0.encoder.2.blocks.1.conv1.bias - torch.Size([32]): 
The value is the same before and after calling `init_weights` of FUTR3D  

pts_middle_encoder.conv2.0.encoder.2.blocks.1.bn1.weight - torch.Size([32]): 
The value is the same before and after calling `init_weights` of FUTR3D  

pts_middle_encoder.conv2.0.encoder.2.blocks.1.bn1.bias - torch.Size([32]): 
The value is the same before and after calling `init_weights` of FUTR3D  

pts_middle_encoder.conv2.0.encoder.2.blocks.1.conv2.weight - torch.Size([32, 3, 3, 3, 32]): 
Initialized by user-defined `init_weights` in HEDNet  

pts_middle_encoder.conv2.0.encoder.2.blocks.1.conv2.bias - torch.Size([32]): 
The value is the same before and after calling `init_weights` of FUTR3D  

pts_middle_encoder.conv2.0.encoder.2.blocks.1.bn2.weight - torch.Size([32]): 
The value is the same before and after calling `init_weights` of FUTR3D  

pts_middle_encoder.conv2.0.encoder.2.blocks.1.bn2.bias - torch.Size([32]): 
The value is the same before and after calling `init_weights` of FUTR3D  

pts_middle_encoder.conv2.0.decoder.0.0.weight - torch.Size([32, 3, 3, 3, 32]): 
The value is the same before and after calling `init_weights` of FUTR3D  

pts_middle_encoder.conv2.0.decoder.0.1.weight - torch.Size([32]): 
The value is the same before and after calling `init_weights` of FUTR3D  

pts_middle_encoder.conv2.0.decoder.0.1.bias - torch.Size([32]): 
The value is the same before and after calling `init_weights` of FUTR3D  

pts_middle_encoder.conv2.0.decoder.1.0.weight - torch.Size([32, 3, 3, 3, 32]): 
The value is the same before and after calling `init_weights` of FUTR3D  

pts_middle_encoder.conv2.0.decoder.1.1.weight - torch.Size([32]): 
The value is the same before and after calling `init_weights` of FUTR3D  

pts_middle_encoder.conv2.0.decoder.1.1.bias - torch.Size([32]): 
The value is the same before and after calling `init_weights` of FUTR3D  

pts_middle_encoder.conv2.0.decoder_norm.0.weight - torch.Size([32]): 
The value is the same before and after calling `init_weights` of FUTR3D  

pts_middle_encoder.conv2.0.decoder_norm.0.bias - torch.Size([32]): 
The value is the same before and after calling `init_weights` of FUTR3D  

pts_middle_encoder.conv2.0.decoder_norm.1.weight - torch.Size([32]): 
The value is the same before and after calling `init_weights` of FUTR3D  

pts_middle_encoder.conv2.0.decoder_norm.1.bias - torch.Size([32]): 
The value is the same before and after calling `init_weights` of FUTR3D  

pts_middle_encoder.conv2.1.0.weight - torch.Size([64, 3, 3, 3, 32]): 
Initialized by user-defined `init_weights` in HEDNet  

pts_middle_encoder.conv2.1.1.weight - torch.Size([64]): 
The value is the same before and after calling `init_weights` of FUTR3D  

pts_middle_encoder.conv2.1.1.bias - torch.Size([64]): 
The value is the same before and after calling `init_weights` of FUTR3D  

pts_middle_encoder.conv3.0.encoder.0.blocks.1.conv1.weight - torch.Size([64, 3, 3, 3, 64]): 
Initialized by user-defined `init_weights` in HEDNet  

pts_middle_encoder.conv3.0.encoder.0.blocks.1.conv1.bias - torch.Size([64]): 
The value is the same before and after calling `init_weights` of FUTR3D  

pts_middle_encoder.conv3.0.encoder.0.blocks.1.bn1.weight - torch.Size([64]): 
The value is the same before and after calling `init_weights` of FUTR3D  

pts_middle_encoder.conv3.0.encoder.0.blocks.1.bn1.bias - torch.Size([64]): 
The value is the same before and after calling `init_weights` of FUTR3D  

pts_middle_encoder.conv3.0.encoder.0.blocks.1.conv2.weight - torch.Size([64, 3, 3, 3, 64]): 
Initialized by user-defined `init_weights` in HEDNet  

pts_middle_encoder.conv3.0.encoder.0.blocks.1.conv2.bias - torch.Size([64]): 
The value is the same before and after calling `init_weights` of FUTR3D  

pts_middle_encoder.conv3.0.encoder.0.blocks.1.bn2.weight - torch.Size([64]): 
The value is the same before and after calling `init_weights` of FUTR3D  

pts_middle_encoder.conv3.0.encoder.0.blocks.1.bn2.bias - torch.Size([64]): 
The value is the same before and after calling `init_weights` of FUTR3D  

pts_middle_encoder.conv3.0.encoder.0.blocks.2.conv1.weight - torch.Size([64, 3, 3, 3, 64]): 
Initialized by user-defined `init_weights` in HEDNet  

pts_middle_encoder.conv3.0.encoder.0.blocks.2.conv1.bias - torch.Size([64]): 
The value is the same before and after calling `init_weights` of FUTR3D  

pts_middle_encoder.conv3.0.encoder.0.blocks.2.bn1.weight - torch.Size([64]): 
The value is the same before and after calling `init_weights` of FUTR3D  

pts_middle_encoder.conv3.0.encoder.0.blocks.2.bn1.bias - torch.Size([64]): 
The value is the same before and after calling `init_weights` of FUTR3D  

pts_middle_encoder.conv3.0.encoder.0.blocks.2.conv2.weight - torch.Size([64, 3, 3, 3, 64]): 
Initialized by user-defined `init_weights` in HEDNet  

pts_middle_encoder.conv3.0.encoder.0.blocks.2.conv2.bias - torch.Size([64]): 
The value is the same before and after calling `init_weights` of FUTR3D  

pts_middle_encoder.conv3.0.encoder.0.blocks.2.bn2.weight - torch.Size([64]): 
The value is the same before and after calling `init_weights` of FUTR3D  

pts_middle_encoder.conv3.0.encoder.0.blocks.2.bn2.bias - torch.Size([64]): 
The value is the same before and after calling `init_weights` of FUTR3D  

pts_middle_encoder.conv3.0.encoder.1.blocks.0.0.weight - torch.Size([64, 3, 3, 3, 64]): 
Initialized by user-defined `init_weights` in HEDNet  

pts_middle_encoder.conv3.0.encoder.1.blocks.0.1.weight - torch.Size([64]): 
The value is the same before and after calling `init_weights` of FUTR3D  

pts_middle_encoder.conv3.0.encoder.1.blocks.0.1.bias - torch.Size([64]): 
The value is the same before and after calling `init_weights` of FUTR3D  

pts_middle_encoder.conv3.0.encoder.1.blocks.1.conv1.weight - torch.Size([64, 3, 3, 3, 64]): 
Initialized by user-defined `init_weights` in HEDNet  

pts_middle_encoder.conv3.0.encoder.1.blocks.1.conv1.bias - torch.Size([64]): 
The value is the same before and after calling `init_weights` of FUTR3D  

pts_middle_encoder.conv3.0.encoder.1.blocks.1.bn1.weight - torch.Size([64]): 
The value is the same before and after calling `init_weights` of FUTR3D  

pts_middle_encoder.conv3.0.encoder.1.blocks.1.bn1.bias - torch.Size([64]): 
The value is the same before and after calling `init_weights` of FUTR3D  

pts_middle_encoder.conv3.0.encoder.1.blocks.1.conv2.weight - torch.Size([64, 3, 3, 3, 64]): 
Initialized by user-defined `init_weights` in HEDNet  

pts_middle_encoder.conv3.0.encoder.1.blocks.1.conv2.bias - torch.Size([64]): 
The value is the same before and after calling `init_weights` of FUTR3D  

pts_middle_encoder.conv3.0.encoder.1.blocks.1.bn2.weight - torch.Size([64]): 
The value is the same before and after calling `init_weights` of FUTR3D  

pts_middle_encoder.conv3.0.encoder.1.blocks.1.bn2.bias - torch.Size([64]): 
The value is the same before and after calling `init_weights` of FUTR3D  

pts_middle_encoder.conv3.0.encoder.2.blocks.0.0.weight - torch.Size([64, 3, 3, 3, 64]): 
Initialized by user-defined `init_weights` in HEDNet  

pts_middle_encoder.conv3.0.encoder.2.blocks.0.1.weight - torch.Size([64]): 
The value is the same before and after calling `init_weights` of FUTR3D  

pts_middle_encoder.conv3.0.encoder.2.blocks.0.1.bias - torch.Size([64]): 
The value is the same before and after calling `init_weights` of FUTR3D  

pts_middle_encoder.conv3.0.encoder.2.blocks.1.conv1.weight - torch.Size([64, 3, 3, 3, 64]): 
Initialized by user-defined `init_weights` in HEDNet  

pts_middle_encoder.conv3.0.encoder.2.blocks.1.conv1.bias - torch.Size([64]): 
The value is the same before and after calling `init_weights` of FUTR3D  

pts_middle_encoder.conv3.0.encoder.2.blocks.1.bn1.weight - torch.Size([64]): 
The value is the same before and after calling `init_weights` of FUTR3D  

pts_middle_encoder.conv3.0.encoder.2.blocks.1.bn1.bias - torch.Size([64]): 
The value is the same before and after calling `init_weights` of FUTR3D  

pts_middle_encoder.conv3.0.encoder.2.blocks.1.conv2.weight - torch.Size([64, 3, 3, 3, 64]): 
Initialized by user-defined `init_weights` in HEDNet  

pts_middle_encoder.conv3.0.encoder.2.blocks.1.conv2.bias - torch.Size([64]): 
The value is the same before and after calling `init_weights` of FUTR3D  

pts_middle_encoder.conv3.0.encoder.2.blocks.1.bn2.weight - torch.Size([64]): 
The value is the same before and after calling `init_weights` of FUTR3D  

pts_middle_encoder.conv3.0.encoder.2.blocks.1.bn2.bias - torch.Size([64]): 
The value is the same before and after calling `init_weights` of FUTR3D  

pts_middle_encoder.conv3.0.decoder.0.0.weight - torch.Size([64, 3, 3, 3, 64]): 
The value is the same before and after calling `init_weights` of FUTR3D  

pts_middle_encoder.conv3.0.decoder.0.1.weight - torch.Size([64]): 
The value is the same before and after calling `init_weights` of FUTR3D  

pts_middle_encoder.conv3.0.decoder.0.1.bias - torch.Size([64]): 
The value is the same before and after calling `init_weights` of FUTR3D  

pts_middle_encoder.conv3.0.decoder.1.0.weight - torch.Size([64, 3, 3, 3, 64]): 
The value is the same before and after calling `init_weights` of FUTR3D  

pts_middle_encoder.conv3.0.decoder.1.1.weight - torch.Size([64]): 
The value is the same before and after calling `init_weights` of FUTR3D  

pts_middle_encoder.conv3.0.decoder.1.1.bias - torch.Size([64]): 
The value is the same before and after calling `init_weights` of FUTR3D  

pts_middle_encoder.conv3.0.decoder_norm.0.weight - torch.Size([64]): 
The value is the same before and after calling `init_weights` of FUTR3D  

pts_middle_encoder.conv3.0.decoder_norm.0.bias - torch.Size([64]): 
The value is the same before and after calling `init_weights` of FUTR3D  

pts_middle_encoder.conv3.0.decoder_norm.1.weight - torch.Size([64]): 
The value is the same before and after calling `init_weights` of FUTR3D  

pts_middle_encoder.conv3.0.decoder_norm.1.bias - torch.Size([64]): 
The value is the same before and after calling `init_weights` of FUTR3D  

pts_middle_encoder.conv3.1.0.weight - torch.Size([128, 3, 3, 3, 64]): 
Initialized by user-defined `init_weights` in HEDNet  

pts_middle_encoder.conv3.1.1.weight - torch.Size([128]): 
The value is the same before and after calling `init_weights` of FUTR3D  

pts_middle_encoder.conv3.1.1.bias - torch.Size([128]): 
The value is the same before and after calling `init_weights` of FUTR3D  

pts_middle_encoder.layers.0.encoder.0.blocks.1.conv1.weight - torch.Size([128, 3, 3, 3, 128]): 
Initialized by user-defined `init_weights` in HEDNet  

pts_middle_encoder.layers.0.encoder.0.blocks.1.conv1.bias - torch.Size([128]): 
The value is the same before and after calling `init_weights` of FUTR3D  

pts_middle_encoder.layers.0.encoder.0.blocks.1.bn1.weight - torch.Size([128]): 
The value is the same before and after calling `init_weights` of FUTR3D  

pts_middle_encoder.layers.0.encoder.0.blocks.1.bn1.bias - torch.Size([128]): 
The value is the same before and after calling `init_weights` of FUTR3D  

pts_middle_encoder.layers.0.encoder.0.blocks.1.conv2.weight - torch.Size([128, 3, 3, 3, 128]): 
Initialized by user-defined `init_weights` in HEDNet  

pts_middle_encoder.layers.0.encoder.0.blocks.1.conv2.bias - torch.Size([128]): 
The value is the same before and after calling `init_weights` of FUTR3D  

pts_middle_encoder.layers.0.encoder.0.blocks.1.bn2.weight - torch.Size([128]): 
The value is the same before and after calling `init_weights` of FUTR3D  

pts_middle_encoder.layers.0.encoder.0.blocks.1.bn2.bias - torch.Size([128]): 
The value is the same before and after calling `init_weights` of FUTR3D  

pts_middle_encoder.layers.0.encoder.0.blocks.2.conv1.weight - torch.Size([128, 3, 3, 3, 128]): 
Initialized by user-defined `init_weights` in HEDNet  

pts_middle_encoder.layers.0.encoder.0.blocks.2.conv1.bias - torch.Size([128]): 
The value is the same before and after calling `init_weights` of FUTR3D  

pts_middle_encoder.layers.0.encoder.0.blocks.2.bn1.weight - torch.Size([128]): 
The value is the same before and after calling `init_weights` of FUTR3D  

pts_middle_encoder.layers.0.encoder.0.blocks.2.bn1.bias - torch.Size([128]): 
The value is the same before and after calling `init_weights` of FUTR3D  

pts_middle_encoder.layers.0.encoder.0.blocks.2.conv2.weight - torch.Size([128, 3, 3, 3, 128]): 
Initialized by user-defined `init_weights` in HEDNet  

pts_middle_encoder.layers.0.encoder.0.blocks.2.conv2.bias - torch.Size([128]): 
The value is the same before and after calling `init_weights` of FUTR3D  

pts_middle_encoder.layers.0.encoder.0.blocks.2.bn2.weight - torch.Size([128]): 
The value is the same before and after calling `init_weights` of FUTR3D  

pts_middle_encoder.layers.0.encoder.0.blocks.2.bn2.bias - torch.Size([128]): 
The value is the same before and after calling `init_weights` of FUTR3D  

pts_middle_encoder.layers.0.encoder.1.blocks.0.0.weight - torch.Size([128, 3, 3, 3, 128]): 
Initialized by user-defined `init_weights` in HEDNet  

pts_middle_encoder.layers.0.encoder.1.blocks.0.1.weight - torch.Size([128]): 
The value is the same before and after calling `init_weights` of FUTR3D  

pts_middle_encoder.layers.0.encoder.1.blocks.0.1.bias - torch.Size([128]): 
The value is the same before and after calling `init_weights` of FUTR3D  

pts_middle_encoder.layers.0.encoder.1.blocks.1.conv1.weight - torch.Size([128, 3, 3, 3, 128]): 
Initialized by user-defined `init_weights` in HEDNet  

pts_middle_encoder.layers.0.encoder.1.blocks.1.conv1.bias - torch.Size([128]): 
The value is the same before and after calling `init_weights` of FUTR3D  

pts_middle_encoder.layers.0.encoder.1.blocks.1.bn1.weight - torch.Size([128]): 
The value is the same before and after calling `init_weights` of FUTR3D  

pts_middle_encoder.layers.0.encoder.1.blocks.1.bn1.bias - torch.Size([128]): 
The value is the same before and after calling `init_weights` of FUTR3D  

pts_middle_encoder.layers.0.encoder.1.blocks.1.conv2.weight - torch.Size([128, 3, 3, 3, 128]): 
Initialized by user-defined `init_weights` in HEDNet  

pts_middle_encoder.layers.0.encoder.1.blocks.1.conv2.bias - torch.Size([128]): 
The value is the same before and after calling `init_weights` of FUTR3D  

pts_middle_encoder.layers.0.encoder.1.blocks.1.bn2.weight - torch.Size([128]): 
The value is the same before and after calling `init_weights` of FUTR3D  

pts_middle_encoder.layers.0.encoder.1.blocks.1.bn2.bias - torch.Size([128]): 
The value is the same before and after calling `init_weights` of FUTR3D  

pts_middle_encoder.layers.0.encoder.2.blocks.0.0.weight - torch.Size([128, 3, 3, 3, 128]): 
Initialized by user-defined `init_weights` in HEDNet  

pts_middle_encoder.layers.0.encoder.2.blocks.0.1.weight - torch.Size([128]): 
The value is the same before and after calling `init_weights` of FUTR3D  

pts_middle_encoder.layers.0.encoder.2.blocks.0.1.bias - torch.Size([128]): 
The value is the same before and after calling `init_weights` of FUTR3D  

pts_middle_encoder.layers.0.encoder.2.blocks.1.conv1.weight - torch.Size([128, 3, 3, 3, 128]): 
Initialized by user-defined `init_weights` in HEDNet  

pts_middle_encoder.layers.0.encoder.2.blocks.1.conv1.bias - torch.Size([128]): 
The value is the same before and after calling `init_weights` of FUTR3D  

pts_middle_encoder.layers.0.encoder.2.blocks.1.bn1.weight - torch.Size([128]): 
The value is the same before and after calling `init_weights` of FUTR3D  

pts_middle_encoder.layers.0.encoder.2.blocks.1.bn1.bias - torch.Size([128]): 
The value is the same before and after calling `init_weights` of FUTR3D  

pts_middle_encoder.layers.0.encoder.2.blocks.1.conv2.weight - torch.Size([128, 3, 3, 3, 128]): 
Initialized by user-defined `init_weights` in HEDNet  

pts_middle_encoder.layers.0.encoder.2.blocks.1.conv2.bias - torch.Size([128]): 
The value is the same before and after calling `init_weights` of FUTR3D  

pts_middle_encoder.layers.0.encoder.2.blocks.1.bn2.weight - torch.Size([128]): 
The value is the same before and after calling `init_weights` of FUTR3D  

pts_middle_encoder.layers.0.encoder.2.blocks.1.bn2.bias - torch.Size([128]): 
The value is the same before and after calling `init_weights` of FUTR3D  

pts_middle_encoder.layers.0.decoder.0.0.weight - torch.Size([128, 3, 3, 3, 128]): 
The value is the same before and after calling `init_weights` of FUTR3D  

pts_middle_encoder.layers.0.decoder.0.1.weight - torch.Size([128]): 
The value is the same before and after calling `init_weights` of FUTR3D  

pts_middle_encoder.layers.0.decoder.0.1.bias - torch.Size([128]): 
The value is the same before and after calling `init_weights` of FUTR3D  

pts_middle_encoder.layers.0.decoder.1.0.weight - torch.Size([128, 3, 3, 3, 128]): 
The value is the same before and after calling `init_weights` of FUTR3D  

pts_middle_encoder.layers.0.decoder.1.1.weight - torch.Size([128]): 
The value is the same before and after calling `init_weights` of FUTR3D  

pts_middle_encoder.layers.0.decoder.1.1.bias - torch.Size([128]): 
The value is the same before and after calling `init_weights` of FUTR3D  

pts_middle_encoder.layers.0.decoder_norm.0.weight - torch.Size([128]): 
The value is the same before and after calling `init_weights` of FUTR3D  

pts_middle_encoder.layers.0.decoder_norm.0.bias - torch.Size([128]): 
The value is the same before and after calling `init_weights` of FUTR3D  

pts_middle_encoder.layers.0.decoder_norm.1.weight - torch.Size([128]): 
The value is the same before and after calling `init_weights` of FUTR3D  

pts_middle_encoder.layers.0.decoder_norm.1.bias - torch.Size([128]): 
The value is the same before and after calling `init_weights` of FUTR3D  

pts_middle_encoder.layers.1.encoder.0.blocks.1.conv1.weight - torch.Size([128, 3, 3, 3, 128]): 
Initialized by user-defined `init_weights` in HEDNet  

pts_middle_encoder.layers.1.encoder.0.blocks.1.conv1.bias - torch.Size([128]): 
The value is the same before and after calling `init_weights` of FUTR3D  

pts_middle_encoder.layers.1.encoder.0.blocks.1.bn1.weight - torch.Size([128]): 
The value is the same before and after calling `init_weights` of FUTR3D  

pts_middle_encoder.layers.1.encoder.0.blocks.1.bn1.bias - torch.Size([128]): 
The value is the same before and after calling `init_weights` of FUTR3D  

pts_middle_encoder.layers.1.encoder.0.blocks.1.conv2.weight - torch.Size([128, 3, 3, 3, 128]): 
Initialized by user-defined `init_weights` in HEDNet  

pts_middle_encoder.layers.1.encoder.0.blocks.1.conv2.bias - torch.Size([128]): 
The value is the same before and after calling `init_weights` of FUTR3D  

pts_middle_encoder.layers.1.encoder.0.blocks.1.bn2.weight - torch.Size([128]): 
The value is the same before and after calling `init_weights` of FUTR3D  

pts_middle_encoder.layers.1.encoder.0.blocks.1.bn2.bias - torch.Size([128]): 
The value is the same before and after calling `init_weights` of FUTR3D  

pts_middle_encoder.layers.1.encoder.0.blocks.2.conv1.weight - torch.Size([128, 3, 3, 3, 128]): 
Initialized by user-defined `init_weights` in HEDNet  

pts_middle_encoder.layers.1.encoder.0.blocks.2.conv1.bias - torch.Size([128]): 
The value is the same before and after calling `init_weights` of FUTR3D  

pts_middle_encoder.layers.1.encoder.0.blocks.2.bn1.weight - torch.Size([128]): 
The value is the same before and after calling `init_weights` of FUTR3D  

pts_middle_encoder.layers.1.encoder.0.blocks.2.bn1.bias - torch.Size([128]): 
The value is the same before and after calling `init_weights` of FUTR3D  

pts_middle_encoder.layers.1.encoder.0.blocks.2.conv2.weight - torch.Size([128, 3, 3, 3, 128]): 
Initialized by user-defined `init_weights` in HEDNet  

pts_middle_encoder.layers.1.encoder.0.blocks.2.conv2.bias - torch.Size([128]): 
The value is the same before and after calling `init_weights` of FUTR3D  

pts_middle_encoder.layers.1.encoder.0.blocks.2.bn2.weight - torch.Size([128]): 
The value is the same before and after calling `init_weights` of FUTR3D  

pts_middle_encoder.layers.1.encoder.0.blocks.2.bn2.bias - torch.Size([128]): 
The value is the same before and after calling `init_weights` of FUTR3D  

pts_middle_encoder.layers.1.encoder.1.blocks.0.0.weight - torch.Size([128, 3, 3, 3, 128]): 
Initialized by user-defined `init_weights` in HEDNet  

pts_middle_encoder.layers.1.encoder.1.blocks.0.1.weight - torch.Size([128]): 
The value is the same before and after calling `init_weights` of FUTR3D  

pts_middle_encoder.layers.1.encoder.1.blocks.0.1.bias - torch.Size([128]): 
The value is the same before and after calling `init_weights` of FUTR3D  

pts_middle_encoder.layers.1.encoder.1.blocks.1.conv1.weight - torch.Size([128, 3, 3, 3, 128]): 
Initialized by user-defined `init_weights` in HEDNet  

pts_middle_encoder.layers.1.encoder.1.blocks.1.conv1.bias - torch.Size([128]): 
The value is the same before and after calling `init_weights` of FUTR3D  

pts_middle_encoder.layers.1.encoder.1.blocks.1.bn1.weight - torch.Size([128]): 
The value is the same before and after calling `init_weights` of FUTR3D  

pts_middle_encoder.layers.1.encoder.1.blocks.1.bn1.bias - torch.Size([128]): 
The value is the same before and after calling `init_weights` of FUTR3D  

pts_middle_encoder.layers.1.encoder.1.blocks.1.conv2.weight - torch.Size([128, 3, 3, 3, 128]): 
Initialized by user-defined `init_weights` in HEDNet  

pts_middle_encoder.layers.1.encoder.1.blocks.1.conv2.bias - torch.Size([128]): 
The value is the same before and after calling `init_weights` of FUTR3D  

pts_middle_encoder.layers.1.encoder.1.blocks.1.bn2.weight - torch.Size([128]): 
The value is the same before and after calling `init_weights` of FUTR3D  

pts_middle_encoder.layers.1.encoder.1.blocks.1.bn2.bias - torch.Size([128]): 
The value is the same before and after calling `init_weights` of FUTR3D  

pts_middle_encoder.layers.1.encoder.2.blocks.0.0.weight - torch.Size([128, 3, 3, 3, 128]): 
Initialized by user-defined `init_weights` in HEDNet  

pts_middle_encoder.layers.1.encoder.2.blocks.0.1.weight - torch.Size([128]): 
The value is the same before and after calling `init_weights` of FUTR3D  

pts_middle_encoder.layers.1.encoder.2.blocks.0.1.bias - torch.Size([128]): 
The value is the same before and after calling `init_weights` of FUTR3D  

pts_middle_encoder.layers.1.encoder.2.blocks.1.conv1.weight - torch.Size([128, 3, 3, 3, 128]): 
Initialized by user-defined `init_weights` in HEDNet  

pts_middle_encoder.layers.1.encoder.2.blocks.1.conv1.bias - torch.Size([128]): 
The value is the same before and after calling `init_weights` of FUTR3D  

pts_middle_encoder.layers.1.encoder.2.blocks.1.bn1.weight - torch.Size([128]): 
The value is the same before and after calling `init_weights` of FUTR3D  

pts_middle_encoder.layers.1.encoder.2.blocks.1.bn1.bias - torch.Size([128]): 
The value is the same before and after calling `init_weights` of FUTR3D  

pts_middle_encoder.layers.1.encoder.2.blocks.1.conv2.weight - torch.Size([128, 3, 3, 3, 128]): 
Initialized by user-defined `init_weights` in HEDNet  

pts_middle_encoder.layers.1.encoder.2.blocks.1.conv2.bias - torch.Size([128]): 
The value is the same before and after calling `init_weights` of FUTR3D  

pts_middle_encoder.layers.1.encoder.2.blocks.1.bn2.weight - torch.Size([128]): 
The value is the same before and after calling `init_weights` of FUTR3D  

pts_middle_encoder.layers.1.encoder.2.blocks.1.bn2.bias - torch.Size([128]): 
The value is the same before and after calling `init_weights` of FUTR3D  

pts_middle_encoder.layers.1.decoder.0.0.weight - torch.Size([128, 3, 3, 3, 128]): 
The value is the same before and after calling `init_weights` of FUTR3D  

pts_middle_encoder.layers.1.decoder.0.1.weight - torch.Size([128]): 
The value is the same before and after calling `init_weights` of FUTR3D  

pts_middle_encoder.layers.1.decoder.0.1.bias - torch.Size([128]): 
The value is the same before and after calling `init_weights` of FUTR3D  

pts_middle_encoder.layers.1.decoder.1.0.weight - torch.Size([128, 3, 3, 3, 128]): 
The value is the same before and after calling `init_weights` of FUTR3D  

pts_middle_encoder.layers.1.decoder.1.1.weight - torch.Size([128]): 
The value is the same before and after calling `init_weights` of FUTR3D  

pts_middle_encoder.layers.1.decoder.1.1.bias - torch.Size([128]): 
The value is the same before and after calling `init_weights` of FUTR3D  

pts_middle_encoder.layers.1.decoder_norm.0.weight - torch.Size([128]): 
The value is the same before and after calling `init_weights` of FUTR3D  

pts_middle_encoder.layers.1.decoder_norm.0.bias - torch.Size([128]): 
The value is the same before and after calling `init_weights` of FUTR3D  

pts_middle_encoder.layers.1.decoder_norm.1.weight - torch.Size([128]): 
The value is the same before and after calling `init_weights` of FUTR3D  

pts_middle_encoder.layers.1.decoder_norm.1.bias - torch.Size([128]): 
The value is the same before and after calling `init_weights` of FUTR3D  

pts_middle_encoder.conv_out.0.weight - torch.Size([128, 3, 1, 1, 128]): 
Initialized by user-defined `init_weights` in HEDNet  

pts_middle_encoder.conv_out.1.weight - torch.Size([128]): 
The value is the same before and after calling `init_weights` of FUTR3D  

pts_middle_encoder.conv_out.1.bias - torch.Size([128]): 
The value is the same before and after calling `init_weights` of FUTR3D  

pts_middle_encoder.conv_out.3.weight - torch.Size([128, 3, 1, 1, 128]): 
Initialized by user-defined `init_weights` in HEDNet  

pts_middle_encoder.conv_out.4.weight - torch.Size([128]): 
The value is the same before and after calling `init_weights` of FUTR3D  

pts_middle_encoder.conv_out.4.bias - torch.Size([128]): 
The value is the same before and after calling `init_weights` of FUTR3D  

pts_backbone.layers.0.encoder.0.0.conv1.weight - torch.Size([256, 256, 3, 3]): 
The value is the same before and after calling `init_weights` of FUTR3D  

pts_backbone.layers.0.encoder.0.0.bn1.weight - torch.Size([256]): 
The value is the same before and after calling `init_weights` of FUTR3D  

pts_backbone.layers.0.encoder.0.0.bn1.bias - torch.Size([256]): 
The value is the same before and after calling `init_weights` of FUTR3D  

pts_backbone.layers.0.encoder.0.0.conv2.weight - torch.Size([256, 256, 3, 3]): 
The value is the same before and after calling `init_weights` of FUTR3D  

pts_backbone.layers.0.encoder.0.0.bn2.weight - torch.Size([256]): 
The value is the same before and after calling `init_weights` of FUTR3D  

pts_backbone.layers.0.encoder.0.0.bn2.bias - torch.Size([256]): 
The value is the same before and after calling `init_weights` of FUTR3D  

pts_backbone.layers.0.encoder.0.1.conv1.weight - torch.Size([256, 256, 3, 3]): 
The value is the same before and after calling `init_weights` of FUTR3D  

pts_backbone.layers.0.encoder.0.1.bn1.weight - torch.Size([256]): 
The value is the same before and after calling `init_weights` of FUTR3D  

pts_backbone.layers.0.encoder.0.1.bn1.bias - torch.Size([256]): 
The value is the same before and after calling `init_weights` of FUTR3D  

pts_backbone.layers.0.encoder.0.1.conv2.weight - torch.Size([256, 256, 3, 3]): 
The value is the same before and after calling `init_weights` of FUTR3D  

pts_backbone.layers.0.encoder.0.1.bn2.weight - torch.Size([256]): 
The value is the same before and after calling `init_weights` of FUTR3D  

pts_backbone.layers.0.encoder.0.1.bn2.bias - torch.Size([256]): 
The value is the same before and after calling `init_weights` of FUTR3D  

pts_backbone.layers.0.encoder.1.0.conv1.weight - torch.Size([256, 256, 3, 3]): 
The value is the same before and after calling `init_weights` of FUTR3D  

pts_backbone.layers.0.encoder.1.0.bn1.weight - torch.Size([256]): 
The value is the same before and after calling `init_weights` of FUTR3D  

pts_backbone.layers.0.encoder.1.0.bn1.bias - torch.Size([256]): 
The value is the same before and after calling `init_weights` of FUTR3D  

pts_backbone.layers.0.encoder.1.0.conv2.weight - torch.Size([256, 256, 3, 3]): 
The value is the same before and after calling `init_weights` of FUTR3D  

pts_backbone.layers.0.encoder.1.0.bn2.weight - torch.Size([256]): 
The value is the same before and after calling `init_weights` of FUTR3D  

pts_backbone.layers.0.encoder.1.0.bn2.bias - torch.Size([256]): 
The value is the same before and after calling `init_weights` of FUTR3D  

pts_backbone.layers.0.encoder.1.0.downsample_layer.0.weight - torch.Size([256, 256, 1, 1]): 
The value is the same before and after calling `init_weights` of FUTR3D  

pts_backbone.layers.0.encoder.1.0.downsample_layer.1.weight - torch.Size([256]): 
The value is the same before and after calling `init_weights` of FUTR3D  

pts_backbone.layers.0.encoder.1.0.downsample_layer.1.bias - torch.Size([256]): 
The value is the same before and after calling `init_weights` of FUTR3D  

pts_backbone.layers.0.encoder.1.1.conv1.weight - torch.Size([256, 256, 3, 3]): 
The value is the same before and after calling `init_weights` of FUTR3D  

pts_backbone.layers.0.encoder.1.1.bn1.weight - torch.Size([256]): 
The value is the same before and after calling `init_weights` of FUTR3D  

pts_backbone.layers.0.encoder.1.1.bn1.bias - torch.Size([256]): 
The value is the same before and after calling `init_weights` of FUTR3D  

pts_backbone.layers.0.encoder.1.1.conv2.weight - torch.Size([256, 256, 3, 3]): 
The value is the same before and after calling `init_weights` of FUTR3D  

pts_backbone.layers.0.encoder.1.1.bn2.weight - torch.Size([256]): 
The value is the same before and after calling `init_weights` of FUTR3D  

pts_backbone.layers.0.encoder.1.1.bn2.bias - torch.Size([256]): 
The value is the same before and after calling `init_weights` of FUTR3D  

pts_backbone.layers.0.encoder.2.0.conv1.weight - torch.Size([256, 256, 3, 3]): 
The value is the same before and after calling `init_weights` of FUTR3D  

pts_backbone.layers.0.encoder.2.0.bn1.weight - torch.Size([256]): 
The value is the same before and after calling `init_weights` of FUTR3D  

pts_backbone.layers.0.encoder.2.0.bn1.bias - torch.Size([256]): 
The value is the same before and after calling `init_weights` of FUTR3D  

pts_backbone.layers.0.encoder.2.0.conv2.weight - torch.Size([256, 256, 3, 3]): 
The value is the same before and after calling `init_weights` of FUTR3D  

pts_backbone.layers.0.encoder.2.0.bn2.weight - torch.Size([256]): 
The value is the same before and after calling `init_weights` of FUTR3D  

pts_backbone.layers.0.encoder.2.0.bn2.bias - torch.Size([256]): 
The value is the same before and after calling `init_weights` of FUTR3D  

pts_backbone.layers.0.encoder.2.0.downsample_layer.0.weight - torch.Size([256, 256, 1, 1]): 
The value is the same before and after calling `init_weights` of FUTR3D  

pts_backbone.layers.0.encoder.2.0.downsample_layer.1.weight - torch.Size([256]): 
The value is the same before and after calling `init_weights` of FUTR3D  

pts_backbone.layers.0.encoder.2.0.downsample_layer.1.bias - torch.Size([256]): 
The value is the same before and after calling `init_weights` of FUTR3D  

pts_backbone.layers.0.encoder.2.1.conv1.weight - torch.Size([256, 256, 3, 3]): 
The value is the same before and after calling `init_weights` of FUTR3D  

pts_backbone.layers.0.encoder.2.1.bn1.weight - torch.Size([256]): 
The value is the same before and after calling `init_weights` of FUTR3D  

pts_backbone.layers.0.encoder.2.1.bn1.bias - torch.Size([256]): 
The value is the same before and after calling `init_weights` of FUTR3D  

pts_backbone.layers.0.encoder.2.1.conv2.weight - torch.Size([256, 256, 3, 3]): 
The value is the same before and after calling `init_weights` of FUTR3D  

pts_backbone.layers.0.encoder.2.1.bn2.weight - torch.Size([256]): 
The value is the same before and after calling `init_weights` of FUTR3D  

pts_backbone.layers.0.encoder.2.1.bn2.bias - torch.Size([256]): 
The value is the same before and after calling `init_weights` of FUTR3D  

pts_backbone.layers.0.decoder.0.0.weight - torch.Size([256, 256, 2, 2]): 
The value is the same before and after calling `init_weights` of FUTR3D  

pts_backbone.layers.0.decoder.0.1.weight - torch.Size([256]): 
The value is the same before and after calling `init_weights` of FUTR3D  

pts_backbone.layers.0.decoder.0.1.bias - torch.Size([256]): 
The value is the same before and after calling `init_weights` of FUTR3D  

pts_backbone.layers.0.decoder.1.0.weight - torch.Size([256, 256, 2, 2]): 
The value is the same before and after calling `init_weights` of FUTR3D  

pts_backbone.layers.0.decoder.1.1.weight - torch.Size([256]): 
The value is the same before and after calling `init_weights` of FUTR3D  

pts_backbone.layers.0.decoder.1.1.bias - torch.Size([256]): 
The value is the same before and after calling `init_weights` of FUTR3D  

pts_backbone.layers.0.decoder_norm.0.weight - torch.Size([256]): 
The value is the same before and after calling `init_weights` of FUTR3D  

pts_backbone.layers.0.decoder_norm.0.bias - torch.Size([256]): 
The value is the same before and after calling `init_weights` of FUTR3D  

pts_backbone.layers.0.decoder_norm.1.weight - torch.Size([256]): 
The value is the same before and after calling `init_weights` of FUTR3D  

pts_backbone.layers.0.decoder_norm.1.bias - torch.Size([256]): 
The value is the same before and after calling `init_weights` of FUTR3D  

pts_backbone.layers.1.encoder.0.0.conv1.weight - torch.Size([256, 256, 3, 3]): 
The value is the same before and after calling `init_weights` of FUTR3D  

pts_backbone.layers.1.encoder.0.0.bn1.weight - torch.Size([256]): 
The value is the same before and after calling `init_weights` of FUTR3D  

pts_backbone.layers.1.encoder.0.0.bn1.bias - torch.Size([256]): 
The value is the same before and after calling `init_weights` of FUTR3D  

pts_backbone.layers.1.encoder.0.0.conv2.weight - torch.Size([256, 256, 3, 3]): 
The value is the same before and after calling `init_weights` of FUTR3D  

pts_backbone.layers.1.encoder.0.0.bn2.weight - torch.Size([256]): 
The value is the same before and after calling `init_weights` of FUTR3D  

pts_backbone.layers.1.encoder.0.0.bn2.bias - torch.Size([256]): 
The value is the same before and after calling `init_weights` of FUTR3D  

pts_backbone.layers.1.encoder.0.1.conv1.weight - torch.Size([256, 256, 3, 3]): 
The value is the same before and after calling `init_weights` of FUTR3D  

pts_backbone.layers.1.encoder.0.1.bn1.weight - torch.Size([256]): 
The value is the same before and after calling `init_weights` of FUTR3D  

pts_backbone.layers.1.encoder.0.1.bn1.bias - torch.Size([256]): 
The value is the same before and after calling `init_weights` of FUTR3D  

pts_backbone.layers.1.encoder.0.1.conv2.weight - torch.Size([256, 256, 3, 3]): 
The value is the same before and after calling `init_weights` of FUTR3D  

pts_backbone.layers.1.encoder.0.1.bn2.weight - torch.Size([256]): 
The value is the same before and after calling `init_weights` of FUTR3D  

pts_backbone.layers.1.encoder.0.1.bn2.bias - torch.Size([256]): 
The value is the same before and after calling `init_weights` of FUTR3D  

pts_backbone.layers.1.encoder.1.0.conv1.weight - torch.Size([256, 256, 3, 3]): 
The value is the same before and after calling `init_weights` of FUTR3D  

pts_backbone.layers.1.encoder.1.0.bn1.weight - torch.Size([256]): 
The value is the same before and after calling `init_weights` of FUTR3D  

pts_backbone.layers.1.encoder.1.0.bn1.bias - torch.Size([256]): 
The value is the same before and after calling `init_weights` of FUTR3D  

pts_backbone.layers.1.encoder.1.0.conv2.weight - torch.Size([256, 256, 3, 3]): 
The value is the same before and after calling `init_weights` of FUTR3D  

pts_backbone.layers.1.encoder.1.0.bn2.weight - torch.Size([256]): 
The value is the same before and after calling `init_weights` of FUTR3D  

pts_backbone.layers.1.encoder.1.0.bn2.bias - torch.Size([256]): 
The value is the same before and after calling `init_weights` of FUTR3D  

pts_backbone.layers.1.encoder.1.0.downsample_layer.0.weight - torch.Size([256, 256, 1, 1]): 
The value is the same before and after calling `init_weights` of FUTR3D  

pts_backbone.layers.1.encoder.1.0.downsample_layer.1.weight - torch.Size([256]): 
The value is the same before and after calling `init_weights` of FUTR3D  

pts_backbone.layers.1.encoder.1.0.downsample_layer.1.bias - torch.Size([256]): 
The value is the same before and after calling `init_weights` of FUTR3D  

pts_backbone.layers.1.encoder.1.1.conv1.weight - torch.Size([256, 256, 3, 3]): 
The value is the same before and after calling `init_weights` of FUTR3D  

pts_backbone.layers.1.encoder.1.1.bn1.weight - torch.Size([256]): 
The value is the same before and after calling `init_weights` of FUTR3D  

pts_backbone.layers.1.encoder.1.1.bn1.bias - torch.Size([256]): 
The value is the same before and after calling `init_weights` of FUTR3D  

pts_backbone.layers.1.encoder.1.1.conv2.weight - torch.Size([256, 256, 3, 3]): 
The value is the same before and after calling `init_weights` of FUTR3D  

pts_backbone.layers.1.encoder.1.1.bn2.weight - torch.Size([256]): 
The value is the same before and after calling `init_weights` of FUTR3D  

pts_backbone.layers.1.encoder.1.1.bn2.bias - torch.Size([256]): 
The value is the same before and after calling `init_weights` of FUTR3D  

pts_backbone.layers.1.encoder.2.0.conv1.weight - torch.Size([256, 256, 3, 3]): 
The value is the same before and after calling `init_weights` of FUTR3D  

pts_backbone.layers.1.encoder.2.0.bn1.weight - torch.Size([256]): 
The value is the same before and after calling `init_weights` of FUTR3D  

pts_backbone.layers.1.encoder.2.0.bn1.bias - torch.Size([256]): 
The value is the same before and after calling `init_weights` of FUTR3D  

pts_backbone.layers.1.encoder.2.0.conv2.weight - torch.Size([256, 256, 3, 3]): 
The value is the same before and after calling `init_weights` of FUTR3D  

pts_backbone.layers.1.encoder.2.0.bn2.weight - torch.Size([256]): 
The value is the same before and after calling `init_weights` of FUTR3D  

pts_backbone.layers.1.encoder.2.0.bn2.bias - torch.Size([256]): 
The value is the same before and after calling `init_weights` of FUTR3D  

pts_backbone.layers.1.encoder.2.0.downsample_layer.0.weight - torch.Size([256, 256, 1, 1]): 
The value is the same before and after calling `init_weights` of FUTR3D  

pts_backbone.layers.1.encoder.2.0.downsample_layer.1.weight - torch.Size([256]): 
The value is the same before and after calling `init_weights` of FUTR3D  

pts_backbone.layers.1.encoder.2.0.downsample_layer.1.bias - torch.Size([256]): 
The value is the same before and after calling `init_weights` of FUTR3D  

pts_backbone.layers.1.encoder.2.1.conv1.weight - torch.Size([256, 256, 3, 3]): 
The value is the same before and after calling `init_weights` of FUTR3D  

pts_backbone.layers.1.encoder.2.1.bn1.weight - torch.Size([256]): 
The value is the same before and after calling `init_weights` of FUTR3D  

pts_backbone.layers.1.encoder.2.1.bn1.bias - torch.Size([256]): 
The value is the same before and after calling `init_weights` of FUTR3D  

pts_backbone.layers.1.encoder.2.1.conv2.weight - torch.Size([256, 256, 3, 3]): 
The value is the same before and after calling `init_weights` of FUTR3D  

pts_backbone.layers.1.encoder.2.1.bn2.weight - torch.Size([256]): 
The value is the same before and after calling `init_weights` of FUTR3D  

pts_backbone.layers.1.encoder.2.1.bn2.bias - torch.Size([256]): 
The value is the same before and after calling `init_weights` of FUTR3D  

pts_backbone.layers.1.decoder.0.0.weight - torch.Size([256, 256, 2, 2]): 
The value is the same before and after calling `init_weights` of FUTR3D  

pts_backbone.layers.1.decoder.0.1.weight - torch.Size([256]): 
The value is the same before and after calling `init_weights` of FUTR3D  

pts_backbone.layers.1.decoder.0.1.bias - torch.Size([256]): 
The value is the same before and after calling `init_weights` of FUTR3D  

pts_backbone.layers.1.decoder.1.0.weight - torch.Size([256, 256, 2, 2]): 
The value is the same before and after calling `init_weights` of FUTR3D  

pts_backbone.layers.1.decoder.1.1.weight - torch.Size([256]): 
The value is the same before and after calling `init_weights` of FUTR3D  

pts_backbone.layers.1.decoder.1.1.bias - torch.Size([256]): 
The value is the same before and after calling `init_weights` of FUTR3D  

pts_backbone.layers.1.decoder_norm.0.weight - torch.Size([256]): 
The value is the same before and after calling `init_weights` of FUTR3D  

pts_backbone.layers.1.decoder_norm.0.bias - torch.Size([256]): 
The value is the same before and after calling `init_weights` of FUTR3D  

pts_backbone.layers.1.decoder_norm.1.weight - torch.Size([256]): 
The value is the same before and after calling `init_weights` of FUTR3D  

pts_backbone.layers.1.decoder_norm.1.bias - torch.Size([256]): 
The value is the same before and after calling `init_weights` of FUTR3D  

pts_backbone.layers.2.encoder.0.0.conv1.weight - torch.Size([256, 256, 3, 3]): 
The value is the same before and after calling `init_weights` of FUTR3D  

pts_backbone.layers.2.encoder.0.0.bn1.weight - torch.Size([256]): 
The value is the same before and after calling `init_weights` of FUTR3D  

pts_backbone.layers.2.encoder.0.0.bn1.bias - torch.Size([256]): 
The value is the same before and after calling `init_weights` of FUTR3D  

pts_backbone.layers.2.encoder.0.0.conv2.weight - torch.Size([256, 256, 3, 3]): 
The value is the same before and after calling `init_weights` of FUTR3D  

pts_backbone.layers.2.encoder.0.0.bn2.weight - torch.Size([256]): 
The value is the same before and after calling `init_weights` of FUTR3D  

pts_backbone.layers.2.encoder.0.0.bn2.bias - torch.Size([256]): 
The value is the same before and after calling `init_weights` of FUTR3D  

pts_backbone.layers.2.encoder.0.1.conv1.weight - torch.Size([256, 256, 3, 3]): 
The value is the same before and after calling `init_weights` of FUTR3D  

pts_backbone.layers.2.encoder.0.1.bn1.weight - torch.Size([256]): 
The value is the same before and after calling `init_weights` of FUTR3D  

pts_backbone.layers.2.encoder.0.1.bn1.bias - torch.Size([256]): 
The value is the same before and after calling `init_weights` of FUTR3D  

pts_backbone.layers.2.encoder.0.1.conv2.weight - torch.Size([256, 256, 3, 3]): 
The value is the same before and after calling `init_weights` of FUTR3D  

pts_backbone.layers.2.encoder.0.1.bn2.weight - torch.Size([256]): 
The value is the same before and after calling `init_weights` of FUTR3D  

pts_backbone.layers.2.encoder.0.1.bn2.bias - torch.Size([256]): 
The value is the same before and after calling `init_weights` of FUTR3D  

pts_backbone.layers.2.encoder.1.0.conv1.weight - torch.Size([256, 256, 3, 3]): 
The value is the same before and after calling `init_weights` of FUTR3D  

pts_backbone.layers.2.encoder.1.0.bn1.weight - torch.Size([256]): 
The value is the same before and after calling `init_weights` of FUTR3D  

pts_backbone.layers.2.encoder.1.0.bn1.bias - torch.Size([256]): 
The value is the same before and after calling `init_weights` of FUTR3D  

pts_backbone.layers.2.encoder.1.0.conv2.weight - torch.Size([256, 256, 3, 3]): 
The value is the same before and after calling `init_weights` of FUTR3D  

pts_backbone.layers.2.encoder.1.0.bn2.weight - torch.Size([256]): 
The value is the same before and after calling `init_weights` of FUTR3D  

pts_backbone.layers.2.encoder.1.0.bn2.bias - torch.Size([256]): 
The value is the same before and after calling `init_weights` of FUTR3D  

pts_backbone.layers.2.encoder.1.0.downsample_layer.0.weight - torch.Size([256, 256, 1, 1]): 
The value is the same before and after calling `init_weights` of FUTR3D  

pts_backbone.layers.2.encoder.1.0.downsample_layer.1.weight - torch.Size([256]): 
The value is the same before and after calling `init_weights` of FUTR3D  

pts_backbone.layers.2.encoder.1.0.downsample_layer.1.bias - torch.Size([256]): 
The value is the same before and after calling `init_weights` of FUTR3D  

pts_backbone.layers.2.encoder.1.1.conv1.weight - torch.Size([256, 256, 3, 3]): 
The value is the same before and after calling `init_weights` of FUTR3D  

pts_backbone.layers.2.encoder.1.1.bn1.weight - torch.Size([256]): 
The value is the same before and after calling `init_weights` of FUTR3D  

pts_backbone.layers.2.encoder.1.1.bn1.bias - torch.Size([256]): 
The value is the same before and after calling `init_weights` of FUTR3D  

pts_backbone.layers.2.encoder.1.1.conv2.weight - torch.Size([256, 256, 3, 3]): 
The value is the same before and after calling `init_weights` of FUTR3D  

pts_backbone.layers.2.encoder.1.1.bn2.weight - torch.Size([256]): 
The value is the same before and after calling `init_weights` of FUTR3D  

pts_backbone.layers.2.encoder.1.1.bn2.bias - torch.Size([256]): 
The value is the same before and after calling `init_weights` of FUTR3D  

pts_backbone.layers.2.encoder.2.0.conv1.weight - torch.Size([256, 256, 3, 3]): 
The value is the same before and after calling `init_weights` of FUTR3D  

pts_backbone.layers.2.encoder.2.0.bn1.weight - torch.Size([256]): 
The value is the same before and after calling `init_weights` of FUTR3D  

pts_backbone.layers.2.encoder.2.0.bn1.bias - torch.Size([256]): 
The value is the same before and after calling `init_weights` of FUTR3D  

pts_backbone.layers.2.encoder.2.0.conv2.weight - torch.Size([256, 256, 3, 3]): 
The value is the same before and after calling `init_weights` of FUTR3D  

pts_backbone.layers.2.encoder.2.0.bn2.weight - torch.Size([256]): 
The value is the same before and after calling `init_weights` of FUTR3D  

pts_backbone.layers.2.encoder.2.0.bn2.bias - torch.Size([256]): 
The value is the same before and after calling `init_weights` of FUTR3D  

pts_backbone.layers.2.encoder.2.0.downsample_layer.0.weight - torch.Size([256, 256, 1, 1]): 
The value is the same before and after calling `init_weights` of FUTR3D  

pts_backbone.layers.2.encoder.2.0.downsample_layer.1.weight - torch.Size([256]): 
The value is the same before and after calling `init_weights` of FUTR3D  

pts_backbone.layers.2.encoder.2.0.downsample_layer.1.bias - torch.Size([256]): 
The value is the same before and after calling `init_weights` of FUTR3D  

pts_backbone.layers.2.encoder.2.1.conv1.weight - torch.Size([256, 256, 3, 3]): 
The value is the same before and after calling `init_weights` of FUTR3D  

pts_backbone.layers.2.encoder.2.1.bn1.weight - torch.Size([256]): 
The value is the same before and after calling `init_weights` of FUTR3D  

pts_backbone.layers.2.encoder.2.1.bn1.bias - torch.Size([256]): 
The value is the same before and after calling `init_weights` of FUTR3D  

pts_backbone.layers.2.encoder.2.1.conv2.weight - torch.Size([256, 256, 3, 3]): 
The value is the same before and after calling `init_weights` of FUTR3D  

pts_backbone.layers.2.encoder.2.1.bn2.weight - torch.Size([256]): 
The value is the same before and after calling `init_weights` of FUTR3D  

pts_backbone.layers.2.encoder.2.1.bn2.bias - torch.Size([256]): 
The value is the same before and after calling `init_weights` of FUTR3D  

pts_backbone.layers.2.decoder.0.0.weight - torch.Size([256, 256, 2, 2]): 
The value is the same before and after calling `init_weights` of FUTR3D  

pts_backbone.layers.2.decoder.0.1.weight - torch.Size([256]): 
The value is the same before and after calling `init_weights` of FUTR3D  

pts_backbone.layers.2.decoder.0.1.bias - torch.Size([256]): 
The value is the same before and after calling `init_weights` of FUTR3D  

pts_backbone.layers.2.decoder.1.0.weight - torch.Size([256, 256, 2, 2]): 
The value is the same before and after calling `init_weights` of FUTR3D  

pts_backbone.layers.2.decoder.1.1.weight - torch.Size([256]): 
The value is the same before and after calling `init_weights` of FUTR3D  

pts_backbone.layers.2.decoder.1.1.bias - torch.Size([256]): 
The value is the same before and after calling `init_weights` of FUTR3D  

pts_backbone.layers.2.decoder_norm.0.weight - torch.Size([256]): 
The value is the same before and after calling `init_weights` of FUTR3D  

pts_backbone.layers.2.decoder_norm.0.bias - torch.Size([256]): 
The value is the same before and after calling `init_weights` of FUTR3D  

pts_backbone.layers.2.decoder_norm.1.weight - torch.Size([256]): 
The value is the same before and after calling `init_weights` of FUTR3D  

pts_backbone.layers.2.decoder_norm.1.bias - torch.Size([256]): 
The value is the same before and after calling `init_weights` of FUTR3D  

pts_backbone.layers.3.encoder.0.0.conv1.weight - torch.Size([256, 256, 3, 3]): 
The value is the same before and after calling `init_weights` of FUTR3D  

pts_backbone.layers.3.encoder.0.0.bn1.weight - torch.Size([256]): 
The value is the same before and after calling `init_weights` of FUTR3D  

pts_backbone.layers.3.encoder.0.0.bn1.bias - torch.Size([256]): 
The value is the same before and after calling `init_weights` of FUTR3D  

pts_backbone.layers.3.encoder.0.0.conv2.weight - torch.Size([256, 256, 3, 3]): 
The value is the same before and after calling `init_weights` of FUTR3D  

pts_backbone.layers.3.encoder.0.0.bn2.weight - torch.Size([256]): 
The value is the same before and after calling `init_weights` of FUTR3D  

pts_backbone.layers.3.encoder.0.0.bn2.bias - torch.Size([256]): 
The value is the same before and after calling `init_weights` of FUTR3D  

pts_backbone.layers.3.encoder.0.1.conv1.weight - torch.Size([256, 256, 3, 3]): 
The value is the same before and after calling `init_weights` of FUTR3D  

pts_backbone.layers.3.encoder.0.1.bn1.weight - torch.Size([256]): 
The value is the same before and after calling `init_weights` of FUTR3D  

pts_backbone.layers.3.encoder.0.1.bn1.bias - torch.Size([256]): 
The value is the same before and after calling `init_weights` of FUTR3D  

pts_backbone.layers.3.encoder.0.1.conv2.weight - torch.Size([256, 256, 3, 3]): 
The value is the same before and after calling `init_weights` of FUTR3D  

pts_backbone.layers.3.encoder.0.1.bn2.weight - torch.Size([256]): 
The value is the same before and after calling `init_weights` of FUTR3D  

pts_backbone.layers.3.encoder.0.1.bn2.bias - torch.Size([256]): 
The value is the same before and after calling `init_weights` of FUTR3D  

pts_backbone.layers.3.encoder.1.0.conv1.weight - torch.Size([256, 256, 3, 3]): 
The value is the same before and after calling `init_weights` of FUTR3D  

pts_backbone.layers.3.encoder.1.0.bn1.weight - torch.Size([256]): 
The value is the same before and after calling `init_weights` of FUTR3D  

pts_backbone.layers.3.encoder.1.0.bn1.bias - torch.Size([256]): 
The value is the same before and after calling `init_weights` of FUTR3D  

pts_backbone.layers.3.encoder.1.0.conv2.weight - torch.Size([256, 256, 3, 3]): 
The value is the same before and after calling `init_weights` of FUTR3D  

pts_backbone.layers.3.encoder.1.0.bn2.weight - torch.Size([256]): 
The value is the same before and after calling `init_weights` of FUTR3D  

pts_backbone.layers.3.encoder.1.0.bn2.bias - torch.Size([256]): 
The value is the same before and after calling `init_weights` of FUTR3D  

pts_backbone.layers.3.encoder.1.0.downsample_layer.0.weight - torch.Size([256, 256, 1, 1]): 
The value is the same before and after calling `init_weights` of FUTR3D  

pts_backbone.layers.3.encoder.1.0.downsample_layer.1.weight - torch.Size([256]): 
The value is the same before and after calling `init_weights` of FUTR3D  

pts_backbone.layers.3.encoder.1.0.downsample_layer.1.bias - torch.Size([256]): 
The value is the same before and after calling `init_weights` of FUTR3D  

pts_backbone.layers.3.encoder.1.1.conv1.weight - torch.Size([256, 256, 3, 3]): 
The value is the same before and after calling `init_weights` of FUTR3D  

pts_backbone.layers.3.encoder.1.1.bn1.weight - torch.Size([256]): 
The value is the same before and after calling `init_weights` of FUTR3D  

pts_backbone.layers.3.encoder.1.1.bn1.bias - torch.Size([256]): 
The value is the same before and after calling `init_weights` of FUTR3D  

pts_backbone.layers.3.encoder.1.1.conv2.weight - torch.Size([256, 256, 3, 3]): 
The value is the same before and after calling `init_weights` of FUTR3D  

pts_backbone.layers.3.encoder.1.1.bn2.weight - torch.Size([256]): 
The value is the same before and after calling `init_weights` of FUTR3D  

pts_backbone.layers.3.encoder.1.1.bn2.bias - torch.Size([256]): 
The value is the same before and after calling `init_weights` of FUTR3D  

pts_backbone.layers.3.encoder.2.0.conv1.weight - torch.Size([256, 256, 3, 3]): 
The value is the same before and after calling `init_weights` of FUTR3D  

pts_backbone.layers.3.encoder.2.0.bn1.weight - torch.Size([256]): 
The value is the same before and after calling `init_weights` of FUTR3D  

pts_backbone.layers.3.encoder.2.0.bn1.bias - torch.Size([256]): 
The value is the same before and after calling `init_weights` of FUTR3D  

pts_backbone.layers.3.encoder.2.0.conv2.weight - torch.Size([256, 256, 3, 3]): 
The value is the same before and after calling `init_weights` of FUTR3D  

pts_backbone.layers.3.encoder.2.0.bn2.weight - torch.Size([256]): 
The value is the same before and after calling `init_weights` of FUTR3D  

pts_backbone.layers.3.encoder.2.0.bn2.bias - torch.Size([256]): 
The value is the same before and after calling `init_weights` of FUTR3D  

pts_backbone.layers.3.encoder.2.0.downsample_layer.0.weight - torch.Size([256, 256, 1, 1]): 
The value is the same before and after calling `init_weights` of FUTR3D  

pts_backbone.layers.3.encoder.2.0.downsample_layer.1.weight - torch.Size([256]): 
The value is the same before and after calling `init_weights` of FUTR3D  

pts_backbone.layers.3.encoder.2.0.downsample_layer.1.bias - torch.Size([256]): 
The value is the same before and after calling `init_weights` of FUTR3D  

pts_backbone.layers.3.encoder.2.1.conv1.weight - torch.Size([256, 256, 3, 3]): 
The value is the same before and after calling `init_weights` of FUTR3D  

pts_backbone.layers.3.encoder.2.1.bn1.weight - torch.Size([256]): 
The value is the same before and after calling `init_weights` of FUTR3D  

pts_backbone.layers.3.encoder.2.1.bn1.bias - torch.Size([256]): 
The value is the same before and after calling `init_weights` of FUTR3D  

pts_backbone.layers.3.encoder.2.1.conv2.weight - torch.Size([256, 256, 3, 3]): 
The value is the same before and after calling `init_weights` of FUTR3D  

pts_backbone.layers.3.encoder.2.1.bn2.weight - torch.Size([256]): 
The value is the same before and after calling `init_weights` of FUTR3D  

pts_backbone.layers.3.encoder.2.1.bn2.bias - torch.Size([256]): 
The value is the same before and after calling `init_weights` of FUTR3D  

pts_backbone.layers.3.decoder.0.0.weight - torch.Size([256, 256, 2, 2]): 
The value is the same before and after calling `init_weights` of FUTR3D  

pts_backbone.layers.3.decoder.0.1.weight - torch.Size([256]): 
The value is the same before and after calling `init_weights` of FUTR3D  

pts_backbone.layers.3.decoder.0.1.bias - torch.Size([256]): 
The value is the same before and after calling `init_weights` of FUTR3D  

pts_backbone.layers.3.decoder.1.0.weight - torch.Size([256, 256, 2, 2]): 
The value is the same before and after calling `init_weights` of FUTR3D  

pts_backbone.layers.3.decoder.1.1.weight - torch.Size([256]): 
The value is the same before and after calling `init_weights` of FUTR3D  

pts_backbone.layers.3.decoder.1.1.bias - torch.Size([256]): 
The value is the same before and after calling `init_weights` of FUTR3D  

pts_backbone.layers.3.decoder_norm.0.weight - torch.Size([256]): 
The value is the same before and after calling `init_weights` of FUTR3D  

pts_backbone.layers.3.decoder_norm.0.bias - torch.Size([256]): 
The value is the same before and after calling `init_weights` of FUTR3D  

pts_backbone.layers.3.decoder_norm.1.weight - torch.Size([256]): 
The value is the same before and after calling `init_weights` of FUTR3D  

pts_backbone.layers.3.decoder_norm.1.bias - torch.Size([256]): 
The value is the same before and after calling `init_weights` of FUTR3D  

pts_neck.lateral_convs.0.conv.weight - torch.Size([256, 256, 1, 1]): 
XavierInit: gain=1, distribution=uniform, bias=0 

pts_neck.lateral_convs.0.bn.weight - torch.Size([256]): 
The value is the same before and after calling `init_weights` of FUTR3D  

pts_neck.lateral_convs.0.bn.bias - torch.Size([256]): 
The value is the same before and after calling `init_weights` of FUTR3D  

pts_neck.fpn_convs.0.conv.weight - torch.Size([256, 256, 3, 3]): 
XavierInit: gain=1, distribution=uniform, bias=0 

pts_neck.fpn_convs.0.bn.weight - torch.Size([256]): 
The value is the same before and after calling `init_weights` of FUTR3D  

pts_neck.fpn_convs.0.bn.bias - torch.Size([256]): 
The value is the same before and after calling `init_weights` of FUTR3D  

pts_neck.fpn_convs.1.conv.weight - torch.Size([256, 256, 3, 3]): 
XavierInit: gain=1, distribution=uniform, bias=0 

pts_neck.fpn_convs.1.bn.weight - torch.Size([256]): 
The value is the same before and after calling `init_weights` of FUTR3D  

pts_neck.fpn_convs.1.bn.bias - torch.Size([256]): 
The value is the same before and after calling `init_weights` of FUTR3D  

pts_neck.fpn_convs.2.conv.weight - torch.Size([256, 256, 3, 3]): 
XavierInit: gain=1, distribution=uniform, bias=0 

pts_neck.fpn_convs.2.bn.weight - torch.Size([256]): 
The value is the same before and after calling `init_weights` of FUTR3D  

pts_neck.fpn_convs.2.bn.bias - torch.Size([256]): 
The value is the same before and after calling `init_weights` of FUTR3D  

pts_neck.fpn_convs.3.conv.weight - torch.Size([256, 256, 3, 3]): 
XavierInit: gain=1, distribution=uniform, bias=0 

pts_neck.fpn_convs.3.bn.weight - torch.Size([256]): 
The value is the same before and after calling `init_weights` of FUTR3D  

pts_neck.fpn_convs.3.bn.bias - torch.Size([256]): 
The value is the same before and after calling `init_weights` of FUTR3D  

pts_bbox_head.transformer.level_embeds - torch.Size([4, 256]): 
Initialized by user-defined `init_weights` in FUTR3DHead  

pts_bbox_head.transformer.decoder.layers.0.attentions.0.0.attn.in_proj_weight - torch.Size([768, 256]): 
Initialized by user-defined `init_weights` in FUTR3DHead  

pts_bbox_head.transformer.decoder.layers.0.attentions.0.0.attn.in_proj_bias - torch.Size([768]): 
The value is the same before and after calling `init_weights` of FUTR3D  

pts_bbox_head.transformer.decoder.layers.0.attentions.0.0.attn.out_proj.weight - torch.Size([256, 256]): 
Initialized by user-defined `init_weights` in FUTR3DHead  

pts_bbox_head.transformer.decoder.layers.0.attentions.0.0.attn.out_proj.bias - torch.Size([256]): 
The value is the same before and after calling `init_weights` of FUTR3D  

pts_bbox_head.transformer.decoder.layers.0.attentions.0.1.weight - torch.Size([256]): 
The value is the same before and after calling `init_weights` of FUTR3D  

pts_bbox_head.transformer.decoder.layers.0.attentions.0.2.layers.0.norm_before.weight - torch.Size([256]): 
The value is the same before and after calling `init_weights` of FUTR3D  

pts_bbox_head.transformer.decoder.layers.0.attentions.0.2.layers.0.mamba.A_log_f - torch.Size([512, 64]): 
Initialized by user-defined `init_weights` in FUTR3DHead  

pts_bbox_head.transformer.decoder.layers.0.attentions.0.2.layers.0.mamba.A_log_b - torch.Size([512, 64]): 
Initialized by user-defined `init_weights` in FUTR3DHead  

pts_bbox_head.transformer.decoder.layers.0.attentions.0.2.layers.0.mamba.D_f - torch.Size([512]): 
The value is the same before and after calling `init_weights` of FUTR3D  

pts_bbox_head.transformer.decoder.layers.0.attentions.0.2.layers.0.mamba.D_b - torch.Size([512]): 
The value is the same before and after calling `init_weights` of FUTR3D  

pts_bbox_head.transformer.decoder.layers.0.attentions.0.2.layers.0.mamba.A_log_f_xy - torch.Size([512, 64]): 
Initialized by user-defined `init_weights` in FUTR3DHead  

pts_bbox_head.transformer.decoder.layers.0.attentions.0.2.layers.0.mamba.A_log_b_xy - torch.Size([512, 64]): 
Initialized by user-defined `init_weights` in FUTR3DHead  

pts_bbox_head.transformer.decoder.layers.0.attentions.0.2.layers.0.mamba.D_f_xy - torch.Size([512]): 
The value is the same before and after calling `init_weights` of FUTR3D  

pts_bbox_head.transformer.decoder.layers.0.attentions.0.2.layers.0.mamba.D_b_xy - torch.Size([512]): 
The value is the same before and after calling `init_weights` of FUTR3D  

pts_bbox_head.transformer.decoder.layers.0.attentions.0.2.layers.0.mamba.in_proj.weight - torch.Size([2048, 256]): 
Initialized by user-defined `init_weights` in FUTR3DHead  

pts_bbox_head.transformer.decoder.layers.0.attentions.0.2.layers.0.mamba.in_proj_xy.weight - torch.Size([2048, 256]): 
Initialized by user-defined `init_weights` in FUTR3DHead  

pts_bbox_head.transformer.decoder.layers.0.attentions.0.2.layers.0.mamba.x_proj_f.weight - torch.Size([144, 512]): 
Initialized by user-defined `init_weights` in FUTR3DHead  

pts_bbox_head.transformer.decoder.layers.0.attentions.0.2.layers.0.mamba.x_proj_b.weight - torch.Size([144, 512]): 
Initialized by user-defined `init_weights` in FUTR3DHead  

pts_bbox_head.transformer.decoder.layers.0.attentions.0.2.layers.0.mamba.dt_proj_f.weight - torch.Size([512, 16]): 
Initialized by user-defined `init_weights` in FUTR3DHead  

pts_bbox_head.transformer.decoder.layers.0.attentions.0.2.layers.0.mamba.dt_proj_f.bias - torch.Size([512]): 
The value is the same before and after calling `init_weights` of FUTR3D  

pts_bbox_head.transformer.decoder.layers.0.attentions.0.2.layers.0.mamba.dt_proj_b.weight - torch.Size([512, 16]): 
Initialized by user-defined `init_weights` in FUTR3DHead  

pts_bbox_head.transformer.decoder.layers.0.attentions.0.2.layers.0.mamba.dt_proj_b.bias - torch.Size([512]): 
The value is the same before and after calling `init_weights` of FUTR3D  

pts_bbox_head.transformer.decoder.layers.0.attentions.0.2.layers.0.mamba.x_proj_f_xy.weight - torch.Size([144, 512]): 
Initialized by user-defined `init_weights` in FUTR3DHead  

pts_bbox_head.transformer.decoder.layers.0.attentions.0.2.layers.0.mamba.x_proj_b_xy.weight - torch.Size([144, 512]): 
Initialized by user-defined `init_weights` in FUTR3DHead  

pts_bbox_head.transformer.decoder.layers.0.attentions.0.2.layers.0.mamba.dt_proj_f_xy.weight - torch.Size([512, 16]): 
Initialized by user-defined `init_weights` in FUTR3DHead  

pts_bbox_head.transformer.decoder.layers.0.attentions.0.2.layers.0.mamba.dt_proj_f_xy.bias - torch.Size([512]): 
The value is the same before and after calling `init_weights` of FUTR3D  

pts_bbox_head.transformer.decoder.layers.0.attentions.0.2.layers.0.mamba.dt_proj_b_xy.weight - torch.Size([512, 16]): 
Initialized by user-defined `init_weights` in FUTR3DHead  

pts_bbox_head.transformer.decoder.layers.0.attentions.0.2.layers.0.mamba.dt_proj_b_xy.bias - torch.Size([512]): 
The value is the same before and after calling `init_weights` of FUTR3D  

pts_bbox_head.transformer.decoder.layers.0.attentions.0.2.layers.0.mamba.conv1d_x_f.weight - torch.Size([512, 1, 4]): 
Initialized by user-defined `init_weights` in FUTR3DHead  

pts_bbox_head.transformer.decoder.layers.0.attentions.0.2.layers.0.mamba.conv1d_x_f.bias - torch.Size([512]): 
The value is the same before and after calling `init_weights` of FUTR3D  

pts_bbox_head.transformer.decoder.layers.0.attentions.0.2.layers.0.mamba.conv1d_z_f.weight - torch.Size([512, 1, 4]): 
Initialized by user-defined `init_weights` in FUTR3DHead  

pts_bbox_head.transformer.decoder.layers.0.attentions.0.2.layers.0.mamba.conv1d_z_f.bias - torch.Size([512]): 
The value is the same before and after calling `init_weights` of FUTR3D  

pts_bbox_head.transformer.decoder.layers.0.attentions.0.2.layers.0.mamba.conv1d_x_b.weight - torch.Size([512, 1, 4]): 
Initialized by user-defined `init_weights` in FUTR3DHead  

pts_bbox_head.transformer.decoder.layers.0.attentions.0.2.layers.0.mamba.conv1d_x_b.bias - torch.Size([512]): 
The value is the same before and after calling `init_weights` of FUTR3D  

pts_bbox_head.transformer.decoder.layers.0.attentions.0.2.layers.0.mamba.conv1d_z_b.weight - torch.Size([512, 1, 4]): 
Initialized by user-defined `init_weights` in FUTR3DHead  

pts_bbox_head.transformer.decoder.layers.0.attentions.0.2.layers.0.mamba.conv1d_z_b.bias - torch.Size([512]): 
The value is the same before and after calling `init_weights` of FUTR3D  

pts_bbox_head.transformer.decoder.layers.0.attentions.0.2.layers.0.mamba.conv1d_x_xy_f.weight - torch.Size([512, 1, 4]): 
Initialized by user-defined `init_weights` in FUTR3DHead  

pts_bbox_head.transformer.decoder.layers.0.attentions.0.2.layers.0.mamba.conv1d_x_xy_f.bias - torch.Size([512]): 
The value is the same before and after calling `init_weights` of FUTR3D  

pts_bbox_head.transformer.decoder.layers.0.attentions.0.2.layers.0.mamba.conv1d_z_xy_f.weight - torch.Size([512, 1, 4]): 
Initialized by user-defined `init_weights` in FUTR3DHead  

pts_bbox_head.transformer.decoder.layers.0.attentions.0.2.layers.0.mamba.conv1d_z_xy_f.bias - torch.Size([512]): 
The value is the same before and after calling `init_weights` of FUTR3D  

pts_bbox_head.transformer.decoder.layers.0.attentions.0.2.layers.0.mamba.conv1d_x_xy_b.weight - torch.Size([512, 1, 4]): 
Initialized by user-defined `init_weights` in FUTR3DHead  

pts_bbox_head.transformer.decoder.layers.0.attentions.0.2.layers.0.mamba.conv1d_x_xy_b.bias - torch.Size([512]): 
The value is the same before and after calling `init_weights` of FUTR3D  

pts_bbox_head.transformer.decoder.layers.0.attentions.0.2.layers.0.mamba.conv1d_z_xy_b.weight - torch.Size([512, 1, 4]): 
Initialized by user-defined `init_weights` in FUTR3DHead  

pts_bbox_head.transformer.decoder.layers.0.attentions.0.2.layers.0.mamba.conv1d_z_xy_b.bias - torch.Size([512]): 
The value is the same before and after calling `init_weights` of FUTR3D  

pts_bbox_head.transformer.decoder.layers.0.attentions.0.2.layers.0.mamba.out_proj.weight - torch.Size([256, 2048]): 
Initialized by user-defined `init_weights` in FUTR3DHead  

pts_bbox_head.transformer.decoder.layers.0.attentions.0.2.layers.0.mamba.global_proj.weight - torch.Size([2048, 2048]): 
Initialized by user-defined `init_weights` in FUTR3DHead  

pts_bbox_head.transformer.decoder.layers.0.attentions.0.2.layers.0.mamba.global_proj.bias - torch.Size([2048]): 
The value is the same before and after calling `init_weights` of FUTR3D  

pts_bbox_head.transformer.decoder.layers.0.attentions.0.2.layers.0.norm.weight - torch.Size([256]): 
The value is the same before and after calling `init_weights` of FUTR3D  

pts_bbox_head.transformer.decoder.layers.0.attentions.0.2.layers.0.mlp.gate_proj.weight - torch.Size([1024, 256]): 
Initialized by user-defined `init_weights` in FUTR3DHead  

pts_bbox_head.transformer.decoder.layers.0.attentions.0.2.layers.0.mlp.up_proj.weight - torch.Size([1024, 256]): 
Initialized by user-defined `init_weights` in FUTR3DHead  

pts_bbox_head.transformer.decoder.layers.0.attentions.0.2.layers.0.mlp.down_proj.weight - torch.Size([256, 1024]): 
Initialized by user-defined `init_weights` in FUTR3DHead  

pts_bbox_head.transformer.decoder.layers.0.attentions.0.2.layers.0.mlp_norm.weight - torch.Size([256]): 
The value is the same before and after calling `init_weights` of FUTR3D  

pts_bbox_head.transformer.decoder.layers.0.attentions.0.2.layers.1.norm_before.weight - torch.Size([256]): 
The value is the same before and after calling `init_weights` of FUTR3D  

pts_bbox_head.transformer.decoder.layers.0.attentions.0.2.layers.1.mamba.A_log_f - torch.Size([512, 64]): 
Initialized by user-defined `init_weights` in FUTR3DHead  

pts_bbox_head.transformer.decoder.layers.0.attentions.0.2.layers.1.mamba.A_log_b - torch.Size([512, 64]): 
Initialized by user-defined `init_weights` in FUTR3DHead  

pts_bbox_head.transformer.decoder.layers.0.attentions.0.2.layers.1.mamba.D_f - torch.Size([512]): 
The value is the same before and after calling `init_weights` of FUTR3D  

pts_bbox_head.transformer.decoder.layers.0.attentions.0.2.layers.1.mamba.D_b - torch.Size([512]): 
The value is the same before and after calling `init_weights` of FUTR3D  

pts_bbox_head.transformer.decoder.layers.0.attentions.0.2.layers.1.mamba.A_log_f_xy - torch.Size([512, 64]): 
Initialized by user-defined `init_weights` in FUTR3DHead  

pts_bbox_head.transformer.decoder.layers.0.attentions.0.2.layers.1.mamba.A_log_b_xy - torch.Size([512, 64]): 
Initialized by user-defined `init_weights` in FUTR3DHead  

pts_bbox_head.transformer.decoder.layers.0.attentions.0.2.layers.1.mamba.D_f_xy - torch.Size([512]): 
The value is the same before and after calling `init_weights` of FUTR3D  

pts_bbox_head.transformer.decoder.layers.0.attentions.0.2.layers.1.mamba.D_b_xy - torch.Size([512]): 
The value is the same before and after calling `init_weights` of FUTR3D  

pts_bbox_head.transformer.decoder.layers.0.attentions.0.2.layers.1.mamba.in_proj.weight - torch.Size([2048, 256]): 
Initialized by user-defined `init_weights` in FUTR3DHead  

pts_bbox_head.transformer.decoder.layers.0.attentions.0.2.layers.1.mamba.in_proj_xy.weight - torch.Size([2048, 256]): 
Initialized by user-defined `init_weights` in FUTR3DHead  

pts_bbox_head.transformer.decoder.layers.0.attentions.0.2.layers.1.mamba.x_proj_f.weight - torch.Size([144, 512]): 
Initialized by user-defined `init_weights` in FUTR3DHead  

pts_bbox_head.transformer.decoder.layers.0.attentions.0.2.layers.1.mamba.x_proj_b.weight - torch.Size([144, 512]): 
Initialized by user-defined `init_weights` in FUTR3DHead  

pts_bbox_head.transformer.decoder.layers.0.attentions.0.2.layers.1.mamba.dt_proj_f.weight - torch.Size([512, 16]): 
Initialized by user-defined `init_weights` in FUTR3DHead  

pts_bbox_head.transformer.decoder.layers.0.attentions.0.2.layers.1.mamba.dt_proj_f.bias - torch.Size([512]): 
The value is the same before and after calling `init_weights` of FUTR3D  

pts_bbox_head.transformer.decoder.layers.0.attentions.0.2.layers.1.mamba.dt_proj_b.weight - torch.Size([512, 16]): 
Initialized by user-defined `init_weights` in FUTR3DHead  

pts_bbox_head.transformer.decoder.layers.0.attentions.0.2.layers.1.mamba.dt_proj_b.bias - torch.Size([512]): 
The value is the same before and after calling `init_weights` of FUTR3D  

pts_bbox_head.transformer.decoder.layers.0.attentions.0.2.layers.1.mamba.x_proj_f_xy.weight - torch.Size([144, 512]): 
Initialized by user-defined `init_weights` in FUTR3DHead  

pts_bbox_head.transformer.decoder.layers.0.attentions.0.2.layers.1.mamba.x_proj_b_xy.weight - torch.Size([144, 512]): 
Initialized by user-defined `init_weights` in FUTR3DHead  

pts_bbox_head.transformer.decoder.layers.0.attentions.0.2.layers.1.mamba.dt_proj_f_xy.weight - torch.Size([512, 16]): 
Initialized by user-defined `init_weights` in FUTR3DHead  

pts_bbox_head.transformer.decoder.layers.0.attentions.0.2.layers.1.mamba.dt_proj_f_xy.bias - torch.Size([512]): 
The value is the same before and after calling `init_weights` of FUTR3D  

pts_bbox_head.transformer.decoder.layers.0.attentions.0.2.layers.1.mamba.dt_proj_b_xy.weight - torch.Size([512, 16]): 
Initialized by user-defined `init_weights` in FUTR3DHead  

pts_bbox_head.transformer.decoder.layers.0.attentions.0.2.layers.1.mamba.dt_proj_b_xy.bias - torch.Size([512]): 
The value is the same before and after calling `init_weights` of FUTR3D  

pts_bbox_head.transformer.decoder.layers.0.attentions.0.2.layers.1.mamba.conv1d_x_f.weight - torch.Size([512, 1, 4]): 
Initialized by user-defined `init_weights` in FUTR3DHead  

pts_bbox_head.transformer.decoder.layers.0.attentions.0.2.layers.1.mamba.conv1d_x_f.bias - torch.Size([512]): 
The value is the same before and after calling `init_weights` of FUTR3D  

pts_bbox_head.transformer.decoder.layers.0.attentions.0.2.layers.1.mamba.conv1d_z_f.weight - torch.Size([512, 1, 4]): 
Initialized by user-defined `init_weights` in FUTR3DHead  

pts_bbox_head.transformer.decoder.layers.0.attentions.0.2.layers.1.mamba.conv1d_z_f.bias - torch.Size([512]): 
The value is the same before and after calling `init_weights` of FUTR3D  

pts_bbox_head.transformer.decoder.layers.0.attentions.0.2.layers.1.mamba.conv1d_x_b.weight - torch.Size([512, 1, 4]): 
Initialized by user-defined `init_weights` in FUTR3DHead  

pts_bbox_head.transformer.decoder.layers.0.attentions.0.2.layers.1.mamba.conv1d_x_b.bias - torch.Size([512]): 
The value is the same before and after calling `init_weights` of FUTR3D  

pts_bbox_head.transformer.decoder.layers.0.attentions.0.2.layers.1.mamba.conv1d_z_b.weight - torch.Size([512, 1, 4]): 
Initialized by user-defined `init_weights` in FUTR3DHead  

pts_bbox_head.transformer.decoder.layers.0.attentions.0.2.layers.1.mamba.conv1d_z_b.bias - torch.Size([512]): 
The value is the same before and after calling `init_weights` of FUTR3D  

pts_bbox_head.transformer.decoder.layers.0.attentions.0.2.layers.1.mamba.conv1d_x_xy_f.weight - torch.Size([512, 1, 4]): 
Initialized by user-defined `init_weights` in FUTR3DHead  

pts_bbox_head.transformer.decoder.layers.0.attentions.0.2.layers.1.mamba.conv1d_x_xy_f.bias - torch.Size([512]): 
The value is the same before and after calling `init_weights` of FUTR3D  

pts_bbox_head.transformer.decoder.layers.0.attentions.0.2.layers.1.mamba.conv1d_z_xy_f.weight - torch.Size([512, 1, 4]): 
Initialized by user-defined `init_weights` in FUTR3DHead  

pts_bbox_head.transformer.decoder.layers.0.attentions.0.2.layers.1.mamba.conv1d_z_xy_f.bias - torch.Size([512]): 
The value is the same before and after calling `init_weights` of FUTR3D  

pts_bbox_head.transformer.decoder.layers.0.attentions.0.2.layers.1.mamba.conv1d_x_xy_b.weight - torch.Size([512, 1, 4]): 
Initialized by user-defined `init_weights` in FUTR3DHead  

pts_bbox_head.transformer.decoder.layers.0.attentions.0.2.layers.1.mamba.conv1d_x_xy_b.bias - torch.Size([512]): 
The value is the same before and after calling `init_weights` of FUTR3D  

pts_bbox_head.transformer.decoder.layers.0.attentions.0.2.layers.1.mamba.conv1d_z_xy_b.weight - torch.Size([512, 1, 4]): 
Initialized by user-defined `init_weights` in FUTR3DHead  

pts_bbox_head.transformer.decoder.layers.0.attentions.0.2.layers.1.mamba.conv1d_z_xy_b.bias - torch.Size([512]): 
The value is the same before and after calling `init_weights` of FUTR3D  

pts_bbox_head.transformer.decoder.layers.0.attentions.0.2.layers.1.mamba.out_proj.weight - torch.Size([256, 2048]): 
Initialized by user-defined `init_weights` in FUTR3DHead  

pts_bbox_head.transformer.decoder.layers.0.attentions.0.2.layers.1.mamba.global_proj.weight - torch.Size([2048, 2048]): 
Initialized by user-defined `init_weights` in FUTR3DHead  

pts_bbox_head.transformer.decoder.layers.0.attentions.0.2.layers.1.mamba.global_proj.bias - torch.Size([2048]): 
The value is the same before and after calling `init_weights` of FUTR3D  

pts_bbox_head.transformer.decoder.layers.0.attentions.0.2.layers.1.norm.weight - torch.Size([256]): 
The value is the same before and after calling `init_weights` of FUTR3D  

pts_bbox_head.transformer.decoder.layers.0.attentions.0.2.layers.1.mlp.gate_proj.weight - torch.Size([1024, 256]): 
Initialized by user-defined `init_weights` in FUTR3DHead  

pts_bbox_head.transformer.decoder.layers.0.attentions.0.2.layers.1.mlp.up_proj.weight - torch.Size([1024, 256]): 
Initialized by user-defined `init_weights` in FUTR3DHead  

pts_bbox_head.transformer.decoder.layers.0.attentions.0.2.layers.1.mlp.down_proj.weight - torch.Size([256, 1024]): 
Initialized by user-defined `init_weights` in FUTR3DHead  

pts_bbox_head.transformer.decoder.layers.0.attentions.1.sampling_offsets.weight - torch.Size([256, 256]): 
Initialized by user-defined `init_weights` in FUTR3DHead  

pts_bbox_head.transformer.decoder.layers.0.attentions.1.sampling_offsets.bias - torch.Size([256]): 
The value is the same before and after calling `init_weights` of FUTR3D  

pts_bbox_head.transformer.decoder.layers.0.attentions.1.attention_weights.weight - torch.Size([128, 256]): 
Initialized by user-defined `init_weights` in FUTR3DHead  

pts_bbox_head.transformer.decoder.layers.0.attentions.1.attention_weights.bias - torch.Size([128]): 
The value is the same before and after calling `init_weights` of FUTR3D  

pts_bbox_head.transformer.decoder.layers.0.attentions.1.value_proj.weight - torch.Size([256, 256]): 
Initialized by user-defined `init_weights` in FUTR3DHead  

pts_bbox_head.transformer.decoder.layers.0.attentions.1.value_proj.bias - torch.Size([256]): 
The value is the same before and after calling `init_weights` of FUTR3D  

pts_bbox_head.transformer.decoder.layers.0.attentions.1.output_proj.weight - torch.Size([256, 256]): 
Initialized by user-defined `init_weights` in FUTR3DHead  

pts_bbox_head.transformer.decoder.layers.0.attentions.1.output_proj.bias - torch.Size([256]): 
The value is the same before and after calling `init_weights` of FUTR3D  

pts_bbox_head.transformer.decoder.layers.0.attentions.1.camera_mixer.layers.0.A_log_h2t - torch.Size([512, 16]): 
Initialized by user-defined `init_weights` in FUTR3DHead  

pts_bbox_head.transformer.decoder.layers.0.attentions.1.camera_mixer.layers.0.D_h2t - torch.Size([512]): 
The value is the same before and after calling `init_weights` of FUTR3D  

pts_bbox_head.transformer.decoder.layers.0.attentions.1.camera_mixer.layers.0.A_log_t2h - torch.Size([512, 16]): 
Initialized by user-defined `init_weights` in FUTR3DHead  

pts_bbox_head.transformer.decoder.layers.0.attentions.1.camera_mixer.layers.0.D_t2h - torch.Size([512]): 
The value is the same before and after calling `init_weights` of FUTR3D  

pts_bbox_head.transformer.decoder.layers.0.attentions.1.camera_mixer.layers.0.in_proj.weight - torch.Size([1024, 256]): 
Initialized by user-defined `init_weights` in FUTR3DHead  

pts_bbox_head.transformer.decoder.layers.0.attentions.1.camera_mixer.layers.0.conv1d_h2t.weight - torch.Size([512, 1, 4]): 
Initialized by user-defined `init_weights` in FUTR3DHead  

pts_bbox_head.transformer.decoder.layers.0.attentions.1.camera_mixer.layers.0.conv1d_h2t.bias - torch.Size([512]): 
The value is the same before and after calling `init_weights` of FUTR3D  

pts_bbox_head.transformer.decoder.layers.0.attentions.1.camera_mixer.layers.0.x_proj_h2t.weight - torch.Size([48, 512]): 
Initialized by user-defined `init_weights` in FUTR3DHead  

pts_bbox_head.transformer.decoder.layers.0.attentions.1.camera_mixer.layers.0.dt_proj_h2t.weight - torch.Size([512, 16]): 
Initialized by user-defined `init_weights` in FUTR3DHead  

pts_bbox_head.transformer.decoder.layers.0.attentions.1.camera_mixer.layers.0.dt_proj_h2t.bias - torch.Size([512]): 
The value is the same before and after calling `init_weights` of FUTR3D  

pts_bbox_head.transformer.decoder.layers.0.attentions.1.camera_mixer.layers.0.conv1d_t2h.weight - torch.Size([512, 1, 4]): 
Initialized by user-defined `init_weights` in FUTR3DHead  

pts_bbox_head.transformer.decoder.layers.0.attentions.1.camera_mixer.layers.0.conv1d_t2h.bias - torch.Size([512]): 
The value is the same before and after calling `init_weights` of FUTR3D  

pts_bbox_head.transformer.decoder.layers.0.attentions.1.camera_mixer.layers.0.x_proj_t2h.weight - torch.Size([48, 512]): 
Initialized by user-defined `init_weights` in FUTR3DHead  

pts_bbox_head.transformer.decoder.layers.0.attentions.1.camera_mixer.layers.0.dt_proj_t2h.weight - torch.Size([512, 16]): 
Initialized by user-defined `init_weights` in FUTR3DHead  

pts_bbox_head.transformer.decoder.layers.0.attentions.1.camera_mixer.layers.0.dt_proj_t2h.bias - torch.Size([512]): 
The value is the same before and after calling `init_weights` of FUTR3D  

pts_bbox_head.transformer.decoder.layers.0.attentions.1.camera_mixer.layers.0.lidar_guidance_proj.weight - torch.Size([512, 512]): 
Initialized by user-defined `init_weights` in FUTR3DHead  

pts_bbox_head.transformer.decoder.layers.0.attentions.1.camera_mixer.layers.0.lidar_guidance_proj.bias - torch.Size([512]): 
The value is the same before and after calling `init_weights` of FUTR3D  

pts_bbox_head.transformer.decoder.layers.0.attentions.1.camera_mixer.layers.0.out_proj.weight - torch.Size([256, 512]): 
Initialized by user-defined `init_weights` in FUTR3DHead  

pts_bbox_head.transformer.decoder.layers.0.attentions.1.camera_mixer.layers.1.A_log_h2t - torch.Size([512, 16]): 
Initialized by user-defined `init_weights` in FUTR3DHead  

pts_bbox_head.transformer.decoder.layers.0.attentions.1.camera_mixer.layers.1.D_h2t - torch.Size([512]): 
The value is the same before and after calling `init_weights` of FUTR3D  

pts_bbox_head.transformer.decoder.layers.0.attentions.1.camera_mixer.layers.1.A_log_t2h - torch.Size([512, 16]): 
Initialized by user-defined `init_weights` in FUTR3DHead  

pts_bbox_head.transformer.decoder.layers.0.attentions.1.camera_mixer.layers.1.D_t2h - torch.Size([512]): 
The value is the same before and after calling `init_weights` of FUTR3D  

pts_bbox_head.transformer.decoder.layers.0.attentions.1.camera_mixer.layers.1.in_proj.weight - torch.Size([1024, 256]): 
Initialized by user-defined `init_weights` in FUTR3DHead  

pts_bbox_head.transformer.decoder.layers.0.attentions.1.camera_mixer.layers.1.conv1d_h2t.weight - torch.Size([512, 1, 4]): 
Initialized by user-defined `init_weights` in FUTR3DHead  

pts_bbox_head.transformer.decoder.layers.0.attentions.1.camera_mixer.layers.1.conv1d_h2t.bias - torch.Size([512]): 
The value is the same before and after calling `init_weights` of FUTR3D  

pts_bbox_head.transformer.decoder.layers.0.attentions.1.camera_mixer.layers.1.x_proj_h2t.weight - torch.Size([48, 512]): 
Initialized by user-defined `init_weights` in FUTR3DHead  

pts_bbox_head.transformer.decoder.layers.0.attentions.1.camera_mixer.layers.1.dt_proj_h2t.weight - torch.Size([512, 16]): 
Initialized by user-defined `init_weights` in FUTR3DHead  

pts_bbox_head.transformer.decoder.layers.0.attentions.1.camera_mixer.layers.1.dt_proj_h2t.bias - torch.Size([512]): 
The value is the same before and after calling `init_weights` of FUTR3D  

pts_bbox_head.transformer.decoder.layers.0.attentions.1.camera_mixer.layers.1.conv1d_t2h.weight - torch.Size([512, 1, 4]): 
Initialized by user-defined `init_weights` in FUTR3DHead  

pts_bbox_head.transformer.decoder.layers.0.attentions.1.camera_mixer.layers.1.conv1d_t2h.bias - torch.Size([512]): 
The value is the same before and after calling `init_weights` of FUTR3D  

pts_bbox_head.transformer.decoder.layers.0.attentions.1.camera_mixer.layers.1.x_proj_t2h.weight - torch.Size([48, 512]): 
Initialized by user-defined `init_weights` in FUTR3DHead  

pts_bbox_head.transformer.decoder.layers.0.attentions.1.camera_mixer.layers.1.dt_proj_t2h.weight - torch.Size([512, 16]): 
Initialized by user-defined `init_weights` in FUTR3DHead  

pts_bbox_head.transformer.decoder.layers.0.attentions.1.camera_mixer.layers.1.dt_proj_t2h.bias - torch.Size([512]): 
The value is the same before and after calling `init_weights` of FUTR3D  

pts_bbox_head.transformer.decoder.layers.0.attentions.1.camera_mixer.layers.1.lidar_guidance_proj.weight - torch.Size([512, 512]): 
Initialized by user-defined `init_weights` in FUTR3DHead  

pts_bbox_head.transformer.decoder.layers.0.attentions.1.camera_mixer.layers.1.lidar_guidance_proj.bias - torch.Size([512]): 
The value is the same before and after calling `init_weights` of FUTR3D  

pts_bbox_head.transformer.decoder.layers.0.attentions.1.camera_mixer.layers.1.out_proj.weight - torch.Size([256, 512]): 
Initialized by user-defined `init_weights` in FUTR3DHead  

pts_bbox_head.transformer.decoder.layers.0.attentions.1.camera_mixer.norm.0.weight - torch.Size([256]): 
The value is the same before and after calling `init_weights` of FUTR3D  

pts_bbox_head.transformer.decoder.layers.0.attentions.1.camera_mixer.norm.0.bias - torch.Size([256]): 
The value is the same before and after calling `init_weights` of FUTR3D  

pts_bbox_head.transformer.decoder.layers.0.attentions.1.camera_mixer.norm.1.weight - torch.Size([256]): 
The value is the same before and after calling `init_weights` of FUTR3D  

pts_bbox_head.transformer.decoder.layers.0.attentions.1.camera_mixer.norm.1.bias - torch.Size([256]): 
The value is the same before and after calling `init_weights` of FUTR3D  

pts_bbox_head.transformer.decoder.layers.0.ffns.0.layers.0.0.weight - torch.Size([1024, 256]): 
Initialized by user-defined `init_weights` in FUTR3DHead  

pts_bbox_head.transformer.decoder.layers.0.ffns.0.layers.0.0.bias - torch.Size([1024]): 
The value is the same before and after calling `init_weights` of FUTR3D  

pts_bbox_head.transformer.decoder.layers.0.ffns.0.layers.1.weight - torch.Size([256, 1024]): 
Initialized by user-defined `init_weights` in FUTR3DHead  

pts_bbox_head.transformer.decoder.layers.0.ffns.0.layers.1.bias - torch.Size([256]): 
The value is the same before and after calling `init_weights` of FUTR3D  

pts_bbox_head.transformer.decoder.layers.0.norms.0.weight - torch.Size([256]): 
The value is the same before and after calling `init_weights` of FUTR3D  

pts_bbox_head.transformer.decoder.layers.0.norms.0.bias - torch.Size([256]): 
The value is the same before and after calling `init_weights` of FUTR3D  

pts_bbox_head.transformer.decoder.layers.0.norms.1.weight - torch.Size([256]): 
The value is the same before and after calling `init_weights` of FUTR3D  

pts_bbox_head.transformer.decoder.layers.0.norms.1.bias - torch.Size([256]): 
The value is the same before and after calling `init_weights` of FUTR3D  

pts_bbox_head.transformer.decoder.layers.0.norms.2.weight - torch.Size([256]): 
The value is the same before and after calling `init_weights` of FUTR3D  

pts_bbox_head.transformer.decoder.layers.0.norms.2.bias - torch.Size([256]): 
The value is the same before and after calling `init_weights` of FUTR3D  

pts_bbox_head.transformer.decoder.layers.1.attentions.0.0.attn.in_proj_weight - torch.Size([768, 256]): 
Initialized by user-defined `init_weights` in FUTR3DHead  

pts_bbox_head.transformer.decoder.layers.1.attentions.0.0.attn.in_proj_bias - torch.Size([768]): 
The value is the same before and after calling `init_weights` of FUTR3D  

pts_bbox_head.transformer.decoder.layers.1.attentions.0.0.attn.out_proj.weight - torch.Size([256, 256]): 
Initialized by user-defined `init_weights` in FUTR3DHead  

pts_bbox_head.transformer.decoder.layers.1.attentions.0.0.attn.out_proj.bias - torch.Size([256]): 
The value is the same before and after calling `init_weights` of FUTR3D  

pts_bbox_head.transformer.decoder.layers.1.attentions.0.1.weight - torch.Size([256]): 
The value is the same before and after calling `init_weights` of FUTR3D  

pts_bbox_head.transformer.decoder.layers.1.attentions.0.2.layers.0.norm_before.weight - torch.Size([256]): 
The value is the same before and after calling `init_weights` of FUTR3D  

pts_bbox_head.transformer.decoder.layers.1.attentions.0.2.layers.0.mamba.A_log_f - torch.Size([512, 64]): 
Initialized by user-defined `init_weights` in FUTR3DHead  

pts_bbox_head.transformer.decoder.layers.1.attentions.0.2.layers.0.mamba.A_log_b - torch.Size([512, 64]): 
Initialized by user-defined `init_weights` in FUTR3DHead  

pts_bbox_head.transformer.decoder.layers.1.attentions.0.2.layers.0.mamba.D_f - torch.Size([512]): 
The value is the same before and after calling `init_weights` of FUTR3D  

pts_bbox_head.transformer.decoder.layers.1.attentions.0.2.layers.0.mamba.D_b - torch.Size([512]): 
The value is the same before and after calling `init_weights` of FUTR3D  

pts_bbox_head.transformer.decoder.layers.1.attentions.0.2.layers.0.mamba.A_log_f_xy - torch.Size([512, 64]): 
Initialized by user-defined `init_weights` in FUTR3DHead  

pts_bbox_head.transformer.decoder.layers.1.attentions.0.2.layers.0.mamba.A_log_b_xy - torch.Size([512, 64]): 
Initialized by user-defined `init_weights` in FUTR3DHead  

pts_bbox_head.transformer.decoder.layers.1.attentions.0.2.layers.0.mamba.D_f_xy - torch.Size([512]): 
The value is the same before and after calling `init_weights` of FUTR3D  

pts_bbox_head.transformer.decoder.layers.1.attentions.0.2.layers.0.mamba.D_b_xy - torch.Size([512]): 
The value is the same before and after calling `init_weights` of FUTR3D  

pts_bbox_head.transformer.decoder.layers.1.attentions.0.2.layers.0.mamba.in_proj.weight - torch.Size([2048, 256]): 
Initialized by user-defined `init_weights` in FUTR3DHead  

pts_bbox_head.transformer.decoder.layers.1.attentions.0.2.layers.0.mamba.in_proj_xy.weight - torch.Size([2048, 256]): 
Initialized by user-defined `init_weights` in FUTR3DHead  

pts_bbox_head.transformer.decoder.layers.1.attentions.0.2.layers.0.mamba.x_proj_f.weight - torch.Size([144, 512]): 
Initialized by user-defined `init_weights` in FUTR3DHead  

pts_bbox_head.transformer.decoder.layers.1.attentions.0.2.layers.0.mamba.x_proj_b.weight - torch.Size([144, 512]): 
Initialized by user-defined `init_weights` in FUTR3DHead  

pts_bbox_head.transformer.decoder.layers.1.attentions.0.2.layers.0.mamba.dt_proj_f.weight - torch.Size([512, 16]): 
Initialized by user-defined `init_weights` in FUTR3DHead  

pts_bbox_head.transformer.decoder.layers.1.attentions.0.2.layers.0.mamba.dt_proj_f.bias - torch.Size([512]): 
The value is the same before and after calling `init_weights` of FUTR3D  

pts_bbox_head.transformer.decoder.layers.1.attentions.0.2.layers.0.mamba.dt_proj_b.weight - torch.Size([512, 16]): 
Initialized by user-defined `init_weights` in FUTR3DHead  

pts_bbox_head.transformer.decoder.layers.1.attentions.0.2.layers.0.mamba.dt_proj_b.bias - torch.Size([512]): 
The value is the same before and after calling `init_weights` of FUTR3D  

pts_bbox_head.transformer.decoder.layers.1.attentions.0.2.layers.0.mamba.x_proj_f_xy.weight - torch.Size([144, 512]): 
Initialized by user-defined `init_weights` in FUTR3DHead  

pts_bbox_head.transformer.decoder.layers.1.attentions.0.2.layers.0.mamba.x_proj_b_xy.weight - torch.Size([144, 512]): 
Initialized by user-defined `init_weights` in FUTR3DHead  

pts_bbox_head.transformer.decoder.layers.1.attentions.0.2.layers.0.mamba.dt_proj_f_xy.weight - torch.Size([512, 16]): 
Initialized by user-defined `init_weights` in FUTR3DHead  

pts_bbox_head.transformer.decoder.layers.1.attentions.0.2.layers.0.mamba.dt_proj_f_xy.bias - torch.Size([512]): 
The value is the same before and after calling `init_weights` of FUTR3D  

pts_bbox_head.transformer.decoder.layers.1.attentions.0.2.layers.0.mamba.dt_proj_b_xy.weight - torch.Size([512, 16]): 
Initialized by user-defined `init_weights` in FUTR3DHead  

pts_bbox_head.transformer.decoder.layers.1.attentions.0.2.layers.0.mamba.dt_proj_b_xy.bias - torch.Size([512]): 
The value is the same before and after calling `init_weights` of FUTR3D  

pts_bbox_head.transformer.decoder.layers.1.attentions.0.2.layers.0.mamba.conv1d_x_f.weight - torch.Size([512, 1, 4]): 
Initialized by user-defined `init_weights` in FUTR3DHead  

pts_bbox_head.transformer.decoder.layers.1.attentions.0.2.layers.0.mamba.conv1d_x_f.bias - torch.Size([512]): 
The value is the same before and after calling `init_weights` of FUTR3D  

pts_bbox_head.transformer.decoder.layers.1.attentions.0.2.layers.0.mamba.conv1d_z_f.weight - torch.Size([512, 1, 4]): 
Initialized by user-defined `init_weights` in FUTR3DHead  

pts_bbox_head.transformer.decoder.layers.1.attentions.0.2.layers.0.mamba.conv1d_z_f.bias - torch.Size([512]): 
The value is the same before and after calling `init_weights` of FUTR3D  

pts_bbox_head.transformer.decoder.layers.1.attentions.0.2.layers.0.mamba.conv1d_x_b.weight - torch.Size([512, 1, 4]): 
Initialized by user-defined `init_weights` in FUTR3DHead  

pts_bbox_head.transformer.decoder.layers.1.attentions.0.2.layers.0.mamba.conv1d_x_b.bias - torch.Size([512]): 
The value is the same before and after calling `init_weights` of FUTR3D  

pts_bbox_head.transformer.decoder.layers.1.attentions.0.2.layers.0.mamba.conv1d_z_b.weight - torch.Size([512, 1, 4]): 
Initialized by user-defined `init_weights` in FUTR3DHead  

pts_bbox_head.transformer.decoder.layers.1.attentions.0.2.layers.0.mamba.conv1d_z_b.bias - torch.Size([512]): 
The value is the same before and after calling `init_weights` of FUTR3D  

pts_bbox_head.transformer.decoder.layers.1.attentions.0.2.layers.0.mamba.conv1d_x_xy_f.weight - torch.Size([512, 1, 4]): 
Initialized by user-defined `init_weights` in FUTR3DHead  

pts_bbox_head.transformer.decoder.layers.1.attentions.0.2.layers.0.mamba.conv1d_x_xy_f.bias - torch.Size([512]): 
The value is the same before and after calling `init_weights` of FUTR3D  

pts_bbox_head.transformer.decoder.layers.1.attentions.0.2.layers.0.mamba.conv1d_z_xy_f.weight - torch.Size([512, 1, 4]): 
Initialized by user-defined `init_weights` in FUTR3DHead  

pts_bbox_head.transformer.decoder.layers.1.attentions.0.2.layers.0.mamba.conv1d_z_xy_f.bias - torch.Size([512]): 
The value is the same before and after calling `init_weights` of FUTR3D  

pts_bbox_head.transformer.decoder.layers.1.attentions.0.2.layers.0.mamba.conv1d_x_xy_b.weight - torch.Size([512, 1, 4]): 
Initialized by user-defined `init_weights` in FUTR3DHead  

pts_bbox_head.transformer.decoder.layers.1.attentions.0.2.layers.0.mamba.conv1d_x_xy_b.bias - torch.Size([512]): 
The value is the same before and after calling `init_weights` of FUTR3D  

pts_bbox_head.transformer.decoder.layers.1.attentions.0.2.layers.0.mamba.conv1d_z_xy_b.weight - torch.Size([512, 1, 4]): 
Initialized by user-defined `init_weights` in FUTR3DHead  

pts_bbox_head.transformer.decoder.layers.1.attentions.0.2.layers.0.mamba.conv1d_z_xy_b.bias - torch.Size([512]): 
The value is the same before and after calling `init_weights` of FUTR3D  

pts_bbox_head.transformer.decoder.layers.1.attentions.0.2.layers.0.mamba.out_proj.weight - torch.Size([256, 2048]): 
Initialized by user-defined `init_weights` in FUTR3DHead  

pts_bbox_head.transformer.decoder.layers.1.attentions.0.2.layers.0.mamba.global_proj.weight - torch.Size([2048, 2048]): 
Initialized by user-defined `init_weights` in FUTR3DHead  

pts_bbox_head.transformer.decoder.layers.1.attentions.0.2.layers.0.mamba.global_proj.bias - torch.Size([2048]): 
The value is the same before and after calling `init_weights` of FUTR3D  

pts_bbox_head.transformer.decoder.layers.1.attentions.0.2.layers.0.norm.weight - torch.Size([256]): 
The value is the same before and after calling `init_weights` of FUTR3D  

pts_bbox_head.transformer.decoder.layers.1.attentions.0.2.layers.0.mlp.gate_proj.weight - torch.Size([1024, 256]): 
Initialized by user-defined `init_weights` in FUTR3DHead  

pts_bbox_head.transformer.decoder.layers.1.attentions.0.2.layers.0.mlp.up_proj.weight - torch.Size([1024, 256]): 
Initialized by user-defined `init_weights` in FUTR3DHead  

pts_bbox_head.transformer.decoder.layers.1.attentions.0.2.layers.0.mlp.down_proj.weight - torch.Size([256, 1024]): 
Initialized by user-defined `init_weights` in FUTR3DHead  

pts_bbox_head.transformer.decoder.layers.1.attentions.0.2.layers.0.mlp_norm.weight - torch.Size([256]): 
The value is the same before and after calling `init_weights` of FUTR3D  

pts_bbox_head.transformer.decoder.layers.1.attentions.0.2.layers.1.norm_before.weight - torch.Size([256]): 
The value is the same before and after calling `init_weights` of FUTR3D  

pts_bbox_head.transformer.decoder.layers.1.attentions.0.2.layers.1.mamba.A_log_f - torch.Size([512, 64]): 
Initialized by user-defined `init_weights` in FUTR3DHead  

pts_bbox_head.transformer.decoder.layers.1.attentions.0.2.layers.1.mamba.A_log_b - torch.Size([512, 64]): 
Initialized by user-defined `init_weights` in FUTR3DHead  

pts_bbox_head.transformer.decoder.layers.1.attentions.0.2.layers.1.mamba.D_f - torch.Size([512]): 
The value is the same before and after calling `init_weights` of FUTR3D  

pts_bbox_head.transformer.decoder.layers.1.attentions.0.2.layers.1.mamba.D_b - torch.Size([512]): 
The value is the same before and after calling `init_weights` of FUTR3D  

pts_bbox_head.transformer.decoder.layers.1.attentions.0.2.layers.1.mamba.A_log_f_xy - torch.Size([512, 64]): 
Initialized by user-defined `init_weights` in FUTR3DHead  

pts_bbox_head.transformer.decoder.layers.1.attentions.0.2.layers.1.mamba.A_log_b_xy - torch.Size([512, 64]): 
Initialized by user-defined `init_weights` in FUTR3DHead  

pts_bbox_head.transformer.decoder.layers.1.attentions.0.2.layers.1.mamba.D_f_xy - torch.Size([512]): 
The value is the same before and after calling `init_weights` of FUTR3D  

pts_bbox_head.transformer.decoder.layers.1.attentions.0.2.layers.1.mamba.D_b_xy - torch.Size([512]): 
The value is the same before and after calling `init_weights` of FUTR3D  

pts_bbox_head.transformer.decoder.layers.1.attentions.0.2.layers.1.mamba.in_proj.weight - torch.Size([2048, 256]): 
Initialized by user-defined `init_weights` in FUTR3DHead  

pts_bbox_head.transformer.decoder.layers.1.attentions.0.2.layers.1.mamba.in_proj_xy.weight - torch.Size([2048, 256]): 
Initialized by user-defined `init_weights` in FUTR3DHead  

pts_bbox_head.transformer.decoder.layers.1.attentions.0.2.layers.1.mamba.x_proj_f.weight - torch.Size([144, 512]): 
Initialized by user-defined `init_weights` in FUTR3DHead  

pts_bbox_head.transformer.decoder.layers.1.attentions.0.2.layers.1.mamba.x_proj_b.weight - torch.Size([144, 512]): 
Initialized by user-defined `init_weights` in FUTR3DHead  

pts_bbox_head.transformer.decoder.layers.1.attentions.0.2.layers.1.mamba.dt_proj_f.weight - torch.Size([512, 16]): 
Initialized by user-defined `init_weights` in FUTR3DHead  

pts_bbox_head.transformer.decoder.layers.1.attentions.0.2.layers.1.mamba.dt_proj_f.bias - torch.Size([512]): 
The value is the same before and after calling `init_weights` of FUTR3D  

pts_bbox_head.transformer.decoder.layers.1.attentions.0.2.layers.1.mamba.dt_proj_b.weight - torch.Size([512, 16]): 
Initialized by user-defined `init_weights` in FUTR3DHead  

pts_bbox_head.transformer.decoder.layers.1.attentions.0.2.layers.1.mamba.dt_proj_b.bias - torch.Size([512]): 
The value is the same before and after calling `init_weights` of FUTR3D  

pts_bbox_head.transformer.decoder.layers.1.attentions.0.2.layers.1.mamba.x_proj_f_xy.weight - torch.Size([144, 512]): 
Initialized by user-defined `init_weights` in FUTR3DHead  

pts_bbox_head.transformer.decoder.layers.1.attentions.0.2.layers.1.mamba.x_proj_b_xy.weight - torch.Size([144, 512]): 
Initialized by user-defined `init_weights` in FUTR3DHead  

pts_bbox_head.transformer.decoder.layers.1.attentions.0.2.layers.1.mamba.dt_proj_f_xy.weight - torch.Size([512, 16]): 
Initialized by user-defined `init_weights` in FUTR3DHead  

pts_bbox_head.transformer.decoder.layers.1.attentions.0.2.layers.1.mamba.dt_proj_f_xy.bias - torch.Size([512]): 
The value is the same before and after calling `init_weights` of FUTR3D  

pts_bbox_head.transformer.decoder.layers.1.attentions.0.2.layers.1.mamba.dt_proj_b_xy.weight - torch.Size([512, 16]): 
Initialized by user-defined `init_weights` in FUTR3DHead  

pts_bbox_head.transformer.decoder.layers.1.attentions.0.2.layers.1.mamba.dt_proj_b_xy.bias - torch.Size([512]): 
The value is the same before and after calling `init_weights` of FUTR3D  

pts_bbox_head.transformer.decoder.layers.1.attentions.0.2.layers.1.mamba.conv1d_x_f.weight - torch.Size([512, 1, 4]): 
Initialized by user-defined `init_weights` in FUTR3DHead  

pts_bbox_head.transformer.decoder.layers.1.attentions.0.2.layers.1.mamba.conv1d_x_f.bias - torch.Size([512]): 
The value is the same before and after calling `init_weights` of FUTR3D  

pts_bbox_head.transformer.decoder.layers.1.attentions.0.2.layers.1.mamba.conv1d_z_f.weight - torch.Size([512, 1, 4]): 
Initialized by user-defined `init_weights` in FUTR3DHead  

pts_bbox_head.transformer.decoder.layers.1.attentions.0.2.layers.1.mamba.conv1d_z_f.bias - torch.Size([512]): 
The value is the same before and after calling `init_weights` of FUTR3D  

pts_bbox_head.transformer.decoder.layers.1.attentions.0.2.layers.1.mamba.conv1d_x_b.weight - torch.Size([512, 1, 4]): 
Initialized by user-defined `init_weights` in FUTR3DHead  

pts_bbox_head.transformer.decoder.layers.1.attentions.0.2.layers.1.mamba.conv1d_x_b.bias - torch.Size([512]): 
The value is the same before and after calling `init_weights` of FUTR3D  

pts_bbox_head.transformer.decoder.layers.1.attentions.0.2.layers.1.mamba.conv1d_z_b.weight - torch.Size([512, 1, 4]): 
Initialized by user-defined `init_weights` in FUTR3DHead  

pts_bbox_head.transformer.decoder.layers.1.attentions.0.2.layers.1.mamba.conv1d_z_b.bias - torch.Size([512]): 
The value is the same before and after calling `init_weights` of FUTR3D  

pts_bbox_head.transformer.decoder.layers.1.attentions.0.2.layers.1.mamba.conv1d_x_xy_f.weight - torch.Size([512, 1, 4]): 
Initialized by user-defined `init_weights` in FUTR3DHead  

pts_bbox_head.transformer.decoder.layers.1.attentions.0.2.layers.1.mamba.conv1d_x_xy_f.bias - torch.Size([512]): 
The value is the same before and after calling `init_weights` of FUTR3D  

pts_bbox_head.transformer.decoder.layers.1.attentions.0.2.layers.1.mamba.conv1d_z_xy_f.weight - torch.Size([512, 1, 4]): 
Initialized by user-defined `init_weights` in FUTR3DHead  

pts_bbox_head.transformer.decoder.layers.1.attentions.0.2.layers.1.mamba.conv1d_z_xy_f.bias - torch.Size([512]): 
The value is the same before and after calling `init_weights` of FUTR3D  

pts_bbox_head.transformer.decoder.layers.1.attentions.0.2.layers.1.mamba.conv1d_x_xy_b.weight - torch.Size([512, 1, 4]): 
Initialized by user-defined `init_weights` in FUTR3DHead  

pts_bbox_head.transformer.decoder.layers.1.attentions.0.2.layers.1.mamba.conv1d_x_xy_b.bias - torch.Size([512]): 
The value is the same before and after calling `init_weights` of FUTR3D  

pts_bbox_head.transformer.decoder.layers.1.attentions.0.2.layers.1.mamba.conv1d_z_xy_b.weight - torch.Size([512, 1, 4]): 
Initialized by user-defined `init_weights` in FUTR3DHead  

pts_bbox_head.transformer.decoder.layers.1.attentions.0.2.layers.1.mamba.conv1d_z_xy_b.bias - torch.Size([512]): 
The value is the same before and after calling `init_weights` of FUTR3D  

pts_bbox_head.transformer.decoder.layers.1.attentions.0.2.layers.1.mamba.out_proj.weight - torch.Size([256, 2048]): 
Initialized by user-defined `init_weights` in FUTR3DHead  

pts_bbox_head.transformer.decoder.layers.1.attentions.0.2.layers.1.mamba.global_proj.weight - torch.Size([2048, 2048]): 
Initialized by user-defined `init_weights` in FUTR3DHead  

pts_bbox_head.transformer.decoder.layers.1.attentions.0.2.layers.1.mamba.global_proj.bias - torch.Size([2048]): 
The value is the same before and after calling `init_weights` of FUTR3D  

pts_bbox_head.transformer.decoder.layers.1.attentions.0.2.layers.1.norm.weight - torch.Size([256]): 
The value is the same before and after calling `init_weights` of FUTR3D  

pts_bbox_head.transformer.decoder.layers.1.attentions.0.2.layers.1.mlp.gate_proj.weight - torch.Size([1024, 256]): 
Initialized by user-defined `init_weights` in FUTR3DHead  

pts_bbox_head.transformer.decoder.layers.1.attentions.0.2.layers.1.mlp.up_proj.weight - torch.Size([1024, 256]): 
Initialized by user-defined `init_weights` in FUTR3DHead  

pts_bbox_head.transformer.decoder.layers.1.attentions.0.2.layers.1.mlp.down_proj.weight - torch.Size([256, 1024]): 
Initialized by user-defined `init_weights` in FUTR3DHead  

pts_bbox_head.transformer.decoder.layers.1.attentions.1.sampling_offsets.weight - torch.Size([256, 256]): 
Initialized by user-defined `init_weights` in FUTR3DHead  

pts_bbox_head.transformer.decoder.layers.1.attentions.1.sampling_offsets.bias - torch.Size([256]): 
The value is the same before and after calling `init_weights` of FUTR3D  

pts_bbox_head.transformer.decoder.layers.1.attentions.1.attention_weights.weight - torch.Size([128, 256]): 
Initialized by user-defined `init_weights` in FUTR3DHead  

pts_bbox_head.transformer.decoder.layers.1.attentions.1.attention_weights.bias - torch.Size([128]): 
The value is the same before and after calling `init_weights` of FUTR3D  

pts_bbox_head.transformer.decoder.layers.1.attentions.1.value_proj.weight - torch.Size([256, 256]): 
Initialized by user-defined `init_weights` in FUTR3DHead  

pts_bbox_head.transformer.decoder.layers.1.attentions.1.value_proj.bias - torch.Size([256]): 
The value is the same before and after calling `init_weights` of FUTR3D  

pts_bbox_head.transformer.decoder.layers.1.attentions.1.output_proj.weight - torch.Size([256, 256]): 
Initialized by user-defined `init_weights` in FUTR3DHead  

pts_bbox_head.transformer.decoder.layers.1.attentions.1.output_proj.bias - torch.Size([256]): 
The value is the same before and after calling `init_weights` of FUTR3D  

pts_bbox_head.transformer.decoder.layers.1.attentions.1.camera_mixer.layers.0.A_log_h2t - torch.Size([512, 16]): 
Initialized by user-defined `init_weights` in FUTR3DHead  

pts_bbox_head.transformer.decoder.layers.1.attentions.1.camera_mixer.layers.0.D_h2t - torch.Size([512]): 
The value is the same before and after calling `init_weights` of FUTR3D  

pts_bbox_head.transformer.decoder.layers.1.attentions.1.camera_mixer.layers.0.A_log_t2h - torch.Size([512, 16]): 
Initialized by user-defined `init_weights` in FUTR3DHead  

pts_bbox_head.transformer.decoder.layers.1.attentions.1.camera_mixer.layers.0.D_t2h - torch.Size([512]): 
The value is the same before and after calling `init_weights` of FUTR3D  

pts_bbox_head.transformer.decoder.layers.1.attentions.1.camera_mixer.layers.0.in_proj.weight - torch.Size([1024, 256]): 
Initialized by user-defined `init_weights` in FUTR3DHead  

pts_bbox_head.transformer.decoder.layers.1.attentions.1.camera_mixer.layers.0.conv1d_h2t.weight - torch.Size([512, 1, 4]): 
Initialized by user-defined `init_weights` in FUTR3DHead  

pts_bbox_head.transformer.decoder.layers.1.attentions.1.camera_mixer.layers.0.conv1d_h2t.bias - torch.Size([512]): 
The value is the same before and after calling `init_weights` of FUTR3D  

pts_bbox_head.transformer.decoder.layers.1.attentions.1.camera_mixer.layers.0.x_proj_h2t.weight - torch.Size([48, 512]): 
Initialized by user-defined `init_weights` in FUTR3DHead  

pts_bbox_head.transformer.decoder.layers.1.attentions.1.camera_mixer.layers.0.dt_proj_h2t.weight - torch.Size([512, 16]): 
Initialized by user-defined `init_weights` in FUTR3DHead  

pts_bbox_head.transformer.decoder.layers.1.attentions.1.camera_mixer.layers.0.dt_proj_h2t.bias - torch.Size([512]): 
The value is the same before and after calling `init_weights` of FUTR3D  

pts_bbox_head.transformer.decoder.layers.1.attentions.1.camera_mixer.layers.0.conv1d_t2h.weight - torch.Size([512, 1, 4]): 
Initialized by user-defined `init_weights` in FUTR3DHead  

pts_bbox_head.transformer.decoder.layers.1.attentions.1.camera_mixer.layers.0.conv1d_t2h.bias - torch.Size([512]): 
The value is the same before and after calling `init_weights` of FUTR3D  

pts_bbox_head.transformer.decoder.layers.1.attentions.1.camera_mixer.layers.0.x_proj_t2h.weight - torch.Size([48, 512]): 
Initialized by user-defined `init_weights` in FUTR3DHead  

pts_bbox_head.transformer.decoder.layers.1.attentions.1.camera_mixer.layers.0.dt_proj_t2h.weight - torch.Size([512, 16]): 
Initialized by user-defined `init_weights` in FUTR3DHead  

pts_bbox_head.transformer.decoder.layers.1.attentions.1.camera_mixer.layers.0.dt_proj_t2h.bias - torch.Size([512]): 
The value is the same before and after calling `init_weights` of FUTR3D  

pts_bbox_head.transformer.decoder.layers.1.attentions.1.camera_mixer.layers.0.lidar_guidance_proj.weight - torch.Size([512, 512]): 
Initialized by user-defined `init_weights` in FUTR3DHead  

pts_bbox_head.transformer.decoder.layers.1.attentions.1.camera_mixer.layers.0.lidar_guidance_proj.bias - torch.Size([512]): 
The value is the same before and after calling `init_weights` of FUTR3D  

pts_bbox_head.transformer.decoder.layers.1.attentions.1.camera_mixer.layers.0.out_proj.weight - torch.Size([256, 512]): 
Initialized by user-defined `init_weights` in FUTR3DHead  

pts_bbox_head.transformer.decoder.layers.1.attentions.1.camera_mixer.layers.1.A_log_h2t - torch.Size([512, 16]): 
Initialized by user-defined `init_weights` in FUTR3DHead  

pts_bbox_head.transformer.decoder.layers.1.attentions.1.camera_mixer.layers.1.D_h2t - torch.Size([512]): 
The value is the same before and after calling `init_weights` of FUTR3D  

pts_bbox_head.transformer.decoder.layers.1.attentions.1.camera_mixer.layers.1.A_log_t2h - torch.Size([512, 16]): 
Initialized by user-defined `init_weights` in FUTR3DHead  

pts_bbox_head.transformer.decoder.layers.1.attentions.1.camera_mixer.layers.1.D_t2h - torch.Size([512]): 
The value is the same before and after calling `init_weights` of FUTR3D  

pts_bbox_head.transformer.decoder.layers.1.attentions.1.camera_mixer.layers.1.in_proj.weight - torch.Size([1024, 256]): 
Initialized by user-defined `init_weights` in FUTR3DHead  

pts_bbox_head.transformer.decoder.layers.1.attentions.1.camera_mixer.layers.1.conv1d_h2t.weight - torch.Size([512, 1, 4]): 
Initialized by user-defined `init_weights` in FUTR3DHead  

pts_bbox_head.transformer.decoder.layers.1.attentions.1.camera_mixer.layers.1.conv1d_h2t.bias - torch.Size([512]): 
The value is the same before and after calling `init_weights` of FUTR3D  

pts_bbox_head.transformer.decoder.layers.1.attentions.1.camera_mixer.layers.1.x_proj_h2t.weight - torch.Size([48, 512]): 
Initialized by user-defined `init_weights` in FUTR3DHead  

pts_bbox_head.transformer.decoder.layers.1.attentions.1.camera_mixer.layers.1.dt_proj_h2t.weight - torch.Size([512, 16]): 
Initialized by user-defined `init_weights` in FUTR3DHead  

pts_bbox_head.transformer.decoder.layers.1.attentions.1.camera_mixer.layers.1.dt_proj_h2t.bias - torch.Size([512]): 
The value is the same before and after calling `init_weights` of FUTR3D  

pts_bbox_head.transformer.decoder.layers.1.attentions.1.camera_mixer.layers.1.conv1d_t2h.weight - torch.Size([512, 1, 4]): 
Initialized by user-defined `init_weights` in FUTR3DHead  

pts_bbox_head.transformer.decoder.layers.1.attentions.1.camera_mixer.layers.1.conv1d_t2h.bias - torch.Size([512]): 
The value is the same before and after calling `init_weights` of FUTR3D  

pts_bbox_head.transformer.decoder.layers.1.attentions.1.camera_mixer.layers.1.x_proj_t2h.weight - torch.Size([48, 512]): 
Initialized by user-defined `init_weights` in FUTR3DHead  

pts_bbox_head.transformer.decoder.layers.1.attentions.1.camera_mixer.layers.1.dt_proj_t2h.weight - torch.Size([512, 16]): 
Initialized by user-defined `init_weights` in FUTR3DHead  

pts_bbox_head.transformer.decoder.layers.1.attentions.1.camera_mixer.layers.1.dt_proj_t2h.bias - torch.Size([512]): 
The value is the same before and after calling `init_weights` of FUTR3D  

pts_bbox_head.transformer.decoder.layers.1.attentions.1.camera_mixer.layers.1.lidar_guidance_proj.weight - torch.Size([512, 512]): 
Initialized by user-defined `init_weights` in FUTR3DHead  

pts_bbox_head.transformer.decoder.layers.1.attentions.1.camera_mixer.layers.1.lidar_guidance_proj.bias - torch.Size([512]): 
The value is the same before and after calling `init_weights` of FUTR3D  

pts_bbox_head.transformer.decoder.layers.1.attentions.1.camera_mixer.layers.1.out_proj.weight - torch.Size([256, 512]): 
Initialized by user-defined `init_weights` in FUTR3DHead  

pts_bbox_head.transformer.decoder.layers.1.attentions.1.camera_mixer.norm.0.weight - torch.Size([256]): 
The value is the same before and after calling `init_weights` of FUTR3D  

pts_bbox_head.transformer.decoder.layers.1.attentions.1.camera_mixer.norm.0.bias - torch.Size([256]): 
The value is the same before and after calling `init_weights` of FUTR3D  

pts_bbox_head.transformer.decoder.layers.1.attentions.1.camera_mixer.norm.1.weight - torch.Size([256]): 
The value is the same before and after calling `init_weights` of FUTR3D  

pts_bbox_head.transformer.decoder.layers.1.attentions.1.camera_mixer.norm.1.bias - torch.Size([256]): 
The value is the same before and after calling `init_weights` of FUTR3D  

pts_bbox_head.transformer.decoder.layers.1.ffns.0.layers.0.0.weight - torch.Size([1024, 256]): 
Initialized by user-defined `init_weights` in FUTR3DHead  

pts_bbox_head.transformer.decoder.layers.1.ffns.0.layers.0.0.bias - torch.Size([1024]): 
The value is the same before and after calling `init_weights` of FUTR3D  

pts_bbox_head.transformer.decoder.layers.1.ffns.0.layers.1.weight - torch.Size([256, 1024]): 
Initialized by user-defined `init_weights` in FUTR3DHead  

pts_bbox_head.transformer.decoder.layers.1.ffns.0.layers.1.bias - torch.Size([256]): 
The value is the same before and after calling `init_weights` of FUTR3D  

pts_bbox_head.transformer.decoder.layers.1.norms.0.weight - torch.Size([256]): 
The value is the same before and after calling `init_weights` of FUTR3D  

pts_bbox_head.transformer.decoder.layers.1.norms.0.bias - torch.Size([256]): 
The value is the same before and after calling `init_weights` of FUTR3D  

pts_bbox_head.transformer.decoder.layers.1.norms.1.weight - torch.Size([256]): 
The value is the same before and after calling `init_weights` of FUTR3D  

pts_bbox_head.transformer.decoder.layers.1.norms.1.bias - torch.Size([256]): 
The value is the same before and after calling `init_weights` of FUTR3D  

pts_bbox_head.transformer.decoder.layers.1.norms.2.weight - torch.Size([256]): 
The value is the same before and after calling `init_weights` of FUTR3D  

pts_bbox_head.transformer.decoder.layers.1.norms.2.bias - torch.Size([256]): 
The value is the same before and after calling `init_weights` of FUTR3D  

pts_bbox_head.transformer.decoder.layers.2.attentions.0.0.attn.in_proj_weight - torch.Size([768, 256]): 
Initialized by user-defined `init_weights` in FUTR3DHead  

pts_bbox_head.transformer.decoder.layers.2.attentions.0.0.attn.in_proj_bias - torch.Size([768]): 
The value is the same before and after calling `init_weights` of FUTR3D  

pts_bbox_head.transformer.decoder.layers.2.attentions.0.0.attn.out_proj.weight - torch.Size([256, 256]): 
Initialized by user-defined `init_weights` in FUTR3DHead  

pts_bbox_head.transformer.decoder.layers.2.attentions.0.0.attn.out_proj.bias - torch.Size([256]): 
The value is the same before and after calling `init_weights` of FUTR3D  

pts_bbox_head.transformer.decoder.layers.2.attentions.0.1.weight - torch.Size([256]): 
The value is the same before and after calling `init_weights` of FUTR3D  

pts_bbox_head.transformer.decoder.layers.2.attentions.0.2.layers.0.norm_before.weight - torch.Size([256]): 
The value is the same before and after calling `init_weights` of FUTR3D  

pts_bbox_head.transformer.decoder.layers.2.attentions.0.2.layers.0.mamba.A_log_f - torch.Size([512, 64]): 
Initialized by user-defined `init_weights` in FUTR3DHead  

pts_bbox_head.transformer.decoder.layers.2.attentions.0.2.layers.0.mamba.A_log_b - torch.Size([512, 64]): 
Initialized by user-defined `init_weights` in FUTR3DHead  

pts_bbox_head.transformer.decoder.layers.2.attentions.0.2.layers.0.mamba.D_f - torch.Size([512]): 
The value is the same before and after calling `init_weights` of FUTR3D  

pts_bbox_head.transformer.decoder.layers.2.attentions.0.2.layers.0.mamba.D_b - torch.Size([512]): 
The value is the same before and after calling `init_weights` of FUTR3D  

pts_bbox_head.transformer.decoder.layers.2.attentions.0.2.layers.0.mamba.A_log_f_xy - torch.Size([512, 64]): 
Initialized by user-defined `init_weights` in FUTR3DHead  

pts_bbox_head.transformer.decoder.layers.2.attentions.0.2.layers.0.mamba.A_log_b_xy - torch.Size([512, 64]): 
Initialized by user-defined `init_weights` in FUTR3DHead  

pts_bbox_head.transformer.decoder.layers.2.attentions.0.2.layers.0.mamba.D_f_xy - torch.Size([512]): 
The value is the same before and after calling `init_weights` of FUTR3D  

pts_bbox_head.transformer.decoder.layers.2.attentions.0.2.layers.0.mamba.D_b_xy - torch.Size([512]): 
The value is the same before and after calling `init_weights` of FUTR3D  

pts_bbox_head.transformer.decoder.layers.2.attentions.0.2.layers.0.mamba.in_proj.weight - torch.Size([2048, 256]): 
Initialized by user-defined `init_weights` in FUTR3DHead  

pts_bbox_head.transformer.decoder.layers.2.attentions.0.2.layers.0.mamba.in_proj_xy.weight - torch.Size([2048, 256]): 
Initialized by user-defined `init_weights` in FUTR3DHead  

pts_bbox_head.transformer.decoder.layers.2.attentions.0.2.layers.0.mamba.x_proj_f.weight - torch.Size([144, 512]): 
Initialized by user-defined `init_weights` in FUTR3DHead  

pts_bbox_head.transformer.decoder.layers.2.attentions.0.2.layers.0.mamba.x_proj_b.weight - torch.Size([144, 512]): 
Initialized by user-defined `init_weights` in FUTR3DHead  

pts_bbox_head.transformer.decoder.layers.2.attentions.0.2.layers.0.mamba.dt_proj_f.weight - torch.Size([512, 16]): 
Initialized by user-defined `init_weights` in FUTR3DHead  

pts_bbox_head.transformer.decoder.layers.2.attentions.0.2.layers.0.mamba.dt_proj_f.bias - torch.Size([512]): 
The value is the same before and after calling `init_weights` of FUTR3D  

pts_bbox_head.transformer.decoder.layers.2.attentions.0.2.layers.0.mamba.dt_proj_b.weight - torch.Size([512, 16]): 
Initialized by user-defined `init_weights` in FUTR3DHead  

pts_bbox_head.transformer.decoder.layers.2.attentions.0.2.layers.0.mamba.dt_proj_b.bias - torch.Size([512]): 
The value is the same before and after calling `init_weights` of FUTR3D  

pts_bbox_head.transformer.decoder.layers.2.attentions.0.2.layers.0.mamba.x_proj_f_xy.weight - torch.Size([144, 512]): 
Initialized by user-defined `init_weights` in FUTR3DHead  

pts_bbox_head.transformer.decoder.layers.2.attentions.0.2.layers.0.mamba.x_proj_b_xy.weight - torch.Size([144, 512]): 
Initialized by user-defined `init_weights` in FUTR3DHead  

pts_bbox_head.transformer.decoder.layers.2.attentions.0.2.layers.0.mamba.dt_proj_f_xy.weight - torch.Size([512, 16]): 
Initialized by user-defined `init_weights` in FUTR3DHead  

pts_bbox_head.transformer.decoder.layers.2.attentions.0.2.layers.0.mamba.dt_proj_f_xy.bias - torch.Size([512]): 
The value is the same before and after calling `init_weights` of FUTR3D  

pts_bbox_head.transformer.decoder.layers.2.attentions.0.2.layers.0.mamba.dt_proj_b_xy.weight - torch.Size([512, 16]): 
Initialized by user-defined `init_weights` in FUTR3DHead  

pts_bbox_head.transformer.decoder.layers.2.attentions.0.2.layers.0.mamba.dt_proj_b_xy.bias - torch.Size([512]): 
The value is the same before and after calling `init_weights` of FUTR3D  

pts_bbox_head.transformer.decoder.layers.2.attentions.0.2.layers.0.mamba.conv1d_x_f.weight - torch.Size([512, 1, 4]): 
Initialized by user-defined `init_weights` in FUTR3DHead  

pts_bbox_head.transformer.decoder.layers.2.attentions.0.2.layers.0.mamba.conv1d_x_f.bias - torch.Size([512]): 
The value is the same before and after calling `init_weights` of FUTR3D  

pts_bbox_head.transformer.decoder.layers.2.attentions.0.2.layers.0.mamba.conv1d_z_f.weight - torch.Size([512, 1, 4]): 
Initialized by user-defined `init_weights` in FUTR3DHead  

pts_bbox_head.transformer.decoder.layers.2.attentions.0.2.layers.0.mamba.conv1d_z_f.bias - torch.Size([512]): 
The value is the same before and after calling `init_weights` of FUTR3D  

pts_bbox_head.transformer.decoder.layers.2.attentions.0.2.layers.0.mamba.conv1d_x_b.weight - torch.Size([512, 1, 4]): 
Initialized by user-defined `init_weights` in FUTR3DHead  

pts_bbox_head.transformer.decoder.layers.2.attentions.0.2.layers.0.mamba.conv1d_x_b.bias - torch.Size([512]): 
The value is the same before and after calling `init_weights` of FUTR3D  

pts_bbox_head.transformer.decoder.layers.2.attentions.0.2.layers.0.mamba.conv1d_z_b.weight - torch.Size([512, 1, 4]): 
Initialized by user-defined `init_weights` in FUTR3DHead  

pts_bbox_head.transformer.decoder.layers.2.attentions.0.2.layers.0.mamba.conv1d_z_b.bias - torch.Size([512]): 
The value is the same before and after calling `init_weights` of FUTR3D  

pts_bbox_head.transformer.decoder.layers.2.attentions.0.2.layers.0.mamba.conv1d_x_xy_f.weight - torch.Size([512, 1, 4]): 
Initialized by user-defined `init_weights` in FUTR3DHead  

pts_bbox_head.transformer.decoder.layers.2.attentions.0.2.layers.0.mamba.conv1d_x_xy_f.bias - torch.Size([512]): 
The value is the same before and after calling `init_weights` of FUTR3D  

pts_bbox_head.transformer.decoder.layers.2.attentions.0.2.layers.0.mamba.conv1d_z_xy_f.weight - torch.Size([512, 1, 4]): 
Initialized by user-defined `init_weights` in FUTR3DHead  

pts_bbox_head.transformer.decoder.layers.2.attentions.0.2.layers.0.mamba.conv1d_z_xy_f.bias - torch.Size([512]): 
The value is the same before and after calling `init_weights` of FUTR3D  

pts_bbox_head.transformer.decoder.layers.2.attentions.0.2.layers.0.mamba.conv1d_x_xy_b.weight - torch.Size([512, 1, 4]): 
Initialized by user-defined `init_weights` in FUTR3DHead  

pts_bbox_head.transformer.decoder.layers.2.attentions.0.2.layers.0.mamba.conv1d_x_xy_b.bias - torch.Size([512]): 
The value is the same before and after calling `init_weights` of FUTR3D  

pts_bbox_head.transformer.decoder.layers.2.attentions.0.2.layers.0.mamba.conv1d_z_xy_b.weight - torch.Size([512, 1, 4]): 
Initialized by user-defined `init_weights` in FUTR3DHead  

pts_bbox_head.transformer.decoder.layers.2.attentions.0.2.layers.0.mamba.conv1d_z_xy_b.bias - torch.Size([512]): 
The value is the same before and after calling `init_weights` of FUTR3D  

pts_bbox_head.transformer.decoder.layers.2.attentions.0.2.layers.0.mamba.out_proj.weight - torch.Size([256, 2048]): 
Initialized by user-defined `init_weights` in FUTR3DHead  

pts_bbox_head.transformer.decoder.layers.2.attentions.0.2.layers.0.mamba.global_proj.weight - torch.Size([2048, 2048]): 
Initialized by user-defined `init_weights` in FUTR3DHead  

pts_bbox_head.transformer.decoder.layers.2.attentions.0.2.layers.0.mamba.global_proj.bias - torch.Size([2048]): 
The value is the same before and after calling `init_weights` of FUTR3D  

pts_bbox_head.transformer.decoder.layers.2.attentions.0.2.layers.0.norm.weight - torch.Size([256]): 
The value is the same before and after calling `init_weights` of FUTR3D  

pts_bbox_head.transformer.decoder.layers.2.attentions.0.2.layers.0.mlp.gate_proj.weight - torch.Size([1024, 256]): 
Initialized by user-defined `init_weights` in FUTR3DHead  

pts_bbox_head.transformer.decoder.layers.2.attentions.0.2.layers.0.mlp.up_proj.weight - torch.Size([1024, 256]): 
Initialized by user-defined `init_weights` in FUTR3DHead  

pts_bbox_head.transformer.decoder.layers.2.attentions.0.2.layers.0.mlp.down_proj.weight - torch.Size([256, 1024]): 
Initialized by user-defined `init_weights` in FUTR3DHead  

pts_bbox_head.transformer.decoder.layers.2.attentions.0.2.layers.0.mlp_norm.weight - torch.Size([256]): 
The value is the same before and after calling `init_weights` of FUTR3D  

pts_bbox_head.transformer.decoder.layers.2.attentions.0.2.layers.1.norm_before.weight - torch.Size([256]): 
The value is the same before and after calling `init_weights` of FUTR3D  

pts_bbox_head.transformer.decoder.layers.2.attentions.0.2.layers.1.mamba.A_log_f - torch.Size([512, 64]): 
Initialized by user-defined `init_weights` in FUTR3DHead  

pts_bbox_head.transformer.decoder.layers.2.attentions.0.2.layers.1.mamba.A_log_b - torch.Size([512, 64]): 
Initialized by user-defined `init_weights` in FUTR3DHead  

pts_bbox_head.transformer.decoder.layers.2.attentions.0.2.layers.1.mamba.D_f - torch.Size([512]): 
The value is the same before and after calling `init_weights` of FUTR3D  

pts_bbox_head.transformer.decoder.layers.2.attentions.0.2.layers.1.mamba.D_b - torch.Size([512]): 
The value is the same before and after calling `init_weights` of FUTR3D  

pts_bbox_head.transformer.decoder.layers.2.attentions.0.2.layers.1.mamba.A_log_f_xy - torch.Size([512, 64]): 
Initialized by user-defined `init_weights` in FUTR3DHead  

pts_bbox_head.transformer.decoder.layers.2.attentions.0.2.layers.1.mamba.A_log_b_xy - torch.Size([512, 64]): 
Initialized by user-defined `init_weights` in FUTR3DHead  

pts_bbox_head.transformer.decoder.layers.2.attentions.0.2.layers.1.mamba.D_f_xy - torch.Size([512]): 
The value is the same before and after calling `init_weights` of FUTR3D  

pts_bbox_head.transformer.decoder.layers.2.attentions.0.2.layers.1.mamba.D_b_xy - torch.Size([512]): 
The value is the same before and after calling `init_weights` of FUTR3D  

pts_bbox_head.transformer.decoder.layers.2.attentions.0.2.layers.1.mamba.in_proj.weight - torch.Size([2048, 256]): 
Initialized by user-defined `init_weights` in FUTR3DHead  

pts_bbox_head.transformer.decoder.layers.2.attentions.0.2.layers.1.mamba.in_proj_xy.weight - torch.Size([2048, 256]): 
Initialized by user-defined `init_weights` in FUTR3DHead  

pts_bbox_head.transformer.decoder.layers.2.attentions.0.2.layers.1.mamba.x_proj_f.weight - torch.Size([144, 512]): 
Initialized by user-defined `init_weights` in FUTR3DHead  

pts_bbox_head.transformer.decoder.layers.2.attentions.0.2.layers.1.mamba.x_proj_b.weight - torch.Size([144, 512]): 
Initialized by user-defined `init_weights` in FUTR3DHead  

pts_bbox_head.transformer.decoder.layers.2.attentions.0.2.layers.1.mamba.dt_proj_f.weight - torch.Size([512, 16]): 
Initialized by user-defined `init_weights` in FUTR3DHead  

pts_bbox_head.transformer.decoder.layers.2.attentions.0.2.layers.1.mamba.dt_proj_f.bias - torch.Size([512]): 
The value is the same before and after calling `init_weights` of FUTR3D  

pts_bbox_head.transformer.decoder.layers.2.attentions.0.2.layers.1.mamba.dt_proj_b.weight - torch.Size([512, 16]): 
Initialized by user-defined `init_weights` in FUTR3DHead  

pts_bbox_head.transformer.decoder.layers.2.attentions.0.2.layers.1.mamba.dt_proj_b.bias - torch.Size([512]): 
The value is the same before and after calling `init_weights` of FUTR3D  

pts_bbox_head.transformer.decoder.layers.2.attentions.0.2.layers.1.mamba.x_proj_f_xy.weight - torch.Size([144, 512]): 
Initialized by user-defined `init_weights` in FUTR3DHead  

pts_bbox_head.transformer.decoder.layers.2.attentions.0.2.layers.1.mamba.x_proj_b_xy.weight - torch.Size([144, 512]): 
Initialized by user-defined `init_weights` in FUTR3DHead  

pts_bbox_head.transformer.decoder.layers.2.attentions.0.2.layers.1.mamba.dt_proj_f_xy.weight - torch.Size([512, 16]): 
Initialized by user-defined `init_weights` in FUTR3DHead  

pts_bbox_head.transformer.decoder.layers.2.attentions.0.2.layers.1.mamba.dt_proj_f_xy.bias - torch.Size([512]): 
The value is the same before and after calling `init_weights` of FUTR3D  

pts_bbox_head.transformer.decoder.layers.2.attentions.0.2.layers.1.mamba.dt_proj_b_xy.weight - torch.Size([512, 16]): 
Initialized by user-defined `init_weights` in FUTR3DHead  

pts_bbox_head.transformer.decoder.layers.2.attentions.0.2.layers.1.mamba.dt_proj_b_xy.bias - torch.Size([512]): 
The value is the same before and after calling `init_weights` of FUTR3D  

pts_bbox_head.transformer.decoder.layers.2.attentions.0.2.layers.1.mamba.conv1d_x_f.weight - torch.Size([512, 1, 4]): 
Initialized by user-defined `init_weights` in FUTR3DHead  

pts_bbox_head.transformer.decoder.layers.2.attentions.0.2.layers.1.mamba.conv1d_x_f.bias - torch.Size([512]): 
The value is the same before and after calling `init_weights` of FUTR3D  

pts_bbox_head.transformer.decoder.layers.2.attentions.0.2.layers.1.mamba.conv1d_z_f.weight - torch.Size([512, 1, 4]): 
Initialized by user-defined `init_weights` in FUTR3DHead  

pts_bbox_head.transformer.decoder.layers.2.attentions.0.2.layers.1.mamba.conv1d_z_f.bias - torch.Size([512]): 
The value is the same before and after calling `init_weights` of FUTR3D  

pts_bbox_head.transformer.decoder.layers.2.attentions.0.2.layers.1.mamba.conv1d_x_b.weight - torch.Size([512, 1, 4]): 
Initialized by user-defined `init_weights` in FUTR3DHead  

pts_bbox_head.transformer.decoder.layers.2.attentions.0.2.layers.1.mamba.conv1d_x_b.bias - torch.Size([512]): 
The value is the same before and after calling `init_weights` of FUTR3D  

pts_bbox_head.transformer.decoder.layers.2.attentions.0.2.layers.1.mamba.conv1d_z_b.weight - torch.Size([512, 1, 4]): 
Initialized by user-defined `init_weights` in FUTR3DHead  

pts_bbox_head.transformer.decoder.layers.2.attentions.0.2.layers.1.mamba.conv1d_z_b.bias - torch.Size([512]): 
The value is the same before and after calling `init_weights` of FUTR3D  

pts_bbox_head.transformer.decoder.layers.2.attentions.0.2.layers.1.mamba.conv1d_x_xy_f.weight - torch.Size([512, 1, 4]): 
Initialized by user-defined `init_weights` in FUTR3DHead  

pts_bbox_head.transformer.decoder.layers.2.attentions.0.2.layers.1.mamba.conv1d_x_xy_f.bias - torch.Size([512]): 
The value is the same before and after calling `init_weights` of FUTR3D  

pts_bbox_head.transformer.decoder.layers.2.attentions.0.2.layers.1.mamba.conv1d_z_xy_f.weight - torch.Size([512, 1, 4]): 
Initialized by user-defined `init_weights` in FUTR3DHead  

pts_bbox_head.transformer.decoder.layers.2.attentions.0.2.layers.1.mamba.conv1d_z_xy_f.bias - torch.Size([512]): 
The value is the same before and after calling `init_weights` of FUTR3D  

pts_bbox_head.transformer.decoder.layers.2.attentions.0.2.layers.1.mamba.conv1d_x_xy_b.weight - torch.Size([512, 1, 4]): 
Initialized by user-defined `init_weights` in FUTR3DHead  

pts_bbox_head.transformer.decoder.layers.2.attentions.0.2.layers.1.mamba.conv1d_x_xy_b.bias - torch.Size([512]): 
The value is the same before and after calling `init_weights` of FUTR3D  

pts_bbox_head.transformer.decoder.layers.2.attentions.0.2.layers.1.mamba.conv1d_z_xy_b.weight - torch.Size([512, 1, 4]): 
Initialized by user-defined `init_weights` in FUTR3DHead  

pts_bbox_head.transformer.decoder.layers.2.attentions.0.2.layers.1.mamba.conv1d_z_xy_b.bias - torch.Size([512]): 
The value is the same before and after calling `init_weights` of FUTR3D  

pts_bbox_head.transformer.decoder.layers.2.attentions.0.2.layers.1.mamba.out_proj.weight - torch.Size([256, 2048]): 
Initialized by user-defined `init_weights` in FUTR3DHead  

pts_bbox_head.transformer.decoder.layers.2.attentions.0.2.layers.1.mamba.global_proj.weight - torch.Size([2048, 2048]): 
Initialized by user-defined `init_weights` in FUTR3DHead  

pts_bbox_head.transformer.decoder.layers.2.attentions.0.2.layers.1.mamba.global_proj.bias - torch.Size([2048]): 
The value is the same before and after calling `init_weights` of FUTR3D  

pts_bbox_head.transformer.decoder.layers.2.attentions.0.2.layers.1.norm.weight - torch.Size([256]): 
The value is the same before and after calling `init_weights` of FUTR3D  

pts_bbox_head.transformer.decoder.layers.2.attentions.0.2.layers.1.mlp.gate_proj.weight - torch.Size([1024, 256]): 
Initialized by user-defined `init_weights` in FUTR3DHead  

pts_bbox_head.transformer.decoder.layers.2.attentions.0.2.layers.1.mlp.up_proj.weight - torch.Size([1024, 256]): 
Initialized by user-defined `init_weights` in FUTR3DHead  

pts_bbox_head.transformer.decoder.layers.2.attentions.0.2.layers.1.mlp.down_proj.weight - torch.Size([256, 1024]): 
Initialized by user-defined `init_weights` in FUTR3DHead  

pts_bbox_head.transformer.decoder.layers.2.attentions.1.sampling_offsets.weight - torch.Size([256, 256]): 
Initialized by user-defined `init_weights` in FUTR3DHead  

pts_bbox_head.transformer.decoder.layers.2.attentions.1.sampling_offsets.bias - torch.Size([256]): 
The value is the same before and after calling `init_weights` of FUTR3D  

pts_bbox_head.transformer.decoder.layers.2.attentions.1.attention_weights.weight - torch.Size([128, 256]): 
Initialized by user-defined `init_weights` in FUTR3DHead  

pts_bbox_head.transformer.decoder.layers.2.attentions.1.attention_weights.bias - torch.Size([128]): 
The value is the same before and after calling `init_weights` of FUTR3D  

pts_bbox_head.transformer.decoder.layers.2.attentions.1.value_proj.weight - torch.Size([256, 256]): 
Initialized by user-defined `init_weights` in FUTR3DHead  

pts_bbox_head.transformer.decoder.layers.2.attentions.1.value_proj.bias - torch.Size([256]): 
The value is the same before and after calling `init_weights` of FUTR3D  

pts_bbox_head.transformer.decoder.layers.2.attentions.1.output_proj.weight - torch.Size([256, 256]): 
Initialized by user-defined `init_weights` in FUTR3DHead  

pts_bbox_head.transformer.decoder.layers.2.attentions.1.output_proj.bias - torch.Size([256]): 
The value is the same before and after calling `init_weights` of FUTR3D  

pts_bbox_head.transformer.decoder.layers.2.attentions.1.camera_mixer.layers.0.A_log_h2t - torch.Size([512, 16]): 
Initialized by user-defined `init_weights` in FUTR3DHead  

pts_bbox_head.transformer.decoder.layers.2.attentions.1.camera_mixer.layers.0.D_h2t - torch.Size([512]): 
The value is the same before and after calling `init_weights` of FUTR3D  

pts_bbox_head.transformer.decoder.layers.2.attentions.1.camera_mixer.layers.0.A_log_t2h - torch.Size([512, 16]): 
Initialized by user-defined `init_weights` in FUTR3DHead  

pts_bbox_head.transformer.decoder.layers.2.attentions.1.camera_mixer.layers.0.D_t2h - torch.Size([512]): 
The value is the same before and after calling `init_weights` of FUTR3D  

pts_bbox_head.transformer.decoder.layers.2.attentions.1.camera_mixer.layers.0.in_proj.weight - torch.Size([1024, 256]): 
Initialized by user-defined `init_weights` in FUTR3DHead  

pts_bbox_head.transformer.decoder.layers.2.attentions.1.camera_mixer.layers.0.conv1d_h2t.weight - torch.Size([512, 1, 4]): 
Initialized by user-defined `init_weights` in FUTR3DHead  

pts_bbox_head.transformer.decoder.layers.2.attentions.1.camera_mixer.layers.0.conv1d_h2t.bias - torch.Size([512]): 
The value is the same before and after calling `init_weights` of FUTR3D  

pts_bbox_head.transformer.decoder.layers.2.attentions.1.camera_mixer.layers.0.x_proj_h2t.weight - torch.Size([48, 512]): 
Initialized by user-defined `init_weights` in FUTR3DHead  

pts_bbox_head.transformer.decoder.layers.2.attentions.1.camera_mixer.layers.0.dt_proj_h2t.weight - torch.Size([512, 16]): 
Initialized by user-defined `init_weights` in FUTR3DHead  

pts_bbox_head.transformer.decoder.layers.2.attentions.1.camera_mixer.layers.0.dt_proj_h2t.bias - torch.Size([512]): 
The value is the same before and after calling `init_weights` of FUTR3D  

pts_bbox_head.transformer.decoder.layers.2.attentions.1.camera_mixer.layers.0.conv1d_t2h.weight - torch.Size([512, 1, 4]): 
Initialized by user-defined `init_weights` in FUTR3DHead  

pts_bbox_head.transformer.decoder.layers.2.attentions.1.camera_mixer.layers.0.conv1d_t2h.bias - torch.Size([512]): 
The value is the same before and after calling `init_weights` of FUTR3D  

pts_bbox_head.transformer.decoder.layers.2.attentions.1.camera_mixer.layers.0.x_proj_t2h.weight - torch.Size([48, 512]): 
Initialized by user-defined `init_weights` in FUTR3DHead  

pts_bbox_head.transformer.decoder.layers.2.attentions.1.camera_mixer.layers.0.dt_proj_t2h.weight - torch.Size([512, 16]): 
Initialized by user-defined `init_weights` in FUTR3DHead  

pts_bbox_head.transformer.decoder.layers.2.attentions.1.camera_mixer.layers.0.dt_proj_t2h.bias - torch.Size([512]): 
The value is the same before and after calling `init_weights` of FUTR3D  

pts_bbox_head.transformer.decoder.layers.2.attentions.1.camera_mixer.layers.0.lidar_guidance_proj.weight - torch.Size([512, 512]): 
Initialized by user-defined `init_weights` in FUTR3DHead  

pts_bbox_head.transformer.decoder.layers.2.attentions.1.camera_mixer.layers.0.lidar_guidance_proj.bias - torch.Size([512]): 
The value is the same before and after calling `init_weights` of FUTR3D  

pts_bbox_head.transformer.decoder.layers.2.attentions.1.camera_mixer.layers.0.out_proj.weight - torch.Size([256, 512]): 
Initialized by user-defined `init_weights` in FUTR3DHead  

pts_bbox_head.transformer.decoder.layers.2.attentions.1.camera_mixer.layers.1.A_log_h2t - torch.Size([512, 16]): 
Initialized by user-defined `init_weights` in FUTR3DHead  

pts_bbox_head.transformer.decoder.layers.2.attentions.1.camera_mixer.layers.1.D_h2t - torch.Size([512]): 
The value is the same before and after calling `init_weights` of FUTR3D  

pts_bbox_head.transformer.decoder.layers.2.attentions.1.camera_mixer.layers.1.A_log_t2h - torch.Size([512, 16]): 
Initialized by user-defined `init_weights` in FUTR3DHead  

pts_bbox_head.transformer.decoder.layers.2.attentions.1.camera_mixer.layers.1.D_t2h - torch.Size([512]): 
The value is the same before and after calling `init_weights` of FUTR3D  

pts_bbox_head.transformer.decoder.layers.2.attentions.1.camera_mixer.layers.1.in_proj.weight - torch.Size([1024, 256]): 
Initialized by user-defined `init_weights` in FUTR3DHead  

pts_bbox_head.transformer.decoder.layers.2.attentions.1.camera_mixer.layers.1.conv1d_h2t.weight - torch.Size([512, 1, 4]): 
Initialized by user-defined `init_weights` in FUTR3DHead  

pts_bbox_head.transformer.decoder.layers.2.attentions.1.camera_mixer.layers.1.conv1d_h2t.bias - torch.Size([512]): 
The value is the same before and after calling `init_weights` of FUTR3D  

pts_bbox_head.transformer.decoder.layers.2.attentions.1.camera_mixer.layers.1.x_proj_h2t.weight - torch.Size([48, 512]): 
Initialized by user-defined `init_weights` in FUTR3DHead  

pts_bbox_head.transformer.decoder.layers.2.attentions.1.camera_mixer.layers.1.dt_proj_h2t.weight - torch.Size([512, 16]): 
Initialized by user-defined `init_weights` in FUTR3DHead  

pts_bbox_head.transformer.decoder.layers.2.attentions.1.camera_mixer.layers.1.dt_proj_h2t.bias - torch.Size([512]): 
The value is the same before and after calling `init_weights` of FUTR3D  

pts_bbox_head.transformer.decoder.layers.2.attentions.1.camera_mixer.layers.1.conv1d_t2h.weight - torch.Size([512, 1, 4]): 
Initialized by user-defined `init_weights` in FUTR3DHead  

pts_bbox_head.transformer.decoder.layers.2.attentions.1.camera_mixer.layers.1.conv1d_t2h.bias - torch.Size([512]): 
The value is the same before and after calling `init_weights` of FUTR3D  

pts_bbox_head.transformer.decoder.layers.2.attentions.1.camera_mixer.layers.1.x_proj_t2h.weight - torch.Size([48, 512]): 
Initialized by user-defined `init_weights` in FUTR3DHead  

pts_bbox_head.transformer.decoder.layers.2.attentions.1.camera_mixer.layers.1.dt_proj_t2h.weight - torch.Size([512, 16]): 
Initialized by user-defined `init_weights` in FUTR3DHead  

pts_bbox_head.transformer.decoder.layers.2.attentions.1.camera_mixer.layers.1.dt_proj_t2h.bias - torch.Size([512]): 
The value is the same before and after calling `init_weights` of FUTR3D  

pts_bbox_head.transformer.decoder.layers.2.attentions.1.camera_mixer.layers.1.lidar_guidance_proj.weight - torch.Size([512, 512]): 
Initialized by user-defined `init_weights` in FUTR3DHead  

pts_bbox_head.transformer.decoder.layers.2.attentions.1.camera_mixer.layers.1.lidar_guidance_proj.bias - torch.Size([512]): 
The value is the same before and after calling `init_weights` of FUTR3D  

pts_bbox_head.transformer.decoder.layers.2.attentions.1.camera_mixer.layers.1.out_proj.weight - torch.Size([256, 512]): 
Initialized by user-defined `init_weights` in FUTR3DHead  

pts_bbox_head.transformer.decoder.layers.2.attentions.1.camera_mixer.norm.0.weight - torch.Size([256]): 
The value is the same before and after calling `init_weights` of FUTR3D  

pts_bbox_head.transformer.decoder.layers.2.attentions.1.camera_mixer.norm.0.bias - torch.Size([256]): 
The value is the same before and after calling `init_weights` of FUTR3D  

pts_bbox_head.transformer.decoder.layers.2.attentions.1.camera_mixer.norm.1.weight - torch.Size([256]): 
The value is the same before and after calling `init_weights` of FUTR3D  

pts_bbox_head.transformer.decoder.layers.2.attentions.1.camera_mixer.norm.1.bias - torch.Size([256]): 
The value is the same before and after calling `init_weights` of FUTR3D  

pts_bbox_head.transformer.decoder.layers.2.ffns.0.layers.0.0.weight - torch.Size([1024, 256]): 
Initialized by user-defined `init_weights` in FUTR3DHead  

pts_bbox_head.transformer.decoder.layers.2.ffns.0.layers.0.0.bias - torch.Size([1024]): 
The value is the same before and after calling `init_weights` of FUTR3D  

pts_bbox_head.transformer.decoder.layers.2.ffns.0.layers.1.weight - torch.Size([256, 1024]): 
Initialized by user-defined `init_weights` in FUTR3DHead  

pts_bbox_head.transformer.decoder.layers.2.ffns.0.layers.1.bias - torch.Size([256]): 
The value is the same before and after calling `init_weights` of FUTR3D  

pts_bbox_head.transformer.decoder.layers.2.norms.0.weight - torch.Size([256]): 
The value is the same before and after calling `init_weights` of FUTR3D  

pts_bbox_head.transformer.decoder.layers.2.norms.0.bias - torch.Size([256]): 
The value is the same before and after calling `init_weights` of FUTR3D  

pts_bbox_head.transformer.decoder.layers.2.norms.1.weight - torch.Size([256]): 
The value is the same before and after calling `init_weights` of FUTR3D  

pts_bbox_head.transformer.decoder.layers.2.norms.1.bias - torch.Size([256]): 
The value is the same before and after calling `init_weights` of FUTR3D  

pts_bbox_head.transformer.decoder.layers.2.norms.2.weight - torch.Size([256]): 
The value is the same before and after calling `init_weights` of FUTR3D  

pts_bbox_head.transformer.decoder.layers.2.norms.2.bias - torch.Size([256]): 
The value is the same before and after calling `init_weights` of FUTR3D  

pts_bbox_head.transformer.decoder.layers.3.attentions.0.0.attn.in_proj_weight - torch.Size([768, 256]): 
Initialized by user-defined `init_weights` in FUTR3DHead  

pts_bbox_head.transformer.decoder.layers.3.attentions.0.0.attn.in_proj_bias - torch.Size([768]): 
The value is the same before and after calling `init_weights` of FUTR3D  

pts_bbox_head.transformer.decoder.layers.3.attentions.0.0.attn.out_proj.weight - torch.Size([256, 256]): 
Initialized by user-defined `init_weights` in FUTR3DHead  

pts_bbox_head.transformer.decoder.layers.3.attentions.0.0.attn.out_proj.bias - torch.Size([256]): 
The value is the same before and after calling `init_weights` of FUTR3D  

pts_bbox_head.transformer.decoder.layers.3.attentions.0.1.weight - torch.Size([256]): 
The value is the same before and after calling `init_weights` of FUTR3D  

pts_bbox_head.transformer.decoder.layers.3.attentions.0.2.layers.0.norm_before.weight - torch.Size([256]): 
The value is the same before and after calling `init_weights` of FUTR3D  

pts_bbox_head.transformer.decoder.layers.3.attentions.0.2.layers.0.mamba.A_log_f - torch.Size([512, 64]): 
Initialized by user-defined `init_weights` in FUTR3DHead  

pts_bbox_head.transformer.decoder.layers.3.attentions.0.2.layers.0.mamba.A_log_b - torch.Size([512, 64]): 
Initialized by user-defined `init_weights` in FUTR3DHead  

pts_bbox_head.transformer.decoder.layers.3.attentions.0.2.layers.0.mamba.D_f - torch.Size([512]): 
The value is the same before and after calling `init_weights` of FUTR3D  

pts_bbox_head.transformer.decoder.layers.3.attentions.0.2.layers.0.mamba.D_b - torch.Size([512]): 
The value is the same before and after calling `init_weights` of FUTR3D  

pts_bbox_head.transformer.decoder.layers.3.attentions.0.2.layers.0.mamba.A_log_f_xy - torch.Size([512, 64]): 
Initialized by user-defined `init_weights` in FUTR3DHead  

pts_bbox_head.transformer.decoder.layers.3.attentions.0.2.layers.0.mamba.A_log_b_xy - torch.Size([512, 64]): 
Initialized by user-defined `init_weights` in FUTR3DHead  

pts_bbox_head.transformer.decoder.layers.3.attentions.0.2.layers.0.mamba.D_f_xy - torch.Size([512]): 
The value is the same before and after calling `init_weights` of FUTR3D  

pts_bbox_head.transformer.decoder.layers.3.attentions.0.2.layers.0.mamba.D_b_xy - torch.Size([512]): 
The value is the same before and after calling `init_weights` of FUTR3D  

pts_bbox_head.transformer.decoder.layers.3.attentions.0.2.layers.0.mamba.in_proj.weight - torch.Size([2048, 256]): 
Initialized by user-defined `init_weights` in FUTR3DHead  

pts_bbox_head.transformer.decoder.layers.3.attentions.0.2.layers.0.mamba.in_proj_xy.weight - torch.Size([2048, 256]): 
Initialized by user-defined `init_weights` in FUTR3DHead  

pts_bbox_head.transformer.decoder.layers.3.attentions.0.2.layers.0.mamba.x_proj_f.weight - torch.Size([144, 512]): 
Initialized by user-defined `init_weights` in FUTR3DHead  

pts_bbox_head.transformer.decoder.layers.3.attentions.0.2.layers.0.mamba.x_proj_b.weight - torch.Size([144, 512]): 
Initialized by user-defined `init_weights` in FUTR3DHead  

pts_bbox_head.transformer.decoder.layers.3.attentions.0.2.layers.0.mamba.dt_proj_f.weight - torch.Size([512, 16]): 
Initialized by user-defined `init_weights` in FUTR3DHead  

pts_bbox_head.transformer.decoder.layers.3.attentions.0.2.layers.0.mamba.dt_proj_f.bias - torch.Size([512]): 
The value is the same before and after calling `init_weights` of FUTR3D  

pts_bbox_head.transformer.decoder.layers.3.attentions.0.2.layers.0.mamba.dt_proj_b.weight - torch.Size([512, 16]): 
Initialized by user-defined `init_weights` in FUTR3DHead  

pts_bbox_head.transformer.decoder.layers.3.attentions.0.2.layers.0.mamba.dt_proj_b.bias - torch.Size([512]): 
The value is the same before and after calling `init_weights` of FUTR3D  

pts_bbox_head.transformer.decoder.layers.3.attentions.0.2.layers.0.mamba.x_proj_f_xy.weight - torch.Size([144, 512]): 
Initialized by user-defined `init_weights` in FUTR3DHead  

pts_bbox_head.transformer.decoder.layers.3.attentions.0.2.layers.0.mamba.x_proj_b_xy.weight - torch.Size([144, 512]): 
Initialized by user-defined `init_weights` in FUTR3DHead  

pts_bbox_head.transformer.decoder.layers.3.attentions.0.2.layers.0.mamba.dt_proj_f_xy.weight - torch.Size([512, 16]): 
Initialized by user-defined `init_weights` in FUTR3DHead  

pts_bbox_head.transformer.decoder.layers.3.attentions.0.2.layers.0.mamba.dt_proj_f_xy.bias - torch.Size([512]): 
The value is the same before and after calling `init_weights` of FUTR3D  

pts_bbox_head.transformer.decoder.layers.3.attentions.0.2.layers.0.mamba.dt_proj_b_xy.weight - torch.Size([512, 16]): 
Initialized by user-defined `init_weights` in FUTR3DHead  

pts_bbox_head.transformer.decoder.layers.3.attentions.0.2.layers.0.mamba.dt_proj_b_xy.bias - torch.Size([512]): 
The value is the same before and after calling `init_weights` of FUTR3D  

pts_bbox_head.transformer.decoder.layers.3.attentions.0.2.layers.0.mamba.conv1d_x_f.weight - torch.Size([512, 1, 4]): 
Initialized by user-defined `init_weights` in FUTR3DHead  

pts_bbox_head.transformer.decoder.layers.3.attentions.0.2.layers.0.mamba.conv1d_x_f.bias - torch.Size([512]): 
The value is the same before and after calling `init_weights` of FUTR3D  

pts_bbox_head.transformer.decoder.layers.3.attentions.0.2.layers.0.mamba.conv1d_z_f.weight - torch.Size([512, 1, 4]): 
Initialized by user-defined `init_weights` in FUTR3DHead  

pts_bbox_head.transformer.decoder.layers.3.attentions.0.2.layers.0.mamba.conv1d_z_f.bias - torch.Size([512]): 
The value is the same before and after calling `init_weights` of FUTR3D  

pts_bbox_head.transformer.decoder.layers.3.attentions.0.2.layers.0.mamba.conv1d_x_b.weight - torch.Size([512, 1, 4]): 
Initialized by user-defined `init_weights` in FUTR3DHead  

pts_bbox_head.transformer.decoder.layers.3.attentions.0.2.layers.0.mamba.conv1d_x_b.bias - torch.Size([512]): 
The value is the same before and after calling `init_weights` of FUTR3D  

pts_bbox_head.transformer.decoder.layers.3.attentions.0.2.layers.0.mamba.conv1d_z_b.weight - torch.Size([512, 1, 4]): 
Initialized by user-defined `init_weights` in FUTR3DHead  

pts_bbox_head.transformer.decoder.layers.3.attentions.0.2.layers.0.mamba.conv1d_z_b.bias - torch.Size([512]): 
The value is the same before and after calling `init_weights` of FUTR3D  

pts_bbox_head.transformer.decoder.layers.3.attentions.0.2.layers.0.mamba.conv1d_x_xy_f.weight - torch.Size([512, 1, 4]): 
Initialized by user-defined `init_weights` in FUTR3DHead  

pts_bbox_head.transformer.decoder.layers.3.attentions.0.2.layers.0.mamba.conv1d_x_xy_f.bias - torch.Size([512]): 
The value is the same before and after calling `init_weights` of FUTR3D  

pts_bbox_head.transformer.decoder.layers.3.attentions.0.2.layers.0.mamba.conv1d_z_xy_f.weight - torch.Size([512, 1, 4]): 
Initialized by user-defined `init_weights` in FUTR3DHead  

pts_bbox_head.transformer.decoder.layers.3.attentions.0.2.layers.0.mamba.conv1d_z_xy_f.bias - torch.Size([512]): 
The value is the same before and after calling `init_weights` of FUTR3D  

pts_bbox_head.transformer.decoder.layers.3.attentions.0.2.layers.0.mamba.conv1d_x_xy_b.weight - torch.Size([512, 1, 4]): 
Initialized by user-defined `init_weights` in FUTR3DHead  

pts_bbox_head.transformer.decoder.layers.3.attentions.0.2.layers.0.mamba.conv1d_x_xy_b.bias - torch.Size([512]): 
The value is the same before and after calling `init_weights` of FUTR3D  

pts_bbox_head.transformer.decoder.layers.3.attentions.0.2.layers.0.mamba.conv1d_z_xy_b.weight - torch.Size([512, 1, 4]): 
Initialized by user-defined `init_weights` in FUTR3DHead  

pts_bbox_head.transformer.decoder.layers.3.attentions.0.2.layers.0.mamba.conv1d_z_xy_b.bias - torch.Size([512]): 
The value is the same before and after calling `init_weights` of FUTR3D  

pts_bbox_head.transformer.decoder.layers.3.attentions.0.2.layers.0.mamba.out_proj.weight - torch.Size([256, 2048]): 
Initialized by user-defined `init_weights` in FUTR3DHead  

pts_bbox_head.transformer.decoder.layers.3.attentions.0.2.layers.0.mamba.global_proj.weight - torch.Size([2048, 2048]): 
Initialized by user-defined `init_weights` in FUTR3DHead  

pts_bbox_head.transformer.decoder.layers.3.attentions.0.2.layers.0.mamba.global_proj.bias - torch.Size([2048]): 
The value is the same before and after calling `init_weights` of FUTR3D  

pts_bbox_head.transformer.decoder.layers.3.attentions.0.2.layers.0.norm.weight - torch.Size([256]): 
The value is the same before and after calling `init_weights` of FUTR3D  

pts_bbox_head.transformer.decoder.layers.3.attentions.0.2.layers.0.mlp.gate_proj.weight - torch.Size([1024, 256]): 
Initialized by user-defined `init_weights` in FUTR3DHead  

pts_bbox_head.transformer.decoder.layers.3.attentions.0.2.layers.0.mlp.up_proj.weight - torch.Size([1024, 256]): 
Initialized by user-defined `init_weights` in FUTR3DHead  

pts_bbox_head.transformer.decoder.layers.3.attentions.0.2.layers.0.mlp.down_proj.weight - torch.Size([256, 1024]): 
Initialized by user-defined `init_weights` in FUTR3DHead  

pts_bbox_head.transformer.decoder.layers.3.attentions.0.2.layers.0.mlp_norm.weight - torch.Size([256]): 
The value is the same before and after calling `init_weights` of FUTR3D  

pts_bbox_head.transformer.decoder.layers.3.attentions.0.2.layers.1.norm_before.weight - torch.Size([256]): 
The value is the same before and after calling `init_weights` of FUTR3D  

pts_bbox_head.transformer.decoder.layers.3.attentions.0.2.layers.1.mamba.A_log_f - torch.Size([512, 64]): 
Initialized by user-defined `init_weights` in FUTR3DHead  

pts_bbox_head.transformer.decoder.layers.3.attentions.0.2.layers.1.mamba.A_log_b - torch.Size([512, 64]): 
Initialized by user-defined `init_weights` in FUTR3DHead  

pts_bbox_head.transformer.decoder.layers.3.attentions.0.2.layers.1.mamba.D_f - torch.Size([512]): 
The value is the same before and after calling `init_weights` of FUTR3D  

pts_bbox_head.transformer.decoder.layers.3.attentions.0.2.layers.1.mamba.D_b - torch.Size([512]): 
The value is the same before and after calling `init_weights` of FUTR3D  

pts_bbox_head.transformer.decoder.layers.3.attentions.0.2.layers.1.mamba.A_log_f_xy - torch.Size([512, 64]): 
Initialized by user-defined `init_weights` in FUTR3DHead  

pts_bbox_head.transformer.decoder.layers.3.attentions.0.2.layers.1.mamba.A_log_b_xy - torch.Size([512, 64]): 
Initialized by user-defined `init_weights` in FUTR3DHead  

pts_bbox_head.transformer.decoder.layers.3.attentions.0.2.layers.1.mamba.D_f_xy - torch.Size([512]): 
The value is the same before and after calling `init_weights` of FUTR3D  

pts_bbox_head.transformer.decoder.layers.3.attentions.0.2.layers.1.mamba.D_b_xy - torch.Size([512]): 
The value is the same before and after calling `init_weights` of FUTR3D  

pts_bbox_head.transformer.decoder.layers.3.attentions.0.2.layers.1.mamba.in_proj.weight - torch.Size([2048, 256]): 
Initialized by user-defined `init_weights` in FUTR3DHead  

pts_bbox_head.transformer.decoder.layers.3.attentions.0.2.layers.1.mamba.in_proj_xy.weight - torch.Size([2048, 256]): 
Initialized by user-defined `init_weights` in FUTR3DHead  

pts_bbox_head.transformer.decoder.layers.3.attentions.0.2.layers.1.mamba.x_proj_f.weight - torch.Size([144, 512]): 
Initialized by user-defined `init_weights` in FUTR3DHead  

pts_bbox_head.transformer.decoder.layers.3.attentions.0.2.layers.1.mamba.x_proj_b.weight - torch.Size([144, 512]): 
Initialized by user-defined `init_weights` in FUTR3DHead  

pts_bbox_head.transformer.decoder.layers.3.attentions.0.2.layers.1.mamba.dt_proj_f.weight - torch.Size([512, 16]): 
Initialized by user-defined `init_weights` in FUTR3DHead  

pts_bbox_head.transformer.decoder.layers.3.attentions.0.2.layers.1.mamba.dt_proj_f.bias - torch.Size([512]): 
The value is the same before and after calling `init_weights` of FUTR3D  

pts_bbox_head.transformer.decoder.layers.3.attentions.0.2.layers.1.mamba.dt_proj_b.weight - torch.Size([512, 16]): 
Initialized by user-defined `init_weights` in FUTR3DHead  

pts_bbox_head.transformer.decoder.layers.3.attentions.0.2.layers.1.mamba.dt_proj_b.bias - torch.Size([512]): 
The value is the same before and after calling `init_weights` of FUTR3D  

pts_bbox_head.transformer.decoder.layers.3.attentions.0.2.layers.1.mamba.x_proj_f_xy.weight - torch.Size([144, 512]): 
Initialized by user-defined `init_weights` in FUTR3DHead  

pts_bbox_head.transformer.decoder.layers.3.attentions.0.2.layers.1.mamba.x_proj_b_xy.weight - torch.Size([144, 512]): 
Initialized by user-defined `init_weights` in FUTR3DHead  

pts_bbox_head.transformer.decoder.layers.3.attentions.0.2.layers.1.mamba.dt_proj_f_xy.weight - torch.Size([512, 16]): 
Initialized by user-defined `init_weights` in FUTR3DHead  

pts_bbox_head.transformer.decoder.layers.3.attentions.0.2.layers.1.mamba.dt_proj_f_xy.bias - torch.Size([512]): 
The value is the same before and after calling `init_weights` of FUTR3D  

pts_bbox_head.transformer.decoder.layers.3.attentions.0.2.layers.1.mamba.dt_proj_b_xy.weight - torch.Size([512, 16]): 
Initialized by user-defined `init_weights` in FUTR3DHead  

pts_bbox_head.transformer.decoder.layers.3.attentions.0.2.layers.1.mamba.dt_proj_b_xy.bias - torch.Size([512]): 
The value is the same before and after calling `init_weights` of FUTR3D  

pts_bbox_head.transformer.decoder.layers.3.attentions.0.2.layers.1.mamba.conv1d_x_f.weight - torch.Size([512, 1, 4]): 
Initialized by user-defined `init_weights` in FUTR3DHead  

pts_bbox_head.transformer.decoder.layers.3.attentions.0.2.layers.1.mamba.conv1d_x_f.bias - torch.Size([512]): 
The value is the same before and after calling `init_weights` of FUTR3D  

pts_bbox_head.transformer.decoder.layers.3.attentions.0.2.layers.1.mamba.conv1d_z_f.weight - torch.Size([512, 1, 4]): 
Initialized by user-defined `init_weights` in FUTR3DHead  

pts_bbox_head.transformer.decoder.layers.3.attentions.0.2.layers.1.mamba.conv1d_z_f.bias - torch.Size([512]): 
The value is the same before and after calling `init_weights` of FUTR3D  

pts_bbox_head.transformer.decoder.layers.3.attentions.0.2.layers.1.mamba.conv1d_x_b.weight - torch.Size([512, 1, 4]): 
Initialized by user-defined `init_weights` in FUTR3DHead  

pts_bbox_head.transformer.decoder.layers.3.attentions.0.2.layers.1.mamba.conv1d_x_b.bias - torch.Size([512]): 
The value is the same before and after calling `init_weights` of FUTR3D  

pts_bbox_head.transformer.decoder.layers.3.attentions.0.2.layers.1.mamba.conv1d_z_b.weight - torch.Size([512, 1, 4]): 
Initialized by user-defined `init_weights` in FUTR3DHead  

pts_bbox_head.transformer.decoder.layers.3.attentions.0.2.layers.1.mamba.conv1d_z_b.bias - torch.Size([512]): 
The value is the same before and after calling `init_weights` of FUTR3D  

pts_bbox_head.transformer.decoder.layers.3.attentions.0.2.layers.1.mamba.conv1d_x_xy_f.weight - torch.Size([512, 1, 4]): 
Initialized by user-defined `init_weights` in FUTR3DHead  

pts_bbox_head.transformer.decoder.layers.3.attentions.0.2.layers.1.mamba.conv1d_x_xy_f.bias - torch.Size([512]): 
The value is the same before and after calling `init_weights` of FUTR3D  

pts_bbox_head.transformer.decoder.layers.3.attentions.0.2.layers.1.mamba.conv1d_z_xy_f.weight - torch.Size([512, 1, 4]): 
Initialized by user-defined `init_weights` in FUTR3DHead  

pts_bbox_head.transformer.decoder.layers.3.attentions.0.2.layers.1.mamba.conv1d_z_xy_f.bias - torch.Size([512]): 
The value is the same before and after calling `init_weights` of FUTR3D  

pts_bbox_head.transformer.decoder.layers.3.attentions.0.2.layers.1.mamba.conv1d_x_xy_b.weight - torch.Size([512, 1, 4]): 
Initialized by user-defined `init_weights` in FUTR3DHead  

pts_bbox_head.transformer.decoder.layers.3.attentions.0.2.layers.1.mamba.conv1d_x_xy_b.bias - torch.Size([512]): 
The value is the same before and after calling `init_weights` of FUTR3D  

pts_bbox_head.transformer.decoder.layers.3.attentions.0.2.layers.1.mamba.conv1d_z_xy_b.weight - torch.Size([512, 1, 4]): 
Initialized by user-defined `init_weights` in FUTR3DHead  

pts_bbox_head.transformer.decoder.layers.3.attentions.0.2.layers.1.mamba.conv1d_z_xy_b.bias - torch.Size([512]): 
The value is the same before and after calling `init_weights` of FUTR3D  

pts_bbox_head.transformer.decoder.layers.3.attentions.0.2.layers.1.mamba.out_proj.weight - torch.Size([256, 2048]): 
Initialized by user-defined `init_weights` in FUTR3DHead  

pts_bbox_head.transformer.decoder.layers.3.attentions.0.2.layers.1.mamba.global_proj.weight - torch.Size([2048, 2048]): 
Initialized by user-defined `init_weights` in FUTR3DHead  

pts_bbox_head.transformer.decoder.layers.3.attentions.0.2.layers.1.mamba.global_proj.bias - torch.Size([2048]): 
The value is the same before and after calling `init_weights` of FUTR3D  

pts_bbox_head.transformer.decoder.layers.3.attentions.0.2.layers.1.norm.weight - torch.Size([256]): 
The value is the same before and after calling `init_weights` of FUTR3D  

pts_bbox_head.transformer.decoder.layers.3.attentions.0.2.layers.1.mlp.gate_proj.weight - torch.Size([1024, 256]): 
Initialized by user-defined `init_weights` in FUTR3DHead  

pts_bbox_head.transformer.decoder.layers.3.attentions.0.2.layers.1.mlp.up_proj.weight - torch.Size([1024, 256]): 
Initialized by user-defined `init_weights` in FUTR3DHead  

pts_bbox_head.transformer.decoder.layers.3.attentions.0.2.layers.1.mlp.down_proj.weight - torch.Size([256, 1024]): 
Initialized by user-defined `init_weights` in FUTR3DHead  

pts_bbox_head.transformer.decoder.layers.3.attentions.1.sampling_offsets.weight - torch.Size([256, 256]): 
Initialized by user-defined `init_weights` in FUTR3DHead  

pts_bbox_head.transformer.decoder.layers.3.attentions.1.sampling_offsets.bias - torch.Size([256]): 
The value is the same before and after calling `init_weights` of FUTR3D  

pts_bbox_head.transformer.decoder.layers.3.attentions.1.attention_weights.weight - torch.Size([128, 256]): 
Initialized by user-defined `init_weights` in FUTR3DHead  

pts_bbox_head.transformer.decoder.layers.3.attentions.1.attention_weights.bias - torch.Size([128]): 
The value is the same before and after calling `init_weights` of FUTR3D  

pts_bbox_head.transformer.decoder.layers.3.attentions.1.value_proj.weight - torch.Size([256, 256]): 
Initialized by user-defined `init_weights` in FUTR3DHead  

pts_bbox_head.transformer.decoder.layers.3.attentions.1.value_proj.bias - torch.Size([256]): 
The value is the same before and after calling `init_weights` of FUTR3D  

pts_bbox_head.transformer.decoder.layers.3.attentions.1.output_proj.weight - torch.Size([256, 256]): 
Initialized by user-defined `init_weights` in FUTR3DHead  

pts_bbox_head.transformer.decoder.layers.3.attentions.1.output_proj.bias - torch.Size([256]): 
The value is the same before and after calling `init_weights` of FUTR3D  

pts_bbox_head.transformer.decoder.layers.3.attentions.1.camera_mixer.layers.0.A_log_h2t - torch.Size([512, 16]): 
Initialized by user-defined `init_weights` in FUTR3DHead  

pts_bbox_head.transformer.decoder.layers.3.attentions.1.camera_mixer.layers.0.D_h2t - torch.Size([512]): 
The value is the same before and after calling `init_weights` of FUTR3D  

pts_bbox_head.transformer.decoder.layers.3.attentions.1.camera_mixer.layers.0.A_log_t2h - torch.Size([512, 16]): 
Initialized by user-defined `init_weights` in FUTR3DHead  

pts_bbox_head.transformer.decoder.layers.3.attentions.1.camera_mixer.layers.0.D_t2h - torch.Size([512]): 
The value is the same before and after calling `init_weights` of FUTR3D  

pts_bbox_head.transformer.decoder.layers.3.attentions.1.camera_mixer.layers.0.in_proj.weight - torch.Size([1024, 256]): 
Initialized by user-defined `init_weights` in FUTR3DHead  

pts_bbox_head.transformer.decoder.layers.3.attentions.1.camera_mixer.layers.0.conv1d_h2t.weight - torch.Size([512, 1, 4]): 
Initialized by user-defined `init_weights` in FUTR3DHead  

pts_bbox_head.transformer.decoder.layers.3.attentions.1.camera_mixer.layers.0.conv1d_h2t.bias - torch.Size([512]): 
The value is the same before and after calling `init_weights` of FUTR3D  

pts_bbox_head.transformer.decoder.layers.3.attentions.1.camera_mixer.layers.0.x_proj_h2t.weight - torch.Size([48, 512]): 
Initialized by user-defined `init_weights` in FUTR3DHead  

pts_bbox_head.transformer.decoder.layers.3.attentions.1.camera_mixer.layers.0.dt_proj_h2t.weight - torch.Size([512, 16]): 
Initialized by user-defined `init_weights` in FUTR3DHead  

pts_bbox_head.transformer.decoder.layers.3.attentions.1.camera_mixer.layers.0.dt_proj_h2t.bias - torch.Size([512]): 
The value is the same before and after calling `init_weights` of FUTR3D  

pts_bbox_head.transformer.decoder.layers.3.attentions.1.camera_mixer.layers.0.conv1d_t2h.weight - torch.Size([512, 1, 4]): 
Initialized by user-defined `init_weights` in FUTR3DHead  

pts_bbox_head.transformer.decoder.layers.3.attentions.1.camera_mixer.layers.0.conv1d_t2h.bias - torch.Size([512]): 
The value is the same before and after calling `init_weights` of FUTR3D  

pts_bbox_head.transformer.decoder.layers.3.attentions.1.camera_mixer.layers.0.x_proj_t2h.weight - torch.Size([48, 512]): 
Initialized by user-defined `init_weights` in FUTR3DHead  

pts_bbox_head.transformer.decoder.layers.3.attentions.1.camera_mixer.layers.0.dt_proj_t2h.weight - torch.Size([512, 16]): 
Initialized by user-defined `init_weights` in FUTR3DHead  

pts_bbox_head.transformer.decoder.layers.3.attentions.1.camera_mixer.layers.0.dt_proj_t2h.bias - torch.Size([512]): 
The value is the same before and after calling `init_weights` of FUTR3D  

pts_bbox_head.transformer.decoder.layers.3.attentions.1.camera_mixer.layers.0.lidar_guidance_proj.weight - torch.Size([512, 512]): 
Initialized by user-defined `init_weights` in FUTR3DHead  

pts_bbox_head.transformer.decoder.layers.3.attentions.1.camera_mixer.layers.0.lidar_guidance_proj.bias - torch.Size([512]): 
The value is the same before and after calling `init_weights` of FUTR3D  

pts_bbox_head.transformer.decoder.layers.3.attentions.1.camera_mixer.layers.0.out_proj.weight - torch.Size([256, 512]): 
Initialized by user-defined `init_weights` in FUTR3DHead  

pts_bbox_head.transformer.decoder.layers.3.attentions.1.camera_mixer.layers.1.A_log_h2t - torch.Size([512, 16]): 
Initialized by user-defined `init_weights` in FUTR3DHead  

pts_bbox_head.transformer.decoder.layers.3.attentions.1.camera_mixer.layers.1.D_h2t - torch.Size([512]): 
The value is the same before and after calling `init_weights` of FUTR3D  

pts_bbox_head.transformer.decoder.layers.3.attentions.1.camera_mixer.layers.1.A_log_t2h - torch.Size([512, 16]): 
Initialized by user-defined `init_weights` in FUTR3DHead  

pts_bbox_head.transformer.decoder.layers.3.attentions.1.camera_mixer.layers.1.D_t2h - torch.Size([512]): 
The value is the same before and after calling `init_weights` of FUTR3D  

pts_bbox_head.transformer.decoder.layers.3.attentions.1.camera_mixer.layers.1.in_proj.weight - torch.Size([1024, 256]): 
Initialized by user-defined `init_weights` in FUTR3DHead  

pts_bbox_head.transformer.decoder.layers.3.attentions.1.camera_mixer.layers.1.conv1d_h2t.weight - torch.Size([512, 1, 4]): 
Initialized by user-defined `init_weights` in FUTR3DHead  

pts_bbox_head.transformer.decoder.layers.3.attentions.1.camera_mixer.layers.1.conv1d_h2t.bias - torch.Size([512]): 
The value is the same before and after calling `init_weights` of FUTR3D  

pts_bbox_head.transformer.decoder.layers.3.attentions.1.camera_mixer.layers.1.x_proj_h2t.weight - torch.Size([48, 512]): 
Initialized by user-defined `init_weights` in FUTR3DHead  

pts_bbox_head.transformer.decoder.layers.3.attentions.1.camera_mixer.layers.1.dt_proj_h2t.weight - torch.Size([512, 16]): 
Initialized by user-defined `init_weights` in FUTR3DHead  

pts_bbox_head.transformer.decoder.layers.3.attentions.1.camera_mixer.layers.1.dt_proj_h2t.bias - torch.Size([512]): 
The value is the same before and after calling `init_weights` of FUTR3D  

pts_bbox_head.transformer.decoder.layers.3.attentions.1.camera_mixer.layers.1.conv1d_t2h.weight - torch.Size([512, 1, 4]): 
Initialized by user-defined `init_weights` in FUTR3DHead  

pts_bbox_head.transformer.decoder.layers.3.attentions.1.camera_mixer.layers.1.conv1d_t2h.bias - torch.Size([512]): 
The value is the same before and after calling `init_weights` of FUTR3D  

pts_bbox_head.transformer.decoder.layers.3.attentions.1.camera_mixer.layers.1.x_proj_t2h.weight - torch.Size([48, 512]): 
Initialized by user-defined `init_weights` in FUTR3DHead  

pts_bbox_head.transformer.decoder.layers.3.attentions.1.camera_mixer.layers.1.dt_proj_t2h.weight - torch.Size([512, 16]): 
Initialized by user-defined `init_weights` in FUTR3DHead  

pts_bbox_head.transformer.decoder.layers.3.attentions.1.camera_mixer.layers.1.dt_proj_t2h.bias - torch.Size([512]): 
The value is the same before and after calling `init_weights` of FUTR3D  

pts_bbox_head.transformer.decoder.layers.3.attentions.1.camera_mixer.layers.1.lidar_guidance_proj.weight - torch.Size([512, 512]): 
Initialized by user-defined `init_weights` in FUTR3DHead  

pts_bbox_head.transformer.decoder.layers.3.attentions.1.camera_mixer.layers.1.lidar_guidance_proj.bias - torch.Size([512]): 
The value is the same before and after calling `init_weights` of FUTR3D  

pts_bbox_head.transformer.decoder.layers.3.attentions.1.camera_mixer.layers.1.out_proj.weight - torch.Size([256, 512]): 
Initialized by user-defined `init_weights` in FUTR3DHead  

pts_bbox_head.transformer.decoder.layers.3.attentions.1.camera_mixer.norm.0.weight - torch.Size([256]): 
The value is the same before and after calling `init_weights` of FUTR3D  

pts_bbox_head.transformer.decoder.layers.3.attentions.1.camera_mixer.norm.0.bias - torch.Size([256]): 
The value is the same before and after calling `init_weights` of FUTR3D  

pts_bbox_head.transformer.decoder.layers.3.attentions.1.camera_mixer.norm.1.weight - torch.Size([256]): 
The value is the same before and after calling `init_weights` of FUTR3D  

pts_bbox_head.transformer.decoder.layers.3.attentions.1.camera_mixer.norm.1.bias - torch.Size([256]): 
The value is the same before and after calling `init_weights` of FUTR3D  

pts_bbox_head.transformer.decoder.layers.3.ffns.0.layers.0.0.weight - torch.Size([1024, 256]): 
Initialized by user-defined `init_weights` in FUTR3DHead  

pts_bbox_head.transformer.decoder.layers.3.ffns.0.layers.0.0.bias - torch.Size([1024]): 
The value is the same before and after calling `init_weights` of FUTR3D  

pts_bbox_head.transformer.decoder.layers.3.ffns.0.layers.1.weight - torch.Size([256, 1024]): 
Initialized by user-defined `init_weights` in FUTR3DHead  

pts_bbox_head.transformer.decoder.layers.3.ffns.0.layers.1.bias - torch.Size([256]): 
The value is the same before and after calling `init_weights` of FUTR3D  

pts_bbox_head.transformer.decoder.layers.3.norms.0.weight - torch.Size([256]): 
The value is the same before and after calling `init_weights` of FUTR3D  

pts_bbox_head.transformer.decoder.layers.3.norms.0.bias - torch.Size([256]): 
The value is the same before and after calling `init_weights` of FUTR3D  

pts_bbox_head.transformer.decoder.layers.3.norms.1.weight - torch.Size([256]): 
The value is the same before and after calling `init_weights` of FUTR3D  

pts_bbox_head.transformer.decoder.layers.3.norms.1.bias - torch.Size([256]): 
The value is the same before and after calling `init_weights` of FUTR3D  

pts_bbox_head.transformer.decoder.layers.3.norms.2.weight - torch.Size([256]): 
The value is the same before and after calling `init_weights` of FUTR3D  

pts_bbox_head.transformer.decoder.layers.3.norms.2.bias - torch.Size([256]): 
The value is the same before and after calling `init_weights` of FUTR3D  

pts_bbox_head.transformer.decoder.layers.4.attentions.0.0.attn.in_proj_weight - torch.Size([768, 256]): 
Initialized by user-defined `init_weights` in FUTR3DHead  

pts_bbox_head.transformer.decoder.layers.4.attentions.0.0.attn.in_proj_bias - torch.Size([768]): 
The value is the same before and after calling `init_weights` of FUTR3D  

pts_bbox_head.transformer.decoder.layers.4.attentions.0.0.attn.out_proj.weight - torch.Size([256, 256]): 
Initialized by user-defined `init_weights` in FUTR3DHead  

pts_bbox_head.transformer.decoder.layers.4.attentions.0.0.attn.out_proj.bias - torch.Size([256]): 
The value is the same before and after calling `init_weights` of FUTR3D  

pts_bbox_head.transformer.decoder.layers.4.attentions.0.1.weight - torch.Size([256]): 
The value is the same before and after calling `init_weights` of FUTR3D  

pts_bbox_head.transformer.decoder.layers.4.attentions.0.2.layers.0.norm_before.weight - torch.Size([256]): 
The value is the same before and after calling `init_weights` of FUTR3D  

pts_bbox_head.transformer.decoder.layers.4.attentions.0.2.layers.0.mamba.A_log_f - torch.Size([512, 64]): 
Initialized by user-defined `init_weights` in FUTR3DHead  

pts_bbox_head.transformer.decoder.layers.4.attentions.0.2.layers.0.mamba.A_log_b - torch.Size([512, 64]): 
Initialized by user-defined `init_weights` in FUTR3DHead  

pts_bbox_head.transformer.decoder.layers.4.attentions.0.2.layers.0.mamba.D_f - torch.Size([512]): 
The value is the same before and after calling `init_weights` of FUTR3D  

pts_bbox_head.transformer.decoder.layers.4.attentions.0.2.layers.0.mamba.D_b - torch.Size([512]): 
The value is the same before and after calling `init_weights` of FUTR3D  

pts_bbox_head.transformer.decoder.layers.4.attentions.0.2.layers.0.mamba.A_log_f_xy - torch.Size([512, 64]): 
Initialized by user-defined `init_weights` in FUTR3DHead  

pts_bbox_head.transformer.decoder.layers.4.attentions.0.2.layers.0.mamba.A_log_b_xy - torch.Size([512, 64]): 
Initialized by user-defined `init_weights` in FUTR3DHead  

pts_bbox_head.transformer.decoder.layers.4.attentions.0.2.layers.0.mamba.D_f_xy - torch.Size([512]): 
The value is the same before and after calling `init_weights` of FUTR3D  

pts_bbox_head.transformer.decoder.layers.4.attentions.0.2.layers.0.mamba.D_b_xy - torch.Size([512]): 
The value is the same before and after calling `init_weights` of FUTR3D  

pts_bbox_head.transformer.decoder.layers.4.attentions.0.2.layers.0.mamba.in_proj.weight - torch.Size([2048, 256]): 
Initialized by user-defined `init_weights` in FUTR3DHead  

pts_bbox_head.transformer.decoder.layers.4.attentions.0.2.layers.0.mamba.in_proj_xy.weight - torch.Size([2048, 256]): 
Initialized by user-defined `init_weights` in FUTR3DHead  

pts_bbox_head.transformer.decoder.layers.4.attentions.0.2.layers.0.mamba.x_proj_f.weight - torch.Size([144, 512]): 
Initialized by user-defined `init_weights` in FUTR3DHead  

pts_bbox_head.transformer.decoder.layers.4.attentions.0.2.layers.0.mamba.x_proj_b.weight - torch.Size([144, 512]): 
Initialized by user-defined `init_weights` in FUTR3DHead  

pts_bbox_head.transformer.decoder.layers.4.attentions.0.2.layers.0.mamba.dt_proj_f.weight - torch.Size([512, 16]): 
Initialized by user-defined `init_weights` in FUTR3DHead  

pts_bbox_head.transformer.decoder.layers.4.attentions.0.2.layers.0.mamba.dt_proj_f.bias - torch.Size([512]): 
The value is the same before and after calling `init_weights` of FUTR3D  

pts_bbox_head.transformer.decoder.layers.4.attentions.0.2.layers.0.mamba.dt_proj_b.weight - torch.Size([512, 16]): 
Initialized by user-defined `init_weights` in FUTR3DHead  

pts_bbox_head.transformer.decoder.layers.4.attentions.0.2.layers.0.mamba.dt_proj_b.bias - torch.Size([512]): 
The value is the same before and after calling `init_weights` of FUTR3D  

pts_bbox_head.transformer.decoder.layers.4.attentions.0.2.layers.0.mamba.x_proj_f_xy.weight - torch.Size([144, 512]): 
Initialized by user-defined `init_weights` in FUTR3DHead  

pts_bbox_head.transformer.decoder.layers.4.attentions.0.2.layers.0.mamba.x_proj_b_xy.weight - torch.Size([144, 512]): 
Initialized by user-defined `init_weights` in FUTR3DHead  

pts_bbox_head.transformer.decoder.layers.4.attentions.0.2.layers.0.mamba.dt_proj_f_xy.weight - torch.Size([512, 16]): 
Initialized by user-defined `init_weights` in FUTR3DHead  

pts_bbox_head.transformer.decoder.layers.4.attentions.0.2.layers.0.mamba.dt_proj_f_xy.bias - torch.Size([512]): 
The value is the same before and after calling `init_weights` of FUTR3D  

pts_bbox_head.transformer.decoder.layers.4.attentions.0.2.layers.0.mamba.dt_proj_b_xy.weight - torch.Size([512, 16]): 
Initialized by user-defined `init_weights` in FUTR3DHead  

pts_bbox_head.transformer.decoder.layers.4.attentions.0.2.layers.0.mamba.dt_proj_b_xy.bias - torch.Size([512]): 
The value is the same before and after calling `init_weights` of FUTR3D  

pts_bbox_head.transformer.decoder.layers.4.attentions.0.2.layers.0.mamba.conv1d_x_f.weight - torch.Size([512, 1, 4]): 
Initialized by user-defined `init_weights` in FUTR3DHead  

pts_bbox_head.transformer.decoder.layers.4.attentions.0.2.layers.0.mamba.conv1d_x_f.bias - torch.Size([512]): 
The value is the same before and after calling `init_weights` of FUTR3D  

pts_bbox_head.transformer.decoder.layers.4.attentions.0.2.layers.0.mamba.conv1d_z_f.weight - torch.Size([512, 1, 4]): 
Initialized by user-defined `init_weights` in FUTR3DHead  

pts_bbox_head.transformer.decoder.layers.4.attentions.0.2.layers.0.mamba.conv1d_z_f.bias - torch.Size([512]): 
The value is the same before and after calling `init_weights` of FUTR3D  

pts_bbox_head.transformer.decoder.layers.4.attentions.0.2.layers.0.mamba.conv1d_x_b.weight - torch.Size([512, 1, 4]): 
Initialized by user-defined `init_weights` in FUTR3DHead  

pts_bbox_head.transformer.decoder.layers.4.attentions.0.2.layers.0.mamba.conv1d_x_b.bias - torch.Size([512]): 
The value is the same before and after calling `init_weights` of FUTR3D  

pts_bbox_head.transformer.decoder.layers.4.attentions.0.2.layers.0.mamba.conv1d_z_b.weight - torch.Size([512, 1, 4]): 
Initialized by user-defined `init_weights` in FUTR3DHead  

pts_bbox_head.transformer.decoder.layers.4.attentions.0.2.layers.0.mamba.conv1d_z_b.bias - torch.Size([512]): 
The value is the same before and after calling `init_weights` of FUTR3D  

pts_bbox_head.transformer.decoder.layers.4.attentions.0.2.layers.0.mamba.conv1d_x_xy_f.weight - torch.Size([512, 1, 4]): 
Initialized by user-defined `init_weights` in FUTR3DHead  

pts_bbox_head.transformer.decoder.layers.4.attentions.0.2.layers.0.mamba.conv1d_x_xy_f.bias - torch.Size([512]): 
The value is the same before and after calling `init_weights` of FUTR3D  

pts_bbox_head.transformer.decoder.layers.4.attentions.0.2.layers.0.mamba.conv1d_z_xy_f.weight - torch.Size([512, 1, 4]): 
Initialized by user-defined `init_weights` in FUTR3DHead  

pts_bbox_head.transformer.decoder.layers.4.attentions.0.2.layers.0.mamba.conv1d_z_xy_f.bias - torch.Size([512]): 
The value is the same before and after calling `init_weights` of FUTR3D  

pts_bbox_head.transformer.decoder.layers.4.attentions.0.2.layers.0.mamba.conv1d_x_xy_b.weight - torch.Size([512, 1, 4]): 
Initialized by user-defined `init_weights` in FUTR3DHead  

pts_bbox_head.transformer.decoder.layers.4.attentions.0.2.layers.0.mamba.conv1d_x_xy_b.bias - torch.Size([512]): 
The value is the same before and after calling `init_weights` of FUTR3D  

pts_bbox_head.transformer.decoder.layers.4.attentions.0.2.layers.0.mamba.conv1d_z_xy_b.weight - torch.Size([512, 1, 4]): 
Initialized by user-defined `init_weights` in FUTR3DHead  

pts_bbox_head.transformer.decoder.layers.4.attentions.0.2.layers.0.mamba.conv1d_z_xy_b.bias - torch.Size([512]): 
The value is the same before and after calling `init_weights` of FUTR3D  

pts_bbox_head.transformer.decoder.layers.4.attentions.0.2.layers.0.mamba.out_proj.weight - torch.Size([256, 2048]): 
Initialized by user-defined `init_weights` in FUTR3DHead  

pts_bbox_head.transformer.decoder.layers.4.attentions.0.2.layers.0.mamba.global_proj.weight - torch.Size([2048, 2048]): 
Initialized by user-defined `init_weights` in FUTR3DHead  

pts_bbox_head.transformer.decoder.layers.4.attentions.0.2.layers.0.mamba.global_proj.bias - torch.Size([2048]): 
The value is the same before and after calling `init_weights` of FUTR3D  

pts_bbox_head.transformer.decoder.layers.4.attentions.0.2.layers.0.norm.weight - torch.Size([256]): 
The value is the same before and after calling `init_weights` of FUTR3D  

pts_bbox_head.transformer.decoder.layers.4.attentions.0.2.layers.0.mlp.gate_proj.weight - torch.Size([1024, 256]): 
Initialized by user-defined `init_weights` in FUTR3DHead  

pts_bbox_head.transformer.decoder.layers.4.attentions.0.2.layers.0.mlp.up_proj.weight - torch.Size([1024, 256]): 
Initialized by user-defined `init_weights` in FUTR3DHead  

pts_bbox_head.transformer.decoder.layers.4.attentions.0.2.layers.0.mlp.down_proj.weight - torch.Size([256, 1024]): 
Initialized by user-defined `init_weights` in FUTR3DHead  

pts_bbox_head.transformer.decoder.layers.4.attentions.0.2.layers.0.mlp_norm.weight - torch.Size([256]): 
The value is the same before and after calling `init_weights` of FUTR3D  

pts_bbox_head.transformer.decoder.layers.4.attentions.0.2.layers.1.norm_before.weight - torch.Size([256]): 
The value is the same before and after calling `init_weights` of FUTR3D  

pts_bbox_head.transformer.decoder.layers.4.attentions.0.2.layers.1.mamba.A_log_f - torch.Size([512, 64]): 
Initialized by user-defined `init_weights` in FUTR3DHead  

pts_bbox_head.transformer.decoder.layers.4.attentions.0.2.layers.1.mamba.A_log_b - torch.Size([512, 64]): 
Initialized by user-defined `init_weights` in FUTR3DHead  

pts_bbox_head.transformer.decoder.layers.4.attentions.0.2.layers.1.mamba.D_f - torch.Size([512]): 
The value is the same before and after calling `init_weights` of FUTR3D  

pts_bbox_head.transformer.decoder.layers.4.attentions.0.2.layers.1.mamba.D_b - torch.Size([512]): 
The value is the same before and after calling `init_weights` of FUTR3D  

pts_bbox_head.transformer.decoder.layers.4.attentions.0.2.layers.1.mamba.A_log_f_xy - torch.Size([512, 64]): 
Initialized by user-defined `init_weights` in FUTR3DHead  

pts_bbox_head.transformer.decoder.layers.4.attentions.0.2.layers.1.mamba.A_log_b_xy - torch.Size([512, 64]): 
Initialized by user-defined `init_weights` in FUTR3DHead  

pts_bbox_head.transformer.decoder.layers.4.attentions.0.2.layers.1.mamba.D_f_xy - torch.Size([512]): 
The value is the same before and after calling `init_weights` of FUTR3D  

pts_bbox_head.transformer.decoder.layers.4.attentions.0.2.layers.1.mamba.D_b_xy - torch.Size([512]): 
The value is the same before and after calling `init_weights` of FUTR3D  

pts_bbox_head.transformer.decoder.layers.4.attentions.0.2.layers.1.mamba.in_proj.weight - torch.Size([2048, 256]): 
Initialized by user-defined `init_weights` in FUTR3DHead  

pts_bbox_head.transformer.decoder.layers.4.attentions.0.2.layers.1.mamba.in_proj_xy.weight - torch.Size([2048, 256]): 
Initialized by user-defined `init_weights` in FUTR3DHead  

pts_bbox_head.transformer.decoder.layers.4.attentions.0.2.layers.1.mamba.x_proj_f.weight - torch.Size([144, 512]): 
Initialized by user-defined `init_weights` in FUTR3DHead  

pts_bbox_head.transformer.decoder.layers.4.attentions.0.2.layers.1.mamba.x_proj_b.weight - torch.Size([144, 512]): 
Initialized by user-defined `init_weights` in FUTR3DHead  

pts_bbox_head.transformer.decoder.layers.4.attentions.0.2.layers.1.mamba.dt_proj_f.weight - torch.Size([512, 16]): 
Initialized by user-defined `init_weights` in FUTR3DHead  

pts_bbox_head.transformer.decoder.layers.4.attentions.0.2.layers.1.mamba.dt_proj_f.bias - torch.Size([512]): 
The value is the same before and after calling `init_weights` of FUTR3D  

pts_bbox_head.transformer.decoder.layers.4.attentions.0.2.layers.1.mamba.dt_proj_b.weight - torch.Size([512, 16]): 
Initialized by user-defined `init_weights` in FUTR3DHead  

pts_bbox_head.transformer.decoder.layers.4.attentions.0.2.layers.1.mamba.dt_proj_b.bias - torch.Size([512]): 
The value is the same before and after calling `init_weights` of FUTR3D  

pts_bbox_head.transformer.decoder.layers.4.attentions.0.2.layers.1.mamba.x_proj_f_xy.weight - torch.Size([144, 512]): 
Initialized by user-defined `init_weights` in FUTR3DHead  

pts_bbox_head.transformer.decoder.layers.4.attentions.0.2.layers.1.mamba.x_proj_b_xy.weight - torch.Size([144, 512]): 
Initialized by user-defined `init_weights` in FUTR3DHead  

pts_bbox_head.transformer.decoder.layers.4.attentions.0.2.layers.1.mamba.dt_proj_f_xy.weight - torch.Size([512, 16]): 
Initialized by user-defined `init_weights` in FUTR3DHead  

pts_bbox_head.transformer.decoder.layers.4.attentions.0.2.layers.1.mamba.dt_proj_f_xy.bias - torch.Size([512]): 
The value is the same before and after calling `init_weights` of FUTR3D  

pts_bbox_head.transformer.decoder.layers.4.attentions.0.2.layers.1.mamba.dt_proj_b_xy.weight - torch.Size([512, 16]): 
Initialized by user-defined `init_weights` in FUTR3DHead  

pts_bbox_head.transformer.decoder.layers.4.attentions.0.2.layers.1.mamba.dt_proj_b_xy.bias - torch.Size([512]): 
The value is the same before and after calling `init_weights` of FUTR3D  

pts_bbox_head.transformer.decoder.layers.4.attentions.0.2.layers.1.mamba.conv1d_x_f.weight - torch.Size([512, 1, 4]): 
Initialized by user-defined `init_weights` in FUTR3DHead  

pts_bbox_head.transformer.decoder.layers.4.attentions.0.2.layers.1.mamba.conv1d_x_f.bias - torch.Size([512]): 
The value is the same before and after calling `init_weights` of FUTR3D  

pts_bbox_head.transformer.decoder.layers.4.attentions.0.2.layers.1.mamba.conv1d_z_f.weight - torch.Size([512, 1, 4]): 
Initialized by user-defined `init_weights` in FUTR3DHead  

pts_bbox_head.transformer.decoder.layers.4.attentions.0.2.layers.1.mamba.conv1d_z_f.bias - torch.Size([512]): 
The value is the same before and after calling `init_weights` of FUTR3D  

pts_bbox_head.transformer.decoder.layers.4.attentions.0.2.layers.1.mamba.conv1d_x_b.weight - torch.Size([512, 1, 4]): 
Initialized by user-defined `init_weights` in FUTR3DHead  

pts_bbox_head.transformer.decoder.layers.4.attentions.0.2.layers.1.mamba.conv1d_x_b.bias - torch.Size([512]): 
The value is the same before and after calling `init_weights` of FUTR3D  

pts_bbox_head.transformer.decoder.layers.4.attentions.0.2.layers.1.mamba.conv1d_z_b.weight - torch.Size([512, 1, 4]): 
Initialized by user-defined `init_weights` in FUTR3DHead  

pts_bbox_head.transformer.decoder.layers.4.attentions.0.2.layers.1.mamba.conv1d_z_b.bias - torch.Size([512]): 
The value is the same before and after calling `init_weights` of FUTR3D  

pts_bbox_head.transformer.decoder.layers.4.attentions.0.2.layers.1.mamba.conv1d_x_xy_f.weight - torch.Size([512, 1, 4]): 
Initialized by user-defined `init_weights` in FUTR3DHead  

pts_bbox_head.transformer.decoder.layers.4.attentions.0.2.layers.1.mamba.conv1d_x_xy_f.bias - torch.Size([512]): 
The value is the same before and after calling `init_weights` of FUTR3D  

pts_bbox_head.transformer.decoder.layers.4.attentions.0.2.layers.1.mamba.conv1d_z_xy_f.weight - torch.Size([512, 1, 4]): 
Initialized by user-defined `init_weights` in FUTR3DHead  

pts_bbox_head.transformer.decoder.layers.4.attentions.0.2.layers.1.mamba.conv1d_z_xy_f.bias - torch.Size([512]): 
The value is the same before and after calling `init_weights` of FUTR3D  

pts_bbox_head.transformer.decoder.layers.4.attentions.0.2.layers.1.mamba.conv1d_x_xy_b.weight - torch.Size([512, 1, 4]): 
Initialized by user-defined `init_weights` in FUTR3DHead  

pts_bbox_head.transformer.decoder.layers.4.attentions.0.2.layers.1.mamba.conv1d_x_xy_b.bias - torch.Size([512]): 
The value is the same before and after calling `init_weights` of FUTR3D  

pts_bbox_head.transformer.decoder.layers.4.attentions.0.2.layers.1.mamba.conv1d_z_xy_b.weight - torch.Size([512, 1, 4]): 
Initialized by user-defined `init_weights` in FUTR3DHead  

pts_bbox_head.transformer.decoder.layers.4.attentions.0.2.layers.1.mamba.conv1d_z_xy_b.bias - torch.Size([512]): 
The value is the same before and after calling `init_weights` of FUTR3D  

pts_bbox_head.transformer.decoder.layers.4.attentions.0.2.layers.1.mamba.out_proj.weight - torch.Size([256, 2048]): 
Initialized by user-defined `init_weights` in FUTR3DHead  

pts_bbox_head.transformer.decoder.layers.4.attentions.0.2.layers.1.mamba.global_proj.weight - torch.Size([2048, 2048]): 
Initialized by user-defined `init_weights` in FUTR3DHead  

pts_bbox_head.transformer.decoder.layers.4.attentions.0.2.layers.1.mamba.global_proj.bias - torch.Size([2048]): 
The value is the same before and after calling `init_weights` of FUTR3D  

pts_bbox_head.transformer.decoder.layers.4.attentions.0.2.layers.1.norm.weight - torch.Size([256]): 
The value is the same before and after calling `init_weights` of FUTR3D  

pts_bbox_head.transformer.decoder.layers.4.attentions.0.2.layers.1.mlp.gate_proj.weight - torch.Size([1024, 256]): 
Initialized by user-defined `init_weights` in FUTR3DHead  

pts_bbox_head.transformer.decoder.layers.4.attentions.0.2.layers.1.mlp.up_proj.weight - torch.Size([1024, 256]): 
Initialized by user-defined `init_weights` in FUTR3DHead  

pts_bbox_head.transformer.decoder.layers.4.attentions.0.2.layers.1.mlp.down_proj.weight - torch.Size([256, 1024]): 
Initialized by user-defined `init_weights` in FUTR3DHead  

pts_bbox_head.transformer.decoder.layers.4.attentions.1.sampling_offsets.weight - torch.Size([256, 256]): 
Initialized by user-defined `init_weights` in FUTR3DHead  

pts_bbox_head.transformer.decoder.layers.4.attentions.1.sampling_offsets.bias - torch.Size([256]): 
The value is the same before and after calling `init_weights` of FUTR3D  

pts_bbox_head.transformer.decoder.layers.4.attentions.1.attention_weights.weight - torch.Size([128, 256]): 
Initialized by user-defined `init_weights` in FUTR3DHead  

pts_bbox_head.transformer.decoder.layers.4.attentions.1.attention_weights.bias - torch.Size([128]): 
The value is the same before and after calling `init_weights` of FUTR3D  

pts_bbox_head.transformer.decoder.layers.4.attentions.1.value_proj.weight - torch.Size([256, 256]): 
Initialized by user-defined `init_weights` in FUTR3DHead  

pts_bbox_head.transformer.decoder.layers.4.attentions.1.value_proj.bias - torch.Size([256]): 
The value is the same before and after calling `init_weights` of FUTR3D  

pts_bbox_head.transformer.decoder.layers.4.attentions.1.output_proj.weight - torch.Size([256, 256]): 
Initialized by user-defined `init_weights` in FUTR3DHead  

pts_bbox_head.transformer.decoder.layers.4.attentions.1.output_proj.bias - torch.Size([256]): 
The value is the same before and after calling `init_weights` of FUTR3D  

pts_bbox_head.transformer.decoder.layers.4.attentions.1.camera_mixer.layers.0.A_log_h2t - torch.Size([512, 16]): 
Initialized by user-defined `init_weights` in FUTR3DHead  

pts_bbox_head.transformer.decoder.layers.4.attentions.1.camera_mixer.layers.0.D_h2t - torch.Size([512]): 
The value is the same before and after calling `init_weights` of FUTR3D  

pts_bbox_head.transformer.decoder.layers.4.attentions.1.camera_mixer.layers.0.A_log_t2h - torch.Size([512, 16]): 
Initialized by user-defined `init_weights` in FUTR3DHead  

pts_bbox_head.transformer.decoder.layers.4.attentions.1.camera_mixer.layers.0.D_t2h - torch.Size([512]): 
The value is the same before and after calling `init_weights` of FUTR3D  

pts_bbox_head.transformer.decoder.layers.4.attentions.1.camera_mixer.layers.0.in_proj.weight - torch.Size([1024, 256]): 
Initialized by user-defined `init_weights` in FUTR3DHead  

pts_bbox_head.transformer.decoder.layers.4.attentions.1.camera_mixer.layers.0.conv1d_h2t.weight - torch.Size([512, 1, 4]): 
Initialized by user-defined `init_weights` in FUTR3DHead  

pts_bbox_head.transformer.decoder.layers.4.attentions.1.camera_mixer.layers.0.conv1d_h2t.bias - torch.Size([512]): 
The value is the same before and after calling `init_weights` of FUTR3D  

pts_bbox_head.transformer.decoder.layers.4.attentions.1.camera_mixer.layers.0.x_proj_h2t.weight - torch.Size([48, 512]): 
Initialized by user-defined `init_weights` in FUTR3DHead  

pts_bbox_head.transformer.decoder.layers.4.attentions.1.camera_mixer.layers.0.dt_proj_h2t.weight - torch.Size([512, 16]): 
Initialized by user-defined `init_weights` in FUTR3DHead  

pts_bbox_head.transformer.decoder.layers.4.attentions.1.camera_mixer.layers.0.dt_proj_h2t.bias - torch.Size([512]): 
The value is the same before and after calling `init_weights` of FUTR3D  

pts_bbox_head.transformer.decoder.layers.4.attentions.1.camera_mixer.layers.0.conv1d_t2h.weight - torch.Size([512, 1, 4]): 
Initialized by user-defined `init_weights` in FUTR3DHead  

pts_bbox_head.transformer.decoder.layers.4.attentions.1.camera_mixer.layers.0.conv1d_t2h.bias - torch.Size([512]): 
The value is the same before and after calling `init_weights` of FUTR3D  

pts_bbox_head.transformer.decoder.layers.4.attentions.1.camera_mixer.layers.0.x_proj_t2h.weight - torch.Size([48, 512]): 
Initialized by user-defined `init_weights` in FUTR3DHead  

pts_bbox_head.transformer.decoder.layers.4.attentions.1.camera_mixer.layers.0.dt_proj_t2h.weight - torch.Size([512, 16]): 
Initialized by user-defined `init_weights` in FUTR3DHead  

pts_bbox_head.transformer.decoder.layers.4.attentions.1.camera_mixer.layers.0.dt_proj_t2h.bias - torch.Size([512]): 
The value is the same before and after calling `init_weights` of FUTR3D  

pts_bbox_head.transformer.decoder.layers.4.attentions.1.camera_mixer.layers.0.lidar_guidance_proj.weight - torch.Size([512, 512]): 
Initialized by user-defined `init_weights` in FUTR3DHead  

pts_bbox_head.transformer.decoder.layers.4.attentions.1.camera_mixer.layers.0.lidar_guidance_proj.bias - torch.Size([512]): 
The value is the same before and after calling `init_weights` of FUTR3D  

pts_bbox_head.transformer.decoder.layers.4.attentions.1.camera_mixer.layers.0.out_proj.weight - torch.Size([256, 512]): 
Initialized by user-defined `init_weights` in FUTR3DHead  

pts_bbox_head.transformer.decoder.layers.4.attentions.1.camera_mixer.layers.1.A_log_h2t - torch.Size([512, 16]): 
Initialized by user-defined `init_weights` in FUTR3DHead  

pts_bbox_head.transformer.decoder.layers.4.attentions.1.camera_mixer.layers.1.D_h2t - torch.Size([512]): 
The value is the same before and after calling `init_weights` of FUTR3D  

pts_bbox_head.transformer.decoder.layers.4.attentions.1.camera_mixer.layers.1.A_log_t2h - torch.Size([512, 16]): 
Initialized by user-defined `init_weights` in FUTR3DHead  

pts_bbox_head.transformer.decoder.layers.4.attentions.1.camera_mixer.layers.1.D_t2h - torch.Size([512]): 
The value is the same before and after calling `init_weights` of FUTR3D  

pts_bbox_head.transformer.decoder.layers.4.attentions.1.camera_mixer.layers.1.in_proj.weight - torch.Size([1024, 256]): 
Initialized by user-defined `init_weights` in FUTR3DHead  

pts_bbox_head.transformer.decoder.layers.4.attentions.1.camera_mixer.layers.1.conv1d_h2t.weight - torch.Size([512, 1, 4]): 
Initialized by user-defined `init_weights` in FUTR3DHead  

pts_bbox_head.transformer.decoder.layers.4.attentions.1.camera_mixer.layers.1.conv1d_h2t.bias - torch.Size([512]): 
The value is the same before and after calling `init_weights` of FUTR3D  

pts_bbox_head.transformer.decoder.layers.4.attentions.1.camera_mixer.layers.1.x_proj_h2t.weight - torch.Size([48, 512]): 
Initialized by user-defined `init_weights` in FUTR3DHead  

pts_bbox_head.transformer.decoder.layers.4.attentions.1.camera_mixer.layers.1.dt_proj_h2t.weight - torch.Size([512, 16]): 
Initialized by user-defined `init_weights` in FUTR3DHead  

pts_bbox_head.transformer.decoder.layers.4.attentions.1.camera_mixer.layers.1.dt_proj_h2t.bias - torch.Size([512]): 
The value is the same before and after calling `init_weights` of FUTR3D  

pts_bbox_head.transformer.decoder.layers.4.attentions.1.camera_mixer.layers.1.conv1d_t2h.weight - torch.Size([512, 1, 4]): 
Initialized by user-defined `init_weights` in FUTR3DHead  

pts_bbox_head.transformer.decoder.layers.4.attentions.1.camera_mixer.layers.1.conv1d_t2h.bias - torch.Size([512]): 
The value is the same before and after calling `init_weights` of FUTR3D  

pts_bbox_head.transformer.decoder.layers.4.attentions.1.camera_mixer.layers.1.x_proj_t2h.weight - torch.Size([48, 512]): 
Initialized by user-defined `init_weights` in FUTR3DHead  

pts_bbox_head.transformer.decoder.layers.4.attentions.1.camera_mixer.layers.1.dt_proj_t2h.weight - torch.Size([512, 16]): 
Initialized by user-defined `init_weights` in FUTR3DHead  

pts_bbox_head.transformer.decoder.layers.4.attentions.1.camera_mixer.layers.1.dt_proj_t2h.bias - torch.Size([512]): 
The value is the same before and after calling `init_weights` of FUTR3D  

pts_bbox_head.transformer.decoder.layers.4.attentions.1.camera_mixer.layers.1.lidar_guidance_proj.weight - torch.Size([512, 512]): 
Initialized by user-defined `init_weights` in FUTR3DHead  

pts_bbox_head.transformer.decoder.layers.4.attentions.1.camera_mixer.layers.1.lidar_guidance_proj.bias - torch.Size([512]): 
The value is the same before and after calling `init_weights` of FUTR3D  

pts_bbox_head.transformer.decoder.layers.4.attentions.1.camera_mixer.layers.1.out_proj.weight - torch.Size([256, 512]): 
Initialized by user-defined `init_weights` in FUTR3DHead  

pts_bbox_head.transformer.decoder.layers.4.attentions.1.camera_mixer.norm.0.weight - torch.Size([256]): 
The value is the same before and after calling `init_weights` of FUTR3D  

pts_bbox_head.transformer.decoder.layers.4.attentions.1.camera_mixer.norm.0.bias - torch.Size([256]): 
The value is the same before and after calling `init_weights` of FUTR3D  

pts_bbox_head.transformer.decoder.layers.4.attentions.1.camera_mixer.norm.1.weight - torch.Size([256]): 
The value is the same before and after calling `init_weights` of FUTR3D  

pts_bbox_head.transformer.decoder.layers.4.attentions.1.camera_mixer.norm.1.bias - torch.Size([256]): 
The value is the same before and after calling `init_weights` of FUTR3D  

pts_bbox_head.transformer.decoder.layers.4.ffns.0.layers.0.0.weight - torch.Size([1024, 256]): 
Initialized by user-defined `init_weights` in FUTR3DHead  

pts_bbox_head.transformer.decoder.layers.4.ffns.0.layers.0.0.bias - torch.Size([1024]): 
The value is the same before and after calling `init_weights` of FUTR3D  

pts_bbox_head.transformer.decoder.layers.4.ffns.0.layers.1.weight - torch.Size([256, 1024]): 
Initialized by user-defined `init_weights` in FUTR3DHead  

pts_bbox_head.transformer.decoder.layers.4.ffns.0.layers.1.bias - torch.Size([256]): 
The value is the same before and after calling `init_weights` of FUTR3D  

pts_bbox_head.transformer.decoder.layers.4.norms.0.weight - torch.Size([256]): 
The value is the same before and after calling `init_weights` of FUTR3D  

pts_bbox_head.transformer.decoder.layers.4.norms.0.bias - torch.Size([256]): 
The value is the same before and after calling `init_weights` of FUTR3D  

pts_bbox_head.transformer.decoder.layers.4.norms.1.weight - torch.Size([256]): 
The value is the same before and after calling `init_weights` of FUTR3D  

pts_bbox_head.transformer.decoder.layers.4.norms.1.bias - torch.Size([256]): 
The value is the same before and after calling `init_weights` of FUTR3D  

pts_bbox_head.transformer.decoder.layers.4.norms.2.weight - torch.Size([256]): 
The value is the same before and after calling `init_weights` of FUTR3D  

pts_bbox_head.transformer.decoder.layers.4.norms.2.bias - torch.Size([256]): 
The value is the same before and after calling `init_weights` of FUTR3D  

pts_bbox_head.transformer.decoder.layers.5.attentions.0.0.attn.in_proj_weight - torch.Size([768, 256]): 
Initialized by user-defined `init_weights` in FUTR3DHead  

pts_bbox_head.transformer.decoder.layers.5.attentions.0.0.attn.in_proj_bias - torch.Size([768]): 
The value is the same before and after calling `init_weights` of FUTR3D  

pts_bbox_head.transformer.decoder.layers.5.attentions.0.0.attn.out_proj.weight - torch.Size([256, 256]): 
Initialized by user-defined `init_weights` in FUTR3DHead  

pts_bbox_head.transformer.decoder.layers.5.attentions.0.0.attn.out_proj.bias - torch.Size([256]): 
The value is the same before and after calling `init_weights` of FUTR3D  

pts_bbox_head.transformer.decoder.layers.5.attentions.0.1.weight - torch.Size([256]): 
The value is the same before and after calling `init_weights` of FUTR3D  

pts_bbox_head.transformer.decoder.layers.5.attentions.0.2.layers.0.norm_before.weight - torch.Size([256]): 
The value is the same before and after calling `init_weights` of FUTR3D  

pts_bbox_head.transformer.decoder.layers.5.attentions.0.2.layers.0.mamba.A_log_f - torch.Size([512, 64]): 
Initialized by user-defined `init_weights` in FUTR3DHead  

pts_bbox_head.transformer.decoder.layers.5.attentions.0.2.layers.0.mamba.A_log_b - torch.Size([512, 64]): 
Initialized by user-defined `init_weights` in FUTR3DHead  

pts_bbox_head.transformer.decoder.layers.5.attentions.0.2.layers.0.mamba.D_f - torch.Size([512]): 
The value is the same before and after calling `init_weights` of FUTR3D  

pts_bbox_head.transformer.decoder.layers.5.attentions.0.2.layers.0.mamba.D_b - torch.Size([512]): 
The value is the same before and after calling `init_weights` of FUTR3D  

pts_bbox_head.transformer.decoder.layers.5.attentions.0.2.layers.0.mamba.A_log_f_xy - torch.Size([512, 64]): 
Initialized by user-defined `init_weights` in FUTR3DHead  

pts_bbox_head.transformer.decoder.layers.5.attentions.0.2.layers.0.mamba.A_log_b_xy - torch.Size([512, 64]): 
Initialized by user-defined `init_weights` in FUTR3DHead  

pts_bbox_head.transformer.decoder.layers.5.attentions.0.2.layers.0.mamba.D_f_xy - torch.Size([512]): 
The value is the same before and after calling `init_weights` of FUTR3D  

pts_bbox_head.transformer.decoder.layers.5.attentions.0.2.layers.0.mamba.D_b_xy - torch.Size([512]): 
The value is the same before and after calling `init_weights` of FUTR3D  

pts_bbox_head.transformer.decoder.layers.5.attentions.0.2.layers.0.mamba.in_proj.weight - torch.Size([2048, 256]): 
Initialized by user-defined `init_weights` in FUTR3DHead  

pts_bbox_head.transformer.decoder.layers.5.attentions.0.2.layers.0.mamba.in_proj_xy.weight - torch.Size([2048, 256]): 
Initialized by user-defined `init_weights` in FUTR3DHead  

pts_bbox_head.transformer.decoder.layers.5.attentions.0.2.layers.0.mamba.x_proj_f.weight - torch.Size([144, 512]): 
Initialized by user-defined `init_weights` in FUTR3DHead  

pts_bbox_head.transformer.decoder.layers.5.attentions.0.2.layers.0.mamba.x_proj_b.weight - torch.Size([144, 512]): 
Initialized by user-defined `init_weights` in FUTR3DHead  

pts_bbox_head.transformer.decoder.layers.5.attentions.0.2.layers.0.mamba.dt_proj_f.weight - torch.Size([512, 16]): 
Initialized by user-defined `init_weights` in FUTR3DHead  

pts_bbox_head.transformer.decoder.layers.5.attentions.0.2.layers.0.mamba.dt_proj_f.bias - torch.Size([512]): 
The value is the same before and after calling `init_weights` of FUTR3D  

pts_bbox_head.transformer.decoder.layers.5.attentions.0.2.layers.0.mamba.dt_proj_b.weight - torch.Size([512, 16]): 
Initialized by user-defined `init_weights` in FUTR3DHead  

pts_bbox_head.transformer.decoder.layers.5.attentions.0.2.layers.0.mamba.dt_proj_b.bias - torch.Size([512]): 
The value is the same before and after calling `init_weights` of FUTR3D  

pts_bbox_head.transformer.decoder.layers.5.attentions.0.2.layers.0.mamba.x_proj_f_xy.weight - torch.Size([144, 512]): 
Initialized by user-defined `init_weights` in FUTR3DHead  

pts_bbox_head.transformer.decoder.layers.5.attentions.0.2.layers.0.mamba.x_proj_b_xy.weight - torch.Size([144, 512]): 
Initialized by user-defined `init_weights` in FUTR3DHead  

pts_bbox_head.transformer.decoder.layers.5.attentions.0.2.layers.0.mamba.dt_proj_f_xy.weight - torch.Size([512, 16]): 
Initialized by user-defined `init_weights` in FUTR3DHead  

pts_bbox_head.transformer.decoder.layers.5.attentions.0.2.layers.0.mamba.dt_proj_f_xy.bias - torch.Size([512]): 
The value is the same before and after calling `init_weights` of FUTR3D  

pts_bbox_head.transformer.decoder.layers.5.attentions.0.2.layers.0.mamba.dt_proj_b_xy.weight - torch.Size([512, 16]): 
Initialized by user-defined `init_weights` in FUTR3DHead  

pts_bbox_head.transformer.decoder.layers.5.attentions.0.2.layers.0.mamba.dt_proj_b_xy.bias - torch.Size([512]): 
The value is the same before and after calling `init_weights` of FUTR3D  

pts_bbox_head.transformer.decoder.layers.5.attentions.0.2.layers.0.mamba.conv1d_x_f.weight - torch.Size([512, 1, 4]): 
Initialized by user-defined `init_weights` in FUTR3DHead  

pts_bbox_head.transformer.decoder.layers.5.attentions.0.2.layers.0.mamba.conv1d_x_f.bias - torch.Size([512]): 
The value is the same before and after calling `init_weights` of FUTR3D  

pts_bbox_head.transformer.decoder.layers.5.attentions.0.2.layers.0.mamba.conv1d_z_f.weight - torch.Size([512, 1, 4]): 
Initialized by user-defined `init_weights` in FUTR3DHead  

pts_bbox_head.transformer.decoder.layers.5.attentions.0.2.layers.0.mamba.conv1d_z_f.bias - torch.Size([512]): 
The value is the same before and after calling `init_weights` of FUTR3D  

pts_bbox_head.transformer.decoder.layers.5.attentions.0.2.layers.0.mamba.conv1d_x_b.weight - torch.Size([512, 1, 4]): 
Initialized by user-defined `init_weights` in FUTR3DHead  

pts_bbox_head.transformer.decoder.layers.5.attentions.0.2.layers.0.mamba.conv1d_x_b.bias - torch.Size([512]): 
The value is the same before and after calling `init_weights` of FUTR3D  

pts_bbox_head.transformer.decoder.layers.5.attentions.0.2.layers.0.mamba.conv1d_z_b.weight - torch.Size([512, 1, 4]): 
Initialized by user-defined `init_weights` in FUTR3DHead  

pts_bbox_head.transformer.decoder.layers.5.attentions.0.2.layers.0.mamba.conv1d_z_b.bias - torch.Size([512]): 
The value is the same before and after calling `init_weights` of FUTR3D  

pts_bbox_head.transformer.decoder.layers.5.attentions.0.2.layers.0.mamba.conv1d_x_xy_f.weight - torch.Size([512, 1, 4]): 
Initialized by user-defined `init_weights` in FUTR3DHead  

pts_bbox_head.transformer.decoder.layers.5.attentions.0.2.layers.0.mamba.conv1d_x_xy_f.bias - torch.Size([512]): 
The value is the same before and after calling `init_weights` of FUTR3D  

pts_bbox_head.transformer.decoder.layers.5.attentions.0.2.layers.0.mamba.conv1d_z_xy_f.weight - torch.Size([512, 1, 4]): 
Initialized by user-defined `init_weights` in FUTR3DHead  

pts_bbox_head.transformer.decoder.layers.5.attentions.0.2.layers.0.mamba.conv1d_z_xy_f.bias - torch.Size([512]): 
The value is the same before and after calling `init_weights` of FUTR3D  

pts_bbox_head.transformer.decoder.layers.5.attentions.0.2.layers.0.mamba.conv1d_x_xy_b.weight - torch.Size([512, 1, 4]): 
Initialized by user-defined `init_weights` in FUTR3DHead  

pts_bbox_head.transformer.decoder.layers.5.attentions.0.2.layers.0.mamba.conv1d_x_xy_b.bias - torch.Size([512]): 
The value is the same before and after calling `init_weights` of FUTR3D  

pts_bbox_head.transformer.decoder.layers.5.attentions.0.2.layers.0.mamba.conv1d_z_xy_b.weight - torch.Size([512, 1, 4]): 
Initialized by user-defined `init_weights` in FUTR3DHead  

pts_bbox_head.transformer.decoder.layers.5.attentions.0.2.layers.0.mamba.conv1d_z_xy_b.bias - torch.Size([512]): 
The value is the same before and after calling `init_weights` of FUTR3D  

pts_bbox_head.transformer.decoder.layers.5.attentions.0.2.layers.0.mamba.out_proj.weight - torch.Size([256, 2048]): 
Initialized by user-defined `init_weights` in FUTR3DHead  

pts_bbox_head.transformer.decoder.layers.5.attentions.0.2.layers.0.mamba.global_proj.weight - torch.Size([2048, 2048]): 
Initialized by user-defined `init_weights` in FUTR3DHead  

pts_bbox_head.transformer.decoder.layers.5.attentions.0.2.layers.0.mamba.global_proj.bias - torch.Size([2048]): 
The value is the same before and after calling `init_weights` of FUTR3D  

pts_bbox_head.transformer.decoder.layers.5.attentions.0.2.layers.0.norm.weight - torch.Size([256]): 
The value is the same before and after calling `init_weights` of FUTR3D  

pts_bbox_head.transformer.decoder.layers.5.attentions.0.2.layers.0.mlp.gate_proj.weight - torch.Size([1024, 256]): 
Initialized by user-defined `init_weights` in FUTR3DHead  

pts_bbox_head.transformer.decoder.layers.5.attentions.0.2.layers.0.mlp.up_proj.weight - torch.Size([1024, 256]): 
Initialized by user-defined `init_weights` in FUTR3DHead  

pts_bbox_head.transformer.decoder.layers.5.attentions.0.2.layers.0.mlp.down_proj.weight - torch.Size([256, 1024]): 
Initialized by user-defined `init_weights` in FUTR3DHead  

pts_bbox_head.transformer.decoder.layers.5.attentions.0.2.layers.0.mlp_norm.weight - torch.Size([256]): 
The value is the same before and after calling `init_weights` of FUTR3D  

pts_bbox_head.transformer.decoder.layers.5.attentions.0.2.layers.1.norm_before.weight - torch.Size([256]): 
The value is the same before and after calling `init_weights` of FUTR3D  

pts_bbox_head.transformer.decoder.layers.5.attentions.0.2.layers.1.mamba.A_log_f - torch.Size([512, 64]): 
Initialized by user-defined `init_weights` in FUTR3DHead  

pts_bbox_head.transformer.decoder.layers.5.attentions.0.2.layers.1.mamba.A_log_b - torch.Size([512, 64]): 
Initialized by user-defined `init_weights` in FUTR3DHead  

pts_bbox_head.transformer.decoder.layers.5.attentions.0.2.layers.1.mamba.D_f - torch.Size([512]): 
The value is the same before and after calling `init_weights` of FUTR3D  

pts_bbox_head.transformer.decoder.layers.5.attentions.0.2.layers.1.mamba.D_b - torch.Size([512]): 
The value is the same before and after calling `init_weights` of FUTR3D  

pts_bbox_head.transformer.decoder.layers.5.attentions.0.2.layers.1.mamba.A_log_f_xy - torch.Size([512, 64]): 
Initialized by user-defined `init_weights` in FUTR3DHead  

pts_bbox_head.transformer.decoder.layers.5.attentions.0.2.layers.1.mamba.A_log_b_xy - torch.Size([512, 64]): 
Initialized by user-defined `init_weights` in FUTR3DHead  

pts_bbox_head.transformer.decoder.layers.5.attentions.0.2.layers.1.mamba.D_f_xy - torch.Size([512]): 
The value is the same before and after calling `init_weights` of FUTR3D  

pts_bbox_head.transformer.decoder.layers.5.attentions.0.2.layers.1.mamba.D_b_xy - torch.Size([512]): 
The value is the same before and after calling `init_weights` of FUTR3D  

pts_bbox_head.transformer.decoder.layers.5.attentions.0.2.layers.1.mamba.in_proj.weight - torch.Size([2048, 256]): 
Initialized by user-defined `init_weights` in FUTR3DHead  

pts_bbox_head.transformer.decoder.layers.5.attentions.0.2.layers.1.mamba.in_proj_xy.weight - torch.Size([2048, 256]): 
Initialized by user-defined `init_weights` in FUTR3DHead  

pts_bbox_head.transformer.decoder.layers.5.attentions.0.2.layers.1.mamba.x_proj_f.weight - torch.Size([144, 512]): 
Initialized by user-defined `init_weights` in FUTR3DHead  

pts_bbox_head.transformer.decoder.layers.5.attentions.0.2.layers.1.mamba.x_proj_b.weight - torch.Size([144, 512]): 
Initialized by user-defined `init_weights` in FUTR3DHead  

pts_bbox_head.transformer.decoder.layers.5.attentions.0.2.layers.1.mamba.dt_proj_f.weight - torch.Size([512, 16]): 
Initialized by user-defined `init_weights` in FUTR3DHead  

pts_bbox_head.transformer.decoder.layers.5.attentions.0.2.layers.1.mamba.dt_proj_f.bias - torch.Size([512]): 
The value is the same before and after calling `init_weights` of FUTR3D  

pts_bbox_head.transformer.decoder.layers.5.attentions.0.2.layers.1.mamba.dt_proj_b.weight - torch.Size([512, 16]): 
Initialized by user-defined `init_weights` in FUTR3DHead  

pts_bbox_head.transformer.decoder.layers.5.attentions.0.2.layers.1.mamba.dt_proj_b.bias - torch.Size([512]): 
The value is the same before and after calling `init_weights` of FUTR3D  

pts_bbox_head.transformer.decoder.layers.5.attentions.0.2.layers.1.mamba.x_proj_f_xy.weight - torch.Size([144, 512]): 
Initialized by user-defined `init_weights` in FUTR3DHead  

pts_bbox_head.transformer.decoder.layers.5.attentions.0.2.layers.1.mamba.x_proj_b_xy.weight - torch.Size([144, 512]): 
Initialized by user-defined `init_weights` in FUTR3DHead  

pts_bbox_head.transformer.decoder.layers.5.attentions.0.2.layers.1.mamba.dt_proj_f_xy.weight - torch.Size([512, 16]): 
Initialized by user-defined `init_weights` in FUTR3DHead  

pts_bbox_head.transformer.decoder.layers.5.attentions.0.2.layers.1.mamba.dt_proj_f_xy.bias - torch.Size([512]): 
The value is the same before and after calling `init_weights` of FUTR3D  

pts_bbox_head.transformer.decoder.layers.5.attentions.0.2.layers.1.mamba.dt_proj_b_xy.weight - torch.Size([512, 16]): 
Initialized by user-defined `init_weights` in FUTR3DHead  

pts_bbox_head.transformer.decoder.layers.5.attentions.0.2.layers.1.mamba.dt_proj_b_xy.bias - torch.Size([512]): 
The value is the same before and after calling `init_weights` of FUTR3D  

pts_bbox_head.transformer.decoder.layers.5.attentions.0.2.layers.1.mamba.conv1d_x_f.weight - torch.Size([512, 1, 4]): 
Initialized by user-defined `init_weights` in FUTR3DHead  

pts_bbox_head.transformer.decoder.layers.5.attentions.0.2.layers.1.mamba.conv1d_x_f.bias - torch.Size([512]): 
The value is the same before and after calling `init_weights` of FUTR3D  

pts_bbox_head.transformer.decoder.layers.5.attentions.0.2.layers.1.mamba.conv1d_z_f.weight - torch.Size([512, 1, 4]): 
Initialized by user-defined `init_weights` in FUTR3DHead  

pts_bbox_head.transformer.decoder.layers.5.attentions.0.2.layers.1.mamba.conv1d_z_f.bias - torch.Size([512]): 
The value is the same before and after calling `init_weights` of FUTR3D  

pts_bbox_head.transformer.decoder.layers.5.attentions.0.2.layers.1.mamba.conv1d_x_b.weight - torch.Size([512, 1, 4]): 
Initialized by user-defined `init_weights` in FUTR3DHead  

pts_bbox_head.transformer.decoder.layers.5.attentions.0.2.layers.1.mamba.conv1d_x_b.bias - torch.Size([512]): 
The value is the same before and after calling `init_weights` of FUTR3D  

pts_bbox_head.transformer.decoder.layers.5.attentions.0.2.layers.1.mamba.conv1d_z_b.weight - torch.Size([512, 1, 4]): 
Initialized by user-defined `init_weights` in FUTR3DHead  

pts_bbox_head.transformer.decoder.layers.5.attentions.0.2.layers.1.mamba.conv1d_z_b.bias - torch.Size([512]): 
The value is the same before and after calling `init_weights` of FUTR3D  

pts_bbox_head.transformer.decoder.layers.5.attentions.0.2.layers.1.mamba.conv1d_x_xy_f.weight - torch.Size([512, 1, 4]): 
Initialized by user-defined `init_weights` in FUTR3DHead  

pts_bbox_head.transformer.decoder.layers.5.attentions.0.2.layers.1.mamba.conv1d_x_xy_f.bias - torch.Size([512]): 
The value is the same before and after calling `init_weights` of FUTR3D  

pts_bbox_head.transformer.decoder.layers.5.attentions.0.2.layers.1.mamba.conv1d_z_xy_f.weight - torch.Size([512, 1, 4]): 
Initialized by user-defined `init_weights` in FUTR3DHead  

pts_bbox_head.transformer.decoder.layers.5.attentions.0.2.layers.1.mamba.conv1d_z_xy_f.bias - torch.Size([512]): 
The value is the same before and after calling `init_weights` of FUTR3D  

pts_bbox_head.transformer.decoder.layers.5.attentions.0.2.layers.1.mamba.conv1d_x_xy_b.weight - torch.Size([512, 1, 4]): 
Initialized by user-defined `init_weights` in FUTR3DHead  

pts_bbox_head.transformer.decoder.layers.5.attentions.0.2.layers.1.mamba.conv1d_x_xy_b.bias - torch.Size([512]): 
The value is the same before and after calling `init_weights` of FUTR3D  

pts_bbox_head.transformer.decoder.layers.5.attentions.0.2.layers.1.mamba.conv1d_z_xy_b.weight - torch.Size([512, 1, 4]): 
Initialized by user-defined `init_weights` in FUTR3DHead  

pts_bbox_head.transformer.decoder.layers.5.attentions.0.2.layers.1.mamba.conv1d_z_xy_b.bias - torch.Size([512]): 
The value is the same before and after calling `init_weights` of FUTR3D  

pts_bbox_head.transformer.decoder.layers.5.attentions.0.2.layers.1.mamba.out_proj.weight - torch.Size([256, 2048]): 
Initialized by user-defined `init_weights` in FUTR3DHead  

pts_bbox_head.transformer.decoder.layers.5.attentions.0.2.layers.1.mamba.global_proj.weight - torch.Size([2048, 2048]): 
Initialized by user-defined `init_weights` in FUTR3DHead  

pts_bbox_head.transformer.decoder.layers.5.attentions.0.2.layers.1.mamba.global_proj.bias - torch.Size([2048]): 
The value is the same before and after calling `init_weights` of FUTR3D  

pts_bbox_head.transformer.decoder.layers.5.attentions.0.2.layers.1.norm.weight - torch.Size([256]): 
The value is the same before and after calling `init_weights` of FUTR3D  

pts_bbox_head.transformer.decoder.layers.5.attentions.0.2.layers.1.mlp.gate_proj.weight - torch.Size([1024, 256]): 
Initialized by user-defined `init_weights` in FUTR3DHead  

pts_bbox_head.transformer.decoder.layers.5.attentions.0.2.layers.1.mlp.up_proj.weight - torch.Size([1024, 256]): 
Initialized by user-defined `init_weights` in FUTR3DHead  

pts_bbox_head.transformer.decoder.layers.5.attentions.0.2.layers.1.mlp.down_proj.weight - torch.Size([256, 1024]): 
Initialized by user-defined `init_weights` in FUTR3DHead  

pts_bbox_head.transformer.decoder.layers.5.attentions.1.sampling_offsets.weight - torch.Size([256, 256]): 
Initialized by user-defined `init_weights` in FUTR3DHead  

pts_bbox_head.transformer.decoder.layers.5.attentions.1.sampling_offsets.bias - torch.Size([256]): 
The value is the same before and after calling `init_weights` of FUTR3D  

pts_bbox_head.transformer.decoder.layers.5.attentions.1.attention_weights.weight - torch.Size([128, 256]): 
Initialized by user-defined `init_weights` in FUTR3DHead  

pts_bbox_head.transformer.decoder.layers.5.attentions.1.attention_weights.bias - torch.Size([128]): 
The value is the same before and after calling `init_weights` of FUTR3D  

pts_bbox_head.transformer.decoder.layers.5.attentions.1.value_proj.weight - torch.Size([256, 256]): 
Initialized by user-defined `init_weights` in FUTR3DHead  

pts_bbox_head.transformer.decoder.layers.5.attentions.1.value_proj.bias - torch.Size([256]): 
The value is the same before and after calling `init_weights` of FUTR3D  

pts_bbox_head.transformer.decoder.layers.5.attentions.1.output_proj.weight - torch.Size([256, 256]): 
Initialized by user-defined `init_weights` in FUTR3DHead  

pts_bbox_head.transformer.decoder.layers.5.attentions.1.output_proj.bias - torch.Size([256]): 
The value is the same before and after calling `init_weights` of FUTR3D  

pts_bbox_head.transformer.decoder.layers.5.attentions.1.camera_mixer.layers.0.A_log_h2t - torch.Size([512, 16]): 
Initialized by user-defined `init_weights` in FUTR3DHead  

pts_bbox_head.transformer.decoder.layers.5.attentions.1.camera_mixer.layers.0.D_h2t - torch.Size([512]): 
The value is the same before and after calling `init_weights` of FUTR3D  

pts_bbox_head.transformer.decoder.layers.5.attentions.1.camera_mixer.layers.0.A_log_t2h - torch.Size([512, 16]): 
Initialized by user-defined `init_weights` in FUTR3DHead  

pts_bbox_head.transformer.decoder.layers.5.attentions.1.camera_mixer.layers.0.D_t2h - torch.Size([512]): 
The value is the same before and after calling `init_weights` of FUTR3D  

pts_bbox_head.transformer.decoder.layers.5.attentions.1.camera_mixer.layers.0.in_proj.weight - torch.Size([1024, 256]): 
Initialized by user-defined `init_weights` in FUTR3DHead  

pts_bbox_head.transformer.decoder.layers.5.attentions.1.camera_mixer.layers.0.conv1d_h2t.weight - torch.Size([512, 1, 4]): 
Initialized by user-defined `init_weights` in FUTR3DHead  

pts_bbox_head.transformer.decoder.layers.5.attentions.1.camera_mixer.layers.0.conv1d_h2t.bias - torch.Size([512]): 
The value is the same before and after calling `init_weights` of FUTR3D  

pts_bbox_head.transformer.decoder.layers.5.attentions.1.camera_mixer.layers.0.x_proj_h2t.weight - torch.Size([48, 512]): 
Initialized by user-defined `init_weights` in FUTR3DHead  

pts_bbox_head.transformer.decoder.layers.5.attentions.1.camera_mixer.layers.0.dt_proj_h2t.weight - torch.Size([512, 16]): 
Initialized by user-defined `init_weights` in FUTR3DHead  

pts_bbox_head.transformer.decoder.layers.5.attentions.1.camera_mixer.layers.0.dt_proj_h2t.bias - torch.Size([512]): 
The value is the same before and after calling `init_weights` of FUTR3D  

pts_bbox_head.transformer.decoder.layers.5.attentions.1.camera_mixer.layers.0.conv1d_t2h.weight - torch.Size([512, 1, 4]): 
Initialized by user-defined `init_weights` in FUTR3DHead  

pts_bbox_head.transformer.decoder.layers.5.attentions.1.camera_mixer.layers.0.conv1d_t2h.bias - torch.Size([512]): 
The value is the same before and after calling `init_weights` of FUTR3D  

pts_bbox_head.transformer.decoder.layers.5.attentions.1.camera_mixer.layers.0.x_proj_t2h.weight - torch.Size([48, 512]): 
Initialized by user-defined `init_weights` in FUTR3DHead  

pts_bbox_head.transformer.decoder.layers.5.attentions.1.camera_mixer.layers.0.dt_proj_t2h.weight - torch.Size([512, 16]): 
Initialized by user-defined `init_weights` in FUTR3DHead  

pts_bbox_head.transformer.decoder.layers.5.attentions.1.camera_mixer.layers.0.dt_proj_t2h.bias - torch.Size([512]): 
The value is the same before and after calling `init_weights` of FUTR3D  

pts_bbox_head.transformer.decoder.layers.5.attentions.1.camera_mixer.layers.0.lidar_guidance_proj.weight - torch.Size([512, 512]): 
Initialized by user-defined `init_weights` in FUTR3DHead  

pts_bbox_head.transformer.decoder.layers.5.attentions.1.camera_mixer.layers.0.lidar_guidance_proj.bias - torch.Size([512]): 
The value is the same before and after calling `init_weights` of FUTR3D  

pts_bbox_head.transformer.decoder.layers.5.attentions.1.camera_mixer.layers.0.out_proj.weight - torch.Size([256, 512]): 
Initialized by user-defined `init_weights` in FUTR3DHead  

pts_bbox_head.transformer.decoder.layers.5.attentions.1.camera_mixer.layers.1.A_log_h2t - torch.Size([512, 16]): 
Initialized by user-defined `init_weights` in FUTR3DHead  

pts_bbox_head.transformer.decoder.layers.5.attentions.1.camera_mixer.layers.1.D_h2t - torch.Size([512]): 
The value is the same before and after calling `init_weights` of FUTR3D  

pts_bbox_head.transformer.decoder.layers.5.attentions.1.camera_mixer.layers.1.A_log_t2h - torch.Size([512, 16]): 
Initialized by user-defined `init_weights` in FUTR3DHead  

pts_bbox_head.transformer.decoder.layers.5.attentions.1.camera_mixer.layers.1.D_t2h - torch.Size([512]): 
The value is the same before and after calling `init_weights` of FUTR3D  

pts_bbox_head.transformer.decoder.layers.5.attentions.1.camera_mixer.layers.1.in_proj.weight - torch.Size([1024, 256]): 
Initialized by user-defined `init_weights` in FUTR3DHead  

pts_bbox_head.transformer.decoder.layers.5.attentions.1.camera_mixer.layers.1.conv1d_h2t.weight - torch.Size([512, 1, 4]): 
Initialized by user-defined `init_weights` in FUTR3DHead  

pts_bbox_head.transformer.decoder.layers.5.attentions.1.camera_mixer.layers.1.conv1d_h2t.bias - torch.Size([512]): 
The value is the same before and after calling `init_weights` of FUTR3D  

pts_bbox_head.transformer.decoder.layers.5.attentions.1.camera_mixer.layers.1.x_proj_h2t.weight - torch.Size([48, 512]): 
Initialized by user-defined `init_weights` in FUTR3DHead  

pts_bbox_head.transformer.decoder.layers.5.attentions.1.camera_mixer.layers.1.dt_proj_h2t.weight - torch.Size([512, 16]): 
Initialized by user-defined `init_weights` in FUTR3DHead  

pts_bbox_head.transformer.decoder.layers.5.attentions.1.camera_mixer.layers.1.dt_proj_h2t.bias - torch.Size([512]): 
The value is the same before and after calling `init_weights` of FUTR3D  

pts_bbox_head.transformer.decoder.layers.5.attentions.1.camera_mixer.layers.1.conv1d_t2h.weight - torch.Size([512, 1, 4]): 
Initialized by user-defined `init_weights` in FUTR3DHead  

pts_bbox_head.transformer.decoder.layers.5.attentions.1.camera_mixer.layers.1.conv1d_t2h.bias - torch.Size([512]): 
The value is the same before and after calling `init_weights` of FUTR3D  

pts_bbox_head.transformer.decoder.layers.5.attentions.1.camera_mixer.layers.1.x_proj_t2h.weight - torch.Size([48, 512]): 
Initialized by user-defined `init_weights` in FUTR3DHead  

pts_bbox_head.transformer.decoder.layers.5.attentions.1.camera_mixer.layers.1.dt_proj_t2h.weight - torch.Size([512, 16]): 
Initialized by user-defined `init_weights` in FUTR3DHead  

pts_bbox_head.transformer.decoder.layers.5.attentions.1.camera_mixer.layers.1.dt_proj_t2h.bias - torch.Size([512]): 
The value is the same before and after calling `init_weights` of FUTR3D  

pts_bbox_head.transformer.decoder.layers.5.attentions.1.camera_mixer.layers.1.lidar_guidance_proj.weight - torch.Size([512, 512]): 
Initialized by user-defined `init_weights` in FUTR3DHead  

pts_bbox_head.transformer.decoder.layers.5.attentions.1.camera_mixer.layers.1.lidar_guidance_proj.bias - torch.Size([512]): 
The value is the same before and after calling `init_weights` of FUTR3D  

pts_bbox_head.transformer.decoder.layers.5.attentions.1.camera_mixer.layers.1.out_proj.weight - torch.Size([256, 512]): 
Initialized by user-defined `init_weights` in FUTR3DHead  

pts_bbox_head.transformer.decoder.layers.5.attentions.1.camera_mixer.norm.0.weight - torch.Size([256]): 
The value is the same before and after calling `init_weights` of FUTR3D  

pts_bbox_head.transformer.decoder.layers.5.attentions.1.camera_mixer.norm.0.bias - torch.Size([256]): 
The value is the same before and after calling `init_weights` of FUTR3D  

pts_bbox_head.transformer.decoder.layers.5.attentions.1.camera_mixer.norm.1.weight - torch.Size([256]): 
The value is the same before and after calling `init_weights` of FUTR3D  

pts_bbox_head.transformer.decoder.layers.5.attentions.1.camera_mixer.norm.1.bias - torch.Size([256]): 
The value is the same before and after calling `init_weights` of FUTR3D  

pts_bbox_head.transformer.decoder.layers.5.ffns.0.layers.0.0.weight - torch.Size([1024, 256]): 
Initialized by user-defined `init_weights` in FUTR3DHead  

pts_bbox_head.transformer.decoder.layers.5.ffns.0.layers.0.0.bias - torch.Size([1024]): 
The value is the same before and after calling `init_weights` of FUTR3D  

pts_bbox_head.transformer.decoder.layers.5.ffns.0.layers.1.weight - torch.Size([256, 1024]): 
Initialized by user-defined `init_weights` in FUTR3DHead  

pts_bbox_head.transformer.decoder.layers.5.ffns.0.layers.1.bias - torch.Size([256]): 
The value is the same before and after calling `init_weights` of FUTR3D  

pts_bbox_head.transformer.decoder.layers.5.norms.0.weight - torch.Size([256]): 
The value is the same before and after calling `init_weights` of FUTR3D  

pts_bbox_head.transformer.decoder.layers.5.norms.0.bias - torch.Size([256]): 
The value is the same before and after calling `init_weights` of FUTR3D  

pts_bbox_head.transformer.decoder.layers.5.norms.1.weight - torch.Size([256]): 
The value is the same before and after calling `init_weights` of FUTR3D  

pts_bbox_head.transformer.decoder.layers.5.norms.1.bias - torch.Size([256]): 
The value is the same before and after calling `init_weights` of FUTR3D  

pts_bbox_head.transformer.decoder.layers.5.norms.2.weight - torch.Size([256]): 
The value is the same before and after calling `init_weights` of FUTR3D  

pts_bbox_head.transformer.decoder.layers.5.norms.2.bias - torch.Size([256]): 
The value is the same before and after calling `init_weights` of FUTR3D  

pts_bbox_head.transformer.decoder.query_scale.layers.0.weight - torch.Size([256, 256]): 
Initialized by user-defined `init_weights` in FUTR3DHead  

pts_bbox_head.transformer.decoder.query_scale.layers.0.bias - torch.Size([256]): 
The value is the same before and after calling `init_weights` of FUTR3D  

pts_bbox_head.transformer.decoder.query_scale.layers.1.weight - torch.Size([256, 256]): 
Initialized by user-defined `init_weights` in FUTR3DHead  

pts_bbox_head.transformer.decoder.query_scale.layers.1.bias - torch.Size([256]): 
The value is the same before and after calling `init_weights` of FUTR3D  

pts_bbox_head.transformer.decoder.ref_point_head.layers.0.weight - torch.Size([256, 384]): 
Initialized by user-defined `init_weights` in FUTR3DHead  

pts_bbox_head.transformer.decoder.ref_point_head.layers.0.bias - torch.Size([256]): 
The value is the same before and after calling `init_weights` of FUTR3D  

pts_bbox_head.transformer.decoder.ref_point_head.layers.1.weight - torch.Size([256, 256]): 
Initialized by user-defined `init_weights` in FUTR3DHead  

pts_bbox_head.transformer.decoder.ref_point_head.layers.1.bias - torch.Size([256]): 
The value is the same before and after calling `init_weights` of FUTR3D  

pts_bbox_head.cls_branches.0.gate_proj.weight - torch.Size([1024, 256]): 
The value is the same before and after calling `init_weights` of FUTR3D  

pts_bbox_head.cls_branches.0.up_proj.weight - torch.Size([1024, 256]): 
The value is the same before and after calling `init_weights` of FUTR3D  

pts_bbox_head.cls_branches.0.down_proj.weight - torch.Size([10, 1024]): 
The value is the same before and after calling `init_weights` of FUTR3D  

pts_bbox_head.cls_branches.0.down_proj.bias - torch.Size([10]): 
Initialized by user-defined `init_weights` in FUTR3DHead  

pts_bbox_head.cls_branches.1.gate_proj.weight - torch.Size([1024, 256]): 
The value is the same before and after calling `init_weights` of FUTR3D  

pts_bbox_head.cls_branches.1.up_proj.weight - torch.Size([1024, 256]): 
The value is the same before and after calling `init_weights` of FUTR3D  

pts_bbox_head.cls_branches.1.down_proj.weight - torch.Size([10, 1024]): 
The value is the same before and after calling `init_weights` of FUTR3D  

pts_bbox_head.cls_branches.1.down_proj.bias - torch.Size([10]): 
Initialized by user-defined `init_weights` in FUTR3DHead  

pts_bbox_head.cls_branches.2.gate_proj.weight - torch.Size([1024, 256]): 
The value is the same before and after calling `init_weights` of FUTR3D  

pts_bbox_head.cls_branches.2.up_proj.weight - torch.Size([1024, 256]): 
The value is the same before and after calling `init_weights` of FUTR3D  

pts_bbox_head.cls_branches.2.down_proj.weight - torch.Size([10, 1024]): 
The value is the same before and after calling `init_weights` of FUTR3D  

pts_bbox_head.cls_branches.2.down_proj.bias - torch.Size([10]): 
Initialized by user-defined `init_weights` in FUTR3DHead  

pts_bbox_head.cls_branches.3.gate_proj.weight - torch.Size([1024, 256]): 
The value is the same before and after calling `init_weights` of FUTR3D  

pts_bbox_head.cls_branches.3.up_proj.weight - torch.Size([1024, 256]): 
The value is the same before and after calling `init_weights` of FUTR3D  

pts_bbox_head.cls_branches.3.down_proj.weight - torch.Size([10, 1024]): 
The value is the same before and after calling `init_weights` of FUTR3D  

pts_bbox_head.cls_branches.3.down_proj.bias - torch.Size([10]): 
Initialized by user-defined `init_weights` in FUTR3DHead  

pts_bbox_head.cls_branches.4.gate_proj.weight - torch.Size([1024, 256]): 
The value is the same before and after calling `init_weights` of FUTR3D  

pts_bbox_head.cls_branches.4.up_proj.weight - torch.Size([1024, 256]): 
The value is the same before and after calling `init_weights` of FUTR3D  

pts_bbox_head.cls_branches.4.down_proj.weight - torch.Size([10, 1024]): 
The value is the same before and after calling `init_weights` of FUTR3D  

pts_bbox_head.cls_branches.4.down_proj.bias - torch.Size([10]): 
Initialized by user-defined `init_weights` in FUTR3DHead  

pts_bbox_head.cls_branches.5.gate_proj.weight - torch.Size([1024, 256]): 
The value is the same before and after calling `init_weights` of FUTR3D  

pts_bbox_head.cls_branches.5.up_proj.weight - torch.Size([1024, 256]): 
The value is the same before and after calling `init_weights` of FUTR3D  

pts_bbox_head.cls_branches.5.down_proj.weight - torch.Size([10, 1024]): 
The value is the same before and after calling `init_weights` of FUTR3D  

pts_bbox_head.cls_branches.5.down_proj.bias - torch.Size([10]): 
Initialized by user-defined `init_weights` in FUTR3DHead  

pts_bbox_head.reg_branches.0.0.weight - torch.Size([256, 256]): 
The value is the same before and after calling `init_weights` of FUTR3D  

pts_bbox_head.reg_branches.0.0.bias - torch.Size([256]): 
The value is the same before and after calling `init_weights` of FUTR3D  

pts_bbox_head.reg_branches.0.2.weight - torch.Size([256, 256]): 
The value is the same before and after calling `init_weights` of FUTR3D  

pts_bbox_head.reg_branches.0.2.bias - torch.Size([256]): 
The value is the same before and after calling `init_weights` of FUTR3D  

pts_bbox_head.reg_branches.0.4.weight - torch.Size([10, 256]): 
Initialized by user-defined `init_weights` in FUTR3DHead  

pts_bbox_head.reg_branches.0.4.bias - torch.Size([10]): 
Initialized by user-defined `init_weights` in FUTR3DHead  

pts_bbox_head.reg_branches.1.0.weight - torch.Size([256, 256]): 
The value is the same before and after calling `init_weights` of FUTR3D  

pts_bbox_head.reg_branches.1.0.bias - torch.Size([256]): 
The value is the same before and after calling `init_weights` of FUTR3D  

pts_bbox_head.reg_branches.1.2.weight - torch.Size([256, 256]): 
The value is the same before and after calling `init_weights` of FUTR3D  

pts_bbox_head.reg_branches.1.2.bias - torch.Size([256]): 
The value is the same before and after calling `init_weights` of FUTR3D  

pts_bbox_head.reg_branches.1.4.weight - torch.Size([10, 256]): 
Initialized by user-defined `init_weights` in FUTR3DHead  

pts_bbox_head.reg_branches.1.4.bias - torch.Size([10]): 
Initialized by user-defined `init_weights` in FUTR3DHead  

pts_bbox_head.reg_branches.2.0.weight - torch.Size([256, 256]): 
The value is the same before and after calling `init_weights` of FUTR3D  

pts_bbox_head.reg_branches.2.0.bias - torch.Size([256]): 
The value is the same before and after calling `init_weights` of FUTR3D  

pts_bbox_head.reg_branches.2.2.weight - torch.Size([256, 256]): 
The value is the same before and after calling `init_weights` of FUTR3D  

pts_bbox_head.reg_branches.2.2.bias - torch.Size([256]): 
The value is the same before and after calling `init_weights` of FUTR3D  

pts_bbox_head.reg_branches.2.4.weight - torch.Size([10, 256]): 
Initialized by user-defined `init_weights` in FUTR3DHead  

pts_bbox_head.reg_branches.2.4.bias - torch.Size([10]): 
Initialized by user-defined `init_weights` in FUTR3DHead  

pts_bbox_head.reg_branches.3.0.weight - torch.Size([256, 256]): 
The value is the same before and after calling `init_weights` of FUTR3D  

pts_bbox_head.reg_branches.3.0.bias - torch.Size([256]): 
The value is the same before and after calling `init_weights` of FUTR3D  

pts_bbox_head.reg_branches.3.2.weight - torch.Size([256, 256]): 
The value is the same before and after calling `init_weights` of FUTR3D  

pts_bbox_head.reg_branches.3.2.bias - torch.Size([256]): 
The value is the same before and after calling `init_weights` of FUTR3D  

pts_bbox_head.reg_branches.3.4.weight - torch.Size([10, 256]): 
Initialized by user-defined `init_weights` in FUTR3DHead  

pts_bbox_head.reg_branches.3.4.bias - torch.Size([10]): 
Initialized by user-defined `init_weights` in FUTR3DHead  

pts_bbox_head.reg_branches.4.0.weight - torch.Size([256, 256]): 
The value is the same before and after calling `init_weights` of FUTR3D  

pts_bbox_head.reg_branches.4.0.bias - torch.Size([256]): 
The value is the same before and after calling `init_weights` of FUTR3D  

pts_bbox_head.reg_branches.4.2.weight - torch.Size([256, 256]): 
The value is the same before and after calling `init_weights` of FUTR3D  

pts_bbox_head.reg_branches.4.2.bias - torch.Size([256]): 
The value is the same before and after calling `init_weights` of FUTR3D  

pts_bbox_head.reg_branches.4.4.weight - torch.Size([10, 256]): 
Initialized by user-defined `init_weights` in FUTR3DHead  

pts_bbox_head.reg_branches.4.4.bias - torch.Size([10]): 
Initialized by user-defined `init_weights` in FUTR3DHead  

pts_bbox_head.reg_branches.5.0.weight - torch.Size([256, 256]): 
The value is the same before and after calling `init_weights` of FUTR3D  

pts_bbox_head.reg_branches.5.0.bias - torch.Size([256]): 
The value is the same before and after calling `init_weights` of FUTR3D  

pts_bbox_head.reg_branches.5.2.weight - torch.Size([256, 256]): 
The value is the same before and after calling `init_weights` of FUTR3D  

pts_bbox_head.reg_branches.5.2.bias - torch.Size([256]): 
The value is the same before and after calling `init_weights` of FUTR3D  

pts_bbox_head.reg_branches.5.4.weight - torch.Size([10, 256]): 
Initialized by user-defined `init_weights` in FUTR3DHead  

pts_bbox_head.reg_branches.5.4.bias - torch.Size([10]): 
Initialized by user-defined `init_weights` in FUTR3DHead  

pts_bbox_head.tgt_embed.weight - torch.Size([900, 256]): 
The value is the same before and after calling `init_weights` of FUTR3D  

pts_bbox_head.refpoint_embed.weight - torch.Size([900, 3]): 
The value is the same before and after calling `init_weights` of FUTR3D  

pts_bbox_head.aux_head.shared_conv.conv.weight - torch.Size([64, 512, 3, 3]): 
The value is the same before and after calling `init_weights` of FUTR3D  

pts_bbox_head.aux_head.shared_conv.bn.weight - torch.Size([64]): 
The value is the same before and after calling `init_weights` of FUTR3D  

pts_bbox_head.aux_head.shared_conv.bn.bias - torch.Size([64]): 
The value is the same before and after calling `init_weights` of FUTR3D  

pts_bbox_head.aux_head.task_heads.0.reg.0.conv.weight - torch.Size([64, 64, 3, 3]): 
The value is the same before and after calling `init_weights` of FUTR3D  

pts_bbox_head.aux_head.task_heads.0.reg.0.bn.weight - torch.Size([64]): 
The value is the same before and after calling `init_weights` of FUTR3D  

pts_bbox_head.aux_head.task_heads.0.reg.0.bn.bias - torch.Size([64]): 
The value is the same before and after calling `init_weights` of FUTR3D  

pts_bbox_head.aux_head.task_heads.0.reg.1.weight - torch.Size([2, 64, 3, 3]): 
The value is the same before and after calling `init_weights` of FUTR3D  

pts_bbox_head.aux_head.task_heads.0.reg.1.bias - torch.Size([2]): 
The value is the same before and after calling `init_weights` of FUTR3D  

pts_bbox_head.aux_head.task_heads.0.height.0.conv.weight - torch.Size([64, 64, 3, 3]): 
The value is the same before and after calling `init_weights` of FUTR3D  

pts_bbox_head.aux_head.task_heads.0.height.0.bn.weight - torch.Size([64]): 
The value is the same before and after calling `init_weights` of FUTR3D  

pts_bbox_head.aux_head.task_heads.0.height.0.bn.bias - torch.Size([64]): 
The value is the same before and after calling `init_weights` of FUTR3D  

pts_bbox_head.aux_head.task_heads.0.height.1.weight - torch.Size([1, 64, 3, 3]): 
The value is the same before and after calling `init_weights` of FUTR3D  

pts_bbox_head.aux_head.task_heads.0.height.1.bias - torch.Size([1]): 
The value is the same before and after calling `init_weights` of FUTR3D  

pts_bbox_head.aux_head.task_heads.0.dim.0.conv.weight - torch.Size([64, 64, 3, 3]): 
The value is the same before and after calling `init_weights` of FUTR3D  

pts_bbox_head.aux_head.task_heads.0.dim.0.bn.weight - torch.Size([64]): 
The value is the same before and after calling `init_weights` of FUTR3D  

pts_bbox_head.aux_head.task_heads.0.dim.0.bn.bias - torch.Size([64]): 
The value is the same before and after calling `init_weights` of FUTR3D  

pts_bbox_head.aux_head.task_heads.0.dim.1.weight - torch.Size([3, 64, 3, 3]): 
The value is the same before and after calling `init_weights` of FUTR3D  

pts_bbox_head.aux_head.task_heads.0.dim.1.bias - torch.Size([3]): 
The value is the same before and after calling `init_weights` of FUTR3D  

pts_bbox_head.aux_head.task_heads.0.rot.0.conv.weight - torch.Size([64, 64, 3, 3]): 
The value is the same before and after calling `init_weights` of FUTR3D  

pts_bbox_head.aux_head.task_heads.0.rot.0.bn.weight - torch.Size([64]): 
The value is the same before and after calling `init_weights` of FUTR3D  

pts_bbox_head.aux_head.task_heads.0.rot.0.bn.bias - torch.Size([64]): 
The value is the same before and after calling `init_weights` of FUTR3D  

pts_bbox_head.aux_head.task_heads.0.rot.1.weight - torch.Size([2, 64, 3, 3]): 
The value is the same before and after calling `init_weights` of FUTR3D  

pts_bbox_head.aux_head.task_heads.0.rot.1.bias - torch.Size([2]): 
The value is the same before and after calling `init_weights` of FUTR3D  

pts_bbox_head.aux_head.task_heads.0.vel.0.conv.weight - torch.Size([64, 64, 3, 3]): 
The value is the same before and after calling `init_weights` of FUTR3D  

pts_bbox_head.aux_head.task_heads.0.vel.0.bn.weight - torch.Size([64]): 
The value is the same before and after calling `init_weights` of FUTR3D  

pts_bbox_head.aux_head.task_heads.0.vel.0.bn.bias - torch.Size([64]): 
The value is the same before and after calling `init_weights` of FUTR3D  

pts_bbox_head.aux_head.task_heads.0.vel.1.weight - torch.Size([2, 64, 3, 3]): 
The value is the same before and after calling `init_weights` of FUTR3D  

pts_bbox_head.aux_head.task_heads.0.vel.1.bias - torch.Size([2]): 
The value is the same before and after calling `init_weights` of FUTR3D  

pts_bbox_head.aux_head.task_heads.0.heatmap.0.conv.weight - torch.Size([64, 64, 3, 3]): 
The value is the same before and after calling `init_weights` of FUTR3D  

pts_bbox_head.aux_head.task_heads.0.heatmap.0.bn.weight - torch.Size([64]): 
The value is the same before and after calling `init_weights` of FUTR3D  

pts_bbox_head.aux_head.task_heads.0.heatmap.0.bn.bias - torch.Size([64]): 
The value is the same before and after calling `init_weights` of FUTR3D  

pts_bbox_head.aux_head.task_heads.0.heatmap.1.weight - torch.Size([1, 64, 3, 3]): 
The value is the same before and after calling `init_weights` of FUTR3D  

pts_bbox_head.aux_head.task_heads.0.heatmap.1.bias - torch.Size([1]): 
The value is the same before and after calling `init_weights` of FUTR3D  

pts_bbox_head.aux_head.task_heads.1.reg.0.conv.weight - torch.Size([64, 64, 3, 3]): 
The value is the same before and after calling `init_weights` of FUTR3D  

pts_bbox_head.aux_head.task_heads.1.reg.0.bn.weight - torch.Size([64]): 
The value is the same before and after calling `init_weights` of FUTR3D  

pts_bbox_head.aux_head.task_heads.1.reg.0.bn.bias - torch.Size([64]): 
The value is the same before and after calling `init_weights` of FUTR3D  

pts_bbox_head.aux_head.task_heads.1.reg.1.weight - torch.Size([2, 64, 3, 3]): 
The value is the same before and after calling `init_weights` of FUTR3D  

pts_bbox_head.aux_head.task_heads.1.reg.1.bias - torch.Size([2]): 
The value is the same before and after calling `init_weights` of FUTR3D  

pts_bbox_head.aux_head.task_heads.1.height.0.conv.weight - torch.Size([64, 64, 3, 3]): 
The value is the same before and after calling `init_weights` of FUTR3D  

pts_bbox_head.aux_head.task_heads.1.height.0.bn.weight - torch.Size([64]): 
The value is the same before and after calling `init_weights` of FUTR3D  

pts_bbox_head.aux_head.task_heads.1.height.0.bn.bias - torch.Size([64]): 
The value is the same before and after calling `init_weights` of FUTR3D  

pts_bbox_head.aux_head.task_heads.1.height.1.weight - torch.Size([1, 64, 3, 3]): 
The value is the same before and after calling `init_weights` of FUTR3D  

pts_bbox_head.aux_head.task_heads.1.height.1.bias - torch.Size([1]): 
The value is the same before and after calling `init_weights` of FUTR3D  

pts_bbox_head.aux_head.task_heads.1.dim.0.conv.weight - torch.Size([64, 64, 3, 3]): 
The value is the same before and after calling `init_weights` of FUTR3D  

pts_bbox_head.aux_head.task_heads.1.dim.0.bn.weight - torch.Size([64]): 
The value is the same before and after calling `init_weights` of FUTR3D  

pts_bbox_head.aux_head.task_heads.1.dim.0.bn.bias - torch.Size([64]): 
The value is the same before and after calling `init_weights` of FUTR3D  

pts_bbox_head.aux_head.task_heads.1.dim.1.weight - torch.Size([3, 64, 3, 3]): 
The value is the same before and after calling `init_weights` of FUTR3D  

pts_bbox_head.aux_head.task_heads.1.dim.1.bias - torch.Size([3]): 
The value is the same before and after calling `init_weights` of FUTR3D  

pts_bbox_head.aux_head.task_heads.1.rot.0.conv.weight - torch.Size([64, 64, 3, 3]): 
The value is the same before and after calling `init_weights` of FUTR3D  

pts_bbox_head.aux_head.task_heads.1.rot.0.bn.weight - torch.Size([64]): 
The value is the same before and after calling `init_weights` of FUTR3D  

pts_bbox_head.aux_head.task_heads.1.rot.0.bn.bias - torch.Size([64]): 
The value is the same before and after calling `init_weights` of FUTR3D  

pts_bbox_head.aux_head.task_heads.1.rot.1.weight - torch.Size([2, 64, 3, 3]): 
The value is the same before and after calling `init_weights` of FUTR3D  

pts_bbox_head.aux_head.task_heads.1.rot.1.bias - torch.Size([2]): 
The value is the same before and after calling `init_weights` of FUTR3D  

pts_bbox_head.aux_head.task_heads.1.vel.0.conv.weight - torch.Size([64, 64, 3, 3]): 
The value is the same before and after calling `init_weights` of FUTR3D  

pts_bbox_head.aux_head.task_heads.1.vel.0.bn.weight - torch.Size([64]): 
The value is the same before and after calling `init_weights` of FUTR3D  

pts_bbox_head.aux_head.task_heads.1.vel.0.bn.bias - torch.Size([64]): 
The value is the same before and after calling `init_weights` of FUTR3D  

pts_bbox_head.aux_head.task_heads.1.vel.1.weight - torch.Size([2, 64, 3, 3]): 
The value is the same before and after calling `init_weights` of FUTR3D  

pts_bbox_head.aux_head.task_heads.1.vel.1.bias - torch.Size([2]): 
The value is the same before and after calling `init_weights` of FUTR3D  

pts_bbox_head.aux_head.task_heads.1.heatmap.0.conv.weight - torch.Size([64, 64, 3, 3]): 
The value is the same before and after calling `init_weights` of FUTR3D  

pts_bbox_head.aux_head.task_heads.1.heatmap.0.bn.weight - torch.Size([64]): 
The value is the same before and after calling `init_weights` of FUTR3D  

pts_bbox_head.aux_head.task_heads.1.heatmap.0.bn.bias - torch.Size([64]): 
The value is the same before and after calling `init_weights` of FUTR3D  

pts_bbox_head.aux_head.task_heads.1.heatmap.1.weight - torch.Size([2, 64, 3, 3]): 
The value is the same before and after calling `init_weights` of FUTR3D  

pts_bbox_head.aux_head.task_heads.1.heatmap.1.bias - torch.Size([2]): 
The value is the same before and after calling `init_weights` of FUTR3D  

pts_bbox_head.aux_head.task_heads.2.reg.0.conv.weight - torch.Size([64, 64, 3, 3]): 
The value is the same before and after calling `init_weights` of FUTR3D  

pts_bbox_head.aux_head.task_heads.2.reg.0.bn.weight - torch.Size([64]): 
The value is the same before and after calling `init_weights` of FUTR3D  

pts_bbox_head.aux_head.task_heads.2.reg.0.bn.bias - torch.Size([64]): 
The value is the same before and after calling `init_weights` of FUTR3D  

pts_bbox_head.aux_head.task_heads.2.reg.1.weight - torch.Size([2, 64, 3, 3]): 
The value is the same before and after calling `init_weights` of FUTR3D  

pts_bbox_head.aux_head.task_heads.2.reg.1.bias - torch.Size([2]): 
The value is the same before and after calling `init_weights` of FUTR3D  

pts_bbox_head.aux_head.task_heads.2.height.0.conv.weight - torch.Size([64, 64, 3, 3]): 
The value is the same before and after calling `init_weights` of FUTR3D  

pts_bbox_head.aux_head.task_heads.2.height.0.bn.weight - torch.Size([64]): 
The value is the same before and after calling `init_weights` of FUTR3D  

pts_bbox_head.aux_head.task_heads.2.height.0.bn.bias - torch.Size([64]): 
The value is the same before and after calling `init_weights` of FUTR3D  

pts_bbox_head.aux_head.task_heads.2.height.1.weight - torch.Size([1, 64, 3, 3]): 
The value is the same before and after calling `init_weights` of FUTR3D  

pts_bbox_head.aux_head.task_heads.2.height.1.bias - torch.Size([1]): 
The value is the same before and after calling `init_weights` of FUTR3D  

pts_bbox_head.aux_head.task_heads.2.dim.0.conv.weight - torch.Size([64, 64, 3, 3]): 
The value is the same before and after calling `init_weights` of FUTR3D  

pts_bbox_head.aux_head.task_heads.2.dim.0.bn.weight - torch.Size([64]): 
The value is the same before and after calling `init_weights` of FUTR3D  

pts_bbox_head.aux_head.task_heads.2.dim.0.bn.bias - torch.Size([64]): 
The value is the same before and after calling `init_weights` of FUTR3D  

pts_bbox_head.aux_head.task_heads.2.dim.1.weight - torch.Size([3, 64, 3, 3]): 
The value is the same before and after calling `init_weights` of FUTR3D  

pts_bbox_head.aux_head.task_heads.2.dim.1.bias - torch.Size([3]): 
The value is the same before and after calling `init_weights` of FUTR3D  

pts_bbox_head.aux_head.task_heads.2.rot.0.conv.weight - torch.Size([64, 64, 3, 3]): 
The value is the same before and after calling `init_weights` of FUTR3D  

pts_bbox_head.aux_head.task_heads.2.rot.0.bn.weight - torch.Size([64]): 
The value is the same before and after calling `init_weights` of FUTR3D  

pts_bbox_head.aux_head.task_heads.2.rot.0.bn.bias - torch.Size([64]): 
The value is the same before and after calling `init_weights` of FUTR3D  

pts_bbox_head.aux_head.task_heads.2.rot.1.weight - torch.Size([2, 64, 3, 3]): 
The value is the same before and after calling `init_weights` of FUTR3D  

pts_bbox_head.aux_head.task_heads.2.rot.1.bias - torch.Size([2]): 
The value is the same before and after calling `init_weights` of FUTR3D  

pts_bbox_head.aux_head.task_heads.2.vel.0.conv.weight - torch.Size([64, 64, 3, 3]): 
The value is the same before and after calling `init_weights` of FUTR3D  

pts_bbox_head.aux_head.task_heads.2.vel.0.bn.weight - torch.Size([64]): 
The value is the same before and after calling `init_weights` of FUTR3D  

pts_bbox_head.aux_head.task_heads.2.vel.0.bn.bias - torch.Size([64]): 
The value is the same before and after calling `init_weights` of FUTR3D  

pts_bbox_head.aux_head.task_heads.2.vel.1.weight - torch.Size([2, 64, 3, 3]): 
The value is the same before and after calling `init_weights` of FUTR3D  

pts_bbox_head.aux_head.task_heads.2.vel.1.bias - torch.Size([2]): 
The value is the same before and after calling `init_weights` of FUTR3D  

pts_bbox_head.aux_head.task_heads.2.heatmap.0.conv.weight - torch.Size([64, 64, 3, 3]): 
The value is the same before and after calling `init_weights` of FUTR3D  

pts_bbox_head.aux_head.task_heads.2.heatmap.0.bn.weight - torch.Size([64]): 
The value is the same before and after calling `init_weights` of FUTR3D  

pts_bbox_head.aux_head.task_heads.2.heatmap.0.bn.bias - torch.Size([64]): 
The value is the same before and after calling `init_weights` of FUTR3D  

pts_bbox_head.aux_head.task_heads.2.heatmap.1.weight - torch.Size([2, 64, 3, 3]): 
The value is the same before and after calling `init_weights` of FUTR3D  

pts_bbox_head.aux_head.task_heads.2.heatmap.1.bias - torch.Size([2]): 
The value is the same before and after calling `init_weights` of FUTR3D  

pts_bbox_head.aux_head.task_heads.3.reg.0.conv.weight - torch.Size([64, 64, 3, 3]): 
The value is the same before and after calling `init_weights` of FUTR3D  

pts_bbox_head.aux_head.task_heads.3.reg.0.bn.weight - torch.Size([64]): 
The value is the same before and after calling `init_weights` of FUTR3D  

pts_bbox_head.aux_head.task_heads.3.reg.0.bn.bias - torch.Size([64]): 
The value is the same before and after calling `init_weights` of FUTR3D  

pts_bbox_head.aux_head.task_heads.3.reg.1.weight - torch.Size([2, 64, 3, 3]): 
The value is the same before and after calling `init_weights` of FUTR3D  

pts_bbox_head.aux_head.task_heads.3.reg.1.bias - torch.Size([2]): 
The value is the same before and after calling `init_weights` of FUTR3D  

pts_bbox_head.aux_head.task_heads.3.height.0.conv.weight - torch.Size([64, 64, 3, 3]): 
The value is the same before and after calling `init_weights` of FUTR3D  

pts_bbox_head.aux_head.task_heads.3.height.0.bn.weight - torch.Size([64]): 
The value is the same before and after calling `init_weights` of FUTR3D  

pts_bbox_head.aux_head.task_heads.3.height.0.bn.bias - torch.Size([64]): 
The value is the same before and after calling `init_weights` of FUTR3D  

pts_bbox_head.aux_head.task_heads.3.height.1.weight - torch.Size([1, 64, 3, 3]): 
The value is the same before and after calling `init_weights` of FUTR3D  

pts_bbox_head.aux_head.task_heads.3.height.1.bias - torch.Size([1]): 
The value is the same before and after calling `init_weights` of FUTR3D  

pts_bbox_head.aux_head.task_heads.3.dim.0.conv.weight - torch.Size([64, 64, 3, 3]): 
The value is the same before and after calling `init_weights` of FUTR3D  

pts_bbox_head.aux_head.task_heads.3.dim.0.bn.weight - torch.Size([64]): 
The value is the same before and after calling `init_weights` of FUTR3D  

pts_bbox_head.aux_head.task_heads.3.dim.0.bn.bias - torch.Size([64]): 
The value is the same before and after calling `init_weights` of FUTR3D  

pts_bbox_head.aux_head.task_heads.3.dim.1.weight - torch.Size([3, 64, 3, 3]): 
The value is the same before and after calling `init_weights` of FUTR3D  

pts_bbox_head.aux_head.task_heads.3.dim.1.bias - torch.Size([3]): 
The value is the same before and after calling `init_weights` of FUTR3D  

pts_bbox_head.aux_head.task_heads.3.rot.0.conv.weight - torch.Size([64, 64, 3, 3]): 
The value is the same before and after calling `init_weights` of FUTR3D  

pts_bbox_head.aux_head.task_heads.3.rot.0.bn.weight - torch.Size([64]): 
The value is the same before and after calling `init_weights` of FUTR3D  

pts_bbox_head.aux_head.task_heads.3.rot.0.bn.bias - torch.Size([64]): 
The value is the same before and after calling `init_weights` of FUTR3D  

pts_bbox_head.aux_head.task_heads.3.rot.1.weight - torch.Size([2, 64, 3, 3]): 
The value is the same before and after calling `init_weights` of FUTR3D  

pts_bbox_head.aux_head.task_heads.3.rot.1.bias - torch.Size([2]): 
The value is the same before and after calling `init_weights` of FUTR3D  

pts_bbox_head.aux_head.task_heads.3.vel.0.conv.weight - torch.Size([64, 64, 3, 3]): 
The value is the same before and after calling `init_weights` of FUTR3D  

pts_bbox_head.aux_head.task_heads.3.vel.0.bn.weight - torch.Size([64]): 
The value is the same before and after calling `init_weights` of FUTR3D  

pts_bbox_head.aux_head.task_heads.3.vel.0.bn.bias - torch.Size([64]): 
The value is the same before and after calling `init_weights` of FUTR3D  

pts_bbox_head.aux_head.task_heads.3.vel.1.weight - torch.Size([2, 64, 3, 3]): 
The value is the same before and after calling `init_weights` of FUTR3D  

pts_bbox_head.aux_head.task_heads.3.vel.1.bias - torch.Size([2]): 
The value is the same before and after calling `init_weights` of FUTR3D  

pts_bbox_head.aux_head.task_heads.3.heatmap.0.conv.weight - torch.Size([64, 64, 3, 3]): 
The value is the same before and after calling `init_weights` of FUTR3D  

pts_bbox_head.aux_head.task_heads.3.heatmap.0.bn.weight - torch.Size([64]): 
The value is the same before and after calling `init_weights` of FUTR3D  

pts_bbox_head.aux_head.task_heads.3.heatmap.0.bn.bias - torch.Size([64]): 
The value is the same before and after calling `init_weights` of FUTR3D  

pts_bbox_head.aux_head.task_heads.3.heatmap.1.weight - torch.Size([1, 64, 3, 3]): 
The value is the same before and after calling `init_weights` of FUTR3D  

pts_bbox_head.aux_head.task_heads.3.heatmap.1.bias - torch.Size([1]): 
The value is the same before and after calling `init_weights` of FUTR3D  

pts_bbox_head.aux_head.task_heads.4.reg.0.conv.weight - torch.Size([64, 64, 3, 3]): 
The value is the same before and after calling `init_weights` of FUTR3D  

pts_bbox_head.aux_head.task_heads.4.reg.0.bn.weight - torch.Size([64]): 
The value is the same before and after calling `init_weights` of FUTR3D  

pts_bbox_head.aux_head.task_heads.4.reg.0.bn.bias - torch.Size([64]): 
The value is the same before and after calling `init_weights` of FUTR3D  

pts_bbox_head.aux_head.task_heads.4.reg.1.weight - torch.Size([2, 64, 3, 3]): 
The value is the same before and after calling `init_weights` of FUTR3D  

pts_bbox_head.aux_head.task_heads.4.reg.1.bias - torch.Size([2]): 
The value is the same before and after calling `init_weights` of FUTR3D  

pts_bbox_head.aux_head.task_heads.4.height.0.conv.weight - torch.Size([64, 64, 3, 3]): 
The value is the same before and after calling `init_weights` of FUTR3D  

pts_bbox_head.aux_head.task_heads.4.height.0.bn.weight - torch.Size([64]): 
The value is the same before and after calling `init_weights` of FUTR3D  

pts_bbox_head.aux_head.task_heads.4.height.0.bn.bias - torch.Size([64]): 
The value is the same before and after calling `init_weights` of FUTR3D  

pts_bbox_head.aux_head.task_heads.4.height.1.weight - torch.Size([1, 64, 3, 3]): 
The value is the same before and after calling `init_weights` of FUTR3D  

pts_bbox_head.aux_head.task_heads.4.height.1.bias - torch.Size([1]): 
The value is the same before and after calling `init_weights` of FUTR3D  

pts_bbox_head.aux_head.task_heads.4.dim.0.conv.weight - torch.Size([64, 64, 3, 3]): 
The value is the same before and after calling `init_weights` of FUTR3D  

pts_bbox_head.aux_head.task_heads.4.dim.0.bn.weight - torch.Size([64]): 
The value is the same before and after calling `init_weights` of FUTR3D  

pts_bbox_head.aux_head.task_heads.4.dim.0.bn.bias - torch.Size([64]): 
The value is the same before and after calling `init_weights` of FUTR3D  

pts_bbox_head.aux_head.task_heads.4.dim.1.weight - torch.Size([3, 64, 3, 3]): 
The value is the same before and after calling `init_weights` of FUTR3D  

pts_bbox_head.aux_head.task_heads.4.dim.1.bias - torch.Size([3]): 
The value is the same before and after calling `init_weights` of FUTR3D  

pts_bbox_head.aux_head.task_heads.4.rot.0.conv.weight - torch.Size([64, 64, 3, 3]): 
The value is the same before and after calling `init_weights` of FUTR3D  

pts_bbox_head.aux_head.task_heads.4.rot.0.bn.weight - torch.Size([64]): 
The value is the same before and after calling `init_weights` of FUTR3D  

pts_bbox_head.aux_head.task_heads.4.rot.0.bn.bias - torch.Size([64]): 
The value is the same before and after calling `init_weights` of FUTR3D  

pts_bbox_head.aux_head.task_heads.4.rot.1.weight - torch.Size([2, 64, 3, 3]): 
The value is the same before and after calling `init_weights` of FUTR3D  

pts_bbox_head.aux_head.task_heads.4.rot.1.bias - torch.Size([2]): 
The value is the same before and after calling `init_weights` of FUTR3D  

pts_bbox_head.aux_head.task_heads.4.vel.0.conv.weight - torch.Size([64, 64, 3, 3]): 
The value is the same before and after calling `init_weights` of FUTR3D  

pts_bbox_head.aux_head.task_heads.4.vel.0.bn.weight - torch.Size([64]): 
The value is the same before and after calling `init_weights` of FUTR3D  

pts_bbox_head.aux_head.task_heads.4.vel.0.bn.bias - torch.Size([64]): 
The value is the same before and after calling `init_weights` of FUTR3D  

pts_bbox_head.aux_head.task_heads.4.vel.1.weight - torch.Size([2, 64, 3, 3]): 
The value is the same before and after calling `init_weights` of FUTR3D  

pts_bbox_head.aux_head.task_heads.4.vel.1.bias - torch.Size([2]): 
The value is the same before and after calling `init_weights` of FUTR3D  

pts_bbox_head.aux_head.task_heads.4.heatmap.0.conv.weight - torch.Size([64, 64, 3, 3]): 
The value is the same before and after calling `init_weights` of FUTR3D  

pts_bbox_head.aux_head.task_heads.4.heatmap.0.bn.weight - torch.Size([64]): 
The value is the same before and after calling `init_weights` of FUTR3D  

pts_bbox_head.aux_head.task_heads.4.heatmap.0.bn.bias - torch.Size([64]): 
The value is the same before and after calling `init_weights` of FUTR3D  

pts_bbox_head.aux_head.task_heads.4.heatmap.1.weight - torch.Size([2, 64, 3, 3]): 
The value is the same before and after calling `init_weights` of FUTR3D  

pts_bbox_head.aux_head.task_heads.4.heatmap.1.bias - torch.Size([2]): 
The value is the same before and after calling `init_weights` of FUTR3D  

pts_bbox_head.aux_head.task_heads.5.reg.0.conv.weight - torch.Size([64, 64, 3, 3]): 
The value is the same before and after calling `init_weights` of FUTR3D  

pts_bbox_head.aux_head.task_heads.5.reg.0.bn.weight - torch.Size([64]): 
The value is the same before and after calling `init_weights` of FUTR3D  

pts_bbox_head.aux_head.task_heads.5.reg.0.bn.bias - torch.Size([64]): 
The value is the same before and after calling `init_weights` of FUTR3D  

pts_bbox_head.aux_head.task_heads.5.reg.1.weight - torch.Size([2, 64, 3, 3]): 
The value is the same before and after calling `init_weights` of FUTR3D  

pts_bbox_head.aux_head.task_heads.5.reg.1.bias - torch.Size([2]): 
The value is the same before and after calling `init_weights` of FUTR3D  

pts_bbox_head.aux_head.task_heads.5.height.0.conv.weight - torch.Size([64, 64, 3, 3]): 
The value is the same before and after calling `init_weights` of FUTR3D  

pts_bbox_head.aux_head.task_heads.5.height.0.bn.weight - torch.Size([64]): 
The value is the same before and after calling `init_weights` of FUTR3D  

pts_bbox_head.aux_head.task_heads.5.height.0.bn.bias - torch.Size([64]): 
The value is the same before and after calling `init_weights` of FUTR3D  

pts_bbox_head.aux_head.task_heads.5.height.1.weight - torch.Size([1, 64, 3, 3]): 
The value is the same before and after calling `init_weights` of FUTR3D  

pts_bbox_head.aux_head.task_heads.5.height.1.bias - torch.Size([1]): 
The value is the same before and after calling `init_weights` of FUTR3D  

pts_bbox_head.aux_head.task_heads.5.dim.0.conv.weight - torch.Size([64, 64, 3, 3]): 
The value is the same before and after calling `init_weights` of FUTR3D  

pts_bbox_head.aux_head.task_heads.5.dim.0.bn.weight - torch.Size([64]): 
The value is the same before and after calling `init_weights` of FUTR3D  

pts_bbox_head.aux_head.task_heads.5.dim.0.bn.bias - torch.Size([64]): 
The value is the same before and after calling `init_weights` of FUTR3D  

pts_bbox_head.aux_head.task_heads.5.dim.1.weight - torch.Size([3, 64, 3, 3]): 
The value is the same before and after calling `init_weights` of FUTR3D  

pts_bbox_head.aux_head.task_heads.5.dim.1.bias - torch.Size([3]): 
The value is the same before and after calling `init_weights` of FUTR3D  

pts_bbox_head.aux_head.task_heads.5.rot.0.conv.weight - torch.Size([64, 64, 3, 3]): 
The value is the same before and after calling `init_weights` of FUTR3D  

pts_bbox_head.aux_head.task_heads.5.rot.0.bn.weight - torch.Size([64]): 
The value is the same before and after calling `init_weights` of FUTR3D  

pts_bbox_head.aux_head.task_heads.5.rot.0.bn.bias - torch.Size([64]): 
The value is the same before and after calling `init_weights` of FUTR3D  

pts_bbox_head.aux_head.task_heads.5.rot.1.weight - torch.Size([2, 64, 3, 3]): 
The value is the same before and after calling `init_weights` of FUTR3D  

pts_bbox_head.aux_head.task_heads.5.rot.1.bias - torch.Size([2]): 
The value is the same before and after calling `init_weights` of FUTR3D  

pts_bbox_head.aux_head.task_heads.5.vel.0.conv.weight - torch.Size([64, 64, 3, 3]): 
The value is the same before and after calling `init_weights` of FUTR3D  

pts_bbox_head.aux_head.task_heads.5.vel.0.bn.weight - torch.Size([64]): 
The value is the same before and after calling `init_weights` of FUTR3D  

pts_bbox_head.aux_head.task_heads.5.vel.0.bn.bias - torch.Size([64]): 
The value is the same before and after calling `init_weights` of FUTR3D  

pts_bbox_head.aux_head.task_heads.5.vel.1.weight - torch.Size([2, 64, 3, 3]): 
The value is the same before and after calling `init_weights` of FUTR3D  

pts_bbox_head.aux_head.task_heads.5.vel.1.bias - torch.Size([2]): 
The value is the same before and after calling `init_weights` of FUTR3D  

pts_bbox_head.aux_head.task_heads.5.heatmap.0.conv.weight - torch.Size([64, 64, 3, 3]): 
The value is the same before and after calling `init_weights` of FUTR3D  

pts_bbox_head.aux_head.task_heads.5.heatmap.0.bn.weight - torch.Size([64]): 
The value is the same before and after calling `init_weights` of FUTR3D  

pts_bbox_head.aux_head.task_heads.5.heatmap.0.bn.bias - torch.Size([64]): 
The value is the same before and after calling `init_weights` of FUTR3D  

pts_bbox_head.aux_head.task_heads.5.heatmap.1.weight - torch.Size([2, 64, 3, 3]): 
The value is the same before and after calling `init_weights` of FUTR3D  

pts_bbox_head.aux_head.task_heads.5.heatmap.1.bias - torch.Size([2]): 
The value is the same before and after calling `init_weights` of FUTR3D  
2025-06-21 19:23:28,071 - mmdet - INFO - 使用SyncBN
2025-06-21 19:23:28,228 - mmdet - INFO - Model:
FUTR3D(
  (pts_voxel_layer): Voxelization(voxel_size=[0.075, 0.075, 0.2], point_cloud_range=[-54, -54, -5.0, 54, 54, 3.0], max_num_points=-1, max_voxels=(-1, -1), deterministic=True)
  (pts_voxel_encoder): DynamicVFE(
    (scatter): DynamicScatter(voxel_size=[0.075, 0.075, 0.2], point_cloud_range=[-54, -54, -5.0, 54, 54, 3.0], average_points=True)
    (vfe_layers): ModuleList(
      (0): Sequential(
        (0): Linear(in_features=11, out_features=64, bias=False)
        (1): SyncBatchNorm(64, eps=0.001, momentum=0.01, affine=True, track_running_stats=True)
        (2): ReLU(inplace=True)
      )
      (1): Sequential(
        (0): Linear(in_features=128, out_features=128, bias=False)
        (1): SyncBatchNorm(128, eps=0.001, momentum=0.01, affine=True, track_running_stats=True)
        (2): ReLU(inplace=True)
      )
    )
    (vfe_scatter): DynamicScatter(voxel_size=[0.075, 0.075, 0.2], point_cloud_range=[-54, -54, -5.0, 54, 54, 3.0], average_points=False)
    (cluster_scatter): DynamicScatter(voxel_size=[0.075, 0.075, 0.2], point_cloud_range=[-54, -54, -5.0, 54, 54, 3.0], average_points=True)
  )
  (pts_middle_encoder): HEDNet(
    (conv1): SparseSequential(
      (0): SparseSequential(
        (0): SubMConv3d(128, 16, kernel_size=[3, 3, 3], stride=[1, 1, 1], padding=[1, 1, 1], dilation=[1, 1, 1], output_padding=[0, 0, 0], bias=False, algo=ConvAlgo.MaskImplicitGemm)
        (1): SyncBatchNorm(16, eps=0.001, momentum=0.01, affine=True, track_running_stats=True)
        (2): ReLU()
      )
      (1): SparseBasicBlock(
        (conv1): SubMConv3d(16, 16, kernel_size=[3, 3, 3], stride=[1, 1, 1], padding=[1, 1, 1], dilation=[1, 1, 1], output_padding=[0, 0, 0], algo=ConvAlgo.MaskImplicitGemm)
        (bn1): SyncBatchNorm(16, eps=0.001, momentum=0.01, affine=True, track_running_stats=True)
        (relu): ReLU()
        (conv2): SubMConv3d(16, 16, kernel_size=[3, 3, 3], stride=[1, 1, 1], padding=[1, 1, 1], dilation=[1, 1, 1], output_padding=[0, 0, 0], algo=ConvAlgo.MaskImplicitGemm)
        (bn2): SyncBatchNorm(16, eps=0.001, momentum=0.01, affine=True, track_running_stats=True)
      )
      (2): SparseBasicBlock(
        (conv1): SubMConv3d(16, 16, kernel_size=[3, 3, 3], stride=[1, 1, 1], padding=[1, 1, 1], dilation=[1, 1, 1], output_padding=[0, 0, 0], algo=ConvAlgo.MaskImplicitGemm)
        (bn1): SyncBatchNorm(16, eps=0.001, momentum=0.01, affine=True, track_running_stats=True)
        (relu): ReLU()
        (conv2): SubMConv3d(16, 16, kernel_size=[3, 3, 3], stride=[1, 1, 1], padding=[1, 1, 1], dilation=[1, 1, 1], output_padding=[0, 0, 0], algo=ConvAlgo.MaskImplicitGemm)
        (bn2): SyncBatchNorm(16, eps=0.001, momentum=0.01, affine=True, track_running_stats=True)
      )
      (3): SparseSequential(
        (0): SparseConv3d(16, 32, kernel_size=[3, 3, 3], stride=[2, 2, 2], padding=[1, 1, 1], dilation=[1, 1, 1], output_padding=[0, 0, 0], bias=False, algo=ConvAlgo.MaskImplicitGemm)
        (1): SyncBatchNorm(32, eps=0.001, momentum=0.01, affine=True, track_running_stats=True)
        (2): ReLU()
      )
    )
    (conv2): SparseSequential(
      (0): SEDLayer(
        (encoder): ModuleList(
          (0): SEDBlock(
            (blocks): SparseSequential(
              (0): Identity()
              (1): SparseBasicBlock(
                (conv1): SubMConv3d(32, 32, kernel_size=[3, 3, 3], stride=[1, 1, 1], padding=[1, 1, 1], dilation=[1, 1, 1], output_padding=[0, 0, 0], algo=ConvAlgo.MaskImplicitGemm)
                (bn1): SyncBatchNorm(32, eps=0.001, momentum=0.01, affine=True, track_running_stats=True)
                (relu): ReLU()
                (conv2): SubMConv3d(32, 32, kernel_size=[3, 3, 3], stride=[1, 1, 1], padding=[1, 1, 1], dilation=[1, 1, 1], output_padding=[0, 0, 0], algo=ConvAlgo.MaskImplicitGemm)
                (bn2): SyncBatchNorm(32, eps=0.001, momentum=0.01, affine=True, track_running_stats=True)
              )
              (2): SparseBasicBlock(
                (conv1): SubMConv3d(32, 32, kernel_size=[3, 3, 3], stride=[1, 1, 1], padding=[1, 1, 1], dilation=[1, 1, 1], output_padding=[0, 0, 0], algo=ConvAlgo.MaskImplicitGemm)
                (bn1): SyncBatchNorm(32, eps=0.001, momentum=0.01, affine=True, track_running_stats=True)
                (relu): ReLU()
                (conv2): SubMConv3d(32, 32, kernel_size=[3, 3, 3], stride=[1, 1, 1], padding=[1, 1, 1], dilation=[1, 1, 1], output_padding=[0, 0, 0], algo=ConvAlgo.MaskImplicitGemm)
                (bn2): SyncBatchNorm(32, eps=0.001, momentum=0.01, affine=True, track_running_stats=True)
              )
            )
          )
          (1): SEDBlock(
            (blocks): SparseSequential(
              (0): SparseSequential(
                (0): SparseConv3d(32, 32, kernel_size=[3, 3, 3], stride=[2, 2, 2], padding=[1, 1, 1], dilation=[1, 1, 1], output_padding=[0, 0, 0], bias=False, algo=ConvAlgo.MaskImplicitGemm)
                (1): SyncBatchNorm(32, eps=0.001, momentum=0.01, affine=True, track_running_stats=True)
                (2): ReLU()
              )
              (1): SparseBasicBlock(
                (conv1): SubMConv3d(32, 32, kernel_size=[3, 3, 3], stride=[1, 1, 1], padding=[1, 1, 1], dilation=[1, 1, 1], output_padding=[0, 0, 0], algo=ConvAlgo.MaskImplicitGemm)
                (bn1): SyncBatchNorm(32, eps=0.001, momentum=0.01, affine=True, track_running_stats=True)
                (relu): ReLU()
                (conv2): SubMConv3d(32, 32, kernel_size=[3, 3, 3], stride=[1, 1, 1], padding=[1, 1, 1], dilation=[1, 1, 1], output_padding=[0, 0, 0], algo=ConvAlgo.MaskImplicitGemm)
                (bn2): SyncBatchNorm(32, eps=0.001, momentum=0.01, affine=True, track_running_stats=True)
              )
            )
          )
          (2): SEDBlock(
            (blocks): SparseSequential(
              (0): SparseSequential(
                (0): SparseConv3d(32, 32, kernel_size=[3, 3, 3], stride=[2, 2, 2], padding=[1, 1, 1], dilation=[1, 1, 1], output_padding=[0, 0, 0], bias=False, algo=ConvAlgo.MaskImplicitGemm)
                (1): SyncBatchNorm(32, eps=0.001, momentum=0.01, affine=True, track_running_stats=True)
                (2): ReLU()
              )
              (1): SparseBasicBlock(
                (conv1): SubMConv3d(32, 32, kernel_size=[3, 3, 3], stride=[1, 1, 1], padding=[1, 1, 1], dilation=[1, 1, 1], output_padding=[0, 0, 0], algo=ConvAlgo.MaskImplicitGemm)
                (bn1): SyncBatchNorm(32, eps=0.001, momentum=0.01, affine=True, track_running_stats=True)
                (relu): ReLU()
                (conv2): SubMConv3d(32, 32, kernel_size=[3, 3, 3], stride=[1, 1, 1], padding=[1, 1, 1], dilation=[1, 1, 1], output_padding=[0, 0, 0], algo=ConvAlgo.MaskImplicitGemm)
                (bn2): SyncBatchNorm(32, eps=0.001, momentum=0.01, affine=True, track_running_stats=True)
              )
            )
          )
        )
        (decoder): ModuleList(
          (0): SparseSequential(
            (0): SparseInverseConv3d(32, 32, kernel_size=[3, 3, 3], stride=[1, 1, 1], padding=[0, 0, 0], dilation=[1, 1, 1], output_padding=[0, 0, 0], bias=False, algo=ConvAlgo.MaskImplicitGemm)
            (1): SyncBatchNorm(32, eps=0.001, momentum=0.01, affine=True, track_running_stats=True)
            (2): ReLU()
          )
          (1): SparseSequential(
            (0): SparseInverseConv3d(32, 32, kernel_size=[3, 3, 3], stride=[1, 1, 1], padding=[0, 0, 0], dilation=[1, 1, 1], output_padding=[0, 0, 0], bias=False, algo=ConvAlgo.MaskImplicitGemm)
            (1): SyncBatchNorm(32, eps=0.001, momentum=0.01, affine=True, track_running_stats=True)
            (2): ReLU()
          )
        )
        (decoder_norm): ModuleList(
          (0): SyncBatchNorm(32, eps=0.001, momentum=0.01, affine=True, track_running_stats=True)
          (1): SyncBatchNorm(32, eps=0.001, momentum=0.01, affine=True, track_running_stats=True)
        )
      )
      (1): SparseSequential(
        (0): SparseConv3d(32, 64, kernel_size=[3, 3, 3], stride=[2, 2, 2], padding=[1, 1, 1], dilation=[1, 1, 1], output_padding=[0, 0, 0], bias=False, algo=ConvAlgo.MaskImplicitGemm)
        (1): SyncBatchNorm(64, eps=0.001, momentum=0.01, affine=True, track_running_stats=True)
        (2): ReLU()
      )
    )
    (conv3): SparseSequential(
      (0): SEDLayer(
        (encoder): ModuleList(
          (0): SEDBlock(
            (blocks): SparseSequential(
              (0): Identity()
              (1): SparseBasicBlock(
                (conv1): SubMConv3d(64, 64, kernel_size=[3, 3, 3], stride=[1, 1, 1], padding=[1, 1, 1], dilation=[1, 1, 1], output_padding=[0, 0, 0], algo=ConvAlgo.MaskImplicitGemm)
                (bn1): SyncBatchNorm(64, eps=0.001, momentum=0.01, affine=True, track_running_stats=True)
                (relu): ReLU()
                (conv2): SubMConv3d(64, 64, kernel_size=[3, 3, 3], stride=[1, 1, 1], padding=[1, 1, 1], dilation=[1, 1, 1], output_padding=[0, 0, 0], algo=ConvAlgo.MaskImplicitGemm)
                (bn2): SyncBatchNorm(64, eps=0.001, momentum=0.01, affine=True, track_running_stats=True)
              )
              (2): SparseBasicBlock(
                (conv1): SubMConv3d(64, 64, kernel_size=[3, 3, 3], stride=[1, 1, 1], padding=[1, 1, 1], dilation=[1, 1, 1], output_padding=[0, 0, 0], algo=ConvAlgo.MaskImplicitGemm)
                (bn1): SyncBatchNorm(64, eps=0.001, momentum=0.01, affine=True, track_running_stats=True)
                (relu): ReLU()
                (conv2): SubMConv3d(64, 64, kernel_size=[3, 3, 3], stride=[1, 1, 1], padding=[1, 1, 1], dilation=[1, 1, 1], output_padding=[0, 0, 0], algo=ConvAlgo.MaskImplicitGemm)
                (bn2): SyncBatchNorm(64, eps=0.001, momentum=0.01, affine=True, track_running_stats=True)
              )
            )
          )
          (1): SEDBlock(
            (blocks): SparseSequential(
              (0): SparseSequential(
                (0): SparseConv3d(64, 64, kernel_size=[3, 3, 3], stride=[2, 2, 2], padding=[1, 1, 1], dilation=[1, 1, 1], output_padding=[0, 0, 0], bias=False, algo=ConvAlgo.MaskImplicitGemm)
                (1): SyncBatchNorm(64, eps=0.001, momentum=0.01, affine=True, track_running_stats=True)
                (2): ReLU()
              )
              (1): SparseBasicBlock(
                (conv1): SubMConv3d(64, 64, kernel_size=[3, 3, 3], stride=[1, 1, 1], padding=[1, 1, 1], dilation=[1, 1, 1], output_padding=[0, 0, 0], algo=ConvAlgo.MaskImplicitGemm)
                (bn1): SyncBatchNorm(64, eps=0.001, momentum=0.01, affine=True, track_running_stats=True)
                (relu): ReLU()
                (conv2): SubMConv3d(64, 64, kernel_size=[3, 3, 3], stride=[1, 1, 1], padding=[1, 1, 1], dilation=[1, 1, 1], output_padding=[0, 0, 0], algo=ConvAlgo.MaskImplicitGemm)
                (bn2): SyncBatchNorm(64, eps=0.001, momentum=0.01, affine=True, track_running_stats=True)
              )
            )
          )
          (2): SEDBlock(
            (blocks): SparseSequential(
              (0): SparseSequential(
                (0): SparseConv3d(64, 64, kernel_size=[3, 3, 3], stride=[2, 2, 2], padding=[1, 1, 1], dilation=[1, 1, 1], output_padding=[0, 0, 0], bias=False, algo=ConvAlgo.MaskImplicitGemm)
                (1): SyncBatchNorm(64, eps=0.001, momentum=0.01, affine=True, track_running_stats=True)
                (2): ReLU()
              )
              (1): SparseBasicBlock(
                (conv1): SubMConv3d(64, 64, kernel_size=[3, 3, 3], stride=[1, 1, 1], padding=[1, 1, 1], dilation=[1, 1, 1], output_padding=[0, 0, 0], algo=ConvAlgo.MaskImplicitGemm)
                (bn1): SyncBatchNorm(64, eps=0.001, momentum=0.01, affine=True, track_running_stats=True)
                (relu): ReLU()
                (conv2): SubMConv3d(64, 64, kernel_size=[3, 3, 3], stride=[1, 1, 1], padding=[1, 1, 1], dilation=[1, 1, 1], output_padding=[0, 0, 0], algo=ConvAlgo.MaskImplicitGemm)
                (bn2): SyncBatchNorm(64, eps=0.001, momentum=0.01, affine=True, track_running_stats=True)
              )
            )
          )
        )
        (decoder): ModuleList(
          (0): SparseSequential(
            (0): SparseInverseConv3d(64, 64, kernel_size=[3, 3, 3], stride=[1, 1, 1], padding=[0, 0, 0], dilation=[1, 1, 1], output_padding=[0, 0, 0], bias=False, algo=ConvAlgo.MaskImplicitGemm)
            (1): SyncBatchNorm(64, eps=0.001, momentum=0.01, affine=True, track_running_stats=True)
            (2): ReLU()
          )
          (1): SparseSequential(
            (0): SparseInverseConv3d(64, 64, kernel_size=[3, 3, 3], stride=[1, 1, 1], padding=[0, 0, 0], dilation=[1, 1, 1], output_padding=[0, 0, 0], bias=False, algo=ConvAlgo.MaskImplicitGemm)
            (1): SyncBatchNorm(64, eps=0.001, momentum=0.01, affine=True, track_running_stats=True)
            (2): ReLU()
          )
        )
        (decoder_norm): ModuleList(
          (0): SyncBatchNorm(64, eps=0.001, momentum=0.01, affine=True, track_running_stats=True)
          (1): SyncBatchNorm(64, eps=0.001, momentum=0.01, affine=True, track_running_stats=True)
        )
      )
      (1): SparseSequential(
        (0): SparseConv3d(64, 128, kernel_size=[3, 3, 3], stride=[1, 2, 2], padding=[1, 1, 1], dilation=[1, 1, 1], output_padding=[0, 0, 0], bias=False, algo=ConvAlgo.MaskImplicitGemm)
        (1): SyncBatchNorm(128, eps=0.001, momentum=0.01, affine=True, track_running_stats=True)
        (2): ReLU()
      )
    )
    (layers): ModuleList(
      (0): SEDLayer(
        (encoder): ModuleList(
          (0): SEDBlock(
            (blocks): SparseSequential(
              (0): Identity()
              (1): SparseBasicBlock(
                (conv1): SubMConv3d(128, 128, kernel_size=[3, 3, 3], stride=[1, 1, 1], padding=[1, 1, 1], dilation=[1, 1, 1], output_padding=[0, 0, 0], algo=ConvAlgo.MaskImplicitGemm)
                (bn1): SyncBatchNorm(128, eps=0.001, momentum=0.01, affine=True, track_running_stats=True)
                (relu): ReLU()
                (conv2): SubMConv3d(128, 128, kernel_size=[3, 3, 3], stride=[1, 1, 1], padding=[1, 1, 1], dilation=[1, 1, 1], output_padding=[0, 0, 0], algo=ConvAlgo.MaskImplicitGemm)
                (bn2): SyncBatchNorm(128, eps=0.001, momentum=0.01, affine=True, track_running_stats=True)
              )
              (2): SparseBasicBlock(
                (conv1): SubMConv3d(128, 128, kernel_size=[3, 3, 3], stride=[1, 1, 1], padding=[1, 1, 1], dilation=[1, 1, 1], output_padding=[0, 0, 0], algo=ConvAlgo.MaskImplicitGemm)
                (bn1): SyncBatchNorm(128, eps=0.001, momentum=0.01, affine=True, track_running_stats=True)
                (relu): ReLU()
                (conv2): SubMConv3d(128, 128, kernel_size=[3, 3, 3], stride=[1, 1, 1], padding=[1, 1, 1], dilation=[1, 1, 1], output_padding=[0, 0, 0], algo=ConvAlgo.MaskImplicitGemm)
                (bn2): SyncBatchNorm(128, eps=0.001, momentum=0.01, affine=True, track_running_stats=True)
              )
            )
          )
          (1): SEDBlock(
            (blocks): SparseSequential(
              (0): SparseSequential(
                (0): SparseConv3d(128, 128, kernel_size=[3, 3, 3], stride=[2, 2, 2], padding=[1, 1, 1], dilation=[1, 1, 1], output_padding=[0, 0, 0], bias=False, algo=ConvAlgo.MaskImplicitGemm)
                (1): SyncBatchNorm(128, eps=0.001, momentum=0.01, affine=True, track_running_stats=True)
                (2): ReLU()
              )
              (1): SparseBasicBlock(
                (conv1): SubMConv3d(128, 128, kernel_size=[3, 3, 3], stride=[1, 1, 1], padding=[1, 1, 1], dilation=[1, 1, 1], output_padding=[0, 0, 0], algo=ConvAlgo.MaskImplicitGemm)
                (bn1): SyncBatchNorm(128, eps=0.001, momentum=0.01, affine=True, track_running_stats=True)
                (relu): ReLU()
                (conv2): SubMConv3d(128, 128, kernel_size=[3, 3, 3], stride=[1, 1, 1], padding=[1, 1, 1], dilation=[1, 1, 1], output_padding=[0, 0, 0], algo=ConvAlgo.MaskImplicitGemm)
                (bn2): SyncBatchNorm(128, eps=0.001, momentum=0.01, affine=True, track_running_stats=True)
              )
            )
          )
          (2): SEDBlock(
            (blocks): SparseSequential(
              (0): SparseSequential(
                (0): SparseConv3d(128, 128, kernel_size=[3, 3, 3], stride=[2, 2, 2], padding=[1, 1, 1], dilation=[1, 1, 1], output_padding=[0, 0, 0], bias=False, algo=ConvAlgo.MaskImplicitGemm)
                (1): SyncBatchNorm(128, eps=0.001, momentum=0.01, affine=True, track_running_stats=True)
                (2): ReLU()
              )
              (1): SparseBasicBlock(
                (conv1): SubMConv3d(128, 128, kernel_size=[3, 3, 3], stride=[1, 1, 1], padding=[1, 1, 1], dilation=[1, 1, 1], output_padding=[0, 0, 0], algo=ConvAlgo.MaskImplicitGemm)
                (bn1): SyncBatchNorm(128, eps=0.001, momentum=0.01, affine=True, track_running_stats=True)
                (relu): ReLU()
                (conv2): SubMConv3d(128, 128, kernel_size=[3, 3, 3], stride=[1, 1, 1], padding=[1, 1, 1], dilation=[1, 1, 1], output_padding=[0, 0, 0], algo=ConvAlgo.MaskImplicitGemm)
                (bn2): SyncBatchNorm(128, eps=0.001, momentum=0.01, affine=True, track_running_stats=True)
              )
            )
          )
        )
        (decoder): ModuleList(
          (0): SparseSequential(
            (0): SparseInverseConv3d(128, 128, kernel_size=[3, 3, 3], stride=[1, 1, 1], padding=[0, 0, 0], dilation=[1, 1, 1], output_padding=[0, 0, 0], bias=False, algo=ConvAlgo.MaskImplicitGemm)
            (1): SyncBatchNorm(128, eps=0.001, momentum=0.01, affine=True, track_running_stats=True)
            (2): ReLU()
          )
          (1): SparseSequential(
            (0): SparseInverseConv3d(128, 128, kernel_size=[3, 3, 3], stride=[1, 1, 1], padding=[0, 0, 0], dilation=[1, 1, 1], output_padding=[0, 0, 0], bias=False, algo=ConvAlgo.MaskImplicitGemm)
            (1): SyncBatchNorm(128, eps=0.001, momentum=0.01, affine=True, track_running_stats=True)
            (2): ReLU()
          )
        )
        (decoder_norm): ModuleList(
          (0): SyncBatchNorm(128, eps=0.001, momentum=0.01, affine=True, track_running_stats=True)
          (1): SyncBatchNorm(128, eps=0.001, momentum=0.01, affine=True, track_running_stats=True)
        )
      )
      (1): SEDLayer(
        (encoder): ModuleList(
          (0): SEDBlock(
            (blocks): SparseSequential(
              (0): Identity()
              (1): SparseBasicBlock(
                (conv1): SubMConv3d(128, 128, kernel_size=[3, 3, 3], stride=[1, 1, 1], padding=[1, 1, 1], dilation=[1, 1, 1], output_padding=[0, 0, 0], algo=ConvAlgo.MaskImplicitGemm)
                (bn1): SyncBatchNorm(128, eps=0.001, momentum=0.01, affine=True, track_running_stats=True)
                (relu): ReLU()
                (conv2): SubMConv3d(128, 128, kernel_size=[3, 3, 3], stride=[1, 1, 1], padding=[1, 1, 1], dilation=[1, 1, 1], output_padding=[0, 0, 0], algo=ConvAlgo.MaskImplicitGemm)
                (bn2): SyncBatchNorm(128, eps=0.001, momentum=0.01, affine=True, track_running_stats=True)
              )
              (2): SparseBasicBlock(
                (conv1): SubMConv3d(128, 128, kernel_size=[3, 3, 3], stride=[1, 1, 1], padding=[1, 1, 1], dilation=[1, 1, 1], output_padding=[0, 0, 0], algo=ConvAlgo.MaskImplicitGemm)
                (bn1): SyncBatchNorm(128, eps=0.001, momentum=0.01, affine=True, track_running_stats=True)
                (relu): ReLU()
                (conv2): SubMConv3d(128, 128, kernel_size=[3, 3, 3], stride=[1, 1, 1], padding=[1, 1, 1], dilation=[1, 1, 1], output_padding=[0, 0, 0], algo=ConvAlgo.MaskImplicitGemm)
                (bn2): SyncBatchNorm(128, eps=0.001, momentum=0.01, affine=True, track_running_stats=True)
              )
            )
          )
          (1): SEDBlock(
            (blocks): SparseSequential(
              (0): SparseSequential(
                (0): SparseConv3d(128, 128, kernel_size=[3, 3, 3], stride=[2, 2, 2], padding=[1, 1, 1], dilation=[1, 1, 1], output_padding=[0, 0, 0], bias=False, algo=ConvAlgo.MaskImplicitGemm)
                (1): SyncBatchNorm(128, eps=0.001, momentum=0.01, affine=True, track_running_stats=True)
                (2): ReLU()
              )
              (1): SparseBasicBlock(
                (conv1): SubMConv3d(128, 128, kernel_size=[3, 3, 3], stride=[1, 1, 1], padding=[1, 1, 1], dilation=[1, 1, 1], output_padding=[0, 0, 0], algo=ConvAlgo.MaskImplicitGemm)
                (bn1): SyncBatchNorm(128, eps=0.001, momentum=0.01, affine=True, track_running_stats=True)
                (relu): ReLU()
                (conv2): SubMConv3d(128, 128, kernel_size=[3, 3, 3], stride=[1, 1, 1], padding=[1, 1, 1], dilation=[1, 1, 1], output_padding=[0, 0, 0], algo=ConvAlgo.MaskImplicitGemm)
                (bn2): SyncBatchNorm(128, eps=0.001, momentum=0.01, affine=True, track_running_stats=True)
              )
            )
          )
          (2): SEDBlock(
            (blocks): SparseSequential(
              (0): SparseSequential(
                (0): SparseConv3d(128, 128, kernel_size=[3, 3, 3], stride=[2, 2, 2], padding=[1, 1, 1], dilation=[1, 1, 1], output_padding=[0, 0, 0], bias=False, algo=ConvAlgo.MaskImplicitGemm)
                (1): SyncBatchNorm(128, eps=0.001, momentum=0.01, affine=True, track_running_stats=True)
                (2): ReLU()
              )
              (1): SparseBasicBlock(
                (conv1): SubMConv3d(128, 128, kernel_size=[3, 3, 3], stride=[1, 1, 1], padding=[1, 1, 1], dilation=[1, 1, 1], output_padding=[0, 0, 0], algo=ConvAlgo.MaskImplicitGemm)
                (bn1): SyncBatchNorm(128, eps=0.001, momentum=0.01, affine=True, track_running_stats=True)
                (relu): ReLU()
                (conv2): SubMConv3d(128, 128, kernel_size=[3, 3, 3], stride=[1, 1, 1], padding=[1, 1, 1], dilation=[1, 1, 1], output_padding=[0, 0, 0], algo=ConvAlgo.MaskImplicitGemm)
                (bn2): SyncBatchNorm(128, eps=0.001, momentum=0.01, affine=True, track_running_stats=True)
              )
            )
          )
        )
        (decoder): ModuleList(
          (0): SparseSequential(
            (0): SparseInverseConv3d(128, 128, kernel_size=[3, 3, 3], stride=[1, 1, 1], padding=[0, 0, 0], dilation=[1, 1, 1], output_padding=[0, 0, 0], bias=False, algo=ConvAlgo.MaskImplicitGemm)
            (1): SyncBatchNorm(128, eps=0.001, momentum=0.01, affine=True, track_running_stats=True)
            (2): ReLU()
          )
          (1): SparseSequential(
            (0): SparseInverseConv3d(128, 128, kernel_size=[3, 3, 3], stride=[1, 1, 1], padding=[0, 0, 0], dilation=[1, 1, 1], output_padding=[0, 0, 0], bias=False, algo=ConvAlgo.MaskImplicitGemm)
            (1): SyncBatchNorm(128, eps=0.001, momentum=0.01, affine=True, track_running_stats=True)
            (2): ReLU()
          )
        )
        (decoder_norm): ModuleList(
          (0): SyncBatchNorm(128, eps=0.001, momentum=0.01, affine=True, track_running_stats=True)
          (1): SyncBatchNorm(128, eps=0.001, momentum=0.01, affine=True, track_running_stats=True)
        )
      )
    )
    (conv_out): SparseSequential(
      (0): SparseConv3d(128, 128, kernel_size=[3, 1, 1], stride=[2, 1, 1], padding=[0, 0, 0], dilation=[1, 1, 1], output_padding=[0, 0, 0], bias=False, algo=ConvAlgo.MaskImplicitGemm)
      (1): SyncBatchNorm(128, eps=0.001, momentum=0.01, affine=True, track_running_stats=True)
      (2): ReLU()
      (3): SparseConv3d(128, 128, kernel_size=[3, 1, 1], stride=[2, 1, 1], padding=[0, 0, 0], dilation=[1, 1, 1], output_padding=[0, 0, 0], bias=False, algo=ConvAlgo.MaskImplicitGemm)
      (4): SyncBatchNorm(128, eps=0.001, momentum=0.01, affine=True, track_running_stats=True)
      (5): ReLU()
    )
  )
  (pts_backbone): CascadeDEDBackbone(
    (layers): ModuleList(
      (0): DEDBackbone(
        (encoder): ModuleList(
          (0): Sequential(
            (0): BasicBlock(
              (conv1): Conv2d(256, 256, kernel_size=(3, 3), stride=(1, 1), padding=(1, 1), bias=False)
              (bn1): SyncBatchNorm(256, eps=0.001, momentum=0.01, affine=True, track_running_stats=True)
              (relu1): ReLU()
              (conv2): Conv2d(256, 256, kernel_size=(3, 3), stride=(1, 1), padding=(1, 1), bias=False)
              (bn2): SyncBatchNorm(256, eps=0.001, momentum=0.01, affine=True, track_running_stats=True)
              (relu2): ReLU()
            )
            (1): BasicBlock(
              (conv1): Conv2d(256, 256, kernel_size=(3, 3), stride=(1, 1), padding=(1, 1), bias=False)
              (bn1): SyncBatchNorm(256, eps=0.001, momentum=0.01, affine=True, track_running_stats=True)
              (relu1): ReLU()
              (conv2): Conv2d(256, 256, kernel_size=(3, 3), stride=(1, 1), padding=(1, 1), bias=False)
              (bn2): SyncBatchNorm(256, eps=0.001, momentum=0.01, affine=True, track_running_stats=True)
              (relu2): ReLU()
            )
          )
          (1): Sequential(
            (0): BasicBlock(
              (conv1): Conv2d(256, 256, kernel_size=(3, 3), stride=(2, 2), padding=(1, 1), bias=False)
              (bn1): SyncBatchNorm(256, eps=0.001, momentum=0.01, affine=True, track_running_stats=True)
              (relu1): ReLU()
              (conv2): Conv2d(256, 256, kernel_size=(3, 3), stride=(1, 1), padding=(1, 1), bias=False)
              (bn2): SyncBatchNorm(256, eps=0.001, momentum=0.01, affine=True, track_running_stats=True)
              (relu2): ReLU()
              (downsample_layer): Sequential(
                (0): Conv2d(256, 256, kernel_size=(1, 1), stride=(2, 2), bias=False)
                (1): SyncBatchNorm(256, eps=0.001, momentum=0.01, affine=True, track_running_stats=True)
              )
            )
            (1): BasicBlock(
              (conv1): Conv2d(256, 256, kernel_size=(3, 3), stride=(1, 1), padding=(1, 1), bias=False)
              (bn1): SyncBatchNorm(256, eps=0.001, momentum=0.01, affine=True, track_running_stats=True)
              (relu1): ReLU()
              (conv2): Conv2d(256, 256, kernel_size=(3, 3), stride=(1, 1), padding=(1, 1), bias=False)
              (bn2): SyncBatchNorm(256, eps=0.001, momentum=0.01, affine=True, track_running_stats=True)
              (relu2): ReLU()
            )
          )
          (2): Sequential(
            (0): BasicBlock(
              (conv1): Conv2d(256, 256, kernel_size=(3, 3), stride=(2, 2), padding=(1, 1), bias=False)
              (bn1): SyncBatchNorm(256, eps=0.001, momentum=0.01, affine=True, track_running_stats=True)
              (relu1): ReLU()
              (conv2): Conv2d(256, 256, kernel_size=(3, 3), stride=(1, 1), padding=(1, 1), bias=False)
              (bn2): SyncBatchNorm(256, eps=0.001, momentum=0.01, affine=True, track_running_stats=True)
              (relu2): ReLU()
              (downsample_layer): Sequential(
                (0): Conv2d(256, 256, kernel_size=(1, 1), stride=(2, 2), bias=False)
                (1): SyncBatchNorm(256, eps=0.001, momentum=0.01, affine=True, track_running_stats=True)
              )
            )
            (1): BasicBlock(
              (conv1): Conv2d(256, 256, kernel_size=(3, 3), stride=(1, 1), padding=(1, 1), bias=False)
              (bn1): SyncBatchNorm(256, eps=0.001, momentum=0.01, affine=True, track_running_stats=True)
              (relu1): ReLU()
              (conv2): Conv2d(256, 256, kernel_size=(3, 3), stride=(1, 1), padding=(1, 1), bias=False)
              (bn2): SyncBatchNorm(256, eps=0.001, momentum=0.01, affine=True, track_running_stats=True)
              (relu2): ReLU()
            )
          )
        )
        (decoder): ModuleList(
          (0): Sequential(
            (0): ConvTranspose2d(256, 256, kernel_size=(2, 2), stride=(2, 2), bias=False)
            (1): SyncBatchNorm(256, eps=0.001, momentum=0.01, affine=True, track_running_stats=True)
            (2): ReLU()
          )
          (1): Sequential(
            (0): ConvTranspose2d(256, 256, kernel_size=(2, 2), stride=(2, 2), bias=False)
            (1): SyncBatchNorm(256, eps=0.001, momentum=0.01, affine=True, track_running_stats=True)
            (2): ReLU()
          )
        )
        (decoder_norm): ModuleList(
          (0): SyncBatchNorm(256, eps=0.001, momentum=0.01, affine=True, track_running_stats=True)
          (1): SyncBatchNorm(256, eps=0.001, momentum=0.01, affine=True, track_running_stats=True)
        )
      )
      (1): DEDBackbone(
        (encoder): ModuleList(
          (0): Sequential(
            (0): BasicBlock(
              (conv1): Conv2d(256, 256, kernel_size=(3, 3), stride=(1, 1), padding=(1, 1), bias=False)
              (bn1): SyncBatchNorm(256, eps=0.001, momentum=0.01, affine=True, track_running_stats=True)
              (relu1): ReLU()
              (conv2): Conv2d(256, 256, kernel_size=(3, 3), stride=(1, 1), padding=(1, 1), bias=False)
              (bn2): SyncBatchNorm(256, eps=0.001, momentum=0.01, affine=True, track_running_stats=True)
              (relu2): ReLU()
            )
            (1): BasicBlock(
              (conv1): Conv2d(256, 256, kernel_size=(3, 3), stride=(1, 1), padding=(1, 1), bias=False)
              (bn1): SyncBatchNorm(256, eps=0.001, momentum=0.01, affine=True, track_running_stats=True)
              (relu1): ReLU()
              (conv2): Conv2d(256, 256, kernel_size=(3, 3), stride=(1, 1), padding=(1, 1), bias=False)
              (bn2): SyncBatchNorm(256, eps=0.001, momentum=0.01, affine=True, track_running_stats=True)
              (relu2): ReLU()
            )
          )
          (1): Sequential(
            (0): BasicBlock(
              (conv1): Conv2d(256, 256, kernel_size=(3, 3), stride=(2, 2), padding=(1, 1), bias=False)
              (bn1): SyncBatchNorm(256, eps=0.001, momentum=0.01, affine=True, track_running_stats=True)
              (relu1): ReLU()
              (conv2): Conv2d(256, 256, kernel_size=(3, 3), stride=(1, 1), padding=(1, 1), bias=False)
              (bn2): SyncBatchNorm(256, eps=0.001, momentum=0.01, affine=True, track_running_stats=True)
              (relu2): ReLU()
              (downsample_layer): Sequential(
                (0): Conv2d(256, 256, kernel_size=(1, 1), stride=(2, 2), bias=False)
                (1): SyncBatchNorm(256, eps=0.001, momentum=0.01, affine=True, track_running_stats=True)
              )
            )
            (1): BasicBlock(
              (conv1): Conv2d(256, 256, kernel_size=(3, 3), stride=(1, 1), padding=(1, 1), bias=False)
              (bn1): SyncBatchNorm(256, eps=0.001, momentum=0.01, affine=True, track_running_stats=True)
              (relu1): ReLU()
              (conv2): Conv2d(256, 256, kernel_size=(3, 3), stride=(1, 1), padding=(1, 1), bias=False)
              (bn2): SyncBatchNorm(256, eps=0.001, momentum=0.01, affine=True, track_running_stats=True)
              (relu2): ReLU()
            )
          )
          (2): Sequential(
            (0): BasicBlock(
              (conv1): Conv2d(256, 256, kernel_size=(3, 3), stride=(2, 2), padding=(1, 1), bias=False)
              (bn1): SyncBatchNorm(256, eps=0.001, momentum=0.01, affine=True, track_running_stats=True)
              (relu1): ReLU()
              (conv2): Conv2d(256, 256, kernel_size=(3, 3), stride=(1, 1), padding=(1, 1), bias=False)
              (bn2): SyncBatchNorm(256, eps=0.001, momentum=0.01, affine=True, track_running_stats=True)
              (relu2): ReLU()
              (downsample_layer): Sequential(
                (0): Conv2d(256, 256, kernel_size=(1, 1), stride=(2, 2), bias=False)
                (1): SyncBatchNorm(256, eps=0.001, momentum=0.01, affine=True, track_running_stats=True)
              )
            )
            (1): BasicBlock(
              (conv1): Conv2d(256, 256, kernel_size=(3, 3), stride=(1, 1), padding=(1, 1), bias=False)
              (bn1): SyncBatchNorm(256, eps=0.001, momentum=0.01, affine=True, track_running_stats=True)
              (relu1): ReLU()
              (conv2): Conv2d(256, 256, kernel_size=(3, 3), stride=(1, 1), padding=(1, 1), bias=False)
              (bn2): SyncBatchNorm(256, eps=0.001, momentum=0.01, affine=True, track_running_stats=True)
              (relu2): ReLU()
            )
          )
        )
        (decoder): ModuleList(
          (0): Sequential(
            (0): ConvTranspose2d(256, 256, kernel_size=(2, 2), stride=(2, 2), bias=False)
            (1): SyncBatchNorm(256, eps=0.001, momentum=0.01, affine=True, track_running_stats=True)
            (2): ReLU()
          )
          (1): Sequential(
            (0): ConvTranspose2d(256, 256, kernel_size=(2, 2), stride=(2, 2), bias=False)
            (1): SyncBatchNorm(256, eps=0.001, momentum=0.01, affine=True, track_running_stats=True)
            (2): ReLU()
          )
        )
        (decoder_norm): ModuleList(
          (0): SyncBatchNorm(256, eps=0.001, momentum=0.01, affine=True, track_running_stats=True)
          (1): SyncBatchNorm(256, eps=0.001, momentum=0.01, affine=True, track_running_stats=True)
        )
      )
      (2): DEDBackbone(
        (encoder): ModuleList(
          (0): Sequential(
            (0): BasicBlock(
              (conv1): Conv2d(256, 256, kernel_size=(3, 3), stride=(1, 1), padding=(1, 1), bias=False)
              (bn1): SyncBatchNorm(256, eps=0.001, momentum=0.01, affine=True, track_running_stats=True)
              (relu1): ReLU()
              (conv2): Conv2d(256, 256, kernel_size=(3, 3), stride=(1, 1), padding=(1, 1), bias=False)
              (bn2): SyncBatchNorm(256, eps=0.001, momentum=0.01, affine=True, track_running_stats=True)
              (relu2): ReLU()
            )
            (1): BasicBlock(
              (conv1): Conv2d(256, 256, kernel_size=(3, 3), stride=(1, 1), padding=(1, 1), bias=False)
              (bn1): SyncBatchNorm(256, eps=0.001, momentum=0.01, affine=True, track_running_stats=True)
              (relu1): ReLU()
              (conv2): Conv2d(256, 256, kernel_size=(3, 3), stride=(1, 1), padding=(1, 1), bias=False)
              (bn2): SyncBatchNorm(256, eps=0.001, momentum=0.01, affine=True, track_running_stats=True)
              (relu2): ReLU()
            )
          )
          (1): Sequential(
            (0): BasicBlock(
              (conv1): Conv2d(256, 256, kernel_size=(3, 3), stride=(2, 2), padding=(1, 1), bias=False)
              (bn1): SyncBatchNorm(256, eps=0.001, momentum=0.01, affine=True, track_running_stats=True)
              (relu1): ReLU()
              (conv2): Conv2d(256, 256, kernel_size=(3, 3), stride=(1, 1), padding=(1, 1), bias=False)
              (bn2): SyncBatchNorm(256, eps=0.001, momentum=0.01, affine=True, track_running_stats=True)
              (relu2): ReLU()
              (downsample_layer): Sequential(
                (0): Conv2d(256, 256, kernel_size=(1, 1), stride=(2, 2), bias=False)
                (1): SyncBatchNorm(256, eps=0.001, momentum=0.01, affine=True, track_running_stats=True)
              )
            )
            (1): BasicBlock(
              (conv1): Conv2d(256, 256, kernel_size=(3, 3), stride=(1, 1), padding=(1, 1), bias=False)
              (bn1): SyncBatchNorm(256, eps=0.001, momentum=0.01, affine=True, track_running_stats=True)
              (relu1): ReLU()
              (conv2): Conv2d(256, 256, kernel_size=(3, 3), stride=(1, 1), padding=(1, 1), bias=False)
              (bn2): SyncBatchNorm(256, eps=0.001, momentum=0.01, affine=True, track_running_stats=True)
              (relu2): ReLU()
            )
          )
          (2): Sequential(
            (0): BasicBlock(
              (conv1): Conv2d(256, 256, kernel_size=(3, 3), stride=(2, 2), padding=(1, 1), bias=False)
              (bn1): SyncBatchNorm(256, eps=0.001, momentum=0.01, affine=True, track_running_stats=True)
              (relu1): ReLU()
              (conv2): Conv2d(256, 256, kernel_size=(3, 3), stride=(1, 1), padding=(1, 1), bias=False)
              (bn2): SyncBatchNorm(256, eps=0.001, momentum=0.01, affine=True, track_running_stats=True)
              (relu2): ReLU()
              (downsample_layer): Sequential(
                (0): Conv2d(256, 256, kernel_size=(1, 1), stride=(2, 2), bias=False)
                (1): SyncBatchNorm(256, eps=0.001, momentum=0.01, affine=True, track_running_stats=True)
              )
            )
            (1): BasicBlock(
              (conv1): Conv2d(256, 256, kernel_size=(3, 3), stride=(1, 1), padding=(1, 1), bias=False)
              (bn1): SyncBatchNorm(256, eps=0.001, momentum=0.01, affine=True, track_running_stats=True)
              (relu1): ReLU()
              (conv2): Conv2d(256, 256, kernel_size=(3, 3), stride=(1, 1), padding=(1, 1), bias=False)
              (bn2): SyncBatchNorm(256, eps=0.001, momentum=0.01, affine=True, track_running_stats=True)
              (relu2): ReLU()
            )
          )
        )
        (decoder): ModuleList(
          (0): Sequential(
            (0): ConvTranspose2d(256, 256, kernel_size=(2, 2), stride=(2, 2), bias=False)
            (1): SyncBatchNorm(256, eps=0.001, momentum=0.01, affine=True, track_running_stats=True)
            (2): ReLU()
          )
          (1): Sequential(
            (0): ConvTranspose2d(256, 256, kernel_size=(2, 2), stride=(2, 2), bias=False)
            (1): SyncBatchNorm(256, eps=0.001, momentum=0.01, affine=True, track_running_stats=True)
            (2): ReLU()
          )
        )
        (decoder_norm): ModuleList(
          (0): SyncBatchNorm(256, eps=0.001, momentum=0.01, affine=True, track_running_stats=True)
          (1): SyncBatchNorm(256, eps=0.001, momentum=0.01, affine=True, track_running_stats=True)
        )
      )
      (3): DEDBackbone(
        (encoder): ModuleList(
          (0): Sequential(
            (0): BasicBlock(
              (conv1): Conv2d(256, 256, kernel_size=(3, 3), stride=(1, 1), padding=(1, 1), bias=False)
              (bn1): SyncBatchNorm(256, eps=0.001, momentum=0.01, affine=True, track_running_stats=True)
              (relu1): ReLU()
              (conv2): Conv2d(256, 256, kernel_size=(3, 3), stride=(1, 1), padding=(1, 1), bias=False)
              (bn2): SyncBatchNorm(256, eps=0.001, momentum=0.01, affine=True, track_running_stats=True)
              (relu2): ReLU()
            )
            (1): BasicBlock(
              (conv1): Conv2d(256, 256, kernel_size=(3, 3), stride=(1, 1), padding=(1, 1), bias=False)
              (bn1): SyncBatchNorm(256, eps=0.001, momentum=0.01, affine=True, track_running_stats=True)
              (relu1): ReLU()
              (conv2): Conv2d(256, 256, kernel_size=(3, 3), stride=(1, 1), padding=(1, 1), bias=False)
              (bn2): SyncBatchNorm(256, eps=0.001, momentum=0.01, affine=True, track_running_stats=True)
              (relu2): ReLU()
            )
          )
          (1): Sequential(
            (0): BasicBlock(
              (conv1): Conv2d(256, 256, kernel_size=(3, 3), stride=(2, 2), padding=(1, 1), bias=False)
              (bn1): SyncBatchNorm(256, eps=0.001, momentum=0.01, affine=True, track_running_stats=True)
              (relu1): ReLU()
              (conv2): Conv2d(256, 256, kernel_size=(3, 3), stride=(1, 1), padding=(1, 1), bias=False)
              (bn2): SyncBatchNorm(256, eps=0.001, momentum=0.01, affine=True, track_running_stats=True)
              (relu2): ReLU()
              (downsample_layer): Sequential(
                (0): Conv2d(256, 256, kernel_size=(1, 1), stride=(2, 2), bias=False)
                (1): SyncBatchNorm(256, eps=0.001, momentum=0.01, affine=True, track_running_stats=True)
              )
            )
            (1): BasicBlock(
              (conv1): Conv2d(256, 256, kernel_size=(3, 3), stride=(1, 1), padding=(1, 1), bias=False)
              (bn1): SyncBatchNorm(256, eps=0.001, momentum=0.01, affine=True, track_running_stats=True)
              (relu1): ReLU()
              (conv2): Conv2d(256, 256, kernel_size=(3, 3), stride=(1, 1), padding=(1, 1), bias=False)
              (bn2): SyncBatchNorm(256, eps=0.001, momentum=0.01, affine=True, track_running_stats=True)
              (relu2): ReLU()
            )
          )
          (2): Sequential(
            (0): BasicBlock(
              (conv1): Conv2d(256, 256, kernel_size=(3, 3), stride=(2, 2), padding=(1, 1), bias=False)
              (bn1): SyncBatchNorm(256, eps=0.001, momentum=0.01, affine=True, track_running_stats=True)
              (relu1): ReLU()
              (conv2): Conv2d(256, 256, kernel_size=(3, 3), stride=(1, 1), padding=(1, 1), bias=False)
              (bn2): SyncBatchNorm(256, eps=0.001, momentum=0.01, affine=True, track_running_stats=True)
              (relu2): ReLU()
              (downsample_layer): Sequential(
                (0): Conv2d(256, 256, kernel_size=(1, 1), stride=(2, 2), bias=False)
                (1): SyncBatchNorm(256, eps=0.001, momentum=0.01, affine=True, track_running_stats=True)
              )
            )
            (1): BasicBlock(
              (conv1): Conv2d(256, 256, kernel_size=(3, 3), stride=(1, 1), padding=(1, 1), bias=False)
              (bn1): SyncBatchNorm(256, eps=0.001, momentum=0.01, affine=True, track_running_stats=True)
              (relu1): ReLU()
              (conv2): Conv2d(256, 256, kernel_size=(3, 3), stride=(1, 1), padding=(1, 1), bias=False)
              (bn2): SyncBatchNorm(256, eps=0.001, momentum=0.01, affine=True, track_running_stats=True)
              (relu2): ReLU()
            )
          )
        )
        (decoder): ModuleList(
          (0): Sequential(
            (0): ConvTranspose2d(256, 256, kernel_size=(2, 2), stride=(2, 2), bias=False)
            (1): SyncBatchNorm(256, eps=0.001, momentum=0.01, affine=True, track_running_stats=True)
            (2): ReLU()
          )
          (1): Sequential(
            (0): ConvTranspose2d(256, 256, kernel_size=(2, 2), stride=(2, 2), bias=False)
            (1): SyncBatchNorm(256, eps=0.001, momentum=0.01, affine=True, track_running_stats=True)
            (2): ReLU()
          )
        )
        (decoder_norm): ModuleList(
          (0): SyncBatchNorm(256, eps=0.001, momentum=0.01, affine=True, track_running_stats=True)
          (1): SyncBatchNorm(256, eps=0.001, momentum=0.01, affine=True, track_running_stats=True)
        )
      )
    )
  )
  (pts_neck): FPN(
    (lateral_convs): ModuleList(
      (0): ConvModule(
        (conv): Conv2d(256, 256, kernel_size=(1, 1), stride=(1, 1), bias=False)
        (bn): SyncBatchNorm(256, eps=0.001, momentum=0.01, affine=True, track_running_stats=True)
        (activate): ReLU()
      )
    )
    (fpn_convs): ModuleList(
      (0): ConvModule(
        (conv): Conv2d(256, 256, kernel_size=(3, 3), stride=(1, 1), padding=(1, 1), bias=False)
        (bn): SyncBatchNorm(256, eps=0.001, momentum=0.01, affine=True, track_running_stats=True)
        (activate): ReLU()
      )
      (1): ConvModule(
        (conv): Conv2d(256, 256, kernel_size=(3, 3), stride=(2, 2), padding=(1, 1), bias=False)
        (bn): SyncBatchNorm(256, eps=0.001, momentum=0.01, affine=True, track_running_stats=True)
        (activate): ReLU()
      )
      (2): ConvModule(
        (conv): Conv2d(256, 256, kernel_size=(3, 3), stride=(2, 2), padding=(1, 1), bias=False)
        (bn): SyncBatchNorm(256, eps=0.001, momentum=0.01, affine=True, track_running_stats=True)
        (activate): ReLU()
      )
      (3): ConvModule(
        (conv): Conv2d(256, 256, kernel_size=(3, 3), stride=(2, 2), padding=(1, 1), bias=False)
        (bn): SyncBatchNorm(256, eps=0.001, momentum=0.01, affine=True, track_running_stats=True)
        (activate): ReLU()
      )
    )
  )
  init_cfg={'type': 'Xavier', 'layer': 'Conv2d', 'distribution': 'uniform'}
  (pts_bbox_head): FUTR3DHead(
    (loss_cls): FocalLoss()
    (loss_bbox): L1Loss()
    (loss_iou): GIoULoss()
    (activate): ReLU(inplace=True)
    (positional_encoding): SinePositionalEncoding(num_feats=128, temperature=10000, normalize=True, scale=6.283185307179586, eps=1e-06)
    (transformer): FUTR3DTransformer(
      (decoder): FUTR3DTransformerDecoder(
        (layers): ModuleList(
          (0): DetrTransformerDecoderLayer(
            (attentions): ModuleList(
              (0): ModuleList(
                (0): MultiheadAttention(
                  (attn): MultiheadAttention(
                    (out_proj): NonDynamicallyQuantizableLinear(in_features=256, out_features=256, bias=True)
                  )
                  (proj_drop): Dropout(p=0.0, inplace=False)
                  (dropout_layer): Dropout(p=0.1, inplace=False)
                )
                (1): RMSNorm()
                (2): DSS(
                  (layers): ModuleList(
                    (0): ModuleDict(
                      (norm_before): RMSNorm()
                      (mamba): DSSMamba(
                        (in_proj): Linear(in_features=256, out_features=2048, bias=False)
                        (in_proj_xy): Linear(in_features=256, out_features=2048, bias=False)
                        (act): SiLU()
                        (x_proj_f): Linear(in_features=512, out_features=144, bias=False)
                        (x_proj_b): Linear(in_features=512, out_features=144, bias=False)
                        (dt_proj_f): Linear(in_features=16, out_features=512, bias=True)
                        (dt_proj_b): Linear(in_features=16, out_features=512, bias=True)
                        (act_xy): SiLU()
                        (x_proj_f_xy): Linear(in_features=512, out_features=144, bias=False)
                        (x_proj_b_xy): Linear(in_features=512, out_features=144, bias=False)
                        (dt_proj_f_xy): Linear(in_features=16, out_features=512, bias=True)
                        (dt_proj_b_xy): Linear(in_features=16, out_features=512, bias=True)
                        (conv1d_x_f): Conv1d(512, 512, kernel_size=(4,), stride=(1,), groups=512)
                        (conv1d_z_f): Conv1d(512, 512, kernel_size=(4,), stride=(1,), groups=512)
                        (conv1d_x_b): Conv1d(512, 512, kernel_size=(4,), stride=(1,), groups=512)
                        (conv1d_z_b): Conv1d(512, 512, kernel_size=(4,), stride=(1,), groups=512)
                        (conv1d_x_xy_f): Conv1d(512, 512, kernel_size=(4,), stride=(1,), groups=512)
                        (conv1d_z_xy_f): Conv1d(512, 512, kernel_size=(4,), stride=(1,), groups=512)
                        (conv1d_x_xy_b): Conv1d(512, 512, kernel_size=(4,), stride=(1,), groups=512)
                        (conv1d_z_xy_b): Conv1d(512, 512, kernel_size=(4,), stride=(1,), groups=512)
                        (out_proj): Linear(in_features=2048, out_features=256, bias=False)
                        (global_proj): Linear(in_features=2048, out_features=2048, bias=True)
                      )
                      (dropout): Identity()
                      (norm): RMSNorm()
                      (mlp): MLP(
                        (gate_proj): Linear(in_features=256, out_features=1024, bias=False)
                        (up_proj): Linear(in_features=256, out_features=1024, bias=False)
                        (down_proj): Linear(in_features=1024, out_features=256, bias=False)
                        (act_fn): SiLU()
                      )
                      (mlp_norm): RMSNorm()
                    )
                    (1): ModuleDict(
                      (norm_before): RMSNorm()
                      (mamba): DSSMamba(
                        (in_proj): Linear(in_features=256, out_features=2048, bias=False)
                        (in_proj_xy): Linear(in_features=256, out_features=2048, bias=False)
                        (act): SiLU()
                        (x_proj_f): Linear(in_features=512, out_features=144, bias=False)
                        (x_proj_b): Linear(in_features=512, out_features=144, bias=False)
                        (dt_proj_f): Linear(in_features=16, out_features=512, bias=True)
                        (dt_proj_b): Linear(in_features=16, out_features=512, bias=True)
                        (act_xy): SiLU()
                        (x_proj_f_xy): Linear(in_features=512, out_features=144, bias=False)
                        (x_proj_b_xy): Linear(in_features=512, out_features=144, bias=False)
                        (dt_proj_f_xy): Linear(in_features=16, out_features=512, bias=True)
                        (dt_proj_b_xy): Linear(in_features=16, out_features=512, bias=True)
                        (conv1d_x_f): Conv1d(512, 512, kernel_size=(4,), stride=(1,), groups=512)
                        (conv1d_z_f): Conv1d(512, 512, kernel_size=(4,), stride=(1,), groups=512)
                        (conv1d_x_b): Conv1d(512, 512, kernel_size=(4,), stride=(1,), groups=512)
                        (conv1d_z_b): Conv1d(512, 512, kernel_size=(4,), stride=(1,), groups=512)
                        (conv1d_x_xy_f): Conv1d(512, 512, kernel_size=(4,), stride=(1,), groups=512)
                        (conv1d_z_xy_f): Conv1d(512, 512, kernel_size=(4,), stride=(1,), groups=512)
                        (conv1d_x_xy_b): Conv1d(512, 512, kernel_size=(4,), stride=(1,), groups=512)
                        (conv1d_z_xy_b): Conv1d(512, 512, kernel_size=(4,), stride=(1,), groups=512)
                        (out_proj): Linear(in_features=2048, out_features=256, bias=False)
                        (global_proj): Linear(in_features=2048, out_features=2048, bias=True)
                      )
                      (dropout): DropPath(drop_prob=0.300)
                      (norm): RMSNorm()
                      (mlp): MLP(
                        (gate_proj): Linear(in_features=256, out_features=1024, bias=False)
                        (up_proj): Linear(in_features=256, out_features=1024, bias=False)
                        (down_proj): Linear(in_features=1024, out_features=256, bias=False)
                        (act_fn): SiLU()
                      )
                      (mlp_norm): Identity()
                    )
                  )
                  (rope): RotaryEmbedding()
                )
                (3): DropPath(drop_prob=0.100)
              )
              (1): FUTR3DAttention(
                (dropout): Dropout(p=0.1, inplace=False)
                (sampling_offsets): Linear(in_features=256, out_features=256, bias=True)
                (attention_weights): Linear(in_features=256, out_features=128, bias=True)
                (value_proj): Linear(in_features=256, out_features=256, bias=True)
                (output_proj): Linear(in_features=256, out_features=256, bias=True)
                (camera_mixer): LidarCameraFusionMambaBlock(
                  (layers): ModuleList(
                    (0): LidarCameraFusionMambaV2(
                      (activation_fn): SiLU()
                      (in_proj): Linear(in_features=256, out_features=1024, bias=False)
                      (conv1d_h2t): Conv1d(512, 512, kernel_size=(4,), stride=(1,), padding=(3,), groups=512)
                      (x_proj_h2t): Linear(in_features=512, out_features=48, bias=False)
                      (dt_proj_h2t): Linear(in_features=16, out_features=512, bias=True)
                      (conv1d_t2h): Conv1d(512, 512, kernel_size=(4,), stride=(1,), padding=(3,), groups=512)
                      (x_proj_t2h): Linear(in_features=512, out_features=48, bias=False)
                      (dt_proj_t2h): Linear(in_features=16, out_features=512, bias=True)
                      (lidar_guidance_proj): Linear(in_features=512, out_features=512, bias=True)
                      (out_proj): Linear(in_features=512, out_features=256, bias=False)
                    )
                    (1): LidarCameraFusionMambaV2(
                      (activation_fn): SiLU()
                      (in_proj): Linear(in_features=256, out_features=1024, bias=False)
                      (conv1d_h2t): Conv1d(512, 512, kernel_size=(4,), stride=(1,), padding=(3,), groups=512)
                      (x_proj_h2t): Linear(in_features=512, out_features=48, bias=False)
                      (dt_proj_h2t): Linear(in_features=16, out_features=512, bias=True)
                      (conv1d_t2h): Conv1d(512, 512, kernel_size=(4,), stride=(1,), padding=(3,), groups=512)
                      (x_proj_t2h): Linear(in_features=512, out_features=48, bias=False)
                      (dt_proj_t2h): Linear(in_features=16, out_features=512, bias=True)
                      (lidar_guidance_proj): Linear(in_features=512, out_features=512, bias=True)
                      (out_proj): Linear(in_features=512, out_features=256, bias=False)
                    )
                  )
                  (norm): ModuleList(
                    (0): LayerNorm((256,), eps=1e-05, elementwise_affine=True)
                    (1): LayerNorm((256,), eps=1e-05, elementwise_affine=True)
                  )
                  (dropout): ModuleList(
                    (0): DropPath(drop_prob=0.100)
                    (1): DropPath(drop_prob=0.100)
                  )
                )
              )
            )
            (ffns): ModuleList(
              (0): FFN(
                (activate): ReLU(inplace=True)
                (layers): Sequential(
                  (0): Sequential(
                    (0): Linear(in_features=256, out_features=1024, bias=True)
                    (1): ReLU(inplace=True)
                    (2): Dropout(p=0.1, inplace=False)
                  )
                  (1): Linear(in_features=1024, out_features=256, bias=True)
                  (2): Dropout(p=0.1, inplace=False)
                )
                (dropout_layer): Identity()
              )
            )
            (norms): ModuleList(
              (0): LayerNorm((256,), eps=1e-05, elementwise_affine=True)
              (1): LayerNorm((256,), eps=1e-05, elementwise_affine=True)
              (2): LayerNorm((256,), eps=1e-05, elementwise_affine=True)
            )
          )
          (1): DetrTransformerDecoderLayer(
            (attentions): ModuleList(
              (0): ModuleList(
                (0): MultiheadAttention(
                  (attn): MultiheadAttention(
                    (out_proj): NonDynamicallyQuantizableLinear(in_features=256, out_features=256, bias=True)
                  )
                  (proj_drop): Dropout(p=0.0, inplace=False)
                  (dropout_layer): Dropout(p=0.1, inplace=False)
                )
                (1): RMSNorm()
                (2): DSS(
                  (layers): ModuleList(
                    (0): ModuleDict(
                      (norm_before): RMSNorm()
                      (mamba): DSSMamba(
                        (in_proj): Linear(in_features=256, out_features=2048, bias=False)
                        (in_proj_xy): Linear(in_features=256, out_features=2048, bias=False)
                        (act): SiLU()
                        (x_proj_f): Linear(in_features=512, out_features=144, bias=False)
                        (x_proj_b): Linear(in_features=512, out_features=144, bias=False)
                        (dt_proj_f): Linear(in_features=16, out_features=512, bias=True)
                        (dt_proj_b): Linear(in_features=16, out_features=512, bias=True)
                        (act_xy): SiLU()
                        (x_proj_f_xy): Linear(in_features=512, out_features=144, bias=False)
                        (x_proj_b_xy): Linear(in_features=512, out_features=144, bias=False)
                        (dt_proj_f_xy): Linear(in_features=16, out_features=512, bias=True)
                        (dt_proj_b_xy): Linear(in_features=16, out_features=512, bias=True)
                        (conv1d_x_f): Conv1d(512, 512, kernel_size=(4,), stride=(1,), groups=512)
                        (conv1d_z_f): Conv1d(512, 512, kernel_size=(4,), stride=(1,), groups=512)
                        (conv1d_x_b): Conv1d(512, 512, kernel_size=(4,), stride=(1,), groups=512)
                        (conv1d_z_b): Conv1d(512, 512, kernel_size=(4,), stride=(1,), groups=512)
                        (conv1d_x_xy_f): Conv1d(512, 512, kernel_size=(4,), stride=(1,), groups=512)
                        (conv1d_z_xy_f): Conv1d(512, 512, kernel_size=(4,), stride=(1,), groups=512)
                        (conv1d_x_xy_b): Conv1d(512, 512, kernel_size=(4,), stride=(1,), groups=512)
                        (conv1d_z_xy_b): Conv1d(512, 512, kernel_size=(4,), stride=(1,), groups=512)
                        (out_proj): Linear(in_features=2048, out_features=256, bias=False)
                        (global_proj): Linear(in_features=2048, out_features=2048, bias=True)
                      )
                      (dropout): Identity()
                      (norm): RMSNorm()
                      (mlp): MLP(
                        (gate_proj): Linear(in_features=256, out_features=1024, bias=False)
                        (up_proj): Linear(in_features=256, out_features=1024, bias=False)
                        (down_proj): Linear(in_features=1024, out_features=256, bias=False)
                        (act_fn): SiLU()
                      )
                      (mlp_norm): RMSNorm()
                    )
                    (1): ModuleDict(
                      (norm_before): RMSNorm()
                      (mamba): DSSMamba(
                        (in_proj): Linear(in_features=256, out_features=2048, bias=False)
                        (in_proj_xy): Linear(in_features=256, out_features=2048, bias=False)
                        (act): SiLU()
                        (x_proj_f): Linear(in_features=512, out_features=144, bias=False)
                        (x_proj_b): Linear(in_features=512, out_features=144, bias=False)
                        (dt_proj_f): Linear(in_features=16, out_features=512, bias=True)
                        (dt_proj_b): Linear(in_features=16, out_features=512, bias=True)
                        (act_xy): SiLU()
                        (x_proj_f_xy): Linear(in_features=512, out_features=144, bias=False)
                        (x_proj_b_xy): Linear(in_features=512, out_features=144, bias=False)
                        (dt_proj_f_xy): Linear(in_features=16, out_features=512, bias=True)
                        (dt_proj_b_xy): Linear(in_features=16, out_features=512, bias=True)
                        (conv1d_x_f): Conv1d(512, 512, kernel_size=(4,), stride=(1,), groups=512)
                        (conv1d_z_f): Conv1d(512, 512, kernel_size=(4,), stride=(1,), groups=512)
                        (conv1d_x_b): Conv1d(512, 512, kernel_size=(4,), stride=(1,), groups=512)
                        (conv1d_z_b): Conv1d(512, 512, kernel_size=(4,), stride=(1,), groups=512)
                        (conv1d_x_xy_f): Conv1d(512, 512, kernel_size=(4,), stride=(1,), groups=512)
                        (conv1d_z_xy_f): Conv1d(512, 512, kernel_size=(4,), stride=(1,), groups=512)
                        (conv1d_x_xy_b): Conv1d(512, 512, kernel_size=(4,), stride=(1,), groups=512)
                        (conv1d_z_xy_b): Conv1d(512, 512, kernel_size=(4,), stride=(1,), groups=512)
                        (out_proj): Linear(in_features=2048, out_features=256, bias=False)
                        (global_proj): Linear(in_features=2048, out_features=2048, bias=True)
                      )
                      (dropout): DropPath(drop_prob=0.300)
                      (norm): RMSNorm()
                      (mlp): MLP(
                        (gate_proj): Linear(in_features=256, out_features=1024, bias=False)
                        (up_proj): Linear(in_features=256, out_features=1024, bias=False)
                        (down_proj): Linear(in_features=1024, out_features=256, bias=False)
                        (act_fn): SiLU()
                      )
                      (mlp_norm): Identity()
                    )
                  )
                  (rope): RotaryEmbedding()
                )
                (3): DropPath(drop_prob=0.100)
              )
              (1): FUTR3DAttention(
                (dropout): Dropout(p=0.1, inplace=False)
                (sampling_offsets): Linear(in_features=256, out_features=256, bias=True)
                (attention_weights): Linear(in_features=256, out_features=128, bias=True)
                (value_proj): Linear(in_features=256, out_features=256, bias=True)
                (output_proj): Linear(in_features=256, out_features=256, bias=True)
                (camera_mixer): LidarCameraFusionMambaBlock(
                  (layers): ModuleList(
                    (0): LidarCameraFusionMambaV2(
                      (activation_fn): SiLU()
                      (in_proj): Linear(in_features=256, out_features=1024, bias=False)
                      (conv1d_h2t): Conv1d(512, 512, kernel_size=(4,), stride=(1,), padding=(3,), groups=512)
                      (x_proj_h2t): Linear(in_features=512, out_features=48, bias=False)
                      (dt_proj_h2t): Linear(in_features=16, out_features=512, bias=True)
                      (conv1d_t2h): Conv1d(512, 512, kernel_size=(4,), stride=(1,), padding=(3,), groups=512)
                      (x_proj_t2h): Linear(in_features=512, out_features=48, bias=False)
                      (dt_proj_t2h): Linear(in_features=16, out_features=512, bias=True)
                      (lidar_guidance_proj): Linear(in_features=512, out_features=512, bias=True)
                      (out_proj): Linear(in_features=512, out_features=256, bias=False)
                    )
                    (1): LidarCameraFusionMambaV2(
                      (activation_fn): SiLU()
                      (in_proj): Linear(in_features=256, out_features=1024, bias=False)
                      (conv1d_h2t): Conv1d(512, 512, kernel_size=(4,), stride=(1,), padding=(3,), groups=512)
                      (x_proj_h2t): Linear(in_features=512, out_features=48, bias=False)
                      (dt_proj_h2t): Linear(in_features=16, out_features=512, bias=True)
                      (conv1d_t2h): Conv1d(512, 512, kernel_size=(4,), stride=(1,), padding=(3,), groups=512)
                      (x_proj_t2h): Linear(in_features=512, out_features=48, bias=False)
                      (dt_proj_t2h): Linear(in_features=16, out_features=512, bias=True)
                      (lidar_guidance_proj): Linear(in_features=512, out_features=512, bias=True)
                      (out_proj): Linear(in_features=512, out_features=256, bias=False)
                    )
                  )
                  (norm): ModuleList(
                    (0): LayerNorm((256,), eps=1e-05, elementwise_affine=True)
                    (1): LayerNorm((256,), eps=1e-05, elementwise_affine=True)
                  )
                  (dropout): ModuleList(
                    (0): DropPath(drop_prob=0.100)
                    (1): DropPath(drop_prob=0.100)
                  )
                )
              )
            )
            (ffns): ModuleList(
              (0): FFN(
                (activate): ReLU(inplace=True)
                (layers): Sequential(
                  (0): Sequential(
                    (0): Linear(in_features=256, out_features=1024, bias=True)
                    (1): ReLU(inplace=True)
                    (2): Dropout(p=0.1, inplace=False)
                  )
                  (1): Linear(in_features=1024, out_features=256, bias=True)
                  (2): Dropout(p=0.1, inplace=False)
                )
                (dropout_layer): Identity()
              )
            )
            (norms): ModuleList(
              (0): LayerNorm((256,), eps=1e-05, elementwise_affine=True)
              (1): LayerNorm((256,), eps=1e-05, elementwise_affine=True)
              (2): LayerNorm((256,), eps=1e-05, elementwise_affine=True)
            )
          )
          (2): DetrTransformerDecoderLayer(
            (attentions): ModuleList(
              (0): ModuleList(
                (0): MultiheadAttention(
                  (attn): MultiheadAttention(
                    (out_proj): NonDynamicallyQuantizableLinear(in_features=256, out_features=256, bias=True)
                  )
                  (proj_drop): Dropout(p=0.0, inplace=False)
                  (dropout_layer): Dropout(p=0.1, inplace=False)
                )
                (1): RMSNorm()
                (2): DSS(
                  (layers): ModuleList(
                    (0): ModuleDict(
                      (norm_before): RMSNorm()
                      (mamba): DSSMamba(
                        (in_proj): Linear(in_features=256, out_features=2048, bias=False)
                        (in_proj_xy): Linear(in_features=256, out_features=2048, bias=False)
                        (act): SiLU()
                        (x_proj_f): Linear(in_features=512, out_features=144, bias=False)
                        (x_proj_b): Linear(in_features=512, out_features=144, bias=False)
                        (dt_proj_f): Linear(in_features=16, out_features=512, bias=True)
                        (dt_proj_b): Linear(in_features=16, out_features=512, bias=True)
                        (act_xy): SiLU()
                        (x_proj_f_xy): Linear(in_features=512, out_features=144, bias=False)
                        (x_proj_b_xy): Linear(in_features=512, out_features=144, bias=False)
                        (dt_proj_f_xy): Linear(in_features=16, out_features=512, bias=True)
                        (dt_proj_b_xy): Linear(in_features=16, out_features=512, bias=True)
                        (conv1d_x_f): Conv1d(512, 512, kernel_size=(4,), stride=(1,), groups=512)
                        (conv1d_z_f): Conv1d(512, 512, kernel_size=(4,), stride=(1,), groups=512)
                        (conv1d_x_b): Conv1d(512, 512, kernel_size=(4,), stride=(1,), groups=512)
                        (conv1d_z_b): Conv1d(512, 512, kernel_size=(4,), stride=(1,), groups=512)
                        (conv1d_x_xy_f): Conv1d(512, 512, kernel_size=(4,), stride=(1,), groups=512)
                        (conv1d_z_xy_f): Conv1d(512, 512, kernel_size=(4,), stride=(1,), groups=512)
                        (conv1d_x_xy_b): Conv1d(512, 512, kernel_size=(4,), stride=(1,), groups=512)
                        (conv1d_z_xy_b): Conv1d(512, 512, kernel_size=(4,), stride=(1,), groups=512)
                        (out_proj): Linear(in_features=2048, out_features=256, bias=False)
                        (global_proj): Linear(in_features=2048, out_features=2048, bias=True)
                      )
                      (dropout): Identity()
                      (norm): RMSNorm()
                      (mlp): MLP(
                        (gate_proj): Linear(in_features=256, out_features=1024, bias=False)
                        (up_proj): Linear(in_features=256, out_features=1024, bias=False)
                        (down_proj): Linear(in_features=1024, out_features=256, bias=False)
                        (act_fn): SiLU()
                      )
                      (mlp_norm): RMSNorm()
                    )
                    (1): ModuleDict(
                      (norm_before): RMSNorm()
                      (mamba): DSSMamba(
                        (in_proj): Linear(in_features=256, out_features=2048, bias=False)
                        (in_proj_xy): Linear(in_features=256, out_features=2048, bias=False)
                        (act): SiLU()
                        (x_proj_f): Linear(in_features=512, out_features=144, bias=False)
                        (x_proj_b): Linear(in_features=512, out_features=144, bias=False)
                        (dt_proj_f): Linear(in_features=16, out_features=512, bias=True)
                        (dt_proj_b): Linear(in_features=16, out_features=512, bias=True)
                        (act_xy): SiLU()
                        (x_proj_f_xy): Linear(in_features=512, out_features=144, bias=False)
                        (x_proj_b_xy): Linear(in_features=512, out_features=144, bias=False)
                        (dt_proj_f_xy): Linear(in_features=16, out_features=512, bias=True)
                        (dt_proj_b_xy): Linear(in_features=16, out_features=512, bias=True)
                        (conv1d_x_f): Conv1d(512, 512, kernel_size=(4,), stride=(1,), groups=512)
                        (conv1d_z_f): Conv1d(512, 512, kernel_size=(4,), stride=(1,), groups=512)
                        (conv1d_x_b): Conv1d(512, 512, kernel_size=(4,), stride=(1,), groups=512)
                        (conv1d_z_b): Conv1d(512, 512, kernel_size=(4,), stride=(1,), groups=512)
                        (conv1d_x_xy_f): Conv1d(512, 512, kernel_size=(4,), stride=(1,), groups=512)
                        (conv1d_z_xy_f): Conv1d(512, 512, kernel_size=(4,), stride=(1,), groups=512)
                        (conv1d_x_xy_b): Conv1d(512, 512, kernel_size=(4,), stride=(1,), groups=512)
                        (conv1d_z_xy_b): Conv1d(512, 512, kernel_size=(4,), stride=(1,), groups=512)
                        (out_proj): Linear(in_features=2048, out_features=256, bias=False)
                        (global_proj): Linear(in_features=2048, out_features=2048, bias=True)
                      )
                      (dropout): DropPath(drop_prob=0.300)
                      (norm): RMSNorm()
                      (mlp): MLP(
                        (gate_proj): Linear(in_features=256, out_features=1024, bias=False)
                        (up_proj): Linear(in_features=256, out_features=1024, bias=False)
                        (down_proj): Linear(in_features=1024, out_features=256, bias=False)
                        (act_fn): SiLU()
                      )
                      (mlp_norm): Identity()
                    )
                  )
                  (rope): RotaryEmbedding()
                )
                (3): DropPath(drop_prob=0.100)
              )
              (1): FUTR3DAttention(
                (dropout): Dropout(p=0.1, inplace=False)
                (sampling_offsets): Linear(in_features=256, out_features=256, bias=True)
                (attention_weights): Linear(in_features=256, out_features=128, bias=True)
                (value_proj): Linear(in_features=256, out_features=256, bias=True)
                (output_proj): Linear(in_features=256, out_features=256, bias=True)
                (camera_mixer): LidarCameraFusionMambaBlock(
                  (layers): ModuleList(
                    (0): LidarCameraFusionMambaV2(
                      (activation_fn): SiLU()
                      (in_proj): Linear(in_features=256, out_features=1024, bias=False)
                      (conv1d_h2t): Conv1d(512, 512, kernel_size=(4,), stride=(1,), padding=(3,), groups=512)
                      (x_proj_h2t): Linear(in_features=512, out_features=48, bias=False)
                      (dt_proj_h2t): Linear(in_features=16, out_features=512, bias=True)
                      (conv1d_t2h): Conv1d(512, 512, kernel_size=(4,), stride=(1,), padding=(3,), groups=512)
                      (x_proj_t2h): Linear(in_features=512, out_features=48, bias=False)
                      (dt_proj_t2h): Linear(in_features=16, out_features=512, bias=True)
                      (lidar_guidance_proj): Linear(in_features=512, out_features=512, bias=True)
                      (out_proj): Linear(in_features=512, out_features=256, bias=False)
                    )
                    (1): LidarCameraFusionMambaV2(
                      (activation_fn): SiLU()
                      (in_proj): Linear(in_features=256, out_features=1024, bias=False)
                      (conv1d_h2t): Conv1d(512, 512, kernel_size=(4,), stride=(1,), padding=(3,), groups=512)
                      (x_proj_h2t): Linear(in_features=512, out_features=48, bias=False)
                      (dt_proj_h2t): Linear(in_features=16, out_features=512, bias=True)
                      (conv1d_t2h): Conv1d(512, 512, kernel_size=(4,), stride=(1,), padding=(3,), groups=512)
                      (x_proj_t2h): Linear(in_features=512, out_features=48, bias=False)
                      (dt_proj_t2h): Linear(in_features=16, out_features=512, bias=True)
                      (lidar_guidance_proj): Linear(in_features=512, out_features=512, bias=True)
                      (out_proj): Linear(in_features=512, out_features=256, bias=False)
                    )
                  )
                  (norm): ModuleList(
                    (0): LayerNorm((256,), eps=1e-05, elementwise_affine=True)
                    (1): LayerNorm((256,), eps=1e-05, elementwise_affine=True)
                  )
                  (dropout): ModuleList(
                    (0): DropPath(drop_prob=0.100)
                    (1): DropPath(drop_prob=0.100)
                  )
                )
              )
            )
            (ffns): ModuleList(
              (0): FFN(
                (activate): ReLU(inplace=True)
                (layers): Sequential(
                  (0): Sequential(
                    (0): Linear(in_features=256, out_features=1024, bias=True)
                    (1): ReLU(inplace=True)
                    (2): Dropout(p=0.1, inplace=False)
                  )
                  (1): Linear(in_features=1024, out_features=256, bias=True)
                  (2): Dropout(p=0.1, inplace=False)
                )
                (dropout_layer): Identity()
              )
            )
            (norms): ModuleList(
              (0): LayerNorm((256,), eps=1e-05, elementwise_affine=True)
              (1): LayerNorm((256,), eps=1e-05, elementwise_affine=True)
              (2): LayerNorm((256,), eps=1e-05, elementwise_affine=True)
            )
          )
          (3): DetrTransformerDecoderLayer(
            (attentions): ModuleList(
              (0): ModuleList(
                (0): MultiheadAttention(
                  (attn): MultiheadAttention(
                    (out_proj): NonDynamicallyQuantizableLinear(in_features=256, out_features=256, bias=True)
                  )
                  (proj_drop): Dropout(p=0.0, inplace=False)
                  (dropout_layer): Dropout(p=0.1, inplace=False)
                )
                (1): RMSNorm()
                (2): DSS(
                  (layers): ModuleList(
                    (0): ModuleDict(
                      (norm_before): RMSNorm()
                      (mamba): DSSMamba(
                        (in_proj): Linear(in_features=256, out_features=2048, bias=False)
                        (in_proj_xy): Linear(in_features=256, out_features=2048, bias=False)
                        (act): SiLU()
                        (x_proj_f): Linear(in_features=512, out_features=144, bias=False)
                        (x_proj_b): Linear(in_features=512, out_features=144, bias=False)
                        (dt_proj_f): Linear(in_features=16, out_features=512, bias=True)
                        (dt_proj_b): Linear(in_features=16, out_features=512, bias=True)
                        (act_xy): SiLU()
                        (x_proj_f_xy): Linear(in_features=512, out_features=144, bias=False)
                        (x_proj_b_xy): Linear(in_features=512, out_features=144, bias=False)
                        (dt_proj_f_xy): Linear(in_features=16, out_features=512, bias=True)
                        (dt_proj_b_xy): Linear(in_features=16, out_features=512, bias=True)
                        (conv1d_x_f): Conv1d(512, 512, kernel_size=(4,), stride=(1,), groups=512)
                        (conv1d_z_f): Conv1d(512, 512, kernel_size=(4,), stride=(1,), groups=512)
                        (conv1d_x_b): Conv1d(512, 512, kernel_size=(4,), stride=(1,), groups=512)
                        (conv1d_z_b): Conv1d(512, 512, kernel_size=(4,), stride=(1,), groups=512)
                        (conv1d_x_xy_f): Conv1d(512, 512, kernel_size=(4,), stride=(1,), groups=512)
                        (conv1d_z_xy_f): Conv1d(512, 512, kernel_size=(4,), stride=(1,), groups=512)
                        (conv1d_x_xy_b): Conv1d(512, 512, kernel_size=(4,), stride=(1,), groups=512)
                        (conv1d_z_xy_b): Conv1d(512, 512, kernel_size=(4,), stride=(1,), groups=512)
                        (out_proj): Linear(in_features=2048, out_features=256, bias=False)
                        (global_proj): Linear(in_features=2048, out_features=2048, bias=True)
                      )
                      (dropout): Identity()
                      (norm): RMSNorm()
                      (mlp): MLP(
                        (gate_proj): Linear(in_features=256, out_features=1024, bias=False)
                        (up_proj): Linear(in_features=256, out_features=1024, bias=False)
                        (down_proj): Linear(in_features=1024, out_features=256, bias=False)
                        (act_fn): SiLU()
                      )
                      (mlp_norm): RMSNorm()
                    )
                    (1): ModuleDict(
                      (norm_before): RMSNorm()
                      (mamba): DSSMamba(
                        (in_proj): Linear(in_features=256, out_features=2048, bias=False)
                        (in_proj_xy): Linear(in_features=256, out_features=2048, bias=False)
                        (act): SiLU()
                        (x_proj_f): Linear(in_features=512, out_features=144, bias=False)
                        (x_proj_b): Linear(in_features=512, out_features=144, bias=False)
                        (dt_proj_f): Linear(in_features=16, out_features=512, bias=True)
                        (dt_proj_b): Linear(in_features=16, out_features=512, bias=True)
                        (act_xy): SiLU()
                        (x_proj_f_xy): Linear(in_features=512, out_features=144, bias=False)
                        (x_proj_b_xy): Linear(in_features=512, out_features=144, bias=False)
                        (dt_proj_f_xy): Linear(in_features=16, out_features=512, bias=True)
                        (dt_proj_b_xy): Linear(in_features=16, out_features=512, bias=True)
                        (conv1d_x_f): Conv1d(512, 512, kernel_size=(4,), stride=(1,), groups=512)
                        (conv1d_z_f): Conv1d(512, 512, kernel_size=(4,), stride=(1,), groups=512)
                        (conv1d_x_b): Conv1d(512, 512, kernel_size=(4,), stride=(1,), groups=512)
                        (conv1d_z_b): Conv1d(512, 512, kernel_size=(4,), stride=(1,), groups=512)
                        (conv1d_x_xy_f): Conv1d(512, 512, kernel_size=(4,), stride=(1,), groups=512)
                        (conv1d_z_xy_f): Conv1d(512, 512, kernel_size=(4,), stride=(1,), groups=512)
                        (conv1d_x_xy_b): Conv1d(512, 512, kernel_size=(4,), stride=(1,), groups=512)
                        (conv1d_z_xy_b): Conv1d(512, 512, kernel_size=(4,), stride=(1,), groups=512)
                        (out_proj): Linear(in_features=2048, out_features=256, bias=False)
                        (global_proj): Linear(in_features=2048, out_features=2048, bias=True)
                      )
                      (dropout): DropPath(drop_prob=0.300)
                      (norm): RMSNorm()
                      (mlp): MLP(
                        (gate_proj): Linear(in_features=256, out_features=1024, bias=False)
                        (up_proj): Linear(in_features=256, out_features=1024, bias=False)
                        (down_proj): Linear(in_features=1024, out_features=256, bias=False)
                        (act_fn): SiLU()
                      )
                      (mlp_norm): Identity()
                    )
                  )
                  (rope): RotaryEmbedding()
                )
                (3): DropPath(drop_prob=0.100)
              )
              (1): FUTR3DAttention(
                (dropout): Dropout(p=0.1, inplace=False)
                (sampling_offsets): Linear(in_features=256, out_features=256, bias=True)
                (attention_weights): Linear(in_features=256, out_features=128, bias=True)
                (value_proj): Linear(in_features=256, out_features=256, bias=True)
                (output_proj): Linear(in_features=256, out_features=256, bias=True)
                (camera_mixer): LidarCameraFusionMambaBlock(
                  (layers): ModuleList(
                    (0): LidarCameraFusionMambaV2(
                      (activation_fn): SiLU()
                      (in_proj): Linear(in_features=256, out_features=1024, bias=False)
                      (conv1d_h2t): Conv1d(512, 512, kernel_size=(4,), stride=(1,), padding=(3,), groups=512)
                      (x_proj_h2t): Linear(in_features=512, out_features=48, bias=False)
                      (dt_proj_h2t): Linear(in_features=16, out_features=512, bias=True)
                      (conv1d_t2h): Conv1d(512, 512, kernel_size=(4,), stride=(1,), padding=(3,), groups=512)
                      (x_proj_t2h): Linear(in_features=512, out_features=48, bias=False)
                      (dt_proj_t2h): Linear(in_features=16, out_features=512, bias=True)
                      (lidar_guidance_proj): Linear(in_features=512, out_features=512, bias=True)
                      (out_proj): Linear(in_features=512, out_features=256, bias=False)
                    )
                    (1): LidarCameraFusionMambaV2(
                      (activation_fn): SiLU()
                      (in_proj): Linear(in_features=256, out_features=1024, bias=False)
                      (conv1d_h2t): Conv1d(512, 512, kernel_size=(4,), stride=(1,), padding=(3,), groups=512)
                      (x_proj_h2t): Linear(in_features=512, out_features=48, bias=False)
                      (dt_proj_h2t): Linear(in_features=16, out_features=512, bias=True)
                      (conv1d_t2h): Conv1d(512, 512, kernel_size=(4,), stride=(1,), padding=(3,), groups=512)
                      (x_proj_t2h): Linear(in_features=512, out_features=48, bias=False)
                      (dt_proj_t2h): Linear(in_features=16, out_features=512, bias=True)
                      (lidar_guidance_proj): Linear(in_features=512, out_features=512, bias=True)
                      (out_proj): Linear(in_features=512, out_features=256, bias=False)
                    )
                  )
                  (norm): ModuleList(
                    (0): LayerNorm((256,), eps=1e-05, elementwise_affine=True)
                    (1): LayerNorm((256,), eps=1e-05, elementwise_affine=True)
                  )
                  (dropout): ModuleList(
                    (0): DropPath(drop_prob=0.100)
                    (1): DropPath(drop_prob=0.100)
                  )
                )
              )
            )
            (ffns): ModuleList(
              (0): FFN(
                (activate): ReLU(inplace=True)
                (layers): Sequential(
                  (0): Sequential(
                    (0): Linear(in_features=256, out_features=1024, bias=True)
                    (1): ReLU(inplace=True)
                    (2): Dropout(p=0.1, inplace=False)
                  )
                  (1): Linear(in_features=1024, out_features=256, bias=True)
                  (2): Dropout(p=0.1, inplace=False)
                )
                (dropout_layer): Identity()
              )
            )
            (norms): ModuleList(
              (0): LayerNorm((256,), eps=1e-05, elementwise_affine=True)
              (1): LayerNorm((256,), eps=1e-05, elementwise_affine=True)
              (2): LayerNorm((256,), eps=1e-05, elementwise_affine=True)
            )
          )
          (4): DetrTransformerDecoderLayer(
            (attentions): ModuleList(
              (0): ModuleList(
                (0): MultiheadAttention(
                  (attn): MultiheadAttention(
                    (out_proj): NonDynamicallyQuantizableLinear(in_features=256, out_features=256, bias=True)
                  )
                  (proj_drop): Dropout(p=0.0, inplace=False)
                  (dropout_layer): Dropout(p=0.1, inplace=False)
                )
                (1): RMSNorm()
                (2): DSS(
                  (layers): ModuleList(
                    (0): ModuleDict(
                      (norm_before): RMSNorm()
                      (mamba): DSSMamba(
                        (in_proj): Linear(in_features=256, out_features=2048, bias=False)
                        (in_proj_xy): Linear(in_features=256, out_features=2048, bias=False)
                        (act): SiLU()
                        (x_proj_f): Linear(in_features=512, out_features=144, bias=False)
                        (x_proj_b): Linear(in_features=512, out_features=144, bias=False)
                        (dt_proj_f): Linear(in_features=16, out_features=512, bias=True)
                        (dt_proj_b): Linear(in_features=16, out_features=512, bias=True)
                        (act_xy): SiLU()
                        (x_proj_f_xy): Linear(in_features=512, out_features=144, bias=False)
                        (x_proj_b_xy): Linear(in_features=512, out_features=144, bias=False)
                        (dt_proj_f_xy): Linear(in_features=16, out_features=512, bias=True)
                        (dt_proj_b_xy): Linear(in_features=16, out_features=512, bias=True)
                        (conv1d_x_f): Conv1d(512, 512, kernel_size=(4,), stride=(1,), groups=512)
                        (conv1d_z_f): Conv1d(512, 512, kernel_size=(4,), stride=(1,), groups=512)
                        (conv1d_x_b): Conv1d(512, 512, kernel_size=(4,), stride=(1,), groups=512)
                        (conv1d_z_b): Conv1d(512, 512, kernel_size=(4,), stride=(1,), groups=512)
                        (conv1d_x_xy_f): Conv1d(512, 512, kernel_size=(4,), stride=(1,), groups=512)
                        (conv1d_z_xy_f): Conv1d(512, 512, kernel_size=(4,), stride=(1,), groups=512)
                        (conv1d_x_xy_b): Conv1d(512, 512, kernel_size=(4,), stride=(1,), groups=512)
                        (conv1d_z_xy_b): Conv1d(512, 512, kernel_size=(4,), stride=(1,), groups=512)
                        (out_proj): Linear(in_features=2048, out_features=256, bias=False)
                        (global_proj): Linear(in_features=2048, out_features=2048, bias=True)
                      )
                      (dropout): Identity()
                      (norm): RMSNorm()
                      (mlp): MLP(
                        (gate_proj): Linear(in_features=256, out_features=1024, bias=False)
                        (up_proj): Linear(in_features=256, out_features=1024, bias=False)
                        (down_proj): Linear(in_features=1024, out_features=256, bias=False)
                        (act_fn): SiLU()
                      )
                      (mlp_norm): RMSNorm()
                    )
                    (1): ModuleDict(
                      (norm_before): RMSNorm()
                      (mamba): DSSMamba(
                        (in_proj): Linear(in_features=256, out_features=2048, bias=False)
                        (in_proj_xy): Linear(in_features=256, out_features=2048, bias=False)
                        (act): SiLU()
                        (x_proj_f): Linear(in_features=512, out_features=144, bias=False)
                        (x_proj_b): Linear(in_features=512, out_features=144, bias=False)
                        (dt_proj_f): Linear(in_features=16, out_features=512, bias=True)
                        (dt_proj_b): Linear(in_features=16, out_features=512, bias=True)
                        (act_xy): SiLU()
                        (x_proj_f_xy): Linear(in_features=512, out_features=144, bias=False)
                        (x_proj_b_xy): Linear(in_features=512, out_features=144, bias=False)
                        (dt_proj_f_xy): Linear(in_features=16, out_features=512, bias=True)
                        (dt_proj_b_xy): Linear(in_features=16, out_features=512, bias=True)
                        (conv1d_x_f): Conv1d(512, 512, kernel_size=(4,), stride=(1,), groups=512)
                        (conv1d_z_f): Conv1d(512, 512, kernel_size=(4,), stride=(1,), groups=512)
                        (conv1d_x_b): Conv1d(512, 512, kernel_size=(4,), stride=(1,), groups=512)
                        (conv1d_z_b): Conv1d(512, 512, kernel_size=(4,), stride=(1,), groups=512)
                        (conv1d_x_xy_f): Conv1d(512, 512, kernel_size=(4,), stride=(1,), groups=512)
                        (conv1d_z_xy_f): Conv1d(512, 512, kernel_size=(4,), stride=(1,), groups=512)
                        (conv1d_x_xy_b): Conv1d(512, 512, kernel_size=(4,), stride=(1,), groups=512)
                        (conv1d_z_xy_b): Conv1d(512, 512, kernel_size=(4,), stride=(1,), groups=512)
                        (out_proj): Linear(in_features=2048, out_features=256, bias=False)
                        (global_proj): Linear(in_features=2048, out_features=2048, bias=True)
                      )
                      (dropout): DropPath(drop_prob=0.300)
                      (norm): RMSNorm()
                      (mlp): MLP(
                        (gate_proj): Linear(in_features=256, out_features=1024, bias=False)
                        (up_proj): Linear(in_features=256, out_features=1024, bias=False)
                        (down_proj): Linear(in_features=1024, out_features=256, bias=False)
                        (act_fn): SiLU()
                      )
                      (mlp_norm): Identity()
                    )
                  )
                  (rope): RotaryEmbedding()
                )
                (3): DropPath(drop_prob=0.100)
              )
              (1): FUTR3DAttention(
                (dropout): Dropout(p=0.1, inplace=False)
                (sampling_offsets): Linear(in_features=256, out_features=256, bias=True)
                (attention_weights): Linear(in_features=256, out_features=128, bias=True)
                (value_proj): Linear(in_features=256, out_features=256, bias=True)
                (output_proj): Linear(in_features=256, out_features=256, bias=True)
                (camera_mixer): LidarCameraFusionMambaBlock(
                  (layers): ModuleList(
                    (0): LidarCameraFusionMambaV2(
                      (activation_fn): SiLU()
                      (in_proj): Linear(in_features=256, out_features=1024, bias=False)
                      (conv1d_h2t): Conv1d(512, 512, kernel_size=(4,), stride=(1,), padding=(3,), groups=512)
                      (x_proj_h2t): Linear(in_features=512, out_features=48, bias=False)
                      (dt_proj_h2t): Linear(in_features=16, out_features=512, bias=True)
                      (conv1d_t2h): Conv1d(512, 512, kernel_size=(4,), stride=(1,), padding=(3,), groups=512)
                      (x_proj_t2h): Linear(in_features=512, out_features=48, bias=False)
                      (dt_proj_t2h): Linear(in_features=16, out_features=512, bias=True)
                      (lidar_guidance_proj): Linear(in_features=512, out_features=512, bias=True)
                      (out_proj): Linear(in_features=512, out_features=256, bias=False)
                    )
                    (1): LidarCameraFusionMambaV2(
                      (activation_fn): SiLU()
                      (in_proj): Linear(in_features=256, out_features=1024, bias=False)
                      (conv1d_h2t): Conv1d(512, 512, kernel_size=(4,), stride=(1,), padding=(3,), groups=512)
                      (x_proj_h2t): Linear(in_features=512, out_features=48, bias=False)
                      (dt_proj_h2t): Linear(in_features=16, out_features=512, bias=True)
                      (conv1d_t2h): Conv1d(512, 512, kernel_size=(4,), stride=(1,), padding=(3,), groups=512)
                      (x_proj_t2h): Linear(in_features=512, out_features=48, bias=False)
                      (dt_proj_t2h): Linear(in_features=16, out_features=512, bias=True)
                      (lidar_guidance_proj): Linear(in_features=512, out_features=512, bias=True)
                      (out_proj): Linear(in_features=512, out_features=256, bias=False)
                    )
                  )
                  (norm): ModuleList(
                    (0): LayerNorm((256,), eps=1e-05, elementwise_affine=True)
                    (1): LayerNorm((256,), eps=1e-05, elementwise_affine=True)
                  )
                  (dropout): ModuleList(
                    (0): DropPath(drop_prob=0.100)
                    (1): DropPath(drop_prob=0.100)
                  )
                )
              )
            )
            (ffns): ModuleList(
              (0): FFN(
                (activate): ReLU(inplace=True)
                (layers): Sequential(
                  (0): Sequential(
                    (0): Linear(in_features=256, out_features=1024, bias=True)
                    (1): ReLU(inplace=True)
                    (2): Dropout(p=0.1, inplace=False)
                  )
                  (1): Linear(in_features=1024, out_features=256, bias=True)
                  (2): Dropout(p=0.1, inplace=False)
                )
                (dropout_layer): Identity()
              )
            )
            (norms): ModuleList(
              (0): LayerNorm((256,), eps=1e-05, elementwise_affine=True)
              (1): LayerNorm((256,), eps=1e-05, elementwise_affine=True)
              (2): LayerNorm((256,), eps=1e-05, elementwise_affine=True)
            )
          )
          (5): DetrTransformerDecoderLayer(
            (attentions): ModuleList(
              (0): ModuleList(
                (0): MultiheadAttention(
                  (attn): MultiheadAttention(
                    (out_proj): NonDynamicallyQuantizableLinear(in_features=256, out_features=256, bias=True)
                  )
                  (proj_drop): Dropout(p=0.0, inplace=False)
                  (dropout_layer): Dropout(p=0.1, inplace=False)
                )
                (1): RMSNorm()
                (2): DSS(
                  (layers): ModuleList(
                    (0): ModuleDict(
                      (norm_before): RMSNorm()
                      (mamba): DSSMamba(
                        (in_proj): Linear(in_features=256, out_features=2048, bias=False)
                        (in_proj_xy): Linear(in_features=256, out_features=2048, bias=False)
                        (act): SiLU()
                        (x_proj_f): Linear(in_features=512, out_features=144, bias=False)
                        (x_proj_b): Linear(in_features=512, out_features=144, bias=False)
                        (dt_proj_f): Linear(in_features=16, out_features=512, bias=True)
                        (dt_proj_b): Linear(in_features=16, out_features=512, bias=True)
                        (act_xy): SiLU()
                        (x_proj_f_xy): Linear(in_features=512, out_features=144, bias=False)
                        (x_proj_b_xy): Linear(in_features=512, out_features=144, bias=False)
                        (dt_proj_f_xy): Linear(in_features=16, out_features=512, bias=True)
                        (dt_proj_b_xy): Linear(in_features=16, out_features=512, bias=True)
                        (conv1d_x_f): Conv1d(512, 512, kernel_size=(4,), stride=(1,), groups=512)
                        (conv1d_z_f): Conv1d(512, 512, kernel_size=(4,), stride=(1,), groups=512)
                        (conv1d_x_b): Conv1d(512, 512, kernel_size=(4,), stride=(1,), groups=512)
                        (conv1d_z_b): Conv1d(512, 512, kernel_size=(4,), stride=(1,), groups=512)
                        (conv1d_x_xy_f): Conv1d(512, 512, kernel_size=(4,), stride=(1,), groups=512)
                        (conv1d_z_xy_f): Conv1d(512, 512, kernel_size=(4,), stride=(1,), groups=512)
                        (conv1d_x_xy_b): Conv1d(512, 512, kernel_size=(4,), stride=(1,), groups=512)
                        (conv1d_z_xy_b): Conv1d(512, 512, kernel_size=(4,), stride=(1,), groups=512)
                        (out_proj): Linear(in_features=2048, out_features=256, bias=False)
                        (global_proj): Linear(in_features=2048, out_features=2048, bias=True)
                      )
                      (dropout): Identity()
                      (norm): RMSNorm()
                      (mlp): MLP(
                        (gate_proj): Linear(in_features=256, out_features=1024, bias=False)
                        (up_proj): Linear(in_features=256, out_features=1024, bias=False)
                        (down_proj): Linear(in_features=1024, out_features=256, bias=False)
                        (act_fn): SiLU()
                      )
                      (mlp_norm): RMSNorm()
                    )
                    (1): ModuleDict(
                      (norm_before): RMSNorm()
                      (mamba): DSSMamba(
                        (in_proj): Linear(in_features=256, out_features=2048, bias=False)
                        (in_proj_xy): Linear(in_features=256, out_features=2048, bias=False)
                        (act): SiLU()
                        (x_proj_f): Linear(in_features=512, out_features=144, bias=False)
                        (x_proj_b): Linear(in_features=512, out_features=144, bias=False)
                        (dt_proj_f): Linear(in_features=16, out_features=512, bias=True)
                        (dt_proj_b): Linear(in_features=16, out_features=512, bias=True)
                        (act_xy): SiLU()
                        (x_proj_f_xy): Linear(in_features=512, out_features=144, bias=False)
                        (x_proj_b_xy): Linear(in_features=512, out_features=144, bias=False)
                        (dt_proj_f_xy): Linear(in_features=16, out_features=512, bias=True)
                        (dt_proj_b_xy): Linear(in_features=16, out_features=512, bias=True)
                        (conv1d_x_f): Conv1d(512, 512, kernel_size=(4,), stride=(1,), groups=512)
                        (conv1d_z_f): Conv1d(512, 512, kernel_size=(4,), stride=(1,), groups=512)
                        (conv1d_x_b): Conv1d(512, 512, kernel_size=(4,), stride=(1,), groups=512)
                        (conv1d_z_b): Conv1d(512, 512, kernel_size=(4,), stride=(1,), groups=512)
                        (conv1d_x_xy_f): Conv1d(512, 512, kernel_size=(4,), stride=(1,), groups=512)
                        (conv1d_z_xy_f): Conv1d(512, 512, kernel_size=(4,), stride=(1,), groups=512)
                        (conv1d_x_xy_b): Conv1d(512, 512, kernel_size=(4,), stride=(1,), groups=512)
                        (conv1d_z_xy_b): Conv1d(512, 512, kernel_size=(4,), stride=(1,), groups=512)
                        (out_proj): Linear(in_features=2048, out_features=256, bias=False)
                        (global_proj): Linear(in_features=2048, out_features=2048, bias=True)
                      )
                      (dropout): DropPath(drop_prob=0.300)
                      (norm): RMSNorm()
                      (mlp): MLP(
                        (gate_proj): Linear(in_features=256, out_features=1024, bias=False)
                        (up_proj): Linear(in_features=256, out_features=1024, bias=False)
                        (down_proj): Linear(in_features=1024, out_features=256, bias=False)
                        (act_fn): SiLU()
                      )
                      (mlp_norm): Identity()
                    )
                  )
                  (rope): RotaryEmbedding()
                )
                (3): DropPath(drop_prob=0.100)
              )
              (1): FUTR3DAttention(
                (dropout): Dropout(p=0.1, inplace=False)
                (sampling_offsets): Linear(in_features=256, out_features=256, bias=True)
                (attention_weights): Linear(in_features=256, out_features=128, bias=True)
                (value_proj): Linear(in_features=256, out_features=256, bias=True)
                (output_proj): Linear(in_features=256, out_features=256, bias=True)
                (camera_mixer): LidarCameraFusionMambaBlock(
                  (layers): ModuleList(
                    (0): LidarCameraFusionMambaV2(
                      (activation_fn): SiLU()
                      (in_proj): Linear(in_features=256, out_features=1024, bias=False)
                      (conv1d_h2t): Conv1d(512, 512, kernel_size=(4,), stride=(1,), padding=(3,), groups=512)
                      (x_proj_h2t): Linear(in_features=512, out_features=48, bias=False)
                      (dt_proj_h2t): Linear(in_features=16, out_features=512, bias=True)
                      (conv1d_t2h): Conv1d(512, 512, kernel_size=(4,), stride=(1,), padding=(3,), groups=512)
                      (x_proj_t2h): Linear(in_features=512, out_features=48, bias=False)
                      (dt_proj_t2h): Linear(in_features=16, out_features=512, bias=True)
                      (lidar_guidance_proj): Linear(in_features=512, out_features=512, bias=True)
                      (out_proj): Linear(in_features=512, out_features=256, bias=False)
                    )
                    (1): LidarCameraFusionMambaV2(
                      (activation_fn): SiLU()
                      (in_proj): Linear(in_features=256, out_features=1024, bias=False)
                      (conv1d_h2t): Conv1d(512, 512, kernel_size=(4,), stride=(1,), padding=(3,), groups=512)
                      (x_proj_h2t): Linear(in_features=512, out_features=48, bias=False)
                      (dt_proj_h2t): Linear(in_features=16, out_features=512, bias=True)
                      (conv1d_t2h): Conv1d(512, 512, kernel_size=(4,), stride=(1,), padding=(3,), groups=512)
                      (x_proj_t2h): Linear(in_features=512, out_features=48, bias=False)
                      (dt_proj_t2h): Linear(in_features=16, out_features=512, bias=True)
                      (lidar_guidance_proj): Linear(in_features=512, out_features=512, bias=True)
                      (out_proj): Linear(in_features=512, out_features=256, bias=False)
                    )
                  )
                  (norm): ModuleList(
                    (0): LayerNorm((256,), eps=1e-05, elementwise_affine=True)
                    (1): LayerNorm((256,), eps=1e-05, elementwise_affine=True)
                  )
                  (dropout): ModuleList(
                    (0): DropPath(drop_prob=0.100)
                    (1): DropPath(drop_prob=0.100)
                  )
                )
              )
            )
            (ffns): ModuleList(
              (0): FFN(
                (activate): ReLU(inplace=True)
                (layers): Sequential(
                  (0): Sequential(
                    (0): Linear(in_features=256, out_features=1024, bias=True)
                    (1): ReLU(inplace=True)
                    (2): Dropout(p=0.1, inplace=False)
                  )
                  (1): Linear(in_features=1024, out_features=256, bias=True)
                  (2): Dropout(p=0.1, inplace=False)
                )
                (dropout_layer): Identity()
              )
            )
            (norms): ModuleList(
              (0): LayerNorm((256,), eps=1e-05, elementwise_affine=True)
              (1): LayerNorm((256,), eps=1e-05, elementwise_affine=True)
              (2): LayerNorm((256,), eps=1e-05, elementwise_affine=True)
            )
          )
        )
        (query_scale): MLP(
          (layers): ModuleList(
            (0): Linear(in_features=256, out_features=256, bias=True)
            (1): Linear(in_features=256, out_features=256, bias=True)
          )
        )
        (ref_point_head): MLP(
          (layers): ModuleList(
            (0): Linear(in_features=384, out_features=256, bias=True)
            (1): Linear(in_features=256, out_features=256, bias=True)
          )
        )
      )
    )
    (cls_branches): ModuleList(
      (0): MLP(
        (gate_proj): Linear(in_features=256, out_features=1024, bias=False)
        (up_proj): Linear(in_features=256, out_features=1024, bias=False)
        (act_fn): SiLU()
        (down_proj): Linear(in_features=1024, out_features=10, bias=True)
      )
      (1): MLP(
        (gate_proj): Linear(in_features=256, out_features=1024, bias=False)
        (up_proj): Linear(in_features=256, out_features=1024, bias=False)
        (act_fn): SiLU()
        (down_proj): Linear(in_features=1024, out_features=10, bias=True)
      )
      (2): MLP(
        (gate_proj): Linear(in_features=256, out_features=1024, bias=False)
        (up_proj): Linear(in_features=256, out_features=1024, bias=False)
        (act_fn): SiLU()
        (down_proj): Linear(in_features=1024, out_features=10, bias=True)
      )
      (3): MLP(
        (gate_proj): Linear(in_features=256, out_features=1024, bias=False)
        (up_proj): Linear(in_features=256, out_features=1024, bias=False)
        (act_fn): SiLU()
        (down_proj): Linear(in_features=1024, out_features=10, bias=True)
      )
      (4): MLP(
        (gate_proj): Linear(in_features=256, out_features=1024, bias=False)
        (up_proj): Linear(in_features=256, out_features=1024, bias=False)
        (act_fn): SiLU()
        (down_proj): Linear(in_features=1024, out_features=10, bias=True)
      )
      (5): MLP(
        (gate_proj): Linear(in_features=256, out_features=1024, bias=False)
        (up_proj): Linear(in_features=256, out_features=1024, bias=False)
        (act_fn): SiLU()
        (down_proj): Linear(in_features=1024, out_features=10, bias=True)
      )
    )
    (reg_branches): ModuleList(
      (0): Sequential(
        (0): Linear(in_features=256, out_features=256, bias=True)
        (1): ReLU()
        (2): Linear(in_features=256, out_features=256, bias=True)
        (3): ReLU()
        (4): Linear(in_features=256, out_features=10, bias=True)
      )
      (1): Sequential(
        (0): Linear(in_features=256, out_features=256, bias=True)
        (1): ReLU()
        (2): Linear(in_features=256, out_features=256, bias=True)
        (3): ReLU()
        (4): Linear(in_features=256, out_features=10, bias=True)
      )
      (2): Sequential(
        (0): Linear(in_features=256, out_features=256, bias=True)
        (1): ReLU()
        (2): Linear(in_features=256, out_features=256, bias=True)
        (3): ReLU()
        (4): Linear(in_features=256, out_features=10, bias=True)
      )
      (3): Sequential(
        (0): Linear(in_features=256, out_features=256, bias=True)
        (1): ReLU()
        (2): Linear(in_features=256, out_features=256, bias=True)
        (3): ReLU()
        (4): Linear(in_features=256, out_features=10, bias=True)
      )
      (4): Sequential(
        (0): Linear(in_features=256, out_features=256, bias=True)
        (1): ReLU()
        (2): Linear(in_features=256, out_features=256, bias=True)
        (3): ReLU()
        (4): Linear(in_features=256, out_features=10, bias=True)
      )
      (5): Sequential(
        (0): Linear(in_features=256, out_features=256, bias=True)
        (1): ReLU()
        (2): Linear(in_features=256, out_features=256, bias=True)
        (3): ReLU()
        (4): Linear(in_features=256, out_features=10, bias=True)
      )
    )
    (tgt_embed): Embedding(900, 256)
    (refpoint_embed): Embedding(900, 3)
    (aux_head): CenterHead(
      (loss_cls): GaussianFocalLoss()
      (loss_bbox): L1Loss()
      (shared_conv): ConvModule(
        (conv): Conv2d(512, 64, kernel_size=(3, 3), stride=(1, 1), padding=(1, 1), bias=False)
        (bn): SyncBatchNorm(64, eps=1e-05, momentum=0.1, affine=True, track_running_stats=True)
        (activate): ReLU(inplace=True)
      )
      (task_heads): ModuleList(
        (0): SeparateHead(
          (reg): Sequential(
            (0): ConvModule(
              (conv): Conv2d(64, 64, kernel_size=(3, 3), stride=(1, 1), padding=(1, 1), bias=False)
              (bn): SyncBatchNorm(64, eps=1e-05, momentum=0.1, affine=True, track_running_stats=True)
              (activate): ReLU(inplace=True)
            )
            (1): Conv2d(64, 2, kernel_size=(3, 3), stride=(1, 1), padding=(1, 1))
          )
          (height): Sequential(
            (0): ConvModule(
              (conv): Conv2d(64, 64, kernel_size=(3, 3), stride=(1, 1), padding=(1, 1), bias=False)
              (bn): SyncBatchNorm(64, eps=1e-05, momentum=0.1, affine=True, track_running_stats=True)
              (activate): ReLU(inplace=True)
            )
            (1): Conv2d(64, 1, kernel_size=(3, 3), stride=(1, 1), padding=(1, 1))
          )
          (dim): Sequential(
            (0): ConvModule(
              (conv): Conv2d(64, 64, kernel_size=(3, 3), stride=(1, 1), padding=(1, 1), bias=False)
              (bn): SyncBatchNorm(64, eps=1e-05, momentum=0.1, affine=True, track_running_stats=True)
              (activate): ReLU(inplace=True)
            )
            (1): Conv2d(64, 3, kernel_size=(3, 3), stride=(1, 1), padding=(1, 1))
          )
          (rot): Sequential(
            (0): ConvModule(
              (conv): Conv2d(64, 64, kernel_size=(3, 3), stride=(1, 1), padding=(1, 1), bias=False)
              (bn): SyncBatchNorm(64, eps=1e-05, momentum=0.1, affine=True, track_running_stats=True)
              (activate): ReLU(inplace=True)
            )
            (1): Conv2d(64, 2, kernel_size=(3, 3), stride=(1, 1), padding=(1, 1))
          )
          (vel): Sequential(
            (0): ConvModule(
              (conv): Conv2d(64, 64, kernel_size=(3, 3), stride=(1, 1), padding=(1, 1), bias=False)
              (bn): SyncBatchNorm(64, eps=1e-05, momentum=0.1, affine=True, track_running_stats=True)
              (activate): ReLU(inplace=True)
            )
            (1): Conv2d(64, 2, kernel_size=(3, 3), stride=(1, 1), padding=(1, 1))
          )
          (heatmap): Sequential(
            (0): ConvModule(
              (conv): Conv2d(64, 64, kernel_size=(3, 3), stride=(1, 1), padding=(1, 1), bias=False)
              (bn): SyncBatchNorm(64, eps=1e-05, momentum=0.1, affine=True, track_running_stats=True)
              (activate): ReLU(inplace=True)
            )
            (1): Conv2d(64, 1, kernel_size=(3, 3), stride=(1, 1), padding=(1, 1))
          )
        )
        init_cfg={'type': 'Kaiming', 'layer': 'Conv2d'}
        (1): SeparateHead(
          (reg): Sequential(
            (0): ConvModule(
              (conv): Conv2d(64, 64, kernel_size=(3, 3), stride=(1, 1), padding=(1, 1), bias=False)
              (bn): SyncBatchNorm(64, eps=1e-05, momentum=0.1, affine=True, track_running_stats=True)
              (activate): ReLU(inplace=True)
            )
            (1): Conv2d(64, 2, kernel_size=(3, 3), stride=(1, 1), padding=(1, 1))
          )
          (height): Sequential(
            (0): ConvModule(
              (conv): Conv2d(64, 64, kernel_size=(3, 3), stride=(1, 1), padding=(1, 1), bias=False)
              (bn): SyncBatchNorm(64, eps=1e-05, momentum=0.1, affine=True, track_running_stats=True)
              (activate): ReLU(inplace=True)
            )
            (1): Conv2d(64, 1, kernel_size=(3, 3), stride=(1, 1), padding=(1, 1))
          )
          (dim): Sequential(
            (0): ConvModule(
              (conv): Conv2d(64, 64, kernel_size=(3, 3), stride=(1, 1), padding=(1, 1), bias=False)
              (bn): SyncBatchNorm(64, eps=1e-05, momentum=0.1, affine=True, track_running_stats=True)
              (activate): ReLU(inplace=True)
            )
            (1): Conv2d(64, 3, kernel_size=(3, 3), stride=(1, 1), padding=(1, 1))
          )
          (rot): Sequential(
            (0): ConvModule(
              (conv): Conv2d(64, 64, kernel_size=(3, 3), stride=(1, 1), padding=(1, 1), bias=False)
              (bn): SyncBatchNorm(64, eps=1e-05, momentum=0.1, affine=True, track_running_stats=True)
              (activate): ReLU(inplace=True)
            )
            (1): Conv2d(64, 2, kernel_size=(3, 3), stride=(1, 1), padding=(1, 1))
          )
          (vel): Sequential(
            (0): ConvModule(
              (conv): Conv2d(64, 64, kernel_size=(3, 3), stride=(1, 1), padding=(1, 1), bias=False)
              (bn): SyncBatchNorm(64, eps=1e-05, momentum=0.1, affine=True, track_running_stats=True)
              (activate): ReLU(inplace=True)
            )
            (1): Conv2d(64, 2, kernel_size=(3, 3), stride=(1, 1), padding=(1, 1))
          )
          (heatmap): Sequential(
            (0): ConvModule(
              (conv): Conv2d(64, 64, kernel_size=(3, 3), stride=(1, 1), padding=(1, 1), bias=False)
              (bn): SyncBatchNorm(64, eps=1e-05, momentum=0.1, affine=True, track_running_stats=True)
              (activate): ReLU(inplace=True)
            )
            (1): Conv2d(64, 2, kernel_size=(3, 3), stride=(1, 1), padding=(1, 1))
          )
        )
        init_cfg={'type': 'Kaiming', 'layer': 'Conv2d'}
        (2): SeparateHead(
          (reg): Sequential(
            (0): ConvModule(
              (conv): Conv2d(64, 64, kernel_size=(3, 3), stride=(1, 1), padding=(1, 1), bias=False)
              (bn): SyncBatchNorm(64, eps=1e-05, momentum=0.1, affine=True, track_running_stats=True)
              (activate): ReLU(inplace=True)
            )
            (1): Conv2d(64, 2, kernel_size=(3, 3), stride=(1, 1), padding=(1, 1))
          )
          (height): Sequential(
            (0): ConvModule(
              (conv): Conv2d(64, 64, kernel_size=(3, 3), stride=(1, 1), padding=(1, 1), bias=False)
              (bn): SyncBatchNorm(64, eps=1e-05, momentum=0.1, affine=True, track_running_stats=True)
              (activate): ReLU(inplace=True)
            )
            (1): Conv2d(64, 1, kernel_size=(3, 3), stride=(1, 1), padding=(1, 1))
          )
          (dim): Sequential(
            (0): ConvModule(
              (conv): Conv2d(64, 64, kernel_size=(3, 3), stride=(1, 1), padding=(1, 1), bias=False)
              (bn): SyncBatchNorm(64, eps=1e-05, momentum=0.1, affine=True, track_running_stats=True)
              (activate): ReLU(inplace=True)
            )
            (1): Conv2d(64, 3, kernel_size=(3, 3), stride=(1, 1), padding=(1, 1))
          )
          (rot): Sequential(
            (0): ConvModule(
              (conv): Conv2d(64, 64, kernel_size=(3, 3), stride=(1, 1), padding=(1, 1), bias=False)
              (bn): SyncBatchNorm(64, eps=1e-05, momentum=0.1, affine=True, track_running_stats=True)
              (activate): ReLU(inplace=True)
            )
            (1): Conv2d(64, 2, kernel_size=(3, 3), stride=(1, 1), padding=(1, 1))
          )
          (vel): Sequential(
            (0): ConvModule(
              (conv): Conv2d(64, 64, kernel_size=(3, 3), stride=(1, 1), padding=(1, 1), bias=False)
              (bn): SyncBatchNorm(64, eps=1e-05, momentum=0.1, affine=True, track_running_stats=True)
              (activate): ReLU(inplace=True)
            )
            (1): Conv2d(64, 2, kernel_size=(3, 3), stride=(1, 1), padding=(1, 1))
          )
          (heatmap): Sequential(
            (0): ConvModule(
              (conv): Conv2d(64, 64, kernel_size=(3, 3), stride=(1, 1), padding=(1, 1), bias=False)
              (bn): SyncBatchNorm(64, eps=1e-05, momentum=0.1, affine=True, track_running_stats=True)
              (activate): ReLU(inplace=True)
            )
            (1): Conv2d(64, 2, kernel_size=(3, 3), stride=(1, 1), padding=(1, 1))
          )
        )
        init_cfg={'type': 'Kaiming', 'layer': 'Conv2d'}
        (3): SeparateHead(
          (reg): Sequential(
            (0): ConvModule(
              (conv): Conv2d(64, 64, kernel_size=(3, 3), stride=(1, 1), padding=(1, 1), bias=False)
              (bn): SyncBatchNorm(64, eps=1e-05, momentum=0.1, affine=True, track_running_stats=True)
              (activate): ReLU(inplace=True)
            )
            (1): Conv2d(64, 2, kernel_size=(3, 3), stride=(1, 1), padding=(1, 1))
          )
          (height): Sequential(
            (0): ConvModule(
              (conv): Conv2d(64, 64, kernel_size=(3, 3), stride=(1, 1), padding=(1, 1), bias=False)
              (bn): SyncBatchNorm(64, eps=1e-05, momentum=0.1, affine=True, track_running_stats=True)
              (activate): ReLU(inplace=True)
            )
            (1): Conv2d(64, 1, kernel_size=(3, 3), stride=(1, 1), padding=(1, 1))
          )
          (dim): Sequential(
            (0): ConvModule(
              (conv): Conv2d(64, 64, kernel_size=(3, 3), stride=(1, 1), padding=(1, 1), bias=False)
              (bn): SyncBatchNorm(64, eps=1e-05, momentum=0.1, affine=True, track_running_stats=True)
              (activate): ReLU(inplace=True)
            )
            (1): Conv2d(64, 3, kernel_size=(3, 3), stride=(1, 1), padding=(1, 1))
          )
          (rot): Sequential(
            (0): ConvModule(
              (conv): Conv2d(64, 64, kernel_size=(3, 3), stride=(1, 1), padding=(1, 1), bias=False)
              (bn): SyncBatchNorm(64, eps=1e-05, momentum=0.1, affine=True, track_running_stats=True)
              (activate): ReLU(inplace=True)
            )
            (1): Conv2d(64, 2, kernel_size=(3, 3), stride=(1, 1), padding=(1, 1))
          )
          (vel): Sequential(
            (0): ConvModule(
              (conv): Conv2d(64, 64, kernel_size=(3, 3), stride=(1, 1), padding=(1, 1), bias=False)
              (bn): SyncBatchNorm(64, eps=1e-05, momentum=0.1, affine=True, track_running_stats=True)
              (activate): ReLU(inplace=True)
            )
            (1): Conv2d(64, 2, kernel_size=(3, 3), stride=(1, 1), padding=(1, 1))
          )
          (heatmap): Sequential(
            (0): ConvModule(
              (conv): Conv2d(64, 64, kernel_size=(3, 3), stride=(1, 1), padding=(1, 1), bias=False)
              (bn): SyncBatchNorm(64, eps=1e-05, momentum=0.1, affine=True, track_running_stats=True)
              (activate): ReLU(inplace=True)
            )
            (1): Conv2d(64, 1, kernel_size=(3, 3), stride=(1, 1), padding=(1, 1))
          )
        )
        init_cfg={'type': 'Kaiming', 'layer': 'Conv2d'}
        (4): SeparateHead(
          (reg): Sequential(
            (0): ConvModule(
              (conv): Conv2d(64, 64, kernel_size=(3, 3), stride=(1, 1), padding=(1, 1), bias=False)
              (bn): SyncBatchNorm(64, eps=1e-05, momentum=0.1, affine=True, track_running_stats=True)
              (activate): ReLU(inplace=True)
            )
            (1): Conv2d(64, 2, kernel_size=(3, 3), stride=(1, 1), padding=(1, 1))
          )
          (height): Sequential(
            (0): ConvModule(
              (conv): Conv2d(64, 64, kernel_size=(3, 3), stride=(1, 1), padding=(1, 1), bias=False)
              (bn): SyncBatchNorm(64, eps=1e-05, momentum=0.1, affine=True, track_running_stats=True)
              (activate): ReLU(inplace=True)
            )
            (1): Conv2d(64, 1, kernel_size=(3, 3), stride=(1, 1), padding=(1, 1))
          )
          (dim): Sequential(
            (0): ConvModule(
              (conv): Conv2d(64, 64, kernel_size=(3, 3), stride=(1, 1), padding=(1, 1), bias=False)
              (bn): SyncBatchNorm(64, eps=1e-05, momentum=0.1, affine=True, track_running_stats=True)
              (activate): ReLU(inplace=True)
            )
            (1): Conv2d(64, 3, kernel_size=(3, 3), stride=(1, 1), padding=(1, 1))
          )
          (rot): Sequential(
            (0): ConvModule(
              (conv): Conv2d(64, 64, kernel_size=(3, 3), stride=(1, 1), padding=(1, 1), bias=False)
              (bn): SyncBatchNorm(64, eps=1e-05, momentum=0.1, affine=True, track_running_stats=True)
              (activate): ReLU(inplace=True)
            )
            (1): Conv2d(64, 2, kernel_size=(3, 3), stride=(1, 1), padding=(1, 1))
          )
          (vel): Sequential(
            (0): ConvModule(
              (conv): Conv2d(64, 64, kernel_size=(3, 3), stride=(1, 1), padding=(1, 1), bias=False)
              (bn): SyncBatchNorm(64, eps=1e-05, momentum=0.1, affine=True, track_running_stats=True)
              (activate): ReLU(inplace=True)
            )
            (1): Conv2d(64, 2, kernel_size=(3, 3), stride=(1, 1), padding=(1, 1))
          )
          (heatmap): Sequential(
            (0): ConvModule(
              (conv): Conv2d(64, 64, kernel_size=(3, 3), stride=(1, 1), padding=(1, 1), bias=False)
              (bn): SyncBatchNorm(64, eps=1e-05, momentum=0.1, affine=True, track_running_stats=True)
              (activate): ReLU(inplace=True)
            )
            (1): Conv2d(64, 2, kernel_size=(3, 3), stride=(1, 1), padding=(1, 1))
          )
        )
        init_cfg={'type': 'Kaiming', 'layer': 'Conv2d'}
        (5): SeparateHead(
          (reg): Sequential(
            (0): ConvModule(
              (conv): Conv2d(64, 64, kernel_size=(3, 3), stride=(1, 1), padding=(1, 1), bias=False)
              (bn): SyncBatchNorm(64, eps=1e-05, momentum=0.1, affine=True, track_running_stats=True)
              (activate): ReLU(inplace=True)
            )
            (1): Conv2d(64, 2, kernel_size=(3, 3), stride=(1, 1), padding=(1, 1))
          )
          (height): Sequential(
            (0): ConvModule(
              (conv): Conv2d(64, 64, kernel_size=(3, 3), stride=(1, 1), padding=(1, 1), bias=False)
              (bn): SyncBatchNorm(64, eps=1e-05, momentum=0.1, affine=True, track_running_stats=True)
              (activate): ReLU(inplace=True)
            )
            (1): Conv2d(64, 1, kernel_size=(3, 3), stride=(1, 1), padding=(1, 1))
          )
          (dim): Sequential(
            (0): ConvModule(
              (conv): Conv2d(64, 64, kernel_size=(3, 3), stride=(1, 1), padding=(1, 1), bias=False)
              (bn): SyncBatchNorm(64, eps=1e-05, momentum=0.1, affine=True, track_running_stats=True)
              (activate): ReLU(inplace=True)
            )
            (1): Conv2d(64, 3, kernel_size=(3, 3), stride=(1, 1), padding=(1, 1))
          )
          (rot): Sequential(
            (0): ConvModule(
              (conv): Conv2d(64, 64, kernel_size=(3, 3), stride=(1, 1), padding=(1, 1), bias=False)
              (bn): SyncBatchNorm(64, eps=1e-05, momentum=0.1, affine=True, track_running_stats=True)
              (activate): ReLU(inplace=True)
            )
            (1): Conv2d(64, 2, kernel_size=(3, 3), stride=(1, 1), padding=(1, 1))
          )
          (vel): Sequential(
            (0): ConvModule(
              (conv): Conv2d(64, 64, kernel_size=(3, 3), stride=(1, 1), padding=(1, 1), bias=False)
              (bn): SyncBatchNorm(64, eps=1e-05, momentum=0.1, affine=True, track_running_stats=True)
              (activate): ReLU(inplace=True)
            )
            (1): Conv2d(64, 2, kernel_size=(3, 3), stride=(1, 1), padding=(1, 1))
          )
          (heatmap): Sequential(
            (0): ConvModule(
              (conv): Conv2d(64, 64, kernel_size=(3, 3), stride=(1, 1), padding=(1, 1), bias=False)
              (bn): SyncBatchNorm(64, eps=1e-05, momentum=0.1, affine=True, track_running_stats=True)
              (activate): ReLU(inplace=True)
            )
            (1): Conv2d(64, 2, kernel_size=(3, 3), stride=(1, 1), padding=(1, 1))
          )
        )
        init_cfg={'type': 'Kaiming', 'layer': 'Conv2d'}
      )
    )
  )
)
2025-06-21 19:23:55,567 - mmdet - INFO - Start running, host: ubuntu@ubuntu, work_dir: /mnt/sdc/FUTR3D/work_dirs/lidar_0075v_900q_split1_2x2_hednetmiddleencoder_hednetbackbone4_dss0511_dp03_hugeep2_num2_conv_xy_rope/3090_train
2025-06-21 19:23:55,568 - mmdet - INFO - Hooks will be executed in the following order:
before_run:
(VERY_HIGH   ) CyclicLrUpdaterHook                
(HIGH        ) CyclicMomentumUpdaterHook          
(NORMAL      ) CheckpointHook                     
(LOW         ) DistEvalHook                       
(VERY_LOW    ) TextLoggerHook                     
(VERY_LOW    ) TensorboardLoggerHook              
 -------------------- 
before_train_epoch:
(VERY_HIGH   ) CyclicLrUpdaterHook                
(HIGH        ) CyclicMomentumUpdaterHook          
(NORMAL      ) FadeOjectSampleHook                
(NORMAL      ) DistSamplerSeedHook                
(LOW         ) IterTimerHook                      
(LOW         ) DistEvalHook                       
(VERY_LOW    ) TextLoggerHook                     
(VERY_LOW    ) TensorboardLoggerHook              
 -------------------- 
before_train_iter:
(VERY_HIGH   ) CyclicLrUpdaterHook                
(HIGH        ) CyclicMomentumUpdaterHook          
(LOW         ) IterTimerHook                      
(LOW         ) DistEvalHook                       
 -------------------- 
after_train_iter:
(ABOVE_NORMAL) OptimizerHook                      
(NORMAL      ) CheckpointHook                     
(LOW         ) IterTimerHook                      
(LOW         ) DistEvalHook                       
(VERY_LOW    ) TextLoggerHook                     
(VERY_LOW    ) TensorboardLoggerHook              
 -------------------- 
after_train_epoch:
(NORMAL      ) CheckpointHook                     
(LOW         ) DistEvalHook                       
(VERY_LOW    ) TextLoggerHook                     
(VERY_LOW    ) TensorboardLoggerHook              
 -------------------- 
before_val_epoch:
(NORMAL      ) DistSamplerSeedHook                
(LOW         ) IterTimerHook                      
(VERY_LOW    ) TextLoggerHook                     
(VERY_LOW    ) TensorboardLoggerHook              
 -------------------- 
before_val_iter:
(LOW         ) IterTimerHook                      
 -------------------- 
after_val_iter:
(LOW         ) IterTimerHook                      
 -------------------- 
after_val_epoch:
(VERY_LOW    ) TextLoggerHook                     
(VERY_LOW    ) TensorboardLoggerHook              
 -------------------- 
after_run:
(VERY_LOW    ) TextLoggerHook                     
(VERY_LOW    ) TensorboardLoggerHook              
 -------------------- 
2025-06-21 19:23:55,681 - mmdet - INFO - workflow: [('train', 1)], max: 20 epochs
2025-06-21 19:23:55,681 - mmdet - INFO - Checkpoints will be saved to /mnt/sdc/FUTR3D/work_dirs/lidar_0075v_900q_split1_2x2_hednetmiddleencoder_hednetbackbone4_dss0511_dp03_hugeep2_num2_conv_xy_rope/3090_train by HardDiskBackend.
2025-06-21 19:25:35,615 - mmdet - INFO - Epoch [1][50/30895]	lr: 1.250e-05, eta: 14 days, 4:02:35, time: 1.981, data_time: 0.246, memory: 18574, loss_cls: 2.1526, loss_bbox: 2.2622, d0.loss_cls: 2.2318, d0.loss_bbox: 4.4072, d1.loss_cls: 2.2112, d1.loss_bbox: 2.2723, d2.loss_cls: 2.1907, d2.loss_bbox: 2.2700, d3.loss_cls: 2.1718, d3.loss_bbox: 2.2674, d4.loss_cls: 2.1499, d4.loss_bbox: 2.2651, aux_task0.loss_heatmap: 347.9558, aux_task0.loss_bbox: 0.9715, aux_task1.loss_heatmap: 685.2279, aux_task1.loss_bbox: 1.0055, aux_task2.loss_heatmap: 842.0967, aux_task2.loss_bbox: 1.1840, aux_task3.loss_heatmap: 1201.4859, aux_task3.loss_bbox: 0.7596, aux_task4.loss_heatmap: 495.4851, aux_task4.loss_bbox: 0.8042, aux_task5.loss_heatmap: 709.1492, aux_task5.loss_bbox: 0.7171, loss: 4315.6944, grad_norm: 212155.1973
2025-06-21 19:26:48,648 - mmdet - INFO - Epoch [1][100/30895]	lr: 1.250e-05, eta: 12 days, 7:20:19, time: 1.461, data_time: 0.023, memory: 18574, loss_cls: 1.6697, loss_bbox: 2.1584, d0.loss_cls: 2.0829, d0.loss_bbox: 4.3141, d1.loss_cls: 1.8840, d1.loss_bbox: 2.2256, d2.loss_cls: 1.7626, d2.loss_bbox: 2.2056, d3.loss_cls: 1.6641, d3.loss_bbox: 2.1864, d4.loss_cls: 1.6544, d4.loss_bbox: 2.1716, aux_task0.loss_heatmap: 215.8782, aux_task0.loss_bbox: 0.7956, aux_task1.loss_heatmap: 309.4226, aux_task1.loss_bbox: 0.9324, aux_task2.loss_heatmap: 438.1043, aux_task2.loss_bbox: 0.9919, aux_task3.loss_heatmap: 633.6151, aux_task3.loss_bbox: 0.5788, aux_task4.loss_heatmap: 252.2169, aux_task4.loss_bbox: 0.6136, aux_task5.loss_heatmap: 359.9301, aux_task5.loss_bbox: 0.6207, loss: 2239.6797, grad_norm: 23362.6081
2025-06-21 19:28:08,129 - mmdet - INFO - Epoch [1][150/30895]	lr: 1.250e-05, eta: 11 days, 23:48:04, time: 1.590, data_time: 0.026, memory: 18574, loss_cls: 1.2132, loss_bbox: 1.8977, d0.loss_cls: 1.4967, d0.loss_bbox: 3.9836, d1.loss_cls: 1.2974, d1.loss_bbox: 2.0586, d2.loss_cls: 1.2276, d2.loss_bbox: 2.0027, d3.loss_cls: 1.1995, d3.loss_bbox: 1.9539, d4.loss_cls: 1.2076, d4.loss_bbox: 1.9213, aux_task0.loss_heatmap: 87.2633, aux_task0.loss_bbox: 0.6321, aux_task1.loss_heatmap: 123.2242, aux_task1.loss_bbox: 0.7399, aux_task2.loss_heatmap: 225.6206, aux_task2.loss_bbox: 0.8575, aux_task3.loss_heatmap: 350.5031, aux_task3.loss_bbox: 0.4881, aux_task4.loss_heatmap: 112.7648, aux_task4.loss_bbox: 0.5025, aux_task5.loss_heatmap: 151.3204, aux_task5.loss_bbox: 0.5213, loss: 1075.8977, grad_norm: 7640.9571
2025-06-21 19:29:26,611 - mmdet - INFO - Epoch [1][200/30895]	lr: 1.250e-05, eta: 11 days, 19:09:51, time: 1.570, data_time: 0.024, memory: 18574, loss_cls: 1.1506, loss_bbox: 1.8634, d0.loss_cls: 1.1593, d0.loss_bbox: 3.1498, d1.loss_cls: 1.1537, d1.loss_bbox: 1.8511, d2.loss_cls: 1.1513, d2.loss_bbox: 1.8061, d3.loss_cls: 1.1498, d3.loss_bbox: 1.8022, d4.loss_cls: 1.1512, d4.loss_bbox: 1.8256, aux_task0.loss_heatmap: 55.1505, aux_task0.loss_bbox: 0.5527, aux_task1.loss_heatmap: 77.6572, aux_task1.loss_bbox: 0.6285, aux_task2.loss_heatmap: 130.7314, aux_task2.loss_bbox: 0.7510, aux_task3.loss_heatmap: 209.7062, aux_task3.loss_bbox: 0.4593, aux_task4.loss_heatmap: 61.7602, aux_task4.loss_bbox: 0.4679, aux_task5.loss_heatmap: 92.8307, aux_task5.loss_bbox: 0.4865, loss: 650.3961, grad_norm: 5121.9012
2025-06-21 19:30:49,930 - mmdet - INFO - Epoch [1][250/30895]	lr: 1.250e-05, eta: 11 days, 19:41:31, time: 1.666, data_time: 0.030, memory: 18574, loss_cls: 1.1533, loss_bbox: 1.9460, d0.loss_cls: 1.1525, d0.loss_bbox: 2.0806, d1.loss_cls: 1.1563, d1.loss_bbox: 1.7791, d2.loss_cls: 1.1549, d2.loss_bbox: 1.8162, d3.loss_cls: 1.1525, d3.loss_bbox: 1.8644, d4.loss_cls: 1.1520, d4.loss_bbox: 1.9079, aux_task0.loss_heatmap: 36.5149, aux_task0.loss_bbox: 0.4957, aux_task1.loss_heatmap: 48.4002, aux_task1.loss_bbox: 0.5625, aux_task2.loss_heatmap: 82.2029, aux_task2.loss_bbox: 0.7003, aux_task3.loss_heatmap: 164.2140, aux_task3.loss_bbox: 0.4335, aux_task4.loss_heatmap: 40.4400, aux_task4.loss_bbox: 0.4539, aux_task5.loss_heatmap: 62.1126, aux_task5.loss_bbox: 0.4838, loss: 455.3300, grad_norm: 4130.7114
2025-06-21 19:32:11,400 - mmdet - INFO - Epoch [1][300/30895]	lr: 1.250e-05, eta: 11 days, 18:58:46, time: 1.629, data_time: 0.029, memory: 18574, loss_cls: 1.1349, loss_bbox: 1.8640, d0.loss_cls: 1.1479, d0.loss_bbox: 1.7970, d1.loss_cls: 1.1467, d1.loss_bbox: 1.7775, d2.loss_cls: 1.1403, d2.loss_bbox: 1.8132, d3.loss_cls: 1.1375, d3.loss_bbox: 1.8366, d4.loss_cls: 1.1327, d4.loss_bbox: 1.8587, aux_task0.loss_heatmap: 25.9613, aux_task0.loss_bbox: 0.4849, aux_task1.loss_heatmap: 36.6111, aux_task1.loss_bbox: 0.5363, aux_task2.loss_heatmap: 58.5218, aux_task2.loss_bbox: 0.6548, aux_task3.loss_heatmap: 129.7333, aux_task3.loss_bbox: 0.4453, aux_task4.loss_heatmap: 28.2290, aux_task4.loss_bbox: 0.4462, aux_task5.loss_heatmap: 37.5081, aux_task5.loss_bbox: 0.4770, loss: 337.3962, grad_norm: 3341.5028
2025-06-21 19:33:35,189 - mmdet - INFO - Epoch [1][350/30895]	lr: 1.250e-05, eta: 11 days, 19:35:54, time: 1.676, data_time: 0.030, memory: 18574, loss_cls: 1.1257, loss_bbox: 1.7811, d0.loss_cls: 1.1524, d0.loss_bbox: 1.7644, d1.loss_cls: 1.1468, d1.loss_bbox: 1.7609, d2.loss_cls: 1.1333, d2.loss_bbox: 1.7778, d3.loss_cls: 1.1291, d3.loss_bbox: 1.7826, d4.loss_cls: 1.1211, d4.loss_bbox: 1.7880, aux_task0.loss_heatmap: 18.9119, aux_task0.loss_bbox: 0.4628, aux_task1.loss_heatmap: 25.7299, aux_task1.loss_bbox: 0.5391, aux_task2.loss_heatmap: 42.7735, aux_task2.loss_bbox: 0.5875, aux_task3.loss_heatmap: 106.0928, aux_task3.loss_bbox: 0.4329, aux_task4.loss_heatmap: 19.9558, aux_task4.loss_bbox: 0.4386, aux_task5.loss_heatmap: 29.8196, aux_task5.loss_bbox: 0.4772, loss: 263.6847, grad_norm: 2803.5076
2025-06-21 19:34:59,525 - mmdet - INFO - Epoch [1][400/30895]	lr: 1.250e-05, eta: 11 days, 20:17:40, time: 1.687, data_time: 0.027, memory: 18574, loss_cls: 1.1305, loss_bbox: 1.7671, d0.loss_cls: 1.1563, d0.loss_bbox: 1.7719, d1.loss_cls: 1.1449, d1.loss_bbox: 1.7641, d2.loss_cls: 1.1274, d2.loss_bbox: 1.7745, d3.loss_cls: 1.1252, d3.loss_bbox: 1.7734, d4.loss_cls: 1.1250, d4.loss_bbox: 1.7717, aux_task0.loss_heatmap: 14.7659, aux_task0.loss_bbox: 0.4485, aux_task1.loss_heatmap: 19.2396, aux_task1.loss_bbox: 0.5353, aux_task2.loss_heatmap: 28.1062, aux_task2.loss_bbox: 0.5860, aux_task3.loss_heatmap: 85.0584, aux_task3.loss_bbox: 0.4287, aux_task4.loss_heatmap: 14.3872, aux_task4.loss_bbox: 0.4404, aux_task5.loss_heatmap: 20.5980, aux_task5.loss_bbox: 0.4820, loss: 202.5081, grad_norm: 2060.2798
2025-06-21 19:36:22,843 - mmdet - INFO - Epoch [1][450/30895]	lr: 1.250e-05, eta: 11 days, 20:26:29, time: 1.666, data_time: 0.031, memory: 18574, loss_cls: 1.1240, loss_bbox: 1.7479, d0.loss_cls: 1.1503, d0.loss_bbox: 1.7474, d1.loss_cls: 1.1348, d1.loss_bbox: 1.7409, d2.loss_cls: 1.1179, d2.loss_bbox: 1.7533, d3.loss_cls: 1.1166, d3.loss_bbox: 1.7504, d4.loss_cls: 1.1154, d4.loss_bbox: 1.7602, aux_task0.loss_heatmap: 10.8720, aux_task0.loss_bbox: 0.4619, aux_task1.loss_heatmap: 13.8150, aux_task1.loss_bbox: 0.5110, aux_task2.loss_heatmap: 19.2555, aux_task2.loss_bbox: 0.5482, aux_task3.loss_heatmap: 62.6481, aux_task3.loss_bbox: 0.4151, aux_task4.loss_heatmap: 10.8364, aux_task4.loss_bbox: 0.4403, aux_task5.loss_heatmap: 14.5833, aux_task5.loss_bbox: 0.4657, loss: 152.1116, grad_norm: 1564.3492
2025-06-21 19:37:47,505 - mmdet - INFO - Epoch [1][500/30895]	lr: 1.250e-05, eta: 11 days, 21:00:53, time: 1.693, data_time: 0.026, memory: 18574, loss_cls: 1.1203, loss_bbox: 1.7562, d0.loss_cls: 1.1476, d0.loss_bbox: 1.7633, d1.loss_cls: 1.1289, d1.loss_bbox: 1.7593, d2.loss_cls: 1.1173, d2.loss_bbox: 1.7672, d3.loss_cls: 1.1167, d3.loss_bbox: 1.7579, d4.loss_cls: 1.1169, d4.loss_bbox: 1.7581, aux_task0.loss_heatmap: 8.6237, aux_task0.loss_bbox: 0.4521, aux_task1.loss_heatmap: 10.1093, aux_task1.loss_bbox: 0.5066, aux_task2.loss_heatmap: 14.8088, aux_task2.loss_bbox: 0.5510, aux_task3.loss_heatmap: 45.1960, aux_task3.loss_bbox: 0.4106, aux_task4.loss_heatmap: 8.0532, aux_task4.loss_bbox: 0.4394, aux_task5.loss_heatmap: 11.0333, aux_task5.loss_bbox: 0.4674, loss: 117.9611, grad_norm: 1158.3421
2025-06-21 19:39:11,203 - mmdet - INFO - Epoch [1][550/30895]	lr: 1.250e-05, eta: 11 days, 21:10:46, time: 1.674, data_time: 0.025, memory: 18574, loss_cls: 1.1175, loss_bbox: 1.7514, d0.loss_cls: 1.1490, d0.loss_bbox: 1.7689, d1.loss_cls: 1.1281, d1.loss_bbox: 1.7589, d2.loss_cls: 1.1133, d2.loss_bbox: 1.7657, d3.loss_cls: 1.1118, d3.loss_bbox: 1.7550, d4.loss_cls: 1.1128, d4.loss_bbox: 1.7548, aux_task0.loss_heatmap: 5.9285, aux_task0.loss_bbox: 0.4583, aux_task1.loss_heatmap: 7.5163, aux_task1.loss_bbox: 0.5018, aux_task2.loss_heatmap: 9.9417, aux_task2.loss_bbox: 0.5578, aux_task3.loss_heatmap: 36.0155, aux_task3.loss_bbox: 0.4133, aux_task4.loss_heatmap: 6.1860, aux_task4.loss_bbox: 0.4210, aux_task5.loss_heatmap: 8.6222, aux_task5.loss_bbox: 0.4660, loss: 94.3156, grad_norm: 915.0341
2025-06-21 19:40:34,761 - mmdet - INFO - Epoch [1][600/30895]	lr: 1.250e-05, eta: 11 days, 21:16:25, time: 1.671, data_time: 0.026, memory: 18574, loss_cls: 1.1023, loss_bbox: 1.7323, d0.loss_cls: 1.1359, d0.loss_bbox: 1.7416, d1.loss_cls: 1.1113, d1.loss_bbox: 1.7351, d2.loss_cls: 1.0996, d2.loss_bbox: 1.7467, d3.loss_cls: 1.0979, d3.loss_bbox: 1.7386, d4.loss_cls: 1.0999, d4.loss_bbox: 1.7326, aux_task0.loss_heatmap: 4.4907, aux_task0.loss_bbox: 0.4479, aux_task1.loss_heatmap: 5.7251, aux_task1.loss_bbox: 0.4975, aux_task2.loss_heatmap: 7.0050, aux_task2.loss_bbox: 0.5426, aux_task3.loss_heatmap: 25.5296, aux_task3.loss_bbox: 0.4178, aux_task4.loss_heatmap: 4.7688, aux_task4.loss_bbox: 0.4290, aux_task5.loss_heatmap: 6.3000, aux_task5.loss_bbox: 0.4699, loss: 73.6978, grad_norm: 682.3078
2025-06-21 19:41:59,690 - mmdet - INFO - Epoch [1][650/30895]	lr: 1.250e-05, eta: 11 days, 21:42:39, time: 1.699, data_time: 0.028, memory: 18574, loss_cls: 1.0929, loss_bbox: 1.7251, d0.loss_cls: 1.1245, d0.loss_bbox: 1.7491, d1.loss_cls: 1.1052, d1.loss_bbox: 1.7415, d2.loss_cls: 1.0937, d2.loss_bbox: 1.7486, d3.loss_cls: 1.0912, d3.loss_bbox: 1.7332, d4.loss_cls: 1.0889, d4.loss_bbox: 1.7242, aux_task0.loss_heatmap: 3.7494, aux_task0.loss_bbox: 0.4366, aux_task1.loss_heatmap: 4.4791, aux_task1.loss_bbox: 0.4977, aux_task2.loss_heatmap: 5.3189, aux_task2.loss_bbox: 0.5374, aux_task3.loss_heatmap: 18.1768, aux_task3.loss_bbox: 0.4159, aux_task4.loss_heatmap: 3.5854, aux_task4.loss_bbox: 0.4326, aux_task5.loss_heatmap: 4.6633, aux_task5.loss_bbox: 0.4589, loss: 59.7702, grad_norm: 505.4415
2025-06-21 19:43:23,778 - mmdet - INFO - Epoch [1][700/30895]	lr: 1.250e-05, eta: 11 days, 21:52:34, time: 1.682, data_time: 0.026, memory: 18574, loss_cls: 1.0780, loss_bbox: 1.7004, d0.loss_cls: 1.1141, d0.loss_bbox: 1.7517, d1.loss_cls: 1.1035, d1.loss_bbox: 1.7326, d2.loss_cls: 1.0923, d2.loss_bbox: 1.7290, d3.loss_cls: 1.0762, d3.loss_bbox: 1.7160, d4.loss_cls: 1.0735, d4.loss_bbox: 1.7065, aux_task0.loss_heatmap: 3.6526, aux_task0.loss_bbox: 0.4472, aux_task1.loss_heatmap: 3.4346, aux_task1.loss_bbox: 0.5053, aux_task2.loss_heatmap: 4.2722, aux_task2.loss_bbox: 0.5049, aux_task3.loss_heatmap: 11.5519, aux_task3.loss_bbox: 0.4146, aux_task4.loss_heatmap: 2.8779, aux_task4.loss_bbox: 0.4309, aux_task5.loss_heatmap: 3.8332, aux_task5.loss_bbox: 0.4632, loss: 49.2622, grad_norm: 334.7994
2025-06-21 19:44:49,909 - mmdet - INFO - Epoch [1][750/30895]	lr: 1.250e-05, eta: 11 days, 22:29:01, time: 1.723, data_time: 0.029, memory: 18574, loss_cls: 1.0602, loss_bbox: 1.6907, d0.loss_cls: 1.1097, d0.loss_bbox: 1.7404, d1.loss_cls: 1.0954, d1.loss_bbox: 1.7237, d2.loss_cls: 1.0814, d2.loss_bbox: 1.7088, d3.loss_cls: 1.0676, d3.loss_bbox: 1.6889, d4.loss_cls: 1.0613, d4.loss_bbox: 1.6889, aux_task0.loss_heatmap: 2.5676, aux_task0.loss_bbox: 0.4613, aux_task1.loss_heatmap: 2.7713, aux_task1.loss_bbox: 0.4977, aux_task2.loss_heatmap: 3.1763, aux_task2.loss_bbox: 0.4871, aux_task3.loss_heatmap: 8.9201, aux_task3.loss_bbox: 0.4175, aux_task4.loss_heatmap: 2.3475, aux_task4.loss_bbox: 0.4385, aux_task5.loss_heatmap: 3.1780, aux_task5.loss_bbox: 0.4628, loss: 42.4426, grad_norm: 256.0175
2025-06-21 19:46:15,801 - mmdet - INFO - Epoch [1][800/30895]	lr: 1.250e-05, eta: 11 days, 22:57:38, time: 1.718, data_time: 0.026, memory: 18574, loss_cls: 1.0526, loss_bbox: 1.6738, d0.loss_cls: 1.1060, d0.loss_bbox: 1.7393, d1.loss_cls: 1.0828, d1.loss_bbox: 1.7261, d2.loss_cls: 1.0644, d2.loss_bbox: 1.6994, d3.loss_cls: 1.0515, d3.loss_bbox: 1.6849, d4.loss_cls: 1.0483, d4.loss_bbox: 1.6783, aux_task0.loss_heatmap: 2.2779, aux_task0.loss_bbox: 0.4502, aux_task1.loss_heatmap: 2.3083, aux_task1.loss_bbox: 0.4880, aux_task2.loss_heatmap: 2.6141, aux_task2.loss_bbox: 0.4908, aux_task3.loss_heatmap: 6.4856, aux_task3.loss_bbox: 0.4219, aux_task4.loss_heatmap: 2.0562, aux_task4.loss_bbox: 0.4322, aux_task5.loss_heatmap: 2.4117, aux_task5.loss_bbox: 0.4613, loss: 37.5056, grad_norm: 172.5526
2025-06-21 19:47:40,660 - mmdet - INFO - Epoch [1][850/30895]	lr: 1.250e-05, eta: 11 days, 23:10:14, time: 1.697, data_time: 0.029, memory: 18574, loss_cls: 1.0288, loss_bbox: 1.6932, d0.loss_cls: 1.0855, d0.loss_bbox: 1.7700, d1.loss_cls: 1.0646, d1.loss_bbox: 1.7394, d2.loss_cls: 1.0376, d2.loss_bbox: 1.7178, d3.loss_cls: 1.0303, d3.loss_bbox: 1.7134, d4.loss_cls: 1.0273, d4.loss_bbox: 1.7062, aux_task0.loss_heatmap: 1.8567, aux_task0.loss_bbox: 0.4443, aux_task1.loss_heatmap: 2.0469, aux_task1.loss_bbox: 0.4967, aux_task2.loss_heatmap: 2.3429, aux_task2.loss_bbox: 0.5075, aux_task3.loss_heatmap: 4.9127, aux_task3.loss_bbox: 0.4220, aux_task4.loss_heatmap: 1.8397, aux_task4.loss_bbox: 0.4320, aux_task5.loss_heatmap: 2.0974, aux_task5.loss_bbox: 0.4622, loss: 34.4749, grad_norm: 123.5982
2025-06-21 19:49:05,184 - mmdet - INFO - Epoch [1][900/30895]	lr: 1.250e-05, eta: 11 days, 23:17:25, time: 1.690, data_time: 0.030, memory: 18574, loss_cls: 1.0340, loss_bbox: 1.6711, d0.loss_cls: 1.0917, d0.loss_bbox: 1.7490, d1.loss_cls: 1.0690, d1.loss_bbox: 1.7116, d2.loss_cls: 1.0425, d2.loss_bbox: 1.6941, d3.loss_cls: 1.0338, d3.loss_bbox: 1.6840, d4.loss_cls: 1.0337, d4.loss_bbox: 1.6750, aux_task0.loss_heatmap: 1.7094, aux_task0.loss_bbox: 0.4340, aux_task1.loss_heatmap: 1.8527, aux_task1.loss_bbox: 0.4885, aux_task2.loss_heatmap: 2.0774, aux_task2.loss_bbox: 0.4954, aux_task3.loss_heatmap: 3.6010, aux_task3.loss_bbox: 0.4090, aux_task4.loss_heatmap: 1.6800, aux_task4.loss_bbox: 0.4286, aux_task5.loss_heatmap: 1.9453, aux_task5.loss_bbox: 0.4645, loss: 32.0754, grad_norm: 93.0236
2025-06-21 19:50:29,557 - mmdet - INFO - Epoch [1][950/30895]	lr: 1.250e-05, eta: 11 days, 23:22:05, time: 1.687, data_time: 0.027, memory: 18574, loss_cls: 1.0280, loss_bbox: 1.6759, d0.loss_cls: 1.0842, d0.loss_bbox: 1.7503, d1.loss_cls: 1.0475, d1.loss_bbox: 1.7144, d2.loss_cls: 1.0282, d2.loss_bbox: 1.6982, d3.loss_cls: 1.0269, d3.loss_bbox: 1.6869, d4.loss_cls: 1.0258, d4.loss_bbox: 1.6786, aux_task0.loss_heatmap: 1.6432, aux_task0.loss_bbox: 0.4480, aux_task1.loss_heatmap: 1.7614, aux_task1.loss_bbox: 0.4922, aux_task2.loss_heatmap: 1.9347, aux_task2.loss_bbox: 0.4792, aux_task3.loss_heatmap: 3.0653, aux_task3.loss_bbox: 0.4007, aux_task4.loss_heatmap: 1.5284, aux_task4.loss_bbox: 0.4275, aux_task5.loss_heatmap: 1.8027, aux_task5.loss_bbox: 0.4760, loss: 30.9039, grad_norm: 71.0121
2025-06-21 19:51:55,702 - mmdet - INFO - Exp name: lidar_0075v_900q_split1_2x2_hednetmiddleencoder_hednetbackbone4_dss0511_dp03_hugeep2_num2_conv_xy_rope.py
2025-06-21 19:51:55,702 - mmdet - INFO - Epoch [1][1000/30895]	lr: 1.250e-05, eta: 11 days, 23:44:22, time: 1.723, data_time: 0.029, memory: 18574, loss_cls: 1.0119, loss_bbox: 1.6431, d0.loss_cls: 1.0712, d0.loss_bbox: 1.7514, d1.loss_cls: 1.0276, d1.loss_bbox: 1.6991, d2.loss_cls: 1.0105, d2.loss_bbox: 1.6764, d3.loss_cls: 1.0074, d3.loss_bbox: 1.6595, d4.loss_cls: 1.0069, d4.loss_bbox: 1.6511, aux_task0.loss_heatmap: 1.5345, aux_task0.loss_bbox: 0.4469, aux_task1.loss_heatmap: 1.6442, aux_task1.loss_bbox: 0.4696, aux_task2.loss_heatmap: 1.8954, aux_task2.loss_bbox: 0.4793, aux_task3.loss_heatmap: 2.2413, aux_task3.loss_bbox: 0.4073, aux_task4.loss_heatmap: 1.4066, aux_task4.loss_bbox: 0.4297, aux_task5.loss_heatmap: 1.5671, aux_task5.loss_bbox: 0.4569, loss: 29.1948, grad_norm: 54.3363
2025-06-21 19:53:21,489 - mmdet - INFO - Epoch [1][1050/30895]	lr: 1.251e-05, eta: 12 days, 0:00:53, time: 1.716, data_time: 0.030, memory: 18574, loss_cls: 1.0010, loss_bbox: 1.6391, d0.loss_cls: 1.0642, d0.loss_bbox: 1.7413, d1.loss_cls: 1.0141, d1.loss_bbox: 1.6838, d2.loss_cls: 0.9959, d2.loss_bbox: 1.6644, d3.loss_cls: 0.9951, d3.loss_bbox: 1.6492, d4.loss_cls: 0.9986, d4.loss_bbox: 1.6402, aux_task0.loss_heatmap: 1.4043, aux_task0.loss_bbox: 0.4364, aux_task1.loss_heatmap: 1.5732, aux_task1.loss_bbox: 0.4690, aux_task2.loss_heatmap: 1.8128, aux_task2.loss_bbox: 0.4846, aux_task3.loss_heatmap: 1.9165, aux_task3.loss_bbox: 0.4128, aux_task4.loss_heatmap: 1.3085, aux_task4.loss_bbox: 0.4339, aux_task5.loss_heatmap: 1.5500, aux_task5.loss_bbox: 0.4622, loss: 28.3510, grad_norm: 44.3881
2025-06-21 19:54:47,610 - mmdet - INFO - Epoch [1][1100/30895]	lr: 1.251e-05, eta: 12 days, 0:18:54, time: 1.722, data_time: 0.027, memory: 18574, loss_cls: 0.9764, loss_bbox: 1.6288, d0.loss_cls: 1.0494, d0.loss_bbox: 1.7529, d1.loss_cls: 0.9959, d1.loss_bbox: 1.6821, d2.loss_cls: 0.9813, d2.loss_bbox: 1.6516, d3.loss_cls: 0.9767, d3.loss_bbox: 1.6369, d4.loss_cls: 0.9730, d4.loss_bbox: 1.6346, aux_task0.loss_heatmap: 1.3662, aux_task0.loss_bbox: 0.4238, aux_task1.loss_heatmap: 1.5557, aux_task1.loss_bbox: 0.4730, aux_task2.loss_heatmap: 1.8171, aux_task2.loss_bbox: 0.4839, aux_task3.loss_heatmap: 1.9782, aux_task3.loss_bbox: 0.4211, aux_task4.loss_heatmap: 1.2364, aux_task4.loss_bbox: 0.4258, aux_task5.loss_heatmap: 1.4788, aux_task5.loss_bbox: 0.4556, loss: 28.0552, grad_norm: 47.6019
2025-06-21 19:56:13,889 - mmdet - INFO - Epoch [1][1150/30895]	lr: 1.251e-05, eta: 12 days, 0:36:37, time: 1.726, data_time: 0.027, memory: 18574, loss_cls: 0.9575, loss_bbox: 1.6251, d0.loss_cls: 1.0406, d0.loss_bbox: 1.7499, d1.loss_cls: 0.9817, d1.loss_bbox: 1.6768, d2.loss_cls: 0.9715, d2.loss_bbox: 1.6522, d3.loss_cls: 0.9615, d3.loss_bbox: 1.6391, d4.loss_cls: 0.9572, d4.loss_bbox: 1.6316, aux_task0.loss_heatmap: 1.3821, aux_task0.loss_bbox: 0.4260, aux_task1.loss_heatmap: 1.5362, aux_task1.loss_bbox: 0.4667, aux_task2.loss_heatmap: 1.7794, aux_task2.loss_bbox: 0.4916, aux_task3.loss_heatmap: 1.7315, aux_task3.loss_bbox: 0.4018, aux_task4.loss_heatmap: 1.1678, aux_task4.loss_bbox: 0.4168, aux_task5.loss_heatmap: 1.4432, aux_task5.loss_bbox: 0.4405, loss: 27.5280, grad_norm: 44.5183
2025-06-21 19:57:40,439 - mmdet - INFO - Epoch [1][1200/30895]	lr: 1.251e-05, eta: 12 days, 0:55:03, time: 1.731, data_time: 0.028, memory: 18574, loss_cls: 0.9550, loss_bbox: 1.5884, d0.loss_cls: 1.0289, d0.loss_bbox: 1.7235, d1.loss_cls: 0.9704, d1.loss_bbox: 1.6305, d2.loss_cls: 0.9649, d2.loss_bbox: 1.6047, d3.loss_cls: 0.9583, d3.loss_bbox: 1.5918, d4.loss_cls: 0.9524, d4.loss_bbox: 1.5893, aux_task0.loss_heatmap: 1.3610, aux_task0.loss_bbox: 0.4207, aux_task1.loss_heatmap: 1.5251, aux_task1.loss_bbox: 0.4482, aux_task2.loss_heatmap: 1.7441, aux_task2.loss_bbox: 0.4727, aux_task3.loss_heatmap: 1.6676, aux_task3.loss_bbox: 0.3956, aux_task4.loss_heatmap: 1.1227, aux_task4.loss_bbox: 0.4153, aux_task5.loss_heatmap: 1.4109, aux_task5.loss_bbox: 0.4434, loss: 26.9851, grad_norm: 41.8911
2025-06-21 19:59:06,661 - mmdet - INFO - Epoch [1][1250/30895]	lr: 1.251e-05, eta: 12 days, 1:09:14, time: 1.724, data_time: 0.027, memory: 18574, loss_cls: 0.9375, loss_bbox: 1.5867, d0.loss_cls: 1.0111, d0.loss_bbox: 1.7325, d1.loss_cls: 0.9514, d1.loss_bbox: 1.6292, d2.loss_cls: 0.9486, d2.loss_bbox: 1.6115, d3.loss_cls: 0.9403, d3.loss_bbox: 1.5991, d4.loss_cls: 0.9367, d4.loss_bbox: 1.5932, aux_task0.loss_heatmap: 1.3019, aux_task0.loss_bbox: 0.4065, aux_task1.loss_heatmap: 1.4788, aux_task1.loss_bbox: 0.4365, aux_task2.loss_heatmap: 1.7462, aux_task2.loss_bbox: 0.4805, aux_task3.loss_heatmap: 1.6463, aux_task3.loss_bbox: 0.3782, aux_task4.loss_heatmap: 1.1013, aux_task4.loss_bbox: 0.4121, aux_task5.loss_heatmap: 1.3217, aux_task5.loss_bbox: 0.4223, loss: 26.6102, grad_norm: 40.2304
2025-06-21 20:00:39,336 - mmdet - INFO - Epoch [1][1300/30895]	lr: 1.251e-05, eta: 12 days, 2:13:12, time: 1.853, data_time: 0.028, memory: 18574, loss_cls: 0.9218, loss_bbox: 1.5821, d0.loss_cls: 0.9924, d0.loss_bbox: 1.7444, d1.loss_cls: 0.9368, d1.loss_bbox: 1.6288, d2.loss_cls: 0.9332, d2.loss_bbox: 1.6047, d3.loss_cls: 0.9247, d3.loss_bbox: 1.5920, d4.loss_cls: 0.9207, d4.loss_bbox: 1.5868, aux_task0.loss_heatmap: 1.2853, aux_task0.loss_bbox: 0.4037, aux_task1.loss_heatmap: 1.4588, aux_task1.loss_bbox: 0.4361, aux_task2.loss_heatmap: 1.7403, aux_task2.loss_bbox: 0.4844, aux_task3.loss_heatmap: 1.5657, aux_task3.loss_bbox: 0.3808, aux_task4.loss_heatmap: 1.0784, aux_task4.loss_bbox: 0.3908, aux_task5.loss_heatmap: 1.3002, aux_task5.loss_bbox: 0.4203, loss: 26.3135, grad_norm: 40.2004
2025-06-21 20:02:04,806 - mmdet - INFO - Epoch [1][1350/30895]	lr: 1.251e-05, eta: 12 days, 2:17:11, time: 1.709, data_time: 0.027, memory: 18574, loss_cls: 0.9180, loss_bbox: 1.5827, d0.loss_cls: 0.9837, d0.loss_bbox: 1.7453, d1.loss_cls: 0.9296, d1.loss_bbox: 1.6324, d2.loss_cls: 0.9252, d2.loss_bbox: 1.6074, d3.loss_cls: 0.9198, d3.loss_bbox: 1.5925, d4.loss_cls: 0.9165, d4.loss_bbox: 1.5874, aux_task0.loss_heatmap: 1.2583, aux_task0.loss_bbox: 0.3996, aux_task1.loss_heatmap: 1.4492, aux_task1.loss_bbox: 0.4289, aux_task2.loss_heatmap: 1.7092, aux_task2.loss_bbox: 0.4794, aux_task3.loss_heatmap: 1.5384, aux_task3.loss_bbox: 0.3824, aux_task4.loss_heatmap: 1.0050, aux_task4.loss_bbox: 0.3831, aux_task5.loss_heatmap: 1.2763, aux_task5.loss_bbox: 0.4100, loss: 26.0604, grad_norm: 40.8676
2025-06-21 20:03:31,273 - mmdet - INFO - Epoch [1][1400/30895]	lr: 1.251e-05, eta: 12 days, 2:28:40, time: 1.730, data_time: 0.028, memory: 18574, loss_cls: 0.9212, loss_bbox: 1.5514, d0.loss_cls: 0.9774, d0.loss_bbox: 1.7198, d1.loss_cls: 0.9260, d1.loss_bbox: 1.5945, d2.loss_cls: 0.9241, d2.loss_bbox: 1.5754, d3.loss_cls: 0.9184, d3.loss_bbox: 1.5624, d4.loss_cls: 0.9195, d4.loss_bbox: 1.5555, aux_task0.loss_heatmap: 1.2945, aux_task0.loss_bbox: 0.3763, aux_task1.loss_heatmap: 1.4412, aux_task1.loss_bbox: 0.4136, aux_task2.loss_heatmap: 1.7175, aux_task2.loss_bbox: 0.4656, aux_task3.loss_heatmap: 1.4258, aux_task3.loss_bbox: 0.3604, aux_task4.loss_heatmap: 1.0090, aux_task4.loss_bbox: 0.3812, aux_task5.loss_heatmap: 1.2676, aux_task5.loss_bbox: 0.3946, loss: 25.6931, grad_norm: 41.9672
2025-06-21 20:04:55,827 - mmdet - INFO - Epoch [1][1450/30895]	lr: 1.251e-05, eta: 12 days, 2:25:25, time: 1.691, data_time: 0.027, memory: 18574, loss_cls: 0.9116, loss_bbox: 1.5359, d0.loss_cls: 0.9779, d0.loss_bbox: 1.7086, d1.loss_cls: 0.9225, d1.loss_bbox: 1.5834, d2.loss_cls: 0.9168, d2.loss_bbox: 1.5604, d3.loss_cls: 0.9129, d3.loss_bbox: 1.5459, d4.loss_cls: 0.9090, d4.loss_bbox: 1.5406, aux_task0.loss_heatmap: 1.2665, aux_task0.loss_bbox: 0.3837, aux_task1.loss_heatmap: 1.4291, aux_task1.loss_bbox: 0.4089, aux_task2.loss_heatmap: 1.7149, aux_task2.loss_bbox: 0.4696, aux_task3.loss_heatmap: 1.4358, aux_task3.loss_bbox: 0.3595, aux_task4.loss_heatmap: 0.9976, aux_task4.loss_bbox: 0.3778, aux_task5.loss_heatmap: 1.2340, aux_task5.loss_bbox: 0.3934, loss: 25.4962, grad_norm: 40.9798
2025-06-21 20:06:22,516 - mmdet - INFO - Epoch [1][1500/30895]	lr: 1.251e-05, eta: 12 days, 2:36:55, time: 1.734, data_time: 0.028, memory: 18574, loss_cls: 0.9100, loss_bbox: 1.5330, d0.loss_cls: 0.9728, d0.loss_bbox: 1.7078, d1.loss_cls: 0.9193, d1.loss_bbox: 1.5836, d2.loss_cls: 0.9140, d2.loss_bbox: 1.5598, d3.loss_cls: 0.9104, d3.loss_bbox: 1.5459, d4.loss_cls: 0.9089, d4.loss_bbox: 1.5394, aux_task0.loss_heatmap: 1.2319, aux_task0.loss_bbox: 0.3760, aux_task1.loss_heatmap: 1.4371, aux_task1.loss_bbox: 0.4287, aux_task2.loss_heatmap: 1.6970, aux_task2.loss_bbox: 0.4573, aux_task3.loss_heatmap: 1.4019, aux_task3.loss_bbox: 0.3649, aux_task4.loss_heatmap: 0.9763, aux_task4.loss_bbox: 0.3808, aux_task5.loss_heatmap: 1.2154, aux_task5.loss_bbox: 0.3993, loss: 25.3717, grad_norm: 42.4587
2025-06-21 20:07:53,187 - mmdet - INFO - Epoch [1][1550/30895]	lr: 1.251e-05, eta: 12 days, 3:13:59, time: 1.813, data_time: 0.069, memory: 18574, loss_cls: 0.9094, loss_bbox: 1.5242, d0.loss_cls: 0.9695, d0.loss_bbox: 1.7023, d1.loss_cls: 0.9166, d1.loss_bbox: 1.5754, d2.loss_cls: 0.9145, d2.loss_bbox: 1.5532, d3.loss_cls: 0.9071, d3.loss_bbox: 1.5397, d4.loss_cls: 0.9086, d4.loss_bbox: 1.5305, aux_task0.loss_heatmap: 1.2438, aux_task0.loss_bbox: 0.3826, aux_task1.loss_heatmap: 1.4449, aux_task1.loss_bbox: 0.4198, aux_task2.loss_heatmap: 1.7056, aux_task2.loss_bbox: 0.4635, aux_task3.loss_heatmap: 1.3671, aux_task3.loss_bbox: 0.3558, aux_task4.loss_heatmap: 0.9523, aux_task4.loss_bbox: 0.3601, aux_task5.loss_heatmap: 1.1984, aux_task5.loss_bbox: 0.3869, loss: 25.2319, grad_norm: 49.3118
2025-06-21 20:09:19,017 - mmdet - INFO - Epoch [1][1600/30895]	lr: 1.251e-05, eta: 12 days, 3:17:34, time: 1.717, data_time: 0.025, memory: 18574, loss_cls: 0.9035, loss_bbox: 1.5137, d0.loss_cls: 0.9654, d0.loss_bbox: 1.6937, d1.loss_cls: 0.9131, d1.loss_bbox: 1.5649, d2.loss_cls: 0.9073, d2.loss_bbox: 1.5452, d3.loss_cls: 0.9005, d3.loss_bbox: 1.5335, d4.loss_cls: 0.9008, d4.loss_bbox: 1.5232, aux_task0.loss_heatmap: 1.2049, aux_task0.loss_bbox: 0.3722, aux_task1.loss_heatmap: 1.3925, aux_task1.loss_bbox: 0.4092, aux_task2.loss_heatmap: 1.6873, aux_task2.loss_bbox: 0.4447, aux_task3.loss_heatmap: 1.3978, aux_task3.loss_bbox: 0.3635, aux_task4.loss_heatmap: 0.9411, aux_task4.loss_bbox: 0.3717, aux_task5.loss_heatmap: 1.1878, aux_task5.loss_bbox: 0.3873, loss: 25.0247, grad_norm: 41.5815
2025-06-21 20:10:44,429 - mmdet - INFO - Epoch [1][1650/30895]	lr: 1.251e-05, eta: 12 days, 3:18:13, time: 1.708, data_time: 0.030, memory: 18574, loss_cls: 0.9002, loss_bbox: 1.5200, d0.loss_cls: 0.9538, d0.loss_bbox: 1.7115, d1.loss_cls: 0.9092, d1.loss_bbox: 1.5757, d2.loss_cls: 0.9045, d2.loss_bbox: 1.5561, d3.loss_cls: 0.8973, d3.loss_bbox: 1.5429, d4.loss_cls: 0.8977, d4.loss_bbox: 1.5303, aux_task0.loss_heatmap: 1.2164, aux_task0.loss_bbox: 0.3852, aux_task1.loss_heatmap: 1.3925, aux_task1.loss_bbox: 0.4130, aux_task2.loss_heatmap: 1.6694, aux_task2.loss_bbox: 0.4499, aux_task3.loss_heatmap: 1.3360, aux_task3.loss_bbox: 0.3507, aux_task4.loss_heatmap: 0.9369, aux_task4.loss_bbox: 0.3734, aux_task5.loss_heatmap: 1.1800, aux_task5.loss_bbox: 0.3900, loss: 24.9929, grad_norm: 44.4180
2025-06-21 20:12:09,997 - mmdet - INFO - Epoch [1][1700/30895]	lr: 1.251e-05, eta: 12 days, 3:19:42, time: 1.711, data_time: 0.026, memory: 18574, loss_cls: 0.8878, loss_bbox: 1.4884, d0.loss_cls: 0.9459, d0.loss_bbox: 1.6745, d1.loss_cls: 0.8935, d1.loss_bbox: 1.5491, d2.loss_cls: 0.8877, d2.loss_bbox: 1.5312, d3.loss_cls: 0.8858, d3.loss_bbox: 1.5130, d4.loss_cls: 0.8860, d4.loss_bbox: 1.4986, aux_task0.loss_heatmap: 1.1939, aux_task0.loss_bbox: 0.3787, aux_task1.loss_heatmap: 1.3887, aux_task1.loss_bbox: 0.4192, aux_task2.loss_heatmap: 1.6704, aux_task2.loss_bbox: 0.4592, aux_task3.loss_heatmap: 1.3456, aux_task3.loss_bbox: 0.3521, aux_task4.loss_heatmap: 0.8979, aux_task4.loss_bbox: 0.3620, aux_task5.loss_heatmap: 1.1686, aux_task5.loss_bbox: 0.3859, loss: 24.6637, grad_norm: 44.4746
2025-06-21 20:13:37,451 - mmdet - INFO - Epoch [1][1750/30895]	lr: 1.251e-05, eta: 12 days, 3:32:05, time: 1.749, data_time: 0.028, memory: 18574, loss_cls: 0.8901, loss_bbox: 1.4819, d0.loss_cls: 0.9443, d0.loss_bbox: 1.6801, d1.loss_cls: 0.8995, d1.loss_bbox: 1.5454, d2.loss_cls: 0.8906, d2.loss_bbox: 1.5281, d3.loss_cls: 0.8869, d3.loss_bbox: 1.5119, d4.loss_cls: 0.8874, d4.loss_bbox: 1.4960, aux_task0.loss_heatmap: 1.1846, aux_task0.loss_bbox: 0.3761, aux_task1.loss_heatmap: 1.3821, aux_task1.loss_bbox: 0.4001, aux_task2.loss_heatmap: 1.6528, aux_task2.loss_bbox: 0.4554, aux_task3.loss_heatmap: 1.3113, aux_task3.loss_bbox: 0.3539, aux_task4.loss_heatmap: 0.9298, aux_task4.loss_bbox: 0.3618, aux_task5.loss_heatmap: 1.1466, aux_task5.loss_bbox: 0.3811, loss: 24.5776, grad_norm: 42.4523
2025-06-21 20:15:07,329 - mmdet - INFO - Epoch [1][1800/30895]	lr: 1.251e-05, eta: 12 days, 3:57:32, time: 1.798, data_time: 0.029, memory: 18574, loss_cls: 0.8804, loss_bbox: 1.4587, d0.loss_cls: 0.9364, d0.loss_bbox: 1.6458, d1.loss_cls: 0.8911, d1.loss_bbox: 1.5279, d2.loss_cls: 0.8862, d2.loss_bbox: 1.5084, d3.loss_cls: 0.8797, d3.loss_bbox: 1.4896, d4.loss_cls: 0.8787, d4.loss_bbox: 1.4713, aux_task0.loss_heatmap: 1.2006, aux_task0.loss_bbox: 0.3728, aux_task1.loss_heatmap: 1.3507, aux_task1.loss_bbox: 0.4058, aux_task2.loss_heatmap: 1.6579, aux_task2.loss_bbox: 0.4510, aux_task3.loss_heatmap: 1.2951, aux_task3.loss_bbox: 0.3526, aux_task4.loss_heatmap: 0.8831, aux_task4.loss_bbox: 0.3648, aux_task5.loss_heatmap: 1.1744, aux_task5.loss_bbox: 0.3861, loss: 24.3490, grad_norm: 46.0122
2025-06-21 20:16:31,681 - mmdet - INFO - Epoch [1][1850/30895]	lr: 1.252e-05, eta: 12 days, 3:50:51, time: 1.687, data_time: 0.027, memory: 18574, loss_cls: 0.8695, loss_bbox: 1.4304, d0.loss_cls: 0.9288, d0.loss_bbox: 1.6342, d1.loss_cls: 0.8802, d1.loss_bbox: 1.5109, d2.loss_cls: 0.8741, d2.loss_bbox: 1.4918, d3.loss_cls: 0.8709, d3.loss_bbox: 1.4688, d4.loss_cls: 0.8681, d4.loss_bbox: 1.4479, aux_task0.loss_heatmap: 1.1197, aux_task0.loss_bbox: 0.3698, aux_task1.loss_heatmap: 1.3789, aux_task1.loss_bbox: 0.4067, aux_task2.loss_heatmap: 1.6611, aux_task2.loss_bbox: 0.4423, aux_task3.loss_heatmap: 1.2877, aux_task3.loss_bbox: 0.3515, aux_task4.loss_heatmap: 0.8519, aux_task4.loss_bbox: 0.3644, aux_task5.loss_heatmap: 1.1355, aux_task5.loss_bbox: 0.3821, loss: 24.0269, grad_norm: 47.6896
2025-06-21 20:17:59,632 - mmdet - INFO - Epoch [1][1900/30895]	lr: 1.252e-05, eta: 12 days, 4:03:54, time: 1.759, data_time: 0.026, memory: 18574, loss_cls: 0.8703, loss_bbox: 1.4100, d0.loss_cls: 0.9196, d0.loss_bbox: 1.6381, d1.loss_cls: 0.8784, d1.loss_bbox: 1.5044, d2.loss_cls: 0.8720, d2.loss_bbox: 1.4812, d3.loss_cls: 0.8675, d3.loss_bbox: 1.4567, d4.loss_cls: 0.8674, d4.loss_bbox: 1.4302, aux_task0.loss_heatmap: 1.1388, aux_task0.loss_bbox: 0.3708, aux_task1.loss_heatmap: 1.3293, aux_task1.loss_bbox: 0.4025, aux_task2.loss_heatmap: 1.6392, aux_task2.loss_bbox: 0.4381, aux_task3.loss_heatmap: 1.2943, aux_task3.loss_bbox: 0.3532, aux_task4.loss_heatmap: 0.8660, aux_task4.loss_bbox: 0.3588, aux_task5.loss_heatmap: 1.1228, aux_task5.loss_bbox: 0.3806, loss: 23.8902, grad_norm: 49.4196
2025-06-21 20:19:23,925 - mmdet - INFO - Epoch [1][1950/30895]	lr: 1.252e-05, eta: 12 days, 3:56:57, time: 1.686, data_time: 0.025, memory: 18574, loss_cls: 0.8674, loss_bbox: 1.3947, d0.loss_cls: 0.9123, d0.loss_bbox: 1.6285, d1.loss_cls: 0.8728, d1.loss_bbox: 1.4903, d2.loss_cls: 0.8692, d2.loss_bbox: 1.4702, d3.loss_cls: 0.8635, d3.loss_bbox: 1.4430, d4.loss_cls: 0.8638, d4.loss_bbox: 1.4130, aux_task0.loss_heatmap: 1.1537, aux_task0.loss_bbox: 0.3802, aux_task1.loss_heatmap: 1.3310, aux_task1.loss_bbox: 0.4061, aux_task2.loss_heatmap: 1.6390, aux_task2.loss_bbox: 0.4426, aux_task3.loss_heatmap: 1.2613, aux_task3.loss_bbox: 0.3480, aux_task4.loss_heatmap: 0.8613, aux_task4.loss_bbox: 0.3629, aux_task5.loss_heatmap: 1.0796, aux_task5.loss_bbox: 0.3753, loss: 23.7299, grad_norm: 48.6013
2025-06-21 20:20:49,149 - mmdet - INFO - Exp name: lidar_0075v_900q_split1_2x2_hednetmiddleencoder_hednetbackbone4_dss0511_dp03_hugeep2_num2_conv_xy_rope.py
2025-06-21 20:20:49,149 - mmdet - INFO - Epoch [1][2000/30895]	lr: 1.252e-05, eta: 12 days, 3:55:03, time: 1.704, data_time: 0.025, memory: 18574, loss_cls: 0.8568, loss_bbox: 1.3735, d0.loss_cls: 0.9036, d0.loss_bbox: 1.6142, d1.loss_cls: 0.8657, d1.loss_bbox: 1.4765, d2.loss_cls: 0.8584, d2.loss_bbox: 1.4516, d3.loss_cls: 0.8533, d3.loss_bbox: 1.4208, d4.loss_cls: 0.8525, d4.loss_bbox: 1.3911, aux_task0.loss_heatmap: 1.1014, aux_task0.loss_bbox: 0.3547, aux_task1.loss_heatmap: 1.3524, aux_task1.loss_bbox: 0.4083, aux_task2.loss_heatmap: 1.6119, aux_task2.loss_bbox: 0.4414, aux_task3.loss_heatmap: 1.2415, aux_task3.loss_bbox: 0.3402, aux_task4.loss_heatmap: 0.8343, aux_task4.loss_bbox: 0.3571, aux_task5.loss_heatmap: 1.0998, aux_task5.loss_bbox: 0.3762, loss: 23.4372, grad_norm: 52.4050
2025-06-21 20:22:15,398 - mmdet - INFO - Epoch [1][2050/30895]	lr: 1.252e-05, eta: 12 days, 3:58:18, time: 1.725, data_time: 0.025, memory: 18574, loss_cls: 0.8630, loss_bbox: 1.3509, d0.loss_cls: 0.9031, d0.loss_bbox: 1.6026, d1.loss_cls: 0.8663, d1.loss_bbox: 1.4478, d2.loss_cls: 0.8594, d2.loss_bbox: 1.4274, d3.loss_cls: 0.8593, d3.loss_bbox: 1.3906, d4.loss_cls: 0.8584, d4.loss_bbox: 1.3617, aux_task0.loss_heatmap: 1.0915, aux_task0.loss_bbox: 0.3677, aux_task1.loss_heatmap: 1.3334, aux_task1.loss_bbox: 0.4015, aux_task2.loss_heatmap: 1.6361, aux_task2.loss_bbox: 0.4317, aux_task3.loss_heatmap: 1.2666, aux_task3.loss_bbox: 0.3555, aux_task4.loss_heatmap: 0.8477, aux_task4.loss_bbox: 0.3587, aux_task5.loss_heatmap: 1.0802, aux_task5.loss_bbox: 0.3783, loss: 23.3394, grad_norm: 53.6219
2025-06-21 20:23:41,242 - mmdet - INFO - Epoch [1][2100/30895]	lr: 1.252e-05, eta: 12 days, 3:59:21, time: 1.717, data_time: 0.025, memory: 18574, loss_cls: 0.8701, loss_bbox: 1.3399, d0.loss_cls: 0.9046, d0.loss_bbox: 1.6017, d1.loss_cls: 0.8714, d1.loss_bbox: 1.4424, d2.loss_cls: 0.8666, d2.loss_bbox: 1.4224, d3.loss_cls: 0.8642, d3.loss_bbox: 1.3854, d4.loss_cls: 0.8647, d4.loss_bbox: 1.3542, aux_task0.loss_heatmap: 1.1255, aux_task0.loss_bbox: 0.3702, aux_task1.loss_heatmap: 1.3406, aux_task1.loss_bbox: 0.4139, aux_task2.loss_heatmap: 1.5887, aux_task2.loss_bbox: 0.4352, aux_task3.loss_heatmap: 1.2485, aux_task3.loss_bbox: 0.3374, aux_task4.loss_heatmap: 0.8347, aux_task4.loss_bbox: 0.3615, aux_task5.loss_heatmap: 1.0828, aux_task5.loss_bbox: 0.3698, loss: 23.2965, grad_norm: 51.9039
2025-06-21 20:25:09,093 - mmdet - INFO - Epoch [1][2150/30895]	lr: 1.252e-05, eta: 12 days, 4:09:52, time: 1.757, data_time: 0.027, memory: 18574, loss_cls: 0.8424, loss_bbox: 1.3278, d0.loss_cls: 0.8796, d0.loss_bbox: 1.6003, d1.loss_cls: 0.8440, d1.loss_bbox: 1.4394, d2.loss_cls: 0.8403, d2.loss_bbox: 1.4101, d3.loss_cls: 0.8395, d3.loss_bbox: 1.3733, d4.loss_cls: 0.8397, d4.loss_bbox: 1.3425, aux_task0.loss_heatmap: 1.0898, aux_task0.loss_bbox: 0.3541, aux_task1.loss_heatmap: 1.3142, aux_task1.loss_bbox: 0.4027, aux_task2.loss_heatmap: 1.6211, aux_task2.loss_bbox: 0.4371, aux_task3.loss_heatmap: 1.1932, aux_task3.loss_bbox: 0.3426, aux_task4.loss_heatmap: 0.8252, aux_task4.loss_bbox: 0.3609, aux_task5.loss_heatmap: 1.0752, aux_task5.loss_bbox: 0.3620, loss: 22.9576, grad_norm: 51.0180
2025-06-21 20:26:35,352 - mmdet - INFO - Epoch [1][2200/30895]	lr: 1.252e-05, eta: 12 days, 4:12:25, time: 1.725, data_time: 0.027, memory: 18574, loss_cls: 0.8603, loss_bbox: 1.3447, d0.loss_cls: 0.8974, d0.loss_bbox: 1.6145, d1.loss_cls: 0.8639, d1.loss_bbox: 1.4473, d2.loss_cls: 0.8580, d2.loss_bbox: 1.4234, d3.loss_cls: 0.8563, d3.loss_bbox: 1.3859, d4.loss_cls: 0.8575, d4.loss_bbox: 1.3547, aux_task0.loss_heatmap: 1.1087, aux_task0.loss_bbox: 0.3741, aux_task1.loss_heatmap: 1.3066, aux_task1.loss_bbox: 0.3965, aux_task2.loss_heatmap: 1.6055, aux_task2.loss_bbox: 0.4463, aux_task3.loss_heatmap: 1.2066, aux_task3.loss_bbox: 0.3481, aux_task4.loss_heatmap: 0.8672, aux_task4.loss_bbox: 0.3718, aux_task5.loss_heatmap: 1.0571, aux_task5.loss_bbox: 0.3700, loss: 23.2223, grad_norm: 53.8175
2025-06-21 20:28:01,769 - mmdet - INFO - Epoch [1][2250/30895]	lr: 1.252e-05, eta: 12 days, 4:15:30, time: 1.728, data_time: 0.024, memory: 18574, loss_cls: 0.8503, loss_bbox: 1.2988, d0.loss_cls: 0.8847, d0.loss_bbox: 1.5875, d1.loss_cls: 0.8555, d1.loss_bbox: 1.4101, d2.loss_cls: 0.8484, d2.loss_bbox: 1.3839, d3.loss_cls: 0.8478, d3.loss_bbox: 1.3403, d4.loss_cls: 0.8473, d4.loss_bbox: 1.3114, aux_task0.loss_heatmap: 1.0843, aux_task0.loss_bbox: 0.3626, aux_task1.loss_heatmap: 1.2741, aux_task1.loss_bbox: 0.3926, aux_task2.loss_heatmap: 1.5861, aux_task2.loss_bbox: 0.4311, aux_task3.loss_heatmap: 1.1941, aux_task3.loss_bbox: 0.3446, aux_task4.loss_heatmap: 0.8420, aux_task4.loss_bbox: 0.3551, aux_task5.loss_heatmap: 1.0212, aux_task5.loss_bbox: 0.3714, loss: 22.7251, grad_norm: 56.5794
2025-06-21 20:29:27,532 - mmdet - INFO - Epoch [1][2300/30895]	lr: 1.252e-05, eta: 12 days, 4:15:28, time: 1.715, data_time: 0.028, memory: 18574, loss_cls: 0.8476, loss_bbox: 1.2925, d0.loss_cls: 0.8790, d0.loss_bbox: 1.5770, d1.loss_cls: 0.8505, d1.loss_bbox: 1.3935, d2.loss_cls: 0.8431, d2.loss_bbox: 1.3698, d3.loss_cls: 0.8428, d3.loss_bbox: 1.3335, d4.loss_cls: 0.8457, d4.loss_bbox: 1.3021, aux_task0.loss_heatmap: 1.0724, aux_task0.loss_bbox: 0.3656, aux_task1.loss_heatmap: 1.3176, aux_task1.loss_bbox: 0.4033, aux_task2.loss_heatmap: 1.5814, aux_task2.loss_bbox: 0.4421, aux_task3.loss_heatmap: 1.1636, aux_task3.loss_bbox: 0.3385, aux_task4.loss_heatmap: 0.8465, aux_task4.loss_bbox: 0.3546, aux_task5.loss_heatmap: 1.0176, aux_task5.loss_bbox: 0.3695, loss: 22.6500, grad_norm: 52.4549
2025-06-21 20:30:53,178 - mmdet - INFO - Epoch [1][2350/30895]	lr: 1.253e-05, eta: 12 days, 4:14:52, time: 1.713, data_time: 0.025, memory: 18574, loss_cls: 0.8384, loss_bbox: 1.2801, d0.loss_cls: 0.8649, d0.loss_bbox: 1.5619, d1.loss_cls: 0.8435, d1.loss_bbox: 1.3824, d2.loss_cls: 0.8360, d2.loss_bbox: 1.3596, d3.loss_cls: 0.8368, d3.loss_bbox: 1.3211, d4.loss_cls: 0.8373, d4.loss_bbox: 1.2928, aux_task0.loss_heatmap: 1.0515, aux_task0.loss_bbox: 0.3640, aux_task1.loss_heatmap: 1.2709, aux_task1.loss_bbox: 0.3892, aux_task2.loss_heatmap: 1.6015, aux_task2.loss_bbox: 0.4320, aux_task3.loss_heatmap: 1.1812, aux_task3.loss_bbox: 0.3405, aux_task4.loss_heatmap: 0.7981, aux_task4.loss_bbox: 0.3572, aux_task5.loss_heatmap: 1.0665, aux_task5.loss_bbox: 0.3652, loss: 22.4726, grad_norm: 55.1537
2025-06-21 20:32:19,177 - mmdet - INFO - Epoch [1][2400/30895]	lr: 1.253e-05, eta: 12 days, 4:15:46, time: 1.720, data_time: 0.027, memory: 18574, loss_cls: 0.8363, loss_bbox: 1.2587, d0.loss_cls: 0.8608, d0.loss_bbox: 1.5392, d1.loss_cls: 0.8386, d1.loss_bbox: 1.3585, d2.loss_cls: 0.8309, d2.loss_bbox: 1.3358, d3.loss_cls: 0.8321, d3.loss_bbox: 1.2952, d4.loss_cls: 0.8335, d4.loss_bbox: 1.2701, aux_task0.loss_heatmap: 1.0501, aux_task0.loss_bbox: 0.3653, aux_task1.loss_heatmap: 1.2548, aux_task1.loss_bbox: 0.3919, aux_task2.loss_heatmap: 1.5630, aux_task2.loss_bbox: 0.4251, aux_task3.loss_heatmap: 1.1711, aux_task3.loss_bbox: 0.3365, aux_task4.loss_heatmap: 0.8218, aux_task4.loss_bbox: 0.3580, aux_task5.loss_heatmap: 1.0238, aux_task5.loss_bbox: 0.3663, loss: 22.2176, grad_norm: 62.4599
2025-06-21 20:33:44,789 - mmdet - INFO - Epoch [1][2450/30895]	lr: 1.253e-05, eta: 12 days, 4:14:55, time: 1.712, data_time: 0.028, memory: 18574, loss_cls: 0.8398, loss_bbox: 1.2674, d0.loss_cls: 0.8654, d0.loss_bbox: 1.5533, d1.loss_cls: 0.8417, d1.loss_bbox: 1.3691, d2.loss_cls: 0.8359, d2.loss_bbox: 1.3445, d3.loss_cls: 0.8368, d3.loss_bbox: 1.3070, d4.loss_cls: 0.8365, d4.loss_bbox: 1.2769, aux_task0.loss_heatmap: 1.0620, aux_task0.loss_bbox: 0.3576, aux_task1.loss_heatmap: 1.2830, aux_task1.loss_bbox: 0.3961, aux_task2.loss_heatmap: 1.5669, aux_task2.loss_bbox: 0.4189, aux_task3.loss_heatmap: 1.1970, aux_task3.loss_bbox: 0.3360, aux_task4.loss_heatmap: 0.8105, aux_task4.loss_bbox: 0.3487, aux_task5.loss_heatmap: 1.0323, aux_task5.loss_bbox: 0.3651, loss: 22.3485, grad_norm: 71.4604
2025-06-21 20:35:12,555 - mmdet - INFO - Epoch [1][2500/30895]	lr: 1.253e-05, eta: 12 days, 4:22:54, time: 1.755, data_time: 0.028, memory: 18574, loss_cls: 0.8277, loss_bbox: 1.2291, d0.loss_cls: 0.8477, d0.loss_bbox: 1.5251, d1.loss_cls: 0.8312, d1.loss_bbox: 1.3289, d2.loss_cls: 0.8263, d2.loss_bbox: 1.3004, d3.loss_cls: 0.8252, d3.loss_bbox: 1.2653, d4.loss_cls: 0.8260, d4.loss_bbox: 1.2375, aux_task0.loss_heatmap: 1.0327, aux_task0.loss_bbox: 0.3529, aux_task1.loss_heatmap: 1.2638, aux_task1.loss_bbox: 0.3917, aux_task2.loss_heatmap: 1.5193, aux_task2.loss_bbox: 0.4279, aux_task3.loss_heatmap: 1.1696, aux_task3.loss_bbox: 0.3417, aux_task4.loss_heatmap: 0.8030, aux_task4.loss_bbox: 0.3525, aux_task5.loss_heatmap: 1.0076, aux_task5.loss_bbox: 0.3658, loss: 21.8989, grad_norm: 56.9180
2025-06-21 20:36:44,976 - mmdet - INFO - Epoch [1][2550/30895]	lr: 1.253e-05, eta: 12 days, 4:49:14, time: 1.848, data_time: 0.030, memory: 18574, loss_cls: 0.8278, loss_bbox: 1.2403, d0.loss_cls: 0.8495, d0.loss_bbox: 1.5300, d1.loss_cls: 0.8318, d1.loss_bbox: 1.3424, d2.loss_cls: 0.8264, d2.loss_bbox: 1.3144, d3.loss_cls: 0.8239, d3.loss_bbox: 1.2787, d4.loss_cls: 0.8252, d4.loss_bbox: 1.2515, aux_task0.loss_heatmap: 1.0401, aux_task0.loss_bbox: 0.3680, aux_task1.loss_heatmap: 1.2516, aux_task1.loss_bbox: 0.3913, aux_task2.loss_heatmap: 1.5566, aux_task2.loss_bbox: 0.4233, aux_task3.loss_heatmap: 1.1074, aux_task3.loss_bbox: 0.3324, aux_task4.loss_heatmap: 0.7890, aux_task4.loss_bbox: 0.3513, aux_task5.loss_heatmap: 1.0439, aux_task5.loss_bbox: 0.3666, loss: 21.9634, grad_norm: 57.3253
2025-06-21 20:38:11,453 - mmdet - INFO - Epoch [1][2600/30895]	lr: 1.253e-05, eta: 12 days, 4:51:03, time: 1.730, data_time: 0.028, memory: 18672, loss_cls: 0.8170, loss_bbox: 1.2445, d0.loss_cls: 0.8357, d0.loss_bbox: 1.5300, d1.loss_cls: 0.8195, d1.loss_bbox: 1.3440, d2.loss_cls: 0.8134, d2.loss_bbox: 1.3206, d3.loss_cls: 0.8148, d3.loss_bbox: 1.2793, d4.loss_cls: 0.8141, d4.loss_bbox: 1.2547, aux_task0.loss_heatmap: 1.0388, aux_task0.loss_bbox: 0.3676, aux_task1.loss_heatmap: 1.2296, aux_task1.loss_bbox: 0.3840, aux_task2.loss_heatmap: 1.5469, aux_task2.loss_bbox: 0.4306, aux_task3.loss_heatmap: 1.1511, aux_task3.loss_bbox: 0.3432, aux_task4.loss_heatmap: 0.7870, aux_task4.loss_bbox: 0.3556, aux_task5.loss_heatmap: 0.9915, aux_task5.loss_bbox: 0.3636, loss: 21.8772, grad_norm: 62.2346
2025-06-21 20:39:37,926 - mmdet - INFO - Epoch [1][2650/30895]	lr: 1.253e-05, eta: 12 days, 4:52:41, time: 1.729, data_time: 0.026, memory: 18672, loss_cls: 0.8294, loss_bbox: 1.2478, d0.loss_cls: 0.8501, d0.loss_bbox: 1.5273, d1.loss_cls: 0.8286, d1.loss_bbox: 1.3412, d2.loss_cls: 0.8237, d2.loss_bbox: 1.3167, d3.loss_cls: 0.8253, d3.loss_bbox: 1.2820, d4.loss_cls: 0.8261, d4.loss_bbox: 1.2570, aux_task0.loss_heatmap: 1.0572, aux_task0.loss_bbox: 0.3683, aux_task1.loss_heatmap: 1.2410, aux_task1.loss_bbox: 0.3943, aux_task2.loss_heatmap: 1.5577, aux_task2.loss_bbox: 0.4275, aux_task3.loss_heatmap: 1.1184, aux_task3.loss_bbox: 0.3431, aux_task4.loss_heatmap: 0.7861, aux_task4.loss_bbox: 0.3577, aux_task5.loss_heatmap: 1.0247, aux_task5.loss_bbox: 0.3690, loss: 22.0000, grad_norm: 61.7937
2025-06-21 20:41:03,658 - mmdet - INFO - Epoch [1][2700/30895]	lr: 1.253e-05, eta: 12 days, 4:51:27, time: 1.715, data_time: 0.024, memory: 18672, loss_cls: 0.8198, loss_bbox: 1.2287, d0.loss_cls: 0.8406, d0.loss_bbox: 1.5197, d1.loss_cls: 0.8162, d1.loss_bbox: 1.3271, d2.loss_cls: 0.8141, d2.loss_bbox: 1.2989, d3.loss_cls: 0.8140, d3.loss_bbox: 1.2635, d4.loss_cls: 0.8157, d4.loss_bbox: 1.2384, aux_task0.loss_heatmap: 1.0188, aux_task0.loss_bbox: 0.3719, aux_task1.loss_heatmap: 1.2392, aux_task1.loss_bbox: 0.3900, aux_task2.loss_heatmap: 1.5005, aux_task2.loss_bbox: 0.4239, aux_task3.loss_heatmap: 1.1157, aux_task3.loss_bbox: 0.3412, aux_task4.loss_heatmap: 0.7919, aux_task4.loss_bbox: 0.3520, aux_task5.loss_heatmap: 0.9957, aux_task5.loss_bbox: 0.3649, loss: 21.7023, grad_norm: 62.9940
2025-06-21 20:42:29,468 - mmdet - INFO - Epoch [1][2750/30895]	lr: 1.253e-05, eta: 12 days, 4:50:29, time: 1.716, data_time: 0.025, memory: 18672, loss_cls: 0.8174, loss_bbox: 1.2308, d0.loss_cls: 0.8353, d0.loss_bbox: 1.5007, d1.loss_cls: 0.8159, d1.loss_bbox: 1.3248, d2.loss_cls: 0.8145, d2.loss_bbox: 1.2985, d3.loss_cls: 0.8147, d3.loss_bbox: 1.2614, d4.loss_cls: 0.8146, d4.loss_bbox: 1.2392, aux_task0.loss_heatmap: 1.0182, aux_task0.loss_bbox: 0.3505, aux_task1.loss_heatmap: 1.2376, aux_task1.loss_bbox: 0.3942, aux_task2.loss_heatmap: 1.5273, aux_task2.loss_bbox: 0.4263, aux_task3.loss_heatmap: 1.0976, aux_task3.loss_bbox: 0.3392, aux_task4.loss_heatmap: 0.7921, aux_task4.loss_bbox: 0.3481, aux_task5.loss_heatmap: 0.9695, aux_task5.loss_bbox: 0.3633, loss: 21.6317, grad_norm: 56.7961
2025-06-21 20:43:55,553 - mmdet - INFO - Epoch [1][2800/30895]	lr: 1.254e-05, eta: 12 days, 4:50:31, time: 1.722, data_time: 0.028, memory: 18672, loss_cls: 0.8194, loss_bbox: 1.1900, d0.loss_cls: 0.8376, d0.loss_bbox: 1.4697, d1.loss_cls: 0.8179, d1.loss_bbox: 1.2795, d2.loss_cls: 0.8153, d2.loss_bbox: 1.2524, d3.loss_cls: 0.8142, d3.loss_bbox: 1.2207, d4.loss_cls: 0.8172, d4.loss_bbox: 1.1988, aux_task0.loss_heatmap: 1.0219, aux_task0.loss_bbox: 0.3635, aux_task1.loss_heatmap: 1.1948, aux_task1.loss_bbox: 0.3899, aux_task2.loss_heatmap: 1.5064, aux_task2.loss_bbox: 0.4147, aux_task3.loss_heatmap: 1.1035, aux_task3.loss_bbox: 0.3422, aux_task4.loss_heatmap: 0.7861, aux_task4.loss_bbox: 0.3557, aux_task5.loss_heatmap: 0.9705, aux_task5.loss_bbox: 0.3557, loss: 21.3377, grad_norm: 62.6943
2025-06-21 20:45:18,958 - mmdet - INFO - Epoch [1][2850/30895]	lr: 1.254e-05, eta: 12 days, 4:40:44, time: 1.668, data_time: 0.025, memory: 18672, loss_cls: 0.8236, loss_bbox: 1.2054, d0.loss_cls: 0.8396, d0.loss_bbox: 1.4792, d1.loss_cls: 0.8195, d1.loss_bbox: 1.2993, d2.loss_cls: 0.8173, d2.loss_bbox: 1.2691, d3.loss_cls: 0.8178, d3.loss_bbox: 1.2387, d4.loss_cls: 0.8199, d4.loss_bbox: 1.2163, aux_task0.loss_heatmap: 1.0034, aux_task0.loss_bbox: 0.3557, aux_task1.loss_heatmap: 1.2127, aux_task1.loss_bbox: 0.3920, aux_task2.loss_heatmap: 1.4922, aux_task2.loss_bbox: 0.4211, aux_task3.loss_heatmap: 1.1062, aux_task3.loss_bbox: 0.3347, aux_task4.loss_heatmap: 0.7816, aux_task4.loss_bbox: 0.3540, aux_task5.loss_heatmap: 0.9747, aux_task5.loss_bbox: 0.3618, loss: 21.4357, grad_norm: 59.8647
2025-06-21 20:46:41,837 - mmdet - INFO - Epoch [1][2900/30895]	lr: 1.254e-05, eta: 12 days, 4:29:36, time: 1.658, data_time: 0.026, memory: 18672, loss_cls: 0.8122, loss_bbox: 1.1871, d0.loss_cls: 0.8254, d0.loss_bbox: 1.4472, d1.loss_cls: 0.8090, d1.loss_bbox: 1.2813, d2.loss_cls: 0.8069, d2.loss_bbox: 1.2521, d3.loss_cls: 0.8089, d3.loss_bbox: 1.2182, d4.loss_cls: 0.8093, d4.loss_bbox: 1.1973, aux_task0.loss_heatmap: 0.9609, aux_task0.loss_bbox: 0.3397, aux_task1.loss_heatmap: 1.2154, aux_task1.loss_bbox: 0.3877, aux_task2.loss_heatmap: 1.5156, aux_task2.loss_bbox: 0.4236, aux_task3.loss_heatmap: 1.0860, aux_task3.loss_bbox: 0.3278, aux_task4.loss_heatmap: 0.7741, aux_task4.loss_bbox: 0.3404, aux_task5.loss_heatmap: 0.9584, aux_task5.loss_bbox: 0.3597, loss: 21.1441, grad_norm: 59.9714
2025-06-21 20:48:09,149 - mmdet - INFO - Epoch [1][2950/30895]	lr: 1.254e-05, eta: 12 days, 4:34:06, time: 1.746, data_time: 0.024, memory: 18672, loss_cls: 0.7983, loss_bbox: 1.2046, d0.loss_cls: 0.8183, d0.loss_bbox: 1.4688, d1.loss_cls: 0.7962, d1.loss_bbox: 1.2918, d2.loss_cls: 0.7953, d2.loss_bbox: 1.2629, d3.loss_cls: 0.7957, d3.loss_bbox: 1.2310, d4.loss_cls: 0.7955, d4.loss_bbox: 1.2129, aux_task0.loss_heatmap: 0.9707, aux_task0.loss_bbox: 0.3630, aux_task1.loss_heatmap: 1.1948, aux_task1.loss_bbox: 0.3936, aux_task2.loss_heatmap: 1.5234, aux_task2.loss_bbox: 0.4276, aux_task3.loss_heatmap: 1.1009, aux_task3.loss_bbox: 0.3330, aux_task4.loss_heatmap: 0.7737, aux_task4.loss_bbox: 0.3466, aux_task5.loss_heatmap: 0.9377, aux_task5.loss_bbox: 0.3573, loss: 21.1938, grad_norm: 57.9187
2025-06-21 20:49:35,138 - mmdet - INFO - Exp name: lidar_0075v_900q_split1_2x2_hednetmiddleencoder_hednetbackbone4_dss0511_dp03_hugeep2_num2_conv_xy_rope.py
2025-06-21 20:49:35,138 - mmdet - INFO - Epoch [1][3000/30895]	lr: 1.254e-05, eta: 12 days, 4:33:52, time: 1.720, data_time: 0.047, memory: 18672, loss_cls: 0.8106, loss_bbox: 1.1859, d0.loss_cls: 0.8253, d0.loss_bbox: 1.4374, d1.loss_cls: 0.8088, d1.loss_bbox: 1.2675, d2.loss_cls: 0.8047, d2.loss_bbox: 1.2425, d3.loss_cls: 0.8054, d3.loss_bbox: 1.2134, d4.loss_cls: 0.8083, d4.loss_bbox: 1.1940, aux_task0.loss_heatmap: 1.0036, aux_task0.loss_bbox: 0.3641, aux_task1.loss_heatmap: 1.1785, aux_task1.loss_bbox: 0.3849, aux_task2.loss_heatmap: 1.5150, aux_task2.loss_bbox: 0.4318, aux_task3.loss_heatmap: 1.0623, aux_task3.loss_bbox: 0.3326, aux_task4.loss_heatmap: 0.7938, aux_task4.loss_bbox: 0.3485, aux_task5.loss_heatmap: 0.9226, aux_task5.loss_bbox: 0.3574, loss: 21.0990, grad_norm: 60.6029
2025-06-21 20:51:01,424 - mmdet - INFO - Epoch [1][3050/30895]	lr: 1.254e-05, eta: 12 days, 4:34:36, time: 1.726, data_time: 0.024, memory: 18672, loss_cls: 0.8105, loss_bbox: 1.1862, d0.loss_cls: 0.8217, d0.loss_bbox: 1.4400, d1.loss_cls: 0.8034, d1.loss_bbox: 1.2716, d2.loss_cls: 0.8031, d2.loss_bbox: 1.2429, d3.loss_cls: 0.8055, d3.loss_bbox: 1.2132, d4.loss_cls: 0.8075, d4.loss_bbox: 1.1935, aux_task0.loss_heatmap: 0.9750, aux_task0.loss_bbox: 0.3482, aux_task1.loss_heatmap: 1.2143, aux_task1.loss_bbox: 0.3897, aux_task2.loss_heatmap: 1.5121, aux_task2.loss_bbox: 0.4118, aux_task3.loss_heatmap: 1.0801, aux_task3.loss_bbox: 0.3313, aux_task4.loss_heatmap: 0.7636, aux_task4.loss_bbox: 0.3452, aux_task5.loss_heatmap: 0.9161, aux_task5.loss_bbox: 0.3548, loss: 21.0413, grad_norm: 63.6270
2025-06-21 20:52:26,754 - mmdet - INFO - Epoch [1][3100/30895]	lr: 1.254e-05, eta: 12 days, 4:32:06, time: 1.707, data_time: 0.024, memory: 18672, loss_cls: 0.8074, loss_bbox: 1.1733, d0.loss_cls: 0.8160, d0.loss_bbox: 1.4210, d1.loss_cls: 0.8013, d1.loss_bbox: 1.2563, d2.loss_cls: 0.8029, d2.loss_bbox: 1.2265, d3.loss_cls: 0.8039, d3.loss_bbox: 1.2002, d4.loss_cls: 0.8045, d4.loss_bbox: 1.1813, aux_task0.loss_heatmap: 1.0052, aux_task0.loss_bbox: 0.3550, aux_task1.loss_heatmap: 1.1991, aux_task1.loss_bbox: 0.3922, aux_task2.loss_heatmap: 1.4933, aux_task2.loss_bbox: 0.4236, aux_task3.loss_heatmap: 1.0804, aux_task3.loss_bbox: 0.3351, aux_task4.loss_heatmap: 0.7761, aux_task4.loss_bbox: 0.3416, aux_task5.loss_heatmap: 0.9305, aux_task5.loss_bbox: 0.3514, loss: 20.9782, grad_norm: 60.6703
2025-06-21 20:53:52,442 - mmdet - INFO - Epoch [1][3150/30895]	lr: 1.255e-05, eta: 12 days, 4:30:48, time: 1.714, data_time: 0.027, memory: 18672, loss_cls: 0.8034, loss_bbox: 1.1792, d0.loss_cls: 0.8192, d0.loss_bbox: 1.4340, d1.loss_cls: 0.8023, d1.loss_bbox: 1.2667, d2.loss_cls: 0.8003, d2.loss_bbox: 1.2363, d3.loss_cls: 0.8007, d3.loss_bbox: 1.2075, d4.loss_cls: 0.8025, d4.loss_bbox: 1.1871, aux_task0.loss_heatmap: 0.9594, aux_task0.loss_bbox: 0.3559, aux_task1.loss_heatmap: 1.1994, aux_task1.loss_bbox: 0.3843, aux_task2.loss_heatmap: 1.4744, aux_task2.loss_bbox: 0.4211, aux_task3.loss_heatmap: 1.0611, aux_task3.loss_bbox: 0.3256, aux_task4.loss_heatmap: 0.7589, aux_task4.loss_bbox: 0.3424, aux_task5.loss_heatmap: 0.9224, aux_task5.loss_bbox: 0.3548, loss: 20.8987, grad_norm: 59.3757
2025-06-21 20:55:18,643 - mmdet - INFO - Epoch [1][3200/30895]	lr: 1.255e-05, eta: 12 days, 4:31:08, time: 1.724, data_time: 0.024, memory: 18672, loss_cls: 0.7860, loss_bbox: 1.1674, d0.loss_cls: 0.8038, d0.loss_bbox: 1.4189, d1.loss_cls: 0.7833, d1.loss_bbox: 1.2508, d2.loss_cls: 0.7829, d2.loss_bbox: 1.2224, d3.loss_cls: 0.7828, d3.loss_bbox: 1.1949, d4.loss_cls: 0.7858, d4.loss_bbox: 1.1745, aux_task0.loss_heatmap: 0.9372, aux_task0.loss_bbox: 0.3463, aux_task1.loss_heatmap: 1.1941, aux_task1.loss_bbox: 0.3840, aux_task2.loss_heatmap: 1.4779, aux_task2.loss_bbox: 0.4124, aux_task3.loss_heatmap: 1.0491, aux_task3.loss_bbox: 0.3296, aux_task4.loss_heatmap: 0.7531, aux_task4.loss_bbox: 0.3477, aux_task5.loss_heatmap: 0.9164, aux_task5.loss_bbox: 0.3468, loss: 20.6480, grad_norm: 61.3472
2025-06-21 20:56:43,720 - mmdet - INFO - Epoch [1][3250/30895]	lr: 1.255e-05, eta: 12 days, 4:27:53, time: 1.702, data_time: 0.024, memory: 18672, loss_cls: 0.7915, loss_bbox: 1.1802, d0.loss_cls: 0.8093, d0.loss_bbox: 1.4227, d1.loss_cls: 0.7894, d1.loss_bbox: 1.2620, d2.loss_cls: 0.7863, d2.loss_bbox: 1.2354, d3.loss_cls: 0.7865, d3.loss_bbox: 1.2072, d4.loss_cls: 0.7885, d4.loss_bbox: 1.1902, aux_task0.loss_heatmap: 0.9471, aux_task0.loss_bbox: 0.3505, aux_task1.loss_heatmap: 1.1851, aux_task1.loss_bbox: 0.3911, aux_task2.loss_heatmap: 1.4962, aux_task2.loss_bbox: 0.4302, aux_task3.loss_heatmap: 1.0568, aux_task3.loss_bbox: 0.3386, aux_task4.loss_heatmap: 0.7543, aux_task4.loss_bbox: 0.3478, aux_task5.loss_heatmap: 0.8997, aux_task5.loss_bbox: 0.3509, loss: 20.7975, grad_norm: 63.4928
2025-06-21 20:58:08,218 - mmdet - INFO - Epoch [1][3300/30895]	lr: 1.255e-05, eta: 12 days, 4:22:53, time: 1.690, data_time: 0.027, memory: 18672, loss_cls: 0.7891, loss_bbox: 1.1561, d0.loss_cls: 0.8071, d0.loss_bbox: 1.4033, d1.loss_cls: 0.7838, d1.loss_bbox: 1.2408, d2.loss_cls: 0.7856, d2.loss_bbox: 1.2103, d3.loss_cls: 0.7872, d3.loss_bbox: 1.1846, d4.loss_cls: 0.7889, d4.loss_bbox: 1.1651, aux_task0.loss_heatmap: 0.9712, aux_task0.loss_bbox: 0.3517, aux_task1.loss_heatmap: 1.1723, aux_task1.loss_bbox: 0.3869, aux_task2.loss_heatmap: 1.4565, aux_task2.loss_bbox: 0.4211, aux_task3.loss_heatmap: 1.0517, aux_task3.loss_bbox: 0.3259, aux_task4.loss_heatmap: 0.7488, aux_task4.loss_bbox: 0.3442, aux_task5.loss_heatmap: 0.8793, aux_task5.loss_bbox: 0.3483, loss: 20.5598, grad_norm: 63.9690
2025-06-21 20:59:34,053 - mmdet - INFO - Epoch [1][3350/30895]	lr: 1.255e-05, eta: 12 days, 4:22:05, time: 1.717, data_time: 0.025, memory: 18672, loss_cls: 0.7879, loss_bbox: 1.1643, d0.loss_cls: 0.8032, d0.loss_bbox: 1.4089, d1.loss_cls: 0.7877, d1.loss_bbox: 1.2439, d2.loss_cls: 0.7828, d2.loss_bbox: 1.2173, d3.loss_cls: 0.7852, d3.loss_bbox: 1.1891, d4.loss_cls: 0.7862, d4.loss_bbox: 1.1705, aux_task0.loss_heatmap: 0.9373, aux_task0.loss_bbox: 0.3489, aux_task1.loss_heatmap: 1.1730, aux_task1.loss_bbox: 0.3820, aux_task2.loss_heatmap: 1.4512, aux_task2.loss_bbox: 0.4222, aux_task3.loss_heatmap: 1.0644, aux_task3.loss_bbox: 0.3286, aux_task4.loss_heatmap: 0.7471, aux_task4.loss_bbox: 0.3490, aux_task5.loss_heatmap: 0.8929, aux_task5.loss_bbox: 0.3496, loss: 20.5733, grad_norm: 66.5782
2025-06-21 21:01:00,408 - mmdet - INFO - Epoch [1][3400/30895]	lr: 1.255e-05, eta: 12 days, 4:22:49, time: 1.727, data_time: 0.024, memory: 18672, loss_cls: 0.7835, loss_bbox: 1.1601, d0.loss_cls: 0.8005, d0.loss_bbox: 1.3970, d1.loss_cls: 0.7845, d1.loss_bbox: 1.2359, d2.loss_cls: 0.7784, d2.loss_bbox: 1.2112, d3.loss_cls: 0.7819, d3.loss_bbox: 1.1857, d4.loss_cls: 0.7822, d4.loss_bbox: 1.1676, aux_task0.loss_heatmap: 0.9608, aux_task0.loss_bbox: 0.3400, aux_task1.loss_heatmap: 1.1857, aux_task1.loss_bbox: 0.3830, aux_task2.loss_heatmap: 1.4216, aux_task2.loss_bbox: 0.4163, aux_task3.loss_heatmap: 1.0721, aux_task3.loss_bbox: 0.3280, aux_task4.loss_heatmap: 0.7572, aux_task4.loss_bbox: 0.3474, aux_task5.loss_heatmap: 0.8949, aux_task5.loss_bbox: 0.3531, loss: 20.5288, grad_norm: 64.5291
2025-06-21 21:02:28,665 - mmdet - INFO - Epoch [1][3450/30895]	lr: 1.255e-05, eta: 12 days, 4:29:09, time: 1.765, data_time: 0.025, memory: 18672, loss_cls: 0.7841, loss_bbox: 1.1259, d0.loss_cls: 0.7991, d0.loss_bbox: 1.3660, d1.loss_cls: 0.7849, d1.loss_bbox: 1.2078, d2.loss_cls: 0.7818, d2.loss_bbox: 1.1808, d3.loss_cls: 0.7829, d3.loss_bbox: 1.1542, d4.loss_cls: 0.7822, d4.loss_bbox: 1.1359, aux_task0.loss_heatmap: 0.9265, aux_task0.loss_bbox: 0.3517, aux_task1.loss_heatmap: 1.1691, aux_task1.loss_bbox: 0.3800, aux_task2.loss_heatmap: 1.4243, aux_task2.loss_bbox: 0.4182, aux_task3.loss_heatmap: 1.0905, aux_task3.loss_bbox: 0.3303, aux_task4.loss_heatmap: 0.7460, aux_task4.loss_bbox: 0.3429, aux_task5.loss_heatmap: 0.8808, aux_task5.loss_bbox: 0.3435, loss: 20.2895, grad_norm: 63.6364
2025-06-21 21:03:53,909 - mmdet - INFO - Epoch [1][3500/30895]	lr: 1.256e-05, eta: 12 days, 4:26:20, time: 1.704, data_time: 0.023, memory: 18672, loss_cls: 0.7799, loss_bbox: 1.1513, d0.loss_cls: 0.7984, d0.loss_bbox: 1.3846, d1.loss_cls: 0.7818, d1.loss_bbox: 1.2299, d2.loss_cls: 0.7789, d2.loss_bbox: 1.2012, d3.loss_cls: 0.7798, d3.loss_bbox: 1.1747, d4.loss_cls: 0.7804, d4.loss_bbox: 1.1577, aux_task0.loss_heatmap: 0.9378, aux_task0.loss_bbox: 0.3456, aux_task1.loss_heatmap: 1.1715, aux_task1.loss_bbox: 0.3796, aux_task2.loss_heatmap: 1.4665, aux_task2.loss_bbox: 0.4282, aux_task3.loss_heatmap: 1.0519, aux_task3.loss_bbox: 0.3367, aux_task4.loss_heatmap: 0.7241, aux_task4.loss_bbox: 0.3476, aux_task5.loss_heatmap: 0.9049, aux_task5.loss_bbox: 0.3544, loss: 20.4475, grad_norm: 66.4192
2025-06-21 21:05:19,493 - mmdet - INFO - Epoch [1][3550/30895]	lr: 1.256e-05, eta: 12 days, 4:24:45, time: 1.712, data_time: 0.024, memory: 18672, loss_cls: 0.7767, loss_bbox: 1.1421, d0.loss_cls: 0.7920, d0.loss_bbox: 1.3816, d1.loss_cls: 0.7787, d1.loss_bbox: 1.2238, d2.loss_cls: 0.7747, d2.loss_bbox: 1.1958, d3.loss_cls: 0.7762, d3.loss_bbox: 1.1707, d4.loss_cls: 0.7747, d4.loss_bbox: 1.1519, aux_task0.loss_heatmap: 0.8966, aux_task0.loss_bbox: 0.3364, aux_task1.loss_heatmap: 1.1693, aux_task1.loss_bbox: 0.3862, aux_task2.loss_heatmap: 1.4883, aux_task2.loss_bbox: 0.4288, aux_task3.loss_heatmap: 1.0397, aux_task3.loss_bbox: 0.3261, aux_task4.loss_heatmap: 0.7229, aux_task4.loss_bbox: 0.3377, aux_task5.loss_heatmap: 0.8793, aux_task5.loss_bbox: 0.3512, loss: 20.3014, grad_norm: 67.7031
2025-06-21 21:06:45,403 - mmdet - INFO - Epoch [1][3600/30895]	lr: 1.256e-05, eta: 12 days, 4:23:59, time: 1.718, data_time: 0.026, memory: 18672, loss_cls: 0.7709, loss_bbox: 1.1396, d0.loss_cls: 0.7865, d0.loss_bbox: 1.3651, d1.loss_cls: 0.7713, d1.loss_bbox: 1.2150, d2.loss_cls: 0.7696, d2.loss_bbox: 1.1864, d3.loss_cls: 0.7699, d3.loss_bbox: 1.1614, d4.loss_cls: 0.7684, d4.loss_bbox: 1.1455, aux_task0.loss_heatmap: 0.9305, aux_task0.loss_bbox: 0.3538, aux_task1.loss_heatmap: 1.1623, aux_task1.loss_bbox: 0.3877, aux_task2.loss_heatmap: 1.4278, aux_task2.loss_bbox: 0.4266, aux_task3.loss_heatmap: 1.0057, aux_task3.loss_bbox: 0.3304, aux_task4.loss_heatmap: 0.7335, aux_task4.loss_bbox: 0.3484, aux_task5.loss_heatmap: 0.8879, aux_task5.loss_bbox: 0.3469, loss: 20.1911, grad_norm: 66.2115
2025-06-21 21:08:08,526 - mmdet - INFO - Epoch [1][3650/30895]	lr: 1.256e-05, eta: 12 days, 4:15:23, time: 1.662, data_time: 0.023, memory: 18672, loss_cls: 0.7526, loss_bbox: 1.1328, d0.loss_cls: 0.7731, d0.loss_bbox: 1.3682, d1.loss_cls: 0.7538, d1.loss_bbox: 1.2102, d2.loss_cls: 0.7513, d2.loss_bbox: 1.1806, d3.loss_cls: 0.7538, d3.loss_bbox: 1.1571, d4.loss_cls: 0.7520, d4.loss_bbox: 1.1395, aux_task0.loss_heatmap: 0.9259, aux_task0.loss_bbox: 0.3434, aux_task1.loss_heatmap: 1.1607, aux_task1.loss_bbox: 0.3831, aux_task2.loss_heatmap: 1.4311, aux_task2.loss_bbox: 0.4154, aux_task3.loss_heatmap: 1.0105, aux_task3.loss_bbox: 0.3371, aux_task4.loss_heatmap: 0.7296, aux_task4.loss_bbox: 0.3414, aux_task5.loss_heatmap: 0.8453, aux_task5.loss_bbox: 0.3436, loss: 19.9921, grad_norm: 64.0035
2025-06-21 21:09:33,444 - mmdet - INFO - Epoch [1][3700/30895]	lr: 1.256e-05, eta: 12 days, 4:11:57, time: 1.698, data_time: 0.027, memory: 18672, loss_cls: 0.7662, loss_bbox: 1.1260, d0.loss_cls: 0.7830, d0.loss_bbox: 1.3518, d1.loss_cls: 0.7659, d1.loss_bbox: 1.2024, d2.loss_cls: 0.7626, d2.loss_bbox: 1.1727, d3.loss_cls: 0.7641, d3.loss_bbox: 1.1492, d4.loss_cls: 0.7639, d4.loss_bbox: 1.1325, aux_task0.loss_heatmap: 0.9452, aux_task0.loss_bbox: 0.3434, aux_task1.loss_heatmap: 1.1685, aux_task1.loss_bbox: 0.3856, aux_task2.loss_heatmap: 1.4183, aux_task2.loss_bbox: 0.4161, aux_task3.loss_heatmap: 0.9954, aux_task3.loss_bbox: 0.3278, aux_task4.loss_heatmap: 0.7222, aux_task4.loss_bbox: 0.3370, aux_task5.loss_heatmap: 0.8784, aux_task5.loss_bbox: 0.3508, loss: 20.0289, grad_norm: 64.8363
2025-06-21 21:10:57,556 - mmdet - INFO - Epoch [1][3750/30895]	lr: 1.256e-05, eta: 12 days, 4:06:23, time: 1.682, data_time: 0.026, memory: 18672, loss_cls: 0.7659, loss_bbox: 1.1250, d0.loss_cls: 0.7809, d0.loss_bbox: 1.3566, d1.loss_cls: 0.7654, d1.loss_bbox: 1.2056, d2.loss_cls: 0.7640, d2.loss_bbox: 1.1735, d3.loss_cls: 0.7643, d3.loss_bbox: 1.1507, d4.loss_cls: 0.7663, d4.loss_bbox: 1.1328, aux_task0.loss_heatmap: 0.9748, aux_task0.loss_bbox: 0.3408, aux_task1.loss_heatmap: 1.1532, aux_task1.loss_bbox: 0.3823, aux_task2.loss_heatmap: 1.4195, aux_task2.loss_bbox: 0.4108, aux_task3.loss_heatmap: 0.9463, aux_task3.loss_bbox: 0.3253, aux_task4.loss_heatmap: 0.7365, aux_task4.loss_bbox: 0.3410, aux_task5.loss_heatmap: 0.8709, aux_task5.loss_bbox: 0.3491, loss: 20.0016, grad_norm: 68.8699
2025-06-21 21:12:26,510 - mmdet - INFO - Epoch [1][3800/30895]	lr: 1.257e-05, eta: 12 days, 4:13:57, time: 1.779, data_time: 0.023, memory: 18672, loss_cls: 0.7728, loss_bbox: 1.1077, d0.loss_cls: 0.7857, d0.loss_bbox: 1.3304, d1.loss_cls: 0.7685, d1.loss_bbox: 1.1884, d2.loss_cls: 0.7690, d2.loss_bbox: 1.1559, d3.loss_cls: 0.7703, d3.loss_bbox: 1.1306, d4.loss_cls: 0.7703, d4.loss_bbox: 1.1134, aux_task0.loss_heatmap: 0.9039, aux_task0.loss_bbox: 0.3438, aux_task1.loss_heatmap: 1.1041, aux_task1.loss_bbox: 0.3791, aux_task2.loss_heatmap: 1.4124, aux_task2.loss_bbox: 0.4181, aux_task3.loss_heatmap: 1.0294, aux_task3.loss_bbox: 0.3304, aux_task4.loss_heatmap: 0.7311, aux_task4.loss_bbox: 0.3427, aux_task5.loss_heatmap: 0.8806, aux_task5.loss_bbox: 0.3519, loss: 19.8906, grad_norm: 66.1373
2025-06-21 21:13:56,794 - mmdet - INFO - Epoch [1][3850/30895]	lr: 1.257e-05, eta: 12 days, 4:24:49, time: 1.806, data_time: 0.026, memory: 18672, loss_cls: 0.7588, loss_bbox: 1.1136, d0.loss_cls: 0.7731, d0.loss_bbox: 1.3307, d1.loss_cls: 0.7574, d1.loss_bbox: 1.1872, d2.loss_cls: 0.7551, d2.loss_bbox: 1.1592, d3.loss_cls: 0.7569, d3.loss_bbox: 1.1362, d4.loss_cls: 0.7556, d4.loss_bbox: 1.1206, aux_task0.loss_heatmap: 0.9441, aux_task0.loss_bbox: 0.3502, aux_task1.loss_heatmap: 1.1503, aux_task1.loss_bbox: 0.3777, aux_task2.loss_heatmap: 1.4008, aux_task2.loss_bbox: 0.4114, aux_task3.loss_heatmap: 0.9707, aux_task3.loss_bbox: 0.3284, aux_task4.loss_heatmap: 0.7168, aux_task4.loss_bbox: 0.3409, aux_task5.loss_heatmap: 0.8458, aux_task5.loss_bbox: 0.3413, loss: 19.7826, grad_norm: 64.2214
2025-06-21 21:15:20,331 - mmdet - INFO - Epoch [1][3900/30895]	lr: 1.257e-05, eta: 12 days, 4:17:40, time: 1.671, data_time: 0.045, memory: 18672, loss_cls: 0.7512, loss_bbox: 1.0984, d0.loss_cls: 0.7669, d0.loss_bbox: 1.3258, d1.loss_cls: 0.7487, d1.loss_bbox: 1.1771, d2.loss_cls: 0.7454, d2.loss_bbox: 1.1461, d3.loss_cls: 0.7473, d3.loss_bbox: 1.1233, d4.loss_cls: 0.7477, d4.loss_bbox: 1.1068, aux_task0.loss_heatmap: 0.8707, aux_task0.loss_bbox: 0.3334, aux_task1.loss_heatmap: 1.1501, aux_task1.loss_bbox: 0.3759, aux_task2.loss_heatmap: 1.3975, aux_task2.loss_bbox: 0.4146, aux_task3.loss_heatmap: 0.9758, aux_task3.loss_bbox: 0.3180, aux_task4.loss_heatmap: 0.7248, aux_task4.loss_bbox: 0.3376, aux_task5.loss_heatmap: 0.8545, aux_task5.loss_bbox: 0.3464, loss: 19.5838, grad_norm: 66.7870
2025-06-21 21:16:46,697 - mmdet - INFO - Epoch [1][3950/30895]	lr: 1.257e-05, eta: 12 days, 4:18:00, time: 1.727, data_time: 0.026, memory: 18672, loss_cls: 0.7502, loss_bbox: 1.1262, d0.loss_cls: 0.7685, d0.loss_bbox: 1.3444, d1.loss_cls: 0.7494, d1.loss_bbox: 1.2020, d2.loss_cls: 0.7488, d2.loss_bbox: 1.1738, d3.loss_cls: 0.7478, d3.loss_bbox: 1.1512, d4.loss_cls: 0.7472, d4.loss_bbox: 1.1337, aux_task0.loss_heatmap: 0.8987, aux_task0.loss_bbox: 0.3331, aux_task1.loss_heatmap: 1.1468, aux_task1.loss_bbox: 0.3768, aux_task2.loss_heatmap: 1.3911, aux_task2.loss_bbox: 0.4166, aux_task3.loss_heatmap: 0.9997, aux_task3.loss_bbox: 0.3258, aux_task4.loss_heatmap: 0.7116, aux_task4.loss_bbox: 0.3426, aux_task5.loss_heatmap: 0.8791, aux_task5.loss_bbox: 0.3492, loss: 19.8143, grad_norm: 67.5542
2025-06-21 21:18:11,998 - mmdet - INFO - Exp name: lidar_0075v_900q_split1_2x2_hednetmiddleencoder_hednetbackbone4_dss0511_dp03_hugeep2_num2_conv_xy_rope.py
2025-06-21 21:18:11,998 - mmdet - INFO - Epoch [1][4000/30895]	lr: 1.257e-05, eta: 12 days, 4:15:33, time: 1.706, data_time: 0.025, memory: 18672, loss_cls: 0.7447, loss_bbox: 1.1087, d0.loss_cls: 0.7673, d0.loss_bbox: 1.3297, d1.loss_cls: 0.7456, d1.loss_bbox: 1.1878, d2.loss_cls: 0.7420, d2.loss_bbox: 1.1570, d3.loss_cls: 0.7448, d3.loss_bbox: 1.1334, d4.loss_cls: 0.7423, d4.loss_bbox: 1.1165, aux_task0.loss_heatmap: 0.9135, aux_task0.loss_bbox: 0.3371, aux_task1.loss_heatmap: 1.1293, aux_task1.loss_bbox: 0.3809, aux_task2.loss_heatmap: 1.3766, aux_task2.loss_bbox: 0.4218, aux_task3.loss_heatmap: 1.0030, aux_task3.loss_bbox: 0.3226, aux_task4.loss_heatmap: 0.7333, aux_task4.loss_bbox: 0.3399, aux_task5.loss_heatmap: 0.8596, aux_task5.loss_bbox: 0.3437, loss: 19.6809, grad_norm: 68.7513
2025-06-21 21:19:37,862 - mmdet - INFO - Epoch [1][4050/30895]	lr: 1.257e-05, eta: 12 days, 4:14:33, time: 1.717, data_time: 0.027, memory: 18672, loss_cls: 0.7397, loss_bbox: 1.1042, d0.loss_cls: 0.7610, d0.loss_bbox: 1.3187, d1.loss_cls: 0.7404, d1.loss_bbox: 1.1767, d2.loss_cls: 0.7369, d2.loss_bbox: 1.1469, d3.loss_cls: 0.7379, d3.loss_bbox: 1.1249, d4.loss_cls: 0.7380, d4.loss_bbox: 1.1090, aux_task0.loss_heatmap: 0.8984, aux_task0.loss_bbox: 0.3360, aux_task1.loss_heatmap: 1.1407, aux_task1.loss_bbox: 0.3809, aux_task2.loss_heatmap: 1.3951, aux_task2.loss_bbox: 0.4249, aux_task3.loss_heatmap: 0.9799, aux_task3.loss_bbox: 0.3277, aux_task4.loss_heatmap: 0.7297, aux_task4.loss_bbox: 0.3386, aux_task5.loss_heatmap: 0.8303, aux_task5.loss_bbox: 0.3365, loss: 19.5530, grad_norm: 67.5412
2025-06-21 21:21:03,512 - mmdet - INFO - Epoch [1][4100/30895]	lr: 1.258e-05, eta: 12 days, 4:12:55, time: 1.712, data_time: 0.027, memory: 18672, loss_cls: 0.7364, loss_bbox: 1.1132, d0.loss_cls: 0.7586, d0.loss_bbox: 1.3234, d1.loss_cls: 0.7366, d1.loss_bbox: 1.1882, d2.loss_cls: 0.7355, d2.loss_bbox: 1.1576, d3.loss_cls: 0.7356, d3.loss_bbox: 1.1368, d4.loss_cls: 0.7356, d4.loss_bbox: 1.1197, aux_task0.loss_heatmap: 0.8828, aux_task0.loss_bbox: 0.3416, aux_task1.loss_heatmap: 1.1327, aux_task1.loss_bbox: 0.3762, aux_task2.loss_heatmap: 1.3932, aux_task2.loss_bbox: 0.4184, aux_task3.loss_heatmap: 0.9828, aux_task3.loss_bbox: 0.3270, aux_task4.loss_heatmap: 0.7160, aux_task4.loss_bbox: 0.3381, aux_task5.loss_heatmap: 0.8017, aux_task5.loss_bbox: 0.3409, loss: 19.5287, grad_norm: 69.4158
2025-06-21 21:22:29,038 - mmdet - INFO - Epoch [1][4150/30895]	lr: 1.258e-05, eta: 12 days, 4:11:04, time: 1.710, data_time: 0.026, memory: 18672, loss_cls: 0.7310, loss_bbox: 1.1096, d0.loss_cls: 0.7530, d0.loss_bbox: 1.3169, d1.loss_cls: 0.7384, d1.loss_bbox: 1.1800, d2.loss_cls: 0.7326, d2.loss_bbox: 1.1523, d3.loss_cls: 0.7326, d3.loss_bbox: 1.1306, d4.loss_cls: 0.7305, d4.loss_bbox: 1.1143, aux_task0.loss_heatmap: 0.8631, aux_task0.loss_bbox: 0.3274, aux_task1.loss_heatmap: 1.1305, aux_task1.loss_bbox: 0.3750, aux_task2.loss_heatmap: 1.3956, aux_task2.loss_bbox: 0.4068, aux_task3.loss_heatmap: 0.9635, aux_task3.loss_bbox: 0.3218, aux_task4.loss_heatmap: 0.7166, aux_task4.loss_bbox: 0.3366, aux_task5.loss_heatmap: 0.8205, aux_task5.loss_bbox: 0.3422, loss: 19.4214, grad_norm: 67.5436
2025-06-21 21:23:53,376 - mmdet - INFO - Epoch [1][4200/30895]	lr: 1.258e-05, eta: 12 days, 4:06:27, time: 1.688, data_time: 0.027, memory: 18672, loss_cls: 0.7332, loss_bbox: 1.0968, d0.loss_cls: 0.7552, d0.loss_bbox: 1.3063, d1.loss_cls: 0.7357, d1.loss_bbox: 1.1749, d2.loss_cls: 0.7317, d2.loss_bbox: 1.1456, d3.loss_cls: 0.7317, d3.loss_bbox: 1.1241, d4.loss_cls: 0.7309, d4.loss_bbox: 1.1054, aux_task0.loss_heatmap: 0.8831, aux_task0.loss_bbox: 0.3431, aux_task1.loss_heatmap: 1.1486, aux_task1.loss_bbox: 0.3773, aux_task2.loss_heatmap: 1.3714, aux_task2.loss_bbox: 0.4201, aux_task3.loss_heatmap: 0.9409, aux_task3.loss_bbox: 0.3286, aux_task4.loss_heatmap: 0.7209, aux_task4.loss_bbox: 0.3388, aux_task5.loss_heatmap: 0.7865, aux_task5.loss_bbox: 0.3389, loss: 19.3697, grad_norm: 66.3329
2025-06-21 21:25:18,336 - mmdet - INFO - Epoch [1][4250/30895]	lr: 1.258e-05, eta: 12 days, 4:03:17, time: 1.699, data_time: 0.025, memory: 18672, loss_cls: 0.7360, loss_bbox: 1.0885, d0.loss_cls: 0.7552, d0.loss_bbox: 1.3025, d1.loss_cls: 0.7416, d1.loss_bbox: 1.1638, d2.loss_cls: 0.7370, d2.loss_bbox: 1.1333, d3.loss_cls: 0.7371, d3.loss_bbox: 1.1107, d4.loss_cls: 0.7348, d4.loss_bbox: 1.0951, aux_task0.loss_heatmap: 0.9152, aux_task0.loss_bbox: 0.3397, aux_task1.loss_heatmap: 1.1073, aux_task1.loss_bbox: 0.3779, aux_task2.loss_heatmap: 1.3520, aux_task2.loss_bbox: 0.4105, aux_task3.loss_heatmap: 0.9935, aux_task3.loss_bbox: 0.3165, aux_task4.loss_heatmap: 0.7257, aux_task4.loss_bbox: 0.3384, aux_task5.loss_heatmap: 0.7877, aux_task5.loss_bbox: 0.3451, loss: 19.3453, grad_norm: 70.5805
2025-06-21 21:26:42,238 - mmdet - INFO - Epoch [1][4300/30895]	lr: 1.258e-05, eta: 12 days, 3:57:40, time: 1.678, data_time: 0.025, memory: 18672, loss_cls: 0.7330, loss_bbox: 1.1160, d0.loss_cls: 0.7563, d0.loss_bbox: 1.3249, d1.loss_cls: 0.7364, d1.loss_bbox: 1.1944, d2.loss_cls: 0.7319, d2.loss_bbox: 1.1664, d3.loss_cls: 0.7297, d3.loss_bbox: 1.1431, d4.loss_cls: 0.7312, d4.loss_bbox: 1.1239, aux_task0.loss_heatmap: 0.8928, aux_task0.loss_bbox: 0.3495, aux_task1.loss_heatmap: 1.1483, aux_task1.loss_bbox: 0.3855, aux_task2.loss_heatmap: 1.3772, aux_task2.loss_bbox: 0.4140, aux_task3.loss_heatmap: 0.9807, aux_task3.loss_bbox: 0.3284, aux_task4.loss_heatmap: 0.7236, aux_task4.loss_bbox: 0.3409, aux_task5.loss_heatmap: 0.8084, aux_task5.loss_bbox: 0.3403, loss: 19.5769, grad_norm: 71.4286
2025-06-21 21:28:06,010 - mmdet - INFO - Epoch [1][4350/30895]	lr: 1.259e-05, eta: 12 days, 3:51:50, time: 1.675, data_time: 0.028, memory: 18672, loss_cls: 0.7254, loss_bbox: 1.0876, d0.loss_cls: 0.7486, d0.loss_bbox: 1.2965, d1.loss_cls: 0.7308, d1.loss_bbox: 1.1627, d2.loss_cls: 0.7243, d2.loss_bbox: 1.1331, d3.loss_cls: 0.7231, d3.loss_bbox: 1.1126, d4.loss_cls: 0.7232, d4.loss_bbox: 1.0952, aux_task0.loss_heatmap: 0.8591, aux_task0.loss_bbox: 0.3398, aux_task1.loss_heatmap: 1.1350, aux_task1.loss_bbox: 0.3818, aux_task2.loss_heatmap: 1.3355, aux_task2.loss_bbox: 0.4050, aux_task3.loss_heatmap: 0.9877, aux_task3.loss_bbox: 0.3209, aux_task4.loss_heatmap: 0.7053, aux_task4.loss_bbox: 0.3407, aux_task5.loss_heatmap: 0.7920, aux_task5.loss_bbox: 0.3387, loss: 19.2045, grad_norm: 69.7008
2025-06-21 21:29:32,545 - mmdet - INFO - Epoch [1][4400/30895]	lr: 1.259e-05, eta: 12 days, 3:52:28, time: 1.730, data_time: 0.027, memory: 18672, loss_cls: 0.7373, loss_bbox: 1.0891, d0.loss_cls: 0.7570, d0.loss_bbox: 1.2942, d1.loss_cls: 0.7376, d1.loss_bbox: 1.1653, d2.loss_cls: 0.7339, d2.loss_bbox: 1.1361, d3.loss_cls: 0.7366, d3.loss_bbox: 1.1116, d4.loss_cls: 0.7355, d4.loss_bbox: 1.0959, aux_task0.loss_heatmap: 0.8858, aux_task0.loss_bbox: 0.3399, aux_task1.loss_heatmap: 1.1073, aux_task1.loss_bbox: 0.3790, aux_task2.loss_heatmap: 1.3097, aux_task2.loss_bbox: 0.4127, aux_task3.loss_heatmap: 0.9441, aux_task3.loss_bbox: 0.3199, aux_task4.loss_heatmap: 0.7035, aux_task4.loss_bbox: 0.3338, aux_task5.loss_heatmap: 0.8006, aux_task5.loss_bbox: 0.3402, loss: 19.2067, grad_norm: 69.1197
2025-06-21 21:30:57,724 - mmdet - INFO - Epoch [1][4450/30895]	lr: 1.259e-05, eta: 12 days, 3:50:02, time: 1.704, data_time: 0.023, memory: 18672, loss_cls: 0.7198, loss_bbox: 1.0946, d0.loss_cls: 0.7478, d0.loss_bbox: 1.2910, d1.loss_cls: 0.7256, d1.loss_bbox: 1.1692, d2.loss_cls: 0.7187, d2.loss_bbox: 1.1413, d3.loss_cls: 0.7163, d3.loss_bbox: 1.1199, d4.loss_cls: 0.7160, d4.loss_bbox: 1.1019, aux_task0.loss_heatmap: 0.8642, aux_task0.loss_bbox: 0.3477, aux_task1.loss_heatmap: 1.0894, aux_task1.loss_bbox: 0.3737, aux_task2.loss_heatmap: 1.3537, aux_task2.loss_bbox: 0.4015, aux_task3.loss_heatmap: 0.9494, aux_task3.loss_bbox: 0.3300, aux_task4.loss_heatmap: 0.7108, aux_task4.loss_bbox: 0.3368, aux_task5.loss_heatmap: 0.7725, aux_task5.loss_bbox: 0.3400, loss: 19.1315, grad_norm: 71.2161
2025-06-21 21:32:21,744 - mmdet - INFO - Epoch [1][4500/30895]	lr: 1.259e-05, eta: 12 days, 3:44:57, time: 1.680, data_time: 0.026, memory: 18672, loss_cls: 0.7193, loss_bbox: 1.0892, d0.loss_cls: 0.7404, d0.loss_bbox: 1.2926, d1.loss_cls: 0.7212, d1.loss_bbox: 1.1616, d2.loss_cls: 0.7189, d2.loss_bbox: 1.1331, d3.loss_cls: 0.7197, d3.loss_bbox: 1.1118, d4.loss_cls: 0.7190, d4.loss_bbox: 1.0952, aux_task0.loss_heatmap: 0.8809, aux_task0.loss_bbox: 0.3420, aux_task1.loss_heatmap: 1.0997, aux_task1.loss_bbox: 0.3750, aux_task2.loss_heatmap: 1.2916, aux_task2.loss_bbox: 0.4005, aux_task3.loss_heatmap: 0.9393, aux_task3.loss_bbox: 0.3250, aux_task4.loss_heatmap: 0.7156, aux_task4.loss_bbox: 0.3382, aux_task5.loss_heatmap: 0.7614, aux_task5.loss_bbox: 0.3403, loss: 19.0315, grad_norm: 71.2512
2025-06-21 21:33:50,607 - mmdet - INFO - Epoch [1][4550/30895]	lr: 1.259e-05, eta: 12 days, 3:50:49, time: 1.777, data_time: 0.123, memory: 18672, loss_cls: 0.7219, loss_bbox: 1.0972, d0.loss_cls: 0.7455, d0.loss_bbox: 1.2983, d1.loss_cls: 0.7231, d1.loss_bbox: 1.1691, d2.loss_cls: 0.7198, d2.loss_bbox: 1.1408, d3.loss_cls: 0.7216, d3.loss_bbox: 1.1183, d4.loss_cls: 0.7207, d4.loss_bbox: 1.1043, aux_task0.loss_heatmap: 0.8569, aux_task0.loss_bbox: 0.3429, aux_task1.loss_heatmap: 1.1119, aux_task1.loss_bbox: 0.3791, aux_task2.loss_heatmap: 1.3331, aux_task2.loss_bbox: 0.4119, aux_task3.loss_heatmap: 0.9818, aux_task3.loss_bbox: 0.3279, aux_task4.loss_heatmap: 0.7119, aux_task4.loss_bbox: 0.3344, aux_task5.loss_heatmap: 0.8189, aux_task5.loss_bbox: 0.3390, loss: 19.2304, grad_norm: 71.5774
2025-06-21 21:36:18,891 - mmdet - INFO - Epoch [1][4600/30895]	lr: 1.260e-05, eta: 12 days, 6:08:35, time: 2.966, data_time: 1.497, memory: 18672, loss_cls: 0.7234, loss_bbox: 1.0873, d0.loss_cls: 0.7538, d0.loss_bbox: 1.2866, d1.loss_cls: 0.7322, d1.loss_bbox: 1.1605, d2.loss_cls: 0.7253, d2.loss_bbox: 1.1345, d3.loss_cls: 0.7278, d3.loss_bbox: 1.1110, d4.loss_cls: 0.7234, d4.loss_bbox: 1.0944, aux_task0.loss_heatmap: 0.8762, aux_task0.loss_bbox: 0.3388, aux_task1.loss_heatmap: 1.1248, aux_task1.loss_bbox: 0.3824, aux_task2.loss_heatmap: 1.3265, aux_task2.loss_bbox: 0.4246, aux_task3.loss_heatmap: 0.9792, aux_task3.loss_bbox: 0.3273, aux_task4.loss_heatmap: 0.7135, aux_task4.loss_bbox: 0.3386, aux_task5.loss_heatmap: 0.7661, aux_task5.loss_bbox: 0.3376, loss: 19.1959, grad_norm: 72.0862
2025-06-21 21:39:24,769 - mmdet - INFO - Epoch [1][4650/30895]	lr: 1.260e-05, eta: 12 days, 9:45:57, time: 3.718, data_time: 1.303, memory: 18672, loss_cls: 0.7246, loss_bbox: 1.0883, d0.loss_cls: 0.7500, d0.loss_bbox: 1.2894, d1.loss_cls: 0.7296, d1.loss_bbox: 1.1636, d2.loss_cls: 0.7222, d2.loss_bbox: 1.1335, d3.loss_cls: 0.7230, d3.loss_bbox: 1.1115, d4.loss_cls: 0.7206, d4.loss_bbox: 1.0958, aux_task0.loss_heatmap: 0.8646, aux_task0.loss_bbox: 0.3337, aux_task1.loss_heatmap: 1.1058, aux_task1.loss_bbox: 0.3748, aux_task2.loss_heatmap: 1.3274, aux_task2.loss_bbox: 0.4100, aux_task3.loss_heatmap: 0.9311, aux_task3.loss_bbox: 0.3222, aux_task4.loss_heatmap: 0.6915, aux_task4.loss_bbox: 0.3353, aux_task5.loss_heatmap: 0.7968, aux_task5.loss_bbox: 0.3423, loss: 19.0876, grad_norm: 74.2967
2025-06-21 21:42:00,536 - mmdet - INFO - Epoch [1][4700/30895]	lr: 1.260e-05, eta: 12 days, 12:13:09, time: 3.115, data_time: 1.762, memory: 18672, loss_cls: 0.7188, loss_bbox: 1.0891, d0.loss_cls: 0.7393, d0.loss_bbox: 1.2912, d1.loss_cls: 0.7203, d1.loss_bbox: 1.1627, d2.loss_cls: 0.7163, d2.loss_bbox: 1.1345, d3.loss_cls: 0.7161, d3.loss_bbox: 1.1140, d4.loss_cls: 0.7160, d4.loss_bbox: 1.0973, aux_task0.loss_heatmap: 0.8566, aux_task0.loss_bbox: 0.3435, aux_task1.loss_heatmap: 1.1132, aux_task1.loss_bbox: 0.3737, aux_task2.loss_heatmap: 1.3577, aux_task2.loss_bbox: 0.4104, aux_task3.loss_heatmap: 0.9678, aux_task3.loss_bbox: 0.3212, aux_task4.loss_heatmap: 0.6951, aux_task4.loss_bbox: 0.3388, aux_task5.loss_heatmap: 0.7985, aux_task5.loss_bbox: 0.3341, loss: 19.1260, grad_norm: 74.8399
2025-06-21 21:44:17,697 - mmdet - INFO - Epoch [1][4750/30895]	lr: 1.260e-05, eta: 12 days, 13:57:10, time: 2.743, data_time: 1.394, memory: 18672, loss_cls: 0.7186, loss_bbox: 1.0878, d0.loss_cls: 0.7437, d0.loss_bbox: 1.2843, d1.loss_cls: 0.7220, d1.loss_bbox: 1.1631, d2.loss_cls: 0.7133, d2.loss_bbox: 1.1348, d3.loss_cls: 0.7151, d3.loss_bbox: 1.1130, d4.loss_cls: 0.7165, d4.loss_bbox: 1.0936, aux_task0.loss_heatmap: 0.8564, aux_task0.loss_bbox: 0.3395, aux_task1.loss_heatmap: 1.1287, aux_task1.loss_bbox: 0.3799, aux_task2.loss_heatmap: 1.3286, aux_task2.loss_bbox: 0.4078, aux_task3.loss_heatmap: 0.9525, aux_task3.loss_bbox: 0.3194, aux_task4.loss_heatmap: 0.6737, aux_task4.loss_bbox: 0.3337, aux_task5.loss_heatmap: 0.7907, aux_task5.loss_bbox: 0.3383, loss: 19.0551, grad_norm: 72.4658
2025-06-21 21:46:09,639 - mmdet - INFO - Epoch [1][4800/30895]	lr: 1.260e-05, eta: 12 days, 14:45:17, time: 2.239, data_time: 0.858, memory: 18672, loss_cls: 0.7021, loss_bbox: 1.0844, d0.loss_cls: 0.7285, d0.loss_bbox: 1.2799, d1.loss_cls: 0.7078, d1.loss_bbox: 1.1568, d2.loss_cls: 0.7007, d2.loss_bbox: 1.1303, d3.loss_cls: 0.7009, d3.loss_bbox: 1.1094, d4.loss_cls: 0.7010, d4.loss_bbox: 1.0911, aux_task0.loss_heatmap: 0.8565, aux_task0.loss_bbox: 0.3402, aux_task1.loss_heatmap: 1.1005, aux_task1.loss_bbox: 0.3811, aux_task2.loss_heatmap: 1.2865, aux_task2.loss_bbox: 0.4049, aux_task3.loss_heatmap: 0.9089, aux_task3.loss_bbox: 0.3242, aux_task4.loss_heatmap: 0.7060, aux_task4.loss_bbox: 0.3369, aux_task5.loss_heatmap: 0.7639, aux_task5.loss_bbox: 0.3420, loss: 18.8443, grad_norm: 68.0422
2025-06-21 21:48:35,484 - mmdet - INFO - Epoch [1][4850/30895]	lr: 1.261e-05, eta: 12 days, 16:43:48, time: 2.917, data_time: 1.514, memory: 18672, loss_cls: 0.6915, loss_bbox: 1.0647, d0.loss_cls: 0.7195, d0.loss_bbox: 1.2677, d1.loss_cls: 0.6963, d1.loss_bbox: 1.1429, d2.loss_cls: 0.6898, d2.loss_bbox: 1.1115, d3.loss_cls: 0.6903, d3.loss_bbox: 1.0906, d4.loss_cls: 0.6903, d4.loss_bbox: 1.0727, aux_task0.loss_heatmap: 0.8591, aux_task0.loss_bbox: 0.3373, aux_task1.loss_heatmap: 1.1086, aux_task1.loss_bbox: 0.3749, aux_task2.loss_heatmap: 1.2987, aux_task2.loss_bbox: 0.4041, aux_task3.loss_heatmap: 0.9027, aux_task3.loss_bbox: 0.3283, aux_task4.loss_heatmap: 0.6746, aux_task4.loss_bbox: 0.3300, aux_task5.loss_heatmap: 0.7443, aux_task5.loss_bbox: 0.3364, loss: 18.6267, grad_norm: 70.4459
2025-06-21 22:24:15,332 - mmdet - INFO - Epoch [1][4900/30895]	lr: 1.261e-05, eta: 15 days, 15:57:25, time: 42.797, data_time: 41.458, memory: 18672, loss_cls: 0.6982, loss_bbox: 1.0815, d0.loss_cls: 0.7264, d0.loss_bbox: 1.2732, d1.loss_cls: 0.7017, d1.loss_bbox: 1.1561, d2.loss_cls: 0.6936, d2.loss_bbox: 1.1273, d3.loss_cls: 0.6950, d3.loss_bbox: 1.1063, d4.loss_cls: 0.6942, d4.loss_bbox: 1.0901, aux_task0.loss_heatmap: 0.8864, aux_task0.loss_bbox: 0.3350, aux_task1.loss_heatmap: 1.1318, aux_task1.loss_bbox: 0.3743, aux_task2.loss_heatmap: 1.3422, aux_task2.loss_bbox: 0.4076, aux_task3.loss_heatmap: 0.8837, aux_task3.loss_bbox: 0.3225, aux_task4.loss_heatmap: 0.6871, aux_task4.loss_bbox: 0.3340, aux_task5.loss_heatmap: 0.7626, aux_task5.loss_bbox: 0.3358, loss: 18.8466, grad_norm: 70.1710
2025-06-21 22:28:01,594 - mmdet - INFO - Epoch [1][4950/30895]	lr: 1.261e-05, eta: 15 days, 19:54:42, time: 4.525, data_time: 3.151, memory: 18672, loss_cls: 0.7037, loss_bbox: 1.0713, d0.loss_cls: 0.7304, d0.loss_bbox: 1.2648, d1.loss_cls: 0.7075, d1.loss_bbox: 1.1434, d2.loss_cls: 0.7032, d2.loss_bbox: 1.1163, d3.loss_cls: 0.7037, d3.loss_bbox: 1.0944, d4.loss_cls: 0.7040, d4.loss_bbox: 1.0788, aux_task0.loss_heatmap: 0.8521, aux_task0.loss_bbox: 0.3291, aux_task1.loss_heatmap: 1.1033, aux_task1.loss_bbox: 0.3755, aux_task2.loss_heatmap: 1.3316, aux_task2.loss_bbox: 0.4185, aux_task3.loss_heatmap: 0.9360, aux_task3.loss_bbox: 0.3196, aux_task4.loss_heatmap: 0.6971, aux_task4.loss_bbox: 0.3336, aux_task5.loss_heatmap: 0.7608, aux_task5.loss_bbox: 0.3339, loss: 18.8128, grad_norm: 71.2727
2025-06-21 22:29:10,263 - mmdet - INFO - Exp name: lidar_0075v_900q_split1_2x2_hednetmiddleencoder_hednetbackbone4_dss0511_dp03_hugeep2_num2_conv_xy_rope.py
2025-06-21 22:29:10,263 - mmdet - INFO - Epoch [1][5000/30895]	lr: 1.261e-05, eta: 15 days, 18:25:10, time: 1.373, data_time: 0.026, memory: 18672, loss_cls: 0.7007, loss_bbox: 1.0571, d0.loss_cls: 0.7281, d0.loss_bbox: 1.2536, d1.loss_cls: 0.7059, d1.loss_bbox: 1.1314, d2.loss_cls: 0.6986, d2.loss_bbox: 1.1031, d3.loss_cls: 0.6982, d3.loss_bbox: 1.0822, d4.loss_cls: 0.6971, d4.loss_bbox: 1.0656, aux_task0.loss_heatmap: 0.8825, aux_task0.loss_bbox: 0.3407, aux_task1.loss_heatmap: 1.1078, aux_task1.loss_bbox: 0.3727, aux_task2.loss_heatmap: 1.2939, aux_task2.loss_bbox: 0.4068, aux_task3.loss_heatmap: 0.9174, aux_task3.loss_bbox: 0.3195, aux_task4.loss_heatmap: 0.6865, aux_task4.loss_bbox: 0.3359, aux_task5.loss_heatmap: 0.7561, aux_task5.loss_bbox: 0.3330, loss: 18.6742, grad_norm: 75.1646
2025-06-21 22:30:25,250 - mmdet - INFO - Epoch [1][5050/30895]	lr: 1.262e-05, eta: 15 days, 17:10:14, time: 1.500, data_time: 0.025, memory: 18672, loss_cls: 0.7033, loss_bbox: 1.0900, d0.loss_cls: 0.7332, d0.loss_bbox: 1.2810, d1.loss_cls: 0.7089, d1.loss_bbox: 1.1641, d2.loss_cls: 0.7008, d2.loss_bbox: 1.1358, d3.loss_cls: 0.7009, d3.loss_bbox: 1.1160, d4.loss_cls: 0.7017, d4.loss_bbox: 1.0994, aux_task0.loss_heatmap: 0.8438, aux_task0.loss_bbox: 0.3394, aux_task1.loss_heatmap: 1.0887, aux_task1.loss_bbox: 0.3813, aux_task2.loss_heatmap: 1.3213, aux_task2.loss_bbox: 0.4148, aux_task3.loss_heatmap: 0.9294, aux_task3.loss_bbox: 0.3167, aux_task4.loss_heatmap: 0.6940, aux_task4.loss_bbox: 0.3383, aux_task5.loss_heatmap: 0.7448, aux_task5.loss_bbox: 0.3328, loss: 18.8804, grad_norm: 73.2994
2025-06-21 22:32:55,293 - mmdet - INFO - Epoch [1][5100/30895]	lr: 1.262e-05, eta: 15 days, 18:27:01, time: 3.001, data_time: 1.652, memory: 18672, loss_cls: 0.7010, loss_bbox: 1.0850, d0.loss_cls: 0.7230, d0.loss_bbox: 1.2788, d1.loss_cls: 0.7033, d1.loss_bbox: 1.1618, d2.loss_cls: 0.6983, d2.loss_bbox: 1.1314, d3.loss_cls: 0.6976, d3.loss_bbox: 1.1117, d4.loss_cls: 0.6989, d4.loss_bbox: 1.0925, aux_task0.loss_heatmap: 0.8602, aux_task0.loss_bbox: 0.3353, aux_task1.loss_heatmap: 1.0970, aux_task1.loss_bbox: 0.3753, aux_task2.loss_heatmap: 1.3203, aux_task2.loss_bbox: 0.4164, aux_task3.loss_heatmap: 0.8810, aux_task3.loss_bbox: 0.3161, aux_task4.loss_heatmap: 0.6897, aux_task4.loss_bbox: 0.3371, aux_task5.loss_heatmap: 0.7739, aux_task5.loss_bbox: 0.3322, loss: 18.8179, grad_norm: 73.3053
2025-06-21 22:34:33,589 - mmdet - INFO - Epoch [1][5150/30895]	lr: 1.262e-05, eta: 15 days, 17:59:39, time: 1.966, data_time: 0.571, memory: 18672, loss_cls: 0.7058, loss_bbox: 1.0659, d0.loss_cls: 0.7295, d0.loss_bbox: 1.2575, d1.loss_cls: 0.7102, d1.loss_bbox: 1.1375, d2.loss_cls: 0.7052, d2.loss_bbox: 1.1086, d3.loss_cls: 0.7038, d3.loss_bbox: 1.0886, d4.loss_cls: 0.7018, d4.loss_bbox: 1.0741, aux_task0.loss_heatmap: 0.8460, aux_task0.loss_bbox: 0.3324, aux_task1.loss_heatmap: 1.0981, aux_task1.loss_bbox: 0.3723, aux_task2.loss_heatmap: 1.2613, aux_task2.loss_bbox: 0.4079, aux_task3.loss_heatmap: 0.9297, aux_task3.loss_bbox: 0.3192, aux_task4.loss_heatmap: 0.6779, aux_task4.loss_bbox: 0.3380, aux_task5.loss_heatmap: 0.7786, aux_task5.loss_bbox: 0.3396, loss: 18.6897, grad_norm: 74.8020
2025-06-21 22:40:49,735 - mmdet - INFO - Epoch [1][5200/30895]	lr: 1.262e-05, eta: 16 days, 2:38:24, time: 7.523, data_time: 6.189, memory: 18672, loss_cls: 0.6922, loss_bbox: 1.0471, d0.loss_cls: 0.7119, d0.loss_bbox: 1.2451, d1.loss_cls: 0.6964, d1.loss_bbox: 1.1214, d2.loss_cls: 0.6920, d2.loss_bbox: 1.0909, d3.loss_cls: 0.6924, d3.loss_bbox: 1.0689, d4.loss_cls: 0.6919, d4.loss_bbox: 1.0537, aux_task0.loss_heatmap: 0.8407, aux_task0.loss_bbox: 0.3344, aux_task1.loss_heatmap: 1.0815, aux_task1.loss_bbox: 0.3738, aux_task2.loss_heatmap: 1.2069, aux_task2.loss_bbox: 0.3956, aux_task3.loss_heatmap: 0.8464, aux_task3.loss_bbox: 0.3208, aux_task4.loss_heatmap: 0.6776, aux_task4.loss_bbox: 0.3357, aux_task5.loss_heatmap: 0.7562, aux_task5.loss_bbox: 0.3375, loss: 18.3110, grad_norm: 70.8465
2025-06-21 22:46:33,963 - mmdet - INFO - Epoch [1][5250/30895]	lr: 1.263e-05, eta: 16 days, 10:05:06, time: 6.885, data_time: 5.542, memory: 18672, loss_cls: 0.6890, loss_bbox: 1.0462, d0.loss_cls: 0.7152, d0.loss_bbox: 1.2448, d1.loss_cls: 0.6935, d1.loss_bbox: 1.1226, d2.loss_cls: 0.6868, d2.loss_bbox: 1.0937, d3.loss_cls: 0.6886, d3.loss_bbox: 1.0721, d4.loss_cls: 0.6871, d4.loss_bbox: 1.0536, aux_task0.loss_heatmap: 0.8532, aux_task0.loss_bbox: 0.3337, aux_task1.loss_heatmap: 1.0701, aux_task1.loss_bbox: 0.3661, aux_task2.loss_heatmap: 1.2475, aux_task2.loss_bbox: 0.3954, aux_task3.loss_heatmap: 0.9482, aux_task3.loss_bbox: 0.3246, aux_task4.loss_heatmap: 0.6890, aux_task4.loss_bbox: 0.3340, aux_task5.loss_heatmap: 0.7332, aux_task5.loss_bbox: 0.3348, loss: 18.4230, grad_norm: 73.2737
2025-06-21 22:50:36,261 - mmdet - INFO - Epoch [1][5300/30895]	lr: 1.263e-05, eta: 16 days, 14:06:53, time: 4.846, data_time: 3.504, memory: 18672, loss_cls: 0.6901, loss_bbox: 1.0451, d0.loss_cls: 0.7166, d0.loss_bbox: 1.2356, d1.loss_cls: 0.6957, d1.loss_bbox: 1.1194, d2.loss_cls: 0.6893, d2.loss_bbox: 1.0919, d3.loss_cls: 0.6889, d3.loss_bbox: 1.0696, d4.loss_cls: 0.6887, d4.loss_bbox: 1.0526, aux_task0.loss_heatmap: 0.8199, aux_task0.loss_bbox: 0.3332, aux_task1.loss_heatmap: 1.0699, aux_task1.loss_bbox: 0.3731, aux_task2.loss_heatmap: 1.2475, aux_task2.loss_bbox: 0.4020, aux_task3.loss_heatmap: 0.9277, aux_task3.loss_bbox: 0.3344, aux_task4.loss_heatmap: 0.6779, aux_task4.loss_bbox: 0.3332, aux_task5.loss_heatmap: 0.7240, aux_task5.loss_bbox: 0.3326, loss: 18.3587, grad_norm: 73.1075
2025-06-21 22:52:38,524 - mmdet - INFO - Epoch [1][5350/30895]	lr: 1.263e-05, eta: 16 days, 14:15:01, time: 2.445, data_time: 1.071, memory: 18672, loss_cls: 0.6836, loss_bbox: 1.0538, d0.loss_cls: 0.7144, d0.loss_bbox: 1.2486, d1.loss_cls: 0.6927, d1.loss_bbox: 1.1288, d2.loss_cls: 0.6854, d2.loss_bbox: 1.0968, d3.loss_cls: 0.6826, d3.loss_bbox: 1.0788, d4.loss_cls: 0.6826, d4.loss_bbox: 1.0614, aux_task0.loss_heatmap: 0.8627, aux_task0.loss_bbox: 0.3400, aux_task1.loss_heatmap: 1.0697, aux_task1.loss_bbox: 0.3704, aux_task2.loss_heatmap: 1.2025, aux_task2.loss_bbox: 0.4099, aux_task3.loss_heatmap: 0.8972, aux_task3.loss_bbox: 0.3135, aux_task4.loss_heatmap: 0.6747, aux_task4.loss_bbox: 0.3301, aux_task5.loss_heatmap: 0.7517, aux_task5.loss_bbox: 0.3372, loss: 18.3694, grad_norm: 71.8061
2025-06-21 22:53:50,844 - mmdet - INFO - Epoch [1][5400/30895]	lr: 1.263e-05, eta: 16 days, 12:48:29, time: 1.446, data_time: 0.026, memory: 18672, loss_cls: 0.6841, loss_bbox: 1.0480, d0.loss_cls: 0.7115, d0.loss_bbox: 1.2354, d1.loss_cls: 0.6877, d1.loss_bbox: 1.1199, d2.loss_cls: 0.6820, d2.loss_bbox: 1.0924, d3.loss_cls: 0.6810, d3.loss_bbox: 1.0732, d4.loss_cls: 0.6813, d4.loss_bbox: 1.0554, aux_task0.loss_heatmap: 0.8351, aux_task0.loss_bbox: 0.3314, aux_task1.loss_heatmap: 1.1001, aux_task1.loss_bbox: 0.3732, aux_task2.loss_heatmap: 1.2829, aux_task2.loss_bbox: 0.4083, aux_task3.loss_heatmap: 0.8617, aux_task3.loss_bbox: 0.3120, aux_task4.loss_heatmap: 0.6836, aux_task4.loss_bbox: 0.3379, aux_task5.loss_heatmap: 0.7439, aux_task5.loss_bbox: 0.3284, loss: 18.3504, grad_norm: 72.6827
2025-06-21 22:56:53,516 - mmdet - INFO - Epoch [1][5450/30895]	lr: 1.263e-05, eta: 16 days, 14:50:19, time: 3.654, data_time: 2.237, memory: 18672, loss_cls: 0.6945, loss_bbox: 1.0688, d0.loss_cls: 0.7257, d0.loss_bbox: 1.2611, d1.loss_cls: 0.7007, d1.loss_bbox: 1.1424, d2.loss_cls: 0.6946, d2.loss_bbox: 1.1125, d3.loss_cls: 0.6939, d3.loss_bbox: 1.0943, d4.loss_cls: 0.6918, d4.loss_bbox: 1.0765, aux_task0.loss_heatmap: 0.8232, aux_task0.loss_bbox: 0.3374, aux_task1.loss_heatmap: 1.0945, aux_task1.loss_bbox: 0.3709, aux_task2.loss_heatmap: 1.2566, aux_task2.loss_bbox: 0.4101, aux_task3.loss_heatmap: 0.8687, aux_task3.loss_bbox: 0.3200, aux_task4.loss_heatmap: 0.6679, aux_task4.loss_bbox: 0.3368, aux_task5.loss_heatmap: 0.7673, aux_task5.loss_bbox: 0.3307, loss: 18.5409, grad_norm: 72.4268
2025-06-21 23:03:06,319 - mmdet - INFO - Epoch [1][5500/30895]	lr: 1.264e-05, eta: 16 days, 22:42:40, time: 7.456, data_time: 6.120, memory: 18672, loss_cls: 0.6818, loss_bbox: 1.0518, d0.loss_cls: 0.7132, d0.loss_bbox: 1.2443, d1.loss_cls: 0.6871, d1.loss_bbox: 1.1230, d2.loss_cls: 0.6798, d2.loss_bbox: 1.0957, d3.loss_cls: 0.6791, d3.loss_bbox: 1.0751, d4.loss_cls: 0.6793, d4.loss_bbox: 1.0593, aux_task0.loss_heatmap: 0.8200, aux_task0.loss_bbox: 0.3302, aux_task1.loss_heatmap: 1.0699, aux_task1.loss_bbox: 0.3711, aux_task2.loss_heatmap: 1.2204, aux_task2.loss_bbox: 0.4089, aux_task3.loss_heatmap: 0.9275, aux_task3.loss_bbox: 0.3177, aux_task4.loss_heatmap: 0.6729, aux_task4.loss_bbox: 0.3298, aux_task5.loss_heatmap: 0.7199, aux_task5.loss_bbox: 0.3293, loss: 18.2872, grad_norm: 75.5211
2025-06-21 23:11:29,421 - mmdet - INFO - Epoch [1][5550/30895]	lr: 1.264e-05, eta: 17 days, 10:26:00, time: 10.062, data_time: 8.741, memory: 18672, loss_cls: 0.6903, loss_bbox: 1.0329, d0.loss_cls: 0.7117, d0.loss_bbox: 1.2243, d1.loss_cls: 0.6932, d1.loss_bbox: 1.1045, d2.loss_cls: 0.6896, d2.loss_bbox: 1.0773, d3.loss_cls: 0.6890, d3.loss_bbox: 1.0588, d4.loss_cls: 0.6901, d4.loss_bbox: 1.0403, aux_task0.loss_heatmap: 0.8131, aux_task0.loss_bbox: 0.3265, aux_task1.loss_heatmap: 1.0782, aux_task1.loss_bbox: 0.3691, aux_task2.loss_heatmap: 1.2436, aux_task2.loss_bbox: 0.4007, aux_task3.loss_heatmap: 0.9112, aux_task3.loss_bbox: 0.3167, aux_task4.loss_heatmap: 0.6691, aux_task4.loss_bbox: 0.3282, aux_task5.loss_heatmap: 0.7472, aux_task5.loss_bbox: 0.3261, loss: 18.2315, grad_norm: 73.9555
2025-06-21 23:31:35,516 - mmdet - INFO - Epoch [1][5600/30895]	lr: 1.264e-05, eta: 18 days, 19:17:42, time: 24.122, data_time: 22.782, memory: 18672, loss_cls: 0.6833, loss_bbox: 1.0514, d0.loss_cls: 0.7198, d0.loss_bbox: 1.2395, d1.loss_cls: 0.6911, d1.loss_bbox: 1.1247, d2.loss_cls: 0.6839, d2.loss_bbox: 1.0952, d3.loss_cls: 0.6838, d3.loss_bbox: 1.0775, d4.loss_cls: 0.6835, d4.loss_bbox: 1.0586, aux_task0.loss_heatmap: 0.8691, aux_task0.loss_bbox: 0.3284, aux_task1.loss_heatmap: 1.0914, aux_task1.loss_bbox: 0.3671, aux_task2.loss_heatmap: 1.3004, aux_task2.loss_bbox: 0.4085, aux_task3.loss_heatmap: 0.8802, aux_task3.loss_bbox: 0.3190, aux_task4.loss_heatmap: 0.6572, aux_task4.loss_bbox: 0.3279, aux_task5.loss_heatmap: 0.7599, aux_task5.loss_bbox: 0.3306, loss: 18.4316, grad_norm: 74.6836
2025-06-21 23:33:12,706 - mmdet - INFO - Epoch [1][5650/30895]	lr: 1.264e-05, eta: 18 days, 18:11:25, time: 1.944, data_time: 0.615, memory: 18672, loss_cls: 0.6806, loss_bbox: 1.0338, d0.loss_cls: 0.7073, d0.loss_bbox: 1.2250, d1.loss_cls: 0.6839, d1.loss_bbox: 1.1067, d2.loss_cls: 0.6767, d2.loss_bbox: 1.0796, d3.loss_cls: 0.6752, d3.loss_bbox: 1.0614, d4.loss_cls: 0.6777, d4.loss_bbox: 1.0424, aux_task0.loss_heatmap: 0.8222, aux_task0.loss_bbox: 0.3282, aux_task1.loss_heatmap: 1.0548, aux_task1.loss_bbox: 0.3740, aux_task2.loss_heatmap: 1.2641, aux_task2.loss_bbox: 0.4021, aux_task3.loss_heatmap: 0.9044, aux_task3.loss_bbox: 0.3189, aux_task4.loss_heatmap: 0.6820, aux_task4.loss_bbox: 0.3310, aux_task5.loss_heatmap: 0.7195, aux_task5.loss_bbox: 0.3289, loss: 18.1800, grad_norm: 76.5693
2025-06-21 23:35:41,041 - mmdet - INFO - Epoch [1][5700/30895]	lr: 1.265e-05, eta: 18 days, 18:37:49, time: 2.967, data_time: 1.608, memory: 18672, loss_cls: 0.6762, loss_bbox: 1.0494, d0.loss_cls: 0.7051, d0.loss_bbox: 1.2425, d1.loss_cls: 0.6834, d1.loss_bbox: 1.1207, d2.loss_cls: 0.6764, d2.loss_bbox: 1.0913, d3.loss_cls: 0.6751, d3.loss_bbox: 1.0731, d4.loss_cls: 0.6743, d4.loss_bbox: 1.0547, aux_task0.loss_heatmap: 0.8375, aux_task0.loss_bbox: 0.3397, aux_task1.loss_heatmap: 1.0733, aux_task1.loss_bbox: 0.3728, aux_task2.loss_heatmap: 1.2214, aux_task2.loss_bbox: 0.4018, aux_task3.loss_heatmap: 0.8719, aux_task3.loss_bbox: 0.3110, aux_task4.loss_heatmap: 0.6581, aux_task4.loss_bbox: 0.3310, aux_task5.loss_heatmap: 0.7191, aux_task5.loss_bbox: 0.3299, loss: 18.1899, grad_norm: 77.3428
2025-06-21 23:39:17,976 - mmdet - INFO - Epoch [1][5750/30895]	lr: 1.265e-05, eta: 18 days, 21:05:26, time: 4.339, data_time: 3.007, memory: 18672, loss_cls: 0.6795, loss_bbox: 1.0402, d0.loss_cls: 0.7065, d0.loss_bbox: 1.2285, d1.loss_cls: 0.6837, d1.loss_bbox: 1.1107, d2.loss_cls: 0.6773, d2.loss_bbox: 1.0826, d3.loss_cls: 0.6775, d3.loss_bbox: 1.0641, d4.loss_cls: 0.6779, d4.loss_bbox: 1.0473, aux_task0.loss_heatmap: 0.8092, aux_task0.loss_bbox: 0.3393, aux_task1.loss_heatmap: 1.0645, aux_task1.loss_bbox: 0.3747, aux_task2.loss_heatmap: 1.2069, aux_task2.loss_bbox: 0.3970, aux_task3.loss_heatmap: 0.8862, aux_task3.loss_bbox: 0.3217, aux_task4.loss_heatmap: 0.6777, aux_task4.loss_bbox: 0.3329, aux_task5.loss_heatmap: 0.7453, aux_task5.loss_bbox: 0.3294, loss: 18.1607, grad_norm: 74.7351
2025-06-21 23:42:10,332 - mmdet - INFO - Epoch [1][5800/30895]	lr: 1.265e-05, eta: 18 days, 22:12:02, time: 3.447, data_time: 2.102, memory: 18672, loss_cls: 0.6826, loss_bbox: 1.0204, d0.loss_cls: 0.7047, d0.loss_bbox: 1.2102, d1.loss_cls: 0.6833, d1.loss_bbox: 1.0916, d2.loss_cls: 0.6804, d2.loss_bbox: 1.0635, d3.loss_cls: 0.6796, d3.loss_bbox: 1.0464, d4.loss_cls: 0.6804, d4.loss_bbox: 1.0287, aux_task0.loss_heatmap: 0.8395, aux_task0.loss_bbox: 0.3295, aux_task1.loss_heatmap: 1.0576, aux_task1.loss_bbox: 0.3652, aux_task2.loss_heatmap: 1.1971, aux_task2.loss_bbox: 0.3971, aux_task3.loss_heatmap: 0.9388, aux_task3.loss_bbox: 0.3151, aux_task4.loss_heatmap: 0.6683, aux_task4.loss_bbox: 0.3337, aux_task5.loss_heatmap: 0.7247, aux_task5.loss_bbox: 0.3298, loss: 18.0681, grad_norm: 75.6472
2025-06-21 23:45:00,953 - mmdet - INFO - Epoch [1][5850/30895]	lr: 1.266e-05, eta: 18 days, 23:14:25, time: 3.412, data_time: 2.054, memory: 18672, loss_cls: 0.6689, loss_bbox: 1.0326, d0.loss_cls: 0.6990, d0.loss_bbox: 1.2288, d1.loss_cls: 0.6735, d1.loss_bbox: 1.1099, d2.loss_cls: 0.6678, d2.loss_bbox: 1.0799, d3.loss_cls: 0.6660, d3.loss_bbox: 1.0593, d4.loss_cls: 0.6665, d4.loss_bbox: 1.0396, aux_task0.loss_heatmap: 0.8214, aux_task0.loss_bbox: 0.3275, aux_task1.loss_heatmap: 1.0659, aux_task1.loss_bbox: 0.3727, aux_task2.loss_heatmap: 1.2184, aux_task2.loss_bbox: 0.4070, aux_task3.loss_heatmap: 0.8686, aux_task3.loss_bbox: 0.3081, aux_task4.loss_heatmap: 0.6538, aux_task4.loss_bbox: 0.3293, aux_task5.loss_heatmap: 0.7142, aux_task5.loss_bbox: 0.3268, loss: 18.0053, grad_norm: 72.4586
2025-06-21 23:48:10,418 - mmdet - INFO - Epoch [1][5900/30895]	lr: 1.266e-05, eta: 19 days, 0:48:16, time: 3.789, data_time: 2.453, memory: 18672, loss_cls: 0.6836, loss_bbox: 1.0242, d0.loss_cls: 0.7067, d0.loss_bbox: 1.2188, d1.loss_cls: 0.6846, d1.loss_bbox: 1.1006, d2.loss_cls: 0.6802, d2.loss_bbox: 1.0736, d3.loss_cls: 0.6807, d3.loss_bbox: 1.0539, d4.loss_cls: 0.6823, d4.loss_bbox: 1.0344, aux_task0.loss_heatmap: 0.8131, aux_task0.loss_bbox: 0.3278, aux_task1.loss_heatmap: 1.0646, aux_task1.loss_bbox: 0.3676, aux_task2.loss_heatmap: 1.2318, aux_task2.loss_bbox: 0.3950, aux_task3.loss_heatmap: 0.8749, aux_task3.loss_bbox: 0.3146, aux_task4.loss_heatmap: 0.6551, aux_task4.loss_bbox: 0.3303, aux_task5.loss_heatmap: 0.7496, aux_task5.loss_bbox: 0.3298, loss: 18.0779, grad_norm: 74.9440
2025-06-21 23:49:37,053 - mmdet - INFO - Epoch [1][5950/30895]	lr: 1.266e-05, eta: 18 days, 23:24:14, time: 1.733, data_time: 0.388, memory: 18672, loss_cls: 0.6772, loss_bbox: 1.0175, d0.loss_cls: 0.7024, d0.loss_bbox: 1.2171, d1.loss_cls: 0.6786, d1.loss_bbox: 1.0978, d2.loss_cls: 0.6738, d2.loss_bbox: 1.0664, d3.loss_cls: 0.6742, d3.loss_bbox: 1.0477, d4.loss_cls: 0.6740, d4.loss_bbox: 1.0277, aux_task0.loss_heatmap: 0.7988, aux_task0.loss_bbox: 0.3316, aux_task1.loss_heatmap: 1.0640, aux_task1.loss_bbox: 0.3685, aux_task2.loss_heatmap: 1.2123, aux_task2.loss_bbox: 0.3916, aux_task3.loss_heatmap: 0.8371, aux_task3.loss_bbox: 0.3114, aux_task4.loss_heatmap: 0.6776, aux_task4.loss_bbox: 0.3345, aux_task5.loss_heatmap: 0.7377, aux_task5.loss_bbox: 0.3254, loss: 17.9446, grad_norm: 77.2122
2025-06-21 23:53:00,194 - mmdet - INFO - Exp name: lidar_0075v_900q_split1_2x2_hednetmiddleencoder_hednetbackbone4_dss0511_dp03_hugeep2_num2_conv_xy_rope.py
2025-06-21 23:53:00,194 - mmdet - INFO - Epoch [1][6000/30895]	lr: 1.266e-05, eta: 19 days, 1:19:33, time: 4.062, data_time: 2.700, memory: 18672, loss_cls: 0.6749, loss_bbox: 1.0272, d0.loss_cls: 0.6981, d0.loss_bbox: 1.2170, d1.loss_cls: 0.6784, d1.loss_bbox: 1.1007, d2.loss_cls: 0.6737, d2.loss_bbox: 1.0730, d3.loss_cls: 0.6744, d3.loss_bbox: 1.0541, d4.loss_cls: 0.6755, d4.loss_bbox: 1.0338, aux_task0.loss_heatmap: 0.8053, aux_task0.loss_bbox: 0.3252, aux_task1.loss_heatmap: 1.0487, aux_task1.loss_bbox: 0.3699, aux_task2.loss_heatmap: 1.2357, aux_task2.loss_bbox: 0.3993, aux_task3.loss_heatmap: 0.8494, aux_task3.loss_bbox: 0.3155, aux_task4.loss_heatmap: 0.6711, aux_task4.loss_bbox: 0.3275, aux_task5.loss_heatmap: 0.6990, aux_task5.loss_bbox: 0.3320, loss: 17.9596, grad_norm: 74.2284
2025-06-21 23:56:00,260 - mmdet - INFO - Epoch [1][6050/30895]	lr: 1.267e-05, eta: 19 days, 2:34:06, time: 3.602, data_time: 2.223, memory: 18672, loss_cls: 0.6761, loss_bbox: 1.0290, d0.loss_cls: 0.7036, d0.loss_bbox: 1.2107, d1.loss_cls: 0.6797, d1.loss_bbox: 1.0962, d2.loss_cls: 0.6775, d2.loss_bbox: 1.0694, d3.loss_cls: 0.6769, d3.loss_bbox: 1.0525, d4.loss_cls: 0.6749, d4.loss_bbox: 1.0360, aux_task0.loss_heatmap: 0.8314, aux_task0.loss_bbox: 0.3278, aux_task1.loss_heatmap: 1.0557, aux_task1.loss_bbox: 0.3707, aux_task2.loss_heatmap: 1.2326, aux_task2.loss_bbox: 0.3951, aux_task3.loss_heatmap: 0.9308, aux_task3.loss_bbox: 0.3228, aux_task4.loss_heatmap: 0.6742, aux_task4.loss_bbox: 0.3323, aux_task5.loss_heatmap: 0.7187, aux_task5.loss_bbox: 0.3274, loss: 18.1020, grad_norm: 75.8057
2025-06-22 00:01:16,802 - mmdet - INFO - Epoch [1][6100/30895]	lr: 1.267e-05, eta: 19 days, 7:35:28, time: 6.331, data_time: 4.993, memory: 18672, loss_cls: 0.6685, loss_bbox: 1.0290, d0.loss_cls: 0.6933, d0.loss_bbox: 1.2258, d1.loss_cls: 0.6757, d1.loss_bbox: 1.1058, d2.loss_cls: 0.6682, d2.loss_bbox: 1.0794, d3.loss_cls: 0.6680, d3.loss_bbox: 1.0577, d4.loss_cls: 0.6669, d4.loss_bbox: 1.0381, aux_task0.loss_heatmap: 0.7858, aux_task0.loss_bbox: 0.3237, aux_task1.loss_heatmap: 1.0710, aux_task1.loss_bbox: 0.3681, aux_task2.loss_heatmap: 1.2001, aux_task2.loss_bbox: 0.3955, aux_task3.loss_heatmap: 0.8752, aux_task3.loss_bbox: 0.3174, aux_task4.loss_heatmap: 0.6528, aux_task4.loss_bbox: 0.3282, aux_task5.loss_heatmap: 0.7226, aux_task5.loss_bbox: 0.3308, loss: 17.9477, grad_norm: 76.4688
2025-06-22 00:08:31,009 - mmdet - INFO - Epoch [1][6150/30895]	lr: 1.267e-05, eta: 19 days, 15:46:56, time: 8.684, data_time: 7.360, memory: 18672, loss_cls: 0.6662, loss_bbox: 1.0146, d0.loss_cls: 0.6897, d0.loss_bbox: 1.2152, d1.loss_cls: 0.6703, d1.loss_bbox: 1.0943, d2.loss_cls: 0.6644, d2.loss_bbox: 1.0651, d3.loss_cls: 0.6638, d3.loss_bbox: 1.0449, d4.loss_cls: 0.6620, d4.loss_bbox: 1.0239, aux_task0.loss_heatmap: 0.8025, aux_task0.loss_bbox: 0.3233, aux_task1.loss_heatmap: 1.0384, aux_task1.loss_bbox: 0.3709, aux_task2.loss_heatmap: 1.2211, aux_task2.loss_bbox: 0.4036, aux_task3.loss_heatmap: 0.8869, aux_task3.loss_bbox: 0.3189, aux_task4.loss_heatmap: 0.6530, aux_task4.loss_bbox: 0.3283, aux_task5.loss_heatmap: 0.7046, aux_task5.loss_bbox: 0.3272, loss: 17.8531, grad_norm: 76.4670
2025-06-22 00:13:22,889 - mmdet - INFO - Epoch [1][6200/30895]	lr: 1.267e-05, eta: 19 days, 19:56:19, time: 5.838, data_time: 4.434, memory: 18672, loss_cls: 0.6681, loss_bbox: 1.0254, d0.loss_cls: 0.6903, d0.loss_bbox: 1.2182, d1.loss_cls: 0.6700, d1.loss_bbox: 1.1011, d2.loss_cls: 0.6638, d2.loss_bbox: 1.0765, d3.loss_cls: 0.6674, d3.loss_bbox: 1.0552, d4.loss_cls: 0.6682, d4.loss_bbox: 1.0331, aux_task0.loss_heatmap: 0.8159, aux_task0.loss_bbox: 0.3308, aux_task1.loss_heatmap: 1.0699, aux_task1.loss_bbox: 0.3734, aux_task2.loss_heatmap: 1.1872, aux_task2.loss_bbox: 0.4065, aux_task3.loss_heatmap: 0.8606, aux_task3.loss_bbox: 0.3187, aux_task4.loss_heatmap: 0.6648, aux_task4.loss_bbox: 0.3276, aux_task5.loss_heatmap: 0.7053, aux_task5.loss_bbox: 0.3303, loss: 17.9284, grad_norm: 73.9241
2025-06-22 00:17:48,447 - mmdet - INFO - Epoch [1][6250/30895]	lr: 1.268e-05, eta: 19 days, 23:18:41, time: 5.311, data_time: 3.893, memory: 18672, loss_cls: 0.6662, loss_bbox: 1.0391, d0.loss_cls: 0.6943, d0.loss_bbox: 1.2339, d1.loss_cls: 0.6735, d1.loss_bbox: 1.1157, d2.loss_cls: 0.6660, d2.loss_bbox: 1.0887, d3.loss_cls: 0.6638, d3.loss_bbox: 1.0701, d4.loss_cls: 0.6655, d4.loss_bbox: 1.0476, aux_task0.loss_heatmap: 0.7997, aux_task0.loss_bbox: 0.3395, aux_task1.loss_heatmap: 1.0743, aux_task1.loss_bbox: 0.3758, aux_task2.loss_heatmap: 1.2220, aux_task2.loss_bbox: 0.4150, aux_task3.loss_heatmap: 0.8762, aux_task3.loss_bbox: 0.3195, aux_task4.loss_heatmap: 0.6503, aux_task4.loss_bbox: 0.3333, aux_task5.loss_heatmap: 0.6993, aux_task5.loss_bbox: 0.3296, loss: 18.0591, grad_norm: 75.6379
2025-06-22 00:23:53,305 - mmdet - INFO - Epoch [1][6300/30895]	lr: 1.268e-05, eta: 20 days, 5:18:27, time: 7.297, data_time: 5.931, memory: 18672, loss_cls: 0.6674, loss_bbox: 1.0282, d0.loss_cls: 0.6942, d0.loss_bbox: 1.2299, d1.loss_cls: 0.6747, d1.loss_bbox: 1.1106, d2.loss_cls: 0.6676, d2.loss_bbox: 1.0798, d3.loss_cls: 0.6673, d3.loss_bbox: 1.0593, d4.loss_cls: 0.6660, d4.loss_bbox: 1.0369, aux_task0.loss_heatmap: 0.7977, aux_task0.loss_bbox: 0.3314, aux_task1.loss_heatmap: 1.0413, aux_task1.loss_bbox: 0.3757, aux_task2.loss_heatmap: 1.2232, aux_task2.loss_bbox: 0.4019, aux_task3.loss_heatmap: 0.9050, aux_task3.loss_bbox: 0.3202, aux_task4.loss_heatmap: 0.6766, aux_task4.loss_bbox: 0.3287, aux_task5.loss_heatmap: 0.7120, aux_task5.loss_bbox: 0.3239, loss: 18.0197, grad_norm: 74.7221
2025-06-22 00:29:56,941 - mmdet - INFO - Epoch [1][6350/30895]	lr: 1.268e-05, eta: 20 days, 11:10:29, time: 7.273, data_time: 5.940, memory: 18672, loss_cls: 0.6791, loss_bbox: 1.0238, d0.loss_cls: 0.7020, d0.loss_bbox: 1.2230, d1.loss_cls: 0.6838, d1.loss_bbox: 1.1045, d2.loss_cls: 0.6792, d2.loss_bbox: 1.0740, d3.loss_cls: 0.6762, d3.loss_bbox: 1.0556, d4.loss_cls: 0.6765, d4.loss_bbox: 1.0335, aux_task0.loss_heatmap: 0.8130, aux_task0.loss_bbox: 0.3329, aux_task1.loss_heatmap: 1.0376, aux_task1.loss_bbox: 0.3680, aux_task2.loss_heatmap: 1.2267, aux_task2.loss_bbox: 0.4078, aux_task3.loss_heatmap: 0.8880, aux_task3.loss_bbox: 0.3224, aux_task4.loss_heatmap: 0.6641, aux_task4.loss_bbox: 0.3300, aux_task5.loss_heatmap: 0.7077, aux_task5.loss_bbox: 0.3249, loss: 18.0344, grad_norm: 75.2471
2025-06-22 00:32:05,255 - mmdet - INFO - Epoch [1][6400/30895]	lr: 1.269e-05, eta: 20 days, 10:42:11, time: 2.566, data_time: 1.233, memory: 18672, loss_cls: 0.6582, loss_bbox: 1.0219, d0.loss_cls: 0.6816, d0.loss_bbox: 1.2159, d1.loss_cls: 0.6604, d1.loss_bbox: 1.0968, d2.loss_cls: 0.6554, d2.loss_bbox: 1.0690, d3.loss_cls: 0.6550, d3.loss_bbox: 1.0497, d4.loss_cls: 0.6557, d4.loss_bbox: 1.0305, aux_task0.loss_heatmap: 0.8055, aux_task0.loss_bbox: 0.3198, aux_task1.loss_heatmap: 1.0528, aux_task1.loss_bbox: 0.3744, aux_task2.loss_heatmap: 1.2280, aux_task2.loss_bbox: 0.4005, aux_task3.loss_heatmap: 0.8904, aux_task3.loss_bbox: 0.3211, aux_task4.loss_heatmap: 0.6538, aux_task4.loss_bbox: 0.3313, aux_task5.loss_heatmap: 0.7172, aux_task5.loss_bbox: 0.3290, loss: 17.8740, grad_norm: 75.7919
2025-06-22 00:35:09,905 - mmdet - INFO - Epoch [1][6450/30895]	lr: 1.269e-05, eta: 20 days, 11:43:18, time: 3.693, data_time: 2.334, memory: 18672, loss_cls: 0.6606, loss_bbox: 1.0104, d0.loss_cls: 0.6868, d0.loss_bbox: 1.1980, d1.loss_cls: 0.6617, d1.loss_bbox: 1.0854, d2.loss_cls: 0.6566, d2.loss_bbox: 1.0585, d3.loss_cls: 0.6582, d3.loss_bbox: 1.0381, d4.loss_cls: 0.6588, d4.loss_bbox: 1.0185, aux_task0.loss_heatmap: 0.7927, aux_task0.loss_bbox: 0.3285, aux_task1.loss_heatmap: 1.0211, aux_task1.loss_bbox: 0.3645, aux_task2.loss_heatmap: 1.2060, aux_task2.loss_bbox: 0.4018, aux_task3.loss_heatmap: 0.8818, aux_task3.loss_bbox: 0.3232, aux_task4.loss_heatmap: 0.6578, aux_task4.loss_bbox: 0.3305, aux_task5.loss_heatmap: 0.7146, aux_task5.loss_bbox: 0.3318, loss: 17.7460, grad_norm: 76.3810
2025-06-22 00:39:12,712 - mmdet - INFO - Epoch [1][6500/30895]	lr: 1.269e-05, eta: 20 days, 14:14:37, time: 4.856, data_time: 3.517, memory: 18672, loss_cls: 0.6580, loss_bbox: 1.0077, d0.loss_cls: 0.6856, d0.loss_bbox: 1.2008, d1.loss_cls: 0.6630, d1.loss_bbox: 1.0823, d2.loss_cls: 0.6560, d2.loss_bbox: 1.0540, d3.loss_cls: 0.6548, d3.loss_bbox: 1.0346, d4.loss_cls: 0.6554, d4.loss_bbox: 1.0167, aux_task0.loss_heatmap: 0.7736, aux_task0.loss_bbox: 0.3201, aux_task1.loss_heatmap: 1.0694, aux_task1.loss_bbox: 0.3643, aux_task2.loss_heatmap: 1.1770, aux_task2.loss_bbox: 0.3991, aux_task3.loss_heatmap: 0.8445, aux_task3.loss_bbox: 0.3153, aux_task4.loss_heatmap: 0.6602, aux_task4.loss_bbox: 0.3313, aux_task5.loss_heatmap: 0.7016, aux_task5.loss_bbox: 0.3297, loss: 17.6549, grad_norm: 74.5740
2025-06-22 00:43:31,568 - mmdet - INFO - Epoch [1][6550/30895]	lr: 1.269e-05, eta: 20 days, 17:08:30, time: 5.177, data_time: 3.820, memory: 18672, loss_cls: 0.6460, loss_bbox: 1.0082, d0.loss_cls: 0.6768, d0.loss_bbox: 1.1970, d1.loss_cls: 0.6536, d1.loss_bbox: 1.0822, d2.loss_cls: 0.6473, d2.loss_bbox: 1.0530, d3.loss_cls: 0.6448, d3.loss_bbox: 1.0350, d4.loss_cls: 0.6448, d4.loss_bbox: 1.0162, aux_task0.loss_heatmap: 0.7927, aux_task0.loss_bbox: 0.3272, aux_task1.loss_heatmap: 1.0541, aux_task1.loss_bbox: 0.3718, aux_task2.loss_heatmap: 1.1917, aux_task2.loss_bbox: 0.4000, aux_task3.loss_heatmap: 0.8465, aux_task3.loss_bbox: 0.3183, aux_task4.loss_heatmap: 0.6682, aux_task4.loss_bbox: 0.3255, aux_task5.loss_heatmap: 0.6758, aux_task5.loss_bbox: 0.3203, loss: 17.5970, grad_norm: 73.2093
2025-06-22 00:45:53,471 - mmdet - INFO - Epoch [1][6600/30895]	lr: 1.270e-05, eta: 20 days, 16:59:10, time: 2.838, data_time: 1.499, memory: 18672, loss_cls: 0.6496, loss_bbox: 1.0008, d0.loss_cls: 0.6749, d0.loss_bbox: 1.1986, d1.loss_cls: 0.6535, d1.loss_bbox: 1.0819, d2.loss_cls: 0.6500, d2.loss_bbox: 1.0508, d3.loss_cls: 0.6493, d3.loss_bbox: 1.0297, d4.loss_cls: 0.6495, d4.loss_bbox: 1.0081, aux_task0.loss_heatmap: 0.7689, aux_task0.loss_bbox: 0.3197, aux_task1.loss_heatmap: 1.0716, aux_task1.loss_bbox: 0.3761, aux_task2.loss_heatmap: 1.2409, aux_task2.loss_bbox: 0.3966, aux_task3.loss_heatmap: 0.8550, aux_task3.loss_bbox: 0.3184, aux_task4.loss_heatmap: 0.6591, aux_task4.loss_bbox: 0.3325, aux_task5.loss_heatmap: 0.6865, aux_task5.loss_bbox: 0.3223, loss: 17.6444, grad_norm: 75.0516
2025-06-22 00:47:37,757 - mmdet - INFO - Epoch [1][6650/30895]	lr: 1.270e-05, eta: 20 days, 15:52:18, time: 2.086, data_time: 0.709, memory: 18672, loss_cls: 0.6526, loss_bbox: 1.0093, d0.loss_cls: 0.6786, d0.loss_bbox: 1.2028, d1.loss_cls: 0.6574, d1.loss_bbox: 1.0856, d2.loss_cls: 0.6502, d2.loss_bbox: 1.0562, d3.loss_cls: 0.6509, d3.loss_bbox: 1.0367, d4.loss_cls: 0.6518, d4.loss_bbox: 1.0151, aux_task0.loss_heatmap: 0.8321, aux_task0.loss_bbox: 0.3353, aux_task1.loss_heatmap: 1.0529, aux_task1.loss_bbox: 0.3653, aux_task2.loss_heatmap: 1.1440, aux_task2.loss_bbox: 0.3923, aux_task3.loss_heatmap: 0.8747, aux_task3.loss_bbox: 0.3151, aux_task4.loss_heatmap: 0.6708, aux_task4.loss_bbox: 0.3300, aux_task5.loss_heatmap: 0.6835, aux_task5.loss_bbox: 0.3238, loss: 17.6670, grad_norm: 74.8738
2025-06-22 00:50:40,085 - mmdet - INFO - Epoch [1][6700/30895]	lr: 1.270e-05, eta: 20 days, 16:45:04, time: 3.647, data_time: 1.927, memory: 18672, loss_cls: 0.6556, loss_bbox: 1.0023, d0.loss_cls: 0.6792, d0.loss_bbox: 1.1982, d1.loss_cls: 0.6600, d1.loss_bbox: 1.0773, d2.loss_cls: 0.6552, d2.loss_bbox: 1.0482, d3.loss_cls: 0.6539, d3.loss_bbox: 1.0285, d4.loss_cls: 0.6546, d4.loss_bbox: 1.0093, aux_task0.loss_heatmap: 0.7860, aux_task0.loss_bbox: 0.3253, aux_task1.loss_heatmap: 1.0399, aux_task1.loss_bbox: 0.3697, aux_task2.loss_heatmap: 1.1350, aux_task2.loss_bbox: 0.4051, aux_task3.loss_heatmap: 0.8892, aux_task3.loss_bbox: 0.3145, aux_task4.loss_heatmap: 0.6604, aux_task4.loss_bbox: 0.3293, aux_task5.loss_heatmap: 0.6943, aux_task5.loss_bbox: 0.3238, loss: 17.5949, grad_norm: 77.3482
2025-06-22 00:54:51,583 - mmdet - INFO - Epoch [1][6750/30895]	lr: 1.271e-05, eta: 20 days, 19:21:23, time: 5.030, data_time: 3.703, memory: 18672, loss_cls: 0.6619, loss_bbox: 1.0031, d0.loss_cls: 0.6871, d0.loss_bbox: 1.1927, d1.loss_cls: 0.6667, d1.loss_bbox: 1.0776, d2.loss_cls: 0.6610, d2.loss_bbox: 1.0479, d3.loss_cls: 0.6612, d3.loss_bbox: 1.0279, d4.loss_cls: 0.6623, d4.loss_bbox: 1.0086, aux_task0.loss_heatmap: 0.7989, aux_task0.loss_bbox: 0.3294, aux_task1.loss_heatmap: 1.0330, aux_task1.loss_bbox: 0.3658, aux_task2.loss_heatmap: 1.1802, aux_task2.loss_bbox: 0.3964, aux_task3.loss_heatmap: 0.9100, aux_task3.loss_bbox: 0.3139, aux_task4.loss_heatmap: 0.6484, aux_task4.loss_bbox: 0.3267, aux_task5.loss_heatmap: 0.6902, aux_task5.loss_bbox: 0.3269, loss: 17.6778, grad_norm: 75.4388
2025-06-22 00:59:24,591 - mmdet - INFO - Epoch [1][6800/30895]	lr: 1.271e-05, eta: 20 days, 22:27:33, time: 5.460, data_time: 4.093, memory: 18672, loss_cls: 0.6336, loss_bbox: 0.9895, d0.loss_cls: 0.6558, d0.loss_bbox: 1.1872, d1.loss_cls: 0.6375, d1.loss_bbox: 1.0668, d2.loss_cls: 0.6337, d2.loss_bbox: 1.0382, d3.loss_cls: 0.6333, d3.loss_bbox: 1.0170, d4.loss_cls: 0.6343, d4.loss_bbox: 0.9963, aux_task0.loss_heatmap: 0.8076, aux_task0.loss_bbox: 0.3183, aux_task1.loss_heatmap: 1.0384, aux_task1.loss_bbox: 0.3669, aux_task2.loss_heatmap: 1.1721, aux_task2.loss_bbox: 0.3939, aux_task3.loss_heatmap: 0.8613, aux_task3.loss_bbox: 0.3177, aux_task4.loss_heatmap: 0.6449, aux_task4.loss_bbox: 0.3262, aux_task5.loss_heatmap: 0.6698, aux_task5.loss_bbox: 0.3240, loss: 17.3642, grad_norm: 71.4269
2025-06-22 01:06:32,813 - mmdet - INFO - Epoch [1][6850/30895]	lr: 1.271e-05, eta: 21 days, 5:21:42, time: 8.564, data_time: 7.234, memory: 18672, loss_cls: 0.6560, loss_bbox: 0.9943, d0.loss_cls: 0.6843, d0.loss_bbox: 1.1796, d1.loss_cls: 0.6606, d1.loss_bbox: 1.0692, d2.loss_cls: 0.6558, d2.loss_bbox: 1.0396, d3.loss_cls: 0.6564, d3.loss_bbox: 1.0183, d4.loss_cls: 0.6565, d4.loss_bbox: 1.0015, aux_task0.loss_heatmap: 0.7771, aux_task0.loss_bbox: 0.3205, aux_task1.loss_heatmap: 1.0604, aux_task1.loss_bbox: 0.3666, aux_task2.loss_heatmap: 1.2080, aux_task2.loss_bbox: 0.4059, aux_task3.loss_heatmap: 0.8812, aux_task3.loss_bbox: 0.3127, aux_task4.loss_heatmap: 0.6570, aux_task4.loss_bbox: 0.3269, aux_task5.loss_heatmap: 0.6909, aux_task5.loss_bbox: 0.3250, loss: 17.6042, grad_norm: 76.5976
2025-06-22 01:11:40,800 - mmdet - INFO - Epoch [1][6900/30895]	lr: 1.272e-05, eta: 21 days, 9:12:16, time: 6.159, data_time: 4.813, memory: 18672, loss_cls: 0.6410, loss_bbox: 0.9918, d0.loss_cls: 0.6665, d0.loss_bbox: 1.1874, d1.loss_cls: 0.6487, d1.loss_bbox: 1.0678, d2.loss_cls: 0.6402, d2.loss_bbox: 1.0391, d3.loss_cls: 0.6402, d3.loss_bbox: 1.0178, d4.loss_cls: 0.6397, d4.loss_bbox: 0.9993, aux_task0.loss_heatmap: 0.7573, aux_task0.loss_bbox: 0.3206, aux_task1.loss_heatmap: 1.0483, aux_task1.loss_bbox: 0.3622, aux_task2.loss_heatmap: 1.1992, aux_task2.loss_bbox: 0.3984, aux_task3.loss_heatmap: 0.8327, aux_task3.loss_bbox: 0.3141, aux_task4.loss_heatmap: 0.6398, aux_task4.loss_bbox: 0.3295, aux_task5.loss_heatmap: 0.6697, aux_task5.loss_bbox: 0.3256, loss: 17.3770, grad_norm: 73.1320
2025-06-22 01:17:08,107 - mmdet - INFO - Epoch [1][6950/30895]	lr: 1.272e-05, eta: 21 days, 13:27:48, time: 6.546, data_time: 5.196, memory: 18672, loss_cls: 0.6390, loss_bbox: 0.9981, d0.loss_cls: 0.6676, d0.loss_bbox: 1.1872, d1.loss_cls: 0.6464, d1.loss_bbox: 1.0722, d2.loss_cls: 0.6403, d2.loss_bbox: 1.0429, d3.loss_cls: 0.6378, d3.loss_bbox: 1.0235, d4.loss_cls: 0.6383, d4.loss_bbox: 1.0062, aux_task0.loss_heatmap: 0.7941, aux_task0.loss_bbox: 0.3220, aux_task1.loss_heatmap: 1.0599, aux_task1.loss_bbox: 0.3629, aux_task2.loss_heatmap: 1.1731, aux_task2.loss_bbox: 0.3968, aux_task3.loss_heatmap: 0.8147, aux_task3.loss_bbox: 0.3140, aux_task4.loss_heatmap: 0.6522, aux_task4.loss_bbox: 0.3228, aux_task5.loss_heatmap: 0.6765, aux_task5.loss_bbox: 0.3203, loss: 17.4088, grad_norm: 74.6449
2025-06-22 01:24:16,461 - mmdet - INFO - Exp name: lidar_0075v_900q_split1_2x2_hednetmiddleencoder_hednetbackbone4_dss0511_dp03_hugeep2_num2_conv_xy_rope.py
2025-06-22 01:24:16,461 - mmdet - INFO - Epoch [1][7000/30895]	lr: 1.272e-05, eta: 21 days, 20:06:34, time: 8.567, data_time: 7.243, memory: 18672, loss_cls: 0.6397, loss_bbox: 0.9967, d0.loss_cls: 0.6647, d0.loss_bbox: 1.1912, d1.loss_cls: 0.6450, d1.loss_bbox: 1.0711, d2.loss_cls: 0.6389, d2.loss_bbox: 1.0404, d3.loss_cls: 0.6381, d3.loss_bbox: 1.0202, d4.loss_cls: 0.6371, d4.loss_bbox: 1.0034, aux_task0.loss_heatmap: 0.7890, aux_task0.loss_bbox: 0.3252, aux_task1.loss_heatmap: 1.0499, aux_task1.loss_bbox: 0.3691, aux_task2.loss_heatmap: 1.1678, aux_task2.loss_bbox: 0.3981, aux_task3.loss_heatmap: 0.8212, aux_task3.loss_bbox: 0.3181, aux_task4.loss_heatmap: 0.6400, aux_task4.loss_bbox: 0.3308, aux_task5.loss_heatmap: 0.6821, aux_task5.loss_bbox: 0.3251, loss: 17.4028, grad_norm: 72.7595
2025-06-22 01:26:35,639 - mmdet - INFO - Epoch [1][7050/30895]	lr: 1.273e-05, eta: 21 days, 19:41:58, time: 2.784, data_time: 1.461, memory: 18672, loss_cls: 0.6437, loss_bbox: 1.0018, d0.loss_cls: 0.6710, d0.loss_bbox: 1.1859, d1.loss_cls: 0.6531, d1.loss_bbox: 1.0706, d2.loss_cls: 0.6464, d2.loss_bbox: 1.0418, d3.loss_cls: 0.6436, d3.loss_bbox: 1.0225, d4.loss_cls: 0.6440, d4.loss_bbox: 1.0067, aux_task0.loss_heatmap: 0.7879, aux_task0.loss_bbox: 0.3244, aux_task1.loss_heatmap: 1.0439, aux_task1.loss_bbox: 0.3737, aux_task2.loss_heatmap: 1.1597, aux_task2.loss_bbox: 0.3944, aux_task3.loss_heatmap: 0.8472, aux_task3.loss_bbox: 0.3266, aux_task4.loss_heatmap: 0.6498, aux_task4.loss_bbox: 0.3282, aux_task5.loss_heatmap: 0.6798, aux_task5.loss_bbox: 0.3201, loss: 17.4667, grad_norm: 74.7093
2025-06-22 01:28:38,800 - mmdet - INFO - Epoch [1][7100/30895]	lr: 1.273e-05, eta: 21 days, 18:54:43, time: 2.463, data_time: 1.115, memory: 18672, loss_cls: 0.6393, loss_bbox: 0.9993, d0.loss_cls: 0.6653, d0.loss_bbox: 1.1925, d1.loss_cls: 0.6464, d1.loss_bbox: 1.0746, d2.loss_cls: 0.6402, d2.loss_bbox: 1.0434, d3.loss_cls: 0.6375, d3.loss_bbox: 1.0226, d4.loss_cls: 0.6393, d4.loss_bbox: 1.0046, aux_task0.loss_heatmap: 0.8130, aux_task0.loss_bbox: 0.3282, aux_task1.loss_heatmap: 1.0139, aux_task1.loss_bbox: 0.3666, aux_task2.loss_heatmap: 1.1638, aux_task2.loss_bbox: 0.3899, aux_task3.loss_heatmap: 0.8358, aux_task3.loss_bbox: 0.3189, aux_task4.loss_heatmap: 0.6576, aux_task4.loss_bbox: 0.3280, aux_task5.loss_heatmap: 0.6874, aux_task5.loss_bbox: 0.3214, loss: 17.4295, grad_norm: 74.6729
2025-06-22 01:31:42,354 - mmdet - INFO - Epoch [1][7150/30895]	lr: 1.273e-05, eta: 21 days, 19:34:05, time: 3.671, data_time: 1.654, memory: 18672, loss_cls: 0.6488, loss_bbox: 1.0026, d0.loss_cls: 0.6762, d0.loss_bbox: 1.1949, d1.loss_cls: 0.6546, d1.loss_bbox: 1.0766, d2.loss_cls: 0.6495, d2.loss_bbox: 1.0464, d3.loss_cls: 0.6486, d3.loss_bbox: 1.0243, d4.loss_cls: 0.6485, d4.loss_bbox: 1.0073, aux_task0.loss_heatmap: 0.7933, aux_task0.loss_bbox: 0.3228, aux_task1.loss_heatmap: 1.0386, aux_task1.loss_bbox: 0.3694, aux_task2.loss_heatmap: 1.1579, aux_task2.loss_bbox: 0.3976, aux_task3.loss_heatmap: 0.8130, aux_task3.loss_bbox: 0.3066, aux_task4.loss_heatmap: 0.6573, aux_task4.loss_bbox: 0.3316, aux_task5.loss_heatmap: 0.6953, aux_task5.loss_bbox: 0.3293, loss: 17.4909, grad_norm: 76.6003
2025-06-22 01:35:35,273 - mmdet - INFO - Epoch [1][7200/30895]	lr: 1.274e-05, eta: 21 days, 21:22:39, time: 4.658, data_time: 3.263, memory: 18672, loss_cls: 0.6472, loss_bbox: 1.0076, d0.loss_cls: 0.6724, d0.loss_bbox: 1.1976, d1.loss_cls: 0.6528, d1.loss_bbox: 1.0820, d2.loss_cls: 0.6475, d2.loss_bbox: 1.0507, d3.loss_cls: 0.6463, d3.loss_bbox: 1.0284, d4.loss_cls: 0.6461, d4.loss_bbox: 1.0145, aux_task0.loss_heatmap: 0.8085, aux_task0.loss_bbox: 0.3450, aux_task1.loss_heatmap: 1.0297, aux_task1.loss_bbox: 0.3683, aux_task2.loss_heatmap: 1.1734, aux_task2.loss_bbox: 0.4078, aux_task3.loss_heatmap: 0.7898, aux_task3.loss_bbox: 0.3132, aux_task4.loss_heatmap: 0.6530, aux_task4.loss_bbox: 0.3300, aux_task5.loss_heatmap: 0.6620, aux_task5.loss_bbox: 0.3237, loss: 17.4976, grad_norm: 74.2684
2025-06-22 01:39:14,477 - mmdet - INFO - Epoch [1][7250/30895]	lr: 1.274e-05, eta: 21 days, 22:50:24, time: 4.384, data_time: 3.053, memory: 18672, loss_cls: 0.6357, loss_bbox: 0.9823, d0.loss_cls: 0.6630, d0.loss_bbox: 1.1753, d1.loss_cls: 0.6430, d1.loss_bbox: 1.0571, d2.loss_cls: 0.6363, d2.loss_bbox: 1.0277, d3.loss_cls: 0.6348, d3.loss_bbox: 1.0045, d4.loss_cls: 0.6356, d4.loss_bbox: 0.9883, aux_task0.loss_heatmap: 0.7615, aux_task0.loss_bbox: 0.3208, aux_task1.loss_heatmap: 1.0201, aux_task1.loss_bbox: 0.3634, aux_task2.loss_heatmap: 1.1429, aux_task2.loss_bbox: 0.3975, aux_task3.loss_heatmap: 0.7855, aux_task3.loss_bbox: 0.3113, aux_task4.loss_heatmap: 0.6358, aux_task4.loss_bbox: 0.3248, aux_task5.loss_heatmap: 0.6747, aux_task5.loss_bbox: 0.3228, loss: 17.1446, grad_norm: 75.0407
2025-06-22 01:41:23,416 - mmdet - INFO - Epoch [1][7300/30895]	lr: 1.274e-05, eta: 21 days, 22:11:04, time: 2.579, data_time: 1.222, memory: 18672, loss_cls: 0.6372, loss_bbox: 0.9844, d0.loss_cls: 0.6613, d0.loss_bbox: 1.1718, d1.loss_cls: 0.6444, d1.loss_bbox: 1.0514, d2.loss_cls: 0.6371, d2.loss_bbox: 1.0237, d3.loss_cls: 0.6362, d3.loss_bbox: 1.0029, d4.loss_cls: 0.6363, d4.loss_bbox: 0.9894, aux_task0.loss_heatmap: 0.7825, aux_task0.loss_bbox: 0.3286, aux_task1.loss_heatmap: 1.0058, aux_task1.loss_bbox: 0.3615, aux_task2.loss_heatmap: 1.1754, aux_task2.loss_bbox: 0.3999, aux_task3.loss_heatmap: 0.7530, aux_task3.loss_bbox: 0.3084, aux_task4.loss_heatmap: 0.6452, aux_task4.loss_bbox: 0.3263, aux_task5.loss_heatmap: 0.6929, aux_task5.loss_bbox: 0.3260, loss: 17.1817, grad_norm: 75.4732
2025-06-22 01:44:17,440 - mmdet - INFO - Epoch [1][7350/30895]	lr: 1.275e-05, eta: 21 days, 22:34:40, time: 3.480, data_time: 2.101, memory: 18672, loss_cls: 0.6366, loss_bbox: 0.9902, d0.loss_cls: 0.6622, d0.loss_bbox: 1.1790, d1.loss_cls: 0.6391, d1.loss_bbox: 1.0622, d2.loss_cls: 0.6352, d2.loss_bbox: 1.0309, d3.loss_cls: 0.6354, d3.loss_bbox: 1.0100, d4.loss_cls: 0.6352, d4.loss_bbox: 0.9973, aux_task0.loss_heatmap: 0.7561, aux_task0.loss_bbox: 0.3162, aux_task1.loss_heatmap: 1.0292, aux_task1.loss_bbox: 0.3661, aux_task2.loss_heatmap: 1.1277, aux_task2.loss_bbox: 0.3947, aux_task3.loss_heatmap: 0.7679, aux_task3.loss_bbox: 0.3081, aux_task4.loss_heatmap: 0.6406, aux_task4.loss_bbox: 0.3267, aux_task5.loss_heatmap: 0.6889, aux_task5.loss_bbox: 0.3218, loss: 17.1570, grad_norm: 84.6707
2025-06-22 01:49:38,178 - mmdet - INFO - Epoch [1][7400/30895]	lr: 1.275e-05, eta: 22 days, 2:19:37, time: 6.415, data_time: 4.997, memory: 18672, loss_cls: 0.6356, loss_bbox: 0.9898, d0.loss_cls: 0.6509, d0.loss_bbox: 1.1799, d1.loss_cls: 0.6390, d1.loss_bbox: 1.0613, d2.loss_cls: 0.6312, d2.loss_bbox: 1.0333, d3.loss_cls: 0.6292, d3.loss_bbox: 1.0125, d4.loss_cls: 0.6331, d4.loss_bbox: 0.9972, aux_task0.loss_heatmap: 0.7292, aux_task0.loss_bbox: 0.3161, aux_task1.loss_heatmap: 1.0275, aux_task1.loss_bbox: 0.3655, aux_task2.loss_heatmap: 1.1587, aux_task2.loss_bbox: 0.3986, aux_task3.loss_heatmap: 0.8339, aux_task3.loss_bbox: 0.3206, aux_task4.loss_heatmap: 0.6401, aux_task4.loss_bbox: 0.3263, aux_task5.loss_heatmap: 0.6683, aux_task5.loss_bbox: 0.3271, loss: 17.2049, grad_norm: 76.0092
2025-06-22 01:53:26,971 - mmdet - INFO - Epoch [1][7450/30895]	lr: 1.275e-05, eta: 22 days, 3:55:56, time: 4.576, data_time: 3.179, memory: 18672, loss_cls: 0.6438, loss_bbox: 0.9857, d0.loss_cls: 0.6669, d0.loss_bbox: 1.1721, d1.loss_cls: 0.6469, d1.loss_bbox: 1.0535, d2.loss_cls: 0.6394, d2.loss_bbox: 1.0244, d3.loss_cls: 0.6415, d3.loss_bbox: 1.0054, d4.loss_cls: 0.6437, d4.loss_bbox: 0.9907, aux_task0.loss_heatmap: 0.8069, aux_task0.loss_bbox: 0.3300, aux_task1.loss_heatmap: 1.0364, aux_task1.loss_bbox: 0.3652, aux_task2.loss_heatmap: 1.1367, aux_task2.loss_bbox: 0.3955, aux_task3.loss_heatmap: 0.8346, aux_task3.loss_bbox: 0.3138, aux_task4.loss_heatmap: 0.6211, aux_task4.loss_bbox: 0.3224, aux_task5.loss_heatmap: 0.6656, aux_task5.loss_bbox: 0.3233, loss: 17.2655, grad_norm: 76.0468
2025-06-22 01:58:57,790 - mmdet - INFO - Epoch [1][7500/30895]	lr: 1.276e-05, eta: 22 days, 7:49:19, time: 6.616, data_time: 5.270, memory: 18672, loss_cls: 0.6364, loss_bbox: 0.9844, d0.loss_cls: 0.6606, d0.loss_bbox: 1.1726, d1.loss_cls: 0.6429, d1.loss_bbox: 1.0527, d2.loss_cls: 0.6369, d2.loss_bbox: 1.0210, d3.loss_cls: 0.6347, d3.loss_bbox: 1.0011, d4.loss_cls: 0.6360, d4.loss_bbox: 0.9887, aux_task0.loss_heatmap: 0.7922, aux_task0.loss_bbox: 0.3255, aux_task1.loss_heatmap: 1.0341, aux_task1.loss_bbox: 0.3602, aux_task2.loss_heatmap: 1.1356, aux_task2.loss_bbox: 0.3912, aux_task3.loss_heatmap: 0.7993, aux_task3.loss_bbox: 0.3066, aux_task4.loss_heatmap: 0.6343, aux_task4.loss_bbox: 0.3260, aux_task5.loss_heatmap: 0.6688, aux_task5.loss_bbox: 0.3207, loss: 17.1624, grad_norm: 73.8414
2025-06-22 02:04:08,169 - mmdet - INFO - Epoch [1][7550/30895]	lr: 1.276e-05, eta: 22 days, 11:11:58, time: 6.208, data_time: 4.860, memory: 18672, loss_cls: 0.6371, loss_bbox: 0.9896, d0.loss_cls: 0.6604, d0.loss_bbox: 1.1729, d1.loss_cls: 0.6436, d1.loss_bbox: 1.0545, d2.loss_cls: 0.6345, d2.loss_bbox: 1.0273, d3.loss_cls: 0.6365, d3.loss_bbox: 1.0061, d4.loss_cls: 0.6355, d4.loss_bbox: 0.9964, aux_task0.loss_heatmap: 0.7516, aux_task0.loss_bbox: 0.3226, aux_task1.loss_heatmap: 1.0341, aux_task1.loss_bbox: 0.3648, aux_task2.loss_heatmap: 1.1733, aux_task2.loss_bbox: 0.3966, aux_task3.loss_heatmap: 0.8371, aux_task3.loss_bbox: 0.3161, aux_task4.loss_heatmap: 0.6360, aux_task4.loss_bbox: 0.3265, aux_task5.loss_heatmap: 0.6734, aux_task5.loss_bbox: 0.3242, loss: 17.2508, grad_norm: 74.1599
2025-06-22 02:10:56,535 - mmdet - INFO - Epoch [1][7600/30895]	lr: 1.276e-05, eta: 22 days, 16:43:03, time: 8.167, data_time: 6.782, memory: 18672, loss_cls: 0.6306, loss_bbox: 0.9949, d0.loss_cls: 0.6596, d0.loss_bbox: 1.1825, d1.loss_cls: 0.6375, d1.loss_bbox: 1.0638, d2.loss_cls: 0.6328, d2.loss_bbox: 1.0326, d3.loss_cls: 0.6309, d3.loss_bbox: 1.0128, d4.loss_cls: 0.6306, d4.loss_bbox: 1.0008, aux_task0.loss_heatmap: 0.7409, aux_task0.loss_bbox: 0.3260, aux_task1.loss_heatmap: 1.0303, aux_task1.loss_bbox: 0.3604, aux_task2.loss_heatmap: 1.1126, aux_task2.loss_bbox: 0.3941, aux_task3.loss_heatmap: 0.7853, aux_task3.loss_bbox: 0.3156, aux_task4.loss_heatmap: 0.6421, aux_task4.loss_bbox: 0.3250, aux_task5.loss_heatmap: 0.6928, aux_task5.loss_bbox: 0.3266, loss: 17.1610, grad_norm: 78.0668
2025-06-22 02:18:49,620 - mmdet - INFO - Epoch [1][7650/30895]	lr: 1.277e-05, eta: 22 days, 23:35:45, time: 9.462, data_time: 8.132, memory: 18672, loss_cls: 0.6341, loss_bbox: 0.9939, d0.loss_cls: 0.6629, d0.loss_bbox: 1.1735, d1.loss_cls: 0.6386, d1.loss_bbox: 1.0615, d2.loss_cls: 0.6313, d2.loss_bbox: 1.0317, d3.loss_cls: 0.6295, d3.loss_bbox: 1.0142, d4.loss_cls: 0.6334, d4.loss_bbox: 1.0014, aux_task0.loss_heatmap: 0.7890, aux_task0.loss_bbox: 0.3212, aux_task1.loss_heatmap: 1.0096, aux_task1.loss_bbox: 0.3650, aux_task2.loss_heatmap: 1.1387, aux_task2.loss_bbox: 0.3988, aux_task3.loss_heatmap: 0.7821, aux_task3.loss_bbox: 0.3091, aux_task4.loss_heatmap: 0.6316, aux_task4.loss_bbox: 0.3253, aux_task5.loss_heatmap: 0.6801, aux_task5.loss_bbox: 0.3219, loss: 17.1787, grad_norm: 74.9519
2025-06-22 02:20:38,916 - mmdet - INFO - Epoch [1][7700/30895]	lr: 1.277e-05, eta: 22 days, 22:22:30, time: 2.186, data_time: 0.814, memory: 18672, loss_cls: 0.6281, loss_bbox: 0.9803, d0.loss_cls: 0.6528, d0.loss_bbox: 1.1618, d1.loss_cls: 0.6348, d1.loss_bbox: 1.0462, d2.loss_cls: 0.6294, d2.loss_bbox: 1.0124, d3.loss_cls: 0.6272, d3.loss_bbox: 0.9959, d4.loss_cls: 0.6262, d4.loss_bbox: 0.9860, aux_task0.loss_heatmap: 0.7806, aux_task0.loss_bbox: 0.3200, aux_task1.loss_heatmap: 1.0293, aux_task1.loss_bbox: 0.3626, aux_task2.loss_heatmap: 1.1127, aux_task2.loss_bbox: 0.3973, aux_task3.loss_heatmap: 0.7858, aux_task3.loss_bbox: 0.3131, aux_task4.loss_heatmap: 0.6283, aux_task4.loss_bbox: 0.3238, aux_task5.loss_heatmap: 0.6583, aux_task5.loss_bbox: 0.3187, loss: 17.0116, grad_norm: 74.0674
2025-06-22 02:23:48,534 - mmdet - INFO - Epoch [1][7750/30895]	lr: 1.277e-05, eta: 22 days, 22:55:33, time: 3.792, data_time: 1.636, memory: 18672, loss_cls: 0.6252, loss_bbox: 0.9740, d0.loss_cls: 0.6509, d0.loss_bbox: 1.1674, d1.loss_cls: 0.6324, d1.loss_bbox: 1.0468, d2.loss_cls: 0.6263, d2.loss_bbox: 1.0114, d3.loss_cls: 0.6239, d3.loss_bbox: 0.9936, d4.loss_cls: 0.6259, d4.loss_bbox: 0.9808, aux_task0.loss_heatmap: 0.7536, aux_task0.loss_bbox: 0.3178, aux_task1.loss_heatmap: 1.0204, aux_task1.loss_bbox: 0.3632, aux_task2.loss_heatmap: 1.1047, aux_task2.loss_bbox: 0.3846, aux_task3.loss_heatmap: 0.8436, aux_task3.loss_bbox: 0.3164, aux_task4.loss_heatmap: 0.6177, aux_task4.loss_bbox: 0.3244, aux_task5.loss_heatmap: 0.6705, aux_task5.loss_bbox: 0.3220, loss: 16.9975, grad_norm: 74.7642
2025-06-22 02:29:10,598 - mmdet - INFO - Epoch [1][7800/30895]	lr: 1.278e-05, eta: 23 days, 2:20:50, time: 6.442, data_time: 5.107, memory: 18672, loss_cls: 0.6247, loss_bbox: 0.9787, d0.loss_cls: 0.6496, d0.loss_bbox: 1.1626, d1.loss_cls: 0.6273, d1.loss_bbox: 1.0457, d2.loss_cls: 0.6223, d2.loss_bbox: 1.0112, d3.loss_cls: 0.6199, d3.loss_bbox: 0.9956, d4.loss_cls: 0.6225, d4.loss_bbox: 0.9845, aux_task0.loss_heatmap: 0.7496, aux_task0.loss_bbox: 0.3319, aux_task1.loss_heatmap: 1.0026, aux_task1.loss_bbox: 0.3592, aux_task2.loss_heatmap: 1.1330, aux_task2.loss_bbox: 0.3924, aux_task3.loss_heatmap: 0.7625, aux_task3.loss_bbox: 0.3097, aux_task4.loss_heatmap: 0.6425, aux_task4.loss_bbox: 0.3272, aux_task5.loss_heatmap: 0.6436, aux_task5.loss_bbox: 0.3241, loss: 16.9228, grad_norm: 74.7585
2025-06-22 02:31:18,018 - mmdet - INFO - Epoch [1][7850/30895]	lr: 1.278e-05, eta: 23 days, 1:31:19, time: 2.548, data_time: 1.186, memory: 18672, loss_cls: 0.6304, loss_bbox: 0.9752, d0.loss_cls: 0.6599, d0.loss_bbox: 1.1563, d1.loss_cls: 0.6406, d1.loss_bbox: 1.0362, d2.loss_cls: 0.6306, d2.loss_bbox: 1.0087, d3.loss_cls: 0.6301, d3.loss_bbox: 0.9911, d4.loss_cls: 0.6304, d4.loss_bbox: 0.9811, aux_task0.loss_heatmap: 0.7535, aux_task0.loss_bbox: 0.3108, aux_task1.loss_heatmap: 0.9731, aux_task1.loss_bbox: 0.3585, aux_task2.loss_heatmap: 1.0895, aux_task2.loss_bbox: 0.3900, aux_task3.loss_heatmap: 0.8106, aux_task3.loss_bbox: 0.3086, aux_task4.loss_heatmap: 0.6163, aux_task4.loss_bbox: 0.3257, aux_task5.loss_heatmap: 0.6737, aux_task5.loss_bbox: 0.3200, loss: 16.9013, grad_norm: 79.2464
2025-06-22 02:34:44,416 - mmdet - INFO - Epoch [1][7900/30895]	lr: 1.278e-05, eta: 23 days, 2:24:02, time: 4.128, data_time: 2.773, memory: 18672, loss_cls: 0.6337, loss_bbox: 0.9757, d0.loss_cls: 0.6561, d0.loss_bbox: 1.1615, d1.loss_cls: 0.6372, d1.loss_bbox: 1.0414, d2.loss_cls: 0.6326, d2.loss_bbox: 1.0110, d3.loss_cls: 0.6336, d3.loss_bbox: 0.9941, d4.loss_cls: 0.6333, d4.loss_bbox: 0.9832, aux_task0.loss_heatmap: 0.7563, aux_task0.loss_bbox: 0.3223, aux_task1.loss_heatmap: 1.0351, aux_task1.loss_bbox: 0.3604, aux_task2.loss_heatmap: 1.1259, aux_task2.loss_bbox: 0.3917, aux_task3.loss_heatmap: 0.8326, aux_task3.loss_bbox: 0.3119, aux_task4.loss_heatmap: 0.6404, aux_task4.loss_bbox: 0.3272, aux_task5.loss_heatmap: 0.6637, aux_task5.loss_bbox: 0.3226, loss: 17.0835, grad_norm: 78.7786
2025-06-22 02:36:05,073 - mmdet - INFO - Epoch [1][7950/30895]	lr: 1.279e-05, eta: 23 days, 0:35:15, time: 1.613, data_time: 0.259, memory: 18672, loss_cls: 0.6284, loss_bbox: 1.0007, d0.loss_cls: 0.6519, d0.loss_bbox: 1.1757, d1.loss_cls: 0.6335, d1.loss_bbox: 1.0606, d2.loss_cls: 0.6266, d2.loss_bbox: 1.0308, d3.loss_cls: 0.6259, d3.loss_bbox: 1.0161, d4.loss_cls: 0.6265, d4.loss_bbox: 1.0059, aux_task0.loss_heatmap: 0.7881, aux_task0.loss_bbox: 0.3324, aux_task1.loss_heatmap: 1.0215, aux_task1.loss_bbox: 0.3655, aux_task2.loss_heatmap: 1.1114, aux_task2.loss_bbox: 0.3961, aux_task3.loss_heatmap: 0.8256, aux_task3.loss_bbox: 0.3123, aux_task4.loss_heatmap: 0.6210, aux_task4.loss_bbox: 0.3255, aux_task5.loss_heatmap: 0.6461, aux_task5.loss_bbox: 0.3238, loss: 17.1519, grad_norm: 76.9242
2025-06-22 02:40:10,246 - mmdet - INFO - Exp name: lidar_0075v_900q_split1_2x2_hednetmiddleencoder_hednetbackbone4_dss0511_dp03_hugeep2_num2_conv_xy_rope.py
2025-06-22 02:40:10,246 - mmdet - INFO - Epoch [1][8000/30895]	lr: 1.279e-05, eta: 23 days, 2:16:51, time: 4.904, data_time: 3.416, memory: 18672, loss_cls: 0.6351, loss_bbox: 0.9726, d0.loss_cls: 0.6594, d0.loss_bbox: 1.1521, d1.loss_cls: 0.6399, d1.loss_bbox: 1.0364, d2.loss_cls: 0.6340, d2.loss_bbox: 1.0043, d3.loss_cls: 0.6328, d3.loss_bbox: 0.9903, d4.loss_cls: 0.6341, d4.loss_bbox: 0.9794, aux_task0.loss_heatmap: 0.7747, aux_task0.loss_bbox: 0.3205, aux_task1.loss_heatmap: 1.0215, aux_task1.loss_bbox: 0.3625, aux_task2.loss_heatmap: 1.1049, aux_task2.loss_bbox: 0.3909, aux_task3.loss_heatmap: 0.7856, aux_task3.loss_bbox: 0.3028, aux_task4.loss_heatmap: 0.6370, aux_task4.loss_bbox: 0.3246, aux_task5.loss_heatmap: 0.6811, aux_task5.loss_bbox: 0.3190, loss: 16.9954, grad_norm: 77.0578
2025-06-22 02:46:05,840 - mmdet - INFO - Epoch [1][8050/30895]	lr: 1.279e-05, eta: 23 days, 6:16:33, time: 7.112, data_time: 5.775, memory: 18672, loss_cls: 0.6190, loss_bbox: 0.9763, d0.loss_cls: 0.6467, d0.loss_bbox: 1.1638, d1.loss_cls: 0.6277, d1.loss_bbox: 1.0415, d2.loss_cls: 0.6207, d2.loss_bbox: 1.0086, d3.loss_cls: 0.6203, d3.loss_bbox: 0.9914, d4.loss_cls: 0.6188, d4.loss_bbox: 0.9831, aux_task0.loss_heatmap: 0.7523, aux_task0.loss_bbox: 0.3170, aux_task1.loss_heatmap: 1.0107, aux_task1.loss_bbox: 0.3598, aux_task2.loss_heatmap: 1.1229, aux_task2.loss_bbox: 0.3936, aux_task3.loss_heatmap: 0.8181, aux_task3.loss_bbox: 0.3148, aux_task4.loss_heatmap: 0.6356, aux_task4.loss_bbox: 0.3227, aux_task5.loss_heatmap: 0.6250, aux_task5.loss_bbox: 0.3156, loss: 16.9058, grad_norm: 74.9887
2025-06-22 02:56:45,087 - mmdet - INFO - Epoch [1][8100/30895]	lr: 1.280e-05, eta: 23 days, 16:09:09, time: 12.785, data_time: 11.448, memory: 18672, loss_cls: 0.6297, loss_bbox: 0.9824, d0.loss_cls: 0.6566, d0.loss_bbox: 1.1621, d1.loss_cls: 0.6331, d1.loss_bbox: 1.0476, d2.loss_cls: 0.6272, d2.loss_bbox: 1.0154, d3.loss_cls: 0.6250, d3.loss_bbox: 1.0002, d4.loss_cls: 0.6278, d4.loss_bbox: 0.9876, aux_task0.loss_heatmap: 0.7788, aux_task0.loss_bbox: 0.3257, aux_task1.loss_heatmap: 0.9955, aux_task1.loss_bbox: 0.3672, aux_task2.loss_heatmap: 1.1372, aux_task2.loss_bbox: 0.3916, aux_task3.loss_heatmap: 0.8010, aux_task3.loss_bbox: 0.3053, aux_task4.loss_heatmap: 0.6336, aux_task4.loss_bbox: 0.3277, aux_task5.loss_heatmap: 0.6719, aux_task5.loss_bbox: 0.3186, loss: 17.0489, grad_norm: 76.6609
2025-06-22 02:59:32,443 - mmdet - INFO - Epoch [1][8150/30895]	lr: 1.280e-05, eta: 23 days, 16:05:54, time: 3.347, data_time: 1.665, memory: 18672, loss_cls: 0.6179, loss_bbox: 0.9726, d0.loss_cls: 0.6449, d0.loss_bbox: 1.1526, d1.loss_cls: 0.6234, d1.loss_bbox: 1.0332, d2.loss_cls: 0.6172, d2.loss_bbox: 1.0040, d3.loss_cls: 0.6140, d3.loss_bbox: 0.9918, d4.loss_cls: 0.6161, d4.loss_bbox: 0.9796, aux_task0.loss_heatmap: 0.7835, aux_task0.loss_bbox: 0.3234, aux_task1.loss_heatmap: 1.0158, aux_task1.loss_bbox: 0.3589, aux_task2.loss_heatmap: 1.0812, aux_task2.loss_bbox: 0.3868, aux_task3.loss_heatmap: 0.8139, aux_task3.loss_bbox: 0.3039, aux_task4.loss_heatmap: 0.6457, aux_task4.loss_bbox: 0.3228, aux_task5.loss_heatmap: 0.6464, aux_task5.loss_bbox: 0.3180, loss: 16.8675, grad_norm: 77.6506
2025-06-22 03:02:31,769 - mmdet - INFO - Epoch [1][8200/30895]	lr: 1.281e-05, eta: 23 days, 16:17:31, time: 3.587, data_time: 2.244, memory: 18672, loss_cls: 0.6157, loss_bbox: 0.9714, d0.loss_cls: 0.6425, d0.loss_bbox: 1.1492, d1.loss_cls: 0.6229, d1.loss_bbox: 1.0312, d2.loss_cls: 0.6182, d2.loss_bbox: 0.9997, d3.loss_cls: 0.6166, d3.loss_bbox: 0.9834, d4.loss_cls: 0.6157, d4.loss_bbox: 0.9742, aux_task0.loss_heatmap: 0.7469, aux_task0.loss_bbox: 0.3178, aux_task1.loss_heatmap: 1.0141, aux_task1.loss_bbox: 0.3651, aux_task2.loss_heatmap: 1.1031, aux_task2.loss_bbox: 0.3846, aux_task3.loss_heatmap: 0.7651, aux_task3.loss_bbox: 0.3105, aux_task4.loss_heatmap: 0.6236, aux_task4.loss_bbox: 0.3222, aux_task5.loss_heatmap: 0.6295, aux_task5.loss_bbox: 0.3203, loss: 16.7434, grad_norm: 75.4278
2025-06-22 03:08:02,270 - mmdet - INFO - Epoch [1][8250/30895]	lr: 1.281e-05, eta: 23 days, 19:35:08, time: 6.610, data_time: 5.244, memory: 18672, loss_cls: 0.6104, loss_bbox: 0.9641, d0.loss_cls: 0.6365, d0.loss_bbox: 1.1412, d1.loss_cls: 0.6166, d1.loss_bbox: 1.0244, d2.loss_cls: 0.6101, d2.loss_bbox: 0.9941, d3.loss_cls: 0.6105, d3.loss_bbox: 0.9790, d4.loss_cls: 0.6111, d4.loss_bbox: 0.9687, aux_task0.loss_heatmap: 0.7731, aux_task0.loss_bbox: 0.3124, aux_task1.loss_heatmap: 0.9985, aux_task1.loss_bbox: 0.3559, aux_task2.loss_heatmap: 1.1096, aux_task2.loss_bbox: 0.3881, aux_task3.loss_heatmap: 0.7521, aux_task3.loss_bbox: 0.3062, aux_task4.loss_heatmap: 0.6299, aux_task4.loss_bbox: 0.3188, aux_task5.loss_heatmap: 0.6347, aux_task5.loss_bbox: 0.3229, loss: 16.6688, grad_norm: 74.2485
2025-06-22 03:16:00,774 - mmdet - INFO - Epoch [1][8300/30895]	lr: 1.281e-05, eta: 24 days, 1:51:28, time: 9.570, data_time: 8.235, memory: 18672, loss_cls: 0.6096, loss_bbox: 0.9670, d0.loss_cls: 0.6382, d0.loss_bbox: 1.1411, d1.loss_cls: 0.6178, d1.loss_bbox: 1.0222, d2.loss_cls: 0.6106, d2.loss_bbox: 0.9949, d3.loss_cls: 0.6097, d3.loss_bbox: 0.9803, d4.loss_cls: 0.6089, d4.loss_bbox: 0.9713, aux_task0.loss_heatmap: 0.7489, aux_task0.loss_bbox: 0.3229, aux_task1.loss_heatmap: 0.9942, aux_task1.loss_bbox: 0.3609, aux_task2.loss_heatmap: 1.1055, aux_task2.loss_bbox: 0.3941, aux_task3.loss_heatmap: 0.8496, aux_task3.loss_bbox: 0.3177, aux_task4.loss_heatmap: 0.6067, aux_task4.loss_bbox: 0.3245, aux_task5.loss_heatmap: 0.6133, aux_task5.loss_bbox: 0.3170, loss: 16.7270, grad_norm: 74.1196
2025-06-22 03:18:38,465 - mmdet - INFO - Epoch [1][8350/30895]	lr: 1.282e-05, eta: 24 days, 1:32:54, time: 3.154, data_time: 1.809, memory: 18672, loss_cls: 0.6218, loss_bbox: 0.9652, d0.loss_cls: 0.6470, d0.loss_bbox: 1.1433, d1.loss_cls: 0.6267, d1.loss_bbox: 1.0261, d2.loss_cls: 0.6213, d2.loss_bbox: 0.9955, d3.loss_cls: 0.6207, d3.loss_bbox: 0.9800, d4.loss_cls: 0.6213, d4.loss_bbox: 0.9715, aux_task0.loss_heatmap: 0.7570, aux_task0.loss_bbox: 0.3183, aux_task1.loss_heatmap: 0.9939, aux_task1.loss_bbox: 0.3578, aux_task2.loss_heatmap: 1.0968, aux_task2.loss_bbox: 0.3860, aux_task3.loss_heatmap: 0.7482, aux_task3.loss_bbox: 0.3032, aux_task4.loss_heatmap: 0.6285, aux_task4.loss_bbox: 0.3213, aux_task5.loss_heatmap: 0.6663, aux_task5.loss_bbox: 0.3169, loss: 16.7345, grad_norm: 76.3764
2025-06-22 03:23:47,526 - mmdet - INFO - Epoch [1][8400/30895]	lr: 1.282e-05, eta: 24 days, 4:17:33, time: 6.181, data_time: 3.421, memory: 18672, loss_cls: 0.6197, loss_bbox: 0.9744, d0.loss_cls: 0.6463, d0.loss_bbox: 1.1552, d1.loss_cls: 0.6264, d1.loss_bbox: 1.0336, d2.loss_cls: 0.6194, d2.loss_bbox: 1.0039, d3.loss_cls: 0.6189, d3.loss_bbox: 0.9876, d4.loss_cls: 0.6191, d4.loss_bbox: 0.9778, aux_task0.loss_heatmap: 0.7709, aux_task0.loss_bbox: 0.3246, aux_task1.loss_heatmap: 0.9855, aux_task1.loss_bbox: 0.3651, aux_task2.loss_heatmap: 1.0774, aux_task2.loss_bbox: 0.3914, aux_task3.loss_heatmap: 0.7666, aux_task3.loss_bbox: 0.3122, aux_task4.loss_heatmap: 0.6378, aux_task4.loss_bbox: 0.3235, aux_task5.loss_heatmap: 0.6420, aux_task5.loss_bbox: 0.3167, loss: 16.7960, grad_norm: 73.5228
2025-06-22 03:26:43,984 - mmdet - INFO - Epoch [1][8450/30895]	lr: 1.282e-05, eta: 24 days, 4:20:45, time: 3.528, data_time: 2.192, memory: 18672, loss_cls: 0.5987, loss_bbox: 0.9554, d0.loss_cls: 0.6246, d0.loss_bbox: 1.1283, d1.loss_cls: 0.6052, d1.loss_bbox: 1.0123, d2.loss_cls: 0.5995, d2.loss_bbox: 0.9850, d3.loss_cls: 0.5963, d3.loss_bbox: 0.9722, d4.loss_cls: 0.5980, d4.loss_bbox: 0.9600, aux_task0.loss_heatmap: 0.7178, aux_task0.loss_bbox: 0.3071, aux_task1.loss_heatmap: 0.9683, aux_task1.loss_bbox: 0.3617, aux_task2.loss_heatmap: 1.0900, aux_task2.loss_bbox: 0.3851, aux_task3.loss_heatmap: 0.7835, aux_task3.loss_bbox: 0.3152, aux_task4.loss_heatmap: 0.6223, aux_task4.loss_bbox: 0.3223, aux_task5.loss_heatmap: 0.6254, aux_task5.loss_bbox: 0.3165, loss: 16.4509, grad_norm: 75.2545
2025-06-22 03:29:22,004 - mmdet - INFO - Epoch [1][8500/30895]	lr: 1.283e-05, eta: 24 days, 4:01:57, time: 3.161, data_time: 1.802, memory: 18672, loss_cls: 0.6183, loss_bbox: 0.9684, d0.loss_cls: 0.6402, d0.loss_bbox: 1.1377, d1.loss_cls: 0.6213, d1.loss_bbox: 1.0233, d2.loss_cls: 0.6155, d2.loss_bbox: 0.9964, d3.loss_cls: 0.6157, d3.loss_bbox: 0.9833, d4.loss_cls: 0.6170, d4.loss_bbox: 0.9740, aux_task0.loss_heatmap: 0.7617, aux_task0.loss_bbox: 0.3179, aux_task1.loss_heatmap: 1.0140, aux_task1.loss_bbox: 0.3613, aux_task2.loss_heatmap: 1.1121, aux_task2.loss_bbox: 0.3877, aux_task3.loss_heatmap: 0.8039, aux_task3.loss_bbox: 0.3085, aux_task4.loss_heatmap: 0.6221, aux_task4.loss_bbox: 0.3198, aux_task5.loss_heatmap: 0.6470, aux_task5.loss_bbox: 0.3169, loss: 16.7839, grad_norm: 78.1485
2025-06-22 03:36:31,112 - mmdet - INFO - Epoch [1][8550/30895]	lr: 1.283e-05, eta: 24 days, 9:05:18, time: 8.582, data_time: 7.204, memory: 18672, loss_cls: 0.6048, loss_bbox: 0.9508, d0.loss_cls: 0.6308, d0.loss_bbox: 1.1311, d1.loss_cls: 0.6096, d1.loss_bbox: 1.0098, d2.loss_cls: 0.6063, d2.loss_bbox: 0.9791, d3.loss_cls: 0.6053, d3.loss_bbox: 0.9652, d4.loss_cls: 0.6037, d4.loss_bbox: 0.9569, aux_task0.loss_heatmap: 0.7512, aux_task0.loss_bbox: 0.3190, aux_task1.loss_heatmap: 0.9998, aux_task1.loss_bbox: 0.3552, aux_task2.loss_heatmap: 1.0757, aux_task2.loss_bbox: 0.3906, aux_task3.loss_heatmap: 0.7808, aux_task3.loss_bbox: 0.3132, aux_task4.loss_heatmap: 0.6060, aux_task4.loss_bbox: 0.3183, aux_task5.loss_heatmap: 0.6299, aux_task5.loss_bbox: 0.3160, loss: 16.5090, grad_norm: 77.8453
2025-06-22 03:42:18,570 - mmdet - INFO - Epoch [1][8600/30895]	lr: 1.284e-05, eta: 24 days, 12:28:37, time: 6.949, data_time: 5.546, memory: 18672, loss_cls: 0.6123, loss_bbox: 0.9740, d0.loss_cls: 0.6356, d0.loss_bbox: 1.1502, d1.loss_cls: 0.6169, d1.loss_bbox: 1.0312, d2.loss_cls: 0.6124, d2.loss_bbox: 1.0042, d3.loss_cls: 0.6119, d3.loss_bbox: 0.9889, d4.loss_cls: 0.6124, d4.loss_bbox: 0.9791, aux_task0.loss_heatmap: 0.7343, aux_task0.loss_bbox: 0.3105, aux_task1.loss_heatmap: 0.9678, aux_task1.loss_bbox: 0.3544, aux_task2.loss_heatmap: 1.0829, aux_task2.loss_bbox: 0.3979, aux_task3.loss_heatmap: 0.8085, aux_task3.loss_bbox: 0.3106, aux_task4.loss_heatmap: 0.6316, aux_task4.loss_bbox: 0.3210, aux_task5.loss_heatmap: 0.6216, aux_task5.loss_bbox: 0.3187, loss: 16.6889, grad_norm: 74.5809
2025-06-22 03:48:10,241 - mmdet - INFO - Epoch [1][8650/30895]	lr: 1.284e-05, eta: 24 days, 15:54:28, time: 7.033, data_time: 5.625, memory: 18672, loss_cls: 0.6165, loss_bbox: 0.9535, d0.loss_cls: 0.6398, d0.loss_bbox: 1.1364, d1.loss_cls: 0.6224, d1.loss_bbox: 1.0125, d2.loss_cls: 0.6172, d2.loss_bbox: 0.9856, d3.loss_cls: 0.6160, d3.loss_bbox: 0.9686, d4.loss_cls: 0.6160, d4.loss_bbox: 0.9591, aux_task0.loss_heatmap: 0.7188, aux_task0.loss_bbox: 0.3134, aux_task1.loss_heatmap: 0.9923, aux_task1.loss_bbox: 0.3554, aux_task2.loss_heatmap: 1.0720, aux_task2.loss_bbox: 0.3836, aux_task3.loss_heatmap: 0.7895, aux_task3.loss_bbox: 0.3117, aux_task4.loss_heatmap: 0.6150, aux_task4.loss_bbox: 0.3216, aux_task5.loss_heatmap: 0.6463, aux_task5.loss_bbox: 0.3194, loss: 16.5825, grad_norm: 78.0831
2025-06-22 03:53:28,253 - mmdet - INFO - Epoch [1][8700/30895]	lr: 1.284e-05, eta: 24 days, 18:38:36, time: 6.360, data_time: 4.486, memory: 18672, loss_cls: 0.6257, loss_bbox: 0.9672, d0.loss_cls: 0.6477, d0.loss_bbox: 1.1380, d1.loss_cls: 0.6278, d1.loss_bbox: 1.0237, d2.loss_cls: 0.6244, d2.loss_bbox: 0.9948, d3.loss_cls: 0.6249, d3.loss_bbox: 0.9800, d4.loss_cls: 0.6239, d4.loss_bbox: 0.9722, aux_task0.loss_heatmap: 0.7659, aux_task0.loss_bbox: 0.3252, aux_task1.loss_heatmap: 0.9974, aux_task1.loss_bbox: 0.3510, aux_task2.loss_heatmap: 1.0980, aux_task2.loss_bbox: 0.3905, aux_task3.loss_heatmap: 0.7819, aux_task3.loss_bbox: 0.3149, aux_task4.loss_heatmap: 0.6187, aux_task4.loss_bbox: 0.3232, aux_task5.loss_heatmap: 0.6606, aux_task5.loss_bbox: 0.3231, loss: 16.8007, grad_norm: 76.4855
2025-06-22 04:05:11,668 - mmdet - INFO - Epoch [1][8750/30895]	lr: 1.285e-05, eta: 25 days, 4:47:58, time: 14.068, data_time: 12.749, memory: 18672, loss_cls: 0.6023, loss_bbox: 0.9555, d0.loss_cls: 0.6318, d0.loss_bbox: 1.1260, d1.loss_cls: 0.6094, d1.loss_bbox: 1.0089, d2.loss_cls: 0.6042, d2.loss_bbox: 0.9823, d3.loss_cls: 0.6018, d3.loss_bbox: 0.9682, d4.loss_cls: 0.6023, d4.loss_bbox: 0.9593, aux_task0.loss_heatmap: 0.7528, aux_task0.loss_bbox: 0.3160, aux_task1.loss_heatmap: 0.9851, aux_task1.loss_bbox: 0.3565, aux_task2.loss_heatmap: 1.0839, aux_task2.loss_bbox: 0.3874, aux_task3.loss_heatmap: 0.8065, aux_task3.loss_bbox: 0.3110, aux_task4.loss_heatmap: 0.6253, aux_task4.loss_bbox: 0.3217, aux_task5.loss_heatmap: 0.6219, aux_task5.loss_bbox: 0.3169, loss: 16.5369, grad_norm: 73.2759
2025-06-22 04:08:02,972 - mmdet - INFO - Epoch [1][8800/30895]	lr: 1.285e-05, eta: 25 days, 4:36:27, time: 3.426, data_time: 2.071, memory: 18672, loss_cls: 0.5987, loss_bbox: 0.9622, d0.loss_cls: 0.6266, d0.loss_bbox: 1.1392, d1.loss_cls: 0.6087, d1.loss_bbox: 1.0187, d2.loss_cls: 0.6018, d2.loss_bbox: 0.9918, d3.loss_cls: 0.5991, d3.loss_bbox: 0.9757, d4.loss_cls: 0.5988, d4.loss_bbox: 0.9671, aux_task0.loss_heatmap: 0.7035, aux_task0.loss_bbox: 0.3099, aux_task1.loss_heatmap: 0.9812, aux_task1.loss_bbox: 0.3555, aux_task2.loss_heatmap: 1.0783, aux_task2.loss_bbox: 0.3872, aux_task3.loss_heatmap: 0.8093, aux_task3.loss_bbox: 0.3159, aux_task4.loss_heatmap: 0.6355, aux_task4.loss_bbox: 0.3222, aux_task5.loss_heatmap: 0.6237, aux_task5.loss_bbox: 0.3152, loss: 16.5259, grad_norm: 73.7646
2025-06-22 04:09:44,250 - mmdet - INFO - Epoch [1][8850/30895]	lr: 1.286e-05, eta: 25 days, 3:04:42, time: 2.026, data_time: 0.657, memory: 18672, loss_cls: 0.5982, loss_bbox: 0.9502, d0.loss_cls: 0.6257, d0.loss_bbox: 1.1271, d1.loss_cls: 0.6039, d1.loss_bbox: 1.0046, d2.loss_cls: 0.5990, d2.loss_bbox: 0.9777, d3.loss_cls: 0.5982, d3.loss_bbox: 0.9653, d4.loss_cls: 0.5984, d4.loss_bbox: 0.9559, aux_task0.loss_heatmap: 0.7142, aux_task0.loss_bbox: 0.3187, aux_task1.loss_heatmap: 1.0217, aux_task1.loss_bbox: 0.3630, aux_task2.loss_heatmap: 1.0757, aux_task2.loss_bbox: 0.3872, aux_task3.loss_heatmap: 0.7738, aux_task3.loss_bbox: 0.3078, aux_task4.loss_heatmap: 0.6345, aux_task4.loss_bbox: 0.3258, aux_task5.loss_heatmap: 0.6165, aux_task5.loss_bbox: 0.3082, loss: 16.4511, grad_norm: 78.5199
2025-06-22 04:14:09,893 - mmdet - INFO - Epoch [1][8900/30895]	lr: 1.286e-05, eta: 25 days, 4:41:24, time: 5.313, data_time: 3.974, memory: 18672, loss_cls: 0.6017, loss_bbox: 0.9563, d0.loss_cls: 0.6266, d0.loss_bbox: 1.1257, d1.loss_cls: 0.6054, d1.loss_bbox: 1.0124, d2.loss_cls: 0.5999, d2.loss_bbox: 0.9845, d3.loss_cls: 0.5988, d3.loss_bbox: 0.9696, d4.loss_cls: 0.5991, d4.loss_bbox: 0.9607, aux_task0.loss_heatmap: 0.7432, aux_task0.loss_bbox: 0.3100, aux_task1.loss_heatmap: 0.9864, aux_task1.loss_bbox: 0.3572, aux_task2.loss_heatmap: 1.0810, aux_task2.loss_bbox: 0.3874, aux_task3.loss_heatmap: 0.8298, aux_task3.loss_bbox: 0.3129, aux_task4.loss_heatmap: 0.5986, aux_task4.loss_bbox: 0.3186, aux_task5.loss_heatmap: 0.5897, aux_task5.loss_bbox: 0.3179, loss: 16.4735, grad_norm: 78.3200
2025-06-22 04:19:11,769 - mmdet - INFO - Epoch [1][8950/30895]	lr: 1.286e-05, eta: 25 days, 6:58:05, time: 6.038, data_time: 4.707, memory: 18672, loss_cls: 0.6157, loss_bbox: 0.9601, d0.loss_cls: 0.6378, d0.loss_bbox: 1.1377, d1.loss_cls: 0.6199, d1.loss_bbox: 1.0167, d2.loss_cls: 0.6153, d2.loss_bbox: 0.9912, d3.loss_cls: 0.6145, d3.loss_bbox: 0.9753, d4.loss_cls: 0.6144, d4.loss_bbox: 0.9659, aux_task0.loss_heatmap: 0.7465, aux_task0.loss_bbox: 0.3117, aux_task1.loss_heatmap: 1.0069, aux_task1.loss_bbox: 0.3564, aux_task2.loss_heatmap: 1.0684, aux_task2.loss_bbox: 0.3812, aux_task3.loss_heatmap: 0.7501, aux_task3.loss_bbox: 0.3126, aux_task4.loss_heatmap: 0.6277, aux_task4.loss_bbox: 0.3235, aux_task5.loss_heatmap: 0.6486, aux_task5.loss_bbox: 0.3192, loss: 16.6171, grad_norm: 75.9726
2025-06-22 04:22:49,620 - mmdet - INFO - Exp name: lidar_0075v_900q_split1_2x2_hednetmiddleencoder_hednetbackbone4_dss0511_dp03_hugeep2_num2_conv_xy_rope.py
2025-06-22 04:22:49,620 - mmdet - INFO - Epoch [1][9000/30895]	lr: 1.287e-05, eta: 25 days, 7:38:25, time: 4.357, data_time: 3.024, memory: 18672, loss_cls: 0.5967, loss_bbox: 0.9416, d0.loss_cls: 0.6240, d0.loss_bbox: 1.1204, d1.loss_cls: 0.6037, d1.loss_bbox: 0.9996, d2.loss_cls: 0.5970, d2.loss_bbox: 0.9734, d3.loss_cls: 0.5955, d3.loss_bbox: 0.9580, d4.loss_cls: 0.5969, d4.loss_bbox: 0.9466, aux_task0.loss_heatmap: 0.7117, aux_task0.loss_bbox: 0.3211, aux_task1.loss_heatmap: 0.9758, aux_task1.loss_bbox: 0.3568, aux_task2.loss_heatmap: 1.0383, aux_task2.loss_bbox: 0.3850, aux_task3.loss_heatmap: 0.7648, aux_task3.loss_bbox: 0.3067, aux_task4.loss_heatmap: 0.6100, aux_task4.loss_bbox: 0.3227, aux_task5.loss_heatmap: 0.6303, aux_task5.loss_bbox: 0.3209, loss: 16.2976, grad_norm: 74.8394
2025-06-22 04:23:58,352 - mmdet - INFO - Epoch [1][9050/30895]	lr: 1.287e-05, eta: 25 days, 5:31:05, time: 1.375, data_time: 0.027, memory: 18672, loss_cls: 0.6059, loss_bbox: 0.9427, d0.loss_cls: 0.6305, d0.loss_bbox: 1.1160, d1.loss_cls: 0.6097, d1.loss_bbox: 0.9991, d2.loss_cls: 0.6045, d2.loss_bbox: 0.9736, d3.loss_cls: 0.6027, d3.loss_bbox: 0.9594, d4.loss_cls: 0.6030, d4.loss_bbox: 0.9496, aux_task0.loss_heatmap: 0.7484, aux_task0.loss_bbox: 0.3132, aux_task1.loss_heatmap: 0.9496, aux_task1.loss_bbox: 0.3574, aux_task2.loss_heatmap: 1.0899, aux_task2.loss_bbox: 0.3837, aux_task3.loss_heatmap: 0.7761, aux_task3.loss_bbox: 0.3161, aux_task4.loss_heatmap: 0.6107, aux_task4.loss_bbox: 0.3186, aux_task5.loss_heatmap: 0.6401, aux_task5.loss_bbox: 0.3188, loss: 16.4195, grad_norm: 75.2898
2025-06-22 04:25:25,536 - mmdet - INFO - Epoch [1][9100/30895]	lr: 1.288e-05, eta: 25 days, 3:45:43, time: 1.744, data_time: 0.358, memory: 18672, loss_cls: 0.5986, loss_bbox: 0.9454, d0.loss_cls: 0.6226, d0.loss_bbox: 1.1107, d1.loss_cls: 0.6033, d1.loss_bbox: 0.9988, d2.loss_cls: 0.5977, d2.loss_bbox: 0.9729, d3.loss_cls: 0.5972, d3.loss_bbox: 0.9595, d4.loss_cls: 0.5988, d4.loss_bbox: 0.9510, aux_task0.loss_heatmap: 0.7119, aux_task0.loss_bbox: 0.3061, aux_task1.loss_heatmap: 0.9838, aux_task1.loss_bbox: 0.3580, aux_task2.loss_heatmap: 1.0663, aux_task2.loss_bbox: 0.3903, aux_task3.loss_heatmap: 0.7359, aux_task3.loss_bbox: 0.3121, aux_task4.loss_heatmap: 0.6158, aux_task4.loss_bbox: 0.3192, aux_task5.loss_heatmap: 0.6459, aux_task5.loss_bbox: 0.3166, loss: 16.3186, grad_norm: 73.6850
2025-06-22 04:30:25,046 - mmdet - INFO - Epoch [1][9150/30895]	lr: 1.288e-05, eta: 25 days, 5:56:54, time: 5.990, data_time: 4.655, memory: 18672, loss_cls: 0.6120, loss_bbox: 0.9661, d0.loss_cls: 0.6372, d0.loss_bbox: 1.1380, d1.loss_cls: 0.6187, d1.loss_bbox: 1.0234, d2.loss_cls: 0.6107, d2.loss_bbox: 0.9960, d3.loss_cls: 0.6114, d3.loss_bbox: 0.9814, d4.loss_cls: 0.6108, d4.loss_bbox: 0.9728, aux_task0.loss_heatmap: 0.7463, aux_task0.loss_bbox: 0.3178, aux_task1.loss_heatmap: 1.0155, aux_task1.loss_bbox: 0.3626, aux_task2.loss_heatmap: 1.0846, aux_task2.loss_bbox: 0.3925, aux_task3.loss_heatmap: 0.7521, aux_task3.loss_bbox: 0.3144, aux_task4.loss_heatmap: 0.6146, aux_task4.loss_bbox: 0.3194, aux_task5.loss_heatmap: 0.6457, aux_task5.loss_bbox: 0.3191, loss: 16.6630, grad_norm: 74.7568
2025-06-22 04:35:53,802 - mmdet - INFO - Epoch [1][9200/30895]	lr: 1.288e-05, eta: 25 days, 8:38:52, time: 6.575, data_time: 5.198, memory: 18672, loss_cls: 0.5921, loss_bbox: 0.9520, d0.loss_cls: 0.6168, d0.loss_bbox: 1.1232, d1.loss_cls: 0.5981, d1.loss_bbox: 1.0082, d2.loss_cls: 0.5921, d2.loss_bbox: 0.9846, d3.loss_cls: 0.5924, d3.loss_bbox: 0.9701, d4.loss_cls: 0.5905, d4.loss_bbox: 0.9594, aux_task0.loss_heatmap: 0.7173, aux_task0.loss_bbox: 0.3199, aux_task1.loss_heatmap: 1.0098, aux_task1.loss_bbox: 0.3604, aux_task2.loss_heatmap: 1.0382, aux_task2.loss_bbox: 0.3861, aux_task3.loss_heatmap: 0.7397, aux_task3.loss_bbox: 0.3130, aux_task4.loss_heatmap: 0.6061, aux_task4.loss_bbox: 0.3229, aux_task5.loss_heatmap: 0.6083, aux_task5.loss_bbox: 0.3109, loss: 16.3121, grad_norm: 76.7285
2025-06-22 04:45:56,494 - mmdet - INFO - Epoch [1][9250/30895]	lr: 1.289e-05, eta: 25 days, 16:19:26, time: 12.054, data_time: 10.718, memory: 18672, loss_cls: 0.6054, loss_bbox: 0.9585, d0.loss_cls: 0.6278, d0.loss_bbox: 1.1271, d1.loss_cls: 0.6092, d1.loss_bbox: 1.0141, d2.loss_cls: 0.6052, d2.loss_bbox: 0.9878, d3.loss_cls: 0.6041, d3.loss_bbox: 0.9735, d4.loss_cls: 0.6055, d4.loss_bbox: 0.9639, aux_task0.loss_heatmap: 0.7390, aux_task0.loss_bbox: 0.3071, aux_task1.loss_heatmap: 0.9837, aux_task1.loss_bbox: 0.3621, aux_task2.loss_heatmap: 1.0965, aux_task2.loss_bbox: 0.3837, aux_task3.loss_heatmap: 0.7313, aux_task3.loss_bbox: 0.3058, aux_task4.loss_heatmap: 0.6267, aux_task4.loss_bbox: 0.3220, aux_task5.loss_heatmap: 0.6180, aux_task5.loss_bbox: 0.3236, loss: 16.4818, grad_norm: 73.4112
2025-06-22 04:54:43,103 - mmdet - INFO - Epoch [1][9300/30895]	lr: 1.289e-05, eta: 25 days, 22:31:58, time: 10.532, data_time: 9.196, memory: 18672, loss_cls: 0.6034, loss_bbox: 0.9527, d0.loss_cls: 0.6301, d0.loss_bbox: 1.1267, d1.loss_cls: 0.6075, d1.loss_bbox: 1.0091, d2.loss_cls: 0.6024, d2.loss_bbox: 0.9818, d3.loss_cls: 0.6009, d3.loss_bbox: 0.9660, d4.loss_cls: 0.6018, d4.loss_bbox: 0.9575, aux_task0.loss_heatmap: 0.7186, aux_task0.loss_bbox: 0.3162, aux_task1.loss_heatmap: 0.9983, aux_task1.loss_bbox: 0.3570, aux_task2.loss_heatmap: 1.0669, aux_task2.loss_bbox: 0.3879, aux_task3.loss_heatmap: 0.7759, aux_task3.loss_bbox: 0.3072, aux_task4.loss_heatmap: 0.6138, aux_task4.loss_bbox: 0.3245, aux_task5.loss_heatmap: 0.6008, aux_task5.loss_bbox: 0.3198, loss: 16.4267, grad_norm: 80.5751
2025-06-22 05:02:31,753 - mmdet - INFO - Epoch [1][9350/30895]	lr: 1.290e-05, eta: 26 days, 3:37:32, time: 9.373, data_time: 8.023, memory: 18672, loss_cls: 0.5951, loss_bbox: 0.9492, d0.loss_cls: 0.6218, d0.loss_bbox: 1.1160, d1.loss_cls: 0.6033, d1.loss_bbox: 1.0012, d2.loss_cls: 0.5968, d2.loss_bbox: 0.9775, d3.loss_cls: 0.5963, d3.loss_bbox: 0.9625, d4.loss_cls: 0.5956, d4.loss_bbox: 0.9538, aux_task0.loss_heatmap: 0.7553, aux_task0.loss_bbox: 0.3110, aux_task1.loss_heatmap: 0.9680, aux_task1.loss_bbox: 0.3564, aux_task2.loss_heatmap: 1.0907, aux_task2.loss_bbox: 0.3903, aux_task3.loss_heatmap: 0.7736, aux_task3.loss_bbox: 0.3015, aux_task4.loss_heatmap: 0.6230, aux_task4.loss_bbox: 0.3214, aux_task5.loss_heatmap: 0.5820, aux_task5.loss_bbox: 0.3111, loss: 16.3536, grad_norm: 77.3730
2025-06-22 05:04:56,491 - mmdet - INFO - Epoch [1][9400/30895]	lr: 1.290e-05, eta: 26 days, 2:50:19, time: 2.895, data_time: 1.546, memory: 18672, loss_cls: 0.6061, loss_bbox: 0.9578, d0.loss_cls: 0.6314, d0.loss_bbox: 1.1285, d1.loss_cls: 0.6091, d1.loss_bbox: 1.0146, d2.loss_cls: 0.6039, d2.loss_bbox: 0.9866, d3.loss_cls: 0.6038, d3.loss_bbox: 0.9721, d4.loss_cls: 0.6029, d4.loss_bbox: 0.9625, aux_task0.loss_heatmap: 0.7680, aux_task0.loss_bbox: 0.3193, aux_task1.loss_heatmap: 1.0027, aux_task1.loss_bbox: 0.3535, aux_task2.loss_heatmap: 1.0447, aux_task2.loss_bbox: 0.3813, aux_task3.loss_heatmap: 0.7904, aux_task3.loss_bbox: 0.3085, aux_task4.loss_heatmap: 0.5899, aux_task4.loss_bbox: 0.3172, aux_task5.loss_heatmap: 0.6255, aux_task5.loss_bbox: 0.3182, loss: 16.4984, grad_norm: 73.8450
2025-06-22 05:08:53,137 - mmdet - INFO - Epoch [1][9450/30895]	lr: 1.291e-05, eta: 26 days, 3:42:11, time: 4.733, data_time: 3.371, memory: 18672, loss_cls: 0.6026, loss_bbox: 0.9458, d0.loss_cls: 0.6280, d0.loss_bbox: 1.1198, d1.loss_cls: 0.6125, d1.loss_bbox: 1.0008, d2.loss_cls: 0.6027, d2.loss_bbox: 0.9751, d3.loss_cls: 0.6008, d3.loss_bbox: 0.9616, d4.loss_cls: 0.6010, d4.loss_bbox: 0.9511, aux_task0.loss_heatmap: 0.7089, aux_task0.loss_bbox: 0.3098, aux_task1.loss_heatmap: 0.9746, aux_task1.loss_bbox: 0.3597, aux_task2.loss_heatmap: 1.0425, aux_task2.loss_bbox: 0.3864, aux_task3.loss_heatmap: 0.7931, aux_task3.loss_bbox: 0.3084, aux_task4.loss_heatmap: 0.6271, aux_task4.loss_bbox: 0.3158, aux_task5.loss_heatmap: 0.6270, aux_task5.loss_bbox: 0.3157, loss: 16.3707, grad_norm: 74.0695
2025-06-22 05:12:57,109 - mmdet - INFO - Epoch [1][9500/30895]	lr: 1.291e-05, eta: 26 days, 4:41:18, time: 4.879, data_time: 3.511, memory: 18672, loss_cls: 0.5994, loss_bbox: 0.9487, d0.loss_cls: 0.6274, d0.loss_bbox: 1.1181, d1.loss_cls: 0.6089, d1.loss_bbox: 1.0057, d2.loss_cls: 0.6033, d2.loss_bbox: 0.9765, d3.loss_cls: 0.6009, d3.loss_bbox: 0.9624, d4.loss_cls: 0.5989, d4.loss_bbox: 0.9536, aux_task0.loss_heatmap: 0.7138, aux_task0.loss_bbox: 0.3115, aux_task1.loss_heatmap: 0.9756, aux_task1.loss_bbox: 0.3601, aux_task2.loss_heatmap: 1.0675, aux_task2.loss_bbox: 0.3821, aux_task3.loss_heatmap: 0.8107, aux_task3.loss_bbox: 0.3038, aux_task4.loss_heatmap: 0.6230, aux_task4.loss_bbox: 0.3211, aux_task5.loss_heatmap: 0.6138, aux_task5.loss_bbox: 0.3154, loss: 16.4020, grad_norm: 78.0798
2025-06-22 05:16:20,612 - mmdet - INFO - Epoch [1][9550/30895]	lr: 1.291e-05, eta: 26 days, 4:56:47, time: 4.070, data_time: 2.724, memory: 18672, loss_cls: 0.5955, loss_bbox: 0.9494, d0.loss_cls: 0.6239, d0.loss_bbox: 1.1132, d1.loss_cls: 0.6068, d1.loss_bbox: 0.9991, d2.loss_cls: 0.6003, d2.loss_bbox: 0.9765, d3.loss_cls: 0.5957, d3.loss_bbox: 0.9641, d4.loss_cls: 0.5970, d4.loss_bbox: 0.9528, aux_task0.loss_heatmap: 0.7304, aux_task0.loss_bbox: 0.3257, aux_task1.loss_heatmap: 0.9705, aux_task1.loss_bbox: 0.3572, aux_task2.loss_heatmap: 1.0552, aux_task2.loss_bbox: 0.3854, aux_task3.loss_heatmap: 0.8038, aux_task3.loss_bbox: 0.3068, aux_task4.loss_heatmap: 0.6004, aux_task4.loss_bbox: 0.3190, aux_task5.loss_heatmap: 0.6130, aux_task5.loss_bbox: 0.3148, loss: 16.3564, grad_norm: 76.0861
2025-06-22 05:19:48,350 - mmdet - INFO - Epoch [1][9600/30895]	lr: 1.292e-05, eta: 26 days, 5:16:32, time: 4.155, data_time: 2.799, memory: 18672, loss_cls: 0.5901, loss_bbox: 0.9316, d0.loss_cls: 0.6122, d0.loss_bbox: 1.1055, d1.loss_cls: 0.5920, d1.loss_bbox: 0.9862, d2.loss_cls: 0.5859, d2.loss_bbox: 0.9618, d3.loss_cls: 0.5881, d3.loss_bbox: 0.9461, d4.loss_cls: 0.5896, d4.loss_bbox: 0.9352, aux_task0.loss_heatmap: 0.7367, aux_task0.loss_bbox: 0.3140, aux_task1.loss_heatmap: 0.9457, aux_task1.loss_bbox: 0.3549, aux_task2.loss_heatmap: 1.0549, aux_task2.loss_bbox: 0.3885, aux_task3.loss_heatmap: 0.7700, aux_task3.loss_bbox: 0.3099, aux_task4.loss_heatmap: 0.6244, aux_task4.loss_bbox: 0.3193, aux_task5.loss_heatmap: 0.6281, aux_task5.loss_bbox: 0.3105, loss: 16.1811, grad_norm: 88.3380
2025-06-22 05:20:56,174 - mmdet - INFO - Epoch [1][9650/30895]	lr: 1.292e-05, eta: 26 days, 3:09:04, time: 1.356, data_time: 0.025, memory: 18672, loss_cls: 0.5936, loss_bbox: 0.9379, d0.loss_cls: 0.6180, d0.loss_bbox: 1.1067, d1.loss_cls: 0.6012, d1.loss_bbox: 0.9922, d2.loss_cls: 0.5945, d2.loss_bbox: 0.9663, d3.loss_cls: 0.5940, d3.loss_bbox: 0.9514, d4.loss_cls: 0.5937, d4.loss_bbox: 0.9416, aux_task0.loss_heatmap: 0.7211, aux_task0.loss_bbox: 0.3165, aux_task1.loss_heatmap: 0.9683, aux_task1.loss_bbox: 0.3592, aux_task2.loss_heatmap: 1.0634, aux_task2.loss_bbox: 0.3828, aux_task3.loss_heatmap: 0.8184, aux_task3.loss_bbox: 0.3121, aux_task4.loss_heatmap: 0.6100, aux_task4.loss_bbox: 0.3240, aux_task5.loss_heatmap: 0.6018, aux_task5.loss_bbox: 0.3146, loss: 16.2832, grad_norm: 75.3454
2025-06-22 05:22:32,126 - mmdet - INFO - Epoch [1][9700/30895]	lr: 1.293e-05, eta: 26 days, 1:32:16, time: 1.919, data_time: 0.570, memory: 18672, loss_cls: 0.5960, loss_bbox: 0.9269, d0.loss_cls: 0.6215, d0.loss_bbox: 1.0973, d1.loss_cls: 0.6009, d1.loss_bbox: 0.9791, d2.loss_cls: 0.5947, d2.loss_bbox: 0.9555, d3.loss_cls: 0.5945, d3.loss_bbox: 0.9401, d4.loss_cls: 0.5965, d4.loss_bbox: 0.9317, aux_task0.loss_heatmap: 0.7260, aux_task0.loss_bbox: 0.3123, aux_task1.loss_heatmap: 0.9247, aux_task1.loss_bbox: 0.3492, aux_task2.loss_heatmap: 1.0622, aux_task2.loss_bbox: 0.3829, aux_task3.loss_heatmap: 0.7604, aux_task3.loss_bbox: 0.3114, aux_task4.loss_heatmap: 0.6026, aux_task4.loss_bbox: 0.3199, aux_task5.loss_heatmap: 0.6215, aux_task5.loss_bbox: 0.3155, loss: 16.1236, grad_norm: 73.8076
2025-06-22 05:27:37,710 - mmdet - INFO - Epoch [1][9750/30895]	lr: 1.293e-05, eta: 26 days, 3:34:26, time: 6.112, data_time: 3.309, memory: 18672, loss_cls: 0.5914, loss_bbox: 0.9493, d0.loss_cls: 0.6185, d0.loss_bbox: 1.1143, d1.loss_cls: 0.5964, d1.loss_bbox: 1.0028, d2.loss_cls: 0.5895, d2.loss_bbox: 0.9814, d3.loss_cls: 0.5885, d3.loss_bbox: 0.9660, d4.loss_cls: 0.5892, d4.loss_bbox: 0.9557, aux_task0.loss_heatmap: 0.7397, aux_task0.loss_bbox: 0.3219, aux_task1.loss_heatmap: 0.9568, aux_task1.loss_bbox: 0.3540, aux_task2.loss_heatmap: 1.0427, aux_task2.loss_bbox: 0.3775, aux_task3.loss_heatmap: 0.7868, aux_task3.loss_bbox: 0.3163, aux_task4.loss_heatmap: 0.6095, aux_task4.loss_bbox: 0.3194, aux_task5.loss_heatmap: 0.5975, aux_task5.loss_bbox: 0.3173, loss: 16.2821, grad_norm: 75.8736
2025-06-22 05:32:37,949 - mmdet - INFO - Epoch [1][9800/30895]	lr: 1.294e-05, eta: 26 days, 5:29:44, time: 6.005, data_time: 4.545, memory: 18672, loss_cls: 0.5827, loss_bbox: 0.9378, d0.loss_cls: 0.6065, d0.loss_bbox: 1.1089, d1.loss_cls: 0.5871, d1.loss_bbox: 0.9947, d2.loss_cls: 0.5820, d2.loss_bbox: 0.9677, d3.loss_cls: 0.5831, d3.loss_bbox: 0.9518, d4.loss_cls: 0.5814, d4.loss_bbox: 0.9430, aux_task0.loss_heatmap: 0.6972, aux_task0.loss_bbox: 0.3196, aux_task1.loss_heatmap: 0.9636, aux_task1.loss_bbox: 0.3591, aux_task2.loss_heatmap: 1.0731, aux_task2.loss_bbox: 0.3760, aux_task3.loss_heatmap: 0.7751, aux_task3.loss_bbox: 0.3186, aux_task4.loss_heatmap: 0.6109, aux_task4.loss_bbox: 0.3237, aux_task5.loss_heatmap: 0.6164, aux_task5.loss_bbox: 0.3147, loss: 16.1749, grad_norm: 72.5283
2025-06-22 05:38:08,073 - mmdet - INFO - Epoch [1][9850/30895]	lr: 1.294e-05, eta: 26 days, 7:54:34, time: 6.603, data_time: 5.262, memory: 18672, loss_cls: 0.6001, loss_bbox: 0.9534, d0.loss_cls: 0.6268, d0.loss_bbox: 1.1204, d1.loss_cls: 0.6079, d1.loss_bbox: 1.0077, d2.loss_cls: 0.6021, d2.loss_bbox: 0.9819, d3.loss_cls: 0.6004, d3.loss_bbox: 0.9692, d4.loss_cls: 0.6006, d4.loss_bbox: 0.9594, aux_task0.loss_heatmap: 0.7504, aux_task0.loss_bbox: 0.3253, aux_task1.loss_heatmap: 0.9744, aux_task1.loss_bbox: 0.3570, aux_task2.loss_heatmap: 1.0751, aux_task2.loss_bbox: 0.3894, aux_task3.loss_heatmap: 0.7410, aux_task3.loss_bbox: 0.3056, aux_task4.loss_heatmap: 0.6107, aux_task4.loss_bbox: 0.3199, aux_task5.loss_heatmap: 0.5978, aux_task5.loss_bbox: 0.3151, loss: 16.3918, grad_norm: 77.1293
2025-06-22 05:42:46,837 - mmdet - INFO - Epoch [1][9900/30895]	lr: 1.294e-05, eta: 26 days, 9:25:19, time: 5.575, data_time: 4.247, memory: 18672, loss_cls: 0.6051, loss_bbox: 0.9411, d0.loss_cls: 0.6285, d0.loss_bbox: 1.1078, d1.loss_cls: 0.6084, d1.loss_bbox: 0.9979, d2.loss_cls: 0.6055, d2.loss_bbox: 0.9719, d3.loss_cls: 0.6041, d3.loss_bbox: 0.9567, d4.loss_cls: 0.6046, d4.loss_bbox: 0.9466, aux_task0.loss_heatmap: 0.7196, aux_task0.loss_bbox: 0.3084, aux_task1.loss_heatmap: 0.9859, aux_task1.loss_bbox: 0.3617, aux_task2.loss_heatmap: 1.0498, aux_task2.loss_bbox: 0.3845, aux_task3.loss_heatmap: 0.7580, aux_task3.loss_bbox: 0.3089, aux_task4.loss_heatmap: 0.6154, aux_task4.loss_bbox: 0.3203, aux_task5.loss_heatmap: 0.6065, aux_task5.loss_bbox: 0.3158, loss: 16.3129, grad_norm: 80.6215
2025-06-22 05:51:08,613 - mmdet - INFO - Epoch [1][9950/30895]	lr: 1.295e-05, eta: 26 days, 14:42:12, time: 10.036, data_time: 8.675, memory: 18672, loss_cls: 0.5882, loss_bbox: 0.9383, d0.loss_cls: 0.6183, d0.loss_bbox: 1.1097, d1.loss_cls: 0.5957, d1.loss_bbox: 0.9952, d2.loss_cls: 0.5900, d2.loss_bbox: 0.9687, d3.loss_cls: 0.5871, d3.loss_bbox: 0.9535, d4.loss_cls: 0.5870, d4.loss_bbox: 0.9442, aux_task0.loss_heatmap: 0.7279, aux_task0.loss_bbox: 0.3114, aux_task1.loss_heatmap: 0.9616, aux_task1.loss_bbox: 0.3559, aux_task2.loss_heatmap: 1.0730, aux_task2.loss_bbox: 0.3906, aux_task3.loss_heatmap: 0.7186, aux_task3.loss_bbox: 0.3064, aux_task4.loss_heatmap: 0.6145, aux_task4.loss_bbox: 0.3192, aux_task5.loss_heatmap: 0.5910, aux_task5.loss_bbox: 0.3111, loss: 16.1570, grad_norm: 74.7307
2025-06-22 05:58:19,290 - mmdet - INFO - Exp name: lidar_0075v_900q_split1_2x2_hednetmiddleencoder_hednetbackbone4_dss0511_dp03_hugeep2_num2_conv_xy_rope.py
2025-06-22 05:58:19,291 - mmdet - INFO - Epoch [1][10000/30895]	lr: 1.295e-05, eta: 26 days, 18:43:47, time: 8.613, data_time: 7.266, memory: 18672, loss_cls: 0.5931, loss_bbox: 0.9535, d0.loss_cls: 0.6198, d0.loss_bbox: 1.1206, d1.loss_cls: 0.6016, d1.loss_bbox: 1.0054, d2.loss_cls: 0.5929, d2.loss_bbox: 0.9820, d3.loss_cls: 0.5943, d3.loss_bbox: 0.9670, d4.loss_cls: 0.5929, d4.loss_bbox: 0.9593, aux_task0.loss_heatmap: 0.7129, aux_task0.loss_bbox: 0.3143, aux_task1.loss_heatmap: 0.9625, aux_task1.loss_bbox: 0.3544, aux_task2.loss_heatmap: 1.0555, aux_task2.loss_bbox: 0.3790, aux_task3.loss_heatmap: 0.7900, aux_task3.loss_bbox: 0.3137, aux_task4.loss_heatmap: 0.6131, aux_task4.loss_bbox: 0.3226, aux_task5.loss_heatmap: 0.6193, aux_task5.loss_bbox: 0.3147, loss: 16.3347, grad_norm: 74.7432
2025-06-22 06:00:32,898 - mmdet - INFO - Epoch [1][10050/30895]	lr: 1.296e-05, eta: 26 days, 17:43:28, time: 2.672, data_time: 1.335, memory: 18672, loss_cls: 0.5855, loss_bbox: 0.9383, d0.loss_cls: 0.6154, d0.loss_bbox: 1.1073, d1.loss_cls: 0.5912, d1.loss_bbox: 0.9929, d2.loss_cls: 0.5841, d2.loss_bbox: 0.9678, d3.loss_cls: 0.5837, d3.loss_bbox: 0.9539, d4.loss_cls: 0.5858, d4.loss_bbox: 0.9434, aux_task0.loss_heatmap: 0.7203, aux_task0.loss_bbox: 0.3069, aux_task1.loss_heatmap: 0.9383, aux_task1.loss_bbox: 0.3483, aux_task2.loss_heatmap: 1.0398, aux_task2.loss_bbox: 0.3805, aux_task3.loss_heatmap: 0.7230, aux_task3.loss_bbox: 0.3003, aux_task4.loss_heatmap: 0.6192, aux_task4.loss_bbox: 0.3146, aux_task5.loss_heatmap: 0.5958, aux_task5.loss_bbox: 0.3149, loss: 16.0510, grad_norm: 74.2526
2025-06-22 06:02:35,521 - mmdet - INFO - Epoch [1][10100/30895]	lr: 1.296e-05, eta: 26 days, 16:32:42, time: 2.452, data_time: 1.099, memory: 18672, loss_cls: 0.5995, loss_bbox: 0.9342, d0.loss_cls: 0.6228, d0.loss_bbox: 1.0987, d1.loss_cls: 0.6024, d1.loss_bbox: 0.9840, d2.loss_cls: 0.5987, d2.loss_bbox: 0.9609, d3.loss_cls: 0.5992, d3.loss_bbox: 0.9472, d4.loss_cls: 0.5997, d4.loss_bbox: 0.9379, aux_task0.loss_heatmap: 0.6962, aux_task0.loss_bbox: 0.3030, aux_task1.loss_heatmap: 0.9534, aux_task1.loss_bbox: 0.3561, aux_task2.loss_heatmap: 1.0410, aux_task2.loss_bbox: 0.3789, aux_task3.loss_heatmap: 0.7718, aux_task3.loss_bbox: 0.3078, aux_task4.loss_heatmap: 0.6035, aux_task4.loss_bbox: 0.3164, aux_task5.loss_heatmap: 0.6223, aux_task5.loss_bbox: 0.3166, loss: 16.1522, grad_norm: 75.3454
2025-06-22 06:06:28,300 - mmdet - INFO - Epoch [1][10150/30895]	lr: 1.297e-05, eta: 26 days, 17:12:31, time: 4.656, data_time: 3.292, memory: 18672, loss_cls: 0.5923, loss_bbox: 0.9322, d0.loss_cls: 0.6133, d0.loss_bbox: 1.1035, d1.loss_cls: 0.5959, d1.loss_bbox: 0.9879, d2.loss_cls: 0.5906, d2.loss_bbox: 0.9616, d3.loss_cls: 0.5894, d3.loss_bbox: 0.9475, d4.loss_cls: 0.5905, d4.loss_bbox: 0.9382, aux_task0.loss_heatmap: 0.7146, aux_task0.loss_bbox: 0.3065, aux_task1.loss_heatmap: 0.9803, aux_task1.loss_bbox: 0.3569, aux_task2.loss_heatmap: 1.0488, aux_task2.loss_bbox: 0.3844, aux_task3.loss_heatmap: 0.7166, aux_task3.loss_bbox: 0.2967, aux_task4.loss_heatmap: 0.5932, aux_task4.loss_bbox: 0.3177, aux_task5.loss_heatmap: 0.5998, aux_task5.loss_bbox: 0.3136, loss: 16.0722, grad_norm: 78.4960
2025-06-22 06:09:59,456 - mmdet - INFO - Epoch [1][10200/30895]	lr: 1.297e-05, eta: 26 days, 17:30:27, time: 4.223, data_time: 2.888, memory: 18672, loss_cls: 0.5885, loss_bbox: 0.9414, d0.loss_cls: 0.6136, d0.loss_bbox: 1.1154, d1.loss_cls: 0.5947, d1.loss_bbox: 1.0010, d2.loss_cls: 0.5897, d2.loss_bbox: 0.9730, d3.loss_cls: 0.5886, d3.loss_bbox: 0.9564, d4.loss_cls: 0.5881, d4.loss_bbox: 0.9466, aux_task0.loss_heatmap: 0.7134, aux_task0.loss_bbox: 0.3084, aux_task1.loss_heatmap: 0.9772, aux_task1.loss_bbox: 0.3619, aux_task2.loss_heatmap: 1.0712, aux_task2.loss_bbox: 0.3917, aux_task3.loss_heatmap: 0.7343, aux_task3.loss_bbox: 0.3030, aux_task4.loss_heatmap: 0.6087, aux_task4.loss_bbox: 0.3202, aux_task5.loss_heatmap: 0.6211, aux_task5.loss_bbox: 0.3118, loss: 16.2200, grad_norm: 75.4204
2025-06-22 06:14:05,268 - mmdet - INFO - Epoch [1][10250/30895]	lr: 1.298e-05, eta: 26 days, 18:22:25, time: 4.916, data_time: 3.587, memory: 18672, loss_cls: 0.5792, loss_bbox: 0.9316, d0.loss_cls: 0.6062, d0.loss_bbox: 1.0973, d1.loss_cls: 0.5878, d1.loss_bbox: 0.9848, d2.loss_cls: 0.5817, d2.loss_bbox: 0.9588, d3.loss_cls: 0.5802, d3.loss_bbox: 0.9445, d4.loss_cls: 0.5785, d4.loss_bbox: 0.9369, aux_task0.loss_heatmap: 0.7047, aux_task0.loss_bbox: 0.3092, aux_task1.loss_heatmap: 0.9594, aux_task1.loss_bbox: 0.3554, aux_task2.loss_heatmap: 1.0618, aux_task2.loss_bbox: 0.3819, aux_task3.loss_heatmap: 0.7549, aux_task3.loss_bbox: 0.3072, aux_task4.loss_heatmap: 0.5873, aux_task4.loss_bbox: 0.3177, aux_task5.loss_heatmap: 0.6372, aux_task5.loss_bbox: 0.3170, loss: 16.0609, grad_norm: 74.2243
2025-06-22 06:15:32,163 - mmdet - INFO - Epoch [1][10300/30895]	lr: 1.298e-05, eta: 26 days, 16:37:36, time: 1.738, data_time: 0.399, memory: 18672, loss_cls: 0.5866, loss_bbox: 0.9338, d0.loss_cls: 0.6094, d0.loss_bbox: 1.0956, d1.loss_cls: 0.5916, d1.loss_bbox: 0.9821, d2.loss_cls: 0.5861, d2.loss_bbox: 0.9575, d3.loss_cls: 0.5847, d3.loss_bbox: 0.9470, d4.loss_cls: 0.5866, d4.loss_bbox: 0.9374, aux_task0.loss_heatmap: 0.7268, aux_task0.loss_bbox: 0.3106, aux_task1.loss_heatmap: 0.9607, aux_task1.loss_bbox: 0.3517, aux_task2.loss_heatmap: 1.0427, aux_task2.loss_bbox: 0.3724, aux_task3.loss_heatmap: 0.7775, aux_task3.loss_bbox: 0.3087, aux_task4.loss_heatmap: 0.6013, aux_task4.loss_bbox: 0.3150, aux_task5.loss_heatmap: 0.5954, aux_task5.loss_bbox: 0.3070, loss: 16.0683, grad_norm: 77.0294
2025-06-22 06:18:35,155 - mmdet - INFO - Epoch [1][10350/30895]	lr: 1.299e-05, eta: 26 days, 16:27:47, time: 3.660, data_time: 2.324, memory: 18672, loss_cls: 0.5888, loss_bbox: 0.9369, d0.loss_cls: 0.6138, d0.loss_bbox: 1.1005, d1.loss_cls: 0.5930, d1.loss_bbox: 0.9876, d2.loss_cls: 0.5866, d2.loss_bbox: 0.9629, d3.loss_cls: 0.5832, d3.loss_bbox: 0.9511, d4.loss_cls: 0.5855, d4.loss_bbox: 0.9420, aux_task0.loss_heatmap: 0.7302, aux_task0.loss_bbox: 0.3120, aux_task1.loss_heatmap: 0.9623, aux_task1.loss_bbox: 0.3530, aux_task2.loss_heatmap: 1.0244, aux_task2.loss_bbox: 0.3753, aux_task3.loss_heatmap: 0.7685, aux_task3.loss_bbox: 0.3118, aux_task4.loss_heatmap: 0.6056, aux_task4.loss_bbox: 0.3199, aux_task5.loss_heatmap: 0.6051, aux_task5.loss_bbox: 0.3138, loss: 16.1138, grad_norm: 73.5569
2025-06-22 06:26:19,396 - mmdet - INFO - Epoch [1][10400/30895]	lr: 1.299e-05, eta: 26 days, 20:51:51, time: 9.285, data_time: 7.934, memory: 18672, loss_cls: 0.5850, loss_bbox: 0.9357, d0.loss_cls: 0.6081, d0.loss_bbox: 1.1005, d1.loss_cls: 0.5877, d1.loss_bbox: 0.9844, d2.loss_cls: 0.5822, d2.loss_bbox: 0.9610, d3.loss_cls: 0.5827, d3.loss_bbox: 0.9475, d4.loss_cls: 0.5839, d4.loss_bbox: 0.9398, aux_task0.loss_heatmap: 0.7402, aux_task0.loss_bbox: 0.3091, aux_task1.loss_heatmap: 0.9719, aux_task1.loss_bbox: 0.3536, aux_task2.loss_heatmap: 1.0382, aux_task2.loss_bbox: 0.3843, aux_task3.loss_heatmap: 0.7206, aux_task3.loss_bbox: 0.3081, aux_task4.loss_heatmap: 0.5885, aux_task4.loss_bbox: 0.3196, aux_task5.loss_heatmap: 0.6023, aux_task5.loss_bbox: 0.3118, loss: 16.0465, grad_norm: 76.1109
2025-06-22 06:31:28,212 - mmdet - INFO - Epoch [1][10450/30895]	lr: 1.300e-05, eta: 26 days, 22:42:45, time: 6.176, data_time: 4.845, memory: 18672, loss_cls: 0.5829, loss_bbox: 0.9370, d0.loss_cls: 0.6111, d0.loss_bbox: 1.0978, d1.loss_cls: 0.5911, d1.loss_bbox: 0.9876, d2.loss_cls: 0.5859, d2.loss_bbox: 0.9623, d3.loss_cls: 0.5842, d3.loss_bbox: 0.9500, d4.loss_cls: 0.5837, d4.loss_bbox: 0.9414, aux_task0.loss_heatmap: 0.7227, aux_task0.loss_bbox: 0.3109, aux_task1.loss_heatmap: 0.9542, aux_task1.loss_bbox: 0.3546, aux_task2.loss_heatmap: 1.0222, aux_task2.loss_bbox: 0.3721, aux_task3.loss_heatmap: 0.7673, aux_task3.loss_bbox: 0.3062, aux_task4.loss_heatmap: 0.5885, aux_task4.loss_bbox: 0.3194, aux_task5.loss_heatmap: 0.6064, aux_task5.loss_bbox: 0.3166, loss: 16.0561, grad_norm: 77.9545
2025-06-22 06:37:59,879 - mmdet - INFO - Epoch [1][10500/30895]	lr: 1.300e-05, eta: 27 days, 1:52:25, time: 7.833, data_time: 6.475, memory: 18672, loss_cls: 0.5865, loss_bbox: 0.9322, d0.loss_cls: 0.6143, d0.loss_bbox: 1.0887, d1.loss_cls: 0.5926, d1.loss_bbox: 0.9797, d2.loss_cls: 0.5885, d2.loss_bbox: 0.9570, d3.loss_cls: 0.5883, d3.loss_bbox: 0.9425, d4.loss_cls: 0.5873, d4.loss_bbox: 0.9355, aux_task0.loss_heatmap: 0.7130, aux_task0.loss_bbox: 0.3103, aux_task1.loss_heatmap: 0.9430, aux_task1.loss_bbox: 0.3549, aux_task2.loss_heatmap: 1.0256, aux_task2.loss_bbox: 0.3796, aux_task3.loss_heatmap: 0.7558, aux_task3.loss_bbox: 0.3013, aux_task4.loss_heatmap: 0.6141, aux_task4.loss_bbox: 0.3227, aux_task5.loss_heatmap: 0.5847, aux_task5.loss_bbox: 0.3144, loss: 16.0126, grad_norm: 75.2111
2025-06-22 06:41:57,691 - mmdet - INFO - Epoch [1][10550/30895]	lr: 1.300e-05, eta: 27 days, 2:32:35, time: 4.756, data_time: 3.423, memory: 18672, loss_cls: 0.5847, loss_bbox: 0.9249, d0.loss_cls: 0.6133, d0.loss_bbox: 1.0950, d1.loss_cls: 0.5949, d1.loss_bbox: 0.9815, d2.loss_cls: 0.5859, d2.loss_bbox: 0.9550, d3.loss_cls: 0.5846, d3.loss_bbox: 0.9404, d4.loss_cls: 0.5844, d4.loss_bbox: 0.9311, aux_task0.loss_heatmap: 0.7049, aux_task0.loss_bbox: 0.3063, aux_task1.loss_heatmap: 0.9514, aux_task1.loss_bbox: 0.3549, aux_task2.loss_heatmap: 1.0219, aux_task2.loss_bbox: 0.3791, aux_task3.loss_heatmap: 0.7340, aux_task3.loss_bbox: 0.3060, aux_task4.loss_heatmap: 0.5979, aux_task4.loss_bbox: 0.3156, aux_task5.loss_heatmap: 0.6309, aux_task5.loss_bbox: 0.3144, loss: 15.9931, grad_norm: 75.8292
2025-06-22 06:46:39,134 - mmdet - INFO - Epoch [1][10600/30895]	lr: 1.301e-05, eta: 27 days, 3:54:01, time: 5.629, data_time: 4.299, memory: 18672, loss_cls: 0.5747, loss_bbox: 0.9117, d0.loss_cls: 0.6012, d0.loss_bbox: 1.0749, d1.loss_cls: 0.5810, d1.loss_bbox: 0.9629, d2.loss_cls: 0.5775, d2.loss_bbox: 0.9370, d3.loss_cls: 0.5749, d3.loss_bbox: 0.9243, d4.loss_cls: 0.5754, d4.loss_bbox: 0.9150, aux_task0.loss_heatmap: 0.6876, aux_task0.loss_bbox: 0.3108, aux_task1.loss_heatmap: 0.9386, aux_task1.loss_bbox: 0.3512, aux_task2.loss_heatmap: 1.0418, aux_task2.loss_bbox: 0.3730, aux_task3.loss_heatmap: 0.7314, aux_task3.loss_bbox: 0.3111, aux_task4.loss_heatmap: 0.5702, aux_task4.loss_bbox: 0.3168, aux_task5.loss_heatmap: 0.6001, aux_task5.loss_bbox: 0.3119, loss: 15.7549, grad_norm: 75.7697
2025-06-22 06:52:30,520 - mmdet - INFO - Epoch [1][10650/30895]	lr: 1.301e-05, eta: 27 days, 6:21:06, time: 7.028, data_time: 5.693, memory: 18672, loss_cls: 0.5858, loss_bbox: 0.9158, d0.loss_cls: 0.6134, d0.loss_bbox: 1.0793, d1.loss_cls: 0.5900, d1.loss_bbox: 0.9685, d2.loss_cls: 0.5840, d2.loss_bbox: 0.9424, d3.loss_cls: 0.5846, d3.loss_bbox: 0.9290, d4.loss_cls: 0.5844, d4.loss_bbox: 0.9214, aux_task0.loss_heatmap: 0.7146, aux_task0.loss_bbox: 0.2997, aux_task1.loss_heatmap: 0.9643, aux_task1.loss_bbox: 0.3504, aux_task2.loss_heatmap: 1.0138, aux_task2.loss_bbox: 0.3777, aux_task3.loss_heatmap: 0.7196, aux_task3.loss_bbox: 0.3028, aux_task4.loss_heatmap: 0.6045, aux_task4.loss_bbox: 0.3151, aux_task5.loss_heatmap: 0.5953, aux_task5.loss_bbox: 0.3112, loss: 15.8676, grad_norm: 72.4776
2025-06-22 06:54:33,047 - mmdet - INFO - Epoch [1][10700/30895]	lr: 1.302e-05, eta: 27 days, 5:10:19, time: 2.451, data_time: 1.102, memory: 18672, loss_cls: 0.5789, loss_bbox: 0.9247, d0.loss_cls: 0.6051, d0.loss_bbox: 1.0842, d1.loss_cls: 0.5827, d1.loss_bbox: 0.9732, d2.loss_cls: 0.5784, d2.loss_bbox: 0.9481, d3.loss_cls: 0.5777, d3.loss_bbox: 0.9344, d4.loss_cls: 0.5783, d4.loss_bbox: 0.9287, aux_task0.loss_heatmap: 0.7037, aux_task0.loss_bbox: 0.3071, aux_task1.loss_heatmap: 0.9592, aux_task1.loss_bbox: 0.3525, aux_task2.loss_heatmap: 1.0278, aux_task2.loss_bbox: 0.3768, aux_task3.loss_heatmap: 0.7649, aux_task3.loss_bbox: 0.3077, aux_task4.loss_heatmap: 0.5883, aux_task4.loss_bbox: 0.3204, aux_task5.loss_heatmap: 0.5850, aux_task5.loss_bbox: 0.3128, loss: 15.9007, grad_norm: 78.4882
2025-06-22 06:55:49,539 - mmdet - INFO - Epoch [1][10750/30895]	lr: 1.302e-05, eta: 27 days, 3:16:49, time: 1.530, data_time: 0.172, memory: 18672, loss_cls: 0.5823, loss_bbox: 0.9341, d0.loss_cls: 0.6066, d0.loss_bbox: 1.0937, d1.loss_cls: 0.5845, d1.loss_bbox: 0.9853, d2.loss_cls: 0.5809, d2.loss_bbox: 0.9623, d3.loss_cls: 0.5817, d3.loss_bbox: 0.9469, d4.loss_cls: 0.5816, d4.loss_bbox: 0.9387, aux_task0.loss_heatmap: 0.7253, aux_task0.loss_bbox: 0.3095, aux_task1.loss_heatmap: 0.9565, aux_task1.loss_bbox: 0.3558, aux_task2.loss_heatmap: 1.0153, aux_task2.loss_bbox: 0.3792, aux_task3.loss_heatmap: 0.7756, aux_task3.loss_bbox: 0.3061, aux_task4.loss_heatmap: 0.6019, aux_task4.loss_bbox: 0.3196, aux_task5.loss_heatmap: 0.5983, aux_task5.loss_bbox: 0.3100, loss: 16.0316, grad_norm: 76.2735
2025-06-22 06:59:09,259 - mmdet - INFO - Epoch [1][10800/30895]	lr: 1.303e-05, eta: 27 days, 3:19:49, time: 3.994, data_time: 1.947, memory: 18672, loss_cls: 0.5763, loss_bbox: 0.9294, d0.loss_cls: 0.6022, d0.loss_bbox: 1.0924, d1.loss_cls: 0.5812, d1.loss_bbox: 0.9825, d2.loss_cls: 0.5748, d2.loss_bbox: 0.9583, d3.loss_cls: 0.5751, d3.loss_bbox: 0.9429, d4.loss_cls: 0.5752, d4.loss_bbox: 0.9335, aux_task0.loss_heatmap: 0.7070, aux_task0.loss_bbox: 0.3053, aux_task1.loss_heatmap: 0.9558, aux_task1.loss_bbox: 0.3526, aux_task2.loss_heatmap: 1.0257, aux_task2.loss_bbox: 0.3799, aux_task3.loss_heatmap: 0.7266, aux_task3.loss_bbox: 0.3085, aux_task4.loss_heatmap: 0.5971, aux_task4.loss_bbox: 0.3220, aux_task5.loss_heatmap: 0.5980, aux_task5.loss_bbox: 0.3142, loss: 15.9164, grad_norm: 72.8276
2025-06-22 07:03:57,075 - mmdet - INFO - Epoch [1][10850/30895]	lr: 1.303e-05, eta: 27 days, 4:44:55, time: 5.756, data_time: 4.428, memory: 18672, loss_cls: 0.5715, loss_bbox: 0.9232, d0.loss_cls: 0.5951, d0.loss_bbox: 1.0911, d1.loss_cls: 0.5782, d1.loss_bbox: 0.9742, d2.loss_cls: 0.5729, d2.loss_bbox: 0.9488, d3.loss_cls: 0.5719, d3.loss_bbox: 0.9354, d4.loss_cls: 0.5711, d4.loss_bbox: 0.9273, aux_task0.loss_heatmap: 0.7193, aux_task0.loss_bbox: 0.3124, aux_task1.loss_heatmap: 0.9546, aux_task1.loss_bbox: 0.3521, aux_task2.loss_heatmap: 0.9736, aux_task2.loss_bbox: 0.3836, aux_task3.loss_heatmap: 0.7819, aux_task3.loss_bbox: 0.3108, aux_task4.loss_heatmap: 0.5940, aux_task4.loss_bbox: 0.3159, aux_task5.loss_heatmap: 0.5770, aux_task5.loss_bbox: 0.3149, loss: 15.8506, grad_norm: 74.1171
2025-06-22 07:07:46,780 - mmdet - INFO - Epoch [1][10900/30895]	lr: 1.304e-05, eta: 27 days, 5:15:14, time: 4.594, data_time: 3.255, memory: 18672, loss_cls: 0.5665, loss_bbox: 0.9205, d0.loss_cls: 0.5928, d0.loss_bbox: 1.0818, d1.loss_cls: 0.5739, d1.loss_bbox: 0.9709, d2.loss_cls: 0.5690, d2.loss_bbox: 0.9484, d3.loss_cls: 0.5659, d3.loss_bbox: 0.9361, d4.loss_cls: 0.5659, d4.loss_bbox: 0.9272, aux_task0.loss_heatmap: 0.7099, aux_task0.loss_bbox: 0.3063, aux_task1.loss_heatmap: 0.9606, aux_task1.loss_bbox: 0.3534, aux_task2.loss_heatmap: 1.0162, aux_task2.loss_bbox: 0.3783, aux_task3.loss_heatmap: 0.7307, aux_task3.loss_bbox: 0.3066, aux_task4.loss_heatmap: 0.5843, aux_task4.loss_bbox: 0.3148, aux_task5.loss_heatmap: 0.5830, aux_task5.loss_bbox: 0.3130, loss: 15.7761, grad_norm: 75.0266
2025-06-22 07:09:52,590 - mmdet - INFO - Epoch [1][10950/30895]	lr: 1.304e-05, eta: 27 days, 4:09:17, time: 2.516, data_time: 1.085, memory: 18672, loss_cls: 0.5738, loss_bbox: 0.9197, d0.loss_cls: 0.5987, d0.loss_bbox: 1.0824, d1.loss_cls: 0.5792, d1.loss_bbox: 0.9705, d2.loss_cls: 0.5742, d2.loss_bbox: 0.9479, d3.loss_cls: 0.5737, d3.loss_bbox: 0.9348, d4.loss_cls: 0.5725, d4.loss_bbox: 0.9261, aux_task0.loss_heatmap: 0.7401, aux_task0.loss_bbox: 0.3089, aux_task1.loss_heatmap: 0.9360, aux_task1.loss_bbox: 0.3469, aux_task2.loss_heatmap: 0.9935, aux_task2.loss_bbox: 0.3726, aux_task3.loss_heatmap: 0.7258, aux_task3.loss_bbox: 0.3077, aux_task4.loss_heatmap: 0.6005, aux_task4.loss_bbox: 0.3193, aux_task5.loss_heatmap: 0.5947, aux_task5.loss_bbox: 0.3114, loss: 15.8110, grad_norm: 75.4295
2025-06-22 07:12:09,218 - mmdet - INFO - Exp name: lidar_0075v_900q_split1_2x2_hednetmiddleencoder_hednetbackbone4_dss0511_dp03_hugeep2_num2_conv_xy_rope.py
2025-06-22 07:12:09,218 - mmdet - INFO - Epoch [1][11000/30895]	lr: 1.305e-05, eta: 27 days, 3:13:51, time: 2.733, data_time: 1.325, memory: 18672, loss_cls: 0.5736, loss_bbox: 0.9284, d0.loss_cls: 0.5986, d0.loss_bbox: 1.0919, d1.loss_cls: 0.5821, d1.loss_bbox: 0.9773, d2.loss_cls: 0.5743, d2.loss_bbox: 0.9551, d3.loss_cls: 0.5732, d3.loss_bbox: 0.9404, d4.loss_cls: 0.5728, d4.loss_bbox: 0.9332, aux_task0.loss_heatmap: 0.7074, aux_task0.loss_bbox: 0.3083, aux_task1.loss_heatmap: 0.9321, aux_task1.loss_bbox: 0.3497, aux_task2.loss_heatmap: 1.0090, aux_task2.loss_bbox: 0.3763, aux_task3.loss_heatmap: 0.7750, aux_task3.loss_bbox: 0.3110, aux_task4.loss_heatmap: 0.5711, aux_task4.loss_bbox: 0.3147, aux_task5.loss_heatmap: 0.5845, aux_task5.loss_bbox: 0.3117, loss: 15.8517, grad_norm: 74.9789
2025-06-22 07:14:42,676 - mmdet - INFO - Epoch [1][11050/30895]	lr: 1.305e-05, eta: 27 days, 2:34:16, time: 3.069, data_time: 1.737, memory: 18672, loss_cls: 0.5656, loss_bbox: 0.9153, d0.loss_cls: 0.5934, d0.loss_bbox: 1.0694, d1.loss_cls: 0.5738, d1.loss_bbox: 0.9604, d2.loss_cls: 0.5655, d2.loss_bbox: 0.9382, d3.loss_cls: 0.5662, d3.loss_bbox: 0.9251, d4.loss_cls: 0.5647, d4.loss_bbox: 0.9188, aux_task0.loss_heatmap: 0.6901, aux_task0.loss_bbox: 0.2994, aux_task1.loss_heatmap: 0.9308, aux_task1.loss_bbox: 0.3525, aux_task2.loss_heatmap: 1.0120, aux_task2.loss_bbox: 0.3786, aux_task3.loss_heatmap: 0.7650, aux_task3.loss_bbox: 0.3085, aux_task4.loss_heatmap: 0.6185, aux_task4.loss_bbox: 0.3178, aux_task5.loss_heatmap: 0.5586, aux_task5.loss_bbox: 0.3092, loss: 15.6972, grad_norm: 83.9535
2025-06-22 07:21:59,396 - mmdet - INFO - Epoch [1][11100/30895]	lr: 1.306e-05, eta: 27 days, 6:13:10, time: 8.735, data_time: 7.413, memory: 18672, loss_cls: 0.5775, loss_bbox: 0.9405, d0.loss_cls: 0.6061, d0.loss_bbox: 1.0981, d1.loss_cls: 0.5850, d1.loss_bbox: 0.9881, d2.loss_cls: 0.5775, d2.loss_bbox: 0.9661, d3.loss_cls: 0.5775, d3.loss_bbox: 0.9539, d4.loss_cls: 0.5770, d4.loss_bbox: 0.9452, aux_task0.loss_heatmap: 0.6837, aux_task0.loss_bbox: 0.3170, aux_task1.loss_heatmap: 0.9538, aux_task1.loss_bbox: 0.3537, aux_task2.loss_heatmap: 1.0297, aux_task2.loss_bbox: 0.3744, aux_task3.loss_heatmap: 0.8178, aux_task3.loss_bbox: 0.3135, aux_task4.loss_heatmap: 0.5877, aux_task4.loss_bbox: 0.3190, aux_task5.loss_heatmap: 0.5886, aux_task5.loss_bbox: 0.3121, loss: 16.0434, grad_norm: 76.9251
2025-06-22 07:30:32,011 - mmdet - INFO - Epoch [1][11150/30895]	lr: 1.306e-05, eta: 27 days, 10:58:50, time: 10.252, data_time: 8.909, memory: 18672, loss_cls: 0.5604, loss_bbox: 0.9240, d0.loss_cls: 0.5876, d0.loss_bbox: 1.0803, d1.loss_cls: 0.5675, d1.loss_bbox: 0.9701, d2.loss_cls: 0.5598, d2.loss_bbox: 0.9475, d3.loss_cls: 0.5589, d3.loss_bbox: 0.9341, d4.loss_cls: 0.5592, d4.loss_bbox: 0.9277, aux_task0.loss_heatmap: 0.7028, aux_task0.loss_bbox: 0.3059, aux_task1.loss_heatmap: 0.9449, aux_task1.loss_bbox: 0.3520, aux_task2.loss_heatmap: 1.0298, aux_task2.loss_bbox: 0.3827, aux_task3.loss_heatmap: 0.7564, aux_task3.loss_bbox: 0.3054, aux_task4.loss_heatmap: 0.5899, aux_task4.loss_bbox: 0.3184, aux_task5.loss_heatmap: 0.5633, aux_task5.loss_bbox: 0.3110, loss: 15.7395, grad_norm: 74.2258
2025-06-22 07:35:51,188 - mmdet - INFO - Epoch [1][11200/30895]	lr: 1.307e-05, eta: 27 days, 12:47:15, time: 6.384, data_time: 5.043, memory: 18672, loss_cls: 0.5768, loss_bbox: 0.9364, d0.loss_cls: 0.6060, d0.loss_bbox: 1.0927, d1.loss_cls: 0.5848, d1.loss_bbox: 0.9862, d2.loss_cls: 0.5792, d2.loss_bbox: 0.9614, d3.loss_cls: 0.5775, d3.loss_bbox: 0.9491, d4.loss_cls: 0.5774, d4.loss_bbox: 0.9416, aux_task0.loss_heatmap: 0.6926, aux_task0.loss_bbox: 0.3138, aux_task1.loss_heatmap: 0.9582, aux_task1.loss_bbox: 0.3586, aux_task2.loss_heatmap: 0.9845, aux_task2.loss_bbox: 0.3751, aux_task3.loss_heatmap: 0.7845, aux_task3.loss_bbox: 0.3098, aux_task4.loss_heatmap: 0.5971, aux_task4.loss_bbox: 0.3196, aux_task5.loss_heatmap: 0.6015, aux_task5.loss_bbox: 0.3096, loss: 15.9739, grad_norm: 76.4577
2025-06-22 07:40:51,327 - mmdet - INFO - Epoch [1][11250/30895]	lr: 1.307e-05, eta: 27 days, 14:17:32, time: 6.003, data_time: 4.660, memory: 18672, loss_cls: 0.5735, loss_bbox: 0.9197, d0.loss_cls: 0.5980, d0.loss_bbox: 1.0791, d1.loss_cls: 0.5774, d1.loss_bbox: 0.9692, d2.loss_cls: 0.5719, d2.loss_bbox: 0.9452, d3.loss_cls: 0.5725, d3.loss_bbox: 0.9319, d4.loss_cls: 0.5723, d4.loss_bbox: 0.9247, aux_task0.loss_heatmap: 0.6918, aux_task0.loss_bbox: 0.3015, aux_task1.loss_heatmap: 0.9490, aux_task1.loss_bbox: 0.3586, aux_task2.loss_heatmap: 1.0352, aux_task2.loss_bbox: 0.3777, aux_task3.loss_heatmap: 0.7733, aux_task3.loss_bbox: 0.3027, aux_task4.loss_heatmap: 0.5775, aux_task4.loss_bbox: 0.3170, aux_task5.loss_heatmap: 0.6005, aux_task5.loss_bbox: 0.3128, loss: 15.8329, grad_norm: 73.1944
2025-06-22 07:43:38,809 - mmdet - INFO - Epoch [1][11300/30895]	lr: 1.308e-05, eta: 27 days, 13:48:17, time: 3.350, data_time: 2.006, memory: 18672, loss_cls: 0.5616, loss_bbox: 0.9076, d0.loss_cls: 0.5845, d0.loss_bbox: 1.0697, d1.loss_cls: 0.5657, d1.loss_bbox: 0.9578, d2.loss_cls: 0.5596, d2.loss_bbox: 0.9340, d3.loss_cls: 0.5607, d3.loss_bbox: 0.9199, d4.loss_cls: 0.5606, d4.loss_bbox: 0.9116, aux_task0.loss_heatmap: 0.6750, aux_task0.loss_bbox: 0.3042, aux_task1.loss_heatmap: 0.9461, aux_task1.loss_bbox: 0.3492, aux_task2.loss_heatmap: 1.0111, aux_task2.loss_bbox: 0.3738, aux_task3.loss_heatmap: 0.7281, aux_task3.loss_bbox: 0.3096, aux_task4.loss_heatmap: 0.5718, aux_task4.loss_bbox: 0.3182, aux_task5.loss_heatmap: 0.5630, aux_task5.loss_bbox: 0.3122, loss: 15.5557, grad_norm: 75.3740
2025-06-22 07:48:25,495 - mmdet - INFO - Epoch [1][11350/30895]	lr: 1.308e-05, eta: 27 days, 15:05:26, time: 5.734, data_time: 2.713, memory: 18672, loss_cls: 0.5579, loss_bbox: 0.9265, d0.loss_cls: 0.5844, d0.loss_bbox: 1.0826, d1.loss_cls: 0.5678, d1.loss_bbox: 0.9725, d2.loss_cls: 0.5616, d2.loss_bbox: 0.9495, d3.loss_cls: 0.5596, d3.loss_bbox: 0.9363, d4.loss_cls: 0.5587, d4.loss_bbox: 0.9298, aux_task0.loss_heatmap: 0.7203, aux_task0.loss_bbox: 0.3120, aux_task1.loss_heatmap: 0.9149, aux_task1.loss_bbox: 0.3495, aux_task2.loss_heatmap: 1.0294, aux_task2.loss_bbox: 0.3851, aux_task3.loss_heatmap: 0.7541, aux_task3.loss_bbox: 0.3006, aux_task4.loss_heatmap: 0.5969, aux_task4.loss_bbox: 0.3193, aux_task5.loss_heatmap: 0.5736, aux_task5.loss_bbox: 0.3122, loss: 15.7551, grad_norm: 75.6546
2025-06-22 07:51:46,194 - mmdet - INFO - Epoch [1][11400/30895]	lr: 1.309e-05, eta: 27 days, 15:05:38, time: 4.014, data_time: 2.665, memory: 18672, loss_cls: 0.5641, loss_bbox: 0.9283, d0.loss_cls: 0.5939, d0.loss_bbox: 1.0893, d1.loss_cls: 0.5731, d1.loss_bbox: 0.9768, d2.loss_cls: 0.5665, d2.loss_bbox: 0.9528, d3.loss_cls: 0.5655, d3.loss_bbox: 0.9398, d4.loss_cls: 0.5639, d4.loss_bbox: 0.9326, aux_task0.loss_heatmap: 0.6979, aux_task0.loss_bbox: 0.3044, aux_task1.loss_heatmap: 0.9478, aux_task1.loss_bbox: 0.3503, aux_task2.loss_heatmap: 1.0279, aux_task2.loss_bbox: 0.3828, aux_task3.loss_heatmap: 0.7887, aux_task3.loss_bbox: 0.3092, aux_task4.loss_heatmap: 0.5769, aux_task4.loss_bbox: 0.3167, aux_task5.loss_heatmap: 0.5721, aux_task5.loss_bbox: 0.3134, loss: 15.8348, grad_norm: 69.6214
2025-06-22 07:55:26,160 - mmdet - INFO - Epoch [1][11450/30895]	lr: 1.309e-05, eta: 27 days, 15:22:48, time: 4.399, data_time: 3.047, memory: 18672, loss_cls: 0.5744, loss_bbox: 0.9310, d0.loss_cls: 0.5988, d0.loss_bbox: 1.0873, d1.loss_cls: 0.5818, d1.loss_bbox: 0.9793, d2.loss_cls: 0.5743, d2.loss_bbox: 0.9568, d3.loss_cls: 0.5764, d3.loss_bbox: 0.9423, d4.loss_cls: 0.5754, d4.loss_bbox: 0.9341, aux_task0.loss_heatmap: 0.7226, aux_task0.loss_bbox: 0.3152, aux_task1.loss_heatmap: 0.9493, aux_task1.loss_bbox: 0.3603, aux_task2.loss_heatmap: 1.0339, aux_task2.loss_bbox: 0.3782, aux_task3.loss_heatmap: 0.7304, aux_task3.loss_bbox: 0.3035, aux_task4.loss_heatmap: 0.5981, aux_task4.loss_bbox: 0.3157, aux_task5.loss_heatmap: 0.6000, aux_task5.loss_bbox: 0.3149, loss: 15.9336, grad_norm: 76.4171
2025-06-22 08:00:33,867 - mmdet - INFO - Epoch [1][11500/30895]	lr: 1.310e-05, eta: 27 days, 16:56:54, time: 6.154, data_time: 4.792, memory: 18672, loss_cls: 0.5716, loss_bbox: 0.9116, d0.loss_cls: 0.5955, d0.loss_bbox: 1.0647, d1.loss_cls: 0.5754, d1.loss_bbox: 0.9587, d2.loss_cls: 0.5705, d2.loss_bbox: 0.9372, d3.loss_cls: 0.5699, d3.loss_bbox: 0.9228, d4.loss_cls: 0.5710, d4.loss_bbox: 0.9147, aux_task0.loss_heatmap: 0.7034, aux_task0.loss_bbox: 0.2979, aux_task1.loss_heatmap: 0.9442, aux_task1.loss_bbox: 0.3517, aux_task2.loss_heatmap: 1.0205, aux_task2.loss_bbox: 0.3732, aux_task3.loss_heatmap: 0.7662, aux_task3.loss_bbox: 0.3072, aux_task4.loss_heatmap: 0.5850, aux_task4.loss_bbox: 0.3142, aux_task5.loss_heatmap: 0.5893, aux_task5.loss_bbox: 0.3107, loss: 15.7270, grad_norm: 70.9663
2025-06-22 08:03:56,940 - mmdet - INFO - Epoch [1][11550/30895]	lr: 1.310e-05, eta: 27 days, 16:58:36, time: 4.062, data_time: 1.756, memory: 18672, loss_cls: 0.5628, loss_bbox: 0.9116, d0.loss_cls: 0.5914, d0.loss_bbox: 1.0680, d1.loss_cls: 0.5674, d1.loss_bbox: 0.9588, d2.loss_cls: 0.5621, d2.loss_bbox: 0.9368, d3.loss_cls: 0.5622, d3.loss_bbox: 0.9245, d4.loss_cls: 0.5613, d4.loss_bbox: 0.9167, aux_task0.loss_heatmap: 0.6846, aux_task0.loss_bbox: 0.3122, aux_task1.loss_heatmap: 0.9118, aux_task1.loss_bbox: 0.3494, aux_task2.loss_heatmap: 1.0135, aux_task2.loss_bbox: 0.3789, aux_task3.loss_heatmap: 0.7402, aux_task3.loss_bbox: 0.3021, aux_task4.loss_heatmap: 0.5838, aux_task4.loss_bbox: 0.3201, aux_task5.loss_heatmap: 0.5642, aux_task5.loss_bbox: 0.3102, loss: 15.5947, grad_norm: 71.8311
2025-06-22 08:06:36,644 - mmdet - INFO - Epoch [1][11600/30895]	lr: 1.311e-05, eta: 27 days, 16:22:28, time: 3.194, data_time: 1.835, memory: 18672, loss_cls: 0.5713, loss_bbox: 0.9146, d0.loss_cls: 0.5995, d0.loss_bbox: 1.0752, d1.loss_cls: 0.5782, d1.loss_bbox: 0.9632, d2.loss_cls: 0.5717, d2.loss_bbox: 0.9398, d3.loss_cls: 0.5722, d3.loss_bbox: 0.9258, d4.loss_cls: 0.5736, d4.loss_bbox: 0.9172, aux_task0.loss_heatmap: 0.6930, aux_task0.loss_bbox: 0.3067, aux_task1.loss_heatmap: 0.9434, aux_task1.loss_bbox: 0.3492, aux_task2.loss_heatmap: 1.0088, aux_task2.loss_bbox: 0.3763, aux_task3.loss_heatmap: 0.7507, aux_task3.loss_bbox: 0.3056, aux_task4.loss_heatmap: 0.5967, aux_task4.loss_bbox: 0.3218, aux_task5.loss_heatmap: 0.5554, aux_task5.loss_bbox: 0.3071, loss: 15.7169, grad_norm: 74.3377
2025-06-22 08:07:49,106 - mmdet - INFO - Epoch [1][11650/30895]	lr: 1.312e-05, eta: 27 days, 14:30:58, time: 1.449, data_time: 0.066, memory: 18672, loss_cls: 0.5637, loss_bbox: 0.9072, d0.loss_cls: 0.5889, d0.loss_bbox: 1.0635, d1.loss_cls: 0.5694, d1.loss_bbox: 0.9544, d2.loss_cls: 0.5642, d2.loss_bbox: 0.9329, d3.loss_cls: 0.5634, d3.loss_bbox: 0.9189, d4.loss_cls: 0.5646, d4.loss_bbox: 0.9116, aux_task0.loss_heatmap: 0.6958, aux_task0.loss_bbox: 0.3072, aux_task1.loss_heatmap: 0.9300, aux_task1.loss_bbox: 0.3494, aux_task2.loss_heatmap: 0.9947, aux_task2.loss_bbox: 0.3722, aux_task3.loss_heatmap: 0.7545, aux_task3.loss_bbox: 0.3005, aux_task4.loss_heatmap: 0.5693, aux_task4.loss_bbox: 0.3160, aux_task5.loss_heatmap: 0.5738, aux_task5.loss_bbox: 0.3065, loss: 15.5726, grad_norm: 87.9545
2025-06-22 08:12:25,956 - mmdet - INFO - Epoch [1][11700/30895]	lr: 1.312e-05, eta: 27 days, 15:36:53, time: 5.537, data_time: 4.109, memory: 18672, loss_cls: 0.5710, loss_bbox: 0.9097, d0.loss_cls: 0.5904, d0.loss_bbox: 1.0650, d1.loss_cls: 0.5729, d1.loss_bbox: 0.9586, d2.loss_cls: 0.5685, d2.loss_bbox: 0.9363, d3.loss_cls: 0.5682, d3.loss_bbox: 0.9235, d4.loss_cls: 0.5685, d4.loss_bbox: 0.9139, aux_task0.loss_heatmap: 0.6905, aux_task0.loss_bbox: 0.3011, aux_task1.loss_heatmap: 0.9438, aux_task1.loss_bbox: 0.3521, aux_task2.loss_heatmap: 1.0470, aux_task2.loss_bbox: 0.3775, aux_task3.loss_heatmap: 0.6969, aux_task3.loss_bbox: 0.3025, aux_task4.loss_heatmap: 0.5837, aux_task4.loss_bbox: 0.3138, aux_task5.loss_heatmap: 0.5808, aux_task5.loss_bbox: 0.3083, loss: 15.6445, grad_norm: 72.4749
2025-06-22 08:18:05,532 - mmdet - INFO - Epoch [1][11750/30895]	lr: 1.313e-05, eta: 27 days, 17:36:09, time: 6.792, data_time: 5.424, memory: 18672, loss_cls: 0.5657, loss_bbox: 0.9138, d0.loss_cls: 0.5843, d0.loss_bbox: 1.0734, d1.loss_cls: 0.5700, d1.loss_bbox: 0.9628, d2.loss_cls: 0.5648, d2.loss_bbox: 0.9393, d3.loss_cls: 0.5658, d3.loss_bbox: 0.9248, d4.loss_cls: 0.5650, d4.loss_bbox: 0.9190, aux_task0.loss_heatmap: 0.7049, aux_task0.loss_bbox: 0.3027, aux_task1.loss_heatmap: 0.9455, aux_task1.loss_bbox: 0.3536, aux_task2.loss_heatmap: 0.9885, aux_task2.loss_bbox: 0.3686, aux_task3.loss_heatmap: 0.7126, aux_task3.loss_bbox: 0.3060, aux_task4.loss_heatmap: 0.5853, aux_task4.loss_bbox: 0.3136, aux_task5.loss_heatmap: 0.5889, aux_task5.loss_bbox: 0.3112, loss: 15.6300, grad_norm: 73.4278
2025-06-22 08:26:18,070 - mmdet - INFO - Epoch [1][11800/30895]	lr: 1.313e-05, eta: 27 days, 21:45:16, time: 9.850, data_time: 8.523, memory: 18672, loss_cls: 0.5620, loss_bbox: 0.8995, d0.loss_cls: 0.5883, d0.loss_bbox: 1.0619, d1.loss_cls: 0.5695, d1.loss_bbox: 0.9456, d2.loss_cls: 0.5640, d2.loss_bbox: 0.9233, d3.loss_cls: 0.5648, d3.loss_bbox: 0.9087, d4.loss_cls: 0.5618, d4.loss_bbox: 0.9031, aux_task0.loss_heatmap: 0.6590, aux_task0.loss_bbox: 0.2987, aux_task1.loss_heatmap: 0.9477, aux_task1.loss_bbox: 0.3497, aux_task2.loss_heatmap: 0.9970, aux_task2.loss_bbox: 0.3779, aux_task3.loss_heatmap: 0.7535, aux_task3.loss_bbox: 0.3003, aux_task4.loss_heatmap: 0.5861, aux_task4.loss_bbox: 0.3096, aux_task5.loss_heatmap: 0.5750, aux_task5.loss_bbox: 0.3082, loss: 15.5150, grad_norm: 76.6861
2025-06-22 08:30:52,869 - mmdet - INFO - Epoch [1][11850/30895]	lr: 1.314e-05, eta: 27 days, 22:46:38, time: 5.496, data_time: 2.335, memory: 18672, loss_cls: 0.5631, loss_bbox: 0.9096, d0.loss_cls: 0.5839, d0.loss_bbox: 1.0716, d1.loss_cls: 0.5674, d1.loss_bbox: 0.9605, d2.loss_cls: 0.5620, d2.loss_bbox: 0.9357, d3.loss_cls: 0.5639, d3.loss_bbox: 0.9232, d4.loss_cls: 0.5635, d4.loss_bbox: 0.9151, aux_task0.loss_heatmap: 0.6825, aux_task0.loss_bbox: 0.2984, aux_task1.loss_heatmap: 0.9456, aux_task1.loss_bbox: 0.3531, aux_task2.loss_heatmap: 0.9935, aux_task2.loss_bbox: 0.3808, aux_task3.loss_heatmap: 0.6905, aux_task3.loss_bbox: 0.2995, aux_task4.loss_heatmap: 0.5696, aux_task4.loss_bbox: 0.3112, aux_task5.loss_heatmap: 0.5525, aux_task5.loss_bbox: 0.3118, loss: 15.5085, grad_norm: 77.0922
2025-06-22 08:34:23,231 - mmdet - INFO - Epoch [1][11900/30895]	lr: 1.314e-05, eta: 27 days, 22:52:48, time: 4.208, data_time: 2.761, memory: 18672, loss_cls: 0.5714, loss_bbox: 0.9026, d0.loss_cls: 0.6017, d0.loss_bbox: 1.0655, d1.loss_cls: 0.5779, d1.loss_bbox: 0.9532, d2.loss_cls: 0.5722, d2.loss_bbox: 0.9289, d3.loss_cls: 0.5720, d3.loss_bbox: 0.9139, d4.loss_cls: 0.5694, d4.loss_bbox: 0.9080, aux_task0.loss_heatmap: 0.6959, aux_task0.loss_bbox: 0.3028, aux_task1.loss_heatmap: 0.9284, aux_task1.loss_bbox: 0.3491, aux_task2.loss_heatmap: 1.0040, aux_task2.loss_bbox: 0.3782, aux_task3.loss_heatmap: 0.7487, aux_task3.loss_bbox: 0.3036, aux_task4.loss_heatmap: 0.5929, aux_task4.loss_bbox: 0.3138, aux_task5.loss_heatmap: 0.5827, aux_task5.loss_bbox: 0.3099, loss: 15.6465, grad_norm: 73.0357
2025-06-22 08:45:03,793 - mmdet - INFO - Epoch [1][11950/30895]	lr: 1.315e-05, eta: 28 days, 5:02:26, time: 12.811, data_time: 8.115, memory: 18672, loss_cls: 0.5531, loss_bbox: 0.9097, d0.loss_cls: 0.5810, d0.loss_bbox: 1.0688, d1.loss_cls: 0.5593, d1.loss_bbox: 0.9617, d2.loss_cls: 0.5531, d2.loss_bbox: 0.9364, d3.loss_cls: 0.5528, d3.loss_bbox: 0.9219, d4.loss_cls: 0.5533, d4.loss_bbox: 0.9138, aux_task0.loss_heatmap: 0.6785, aux_task0.loss_bbox: 0.3057, aux_task1.loss_heatmap: 0.9349, aux_task1.loss_bbox: 0.3494, aux_task2.loss_heatmap: 1.0095, aux_task2.loss_bbox: 0.3838, aux_task3.loss_heatmap: 0.6975, aux_task3.loss_bbox: 0.2987, aux_task4.loss_heatmap: 0.5784, aux_task4.loss_bbox: 0.3158, aux_task5.loss_heatmap: 0.5606, aux_task5.loss_bbox: 0.3092, loss: 15.4869, grad_norm: 75.0089
2025-06-22 08:46:44,753 - mmdet - INFO - Exp name: lidar_0075v_900q_split1_2x2_hednetmiddleencoder_hednetbackbone4_dss0511_dp03_hugeep2_num2_conv_xy_rope.py
2025-06-22 08:46:44,753 - mmdet - INFO - Epoch [1][12000/30895]	lr: 1.315e-05, eta: 28 days, 3:34:45, time: 2.018, data_time: 0.670, memory: 18672, loss_cls: 0.5660, loss_bbox: 0.9099, d0.loss_cls: 0.5981, d0.loss_bbox: 1.0620, d1.loss_cls: 0.5735, d1.loss_bbox: 0.9511, d2.loss_cls: 0.5684, d2.loss_bbox: 0.9303, d3.loss_cls: 0.5657, d3.loss_bbox: 0.9199, d4.loss_cls: 0.5642, d4.loss_bbox: 0.9143, aux_task0.loss_heatmap: 0.6971, aux_task0.loss_bbox: 0.3031, aux_task1.loss_heatmap: 0.9503, aux_task1.loss_bbox: 0.3509, aux_task2.loss_heatmap: 0.9988, aux_task2.loss_bbox: 0.3758, aux_task3.loss_heatmap: 0.7215, aux_task3.loss_bbox: 0.3038, aux_task4.loss_heatmap: 0.5887, aux_task4.loss_bbox: 0.3141, aux_task5.loss_heatmap: 0.5873, aux_task5.loss_bbox: 0.3134, loss: 15.6282, grad_norm: 78.2948
2025-06-22 08:49:03,698 - mmdet - INFO - Epoch [1][12050/30895]	lr: 1.316e-05, eta: 28 days, 2:39:41, time: 2.780, data_time: 1.410, memory: 18672, loss_cls: 0.5651, loss_bbox: 0.9134, d0.loss_cls: 0.5924, d0.loss_bbox: 1.0654, d1.loss_cls: 0.5693, d1.loss_bbox: 0.9620, d2.loss_cls: 0.5637, d2.loss_bbox: 0.9394, d3.loss_cls: 0.5626, d3.loss_bbox: 0.9259, d4.loss_cls: 0.5644, d4.loss_bbox: 0.9177, aux_task0.loss_heatmap: 0.7207, aux_task0.loss_bbox: 0.3075, aux_task1.loss_heatmap: 0.9120, aux_task1.loss_bbox: 0.3490, aux_task2.loss_heatmap: 0.9912, aux_task2.loss_bbox: 0.3780, aux_task3.loss_heatmap: 0.7438, aux_task3.loss_bbox: 0.3042, aux_task4.loss_heatmap: 0.5637, aux_task4.loss_bbox: 0.3114, aux_task5.loss_heatmap: 0.5812, aux_task5.loss_bbox: 0.3120, loss: 15.6163, grad_norm: 72.9708
2025-06-22 08:51:59,180 - mmdet - INFO - Epoch [1][12100/30895]	lr: 1.316e-05, eta: 28 days, 2:15:31, time: 3.510, data_time: 2.145, memory: 18672, loss_cls: 0.5421, loss_bbox: 0.8991, d0.loss_cls: 0.5676, d0.loss_bbox: 1.0543, d1.loss_cls: 0.5480, d1.loss_bbox: 0.9481, d2.loss_cls: 0.5433, d2.loss_bbox: 0.9233, d3.loss_cls: 0.5413, d3.loss_bbox: 0.9113, d4.loss_cls: 0.5415, d4.loss_bbox: 0.9034, aux_task0.loss_heatmap: 0.6909, aux_task0.loss_bbox: 0.3022, aux_task1.loss_heatmap: 0.9273, aux_task1.loss_bbox: 0.3470, aux_task2.loss_heatmap: 0.9762, aux_task2.loss_bbox: 0.3760, aux_task3.loss_heatmap: 0.7293, aux_task3.loss_bbox: 0.3073, aux_task4.loss_heatmap: 0.5878, aux_task4.loss_bbox: 0.3129, aux_task5.loss_heatmap: 0.5648, aux_task5.loss_bbox: 0.3070, loss: 15.3521, grad_norm: 75.3099
2025-06-22 08:55:49,796 - mmdet - INFO - Epoch [1][12150/30895]	lr: 1.317e-05, eta: 28 days, 2:37:20, time: 4.612, data_time: 3.155, memory: 18672, loss_cls: 0.5551, loss_bbox: 0.9063, d0.loss_cls: 0.5806, d0.loss_bbox: 1.0655, d1.loss_cls: 0.5610, d1.loss_bbox: 0.9564, d2.loss_cls: 0.5559, d2.loss_bbox: 0.9300, d3.loss_cls: 0.5547, d3.loss_bbox: 0.9173, d4.loss_cls: 0.5554, d4.loss_bbox: 0.9100, aux_task0.loss_heatmap: 0.6982, aux_task0.loss_bbox: 0.3024, aux_task1.loss_heatmap: 0.9257, aux_task1.loss_bbox: 0.3489, aux_task2.loss_heatmap: 0.9711, aux_task2.loss_bbox: 0.3757, aux_task3.loss_heatmap: 0.8278, aux_task3.loss_bbox: 0.3041, aux_task4.loss_heatmap: 0.5929, aux_task4.loss_bbox: 0.3149, aux_task5.loss_heatmap: 0.5623, aux_task5.loss_bbox: 0.3132, loss: 15.5854, grad_norm: 71.9679
2025-06-22 09:00:19,596 - mmdet - INFO - Epoch [1][12200/30895]	lr: 1.317e-05, eta: 28 days, 3:31:22, time: 5.396, data_time: 4.049, memory: 18672, loss_cls: 0.5496, loss_bbox: 0.9073, d0.loss_cls: 0.5765, d0.loss_bbox: 1.0627, d1.loss_cls: 0.5552, d1.loss_bbox: 0.9555, d2.loss_cls: 0.5484, d2.loss_bbox: 0.9302, d3.loss_cls: 0.5488, d3.loss_bbox: 0.9182, d4.loss_cls: 0.5492, d4.loss_bbox: 0.9117, aux_task0.loss_heatmap: 0.6724, aux_task0.loss_bbox: 0.3054, aux_task1.loss_heatmap: 0.9190, aux_task1.loss_bbox: 0.3461, aux_task2.loss_heatmap: 0.9876, aux_task2.loss_bbox: 0.3727, aux_task3.loss_heatmap: 0.7310, aux_task3.loss_bbox: 0.3030, aux_task4.loss_heatmap: 0.5555, aux_task4.loss_bbox: 0.3105, aux_task5.loss_heatmap: 0.5975, aux_task5.loss_bbox: 0.3108, loss: 15.4248, grad_norm: 89.3669
2025-06-22 09:01:44,762 - mmdet - INFO - Epoch [1][12250/30895]	lr: 1.318e-05, eta: 28 days, 1:52:47, time: 1.703, data_time: 0.366, memory: 18672, loss_cls: 0.5583, loss_bbox: 0.9089, d0.loss_cls: 0.5797, d0.loss_bbox: 1.0683, d1.loss_cls: 0.5618, d1.loss_bbox: 0.9581, d2.loss_cls: 0.5580, d2.loss_bbox: 0.9354, d3.loss_cls: 0.5575, d3.loss_bbox: 0.9209, d4.loss_cls: 0.5566, d4.loss_bbox: 0.9132, aux_task0.loss_heatmap: 0.6843, aux_task0.loss_bbox: 0.2999, aux_task1.loss_heatmap: 0.9155, aux_task1.loss_bbox: 0.3500, aux_task2.loss_heatmap: 1.0014, aux_task2.loss_bbox: 0.3742, aux_task3.loss_heatmap: 0.7110, aux_task3.loss_bbox: 0.3052, aux_task4.loss_heatmap: 0.5722, aux_task4.loss_bbox: 0.3187, aux_task5.loss_heatmap: 0.5725, aux_task5.loss_bbox: 0.3127, loss: 15.4944, grad_norm: 71.1132
2025-06-22 09:06:38,705 - mmdet - INFO - Epoch [1][12300/30895]	lr: 1.319e-05, eta: 28 days, 3:06:18, time: 5.879, data_time: 4.520, memory: 18672, loss_cls: 0.5615, loss_bbox: 0.9217, d0.loss_cls: 0.5912, d0.loss_bbox: 1.0744, d1.loss_cls: 0.5696, d1.loss_bbox: 0.9657, d2.loss_cls: 0.5637, d2.loss_bbox: 0.9467, d3.loss_cls: 0.5622, d3.loss_bbox: 0.9335, d4.loss_cls: 0.5606, d4.loss_bbox: 0.9262, aux_task0.loss_heatmap: 0.6849, aux_task0.loss_bbox: 0.2999, aux_task1.loss_heatmap: 0.9165, aux_task1.loss_bbox: 0.3438, aux_task2.loss_heatmap: 0.9834, aux_task2.loss_bbox: 0.3705, aux_task3.loss_heatmap: 0.7039, aux_task3.loss_bbox: 0.3026, aux_task4.loss_heatmap: 0.5945, aux_task4.loss_bbox: 0.3156, aux_task5.loss_heatmap: 0.5802, aux_task5.loss_bbox: 0.3157, loss: 15.5885, grad_norm: 73.3376
2025-06-22 09:08:42,508 - mmdet - INFO - Epoch [1][12350/30895]	lr: 1.319e-05, eta: 28 days, 2:00:09, time: 2.476, data_time: 1.129, memory: 18672, loss_cls: 0.5540, loss_bbox: 0.9036, d0.loss_cls: 0.5843, d0.loss_bbox: 1.0596, d1.loss_cls: 0.5594, d1.loss_bbox: 0.9536, d2.loss_cls: 0.5553, d2.loss_bbox: 0.9282, d3.loss_cls: 0.5545, d3.loss_bbox: 0.9161, d4.loss_cls: 0.5544, d4.loss_bbox: 0.9077, aux_task0.loss_heatmap: 0.6572, aux_task0.loss_bbox: 0.3135, aux_task1.loss_heatmap: 0.8999, aux_task1.loss_bbox: 0.3449, aux_task2.loss_heatmap: 0.9710, aux_task2.loss_bbox: 0.3811, aux_task3.loss_heatmap: 0.6879, aux_task3.loss_bbox: 0.2998, aux_task4.loss_heatmap: 0.5885, aux_task4.loss_bbox: 0.3152, aux_task5.loss_heatmap: 0.5785, aux_task5.loss_bbox: 0.3101, loss: 15.3784, grad_norm: 75.5065
2025-06-22 09:16:20,179 - mmdet - INFO - Epoch [1][12400/30895]	lr: 1.320e-05, eta: 28 days, 5:26:14, time: 9.153, data_time: 7.795, memory: 18672, loss_cls: 0.5458, loss_bbox: 0.8944, d0.loss_cls: 0.5724, d0.loss_bbox: 1.0576, d1.loss_cls: 0.5523, d1.loss_bbox: 0.9433, d2.loss_cls: 0.5478, d2.loss_bbox: 0.9208, d3.loss_cls: 0.5457, d3.loss_bbox: 0.9072, d4.loss_cls: 0.5452, d4.loss_bbox: 0.8993, aux_task0.loss_heatmap: 0.6685, aux_task0.loss_bbox: 0.2969, aux_task1.loss_heatmap: 0.9304, aux_task1.loss_bbox: 0.3441, aux_task2.loss_heatmap: 0.9862, aux_task2.loss_bbox: 0.3678, aux_task3.loss_heatmap: 0.7131, aux_task3.loss_bbox: 0.3016, aux_task4.loss_heatmap: 0.5748, aux_task4.loss_bbox: 0.3131, aux_task5.loss_heatmap: 0.5564, aux_task5.loss_bbox: 0.3083, loss: 15.2930, grad_norm: 75.5712
2025-06-22 09:22:57,786 - mmdet - INFO - Epoch [1][12450/30895]	lr: 1.320e-05, eta: 28 days, 8:01:55, time: 7.952, data_time: 6.596, memory: 18672, loss_cls: 0.5484, loss_bbox: 0.9044, d0.loss_cls: 0.5753, d0.loss_bbox: 1.0561, d1.loss_cls: 0.5564, d1.loss_bbox: 0.9476, d2.loss_cls: 0.5502, d2.loss_bbox: 0.9263, d3.loss_cls: 0.5478, d3.loss_bbox: 0.9151, d4.loss_cls: 0.5481, d4.loss_bbox: 0.9076, aux_task0.loss_heatmap: 0.6733, aux_task0.loss_bbox: 0.3023, aux_task1.loss_heatmap: 0.9204, aux_task1.loss_bbox: 0.3476, aux_task2.loss_heatmap: 0.9742, aux_task2.loss_bbox: 0.3742, aux_task3.loss_heatmap: 0.7141, aux_task3.loss_bbox: 0.3027, aux_task4.loss_heatmap: 0.5819, aux_task4.loss_bbox: 0.3151, aux_task5.loss_heatmap: 0.5847, aux_task5.loss_bbox: 0.3077, loss: 15.3815, grad_norm: 75.8072
2025-06-22 09:26:30,238 - mmdet - INFO - Epoch [1][12500/30895]	lr: 1.321e-05, eta: 28 days, 8:06:51, time: 4.249, data_time: 2.927, memory: 18672, loss_cls: 0.5585, loss_bbox: 0.9128, d0.loss_cls: 0.5848, d0.loss_bbox: 1.0618, d1.loss_cls: 0.5640, d1.loss_bbox: 0.9573, d2.loss_cls: 0.5592, d2.loss_bbox: 0.9356, d3.loss_cls: 0.5565, d3.loss_bbox: 0.9250, d4.loss_cls: 0.5569, d4.loss_bbox: 0.9173, aux_task0.loss_heatmap: 0.7067, aux_task0.loss_bbox: 0.3106, aux_task1.loss_heatmap: 0.9252, aux_task1.loss_bbox: 0.3444, aux_task2.loss_heatmap: 0.9768, aux_task2.loss_bbox: 0.3715, aux_task3.loss_heatmap: 0.7583, aux_task3.loss_bbox: 0.3082, aux_task4.loss_heatmap: 0.5689, aux_task4.loss_bbox: 0.3166, aux_task5.loss_heatmap: 0.5558, aux_task5.loss_bbox: 0.3092, loss: 15.5419, grad_norm: 74.1142
2025-06-22 09:30:39,352 - mmdet - INFO - Epoch [1][12550/30895]	lr: 1.321e-05, eta: 28 days, 8:41:11, time: 4.982, data_time: 3.628, memory: 18672, loss_cls: 0.5619, loss_bbox: 0.9109, d0.loss_cls: 0.5929, d0.loss_bbox: 1.0561, d1.loss_cls: 0.5679, d1.loss_bbox: 0.9553, d2.loss_cls: 0.5612, d2.loss_bbox: 0.9326, d3.loss_cls: 0.5623, d3.loss_bbox: 0.9189, d4.loss_cls: 0.5612, d4.loss_bbox: 0.9138, aux_task0.loss_heatmap: 0.7148, aux_task0.loss_bbox: 0.3086, aux_task1.loss_heatmap: 0.9212, aux_task1.loss_bbox: 0.3454, aux_task2.loss_heatmap: 0.9714, aux_task2.loss_bbox: 0.3756, aux_task3.loss_heatmap: 0.7351, aux_task3.loss_bbox: 0.3047, aux_task4.loss_heatmap: 0.5768, aux_task4.loss_bbox: 0.3146, aux_task5.loss_heatmap: 0.5824, aux_task5.loss_bbox: 0.3102, loss: 15.5560, grad_norm: 73.4947
2025-06-22 09:40:06,897 - mmdet - INFO - Epoch [1][12600/30895]	lr: 1.322e-05, eta: 28 days, 13:30:10, time: 11.351, data_time: 10.003, memory: 18672, loss_cls: 0.5552, loss_bbox: 0.8859, d0.loss_cls: 0.5799, d0.loss_bbox: 1.0351, d1.loss_cls: 0.5605, d1.loss_bbox: 0.9290, d2.loss_cls: 0.5557, d2.loss_bbox: 0.9072, d3.loss_cls: 0.5543, d3.loss_bbox: 0.8962, d4.loss_cls: 0.5538, d4.loss_bbox: 0.8904, aux_task0.loss_heatmap: 0.6861, aux_task0.loss_bbox: 0.2994, aux_task1.loss_heatmap: 0.9289, aux_task1.loss_bbox: 0.3448, aux_task2.loss_heatmap: 0.9828, aux_task2.loss_bbox: 0.3635, aux_task3.loss_heatmap: 0.7469, aux_task3.loss_bbox: 0.3072, aux_task4.loss_heatmap: 0.5668, aux_task4.loss_bbox: 0.3171, aux_task5.loss_heatmap: 0.5699, aux_task5.loss_bbox: 0.3042, loss: 15.3208, grad_norm: 75.7407
2025-06-22 09:41:46,222 - mmdet - INFO - Epoch [1][12650/30895]	lr: 1.323e-05, eta: 28 days, 12:03:25, time: 1.986, data_time: 0.642, memory: 18672, loss_cls: 0.5575, loss_bbox: 0.8986, d0.loss_cls: 0.5806, d0.loss_bbox: 1.0515, d1.loss_cls: 0.5612, d1.loss_bbox: 0.9429, d2.loss_cls: 0.5574, d2.loss_bbox: 0.9195, d3.loss_cls: 0.5562, d3.loss_bbox: 0.9100, d4.loss_cls: 0.5572, d4.loss_bbox: 0.9026, aux_task0.loss_heatmap: 0.6860, aux_task0.loss_bbox: 0.3014, aux_task1.loss_heatmap: 0.9135, aux_task1.loss_bbox: 0.3444, aux_task2.loss_heatmap: 0.9765, aux_task2.loss_bbox: 0.3734, aux_task3.loss_heatmap: 0.7476, aux_task3.loss_bbox: 0.3012, aux_task4.loss_heatmap: 0.5749, aux_task4.loss_bbox: 0.3155, aux_task5.loss_heatmap: 0.5683, aux_task5.loss_bbox: 0.3101, loss: 15.4079, grad_norm: 74.4478
2025-06-22 09:43:48,060 - mmdet - INFO - Epoch [1][12700/30895]	lr: 1.323e-05, eta: 28 days, 10:55:13, time: 2.437, data_time: 0.164, memory: 18672, loss_cls: 0.5463, loss_bbox: 0.9044, d0.loss_cls: 0.5728, d0.loss_bbox: 1.0569, d1.loss_cls: 0.5515, d1.loss_bbox: 0.9472, d2.loss_cls: 0.5470, d2.loss_bbox: 0.9240, d3.loss_cls: 0.5467, d3.loss_bbox: 0.9141, d4.loss_cls: 0.5438, d4.loss_bbox: 0.9098, aux_task0.loss_heatmap: 0.6632, aux_task0.loss_bbox: 0.3033, aux_task1.loss_heatmap: 0.9293, aux_task1.loss_bbox: 0.3490, aux_task2.loss_heatmap: 0.9547, aux_task2.loss_bbox: 0.3710, aux_task3.loss_heatmap: 0.6672, aux_task3.loss_bbox: 0.3057, aux_task4.loss_heatmap: 0.5706, aux_task4.loss_bbox: 0.3113, aux_task5.loss_heatmap: 0.5676, aux_task5.loss_bbox: 0.3094, loss: 15.2669, grad_norm: 73.9162
2025-06-22 09:46:58,691 - mmdet - INFO - Epoch [1][12750/30895]	lr: 1.324e-05, eta: 28 days, 10:41:57, time: 3.813, data_time: 2.478, memory: 18672, loss_cls: 0.5478, loss_bbox: 0.8908, d0.loss_cls: 0.5735, d0.loss_bbox: 1.0479, d1.loss_cls: 0.5565, d1.loss_bbox: 0.9354, d2.loss_cls: 0.5497, d2.loss_bbox: 0.9130, d3.loss_cls: 0.5485, d3.loss_bbox: 0.9012, d4.loss_cls: 0.5474, d4.loss_bbox: 0.8936, aux_task0.loss_heatmap: 0.6650, aux_task0.loss_bbox: 0.3024, aux_task1.loss_heatmap: 0.9326, aux_task1.loss_bbox: 0.3496, aux_task2.loss_heatmap: 0.9458, aux_task2.loss_bbox: 0.3756, aux_task3.loss_heatmap: 0.7091, aux_task3.loss_bbox: 0.2983, aux_task4.loss_heatmap: 0.5906, aux_task4.loss_bbox: 0.3173, aux_task5.loss_heatmap: 0.5470, aux_task5.loss_bbox: 0.3108, loss: 15.2494, grad_norm: 74.6294
2025-06-22 09:50:53,681 - mmdet - INFO - Epoch [1][12800/30895]	lr: 1.324e-05, eta: 28 days, 11:03:43, time: 4.700, data_time: 3.295, memory: 18672, loss_cls: 0.5443, loss_bbox: 0.8937, d0.loss_cls: 0.5709, d0.loss_bbox: 1.0523, d1.loss_cls: 0.5522, d1.loss_bbox: 0.9416, d2.loss_cls: 0.5448, d2.loss_bbox: 0.9187, d3.loss_cls: 0.5460, d3.loss_bbox: 0.9046, d4.loss_cls: 0.5452, d4.loss_bbox: 0.8971, aux_task0.loss_heatmap: 0.6400, aux_task0.loss_bbox: 0.2919, aux_task1.loss_heatmap: 0.9416, aux_task1.loss_bbox: 0.3502, aux_task2.loss_heatmap: 0.9772, aux_task2.loss_bbox: 0.3767, aux_task3.loss_heatmap: 0.7360, aux_task3.loss_bbox: 0.3000, aux_task4.loss_heatmap: 0.5481, aux_task4.loss_bbox: 0.3124, aux_task5.loss_heatmap: 0.5641, aux_task5.loss_bbox: 0.3098, loss: 15.2597, grad_norm: 72.8895
2025-06-22 09:54:59,212 - mmdet - INFO - Epoch [1][12850/30895]	lr: 1.325e-05, eta: 28 days, 11:33:33, time: 4.911, data_time: 3.557, memory: 18672, loss_cls: 0.5564, loss_bbox: 0.9004, d0.loss_cls: 0.5807, d0.loss_bbox: 1.0527, d1.loss_cls: 0.5645, d1.loss_bbox: 0.9475, d2.loss_cls: 0.5571, d2.loss_bbox: 0.9249, d3.loss_cls: 0.5570, d3.loss_bbox: 0.9120, d4.loss_cls: 0.5553, d4.loss_bbox: 0.9056, aux_task0.loss_heatmap: 0.6741, aux_task0.loss_bbox: 0.2940, aux_task1.loss_heatmap: 0.9219, aux_task1.loss_bbox: 0.3498, aux_task2.loss_heatmap: 0.9864, aux_task2.loss_bbox: 0.3745, aux_task3.loss_heatmap: 0.7372, aux_task3.loss_bbox: 0.2953, aux_task4.loss_heatmap: 0.5748, aux_task4.loss_bbox: 0.3191, aux_task5.loss_heatmap: 0.5774, aux_task5.loss_bbox: 0.3129, loss: 15.4315, grad_norm: 72.2195
2025-06-22 09:56:32,351 - mmdet - INFO - Epoch [1][12900/30895]	lr: 1.325e-05, eta: 28 days, 10:04:01, time: 1.863, data_time: 0.514, memory: 18672, loss_cls: 0.5491, loss_bbox: 0.9029, d0.loss_cls: 0.5723, d0.loss_bbox: 1.0585, d1.loss_cls: 0.5527, d1.loss_bbox: 0.9489, d2.loss_cls: 0.5466, d2.loss_bbox: 0.9275, d3.loss_cls: 0.5461, d3.loss_bbox: 0.9150, d4.loss_cls: 0.5474, d4.loss_bbox: 0.9066, aux_task0.loss_heatmap: 0.6605, aux_task0.loss_bbox: 0.3055, aux_task1.loss_heatmap: 0.9160, aux_task1.loss_bbox: 0.3445, aux_task2.loss_heatmap: 0.9804, aux_task2.loss_bbox: 0.3662, aux_task3.loss_heatmap: 0.6609, aux_task3.loss_bbox: 0.3033, aux_task4.loss_heatmap: 0.5702, aux_task4.loss_bbox: 0.3124, aux_task5.loss_heatmap: 0.5443, aux_task5.loss_bbox: 0.3105, loss: 15.2482, grad_norm: 70.5209
2025-06-22 09:58:21,240 - mmdet - INFO - Epoch [1][12950/30895]	lr: 1.326e-05, eta: 28 days, 8:47:25, time: 2.178, data_time: 0.815, memory: 18672, loss_cls: 0.5448, loss_bbox: 0.9012, d0.loss_cls: 0.5730, d0.loss_bbox: 1.0560, d1.loss_cls: 0.5514, d1.loss_bbox: 0.9510, d2.loss_cls: 0.5476, d2.loss_bbox: 0.9258, d3.loss_cls: 0.5482, d3.loss_bbox: 0.9119, d4.loss_cls: 0.5457, d4.loss_bbox: 0.9058, aux_task0.loss_heatmap: 0.6635, aux_task0.loss_bbox: 0.3017, aux_task1.loss_heatmap: 0.9344, aux_task1.loss_bbox: 0.3471, aux_task2.loss_heatmap: 0.9815, aux_task2.loss_bbox: 0.3674, aux_task3.loss_heatmap: 0.6835, aux_task3.loss_bbox: 0.2975, aux_task4.loss_heatmap: 0.5839, aux_task4.loss_bbox: 0.3145, aux_task5.loss_heatmap: 0.5513, aux_task5.loss_bbox: 0.3074, loss: 15.2961, grad_norm: 70.9893
2025-06-22 10:04:49,591 - mmdet - INFO - Exp name: lidar_0075v_900q_split1_2x2_hednetmiddleencoder_hednetbackbone4_dss0511_dp03_hugeep2_num2_conv_xy_rope.py
2025-06-22 10:04:49,591 - mmdet - INFO - Epoch [1][13000/30895]	lr: 1.327e-05, eta: 28 days, 11:08:07, time: 7.767, data_time: 6.411, memory: 18672, loss_cls: 0.5497, loss_bbox: 0.8887, d0.loss_cls: 0.5717, d0.loss_bbox: 1.0438, d1.loss_cls: 0.5529, d1.loss_bbox: 0.9368, d2.loss_cls: 0.5480, d2.loss_bbox: 0.9132, d3.loss_cls: 0.5485, d3.loss_bbox: 0.9003, d4.loss_cls: 0.5486, d4.loss_bbox: 0.8935, aux_task0.loss_heatmap: 0.6755, aux_task0.loss_bbox: 0.3017, aux_task1.loss_heatmap: 0.9116, aux_task1.loss_bbox: 0.3496, aux_task2.loss_heatmap: 0.9615, aux_task2.loss_bbox: 0.3719, aux_task3.loss_heatmap: 0.6913, aux_task3.loss_bbox: 0.2966, aux_task4.loss_heatmap: 0.5457, aux_task4.loss_bbox: 0.3097, aux_task5.loss_heatmap: 0.5494, aux_task5.loss_bbox: 0.3071, loss: 15.1675, grad_norm: 73.2888
2025-06-22 10:10:58,337 - mmdet - INFO - Epoch [1][13050/30895]	lr: 1.327e-05, eta: 28 days, 13:12:33, time: 7.375, data_time: 6.034, memory: 18672, loss_cls: 0.5475, loss_bbox: 0.8819, d0.loss_cls: 0.5766, d0.loss_bbox: 1.0325, d1.loss_cls: 0.5561, d1.loss_bbox: 0.9268, d2.loss_cls: 0.5486, d2.loss_bbox: 0.9060, d3.loss_cls: 0.5492, d3.loss_bbox: 0.8924, d4.loss_cls: 0.5484, d4.loss_bbox: 0.8858, aux_task0.loss_heatmap: 0.6899, aux_task0.loss_bbox: 0.2975, aux_task1.loss_heatmap: 0.9078, aux_task1.loss_bbox: 0.3448, aux_task2.loss_heatmap: 0.9543, aux_task2.loss_bbox: 0.3680, aux_task3.loss_heatmap: 0.7161, aux_task3.loss_bbox: 0.2949, aux_task4.loss_heatmap: 0.5646, aux_task4.loss_bbox: 0.3127, aux_task5.loss_heatmap: 0.5438, aux_task5.loss_bbox: 0.3064, loss: 15.1526, grad_norm: 82.2095
2025-06-22 10:16:21,126 - mmdet - INFO - Epoch [1][13100/30895]	lr: 1.328e-05, eta: 28 days, 14:40:37, time: 6.456, data_time: 5.127, memory: 18672, loss_cls: 0.5407, loss_bbox: 0.8880, d0.loss_cls: 0.5704, d0.loss_bbox: 1.0444, d1.loss_cls: 0.5476, d1.loss_bbox: 0.9361, d2.loss_cls: 0.5416, d2.loss_bbox: 0.9131, d3.loss_cls: 0.5414, d3.loss_bbox: 0.8990, d4.loss_cls: 0.5404, d4.loss_bbox: 0.8923, aux_task0.loss_heatmap: 0.6551, aux_task0.loss_bbox: 0.2983, aux_task1.loss_heatmap: 0.8924, aux_task1.loss_bbox: 0.3467, aux_task2.loss_heatmap: 0.9737, aux_task2.loss_bbox: 0.3745, aux_task3.loss_heatmap: 0.6858, aux_task3.loss_bbox: 0.2942, aux_task4.loss_heatmap: 0.5654, aux_task4.loss_bbox: 0.3132, aux_task5.loss_heatmap: 0.5603, aux_task5.loss_bbox: 0.3057, loss: 15.1204, grad_norm: 72.3658
2025-06-22 10:20:14,019 - mmdet - INFO - Epoch [1][13150/30895]	lr: 1.328e-05, eta: 28 days, 14:59:05, time: 4.658, data_time: 3.306, memory: 18672, loss_cls: 0.5370, loss_bbox: 0.9013, d0.loss_cls: 0.5666, d0.loss_bbox: 1.0459, d1.loss_cls: 0.5427, d1.loss_bbox: 0.9443, d2.loss_cls: 0.5359, d2.loss_bbox: 0.9233, d3.loss_cls: 0.5365, d3.loss_bbox: 0.9106, d4.loss_cls: 0.5366, d4.loss_bbox: 0.9036, aux_task0.loss_heatmap: 0.6467, aux_task0.loss_bbox: 0.2947, aux_task1.loss_heatmap: 0.9352, aux_task1.loss_bbox: 0.3468, aux_task2.loss_heatmap: 0.9576, aux_task2.loss_bbox: 0.3681, aux_task3.loss_heatmap: 0.7354, aux_task3.loss_bbox: 0.3100, aux_task4.loss_heatmap: 0.5725, aux_task4.loss_bbox: 0.3158, aux_task5.loss_heatmap: 0.5296, aux_task5.loss_bbox: 0.3056, loss: 15.2023, grad_norm: 72.3393
2025-06-22 10:26:07,363 - mmdet - INFO - Epoch [1][13200/30895]	lr: 1.329e-05, eta: 28 days, 16:49:20, time: 7.067, data_time: 5.689, memory: 18672, loss_cls: 0.5399, loss_bbox: 0.8927, d0.loss_cls: 0.5643, d0.loss_bbox: 1.0465, d1.loss_cls: 0.5464, d1.loss_bbox: 0.9372, d2.loss_cls: 0.5406, d2.loss_bbox: 0.9142, d3.loss_cls: 0.5412, d3.loss_bbox: 0.9021, d4.loss_cls: 0.5404, d4.loss_bbox: 0.8952, aux_task0.loss_heatmap: 0.6756, aux_task0.loss_bbox: 0.2976, aux_task1.loss_heatmap: 0.8865, aux_task1.loss_bbox: 0.3452, aux_task2.loss_heatmap: 0.9778, aux_task2.loss_bbox: 0.3692, aux_task3.loss_heatmap: 0.6659, aux_task3.loss_bbox: 0.3031, aux_task4.loss_heatmap: 0.5487, aux_task4.loss_bbox: 0.3073, aux_task5.loss_heatmap: 0.5598, aux_task5.loss_bbox: 0.3091, loss: 15.1066, grad_norm: 72.8710
2025-06-22 10:34:11,180 - mmdet - INFO - Epoch [1][13250/30895]	lr: 1.330e-05, eta: 28 days, 20:17:56, time: 9.676, data_time: 8.291, memory: 18672, loss_cls: 0.5479, loss_bbox: 0.8926, d0.loss_cls: 0.5793, d0.loss_bbox: 1.0432, d1.loss_cls: 0.5590, d1.loss_bbox: 0.9367, d2.loss_cls: 0.5505, d2.loss_bbox: 0.9157, d3.loss_cls: 0.5478, d3.loss_bbox: 0.9026, d4.loss_cls: 0.5471, d4.loss_bbox: 0.8967, aux_task0.loss_heatmap: 0.6504, aux_task0.loss_bbox: 0.2963, aux_task1.loss_heatmap: 0.9227, aux_task1.loss_bbox: 0.3491, aux_task2.loss_heatmap: 0.9451, aux_task2.loss_bbox: 0.3711, aux_task3.loss_heatmap: 0.7901, aux_task3.loss_bbox: 0.3040, aux_task4.loss_heatmap: 0.5594, aux_task4.loss_bbox: 0.3110, aux_task5.loss_heatmap: 0.5778, aux_task5.loss_bbox: 0.3043, loss: 15.3005, grad_norm: 75.0726
2025-06-22 10:36:09,852 - mmdet - INFO - Epoch [1][13300/30895]	lr: 1.330e-05, eta: 28 days, 19:08:16, time: 2.373, data_time: 0.965, memory: 18672, loss_cls: 0.5487, loss_bbox: 0.8933, d0.loss_cls: 0.5734, d0.loss_bbox: 1.0470, d1.loss_cls: 0.5538, d1.loss_bbox: 0.9385, d2.loss_cls: 0.5479, d2.loss_bbox: 0.9162, d3.loss_cls: 0.5470, d3.loss_bbox: 0.9032, d4.loss_cls: 0.5479, d4.loss_bbox: 0.8975, aux_task0.loss_heatmap: 0.6678, aux_task0.loss_bbox: 0.3028, aux_task1.loss_heatmap: 0.9067, aux_task1.loss_bbox: 0.3466, aux_task2.loss_heatmap: 0.9419, aux_task2.loss_bbox: 0.3665, aux_task3.loss_heatmap: 0.6865, aux_task3.loss_bbox: 0.2939, aux_task4.loss_heatmap: 0.5707, aux_task4.loss_bbox: 0.3141, aux_task5.loss_heatmap: 0.5577, aux_task5.loss_bbox: 0.3066, loss: 15.1761, grad_norm: 74.4713
2025-06-22 10:37:44,943 - mmdet - INFO - Epoch [1][13350/30895]	lr: 1.331e-05, eta: 28 days, 17:41:19, time: 1.902, data_time: 0.237, memory: 18781, loss_cls: 0.5387, loss_bbox: 0.8910, d0.loss_cls: 0.5664, d0.loss_bbox: 1.0425, d1.loss_cls: 0.5470, d1.loss_bbox: 0.9353, d2.loss_cls: 0.5401, d2.loss_bbox: 0.9131, d3.loss_cls: 0.5404, d3.loss_bbox: 0.8994, d4.loss_cls: 0.5398, d4.loss_bbox: 0.8930, aux_task0.loss_heatmap: 0.6890, aux_task0.loss_bbox: 0.3030, aux_task1.loss_heatmap: 0.9024, aux_task1.loss_bbox: 0.3465, aux_task2.loss_heatmap: 0.9045, aux_task2.loss_bbox: 0.3599, aux_task3.loss_heatmap: 0.7319, aux_task3.loss_bbox: 0.2990, aux_task4.loss_heatmap: 0.5819, aux_task4.loss_bbox: 0.3155, aux_task5.loss_heatmap: 0.5714, aux_task5.loss_bbox: 0.3044, loss: 15.1559, grad_norm: 75.0145
2025-06-22 10:39:53,912 - mmdet - INFO - Epoch [1][13400/30895]	lr: 1.331e-05, eta: 28 days, 16:40:28, time: 2.579, data_time: 1.229, memory: 18781, loss_cls: 0.5420, loss_bbox: 0.8828, d0.loss_cls: 0.5661, d0.loss_bbox: 1.0361, d1.loss_cls: 0.5467, d1.loss_bbox: 0.9310, d2.loss_cls: 0.5416, d2.loss_bbox: 0.9084, d3.loss_cls: 0.5404, d3.loss_bbox: 0.8955, d4.loss_cls: 0.5411, d4.loss_bbox: 0.8871, aux_task0.loss_heatmap: 0.6474, aux_task0.loss_bbox: 0.2945, aux_task1.loss_heatmap: 0.9051, aux_task1.loss_bbox: 0.3424, aux_task2.loss_heatmap: 0.9226, aux_task2.loss_bbox: 0.3610, aux_task3.loss_heatmap: 0.6991, aux_task3.loss_bbox: 0.2991, aux_task4.loss_heatmap: 0.5656, aux_task4.loss_bbox: 0.3095, aux_task5.loss_heatmap: 0.5439, aux_task5.loss_bbox: 0.3075, loss: 15.0165, grad_norm: 74.6871
2025-06-22 10:43:15,295 - mmdet - INFO - Epoch [1][13450/30895]	lr: 1.332e-05, eta: 28 days, 16:34:17, time: 4.028, data_time: 2.677, memory: 18781, loss_cls: 0.5495, loss_bbox: 0.8827, d0.loss_cls: 0.5752, d0.loss_bbox: 1.0342, d1.loss_cls: 0.5549, d1.loss_bbox: 0.9320, d2.loss_cls: 0.5513, d2.loss_bbox: 0.9073, d3.loss_cls: 0.5482, d3.loss_bbox: 0.8950, d4.loss_cls: 0.5485, d4.loss_bbox: 0.8876, aux_task0.loss_heatmap: 0.6536, aux_task0.loss_bbox: 0.2950, aux_task1.loss_heatmap: 0.9034, aux_task1.loss_bbox: 0.3478, aux_task2.loss_heatmap: 0.9665, aux_task2.loss_bbox: 0.3653, aux_task3.loss_heatmap: 0.7338, aux_task3.loss_bbox: 0.2946, aux_task4.loss_heatmap: 0.5717, aux_task4.loss_bbox: 0.3141, aux_task5.loss_heatmap: 0.5626, aux_task5.loss_bbox: 0.3063, loss: 15.1809, grad_norm: 72.0925
2025-06-22 10:47:35,761 - mmdet - INFO - Epoch [1][13500/30895]	lr: 1.333e-05, eta: 28 days, 17:12:13, time: 5.209, data_time: 2.997, memory: 18781, loss_cls: 0.5436, loss_bbox: 0.8960, d0.loss_cls: 0.5714, d0.loss_bbox: 1.0438, d1.loss_cls: 0.5466, d1.loss_bbox: 0.9407, d2.loss_cls: 0.5430, d2.loss_bbox: 0.9180, d3.loss_cls: 0.5408, d3.loss_bbox: 0.9065, d4.loss_cls: 0.5415, d4.loss_bbox: 0.8999, aux_task0.loss_heatmap: 0.7077, aux_task0.loss_bbox: 0.3020, aux_task1.loss_heatmap: 0.8776, aux_task1.loss_bbox: 0.3444, aux_task2.loss_heatmap: 0.9975, aux_task2.loss_bbox: 0.3745, aux_task3.loss_heatmap: 0.7398, aux_task3.loss_bbox: 0.3040, aux_task4.loss_heatmap: 0.5662, aux_task4.loss_bbox: 0.3141, aux_task5.loss_heatmap: 0.5316, aux_task5.loss_bbox: 0.3088, loss: 15.2603, grad_norm: 75.3048
2025-06-22 10:49:56,617 - mmdet - INFO - Epoch [1][13550/30895]	lr: 1.333e-05, eta: 28 days, 16:20:55, time: 2.817, data_time: 1.456, memory: 18781, loss_cls: 0.5445, loss_bbox: 0.8944, d0.loss_cls: 0.5716, d0.loss_bbox: 1.0507, d1.loss_cls: 0.5502, d1.loss_bbox: 0.9459, d2.loss_cls: 0.5439, d2.loss_bbox: 0.9208, d3.loss_cls: 0.5439, d3.loss_bbox: 0.9060, d4.loss_cls: 0.5439, d4.loss_bbox: 0.8992, aux_task0.loss_heatmap: 0.6929, aux_task0.loss_bbox: 0.3053, aux_task1.loss_heatmap: 0.8997, aux_task1.loss_bbox: 0.3480, aux_task2.loss_heatmap: 0.9794, aux_task2.loss_bbox: 0.3732, aux_task3.loss_heatmap: 0.6812, aux_task3.loss_bbox: 0.3038, aux_task4.loss_heatmap: 0.5718, aux_task4.loss_bbox: 0.3151, aux_task5.loss_heatmap: 0.5298, aux_task5.loss_bbox: 0.3066, loss: 15.2216, grad_norm: 69.9236
2025-06-22 10:52:03,082 - mmdet - INFO - Epoch [1][13600/30895]	lr: 1.334e-05, eta: 28 days, 15:19:20, time: 2.529, data_time: 1.174, memory: 18781, loss_cls: 0.5440, loss_bbox: 0.8879, d0.loss_cls: 0.5713, d0.loss_bbox: 1.0395, d1.loss_cls: 0.5508, d1.loss_bbox: 0.9307, d2.loss_cls: 0.5436, d2.loss_bbox: 0.9101, d3.loss_cls: 0.5449, d3.loss_bbox: 0.8977, d4.loss_cls: 0.5433, d4.loss_bbox: 0.8923, aux_task0.loss_heatmap: 0.6645, aux_task0.loss_bbox: 0.3048, aux_task1.loss_heatmap: 0.9057, aux_task1.loss_bbox: 0.3416, aux_task2.loss_heatmap: 0.9454, aux_task2.loss_bbox: 0.3715, aux_task3.loss_heatmap: 0.6952, aux_task3.loss_bbox: 0.2990, aux_task4.loss_heatmap: 0.5721, aux_task4.loss_bbox: 0.3119, aux_task5.loss_heatmap: 0.5667, aux_task5.loss_bbox: 0.3098, loss: 15.1444, grad_norm: 73.4872
2025-06-22 10:54:49,169 - mmdet - INFO - Epoch [1][13650/30895]	lr: 1.334e-05, eta: 28 days, 14:47:25, time: 3.322, data_time: 1.959, memory: 18781, loss_cls: 0.5451, loss_bbox: 0.8983, d0.loss_cls: 0.5733, d0.loss_bbox: 1.0476, d1.loss_cls: 0.5514, d1.loss_bbox: 0.9433, d2.loss_cls: 0.5442, d2.loss_bbox: 0.9211, d3.loss_cls: 0.5462, d3.loss_bbox: 0.9081, d4.loss_cls: 0.5450, d4.loss_bbox: 0.9015, aux_task0.loss_heatmap: 0.6813, aux_task0.loss_bbox: 0.3061, aux_task1.loss_heatmap: 0.9085, aux_task1.loss_bbox: 0.3496, aux_task2.loss_heatmap: 0.9628, aux_task2.loss_bbox: 0.3650, aux_task3.loss_heatmap: 0.6778, aux_task3.loss_bbox: 0.3040, aux_task4.loss_heatmap: 0.5466, aux_task4.loss_bbox: 0.3145, aux_task5.loss_heatmap: 0.5292, aux_task5.loss_bbox: 0.3057, loss: 15.1763, grad_norm: 77.0798
2025-06-22 10:59:51,396 - mmdet - INFO - Epoch [1][13700/30895]	lr: 1.335e-05, eta: 28 days, 15:55:46, time: 6.045, data_time: 4.668, memory: 18781, loss_cls: 0.5311, loss_bbox: 0.8798, d0.loss_cls: 0.5591, d0.loss_bbox: 1.0311, d1.loss_cls: 0.5384, d1.loss_bbox: 0.9249, d2.loss_cls: 0.5339, d2.loss_bbox: 0.9028, d3.loss_cls: 0.5316, d3.loss_bbox: 0.8910, d4.loss_cls: 0.5316, d4.loss_bbox: 0.8844, aux_task0.loss_heatmap: 0.6317, aux_task0.loss_bbox: 0.2916, aux_task1.loss_heatmap: 0.8989, aux_task1.loss_bbox: 0.3431, aux_task2.loss_heatmap: 0.9895, aux_task2.loss_bbox: 0.3664, aux_task3.loss_heatmap: 0.7029, aux_task3.loss_bbox: 0.3055, aux_task4.loss_heatmap: 0.5753, aux_task4.loss_bbox: 0.3172, aux_task5.loss_heatmap: 0.5636, aux_task5.loss_bbox: 0.3091, loss: 15.0345, grad_norm: 74.4876
2025-06-22 11:07:01,253 - mmdet - INFO - Epoch [1][13750/30895]	lr: 1.336e-05, eta: 28 days, 18:37:03, time: 8.597, data_time: 7.277, memory: 18781, loss_cls: 0.5429, loss_bbox: 0.8965, d0.loss_cls: 0.5679, d0.loss_bbox: 1.0534, d1.loss_cls: 0.5494, d1.loss_bbox: 0.9435, d2.loss_cls: 0.5441, d2.loss_bbox: 0.9205, d3.loss_cls: 0.5420, d3.loss_bbox: 0.9089, d4.loss_cls: 0.5423, d4.loss_bbox: 0.9021, aux_task0.loss_heatmap: 0.6694, aux_task0.loss_bbox: 0.2936, aux_task1.loss_heatmap: 0.8961, aux_task1.loss_bbox: 0.3432, aux_task2.loss_heatmap: 0.9277, aux_task2.loss_bbox: 0.3694, aux_task3.loss_heatmap: 0.6877, aux_task3.loss_bbox: 0.3041, aux_task4.loss_heatmap: 0.5620, aux_task4.loss_bbox: 0.3124, aux_task5.loss_heatmap: 0.5344, aux_task5.loss_bbox: 0.3070, loss: 15.1206, grad_norm: 72.2244
2025-06-22 11:14:28,348 - mmdet - INFO - Epoch [1][13800/30895]	lr: 1.336e-05, eta: 28 days, 21:29:42, time: 8.942, data_time: 7.596, memory: 18781, loss_cls: 0.5396, loss_bbox: 0.8818, d0.loss_cls: 0.5671, d0.loss_bbox: 1.0321, d1.loss_cls: 0.5469, d1.loss_bbox: 0.9253, d2.loss_cls: 0.5426, d2.loss_bbox: 0.9026, d3.loss_cls: 0.5396, d3.loss_bbox: 0.8926, d4.loss_cls: 0.5389, d4.loss_bbox: 0.8861, aux_task0.loss_heatmap: 0.6378, aux_task0.loss_bbox: 0.2908, aux_task1.loss_heatmap: 0.9297, aux_task1.loss_bbox: 0.3465, aux_task2.loss_heatmap: 0.9285, aux_task2.loss_bbox: 0.3730, aux_task3.loss_heatmap: 0.6969, aux_task3.loss_bbox: 0.3032, aux_task4.loss_heatmap: 0.5600, aux_task4.loss_bbox: 0.3074, aux_task5.loss_heatmap: 0.5654, aux_task5.loss_bbox: 0.3113, loss: 15.0458, grad_norm: 72.8628
2025-06-22 11:17:44,609 - mmdet - INFO - Epoch [1][13850/30895]	lr: 1.337e-05, eta: 28 days, 21:18:43, time: 3.925, data_time: 2.563, memory: 18781, loss_cls: 0.5451, loss_bbox: 0.8849, d0.loss_cls: 0.5687, d0.loss_bbox: 1.0354, d1.loss_cls: 0.5482, d1.loss_bbox: 0.9305, d2.loss_cls: 0.5436, d2.loss_bbox: 0.9069, d3.loss_cls: 0.5427, d3.loss_bbox: 0.8961, d4.loss_cls: 0.5438, d4.loss_bbox: 0.8893, aux_task0.loss_heatmap: 0.6887, aux_task0.loss_bbox: 0.2952, aux_task1.loss_heatmap: 0.8814, aux_task1.loss_bbox: 0.3428, aux_task2.loss_heatmap: 0.9418, aux_task2.loss_bbox: 0.3618, aux_task3.loss_heatmap: 0.7178, aux_task3.loss_bbox: 0.2958, aux_task4.loss_heatmap: 0.5697, aux_task4.loss_bbox: 0.3130, aux_task5.loss_heatmap: 0.5302, aux_task5.loss_bbox: 0.3070, loss: 15.0802, grad_norm: 74.9908
2025-06-22 11:30:09,074 - mmdet - INFO - Epoch [1][13900/30895]	lr: 1.338e-05, eta: 29 days, 3:44:48, time: 14.889, data_time: 13.564, memory: 18781, loss_cls: 0.5360, loss_bbox: 0.8795, d0.loss_cls: 0.5610, d0.loss_bbox: 1.0339, d1.loss_cls: 0.5411, d1.loss_bbox: 0.9272, d2.loss_cls: 0.5334, d2.loss_bbox: 0.9045, d3.loss_cls: 0.5335, d3.loss_bbox: 0.8908, d4.loss_cls: 0.5367, d4.loss_bbox: 0.8830, aux_task0.loss_heatmap: 0.6679, aux_task0.loss_bbox: 0.2883, aux_task1.loss_heatmap: 0.8793, aux_task1.loss_bbox: 0.3405, aux_task2.loss_heatmap: 0.9796, aux_task2.loss_bbox: 0.3644, aux_task3.loss_heatmap: 0.6737, aux_task3.loss_bbox: 0.2986, aux_task4.loss_heatmap: 0.5647, aux_task4.loss_bbox: 0.3134, aux_task5.loss_heatmap: 0.5583, aux_task5.loss_bbox: 0.3081, loss: 14.9974, grad_norm: 71.2244
2025-06-22 11:32:26,149 - mmdet - INFO - Epoch [1][13950/30895]	lr: 1.338e-05, eta: 29 days, 2:49:46, time: 2.741, data_time: 1.423, memory: 18781, loss_cls: 0.5586, loss_bbox: 0.8910, d0.loss_cls: 0.5867, d0.loss_bbox: 1.0400, d1.loss_cls: 0.5652, d1.loss_bbox: 0.9363, d2.loss_cls: 0.5604, d2.loss_bbox: 0.9136, d3.loss_cls: 0.5579, d3.loss_bbox: 0.9010, d4.loss_cls: 0.5577, d4.loss_bbox: 0.8940, aux_task0.loss_heatmap: 0.6935, aux_task0.loss_bbox: 0.2952, aux_task1.loss_heatmap: 0.9022, aux_task1.loss_bbox: 0.3433, aux_task2.loss_heatmap: 0.9606, aux_task2.loss_bbox: 0.3740, aux_task3.loss_heatmap: 0.7010, aux_task3.loss_bbox: 0.2962, aux_task4.loss_heatmap: 0.5548, aux_task4.loss_bbox: 0.3069, aux_task5.loss_heatmap: 0.5881, aux_task5.loss_bbox: 0.3125, loss: 15.2908, grad_norm: 76.2090
2025-06-22 11:33:43,008 - mmdet - INFO - Exp name: lidar_0075v_900q_split1_2x2_hednetmiddleencoder_hednetbackbone4_dss0511_dp03_hugeep2_num2_conv_xy_rope.py
2025-06-22 11:33:43,008 - mmdet - INFO - Epoch [1][14000/30895]	lr: 1.339e-05, eta: 29 days, 1:11:49, time: 1.537, data_time: 0.191, memory: 18781, loss_cls: 0.5418, loss_bbox: 0.8907, d0.loss_cls: 0.5694, d0.loss_bbox: 1.0458, d1.loss_cls: 0.5497, d1.loss_bbox: 0.9361, d2.loss_cls: 0.5437, d2.loss_bbox: 0.9136, d3.loss_cls: 0.5429, d3.loss_bbox: 0.9009, d4.loss_cls: 0.5419, d4.loss_bbox: 0.8942, aux_task0.loss_heatmap: 0.6582, aux_task0.loss_bbox: 0.2991, aux_task1.loss_heatmap: 0.9055, aux_task1.loss_bbox: 0.3408, aux_task2.loss_heatmap: 0.9798, aux_task2.loss_bbox: 0.3675, aux_task3.loss_heatmap: 0.7442, aux_task3.loss_bbox: 0.2980, aux_task4.loss_heatmap: 0.5559, aux_task4.loss_bbox: 0.3091, aux_task5.loss_heatmap: 0.5633, aux_task5.loss_bbox: 0.3041, loss: 15.1963, grad_norm: 73.5937
2025-06-22 11:37:52,217 - mmdet - INFO - Epoch [1][14050/30895]	lr: 1.339e-05, eta: 29 days, 1:38:00, time: 4.984, data_time: 3.649, memory: 18781, loss_cls: 0.5332, loss_bbox: 0.8870, d0.loss_cls: 0.5580, d0.loss_bbox: 1.0394, d1.loss_cls: 0.5371, d1.loss_bbox: 0.9345, d2.loss_cls: 0.5340, d2.loss_bbox: 0.9112, d3.loss_cls: 0.5326, d3.loss_bbox: 0.8993, d4.loss_cls: 0.5309, d4.loss_bbox: 0.8932, aux_task0.loss_heatmap: 0.6670, aux_task0.loss_bbox: 0.3010, aux_task1.loss_heatmap: 0.8937, aux_task1.loss_bbox: 0.3444, aux_task2.loss_heatmap: 0.9631, aux_task2.loss_bbox: 0.3709, aux_task3.loss_heatmap: 0.7070, aux_task3.loss_bbox: 0.2975, aux_task4.loss_heatmap: 0.5502, aux_task4.loss_bbox: 0.3105, aux_task5.loss_heatmap: 0.5282, aux_task5.loss_bbox: 0.3049, loss: 15.0288, grad_norm: 70.8328
2025-06-22 11:43:06,330 - mmdet - INFO - Epoch [1][14100/30895]	lr: 1.340e-05, eta: 29 days, 2:50:18, time: 6.282, data_time: 4.907, memory: 18781, loss_cls: 0.5502, loss_bbox: 0.8882, d0.loss_cls: 0.5743, d0.loss_bbox: 1.0362, d1.loss_cls: 0.5557, d1.loss_bbox: 0.9317, d2.loss_cls: 0.5472, d2.loss_bbox: 0.9109, d3.loss_cls: 0.5469, d3.loss_bbox: 0.8997, d4.loss_cls: 0.5472, d4.loss_bbox: 0.8932, aux_task0.loss_heatmap: 0.6464, aux_task0.loss_bbox: 0.2911, aux_task1.loss_heatmap: 0.9048, aux_task1.loss_bbox: 0.3459, aux_task2.loss_heatmap: 0.9636, aux_task2.loss_bbox: 0.3664, aux_task3.loss_heatmap: 0.7457, aux_task3.loss_bbox: 0.3004, aux_task4.loss_heatmap: 0.5722, aux_task4.loss_bbox: 0.3110, aux_task5.loss_heatmap: 0.5473, aux_task5.loss_bbox: 0.3087, loss: 15.1849, grad_norm: 72.8885
2025-06-22 11:46:06,664 - mmdet - INFO - Epoch [1][14150/30895]	lr: 1.341e-05, eta: 29 days, 2:26:55, time: 3.607, data_time: 2.276, memory: 18781, loss_cls: 0.5496, loss_bbox: 0.8800, d0.loss_cls: 0.5739, d0.loss_bbox: 1.0326, d1.loss_cls: 0.5564, d1.loss_bbox: 0.9259, d2.loss_cls: 0.5512, d2.loss_bbox: 0.9048, d3.loss_cls: 0.5497, d3.loss_bbox: 0.8921, d4.loss_cls: 0.5503, d4.loss_bbox: 0.8848, aux_task0.loss_heatmap: 0.6665, aux_task0.loss_bbox: 0.2996, aux_task1.loss_heatmap: 0.8906, aux_task1.loss_bbox: 0.3393, aux_task2.loss_heatmap: 0.9534, aux_task2.loss_bbox: 0.3641, aux_task3.loss_heatmap: 0.7376, aux_task3.loss_bbox: 0.3001, aux_task4.loss_heatmap: 0.5616, aux_task4.loss_bbox: 0.3121, aux_task5.loss_heatmap: 0.5873, aux_task5.loss_bbox: 0.3074, loss: 15.1708, grad_norm: 74.5959
2025-06-22 11:48:13,179 - mmdet - INFO - Epoch [1][14200/30895]	lr: 1.341e-05, eta: 29 days, 1:25:33, time: 2.530, data_time: 1.172, memory: 18781, loss_cls: 0.5364, loss_bbox: 0.8799, d0.loss_cls: 0.5637, d0.loss_bbox: 1.0292, d1.loss_cls: 0.5435, d1.loss_bbox: 0.9240, d2.loss_cls: 0.5388, d2.loss_bbox: 0.9012, d3.loss_cls: 0.5372, d3.loss_bbox: 0.8902, d4.loss_cls: 0.5376, d4.loss_bbox: 0.8839, aux_task0.loss_heatmap: 0.6466, aux_task0.loss_bbox: 0.2919, aux_task1.loss_heatmap: 0.9149, aux_task1.loss_bbox: 0.3429, aux_task2.loss_heatmap: 0.9274, aux_task2.loss_bbox: 0.3722, aux_task3.loss_heatmap: 0.7279, aux_task3.loss_bbox: 0.3046, aux_task4.loss_heatmap: 0.5658, aux_task4.loss_bbox: 0.3108, aux_task5.loss_heatmap: 0.5478, aux_task5.loss_bbox: 0.3036, loss: 15.0221, grad_norm: 75.3336
2025-06-22 11:50:54,415 - mmdet - INFO - Epoch [1][14250/30895]	lr: 1.342e-05, eta: 29 days, 0:49:06, time: 3.225, data_time: 1.837, memory: 18781, loss_cls: 0.5412, loss_bbox: 0.9026, d0.loss_cls: 0.5667, d0.loss_bbox: 1.0492, d1.loss_cls: 0.5465, d1.loss_bbox: 0.9470, d2.loss_cls: 0.5419, d2.loss_bbox: 0.9252, d3.loss_cls: 0.5426, d3.loss_bbox: 0.9124, d4.loss_cls: 0.5403, d4.loss_bbox: 0.9075, aux_task0.loss_heatmap: 0.6794, aux_task0.loss_bbox: 0.2966, aux_task1.loss_heatmap: 0.8783, aux_task1.loss_bbox: 0.3394, aux_task2.loss_heatmap: 0.9515, aux_task2.loss_bbox: 0.3742, aux_task3.loss_heatmap: 0.6837, aux_task3.loss_bbox: 0.3041, aux_task4.loss_heatmap: 0.5851, aux_task4.loss_bbox: 0.3162, aux_task5.loss_heatmap: 0.5802, aux_task5.loss_bbox: 0.3085, loss: 15.2203, grad_norm: 73.1149
2025-06-22 12:00:13,923 - mmdet - INFO - Epoch [1][14300/30895]	lr: 1.343e-05, eta: 29 days, 4:53:05, time: 11.190, data_time: 9.855, memory: 18781, loss_cls: 0.5361, loss_bbox: 0.8869, d0.loss_cls: 0.5666, d0.loss_bbox: 1.0344, d1.loss_cls: 0.5439, d1.loss_bbox: 0.9322, d2.loss_cls: 0.5380, d2.loss_bbox: 0.9095, d3.loss_cls: 0.5399, d3.loss_bbox: 0.8960, d4.loss_cls: 0.5373, d4.loss_bbox: 0.8903, aux_task0.loss_heatmap: 0.6722, aux_task0.loss_bbox: 0.3049, aux_task1.loss_heatmap: 0.8712, aux_task1.loss_bbox: 0.3425, aux_task2.loss_heatmap: 0.9282, aux_task2.loss_bbox: 0.3705, aux_task3.loss_heatmap: 0.7517, aux_task3.loss_bbox: 0.3043, aux_task4.loss_heatmap: 0.5482, aux_task4.loss_bbox: 0.3107, aux_task5.loss_heatmap: 0.5761, aux_task5.loss_bbox: 0.3103, loss: 15.1019, grad_norm: 71.7337
2025-06-22 12:08:12,941 - mmdet - INFO - Epoch [1][14350/30895]	lr: 1.343e-05, eta: 29 days, 7:58:52, time: 9.580, data_time: 8.234, memory: 18781, loss_cls: 0.5381, loss_bbox: 0.8831, d0.loss_cls: 0.5653, d0.loss_bbox: 1.0330, d1.loss_cls: 0.5465, d1.loss_bbox: 0.9258, d2.loss_cls: 0.5411, d2.loss_bbox: 0.9033, d3.loss_cls: 0.5403, d3.loss_bbox: 0.8913, d4.loss_cls: 0.5391, d4.loss_bbox: 0.8861, aux_task0.loss_heatmap: 0.6714, aux_task0.loss_bbox: 0.3002, aux_task1.loss_heatmap: 0.8930, aux_task1.loss_bbox: 0.3452, aux_task2.loss_heatmap: 0.9368, aux_task2.loss_bbox: 0.3758, aux_task3.loss_heatmap: 0.6969, aux_task3.loss_bbox: 0.3017, aux_task4.loss_heatmap: 0.5499, aux_task4.loss_bbox: 0.3119, aux_task5.loss_heatmap: 0.5648, aux_task5.loss_bbox: 0.3093, loss: 15.0498, grad_norm: 70.8956
2025-06-22 12:14:11,131 - mmdet - INFO - Epoch [1][14400/30895]	lr: 1.344e-05, eta: 29 days, 9:38:54, time: 7.164, data_time: 5.842, memory: 18781, loss_cls: 0.5320, loss_bbox: 0.8769, d0.loss_cls: 0.5595, d0.loss_bbox: 1.0206, d1.loss_cls: 0.5391, d1.loss_bbox: 0.9162, d2.loss_cls: 0.5321, d2.loss_bbox: 0.8964, d3.loss_cls: 0.5315, d3.loss_bbox: 0.8862, d4.loss_cls: 0.5311, d4.loss_bbox: 0.8806, aux_task0.loss_heatmap: 0.6662, aux_task0.loss_bbox: 0.2908, aux_task1.loss_heatmap: 0.8882, aux_task1.loss_bbox: 0.3366, aux_task2.loss_heatmap: 0.9473, aux_task2.loss_bbox: 0.3649, aux_task3.loss_heatmap: 0.6685, aux_task3.loss_bbox: 0.2962, aux_task4.loss_heatmap: 0.5586, aux_task4.loss_bbox: 0.3083, aux_task5.loss_heatmap: 0.5469, aux_task5.loss_bbox: 0.3040, loss: 14.8786, grad_norm: 71.8706
2025-06-22 12:22:14,413 - mmdet - INFO - Epoch [1][14450/30895]	lr: 1.345e-05, eta: 29 days, 12:45:17, time: 9.666, data_time: 8.336, memory: 18781, loss_cls: 0.5328, loss_bbox: 0.8752, d0.loss_cls: 0.5568, d0.loss_bbox: 1.0315, d1.loss_cls: 0.5393, d1.loss_bbox: 0.9219, d2.loss_cls: 0.5349, d2.loss_bbox: 0.8983, d3.loss_cls: 0.5327, d3.loss_bbox: 0.8857, d4.loss_cls: 0.5328, d4.loss_bbox: 0.8794, aux_task0.loss_heatmap: 0.6553, aux_task0.loss_bbox: 0.2923, aux_task1.loss_heatmap: 0.8760, aux_task1.loss_bbox: 0.3404, aux_task2.loss_heatmap: 0.9447, aux_task2.loss_bbox: 0.3670, aux_task3.loss_heatmap: 0.6915, aux_task3.loss_bbox: 0.2979, aux_task4.loss_heatmap: 0.5688, aux_task4.loss_bbox: 0.3107, aux_task5.loss_heatmap: 0.5365, aux_task5.loss_bbox: 0.3007, loss: 14.9031, grad_norm: 74.8797
2025-06-22 12:31:30,502 - mmdet - INFO - Epoch [1][14500/30895]	lr: 1.345e-05, eta: 29 days, 16:40:49, time: 11.122, data_time: 9.642, memory: 18781, loss_cls: 0.5377, loss_bbox: 0.8897, d0.loss_cls: 0.5621, d0.loss_bbox: 1.0387, d1.loss_cls: 0.5404, d1.loss_bbox: 0.9336, d2.loss_cls: 0.5358, d2.loss_bbox: 0.9112, d3.loss_cls: 0.5345, d3.loss_bbox: 0.8997, d4.loss_cls: 0.5360, d4.loss_bbox: 0.8930, aux_task0.loss_heatmap: 0.6534, aux_task0.loss_bbox: 0.2998, aux_task1.loss_heatmap: 0.8759, aux_task1.loss_bbox: 0.3423, aux_task2.loss_heatmap: 0.9539, aux_task2.loss_bbox: 0.3700, aux_task3.loss_heatmap: 0.6563, aux_task3.loss_bbox: 0.2894, aux_task4.loss_heatmap: 0.5703, aux_task4.loss_bbox: 0.3114, aux_task5.loss_heatmap: 0.5681, aux_task5.loss_bbox: 0.3073, loss: 15.0106, grad_norm: 71.4175
2025-06-22 12:33:10,439 - mmdet - INFO - Epoch [1][14550/30895]	lr: 1.346e-05, eta: 29 days, 15:19:25, time: 1.999, data_time: 0.642, memory: 18781, loss_cls: 0.5367, loss_bbox: 0.8810, d0.loss_cls: 0.5638, d0.loss_bbox: 1.0297, d1.loss_cls: 0.5436, d1.loss_bbox: 0.9242, d2.loss_cls: 0.5361, d2.loss_bbox: 0.9019, d3.loss_cls: 0.5376, d3.loss_bbox: 0.8899, d4.loss_cls: 0.5370, d4.loss_bbox: 0.8835, aux_task0.loss_heatmap: 0.6663, aux_task0.loss_bbox: 0.2919, aux_task1.loss_heatmap: 0.9206, aux_task1.loss_bbox: 0.3421, aux_task2.loss_heatmap: 0.9104, aux_task2.loss_bbox: 0.3568, aux_task3.loss_heatmap: 0.6866, aux_task3.loss_bbox: 0.3002, aux_task4.loss_heatmap: 0.5675, aux_task4.loss_bbox: 0.3086, aux_task5.loss_heatmap: 0.5589, aux_task5.loss_bbox: 0.3088, loss: 14.9838, grad_norm: 77.4422
2025-06-22 12:36:15,174 - mmdet - INFO - Epoch [1][14600/30895]	lr: 1.347e-05, eta: 29 days, 14:56:57, time: 3.695, data_time: 2.350, memory: 18781, loss_cls: 0.5223, loss_bbox: 0.8759, d0.loss_cls: 0.5489, d0.loss_bbox: 1.0167, d1.loss_cls: 0.5280, d1.loss_bbox: 0.9160, d2.loss_cls: 0.5235, d2.loss_bbox: 0.8942, d3.loss_cls: 0.5223, d3.loss_bbox: 0.8841, d4.loss_cls: 0.5229, d4.loss_bbox: 0.8781, aux_task0.loss_heatmap: 0.6599, aux_task0.loss_bbox: 0.2903, aux_task1.loss_heatmap: 0.8713, aux_task1.loss_bbox: 0.3409, aux_task2.loss_heatmap: 0.9578, aux_task2.loss_bbox: 0.3713, aux_task3.loss_heatmap: 0.7313, aux_task3.loss_bbox: 0.3002, aux_task4.loss_heatmap: 0.5438, aux_task4.loss_bbox: 0.3091, aux_task5.loss_heatmap: 0.5351, aux_task5.loss_bbox: 0.3029, loss: 14.8467, grad_norm: 69.9264
2025-06-22 12:39:24,740 - mmdet - INFO - Epoch [1][14650/30895]	lr: 1.347e-05, eta: 29 days, 14:37:56, time: 3.791, data_time: 2.418, memory: 18781, loss_cls: 0.5365, loss_bbox: 0.8670, d0.loss_cls: 0.5611, d0.loss_bbox: 1.0207, d1.loss_cls: 0.5433, d1.loss_bbox: 0.9144, d2.loss_cls: 0.5377, d2.loss_bbox: 0.8913, d3.loss_cls: 0.5375, d3.loss_bbox: 0.8769, d4.loss_cls: 0.5336, d4.loss_bbox: 0.8710, aux_task0.loss_heatmap: 0.6608, aux_task0.loss_bbox: 0.2973, aux_task1.loss_heatmap: 0.8584, aux_task1.loss_bbox: 0.3391, aux_task2.loss_heatmap: 0.9510, aux_task2.loss_bbox: 0.3578, aux_task3.loss_heatmap: 0.7686, aux_task3.loss_bbox: 0.3005, aux_task4.loss_heatmap: 0.5891, aux_task4.loss_bbox: 0.3117, aux_task5.loss_heatmap: 0.5164, aux_task5.loss_bbox: 0.2991, loss: 14.9408, grad_norm: 73.6020
2025-06-22 12:43:52,286 - mmdet - INFO - Epoch [1][14700/30895]	lr: 1.348e-05, eta: 29 days, 15:12:22, time: 5.351, data_time: 4.014, memory: 18781, loss_cls: 0.5256, loss_bbox: 0.8733, d0.loss_cls: 0.5510, d0.loss_bbox: 1.0240, d1.loss_cls: 0.5308, d1.loss_bbox: 0.9168, d2.loss_cls: 0.5246, d2.loss_bbox: 0.8951, d3.loss_cls: 0.5239, d3.loss_bbox: 0.8835, d4.loss_cls: 0.5235, d4.loss_bbox: 0.8765, aux_task0.loss_heatmap: 0.6558, aux_task0.loss_bbox: 0.2955, aux_task1.loss_heatmap: 0.8851, aux_task1.loss_bbox: 0.3460, aux_task2.loss_heatmap: 0.9921, aux_task2.loss_bbox: 0.3719, aux_task3.loss_heatmap: 0.6830, aux_task3.loss_bbox: 0.2946, aux_task4.loss_heatmap: 0.5398, aux_task4.loss_bbox: 0.3086, aux_task5.loss_heatmap: 0.5401, aux_task5.loss_bbox: 0.3035, loss: 14.8643, grad_norm: 69.2837
2025-06-22 12:47:44,359 - mmdet - INFO - Epoch [1][14750/30895]	lr: 1.349e-05, eta: 29 days, 15:22:21, time: 4.641, data_time: 3.283, memory: 18781, loss_cls: 0.5237, loss_bbox: 0.8735, d0.loss_cls: 0.5472, d0.loss_bbox: 1.0233, d1.loss_cls: 0.5285, d1.loss_bbox: 0.9156, d2.loss_cls: 0.5232, d2.loss_bbox: 0.8940, d3.loss_cls: 0.5241, d3.loss_bbox: 0.8827, d4.loss_cls: 0.5236, d4.loss_bbox: 0.8762, aux_task0.loss_heatmap: 0.6668, aux_task0.loss_bbox: 0.2938, aux_task1.loss_heatmap: 0.8754, aux_task1.loss_bbox: 0.3392, aux_task2.loss_heatmap: 0.9377, aux_task2.loss_bbox: 0.3589, aux_task3.loss_heatmap: 0.7211, aux_task3.loss_bbox: 0.3020, aux_task4.loss_heatmap: 0.5549, aux_task4.loss_bbox: 0.3084, aux_task5.loss_heatmap: 0.5102, aux_task5.loss_bbox: 0.2987, loss: 14.8028, grad_norm: 71.8770
2025-06-22 12:49:07,985 - mmdet - INFO - Epoch [1][14800/30895]	lr: 1.349e-05, eta: 29 days, 13:51:26, time: 1.673, data_time: 0.323, memory: 18781, loss_cls: 0.5282, loss_bbox: 0.8736, d0.loss_cls: 0.5549, d0.loss_bbox: 1.0253, d1.loss_cls: 0.5355, d1.loss_bbox: 0.9179, d2.loss_cls: 0.5301, d2.loss_bbox: 0.8963, d3.loss_cls: 0.5294, d3.loss_bbox: 0.8843, d4.loss_cls: 0.5291, d4.loss_bbox: 0.8774, aux_task0.loss_heatmap: 0.6830, aux_task0.loss_bbox: 0.2954, aux_task1.loss_heatmap: 0.9002, aux_task1.loss_bbox: 0.3489, aux_task2.loss_heatmap: 0.9444, aux_task2.loss_bbox: 0.3661, aux_task3.loss_heatmap: 0.7108, aux_task3.loss_bbox: 0.2988, aux_task4.loss_heatmap: 0.5608, aux_task4.loss_bbox: 0.3084, aux_task5.loss_heatmap: 0.5478, aux_task5.loss_bbox: 0.3015, loss: 14.9483, grad_norm: 71.9346
2025-06-22 12:50:17,335 - mmdet - INFO - Epoch [1][14850/30895]	lr: 1.350e-05, eta: 29 days, 12:11:26, time: 1.387, data_time: 0.036, memory: 18781, loss_cls: 0.5284, loss_bbox: 0.8669, d0.loss_cls: 0.5536, d0.loss_bbox: 1.0211, d1.loss_cls: 0.5348, d1.loss_bbox: 0.9136, d2.loss_cls: 0.5272, d2.loss_bbox: 0.8910, d3.loss_cls: 0.5265, d3.loss_bbox: 0.8785, d4.loss_cls: 0.5276, d4.loss_bbox: 0.8718, aux_task0.loss_heatmap: 0.6531, aux_task0.loss_bbox: 0.2934, aux_task1.loss_heatmap: 0.8985, aux_task1.loss_bbox: 0.3380, aux_task2.loss_heatmap: 0.9311, aux_task2.loss_bbox: 0.3674, aux_task3.loss_heatmap: 0.6957, aux_task3.loss_bbox: 0.3006, aux_task4.loss_heatmap: 0.5674, aux_task4.loss_bbox: 0.3070, aux_task5.loss_heatmap: 0.5262, aux_task5.loss_bbox: 0.3017, loss: 14.8211, grad_norm: 75.2771
2025-06-22 12:51:27,422 - mmdet - INFO - Epoch [1][14900/30895]	lr: 1.351e-05, eta: 29 days, 10:32:37, time: 1.402, data_time: 0.027, memory: 18781, loss_cls: 0.5304, loss_bbox: 0.8782, d0.loss_cls: 0.5629, d0.loss_bbox: 1.0243, d1.loss_cls: 0.5384, d1.loss_bbox: 0.9225, d2.loss_cls: 0.5326, d2.loss_bbox: 0.8988, d3.loss_cls: 0.5303, d3.loss_bbox: 0.8872, d4.loss_cls: 0.5294, d4.loss_bbox: 0.8826, aux_task0.loss_heatmap: 0.6532, aux_task0.loss_bbox: 0.2910, aux_task1.loss_heatmap: 0.8936, aux_task1.loss_bbox: 0.3412, aux_task2.loss_heatmap: 0.9388, aux_task2.loss_bbox: 0.3698, aux_task3.loss_heatmap: 0.6803, aux_task3.loss_bbox: 0.2950, aux_task4.loss_heatmap: 0.5630, aux_task4.loss_bbox: 0.3126, aux_task5.loss_heatmap: 0.5500, aux_task5.loss_bbox: 0.3033, loss: 14.9093, grad_norm: 73.9130
2025-06-22 12:52:38,622 - mmdet - INFO - Epoch [1][14950/30895]	lr: 1.351e-05, eta: 29 days, 8:55:11, time: 1.424, data_time: 0.026, memory: 18781, loss_cls: 0.5329, loss_bbox: 0.8754, d0.loss_cls: 0.5559, d0.loss_bbox: 1.0222, d1.loss_cls: 0.5371, d1.loss_bbox: 0.9186, d2.loss_cls: 0.5338, d2.loss_bbox: 0.8966, d3.loss_cls: 0.5318, d3.loss_bbox: 0.8846, d4.loss_cls: 0.5322, d4.loss_bbox: 0.8782, aux_task0.loss_heatmap: 0.6624, aux_task0.loss_bbox: 0.2881, aux_task1.loss_heatmap: 0.8849, aux_task1.loss_bbox: 0.3405, aux_task2.loss_heatmap: 0.9284, aux_task2.loss_bbox: 0.3655, aux_task3.loss_heatmap: 0.6488, aux_task3.loss_bbox: 0.2962, aux_task4.loss_heatmap: 0.5576, aux_task4.loss_bbox: 0.3140, aux_task5.loss_heatmap: 0.5635, aux_task5.loss_bbox: 0.3104, loss: 14.8597, grad_norm: 70.6718
2025-06-22 12:53:53,449 - mmdet - INFO - Exp name: lidar_0075v_900q_split1_2x2_hednetmiddleencoder_hednetbackbone4_dss0511_dp03_hugeep2_num2_conv_xy_rope.py
2025-06-22 12:53:53,449 - mmdet - INFO - Epoch [1][15000/30895]	lr: 1.352e-05, eta: 29 days, 7:20:50, time: 1.497, data_time: 0.081, memory: 18781, loss_cls: 0.5364, loss_bbox: 0.8930, d0.loss_cls: 0.5578, d0.loss_bbox: 1.0394, d1.loss_cls: 0.5407, d1.loss_bbox: 0.9373, d2.loss_cls: 0.5368, d2.loss_bbox: 0.9146, d3.loss_cls: 0.5367, d3.loss_bbox: 0.9032, d4.loss_cls: 0.5369, d4.loss_bbox: 0.8969, aux_task0.loss_heatmap: 0.6595, aux_task0.loss_bbox: 0.3004, aux_task1.loss_heatmap: 0.8990, aux_task1.loss_bbox: 0.3442, aux_task2.loss_heatmap: 0.9732, aux_task2.loss_bbox: 0.3663, aux_task3.loss_heatmap: 0.7205, aux_task3.loss_bbox: 0.3079, aux_task4.loss_heatmap: 0.5570, aux_task4.loss_bbox: 0.3165, aux_task5.loss_heatmap: 0.5571, aux_task5.loss_bbox: 0.3085, loss: 15.1397, grad_norm: 71.5930
2025-06-22 12:55:37,237 - mmdet - INFO - Epoch [1][15050/30895]	lr: 1.353e-05, eta: 29 days, 6:06:26, time: 2.076, data_time: 0.658, memory: 18781, loss_cls: 0.5362, loss_bbox: 0.8908, d0.loss_cls: 0.5656, d0.loss_bbox: 1.0393, d1.loss_cls: 0.5443, d1.loss_bbox: 0.9355, d2.loss_cls: 0.5362, d2.loss_bbox: 0.9143, d3.loss_cls: 0.5365, d3.loss_bbox: 0.9012, d4.loss_cls: 0.5361, d4.loss_bbox: 0.8952, aux_task0.loss_heatmap: 0.6559, aux_task0.loss_bbox: 0.2988, aux_task1.loss_heatmap: 0.8838, aux_task1.loss_bbox: 0.3385, aux_task2.loss_heatmap: 0.9541, aux_task2.loss_bbox: 0.3644, aux_task3.loss_heatmap: 0.7369, aux_task3.loss_bbox: 0.2970, aux_task4.loss_heatmap: 0.5613, aux_task4.loss_bbox: 0.3107, aux_task5.loss_heatmap: 0.5594, aux_task5.loss_bbox: 0.3047, loss: 15.0969, grad_norm: 74.1209
2025-06-22 13:01:11,058 - mmdet - INFO - Epoch [1][15100/30895]	lr: 1.353e-05, eta: 29 days, 7:25:34, time: 6.676, data_time: 5.324, memory: 18781, loss_cls: 0.5297, loss_bbox: 0.8753, d0.loss_cls: 0.5546, d0.loss_bbox: 1.0166, d1.loss_cls: 0.5356, d1.loss_bbox: 0.9144, d2.loss_cls: 0.5307, d2.loss_bbox: 0.8958, d3.loss_cls: 0.5288, d3.loss_bbox: 0.8853, d4.loss_cls: 0.5292, d4.loss_bbox: 0.8785, aux_task0.loss_heatmap: 0.6506, aux_task0.loss_bbox: 0.2933, aux_task1.loss_heatmap: 0.8714, aux_task1.loss_bbox: 0.3407, aux_task2.loss_heatmap: 0.9390, aux_task2.loss_bbox: 0.3668, aux_task3.loss_heatmap: 0.7384, aux_task3.loss_bbox: 0.3038, aux_task4.loss_heatmap: 0.5417, aux_task4.loss_bbox: 0.3092, aux_task5.loss_heatmap: 0.5388, aux_task5.loss_bbox: 0.3059, loss: 14.8740, grad_norm: 74.8980
2025-06-22 13:05:13,135 - mmdet - INFO - Epoch [1][15150/30895]	lr: 1.354e-05, eta: 29 days, 7:43:18, time: 4.842, data_time: 3.500, memory: 18781, loss_cls: 0.5228, loss_bbox: 0.8756, d0.loss_cls: 0.5456, d0.loss_bbox: 1.0216, d1.loss_cls: 0.5277, d1.loss_bbox: 0.9192, d2.loss_cls: 0.5245, d2.loss_bbox: 0.8964, d3.loss_cls: 0.5227, d3.loss_bbox: 0.8867, d4.loss_cls: 0.5225, d4.loss_bbox: 0.8790, aux_task0.loss_heatmap: 0.6696, aux_task0.loss_bbox: 0.2959, aux_task1.loss_heatmap: 0.8493, aux_task1.loss_bbox: 0.3350, aux_task2.loss_heatmap: 0.9004, aux_task2.loss_bbox: 0.3643, aux_task3.loss_heatmap: 0.7488, aux_task3.loss_bbox: 0.3005, aux_task4.loss_heatmap: 0.5510, aux_task4.loss_bbox: 0.3128, aux_task5.loss_heatmap: 0.5352, aux_task5.loss_bbox: 0.3042, loss: 14.8115, grad_norm: 70.8390
2025-06-22 13:33:26,299 - mmdet - INFO - Epoch [1][15200/30895]	lr: 1.355e-05, eta: 29 days, 23:59:50, time: 33.863, data_time: 30.970, memory: 18781, loss_cls: 0.5269, loss_bbox: 0.8736, d0.loss_cls: 0.5506, d0.loss_bbox: 1.0194, d1.loss_cls: 0.5332, d1.loss_bbox: 0.9154, d2.loss_cls: 0.5272, d2.loss_bbox: 0.8928, d3.loss_cls: 0.5263, d3.loss_bbox: 0.8826, d4.loss_cls: 0.5264, d4.loss_bbox: 0.8767, aux_task0.loss_heatmap: 0.6407, aux_task0.loss_bbox: 0.2893, aux_task1.loss_heatmap: 0.8693, aux_task1.loss_bbox: 0.3376, aux_task2.loss_heatmap: 0.9152, aux_task2.loss_bbox: 0.3636, aux_task3.loss_heatmap: 0.7397, aux_task3.loss_bbox: 0.3003, aux_task4.loss_heatmap: 0.5501, aux_task4.loss_bbox: 0.3110, aux_task5.loss_heatmap: 0.5299, aux_task5.loss_bbox: 0.3046, loss: 14.8025, grad_norm: 70.3748
2025-06-22 13:38:51,879 - mmdet - INFO - Epoch [1][15250/30895]	lr: 1.355e-05, eta: 30 days, 1:09:04, time: 6.512, data_time: 0.409, memory: 18781, loss_cls: 0.5271, loss_bbox: 0.8786, d0.loss_cls: 0.5485, d0.loss_bbox: 1.0279, d1.loss_cls: 0.5336, d1.loss_bbox: 0.9199, d2.loss_cls: 0.5272, d2.loss_bbox: 0.9002, d3.loss_cls: 0.5288, d3.loss_bbox: 0.8875, d4.loss_cls: 0.5265, d4.loss_bbox: 0.8827, aux_task0.loss_heatmap: 0.6441, aux_task0.loss_bbox: 0.2963, aux_task1.loss_heatmap: 0.8730, aux_task1.loss_bbox: 0.3405, aux_task2.loss_heatmap: 0.9558, aux_task2.loss_bbox: 0.3672, aux_task3.loss_heatmap: 0.7012, aux_task3.loss_bbox: 0.2915, aux_task4.loss_heatmap: 0.5600, aux_task4.loss_bbox: 0.3086, aux_task5.loss_heatmap: 0.5297, aux_task5.loss_bbox: 0.3033, loss: 14.8595, grad_norm: 74.4300
2025-06-22 14:06:43,142 - mmdet - INFO - Epoch [1][15300/30895]	lr: 1.356e-05, eta: 30 days, 17:01:10, time: 33.426, data_time: 2.986, memory: 18781, loss_cls: 0.5202, loss_bbox: 0.8771, d0.loss_cls: 0.5434, d0.loss_bbox: 1.0202, d1.loss_cls: 0.5250, d1.loss_bbox: 0.9183, d2.loss_cls: 0.5177, d2.loss_bbox: 0.8972, d3.loss_cls: 0.5191, d3.loss_bbox: 0.8851, d4.loss_cls: 0.5192, d4.loss_bbox: 0.8799, aux_task0.loss_heatmap: 0.6742, aux_task0.loss_bbox: 0.2951, aux_task1.loss_heatmap: 0.8856, aux_task1.loss_bbox: 0.3384, aux_task2.loss_heatmap: 0.9324, aux_task2.loss_bbox: 0.3585, aux_task3.loss_heatmap: 0.6756, aux_task3.loss_bbox: 0.3001, aux_task4.loss_heatmap: 0.5436, aux_task4.loss_bbox: 0.3122, aux_task5.loss_heatmap: 0.5292, aux_task5.loss_bbox: 0.3057, loss: 14.7731, grad_norm: 77.2788
2025-06-22 14:09:17,544 - mmdet - INFO - Epoch [1][15350/30895]	lr: 1.357e-05, eta: 30 days, 16:14:29, time: 3.088, data_time: 0.077, memory: 18781, loss_cls: 0.5159, loss_bbox: 0.8592, d0.loss_cls: 0.5401, d0.loss_bbox: 1.0058, d1.loss_cls: 0.5221, d1.loss_bbox: 0.9034, d2.loss_cls: 0.5185, d2.loss_bbox: 0.8812, d3.loss_cls: 0.5163, d3.loss_bbox: 0.8689, d4.loss_cls: 0.5150, d4.loss_bbox: 0.8633, aux_task0.loss_heatmap: 0.6277, aux_task0.loss_bbox: 0.2846, aux_task1.loss_heatmap: 0.8987, aux_task1.loss_bbox: 0.3408, aux_task2.loss_heatmap: 0.9158, aux_task2.loss_bbox: 0.3630, aux_task3.loss_heatmap: 0.6603, aux_task3.loss_bbox: 0.2975, aux_task4.loss_heatmap: 0.5484, aux_task4.loss_bbox: 0.3125, aux_task5.loss_heatmap: 0.5274, aux_task5.loss_bbox: 0.3045, loss: 14.5909, grad_norm: 69.0713
2025-06-22 14:10:53,326 - mmdet - INFO - Epoch [1][15400/30895]	lr: 1.357e-05, eta: 30 days, 14:49:51, time: 1.916, data_time: 0.159, memory: 18781, loss_cls: 0.5166, loss_bbox: 0.8618, d0.loss_cls: 0.5467, d0.loss_bbox: 1.0056, d1.loss_cls: 0.5228, d1.loss_bbox: 0.9007, d2.loss_cls: 0.5167, d2.loss_bbox: 0.8808, d3.loss_cls: 0.5172, d3.loss_bbox: 0.8697, d4.loss_cls: 0.5166, d4.loss_bbox: 0.8637, aux_task0.loss_heatmap: 0.6316, aux_task0.loss_bbox: 0.2885, aux_task1.loss_heatmap: 0.8542, aux_task1.loss_bbox: 0.3391, aux_task2.loss_heatmap: 0.9183, aux_task2.loss_bbox: 0.3642, aux_task3.loss_heatmap: 0.6837, aux_task3.loss_bbox: 0.2978, aux_task4.loss_heatmap: 0.5497, aux_task4.loss_bbox: 0.3061, aux_task5.loss_heatmap: 0.5125, aux_task5.loss_bbox: 0.3009, loss: 14.5655, grad_norm: 72.5426
2025-06-22 14:12:30,583 - mmdet - INFO - Epoch [1][15450/30895]	lr: 1.358e-05, eta: 30 days, 13:26:44, time: 1.945, data_time: 0.599, memory: 18781, loss_cls: 0.5229, loss_bbox: 0.8710, d0.loss_cls: 0.5492, d0.loss_bbox: 1.0181, d1.loss_cls: 0.5310, d1.loss_bbox: 0.9106, d2.loss_cls: 0.5245, d2.loss_bbox: 0.8900, d3.loss_cls: 0.5237, d3.loss_bbox: 0.8792, d4.loss_cls: 0.5224, d4.loss_bbox: 0.8736, aux_task0.loss_heatmap: 0.6412, aux_task0.loss_bbox: 0.2870, aux_task1.loss_heatmap: 0.8998, aux_task1.loss_bbox: 0.3440, aux_task2.loss_heatmap: 0.9602, aux_task2.loss_bbox: 0.3663, aux_task3.loss_heatmap: 0.6597, aux_task3.loss_bbox: 0.2975, aux_task4.loss_heatmap: 0.5525, aux_task4.loss_bbox: 0.3061, aux_task5.loss_heatmap: 0.5244, aux_task5.loss_bbox: 0.3034, loss: 14.7585, grad_norm: 74.4547
2025-06-22 14:15:23,643 - mmdet - INFO - Epoch [1][15500/30895]	lr: 1.359e-05, eta: 30 days, 12:53:14, time: 3.461, data_time: 0.169, memory: 18781, loss_cls: 0.5140, loss_bbox: 0.8665, d0.loss_cls: 0.5421, d0.loss_bbox: 1.0110, d1.loss_cls: 0.5181, d1.loss_bbox: 0.9081, d2.loss_cls: 0.5126, d2.loss_bbox: 0.8876, d3.loss_cls: 0.5129, d3.loss_bbox: 0.8759, d4.loss_cls: 0.5134, d4.loss_bbox: 0.8701, aux_task0.loss_heatmap: 0.6619, aux_task0.loss_bbox: 0.2978, aux_task1.loss_heatmap: 0.9081, aux_task1.loss_bbox: 0.3424, aux_task2.loss_heatmap: 0.9260, aux_task2.loss_bbox: 0.3645, aux_task3.loss_heatmap: 0.6149, aux_task3.loss_bbox: 0.2950, aux_task4.loss_heatmap: 0.5481, aux_task4.loss_bbox: 0.3088, aux_task5.loss_heatmap: 0.5071, aux_task5.loss_bbox: 0.3026, loss: 14.6093, grad_norm: 67.1958
2025-06-22 14:17:01,390 - mmdet - INFO - Epoch [1][15550/30895]	lr: 1.360e-05, eta: 30 days, 11:31:18, time: 1.955, data_time: 0.406, memory: 18781, loss_cls: 0.5347, loss_bbox: 0.8836, d0.loss_cls: 0.5645, d0.loss_bbox: 1.0249, d1.loss_cls: 0.5427, d1.loss_bbox: 0.9228, d2.loss_cls: 0.5360, d2.loss_bbox: 0.9029, d3.loss_cls: 0.5354, d3.loss_bbox: 0.8913, d4.loss_cls: 0.5324, d4.loss_bbox: 0.8867, aux_task0.loss_heatmap: 0.6653, aux_task0.loss_bbox: 0.2901, aux_task1.loss_heatmap: 0.8853, aux_task1.loss_bbox: 0.3332, aux_task2.loss_heatmap: 0.9776, aux_task2.loss_bbox: 0.3690, aux_task3.loss_heatmap: 0.7043, aux_task3.loss_bbox: 0.2943, aux_task4.loss_heatmap: 0.5527, aux_task4.loss_bbox: 0.3119, aux_task5.loss_heatmap: 0.5448, aux_task5.loss_bbox: 0.3049, loss: 14.9915, grad_norm: 73.5679
2025-06-22 14:18:37,183 - mmdet - INFO - Epoch [1][15600/30895]	lr: 1.360e-05, eta: 30 days, 10:08:38, time: 1.916, data_time: 0.465, memory: 18781, loss_cls: 0.5111, loss_bbox: 0.8683, d0.loss_cls: 0.5401, d0.loss_bbox: 1.0126, d1.loss_cls: 0.5174, d1.loss_bbox: 0.9083, d2.loss_cls: 0.5124, d2.loss_bbox: 0.8857, d3.loss_cls: 0.5117, d3.loss_bbox: 0.8750, d4.loss_cls: 0.5112, d4.loss_bbox: 0.8703, aux_task0.loss_heatmap: 0.6545, aux_task0.loss_bbox: 0.2901, aux_task1.loss_heatmap: 0.8981, aux_task1.loss_bbox: 0.3424, aux_task2.loss_heatmap: 0.8671, aux_task2.loss_bbox: 0.3600, aux_task3.loss_heatmap: 0.6578, aux_task3.loss_bbox: 0.2950, aux_task4.loss_heatmap: 0.5421, aux_task4.loss_bbox: 0.3041, aux_task5.loss_heatmap: 0.5358, aux_task5.loss_bbox: 0.3081, loss: 14.5793, grad_norm: 70.5023
2025-06-22 14:20:15,197 - mmdet - INFO - Epoch [1][15650/30895]	lr: 1.361e-05, eta: 30 days, 8:47:54, time: 1.960, data_time: 0.124, memory: 18781, loss_cls: 0.5169, loss_bbox: 0.8683, d0.loss_cls: 0.5462, d0.loss_bbox: 1.0148, d1.loss_cls: 0.5266, d1.loss_bbox: 0.9121, d2.loss_cls: 0.5200, d2.loss_bbox: 0.8908, d3.loss_cls: 0.5189, d3.loss_bbox: 0.8794, d4.loss_cls: 0.5173, d4.loss_bbox: 0.8719, aux_task0.loss_heatmap: 0.6453, aux_task0.loss_bbox: 0.2959, aux_task1.loss_heatmap: 0.8591, aux_task1.loss_bbox: 0.3394, aux_task2.loss_heatmap: 0.9112, aux_task2.loss_bbox: 0.3620, aux_task3.loss_heatmap: 0.6489, aux_task3.loss_bbox: 0.2956, aux_task4.loss_heatmap: 0.5514, aux_task4.loss_bbox: 0.3087, aux_task5.loss_heatmap: 0.5287, aux_task5.loss_bbox: 0.3056, loss: 14.6350, grad_norm: 74.9396
2025-06-22 14:21:44,607 - mmdet - INFO - Epoch [1][15700/30895]	lr: 1.362e-05, eta: 30 days, 7:22:11, time: 1.788, data_time: 0.200, memory: 18781, loss_cls: 0.5292, loss_bbox: 0.8594, d0.loss_cls: 0.5554, d0.loss_bbox: 1.0025, d1.loss_cls: 0.5342, d1.loss_bbox: 0.9044, d2.loss_cls: 0.5286, d2.loss_bbox: 0.8826, d3.loss_cls: 0.5288, d3.loss_bbox: 0.8700, d4.loss_cls: 0.5280, d4.loss_bbox: 0.8630, aux_task0.loss_heatmap: 0.6195, aux_task0.loss_bbox: 0.2872, aux_task1.loss_heatmap: 0.9102, aux_task1.loss_bbox: 0.3422, aux_task2.loss_heatmap: 0.9267, aux_task2.loss_bbox: 0.3608, aux_task3.loss_heatmap: 0.6540, aux_task3.loss_bbox: 0.3025, aux_task4.loss_heatmap: 0.5455, aux_task4.loss_bbox: 0.3102, aux_task5.loss_heatmap: 0.5462, aux_task5.loss_bbox: 0.3021, loss: 14.6933, grad_norm: 72.2391
2025-06-22 14:23:19,663 - mmdet - INFO - Epoch [1][15750/30895]	lr: 1.362e-05, eta: 30 days, 6:00:36, time: 1.901, data_time: 0.382, memory: 18781, loss_cls: 0.5262, loss_bbox: 0.8779, d0.loss_cls: 0.5546, d0.loss_bbox: 1.0186, d1.loss_cls: 0.5341, d1.loss_bbox: 0.9156, d2.loss_cls: 0.5291, d2.loss_bbox: 0.8949, d3.loss_cls: 0.5270, d3.loss_bbox: 0.8854, d4.loss_cls: 0.5259, d4.loss_bbox: 0.8805, aux_task0.loss_heatmap: 0.6456, aux_task0.loss_bbox: 0.2868, aux_task1.loss_heatmap: 0.8738, aux_task1.loss_bbox: 0.3430, aux_task2.loss_heatmap: 0.9280, aux_task2.loss_bbox: 0.3651, aux_task3.loss_heatmap: 0.6798, aux_task3.loss_bbox: 0.2970, aux_task4.loss_heatmap: 0.5657, aux_task4.loss_bbox: 0.3089, aux_task5.loss_heatmap: 0.5328, aux_task5.loss_bbox: 0.3023, loss: 14.7986, grad_norm: 73.5359
2025-06-22 14:25:00,862 - mmdet - INFO - Epoch [1][15800/30895]	lr: 1.363e-05, eta: 30 days, 4:43:24, time: 2.024, data_time: 0.297, memory: 18781, loss_cls: 0.5237, loss_bbox: 0.8735, d0.loss_cls: 0.5491, d0.loss_bbox: 1.0228, d1.loss_cls: 0.5315, d1.loss_bbox: 0.9158, d2.loss_cls: 0.5249, d2.loss_bbox: 0.8936, d3.loss_cls: 0.5222, d3.loss_bbox: 0.8824, d4.loss_cls: 0.5231, d4.loss_bbox: 0.8759, aux_task0.loss_heatmap: 0.6673, aux_task0.loss_bbox: 0.2942, aux_task1.loss_heatmap: 0.8895, aux_task1.loss_bbox: 0.3432, aux_task2.loss_heatmap: 0.9134, aux_task2.loss_bbox: 0.3634, aux_task3.loss_heatmap: 0.6950, aux_task3.loss_bbox: 0.3088, aux_task4.loss_heatmap: 0.5529, aux_task4.loss_bbox: 0.3071, aux_task5.loss_heatmap: 0.5319, aux_task5.loss_bbox: 0.2976, loss: 14.8029, grad_norm: 71.1492
2025-06-22 14:26:37,362 - mmdet - INFO - Epoch [1][15850/30895]	lr: 1.364e-05, eta: 30 days, 3:23:44, time: 1.930, data_time: 0.534, memory: 18781, loss_cls: 0.5187, loss_bbox: 0.8668, d0.loss_cls: 0.5481, d0.loss_bbox: 1.0149, d1.loss_cls: 0.5270, d1.loss_bbox: 0.9106, d2.loss_cls: 0.5210, d2.loss_bbox: 0.8879, d3.loss_cls: 0.5183, d3.loss_bbox: 0.8763, d4.loss_cls: 0.5178, d4.loss_bbox: 0.8703, aux_task0.loss_heatmap: 0.6321, aux_task0.loss_bbox: 0.2890, aux_task1.loss_heatmap: 0.8669, aux_task1.loss_bbox: 0.3420, aux_task2.loss_heatmap: 0.9212, aux_task2.loss_bbox: 0.3701, aux_task3.loss_heatmap: 0.6698, aux_task3.loss_bbox: 0.3007, aux_task4.loss_heatmap: 0.5559, aux_task4.loss_bbox: 0.3056, aux_task5.loss_heatmap: 0.5344, aux_task5.loss_bbox: 0.3028, loss: 14.6682, grad_norm: 70.0160
2025-06-22 14:28:19,060 - mmdet - INFO - Epoch [1][15900/30895]	lr: 1.364e-05, eta: 30 days, 2:07:49, time: 2.034, data_time: 0.637, memory: 18781, loss_cls: 0.5195, loss_bbox: 0.8669, d0.loss_cls: 0.5499, d0.loss_bbox: 1.0129, d1.loss_cls: 0.5279, d1.loss_bbox: 0.9091, d2.loss_cls: 0.5201, d2.loss_bbox: 0.8890, d3.loss_cls: 0.5206, d3.loss_bbox: 0.8773, d4.loss_cls: 0.5197, d4.loss_bbox: 0.8713, aux_task0.loss_heatmap: 0.6149, aux_task0.loss_bbox: 0.2843, aux_task1.loss_heatmap: 0.8884, aux_task1.loss_bbox: 0.3400, aux_task2.loss_heatmap: 0.9233, aux_task2.loss_bbox: 0.3667, aux_task3.loss_heatmap: 0.6739, aux_task3.loss_bbox: 0.3014, aux_task4.loss_heatmap: 0.5350, aux_task4.loss_bbox: 0.3054, aux_task5.loss_heatmap: 0.5716, aux_task5.loss_bbox: 0.3076, loss: 14.6969, grad_norm: 70.6572
2025-06-22 14:29:56,765 - mmdet - INFO - Epoch [1][15950/30895]	lr: 1.365e-05, eta: 30 days, 0:49:52, time: 1.954, data_time: 0.570, memory: 18781, loss_cls: 0.5160, loss_bbox: 0.8685, d0.loss_cls: 0.5445, d0.loss_bbox: 1.0077, d1.loss_cls: 0.5244, d1.loss_bbox: 0.9076, d2.loss_cls: 0.5184, d2.loss_bbox: 0.8869, d3.loss_cls: 0.5164, d3.loss_bbox: 0.8787, d4.loss_cls: 0.5146, d4.loss_bbox: 0.8721, aux_task0.loss_heatmap: 0.6353, aux_task0.loss_bbox: 0.2847, aux_task1.loss_heatmap: 0.8832, aux_task1.loss_bbox: 0.3394, aux_task2.loss_heatmap: 0.9363, aux_task2.loss_bbox: 0.3654, aux_task3.loss_heatmap: 0.6524, aux_task3.loss_bbox: 0.3005, aux_task4.loss_heatmap: 0.5518, aux_task4.loss_bbox: 0.3108, aux_task5.loss_heatmap: 0.5293, aux_task5.loss_bbox: 0.3069, loss: 14.6516, grad_norm: 72.7289
2025-06-22 14:31:31,681 - mmdet - INFO - Exp name: lidar_0075v_900q_split1_2x2_hednetmiddleencoder_hednetbackbone4_dss0511_dp03_hugeep2_num2_conv_xy_rope.py
2025-06-22 14:31:31,682 - mmdet - INFO - Epoch [1][16000/30895]	lr: 1.366e-05, eta: 29 days, 23:30:38, time: 1.898, data_time: 0.213, memory: 18781, loss_cls: 0.5170, loss_bbox: 0.8575, d0.loss_cls: 0.5397, d0.loss_bbox: 1.0071, d1.loss_cls: 0.5257, d1.loss_bbox: 0.8981, d2.loss_cls: 0.5189, d2.loss_bbox: 0.8781, d3.loss_cls: 0.5161, d3.loss_bbox: 0.8678, d4.loss_cls: 0.5151, d4.loss_bbox: 0.8625, aux_task0.loss_heatmap: 0.6132, aux_task0.loss_bbox: 0.2855, aux_task1.loss_heatmap: 0.8732, aux_task1.loss_bbox: 0.3371, aux_task2.loss_heatmap: 0.9221, aux_task2.loss_bbox: 0.3623, aux_task3.loss_heatmap: 0.7449, aux_task3.loss_bbox: 0.3066, aux_task4.loss_heatmap: 0.5367, aux_task4.loss_bbox: 0.3101, aux_task5.loss_heatmap: 0.5328, aux_task5.loss_bbox: 0.3069, loss: 14.6351, grad_norm: 72.3507
2025-06-22 14:33:14,145 - mmdet - INFO - Epoch [1][16050/30895]	lr: 1.367e-05, eta: 29 days, 22:16:37, time: 2.049, data_time: 0.548, memory: 18781, loss_cls: 0.5203, loss_bbox: 0.8677, d0.loss_cls: 0.5466, d0.loss_bbox: 1.0140, d1.loss_cls: 0.5271, d1.loss_bbox: 0.9087, d2.loss_cls: 0.5220, d2.loss_bbox: 0.8862, d3.loss_cls: 0.5203, d3.loss_bbox: 0.8761, d4.loss_cls: 0.5210, d4.loss_bbox: 0.8708, aux_task0.loss_heatmap: 0.6400, aux_task0.loss_bbox: 0.2862, aux_task1.loss_heatmap: 0.8800, aux_task1.loss_bbox: 0.3389, aux_task2.loss_heatmap: 0.9054, aux_task2.loss_bbox: 0.3633, aux_task3.loss_heatmap: 0.6587, aux_task3.loss_bbox: 0.2880, aux_task4.loss_heatmap: 0.5416, aux_task4.loss_bbox: 0.3082, aux_task5.loss_heatmap: 0.5625, aux_task5.loss_bbox: 0.3055, loss: 14.6592, grad_norm: 73.9548
2025-06-22 14:34:45,718 - mmdet - INFO - Epoch [1][16100/30895]	lr: 1.367e-05, eta: 29 days, 20:56:15, time: 1.831, data_time: 0.316, memory: 18781, loss_cls: 0.5220, loss_bbox: 0.8565, d0.loss_cls: 0.5492, d0.loss_bbox: 1.0059, d1.loss_cls: 0.5262, d1.loss_bbox: 0.8997, d2.loss_cls: 0.5241, d2.loss_bbox: 0.8770, d3.loss_cls: 0.5213, d3.loss_bbox: 0.8665, d4.loss_cls: 0.5210, d4.loss_bbox: 0.8604, aux_task0.loss_heatmap: 0.6029, aux_task0.loss_bbox: 0.2828, aux_task1.loss_heatmap: 0.8651, aux_task1.loss_bbox: 0.3355, aux_task2.loss_heatmap: 0.9135, aux_task2.loss_bbox: 0.3591, aux_task3.loss_heatmap: 0.7054, aux_task3.loss_bbox: 0.2932, aux_task4.loss_heatmap: 0.5488, aux_task4.loss_bbox: 0.3058, aux_task5.loss_heatmap: 0.5545, aux_task5.loss_bbox: 0.3055, loss: 14.6018, grad_norm: 72.0716
2025-06-22 14:36:25,918 - mmdet - INFO - Epoch [1][16150/30895]	lr: 1.368e-05, eta: 29 days, 19:41:44, time: 2.004, data_time: 0.331, memory: 18781, loss_cls: 0.5202, loss_bbox: 0.8621, d0.loss_cls: 0.5452, d0.loss_bbox: 1.0044, d1.loss_cls: 0.5255, d1.loss_bbox: 0.9031, d2.loss_cls: 0.5215, d2.loss_bbox: 0.8811, d3.loss_cls: 0.5217, d3.loss_bbox: 0.8695, d4.loss_cls: 0.5201, d4.loss_bbox: 0.8644, aux_task0.loss_heatmap: 0.6365, aux_task0.loss_bbox: 0.2932, aux_task1.loss_heatmap: 0.8866, aux_task1.loss_bbox: 0.3400, aux_task2.loss_heatmap: 0.9247, aux_task2.loss_bbox: 0.3590, aux_task3.loss_heatmap: 0.6886, aux_task3.loss_bbox: 0.2923, aux_task4.loss_heatmap: 0.5497, aux_task4.loss_bbox: 0.3055, aux_task5.loss_heatmap: 0.5044, aux_task5.loss_bbox: 0.3048, loss: 14.6240, grad_norm: 75.5132
2025-06-22 14:38:01,752 - mmdet - INFO - Epoch [1][16200/30895]	lr: 1.369e-05, eta: 29 days, 18:24:58, time: 1.917, data_time: 0.032, memory: 18781, loss_cls: 0.5211, loss_bbox: 0.8765, d0.loss_cls: 0.5396, d0.loss_bbox: 1.0251, d1.loss_cls: 0.5248, d1.loss_bbox: 0.9182, d2.loss_cls: 0.5204, d2.loss_bbox: 0.8962, d3.loss_cls: 0.5201, d3.loss_bbox: 0.8855, d4.loss_cls: 0.5192, d4.loss_bbox: 0.8796, aux_task0.loss_heatmap: 0.6548, aux_task0.loss_bbox: 0.2901, aux_task1.loss_heatmap: 0.8725, aux_task1.loss_bbox: 0.3364, aux_task2.loss_heatmap: 0.9325, aux_task2.loss_bbox: 0.3657, aux_task3.loss_heatmap: 0.7118, aux_task3.loss_bbox: 0.2983, aux_task4.loss_heatmap: 0.5466, aux_task4.loss_bbox: 0.3100, aux_task5.loss_heatmap: 0.5206, aux_task5.loss_bbox: 0.3029, loss: 14.7684, grad_norm: 70.8291
2025-06-22 14:39:37,942 - mmdet - INFO - Epoch [1][16250/30895]	lr: 1.370e-05, eta: 29 days, 17:08:53, time: 1.924, data_time: 0.035, memory: 18781, loss_cls: 0.5243, loss_bbox: 0.8645, d0.loss_cls: 0.5498, d0.loss_bbox: 1.0078, d1.loss_cls: 0.5327, d1.loss_bbox: 0.9042, d2.loss_cls: 0.5258, d2.loss_bbox: 0.8840, d3.loss_cls: 0.5245, d3.loss_bbox: 0.8725, d4.loss_cls: 0.5240, d4.loss_bbox: 0.8676, aux_task0.loss_heatmap: 0.6392, aux_task0.loss_bbox: 0.2947, aux_task1.loss_heatmap: 0.8937, aux_task1.loss_bbox: 0.3379, aux_task2.loss_heatmap: 0.9279, aux_task2.loss_bbox: 0.3670, aux_task3.loss_heatmap: 0.6885, aux_task3.loss_bbox: 0.2979, aux_task4.loss_heatmap: 0.5365, aux_task4.loss_bbox: 0.3057, aux_task5.loss_heatmap: 0.5170, aux_task5.loss_bbox: 0.3024, loss: 14.6899, grad_norm: 70.6685
2025-06-22 14:41:15,997 - mmdet - INFO - Epoch [1][16300/30895]	lr: 1.370e-05, eta: 29 days, 15:54:24, time: 1.961, data_time: 0.152, memory: 18781, loss_cls: 0.5180, loss_bbox: 0.8645, d0.loss_cls: 0.5430, d0.loss_bbox: 1.0156, d1.loss_cls: 0.5219, d1.loss_bbox: 0.9068, d2.loss_cls: 0.5192, d2.loss_bbox: 0.8862, d3.loss_cls: 0.5179, d3.loss_bbox: 0.8749, d4.loss_cls: 0.5170, d4.loss_bbox: 0.8678, aux_task0.loss_heatmap: 0.6179, aux_task0.loss_bbox: 0.2870, aux_task1.loss_heatmap: 0.8693, aux_task1.loss_bbox: 0.3419, aux_task2.loss_heatmap: 0.9048, aux_task2.loss_bbox: 0.3611, aux_task3.loss_heatmap: 0.6475, aux_task3.loss_bbox: 0.3047, aux_task4.loss_heatmap: 0.5340, aux_task4.loss_bbox: 0.3085, aux_task5.loss_heatmap: 0.5260, aux_task5.loss_bbox: 0.3014, loss: 14.5571, grad_norm: 74.4123
2025-06-22 14:42:55,770 - mmdet - INFO - Epoch [1][16350/30895]	lr: 1.371e-05, eta: 29 days, 14:41:25, time: 1.995, data_time: 0.142, memory: 18781, loss_cls: 0.5067, loss_bbox: 0.8671, d0.loss_cls: 0.5328, d0.loss_bbox: 1.0087, d1.loss_cls: 0.5140, d1.loss_bbox: 0.9041, d2.loss_cls: 0.5073, d2.loss_bbox: 0.8861, d3.loss_cls: 0.5072, d3.loss_bbox: 0.8758, d4.loss_cls: 0.5070, d4.loss_bbox: 0.8694, aux_task0.loss_heatmap: 0.6288, aux_task0.loss_bbox: 0.2817, aux_task1.loss_heatmap: 0.8606, aux_task1.loss_bbox: 0.3397, aux_task2.loss_heatmap: 0.9176, aux_task2.loss_bbox: 0.3620, aux_task3.loss_heatmap: 0.6544, aux_task3.loss_bbox: 0.2990, aux_task4.loss_heatmap: 0.5392, aux_task4.loss_bbox: 0.3081, aux_task5.loss_heatmap: 0.5243, aux_task5.loss_bbox: 0.3038, loss: 14.5056, grad_norm: 70.1361
2025-06-22 14:44:32,857 - mmdet - INFO - Epoch [1][16400/30895]	lr: 1.372e-05, eta: 29 days, 13:27:14, time: 1.942, data_time: 0.493, memory: 18781, loss_cls: 0.5173, loss_bbox: 0.8685, d0.loss_cls: 0.5428, d0.loss_bbox: 1.0063, d1.loss_cls: 0.5229, d1.loss_bbox: 0.9044, d2.loss_cls: 0.5172, d2.loss_bbox: 0.8854, d3.loss_cls: 0.5164, d3.loss_bbox: 0.8748, d4.loss_cls: 0.5176, d4.loss_bbox: 0.8691, aux_task0.loss_heatmap: 0.6803, aux_task0.loss_bbox: 0.3005, aux_task1.loss_heatmap: 0.8807, aux_task1.loss_bbox: 0.3382, aux_task2.loss_heatmap: 0.8652, aux_task2.loss_bbox: 0.3631, aux_task3.loss_heatmap: 0.6453, aux_task3.loss_bbox: 0.2965, aux_task4.loss_heatmap: 0.5527, aux_task4.loss_bbox: 0.3063, aux_task5.loss_heatmap: 0.5441, aux_task5.loss_bbox: 0.3034, loss: 14.6192, grad_norm: 70.7311
2025-06-22 14:46:13,254 - mmdet - INFO - Epoch [1][16450/30895]	lr: 1.372e-05, eta: 29 days, 12:15:29, time: 2.007, data_time: 0.336, memory: 18781, loss_cls: 0.5279, loss_bbox: 0.8650, d0.loss_cls: 0.5525, d0.loss_bbox: 1.0081, d1.loss_cls: 0.5333, d1.loss_bbox: 0.9073, d2.loss_cls: 0.5259, d2.loss_bbox: 0.8872, d3.loss_cls: 0.5243, d3.loss_bbox: 0.8762, d4.loss_cls: 0.5246, d4.loss_bbox: 0.8696, aux_task0.loss_heatmap: 0.6190, aux_task0.loss_bbox: 0.2869, aux_task1.loss_heatmap: 0.8876, aux_task1.loss_bbox: 0.3430, aux_task2.loss_heatmap: 0.9196, aux_task2.loss_bbox: 0.3613, aux_task3.loss_heatmap: 0.6863, aux_task3.loss_bbox: 0.3006, aux_task4.loss_heatmap: 0.5388, aux_task4.loss_bbox: 0.3075, aux_task5.loss_heatmap: 0.5323, aux_task5.loss_bbox: 0.3052, loss: 14.6901, grad_norm: 72.1699
2025-06-22 14:47:46,846 - mmdet - INFO - Epoch [1][16500/30895]	lr: 1.373e-05, eta: 29 days, 11:00:03, time: 1.872, data_time: 0.270, memory: 18781, loss_cls: 0.5091, loss_bbox: 0.8755, d0.loss_cls: 0.5348, d0.loss_bbox: 1.0172, d1.loss_cls: 0.5148, d1.loss_bbox: 0.9162, d2.loss_cls: 0.5074, d2.loss_bbox: 0.8962, d3.loss_cls: 0.5076, d3.loss_bbox: 0.8855, d4.loss_cls: 0.5077, d4.loss_bbox: 0.8798, aux_task0.loss_heatmap: 0.6345, aux_task0.loss_bbox: 0.2957, aux_task1.loss_heatmap: 0.9012, aux_task1.loss_bbox: 0.3438, aux_task2.loss_heatmap: 0.9019, aux_task2.loss_bbox: 0.3637, aux_task3.loss_heatmap: 0.6801, aux_task3.loss_bbox: 0.2938, aux_task4.loss_heatmap: 0.5473, aux_task4.loss_bbox: 0.3072, aux_task5.loss_heatmap: 0.5457, aux_task5.loss_bbox: 0.3093, loss: 14.6759, grad_norm: 69.9263
2025-06-22 14:49:18,124 - mmdet - INFO - Epoch [1][16550/30895]	lr: 1.374e-05, eta: 29 days, 9:43:38, time: 1.825, data_time: 0.064, memory: 18781, loss_cls: 0.5075, loss_bbox: 0.8616, d0.loss_cls: 0.5350, d0.loss_bbox: 1.0044, d1.loss_cls: 0.5130, d1.loss_bbox: 0.9002, d2.loss_cls: 0.5080, d2.loss_bbox: 0.8799, d3.loss_cls: 0.5064, d3.loss_bbox: 0.8707, d4.loss_cls: 0.5067, d4.loss_bbox: 0.8646, aux_task0.loss_heatmap: 0.6283, aux_task0.loss_bbox: 0.2792, aux_task1.loss_heatmap: 0.8520, aux_task1.loss_bbox: 0.3320, aux_task2.loss_heatmap: 0.8922, aux_task2.loss_bbox: 0.3647, aux_task3.loss_heatmap: 0.7048, aux_task3.loss_bbox: 0.3007, aux_task4.loss_heatmap: 0.5376, aux_task4.loss_bbox: 0.3099, aux_task5.loss_heatmap: 0.5211, aux_task5.loss_bbox: 0.2994, loss: 14.4799, grad_norm: 71.8542
2025-06-22 14:51:14,675 - mmdet - INFO - Epoch [1][16600/30895]	lr: 1.375e-05, eta: 29 days, 8:42:58, time: 2.332, data_time: 0.920, memory: 18781, loss_cls: 0.5194, loss_bbox: 0.8660, d0.loss_cls: 0.5490, d0.loss_bbox: 1.0117, d1.loss_cls: 0.5265, d1.loss_bbox: 0.9091, d2.loss_cls: 0.5228, d2.loss_bbox: 0.8873, d3.loss_cls: 0.5201, d3.loss_bbox: 0.8760, d4.loss_cls: 0.5191, d4.loss_bbox: 0.8697, aux_task0.loss_heatmap: 0.6464, aux_task0.loss_bbox: 0.2886, aux_task1.loss_heatmap: 0.8649, aux_task1.loss_bbox: 0.3363, aux_task2.loss_heatmap: 0.9192, aux_task2.loss_bbox: 0.3604, aux_task3.loss_heatmap: 0.6874, aux_task3.loss_bbox: 0.2947, aux_task4.loss_heatmap: 0.5464, aux_task4.loss_bbox: 0.3121, aux_task5.loss_heatmap: 0.5562, aux_task5.loss_bbox: 0.3049, loss: 14.6941, grad_norm: 69.3635
2025-06-22 14:52:46,871 - mmdet - INFO - Epoch [1][16650/30895]	lr: 1.375e-05, eta: 29 days, 7:27:58, time: 1.844, data_time: 0.460, memory: 18781, loss_cls: 0.5118, loss_bbox: 0.8643, d0.loss_cls: 0.5381, d0.loss_bbox: 1.0063, d1.loss_cls: 0.5185, d1.loss_bbox: 0.9025, d2.loss_cls: 0.5140, d2.loss_bbox: 0.8812, d3.loss_cls: 0.5123, d3.loss_bbox: 0.8698, d4.loss_cls: 0.5111, d4.loss_bbox: 0.8659, aux_task0.loss_heatmap: 0.6134, aux_task0.loss_bbox: 0.2889, aux_task1.loss_heatmap: 0.8575, aux_task1.loss_bbox: 0.3340, aux_task2.loss_heatmap: 0.8955, aux_task2.loss_bbox: 0.3652, aux_task3.loss_heatmap: 0.6873, aux_task3.loss_bbox: 0.2974, aux_task4.loss_heatmap: 0.5253, aux_task4.loss_bbox: 0.3060, aux_task5.loss_heatmap: 0.5403, aux_task5.loss_bbox: 0.3015, loss: 14.5083, grad_norm: 71.8600
2025-06-22 14:54:22,732 - mmdet - INFO - Epoch [1][16700/30895]	lr: 1.376e-05, eta: 29 days, 6:15:37, time: 1.917, data_time: 0.473, memory: 18781, loss_cls: 0.5110, loss_bbox: 0.8557, d0.loss_cls: 0.5367, d0.loss_bbox: 1.0062, d1.loss_cls: 0.5170, d1.loss_bbox: 0.9002, d2.loss_cls: 0.5121, d2.loss_bbox: 0.8780, d3.loss_cls: 0.5108, d3.loss_bbox: 0.8656, d4.loss_cls: 0.5102, d4.loss_bbox: 0.8592, aux_task0.loss_heatmap: 0.6294, aux_task0.loss_bbox: 0.2932, aux_task1.loss_heatmap: 0.8741, aux_task1.loss_bbox: 0.3351, aux_task2.loss_heatmap: 0.9220, aux_task2.loss_bbox: 0.3640, aux_task3.loss_heatmap: 0.6931, aux_task3.loss_bbox: 0.3042, aux_task4.loss_heatmap: 0.5328, aux_task4.loss_bbox: 0.3091, aux_task5.loss_heatmap: 0.5360, aux_task5.loss_bbox: 0.3006, loss: 14.5561, grad_norm: 72.6551
2025-06-22 14:56:06,230 - mmdet - INFO - Epoch [1][16750/30895]	lr: 1.377e-05, eta: 29 days, 5:08:15, time: 2.070, data_time: 0.374, memory: 18781, loss_cls: 0.5083, loss_bbox: 0.8567, d0.loss_cls: 0.5370, d0.loss_bbox: 1.0039, d1.loss_cls: 0.5135, d1.loss_bbox: 0.9002, d2.loss_cls: 0.5088, d2.loss_bbox: 0.8766, d3.loss_cls: 0.5086, d3.loss_bbox: 0.8648, d4.loss_cls: 0.5084, d4.loss_bbox: 0.8589, aux_task0.loss_heatmap: 0.6100, aux_task0.loss_bbox: 0.2943, aux_task1.loss_heatmap: 0.8529, aux_task1.loss_bbox: 0.3309, aux_task2.loss_heatmap: 0.9208, aux_task2.loss_bbox: 0.3689, aux_task3.loss_heatmap: 0.7328, aux_task3.loss_bbox: 0.2940, aux_task4.loss_heatmap: 0.5560, aux_task4.loss_bbox: 0.3081, aux_task5.loss_heatmap: 0.5015, aux_task5.loss_bbox: 0.2995, loss: 14.5154, grad_norm: 69.3611
2025-06-22 14:57:41,653 - mmdet - INFO - Epoch [1][16800/30895]	lr: 1.378e-05, eta: 29 days, 3:56:28, time: 1.908, data_time: 0.372, memory: 18781, loss_cls: 0.5164, loss_bbox: 0.8549, d0.loss_cls: 0.5408, d0.loss_bbox: 0.9979, d1.loss_cls: 0.5220, d1.loss_bbox: 0.8951, d2.loss_cls: 0.5168, d2.loss_bbox: 0.8737, d3.loss_cls: 0.5155, d3.loss_bbox: 0.8637, d4.loss_cls: 0.5159, d4.loss_bbox: 0.8568, aux_task0.loss_heatmap: 0.6571, aux_task0.loss_bbox: 0.2870, aux_task1.loss_heatmap: 0.8288, aux_task1.loss_bbox: 0.3287, aux_task2.loss_heatmap: 0.9232, aux_task2.loss_bbox: 0.3593, aux_task3.loss_heatmap: 0.7479, aux_task3.loss_bbox: 0.3025, aux_task4.loss_heatmap: 0.5323, aux_task4.loss_bbox: 0.3027, aux_task5.loss_heatmap: 0.5446, aux_task5.loss_bbox: 0.3045, loss: 14.5880, grad_norm: 67.0566
2025-06-22 14:59:15,957 - mmdet - INFO - Epoch [1][16850/30895]	lr: 1.379e-05, eta: 29 days, 2:44:25, time: 1.886, data_time: 0.288, memory: 18781, loss_cls: 0.5098, loss_bbox: 0.8615, d0.loss_cls: 0.5373, d0.loss_bbox: 1.0087, d1.loss_cls: 0.5167, d1.loss_bbox: 0.9018, d2.loss_cls: 0.5101, d2.loss_bbox: 0.8801, d3.loss_cls: 0.5095, d3.loss_bbox: 0.8700, d4.loss_cls: 0.5091, d4.loss_bbox: 0.8644, aux_task0.loss_heatmap: 0.6013, aux_task0.loss_bbox: 0.2857, aux_task1.loss_heatmap: 0.8471, aux_task1.loss_bbox: 0.3326, aux_task2.loss_heatmap: 0.8974, aux_task2.loss_bbox: 0.3614, aux_task3.loss_heatmap: 0.6986, aux_task3.loss_bbox: 0.2975, aux_task4.loss_heatmap: 0.5379, aux_task4.loss_bbox: 0.3057, aux_task5.loss_heatmap: 0.5195, aux_task5.loss_bbox: 0.3018, loss: 14.4655, grad_norm: 70.7907
2025-06-22 15:00:55,874 - mmdet - INFO - Epoch [1][16900/30895]	lr: 1.379e-05, eta: 29 days, 1:36:08, time: 1.999, data_time: 0.316, memory: 18781, loss_cls: 0.5048, loss_bbox: 0.8603, d0.loss_cls: 0.5320, d0.loss_bbox: 1.0015, d1.loss_cls: 0.5122, d1.loss_bbox: 0.9009, d2.loss_cls: 0.5070, d2.loss_bbox: 0.8794, d3.loss_cls: 0.5057, d3.loss_bbox: 0.8683, d4.loss_cls: 0.5047, d4.loss_bbox: 0.8630, aux_task0.loss_heatmap: 0.6484, aux_task0.loss_bbox: 0.2888, aux_task1.loss_heatmap: 0.8752, aux_task1.loss_bbox: 0.3344, aux_task2.loss_heatmap: 0.8862, aux_task2.loss_bbox: 0.3570, aux_task3.loss_heatmap: 0.6948, aux_task3.loss_bbox: 0.2974, aux_task4.loss_heatmap: 0.5394, aux_task4.loss_bbox: 0.3057, aux_task5.loss_heatmap: 0.5030, aux_task5.loss_bbox: 0.3007, loss: 14.4708, grad_norm: 68.1582
2025-06-22 15:02:38,707 - mmdet - INFO - Epoch [1][16950/30895]	lr: 1.380e-05, eta: 29 days, 0:29:56, time: 2.056, data_time: 0.660, memory: 18781, loss_cls: 0.5069, loss_bbox: 0.8666, d0.loss_cls: 0.5359, d0.loss_bbox: 1.0063, d1.loss_cls: 0.5160, d1.loss_bbox: 0.9041, d2.loss_cls: 0.5098, d2.loss_bbox: 0.8845, d3.loss_cls: 0.5078, d3.loss_bbox: 0.8734, d4.loss_cls: 0.5071, d4.loss_bbox: 0.8691, aux_task0.loss_heatmap: 0.6216, aux_task0.loss_bbox: 0.2930, aux_task1.loss_heatmap: 0.8370, aux_task1.loss_bbox: 0.3301, aux_task2.loss_heatmap: 0.8955, aux_task2.loss_bbox: 0.3488, aux_task3.loss_heatmap: 0.6433, aux_task3.loss_bbox: 0.2932, aux_task4.loss_heatmap: 0.5349, aux_task4.loss_bbox: 0.3098, aux_task5.loss_heatmap: 0.5541, aux_task5.loss_bbox: 0.3039, loss: 14.4524, grad_norm: 69.4788
2025-06-22 15:04:10,264 - mmdet - INFO - Exp name: lidar_0075v_900q_split1_2x2_hednetmiddleencoder_hednetbackbone4_dss0511_dp03_hugeep2_num2_conv_xy_rope.py
2025-06-22 15:04:10,264 - mmdet - INFO - Epoch [1][17000/30895]	lr: 1.381e-05, eta: 28 days, 23:17:31, time: 1.832, data_time: 0.436, memory: 18781, loss_cls: 0.5160, loss_bbox: 0.8581, d0.loss_cls: 0.5404, d0.loss_bbox: 1.0024, d1.loss_cls: 0.5222, d1.loss_bbox: 0.8968, d2.loss_cls: 0.5160, d2.loss_bbox: 0.8780, d3.loss_cls: 0.5168, d3.loss_bbox: 0.8663, d4.loss_cls: 0.5158, d4.loss_bbox: 0.8609, aux_task0.loss_heatmap: 0.6271, aux_task0.loss_bbox: 0.2802, aux_task1.loss_heatmap: 0.8530, aux_task1.loss_bbox: 0.3304, aux_task2.loss_heatmap: 0.9042, aux_task2.loss_bbox: 0.3597, aux_task3.loss_heatmap: 0.7058, aux_task3.loss_bbox: 0.2957, aux_task4.loss_heatmap: 0.5311, aux_task4.loss_bbox: 0.3076, aux_task5.loss_heatmap: 0.5360, aux_task5.loss_bbox: 0.3056, loss: 14.5263, grad_norm: 72.2927
2025-06-22 15:05:46,695 - mmdet - INFO - Epoch [1][17050/30895]	lr: 1.382e-05, eta: 28 days, 22:08:21, time: 1.929, data_time: 0.522, memory: 18781, loss_cls: 0.5054, loss_bbox: 0.8518, d0.loss_cls: 0.5323, d0.loss_bbox: 1.0009, d1.loss_cls: 0.5137, d1.loss_bbox: 0.8949, d2.loss_cls: 0.5070, d2.loss_bbox: 0.8726, d3.loss_cls: 0.5060, d3.loss_bbox: 0.8613, d4.loss_cls: 0.5054, d4.loss_bbox: 0.8552, aux_task0.loss_heatmap: 0.6505, aux_task0.loss_bbox: 0.2908, aux_task1.loss_heatmap: 0.8445, aux_task1.loss_bbox: 0.3370, aux_task2.loss_heatmap: 0.8868, aux_task2.loss_bbox: 0.3617, aux_task3.loss_heatmap: 0.6605, aux_task3.loss_bbox: 0.2979, aux_task4.loss_heatmap: 0.5238, aux_task4.loss_bbox: 0.3077, aux_task5.loss_heatmap: 0.4921, aux_task5.loss_bbox: 0.3081, loss: 14.3681, grad_norm: 70.0236
2025-06-22 15:07:30,478 - mmdet - INFO - Epoch [1][17100/30895]	lr: 1.382e-05, eta: 28 days, 21:03:54, time: 2.076, data_time: 0.390, memory: 18781, loss_cls: 0.5018, loss_bbox: 0.8490, d0.loss_cls: 0.5294, d0.loss_bbox: 0.9912, d1.loss_cls: 0.5122, d1.loss_bbox: 0.8880, d2.loss_cls: 0.5042, d2.loss_bbox: 0.8664, d3.loss_cls: 0.5037, d3.loss_bbox: 0.8557, d4.loss_cls: 0.5017, d4.loss_bbox: 0.8509, aux_task0.loss_heatmap: 0.6251, aux_task0.loss_bbox: 0.2810, aux_task1.loss_heatmap: 0.8690, aux_task1.loss_bbox: 0.3418, aux_task2.loss_heatmap: 0.8767, aux_task2.loss_bbox: 0.3597, aux_task3.loss_heatmap: 0.6929, aux_task3.loss_bbox: 0.2953, aux_task4.loss_heatmap: 0.5405, aux_task4.loss_bbox: 0.3059, aux_task5.loss_heatmap: 0.4956, aux_task5.loss_bbox: 0.3043, loss: 14.3417, grad_norm: 69.2953
2025-06-22 15:09:10,155 - mmdet - INFO - Epoch [1][17150/30895]	lr: 1.383e-05, eta: 28 days, 19:57:24, time: 1.994, data_time: 0.331, memory: 18781, loss_cls: 0.5094, loss_bbox: 0.8679, d0.loss_cls: 0.5402, d0.loss_bbox: 1.0074, d1.loss_cls: 0.5199, d1.loss_bbox: 0.9022, d2.loss_cls: 0.5121, d2.loss_bbox: 0.8826, d3.loss_cls: 0.5105, d3.loss_bbox: 0.8735, d4.loss_cls: 0.5109, d4.loss_bbox: 0.8691, aux_task0.loss_heatmap: 0.6306, aux_task0.loss_bbox: 0.2912, aux_task1.loss_heatmap: 0.8714, aux_task1.loss_bbox: 0.3367, aux_task2.loss_heatmap: 0.9226, aux_task2.loss_bbox: 0.3652, aux_task3.loss_heatmap: 0.6530, aux_task3.loss_bbox: 0.2976, aux_task4.loss_heatmap: 0.5494, aux_task4.loss_bbox: 0.3082, aux_task5.loss_heatmap: 0.5177, aux_task5.loss_bbox: 0.3072, loss: 14.5566, grad_norm: 69.8214
2025-06-22 15:10:44,499 - mmdet - INFO - Epoch [1][17200/30895]	lr: 1.384e-05, eta: 28 days, 18:48:11, time: 1.887, data_time: 0.401, memory: 18781, loss_cls: 0.5068, loss_bbox: 0.8571, d0.loss_cls: 0.5356, d0.loss_bbox: 0.9982, d1.loss_cls: 0.5149, d1.loss_bbox: 0.8948, d2.loss_cls: 0.5078, d2.loss_bbox: 0.8752, d3.loss_cls: 0.5078, d3.loss_bbox: 0.8650, d4.loss_cls: 0.5069, d4.loss_bbox: 0.8608, aux_task0.loss_heatmap: 0.6098, aux_task0.loss_bbox: 0.2821, aux_task1.loss_heatmap: 0.8753, aux_task1.loss_bbox: 0.3376, aux_task2.loss_heatmap: 0.8879, aux_task2.loss_bbox: 0.3638, aux_task3.loss_heatmap: 0.6441, aux_task3.loss_bbox: 0.2889, aux_task4.loss_heatmap: 0.5498, aux_task4.loss_bbox: 0.3039, aux_task5.loss_heatmap: 0.5163, aux_task5.loss_bbox: 0.3010, loss: 14.3913, grad_norm: 71.3109
2025-06-22 15:12:24,878 - mmdet - INFO - Epoch [1][17250/30895]	lr: 1.385e-05, eta: 28 days, 17:42:51, time: 2.008, data_time: 0.624, memory: 18781, loss_cls: 0.4989, loss_bbox: 0.8616, d0.loss_cls: 0.5283, d0.loss_bbox: 0.9969, d1.loss_cls: 0.5085, d1.loss_bbox: 0.8991, d2.loss_cls: 0.5034, d2.loss_bbox: 0.8772, d3.loss_cls: 0.4999, d3.loss_bbox: 0.8696, d4.loss_cls: 0.5004, d4.loss_bbox: 0.8632, aux_task0.loss_heatmap: 0.6409, aux_task0.loss_bbox: 0.2942, aux_task1.loss_heatmap: 0.8569, aux_task1.loss_bbox: 0.3371, aux_task2.loss_heatmap: 0.9083, aux_task2.loss_bbox: 0.3616, aux_task3.loss_heatmap: 0.6381, aux_task3.loss_bbox: 0.2878, aux_task4.loss_heatmap: 0.5319, aux_task4.loss_bbox: 0.3071, aux_task5.loss_heatmap: 0.5371, aux_task5.loss_bbox: 0.3005, loss: 14.4085, grad_norm: 68.6993
2025-06-22 15:14:01,769 - mmdet - INFO - Epoch [1][17300/30895]	lr: 1.385e-05, eta: 28 days, 16:35:53, time: 1.938, data_time: 0.404, memory: 18781, loss_cls: 0.5028, loss_bbox: 0.8602, d0.loss_cls: 0.5292, d0.loss_bbox: 0.9926, d1.loss_cls: 0.5092, d1.loss_bbox: 0.8959, d2.loss_cls: 0.5032, d2.loss_bbox: 0.8773, d3.loss_cls: 0.5012, d3.loss_bbox: 0.8678, d4.loss_cls: 0.5022, d4.loss_bbox: 0.8625, aux_task0.loss_heatmap: 0.6512, aux_task0.loss_bbox: 0.2873, aux_task1.loss_heatmap: 0.8681, aux_task1.loss_bbox: 0.3373, aux_task2.loss_heatmap: 0.8809, aux_task2.loss_bbox: 0.3625, aux_task3.loss_heatmap: 0.6474, aux_task3.loss_bbox: 0.2975, aux_task4.loss_heatmap: 0.5320, aux_task4.loss_bbox: 0.3048, aux_task5.loss_heatmap: 0.5311, aux_task5.loss_bbox: 0.3048, loss: 14.4089, grad_norm: 74.3308
2025-06-22 15:15:36,097 - mmdet - INFO - Epoch [1][17350/30895]	lr: 1.386e-05, eta: 28 days, 15:27:47, time: 1.886, data_time: 0.362, memory: 18781, loss_cls: 0.5097, loss_bbox: 0.8529, d0.loss_cls: 0.5386, d0.loss_bbox: 0.9967, d1.loss_cls: 0.5178, d1.loss_bbox: 0.8934, d2.loss_cls: 0.5110, d2.loss_bbox: 0.8724, d3.loss_cls: 0.5103, d3.loss_bbox: 0.8627, d4.loss_cls: 0.5092, d4.loss_bbox: 0.8566, aux_task0.loss_heatmap: 0.6463, aux_task0.loss_bbox: 0.2911, aux_task1.loss_heatmap: 0.8599, aux_task1.loss_bbox: 0.3357, aux_task2.loss_heatmap: 0.8957, aux_task2.loss_bbox: 0.3656, aux_task3.loss_heatmap: 0.6264, aux_task3.loss_bbox: 0.2922, aux_task4.loss_heatmap: 0.5219, aux_task4.loss_bbox: 0.3076, aux_task5.loss_heatmap: 0.5177, aux_task5.loss_bbox: 0.2971, loss: 14.3885, grad_norm: 70.4347
2025-06-22 15:17:17,019 - mmdet - INFO - Epoch [1][17400/30895]	lr: 1.387e-05, eta: 28 days, 14:23:54, time: 2.019, data_time: 0.544, memory: 18781, loss_cls: 0.5088, loss_bbox: 0.8588, d0.loss_cls: 0.5363, d0.loss_bbox: 1.0007, d1.loss_cls: 0.5163, d1.loss_bbox: 0.8975, d2.loss_cls: 0.5103, d2.loss_bbox: 0.8781, d3.loss_cls: 0.5088, d3.loss_bbox: 0.8678, d4.loss_cls: 0.5082, d4.loss_bbox: 0.8620, aux_task0.loss_heatmap: 0.6379, aux_task0.loss_bbox: 0.2801, aux_task1.loss_heatmap: 0.8912, aux_task1.loss_bbox: 0.3371, aux_task2.loss_heatmap: 0.9038, aux_task2.loss_bbox: 0.3664, aux_task3.loss_heatmap: 0.6547, aux_task3.loss_bbox: 0.2934, aux_task4.loss_heatmap: 0.5324, aux_task4.loss_bbox: 0.3095, aux_task5.loss_heatmap: 0.5106, aux_task5.loss_bbox: 0.3021, loss: 14.4728, grad_norm: 70.3196
2025-06-22 15:18:47,252 - mmdet - INFO - Epoch [1][17450/30895]	lr: 1.388e-05, eta: 28 days, 13:14:13, time: 1.805, data_time: 0.393, memory: 18781, loss_cls: 0.5061, loss_bbox: 0.8620, d0.loss_cls: 0.5343, d0.loss_bbox: 1.0023, d1.loss_cls: 0.5135, d1.loss_bbox: 0.9034, d2.loss_cls: 0.5071, d2.loss_bbox: 0.8819, d3.loss_cls: 0.5076, d3.loss_bbox: 0.8700, d4.loss_cls: 0.5055, d4.loss_bbox: 0.8653, aux_task0.loss_heatmap: 0.6663, aux_task0.loss_bbox: 0.2851, aux_task1.loss_heatmap: 0.8471, aux_task1.loss_bbox: 0.3266, aux_task2.loss_heatmap: 0.9106, aux_task2.loss_bbox: 0.3535, aux_task3.loss_heatmap: 0.6285, aux_task3.loss_bbox: 0.2881, aux_task4.loss_heatmap: 0.5518, aux_task4.loss_bbox: 0.3081, aux_task5.loss_heatmap: 0.5210, aux_task5.loss_bbox: 0.3029, loss: 14.4484, grad_norm: 70.9894
2025-06-22 15:20:22,773 - mmdet - INFO - Epoch [1][17500/30895]	lr: 1.389e-05, eta: 28 days, 12:07:57, time: 1.910, data_time: 0.164, memory: 19116, loss_cls: 0.5054, loss_bbox: 0.8531, d0.loss_cls: 0.5319, d0.loss_bbox: 0.9981, d1.loss_cls: 0.5127, d1.loss_bbox: 0.8946, d2.loss_cls: 0.5082, d2.loss_bbox: 0.8737, d3.loss_cls: 0.5067, d3.loss_bbox: 0.8611, d4.loss_cls: 0.5055, d4.loss_bbox: 0.8545, aux_task0.loss_heatmap: 0.6040, aux_task0.loss_bbox: 0.2889, aux_task1.loss_heatmap: 0.8815, aux_task1.loss_bbox: 0.3375, aux_task2.loss_heatmap: 0.9014, aux_task2.loss_bbox: 0.3547, aux_task3.loss_heatmap: 0.7191, aux_task3.loss_bbox: 0.2927, aux_task4.loss_heatmap: 0.5266, aux_task4.loss_bbox: 0.3042, aux_task5.loss_heatmap: 0.5103, aux_task5.loss_bbox: 0.3037, loss: 14.4301, grad_norm: 70.8200
2025-06-22 15:22:03,400 - mmdet - INFO - Epoch [1][17550/30895]	lr: 1.389e-05, eta: 28 days, 11:04:58, time: 2.013, data_time: 0.609, memory: 19116, loss_cls: 0.4982, loss_bbox: 0.8588, d0.loss_cls: 0.5275, d0.loss_bbox: 1.0025, d1.loss_cls: 0.5077, d1.loss_bbox: 0.8995, d2.loss_cls: 0.5021, d2.loss_bbox: 0.8781, d3.loss_cls: 0.5010, d3.loss_bbox: 0.8677, d4.loss_cls: 0.4982, d4.loss_bbox: 0.8626, aux_task0.loss_heatmap: 0.6249, aux_task0.loss_bbox: 0.2842, aux_task1.loss_heatmap: 0.8836, aux_task1.loss_bbox: 0.3358, aux_task2.loss_heatmap: 0.8963, aux_task2.loss_bbox: 0.3588, aux_task3.loss_heatmap: 0.6547, aux_task3.loss_bbox: 0.2999, aux_task4.loss_heatmap: 0.5316, aux_task4.loss_bbox: 0.3028, aux_task5.loss_heatmap: 0.5021, aux_task5.loss_bbox: 0.3018, loss: 14.3806, grad_norm: 72.7638
2025-06-22 15:23:37,441 - mmdet - INFO - Epoch [1][17600/30895]	lr: 1.390e-05, eta: 28 days, 9:58:36, time: 1.881, data_time: 0.476, memory: 19116, loss_cls: 0.4998, loss_bbox: 0.8561, d0.loss_cls: 0.5272, d0.loss_bbox: 0.9985, d1.loss_cls: 0.5086, d1.loss_bbox: 0.8951, d2.loss_cls: 0.5011, d2.loss_bbox: 0.8759, d3.loss_cls: 0.5003, d3.loss_bbox: 0.8634, d4.loss_cls: 0.5007, d4.loss_bbox: 0.8578, aux_task0.loss_heatmap: 0.6149, aux_task0.loss_bbox: 0.2805, aux_task1.loss_heatmap: 0.8454, aux_task1.loss_bbox: 0.3369, aux_task2.loss_heatmap: 0.9035, aux_task2.loss_bbox: 0.3631, aux_task3.loss_heatmap: 0.6807, aux_task3.loss_bbox: 0.2941, aux_task4.loss_heatmap: 0.5476, aux_task4.loss_bbox: 0.3045, aux_task5.loss_heatmap: 0.5372, aux_task5.loss_bbox: 0.3053, loss: 14.3978, grad_norm: 68.2308
2025-06-22 15:25:16,500 - mmdet - INFO - Epoch [1][17650/30895]	lr: 1.391e-05, eta: 28 days, 8:55:25, time: 1.981, data_time: 0.563, memory: 19116, loss_cls: 0.5058, loss_bbox: 0.8559, d0.loss_cls: 0.5347, d0.loss_bbox: 0.9937, d1.loss_cls: 0.5116, d1.loss_bbox: 0.8933, d2.loss_cls: 0.5083, d2.loss_bbox: 0.8711, d3.loss_cls: 0.5062, d3.loss_bbox: 0.8622, d4.loss_cls: 0.5053, d4.loss_bbox: 0.8581, aux_task0.loss_heatmap: 0.6233, aux_task0.loss_bbox: 0.2823, aux_task1.loss_heatmap: 0.8371, aux_task1.loss_bbox: 0.3350, aux_task2.loss_heatmap: 0.8676, aux_task2.loss_bbox: 0.3504, aux_task3.loss_heatmap: 0.6729, aux_task3.loss_bbox: 0.3019, aux_task4.loss_heatmap: 0.5267, aux_task4.loss_bbox: 0.3103, aux_task5.loss_heatmap: 0.5370, aux_task5.loss_bbox: 0.3079, loss: 14.3585, grad_norm: 70.3847
2025-06-22 15:26:53,035 - mmdet - INFO - Epoch [1][17700/30895]	lr: 1.392e-05, eta: 28 days, 7:51:11, time: 1.931, data_time: 0.397, memory: 19116, loss_cls: 0.4962, loss_bbox: 0.8508, d0.loss_cls: 0.5242, d0.loss_bbox: 0.9882, d1.loss_cls: 0.5026, d1.loss_bbox: 0.8870, d2.loss_cls: 0.4959, d2.loss_bbox: 0.8667, d3.loss_cls: 0.4969, d3.loss_bbox: 0.8560, d4.loss_cls: 0.4973, d4.loss_bbox: 0.8511, aux_task0.loss_heatmap: 0.6190, aux_task0.loss_bbox: 0.2891, aux_task1.loss_heatmap: 0.8453, aux_task1.loss_bbox: 0.3333, aux_task2.loss_heatmap: 0.8903, aux_task2.loss_bbox: 0.3524, aux_task3.loss_heatmap: 0.6618, aux_task3.loss_bbox: 0.2925, aux_task4.loss_heatmap: 0.5188, aux_task4.loss_bbox: 0.3078, aux_task5.loss_heatmap: 0.5337, aux_task5.loss_bbox: 0.2986, loss: 14.2558, grad_norm: 73.5472
2025-06-22 15:28:55,761 - mmdet - INFO - Epoch [1][17750/30895]	lr: 1.393e-05, eta: 28 days, 7:02:03, time: 2.455, data_time: 1.049, memory: 19116, loss_cls: 0.5027, loss_bbox: 0.8517, d0.loss_cls: 0.5266, d0.loss_bbox: 0.9948, d1.loss_cls: 0.5075, d1.loss_bbox: 0.8941, d2.loss_cls: 0.5034, d2.loss_bbox: 0.8708, d3.loss_cls: 0.5027, d3.loss_bbox: 0.8599, d4.loss_cls: 0.5020, d4.loss_bbox: 0.8544, aux_task0.loss_heatmap: 0.6184, aux_task0.loss_bbox: 0.2871, aux_task1.loss_heatmap: 0.8694, aux_task1.loss_bbox: 0.3335, aux_task2.loss_heatmap: 0.9012, aux_task2.loss_bbox: 0.3528, aux_task3.loss_heatmap: 0.6929, aux_task3.loss_bbox: 0.2920, aux_task4.loss_heatmap: 0.5379, aux_task4.loss_bbox: 0.3077, aux_task5.loss_heatmap: 0.5204, aux_task5.loss_bbox: 0.3056, loss: 14.3893, grad_norm: 66.6313
2025-06-22 15:30:23,331 - mmdet - INFO - Epoch [1][17800/30895]	lr: 1.393e-05, eta: 28 days, 5:53:25, time: 1.751, data_time: 0.247, memory: 19116, loss_cls: 0.5054, loss_bbox: 0.8598, d0.loss_cls: 0.5321, d0.loss_bbox: 1.0038, d1.loss_cls: 0.5130, d1.loss_bbox: 0.8999, d2.loss_cls: 0.5058, d2.loss_bbox: 0.8797, d3.loss_cls: 0.5063, d3.loss_bbox: 0.8679, d4.loss_cls: 0.5052, d4.loss_bbox: 0.8628, aux_task0.loss_heatmap: 0.6183, aux_task0.loss_bbox: 0.2841, aux_task1.loss_heatmap: 0.8337, aux_task1.loss_bbox: 0.3319, aux_task2.loss_heatmap: 0.8759, aux_task2.loss_bbox: 0.3610, aux_task3.loss_heatmap: 0.6657, aux_task3.loss_bbox: 0.2896, aux_task4.loss_heatmap: 0.5315, aux_task4.loss_bbox: 0.3090, aux_task5.loss_heatmap: 0.5084, aux_task5.loss_bbox: 0.3024, loss: 14.3530, grad_norm: 71.7293
2025-06-22 15:32:03,572 - mmdet - INFO - Epoch [1][17850/30895]	lr: 1.394e-05, eta: 28 days, 4:52:16, time: 2.005, data_time: 0.034, memory: 19116, loss_cls: 0.4952, loss_bbox: 0.8463, d0.loss_cls: 0.5185, d0.loss_bbox: 0.9833, d1.loss_cls: 0.4979, d1.loss_bbox: 0.8853, d2.loss_cls: 0.4931, d2.loss_bbox: 0.8650, d3.loss_cls: 0.4939, d3.loss_bbox: 0.8536, d4.loss_cls: 0.4944, d4.loss_bbox: 0.8490, aux_task0.loss_heatmap: 0.5951, aux_task0.loss_bbox: 0.2832, aux_task1.loss_heatmap: 0.8347, aux_task1.loss_bbox: 0.3368, aux_task2.loss_heatmap: 0.8798, aux_task2.loss_bbox: 0.3637, aux_task3.loss_heatmap: 0.6204, aux_task3.loss_bbox: 0.2978, aux_task4.loss_heatmap: 0.5201, aux_task4.loss_bbox: 0.3057, aux_task5.loss_heatmap: 0.5136, aux_task5.loss_bbox: 0.3027, loss: 14.1293, grad_norm: 75.9209
2025-06-22 15:33:42,021 - mmdet - INFO - Epoch [1][17900/30895]	lr: 1.395e-05, eta: 28 days, 3:50:27, time: 1.969, data_time: 0.093, memory: 19116, loss_cls: 0.4988, loss_bbox: 0.8491, d0.loss_cls: 0.5245, d0.loss_bbox: 0.9874, d1.loss_cls: 0.5082, d1.loss_bbox: 0.8844, d2.loss_cls: 0.5016, d2.loss_bbox: 0.8656, d3.loss_cls: 0.5012, d3.loss_bbox: 0.8554, d4.loss_cls: 0.4989, d4.loss_bbox: 0.8507, aux_task0.loss_heatmap: 0.6165, aux_task0.loss_bbox: 0.2780, aux_task1.loss_heatmap: 0.8895, aux_task1.loss_bbox: 0.3344, aux_task2.loss_heatmap: 0.9107, aux_task2.loss_bbox: 0.3556, aux_task3.loss_heatmap: 0.6203, aux_task3.loss_bbox: 0.2989, aux_task4.loss_heatmap: 0.5313, aux_task4.loss_bbox: 0.3043, aux_task5.loss_heatmap: 0.5482, aux_task5.loss_bbox: 0.3034, loss: 14.3171, grad_norm: 66.4899
2025-06-22 15:35:24,904 - mmdet - INFO - Epoch [1][17950/30895]	lr: 1.396e-05, eta: 28 days, 2:51:26, time: 2.058, data_time: 0.057, memory: 19116, loss_cls: 0.4943, loss_bbox: 0.8430, d0.loss_cls: 0.5222, d0.loss_bbox: 0.9854, d1.loss_cls: 0.5021, d1.loss_bbox: 0.8837, d2.loss_cls: 0.4956, d2.loss_bbox: 0.8634, d3.loss_cls: 0.4941, d3.loss_bbox: 0.8523, d4.loss_cls: 0.4947, d4.loss_bbox: 0.8449, aux_task0.loss_heatmap: 0.6328, aux_task0.loss_bbox: 0.2830, aux_task1.loss_heatmap: 0.8549, aux_task1.loss_bbox: 0.3298, aux_task2.loss_heatmap: 0.8675, aux_task2.loss_bbox: 0.3634, aux_task3.loss_heatmap: 0.6776, aux_task3.loss_bbox: 0.2952, aux_task4.loss_heatmap: 0.5272, aux_task4.loss_bbox: 0.3049, aux_task5.loss_heatmap: 0.4908, aux_task5.loss_bbox: 0.3020, loss: 14.2047, grad_norm: 68.0236
2025-06-22 15:36:59,643 - mmdet - INFO - Exp name: lidar_0075v_900q_split1_2x2_hednetmiddleencoder_hednetbackbone4_dss0511_dp03_hugeep2_num2_conv_xy_rope.py
2025-06-22 15:36:59,643 - mmdet - INFO - Epoch [1][18000/30895]	lr: 1.397e-05, eta: 28 days, 1:48:13, time: 1.895, data_time: 0.192, memory: 19116, loss_cls: 0.5061, loss_bbox: 0.8527, d0.loss_cls: 0.5329, d0.loss_bbox: 0.9949, d1.loss_cls: 0.5145, d1.loss_bbox: 0.8927, d2.loss_cls: 0.5076, d2.loss_bbox: 0.8718, d3.loss_cls: 0.5048, d3.loss_bbox: 0.8601, d4.loss_cls: 0.5053, d4.loss_bbox: 0.8549, aux_task0.loss_heatmap: 0.6629, aux_task0.loss_bbox: 0.3002, aux_task1.loss_heatmap: 0.8761, aux_task1.loss_bbox: 0.3361, aux_task2.loss_heatmap: 0.8826, aux_task2.loss_bbox: 0.3579, aux_task3.loss_heatmap: 0.6723, aux_task3.loss_bbox: 0.2992, aux_task4.loss_heatmap: 0.5423, aux_task4.loss_bbox: 0.3045, aux_task5.loss_heatmap: 0.5202, aux_task5.loss_bbox: 0.3016, loss: 14.4543, grad_norm: 73.4186
2025-06-22 15:38:35,371 - mmdet - INFO - Epoch [1][18050/30895]	lr: 1.397e-05, eta: 28 days, 0:45:53, time: 1.914, data_time: 0.401, memory: 19116, loss_cls: 0.4934, loss_bbox: 0.8586, d0.loss_cls: 0.5215, d0.loss_bbox: 0.9961, d1.loss_cls: 0.5022, d1.loss_bbox: 0.8964, d2.loss_cls: 0.4959, d2.loss_bbox: 0.8765, d3.loss_cls: 0.4951, d3.loss_bbox: 0.8655, d4.loss_cls: 0.4930, d4.loss_bbox: 0.8613, aux_task0.loss_heatmap: 0.6075, aux_task0.loss_bbox: 0.2813, aux_task1.loss_heatmap: 0.8533, aux_task1.loss_bbox: 0.3360, aux_task2.loss_heatmap: 0.9129, aux_task2.loss_bbox: 0.3630, aux_task3.loss_heatmap: 0.7263, aux_task3.loss_bbox: 0.3044, aux_task4.loss_heatmap: 0.5320, aux_task4.loss_bbox: 0.3075, aux_task5.loss_heatmap: 0.5087, aux_task5.loss_bbox: 0.3031, loss: 14.3915, grad_norm: 72.3106
2025-06-22 15:40:11,545 - mmdet - INFO - Epoch [1][18100/30895]	lr: 1.398e-05, eta: 27 days, 23:44:09, time: 1.924, data_time: 0.525, memory: 19116, loss_cls: 0.4992, loss_bbox: 0.8607, d0.loss_cls: 0.5271, d0.loss_bbox: 0.9955, d1.loss_cls: 0.5042, d1.loss_bbox: 0.9001, d2.loss_cls: 0.4991, d2.loss_bbox: 0.8792, d3.loss_cls: 0.4977, d3.loss_bbox: 0.8697, d4.loss_cls: 0.4991, d4.loss_bbox: 0.8631, aux_task0.loss_heatmap: 0.6448, aux_task0.loss_bbox: 0.2903, aux_task1.loss_heatmap: 0.8625, aux_task1.loss_bbox: 0.3331, aux_task2.loss_heatmap: 0.8923, aux_task2.loss_bbox: 0.3576, aux_task3.loss_heatmap: 0.6371, aux_task3.loss_bbox: 0.3035, aux_task4.loss_heatmap: 0.5312, aux_task4.loss_bbox: 0.3027, aux_task5.loss_heatmap: 0.5034, aux_task5.loss_bbox: 0.2997, loss: 14.3528, grad_norm: 70.1135
2025-06-22 15:41:53,153 - mmdet - INFO - Epoch [1][18150/30895]	lr: 1.399e-05, eta: 27 days, 22:45:42, time: 2.032, data_time: 0.525, memory: 19116, loss_cls: 0.4996, loss_bbox: 0.8420, d0.loss_cls: 0.5236, d0.loss_bbox: 0.9853, d1.loss_cls: 0.5065, d1.loss_bbox: 0.8859, d2.loss_cls: 0.4998, d2.loss_bbox: 0.8648, d3.loss_cls: 0.4986, d3.loss_bbox: 0.8529, d4.loss_cls: 0.4997, d4.loss_bbox: 0.8461, aux_task0.loss_heatmap: 0.5906, aux_task0.loss_bbox: 0.2821, aux_task1.loss_heatmap: 0.8432, aux_task1.loss_bbox: 0.3349, aux_task2.loss_heatmap: 0.8659, aux_task2.loss_bbox: 0.3596, aux_task3.loss_heatmap: 0.6378, aux_task3.loss_bbox: 0.2927, aux_task4.loss_heatmap: 0.5182, aux_task4.loss_bbox: 0.3047, aux_task5.loss_heatmap: 0.5078, aux_task5.loss_bbox: 0.2983, loss: 14.1403, grad_norm: 70.5686
2025-06-22 15:43:22,501 - mmdet - INFO - Epoch [1][18200/30895]	lr: 1.400e-05, eta: 27 days, 21:40:53, time: 1.788, data_time: 0.386, memory: 19116, loss_cls: 0.5018, loss_bbox: 0.8520, d0.loss_cls: 0.5289, d0.loss_bbox: 0.9908, d1.loss_cls: 0.5070, d1.loss_bbox: 0.8915, d2.loss_cls: 0.5019, d2.loss_bbox: 0.8703, d3.loss_cls: 0.5010, d3.loss_bbox: 0.8608, d4.loss_cls: 0.5010, d4.loss_bbox: 0.8549, aux_task0.loss_heatmap: 0.6511, aux_task0.loss_bbox: 0.2893, aux_task1.loss_heatmap: 0.8372, aux_task1.loss_bbox: 0.3280, aux_task2.loss_heatmap: 0.8623, aux_task2.loss_bbox: 0.3558, aux_task3.loss_heatmap: 0.6861, aux_task3.loss_bbox: 0.2975, aux_task4.loss_heatmap: 0.5203, aux_task4.loss_bbox: 0.2984, aux_task5.loss_heatmap: 0.5449, aux_task5.loss_bbox: 0.3048, loss: 14.3377, grad_norm: 76.0092
2025-06-22 15:45:01,950 - mmdet - INFO - Epoch [1][18250/30895]	lr: 1.401e-05, eta: 27 days, 20:41:55, time: 1.989, data_time: 0.538, memory: 19116, loss_cls: 0.5121, loss_bbox: 0.8605, d0.loss_cls: 0.5374, d0.loss_bbox: 1.0007, d1.loss_cls: 0.5186, d1.loss_bbox: 0.8996, d2.loss_cls: 0.5143, d2.loss_bbox: 0.8772, d3.loss_cls: 0.5127, d3.loss_bbox: 0.8678, d4.loss_cls: 0.5119, d4.loss_bbox: 0.8625, aux_task0.loss_heatmap: 0.6403, aux_task0.loss_bbox: 0.2935, aux_task1.loss_heatmap: 0.8721, aux_task1.loss_bbox: 0.3336, aux_task2.loss_heatmap: 0.8916, aux_task2.loss_bbox: 0.3603, aux_task3.loss_heatmap: 0.7113, aux_task3.loss_bbox: 0.3009, aux_task4.loss_heatmap: 0.5038, aux_task4.loss_bbox: 0.3034, aux_task5.loss_heatmap: 0.5435, aux_task5.loss_bbox: 0.3033, loss: 14.5329, grad_norm: 71.5743
2025-06-22 15:46:34,200 - mmdet - INFO - Epoch [1][18300/30895]	lr: 1.401e-05, eta: 27 days, 19:39:20, time: 1.845, data_time: 0.376, memory: 19116, loss_cls: 0.4996, loss_bbox: 0.8483, d0.loss_cls: 0.5294, d0.loss_bbox: 0.9895, d1.loss_cls: 0.5091, d1.loss_bbox: 0.8869, d2.loss_cls: 0.5024, d2.loss_bbox: 0.8649, d3.loss_cls: 0.4998, d3.loss_bbox: 0.8560, d4.loss_cls: 0.4997, d4.loss_bbox: 0.8505, aux_task0.loss_heatmap: 0.6415, aux_task0.loss_bbox: 0.2910, aux_task1.loss_heatmap: 0.8523, aux_task1.loss_bbox: 0.3328, aux_task2.loss_heatmap: 0.8893, aux_task2.loss_bbox: 0.3547, aux_task3.loss_heatmap: 0.6640, aux_task3.loss_bbox: 0.2859, aux_task4.loss_heatmap: 0.5175, aux_task4.loss_bbox: 0.3004, aux_task5.loss_heatmap: 0.4954, aux_task5.loss_bbox: 0.3014, loss: 14.2625, grad_norm: 69.0962
2025-06-22 15:48:06,807 - mmdet - INFO - Epoch [1][18350/30895]	lr: 1.402e-05, eta: 27 days, 18:37:17, time: 1.852, data_time: 0.440, memory: 19116, loss_cls: 0.4930, loss_bbox: 0.8468, d0.loss_cls: 0.5219, d0.loss_bbox: 0.9854, d1.loss_cls: 0.4993, d1.loss_bbox: 0.8865, d2.loss_cls: 0.4954, d2.loss_bbox: 0.8645, d3.loss_cls: 0.4942, d3.loss_bbox: 0.8533, d4.loss_cls: 0.4925, d4.loss_bbox: 0.8491, aux_task0.loss_heatmap: 0.6117, aux_task0.loss_bbox: 0.2855, aux_task1.loss_heatmap: 0.8373, aux_task1.loss_bbox: 0.3312, aux_task2.loss_heatmap: 0.8648, aux_task2.loss_bbox: 0.3531, aux_task3.loss_heatmap: 0.5840, aux_task3.loss_bbox: 0.2906, aux_task4.loss_heatmap: 0.5233, aux_task4.loss_bbox: 0.3072, aux_task5.loss_heatmap: 0.4959, aux_task5.loss_bbox: 0.3009, loss: 14.0673, grad_norm: 64.7807
2025-06-22 15:49:42,317 - mmdet - INFO - Epoch [1][18400/30895]	lr: 1.403e-05, eta: 27 days, 17:37:08, time: 1.910, data_time: 0.427, memory: 19116, loss_cls: 0.4949, loss_bbox: 0.8389, d0.loss_cls: 0.5174, d0.loss_bbox: 0.9796, d1.loss_cls: 0.5014, d1.loss_bbox: 0.8796, d2.loss_cls: 0.4953, d2.loss_bbox: 0.8568, d3.loss_cls: 0.4959, d3.loss_bbox: 0.8459, d4.loss_cls: 0.4960, d4.loss_bbox: 0.8415, aux_task0.loss_heatmap: 0.6177, aux_task0.loss_bbox: 0.2761, aux_task1.loss_heatmap: 0.8316, aux_task1.loss_bbox: 0.3309, aux_task2.loss_heatmap: 0.8534, aux_task2.loss_bbox: 0.3515, aux_task3.loss_heatmap: 0.6022, aux_task3.loss_bbox: 0.2882, aux_task4.loss_heatmap: 0.5293, aux_task4.loss_bbox: 0.3005, aux_task5.loss_heatmap: 0.5097, aux_task5.loss_bbox: 0.3034, loss: 14.0377, grad_norm: 69.6266
2025-06-22 15:51:17,632 - mmdet - INFO - Epoch [1][18450/30895]	lr: 1.404e-05, eta: 27 days, 16:37:11, time: 1.906, data_time: 0.173, memory: 19116, loss_cls: 0.5006, loss_bbox: 0.8459, d0.loss_cls: 0.5264, d0.loss_bbox: 0.9826, d1.loss_cls: 0.5098, d1.loss_bbox: 0.8828, d2.loss_cls: 0.5016, d2.loss_bbox: 0.8650, d3.loss_cls: 0.5006, d3.loss_bbox: 0.8536, d4.loss_cls: 0.5008, d4.loss_bbox: 0.8482, aux_task0.loss_heatmap: 0.6417, aux_task0.loss_bbox: 0.2878, aux_task1.loss_heatmap: 0.8516, aux_task1.loss_bbox: 0.3351, aux_task2.loss_heatmap: 0.8857, aux_task2.loss_bbox: 0.3541, aux_task3.loss_heatmap: 0.6464, aux_task3.loss_bbox: 0.2860, aux_task4.loss_heatmap: 0.5346, aux_task4.loss_bbox: 0.3015, aux_task5.loss_heatmap: 0.4796, aux_task5.loss_bbox: 0.2958, loss: 14.2177, grad_norm: 71.2823
2025-06-22 15:53:00,382 - mmdet - INFO - Epoch [1][18500/30895]	lr: 1.405e-05, eta: 27 days, 15:41:35, time: 2.055, data_time: 0.470, memory: 19116, loss_cls: 0.4914, loss_bbox: 0.8503, d0.loss_cls: 0.5136, d0.loss_bbox: 0.9859, d1.loss_cls: 0.4945, d1.loss_bbox: 0.8867, d2.loss_cls: 0.4899, d2.loss_bbox: 0.8674, d3.loss_cls: 0.4909, d3.loss_bbox: 0.8567, d4.loss_cls: 0.4910, d4.loss_bbox: 0.8523, aux_task0.loss_heatmap: 0.6070, aux_task0.loss_bbox: 0.2797, aux_task1.loss_heatmap: 0.8680, aux_task1.loss_bbox: 0.3385, aux_task2.loss_heatmap: 0.8725, aux_task2.loss_bbox: 0.3507, aux_task3.loss_heatmap: 0.6081, aux_task3.loss_bbox: 0.2977, aux_task4.loss_heatmap: 0.5206, aux_task4.loss_bbox: 0.3010, aux_task5.loss_heatmap: 0.5391, aux_task5.loss_bbox: 0.3035, loss: 14.1569, grad_norm: 68.5058
2025-06-22 15:54:33,145 - mmdet - INFO - Epoch [1][18550/30895]	lr: 1.406e-05, eta: 27 days, 14:40:53, time: 1.855, data_time: 0.207, memory: 19116, loss_cls: 0.5080, loss_bbox: 0.8561, d0.loss_cls: 0.5306, d0.loss_bbox: 0.9983, d1.loss_cls: 0.5134, d1.loss_bbox: 0.8949, d2.loss_cls: 0.5073, d2.loss_bbox: 0.8750, d3.loss_cls: 0.5068, d3.loss_bbox: 0.8634, d4.loss_cls: 0.5075, d4.loss_bbox: 0.8578, aux_task0.loss_heatmap: 0.6004, aux_task0.loss_bbox: 0.2760, aux_task1.loss_heatmap: 0.8850, aux_task1.loss_bbox: 0.3372, aux_task2.loss_heatmap: 0.8788, aux_task2.loss_bbox: 0.3555, aux_task3.loss_heatmap: 0.7087, aux_task3.loss_bbox: 0.2845, aux_task4.loss_heatmap: 0.5256, aux_task4.loss_bbox: 0.3030, aux_task5.loss_heatmap: 0.5122, aux_task5.loss_bbox: 0.3024, loss: 14.3884, grad_norm: 71.6530
2025-06-22 15:56:05,617 - mmdet - INFO - Epoch [1][18600/30895]	lr: 1.406e-05, eta: 27 days, 13:40:21, time: 1.849, data_time: 0.399, memory: 19116, loss_cls: 0.4892, loss_bbox: 0.8538, d0.loss_cls: 0.5185, d0.loss_bbox: 0.9968, d1.loss_cls: 0.4970, d1.loss_bbox: 0.8933, d2.loss_cls: 0.4922, d2.loss_bbox: 0.8716, d3.loss_cls: 0.4915, d3.loss_bbox: 0.8609, d4.loss_cls: 0.4892, d4.loss_bbox: 0.8552, aux_task0.loss_heatmap: 0.6208, aux_task0.loss_bbox: 0.2847, aux_task1.loss_heatmap: 0.8406, aux_task1.loss_bbox: 0.3355, aux_task2.loss_heatmap: 0.9047, aux_task2.loss_bbox: 0.3547, aux_task3.loss_heatmap: 0.6577, aux_task3.loss_bbox: 0.2895, aux_task4.loss_heatmap: 0.5201, aux_task4.loss_bbox: 0.3066, aux_task5.loss_heatmap: 0.4970, aux_task5.loss_bbox: 0.3020, loss: 14.2229, grad_norm: 70.1909
2025-06-22 15:57:48,785 - mmdet - INFO - Epoch [1][18650/30895]	lr: 1.407e-05, eta: 27 days, 12:45:52, time: 2.063, data_time: 0.639, memory: 19116, loss_cls: 0.5044, loss_bbox: 0.8496, d0.loss_cls: 0.5257, d0.loss_bbox: 0.9832, d1.loss_cls: 0.5073, d1.loss_bbox: 0.8854, d2.loss_cls: 0.5048, d2.loss_bbox: 0.8653, d3.loss_cls: 0.5041, d3.loss_bbox: 0.8559, d4.loss_cls: 0.5034, d4.loss_bbox: 0.8531, aux_task0.loss_heatmap: 0.6291, aux_task0.loss_bbox: 0.2845, aux_task1.loss_heatmap: 0.8506, aux_task1.loss_bbox: 0.3312, aux_task2.loss_heatmap: 0.9020, aux_task2.loss_bbox: 0.3564, aux_task3.loss_heatmap: 0.6636, aux_task3.loss_bbox: 0.2918, aux_task4.loss_heatmap: 0.5221, aux_task4.loss_bbox: 0.3049, aux_task5.loss_heatmap: 0.5313, aux_task5.loss_bbox: 0.3018, loss: 14.3115, grad_norm: 72.9984
2025-06-22 15:59:27,201 - mmdet - INFO - Epoch [1][18700/30895]	lr: 1.408e-05, eta: 27 days, 11:49:07, time: 1.968, data_time: 0.438, memory: 19116, loss_cls: 0.5036, loss_bbox: 0.8513, d0.loss_cls: 0.5293, d0.loss_bbox: 0.9917, d1.loss_cls: 0.5082, d1.loss_bbox: 0.8921, d2.loss_cls: 0.5047, d2.loss_bbox: 0.8703, d3.loss_cls: 0.5047, d3.loss_bbox: 0.8595, d4.loss_cls: 0.5042, d4.loss_bbox: 0.8541, aux_task0.loss_heatmap: 0.6097, aux_task0.loss_bbox: 0.2767, aux_task1.loss_heatmap: 0.8436, aux_task1.loss_bbox: 0.3293, aux_task2.loss_heatmap: 0.8975, aux_task2.loss_bbox: 0.3510, aux_task3.loss_heatmap: 0.7006, aux_task3.loss_bbox: 0.3048, aux_task4.loss_heatmap: 0.5196, aux_task4.loss_bbox: 0.3016, aux_task5.loss_heatmap: 0.5262, aux_task5.loss_bbox: 0.3014, loss: 14.3358, grad_norm: 71.7889
2025-06-22 16:01:04,325 - mmdet - INFO - Epoch [1][18750/30895]	lr: 1.409e-05, eta: 27 days, 10:51:58, time: 1.942, data_time: 0.259, memory: 19116, loss_cls: 0.4933, loss_bbox: 0.8391, d0.loss_cls: 0.5202, d0.loss_bbox: 0.9777, d1.loss_cls: 0.5001, d1.loss_bbox: 0.8757, d2.loss_cls: 0.4947, d2.loss_bbox: 0.8561, d3.loss_cls: 0.4932, d3.loss_bbox: 0.8483, d4.loss_cls: 0.4943, d4.loss_bbox: 0.8415, aux_task0.loss_heatmap: 0.6161, aux_task0.loss_bbox: 0.2799, aux_task1.loss_heatmap: 0.8251, aux_task1.loss_bbox: 0.3261, aux_task2.loss_heatmap: 0.8787, aux_task2.loss_bbox: 0.3521, aux_task3.loss_heatmap: 0.6205, aux_task3.loss_bbox: 0.2899, aux_task4.loss_heatmap: 0.5256, aux_task4.loss_bbox: 0.3024, aux_task5.loss_heatmap: 0.5343, aux_task5.loss_bbox: 0.3007, loss: 14.0856, grad_norm: 70.2168
2025-06-22 16:02:33,934 - mmdet - INFO - Epoch [1][18800/30895]	lr: 1.410e-05, eta: 27 days, 9:51:08, time: 1.792, data_time: 0.179, memory: 19116, loss_cls: 0.4906, loss_bbox: 0.8455, d0.loss_cls: 0.5194, d0.loss_bbox: 0.9821, d1.loss_cls: 0.4994, d1.loss_bbox: 0.8838, d2.loss_cls: 0.4916, d2.loss_bbox: 0.8639, d3.loss_cls: 0.4897, d3.loss_bbox: 0.8540, d4.loss_cls: 0.4910, d4.loss_bbox: 0.8481, aux_task0.loss_heatmap: 0.6068, aux_task0.loss_bbox: 0.2896, aux_task1.loss_heatmap: 0.8413, aux_task1.loss_bbox: 0.3386, aux_task2.loss_heatmap: 0.8658, aux_task2.loss_bbox: 0.3532, aux_task3.loss_heatmap: 0.6619, aux_task3.loss_bbox: 0.2854, aux_task4.loss_heatmap: 0.5276, aux_task4.loss_bbox: 0.3021, aux_task5.loss_heatmap: 0.5061, aux_task5.loss_bbox: 0.3020, loss: 14.1397, grad_norm: 69.8806
2025-06-22 16:04:10,819 - mmdet - INFO - Epoch [1][18850/30895]	lr: 1.411e-05, eta: 27 days, 8:54:28, time: 1.938, data_time: 0.342, memory: 19116, loss_cls: 0.4947, loss_bbox: 0.8484, d0.loss_cls: 0.5166, d0.loss_bbox: 0.9904, d1.loss_cls: 0.4990, d1.loss_bbox: 0.8864, d2.loss_cls: 0.4938, d2.loss_bbox: 0.8664, d3.loss_cls: 0.4928, d3.loss_bbox: 0.8565, d4.loss_cls: 0.4939, d4.loss_bbox: 0.8507, aux_task0.loss_heatmap: 0.6124, aux_task0.loss_bbox: 0.2926, aux_task1.loss_heatmap: 0.8622, aux_task1.loss_bbox: 0.3346, aux_task2.loss_heatmap: 0.8742, aux_task2.loss_bbox: 0.3595, aux_task3.loss_heatmap: 0.6181, aux_task3.loss_bbox: 0.2926, aux_task4.loss_heatmap: 0.5095, aux_task4.loss_bbox: 0.3004, aux_task5.loss_heatmap: 0.4995, aux_task5.loss_bbox: 0.3030, loss: 14.1484, grad_norm: 70.4993
2025-06-22 16:05:50,560 - mmdet - INFO - Epoch [1][18900/30895]	lr: 1.412e-05, eta: 27 days, 7:59:36, time: 1.995, data_time: 0.041, memory: 19116, loss_cls: 0.4932, loss_bbox: 0.8547, d0.loss_cls: 0.5185, d0.loss_bbox: 0.9884, d1.loss_cls: 0.5002, d1.loss_bbox: 0.8908, d2.loss_cls: 0.4929, d2.loss_bbox: 0.8728, d3.loss_cls: 0.4927, d3.loss_bbox: 0.8624, d4.loss_cls: 0.4921, d4.loss_bbox: 0.8574, aux_task0.loss_heatmap: 0.6508, aux_task0.loss_bbox: 0.2992, aux_task1.loss_heatmap: 0.8637, aux_task1.loss_bbox: 0.3378, aux_task2.loss_heatmap: 0.8862, aux_task2.loss_bbox: 0.3541, aux_task3.loss_heatmap: 0.6479, aux_task3.loss_bbox: 0.2976, aux_task4.loss_heatmap: 0.5262, aux_task4.loss_bbox: 0.3045, aux_task5.loss_heatmap: 0.5024, aux_task5.loss_bbox: 0.3037, loss: 14.2903, grad_norm: 68.7913
2025-06-22 16:07:32,018 - mmdet - INFO - Epoch [1][18950/30895]	lr: 1.412e-05, eta: 27 days, 7:05:55, time: 2.029, data_time: 0.480, memory: 19116, loss_cls: 0.5020, loss_bbox: 0.8506, d0.loss_cls: 0.5276, d0.loss_bbox: 0.9893, d1.loss_cls: 0.5063, d1.loss_bbox: 0.8898, d2.loss_cls: 0.5019, d2.loss_bbox: 0.8705, d3.loss_cls: 0.5019, d3.loss_bbox: 0.8597, d4.loss_cls: 0.5023, d4.loss_bbox: 0.8529, aux_task0.loss_heatmap: 0.6009, aux_task0.loss_bbox: 0.2804, aux_task1.loss_heatmap: 0.8249, aux_task1.loss_bbox: 0.3326, aux_task2.loss_heatmap: 0.8823, aux_task2.loss_bbox: 0.3483, aux_task3.loss_heatmap: 0.6512, aux_task3.loss_bbox: 0.2917, aux_task4.loss_heatmap: 0.5346, aux_task4.loss_bbox: 0.3056, aux_task5.loss_heatmap: 0.5210, aux_task5.loss_bbox: 0.3021, loss: 14.2304, grad_norm: 69.1067
2025-06-22 16:09:09,533 - mmdet - INFO - Exp name: lidar_0075v_900q_split1_2x2_hednetmiddleencoder_hednetbackbone4_dss0511_dp03_hugeep2_num2_conv_xy_rope.py
2025-06-22 16:09:09,534 - mmdet - INFO - Epoch [1][19000/30895]	lr: 1.413e-05, eta: 27 days, 6:10:27, time: 1.950, data_time: 0.031, memory: 19116, loss_cls: 0.5023, loss_bbox: 0.8547, d0.loss_cls: 0.5293, d0.loss_bbox: 0.9926, d1.loss_cls: 0.5084, d1.loss_bbox: 0.8919, d2.loss_cls: 0.5029, d2.loss_bbox: 0.8730, d3.loss_cls: 0.5025, d3.loss_bbox: 0.8620, d4.loss_cls: 0.5032, d4.loss_bbox: 0.8563, aux_task0.loss_heatmap: 0.6464, aux_task0.loss_bbox: 0.2913, aux_task1.loss_heatmap: 0.8291, aux_task1.loss_bbox: 0.3300, aux_task2.loss_heatmap: 0.8727, aux_task2.loss_bbox: 0.3514, aux_task3.loss_heatmap: 0.6537, aux_task3.loss_bbox: 0.2822, aux_task4.loss_heatmap: 0.5158, aux_task4.loss_bbox: 0.3043, aux_task5.loss_heatmap: 0.5157, aux_task5.loss_bbox: 0.3061, loss: 14.2777, grad_norm: 70.6187
2025-06-22 16:10:33,534 - mmdet - INFO - Epoch [1][19050/30895]	lr: 1.414e-05, eta: 27 days, 5:08:10, time: 1.680, data_time: 0.245, memory: 19116, loss_cls: 0.4937, loss_bbox: 0.8357, d0.loss_cls: 0.5150, d0.loss_bbox: 0.9758, d1.loss_cls: 0.4978, d1.loss_bbox: 0.8768, d2.loss_cls: 0.4936, d2.loss_bbox: 0.8558, d3.loss_cls: 0.4932, d3.loss_bbox: 0.8451, d4.loss_cls: 0.4925, d4.loss_bbox: 0.8400, aux_task0.loss_heatmap: 0.6094, aux_task0.loss_bbox: 0.2829, aux_task1.loss_heatmap: 0.8272, aux_task1.loss_bbox: 0.3263, aux_task2.loss_heatmap: 0.8735, aux_task2.loss_bbox: 0.3566, aux_task3.loss_heatmap: 0.6352, aux_task3.loss_bbox: 0.2948, aux_task4.loss_heatmap: 0.5306, aux_task4.loss_bbox: 0.3025, aux_task5.loss_heatmap: 0.5166, aux_task5.loss_bbox: 0.3017, loss: 14.0723, grad_norm: 70.8462
2025-06-22 16:12:10,879 - mmdet - INFO - Epoch [1][19100/30895]	lr: 1.415e-05, eta: 27 days, 4:13:11, time: 1.947, data_time: 0.049, memory: 19116, loss_cls: 0.4978, loss_bbox: 0.8418, d0.loss_cls: 0.5236, d0.loss_bbox: 0.9808, d1.loss_cls: 0.5055, d1.loss_bbox: 0.8793, d2.loss_cls: 0.4997, d2.loss_bbox: 0.8589, d3.loss_cls: 0.4988, d3.loss_bbox: 0.8490, d4.loss_cls: 0.4971, d4.loss_bbox: 0.8446, aux_task0.loss_heatmap: 0.5923, aux_task0.loss_bbox: 0.2817, aux_task1.loss_heatmap: 0.8306, aux_task1.loss_bbox: 0.3241, aux_task2.loss_heatmap: 0.8979, aux_task2.loss_bbox: 0.3586, aux_task3.loss_heatmap: 0.7014, aux_task3.loss_bbox: 0.2973, aux_task4.loss_heatmap: 0.5399, aux_task4.loss_bbox: 0.3061, aux_task5.loss_heatmap: 0.5420, aux_task5.loss_bbox: 0.3104, loss: 14.2590, grad_norm: 70.6808
2025-06-22 16:13:47,610 - mmdet - INFO - Epoch [1][19150/30895]	lr: 1.416e-05, eta: 27 days, 3:18:09, time: 1.935, data_time: 0.535, memory: 19116, loss_cls: 0.4932, loss_bbox: 0.8462, d0.loss_cls: 0.5194, d0.loss_bbox: 0.9828, d1.loss_cls: 0.4994, d1.loss_bbox: 0.8835, d2.loss_cls: 0.4925, d2.loss_bbox: 0.8635, d3.loss_cls: 0.4922, d3.loss_bbox: 0.8535, d4.loss_cls: 0.4931, d4.loss_bbox: 0.8481, aux_task0.loss_heatmap: 0.6321, aux_task0.loss_bbox: 0.2816, aux_task1.loss_heatmap: 0.8412, aux_task1.loss_bbox: 0.3316, aux_task2.loss_heatmap: 0.8843, aux_task2.loss_bbox: 0.3556, aux_task3.loss_heatmap: 0.6407, aux_task3.loss_bbox: 0.2850, aux_task4.loss_heatmap: 0.5277, aux_task4.loss_bbox: 0.3040, aux_task5.loss_heatmap: 0.4931, aux_task5.loss_bbox: 0.3039, loss: 14.1482, grad_norm: 69.1867
2025-06-22 16:15:26,078 - mmdet - INFO - Epoch [1][19200/30895]	lr: 1.417e-05, eta: 27 days, 2:24:17, time: 1.969, data_time: 0.533, memory: 19116, loss_cls: 0.4947, loss_bbox: 0.8546, d0.loss_cls: 0.5241, d0.loss_bbox: 0.9911, d1.loss_cls: 0.5024, d1.loss_bbox: 0.8919, d2.loss_cls: 0.4967, d2.loss_bbox: 0.8709, d3.loss_cls: 0.4950, d3.loss_bbox: 0.8617, d4.loss_cls: 0.4958, d4.loss_bbox: 0.8564, aux_task0.loss_heatmap: 0.6202, aux_task0.loss_bbox: 0.2853, aux_task1.loss_heatmap: 0.8488, aux_task1.loss_bbox: 0.3361, aux_task2.loss_heatmap: 0.8380, aux_task2.loss_bbox: 0.3569, aux_task3.loss_heatmap: 0.6494, aux_task3.loss_bbox: 0.2881, aux_task4.loss_heatmap: 0.5300, aux_task4.loss_bbox: 0.2977, aux_task5.loss_heatmap: 0.5280, aux_task5.loss_bbox: 0.3053, loss: 14.2190, grad_norm: 69.0726
2025-06-22 16:17:03,287 - mmdet - INFO - Epoch [1][19250/30895]	lr: 1.418e-05, eta: 27 days, 1:30:05, time: 1.945, data_time: 0.382, memory: 19116, loss_cls: 0.4905, loss_bbox: 0.8463, d0.loss_cls: 0.5201, d0.loss_bbox: 0.9814, d1.loss_cls: 0.4977, d1.loss_bbox: 0.8826, d2.loss_cls: 0.4924, d2.loss_bbox: 0.8639, d3.loss_cls: 0.4907, d3.loss_bbox: 0.8546, d4.loss_cls: 0.4907, d4.loss_bbox: 0.8481, aux_task0.loss_heatmap: 0.6268, aux_task0.loss_bbox: 0.2858, aux_task1.loss_heatmap: 0.8386, aux_task1.loss_bbox: 0.3347, aux_task2.loss_heatmap: 0.8497, aux_task2.loss_bbox: 0.3573, aux_task3.loss_heatmap: 0.6434, aux_task3.loss_bbox: 0.2927, aux_task4.loss_heatmap: 0.4961, aux_task4.loss_bbox: 0.3017, aux_task5.loss_heatmap: 0.5265, aux_task5.loss_bbox: 0.2996, loss: 14.1119, grad_norm: 68.4821
2025-06-22 16:18:39,699 - mmdet - INFO - Epoch [1][19300/30895]	lr: 1.418e-05, eta: 27 days, 0:35:43, time: 1.928, data_time: 0.515, memory: 19116, loss_cls: 0.4993, loss_bbox: 0.8468, d0.loss_cls: 0.5253, d0.loss_bbox: 0.9816, d1.loss_cls: 0.5067, d1.loss_bbox: 0.8838, d2.loss_cls: 0.5022, d2.loss_bbox: 0.8619, d3.loss_cls: 0.4997, d3.loss_bbox: 0.8545, d4.loss_cls: 0.5001, d4.loss_bbox: 0.8494, aux_task0.loss_heatmap: 0.6347, aux_task0.loss_bbox: 0.2870, aux_task1.loss_heatmap: 0.8380, aux_task1.loss_bbox: 0.3281, aux_task2.loss_heatmap: 0.8831, aux_task2.loss_bbox: 0.3547, aux_task3.loss_heatmap: 0.6706, aux_task3.loss_bbox: 0.2957, aux_task4.loss_heatmap: 0.5217, aux_task4.loss_bbox: 0.3035, aux_task5.loss_heatmap: 0.5079, aux_task5.loss_bbox: 0.2981, loss: 14.2346, grad_norm: 66.8318
2025-06-22 16:20:16,383 - mmdet - INFO - Epoch [1][19350/30895]	lr: 1.419e-05, eta: 26 days, 23:41:45, time: 1.934, data_time: 0.503, memory: 19116, loss_cls: 0.4938, loss_bbox: 0.8435, d0.loss_cls: 0.5238, d0.loss_bbox: 0.9850, d1.loss_cls: 0.4997, d1.loss_bbox: 0.8847, d2.loss_cls: 0.4939, d2.loss_bbox: 0.8639, d3.loss_cls: 0.4922, d3.loss_bbox: 0.8545, d4.loss_cls: 0.4922, d4.loss_bbox: 0.8489, aux_task0.loss_heatmap: 0.6094, aux_task0.loss_bbox: 0.2778, aux_task1.loss_heatmap: 0.8398, aux_task1.loss_bbox: 0.3313, aux_task2.loss_heatmap: 0.8392, aux_task2.loss_bbox: 0.3532, aux_task3.loss_heatmap: 0.6953, aux_task3.loss_bbox: 0.2994, aux_task4.loss_heatmap: 0.5233, aux_task4.loss_bbox: 0.3057, aux_task5.loss_heatmap: 0.5232, aux_task5.loss_bbox: 0.3044, loss: 14.1780, grad_norm: 69.5647
2025-06-22 16:21:52,748 - mmdet - INFO - Epoch [1][19400/30895]	lr: 1.420e-05, eta: 26 days, 22:47:53, time: 1.927, data_time: 0.414, memory: 19116, loss_cls: 0.4906, loss_bbox: 0.8426, d0.loss_cls: 0.5201, d0.loss_bbox: 0.9712, d1.loss_cls: 0.5001, d1.loss_bbox: 0.8748, d2.loss_cls: 0.4918, d2.loss_bbox: 0.8567, d3.loss_cls: 0.4914, d3.loss_bbox: 0.8470, d4.loss_cls: 0.4921, d4.loss_bbox: 0.8420, aux_task0.loss_heatmap: 0.6174, aux_task0.loss_bbox: 0.2768, aux_task1.loss_heatmap: 0.8446, aux_task1.loss_bbox: 0.3312, aux_task2.loss_heatmap: 0.8695, aux_task2.loss_bbox: 0.3573, aux_task3.loss_heatmap: 0.6399, aux_task3.loss_bbox: 0.2939, aux_task4.loss_heatmap: 0.5233, aux_task4.loss_bbox: 0.2999, aux_task5.loss_heatmap: 0.5198, aux_task5.loss_bbox: 0.2981, loss: 14.0922, grad_norm: 70.8687
2025-06-22 16:23:29,433 - mmdet - INFO - Epoch [1][19450/30895]	lr: 1.421e-05, eta: 26 days, 21:54:29, time: 1.934, data_time: 0.468, memory: 19116, loss_cls: 0.4926, loss_bbox: 0.8380, d0.loss_cls: 0.5200, d0.loss_bbox: 0.9791, d1.loss_cls: 0.4971, d1.loss_bbox: 0.8788, d2.loss_cls: 0.4922, d2.loss_bbox: 0.8574, d3.loss_cls: 0.4920, d3.loss_bbox: 0.8466, d4.loss_cls: 0.4918, d4.loss_bbox: 0.8409, aux_task0.loss_heatmap: 0.6187, aux_task0.loss_bbox: 0.2901, aux_task1.loss_heatmap: 0.8192, aux_task1.loss_bbox: 0.3335, aux_task2.loss_heatmap: 0.8645, aux_task2.loss_bbox: 0.3499, aux_task3.loss_heatmap: 0.6480, aux_task3.loss_bbox: 0.2880, aux_task4.loss_heatmap: 0.5168, aux_task4.loss_bbox: 0.3044, aux_task5.loss_heatmap: 0.5155, aux_task5.loss_bbox: 0.2973, loss: 14.0724, grad_norm: 68.9841
2025-06-22 16:25:10,091 - mmdet - INFO - Epoch [1][19500/30895]	lr: 1.422e-05, eta: 26 days, 21:03:22, time: 2.013, data_time: 0.416, memory: 19116, loss_cls: 0.4926, loss_bbox: 0.8469, d0.loss_cls: 0.5205, d0.loss_bbox: 0.9901, d1.loss_cls: 0.5000, d1.loss_bbox: 0.8867, d2.loss_cls: 0.4931, d2.loss_bbox: 0.8669, d3.loss_cls: 0.4920, d3.loss_bbox: 0.8554, d4.loss_cls: 0.4927, d4.loss_bbox: 0.8494, aux_task0.loss_heatmap: 0.6314, aux_task0.loss_bbox: 0.2856, aux_task1.loss_heatmap: 0.8422, aux_task1.loss_bbox: 0.3321, aux_task2.loss_heatmap: 0.8464, aux_task2.loss_bbox: 0.3589, aux_task3.loss_heatmap: 0.7190, aux_task3.loss_bbox: 0.2997, aux_task4.loss_heatmap: 0.5023, aux_task4.loss_bbox: 0.3020, aux_task5.loss_heatmap: 0.5228, aux_task5.loss_bbox: 0.3008, loss: 14.2296, grad_norm: 76.2740
2025-06-22 16:26:47,310 - mmdet - INFO - Epoch [1][19550/30895]	lr: 1.423e-05, eta: 26 days, 20:10:45, time: 1.944, data_time: 0.245, memory: 19116, loss_cls: 0.4952, loss_bbox: 0.8436, d0.loss_cls: 0.5208, d0.loss_bbox: 0.9786, d1.loss_cls: 0.5004, d1.loss_bbox: 0.8818, d2.loss_cls: 0.4965, d2.loss_bbox: 0.8619, d3.loss_cls: 0.4955, d3.loss_bbox: 0.8522, d4.loss_cls: 0.4953, d4.loss_bbox: 0.8465, aux_task0.loss_heatmap: 0.6049, aux_task0.loss_bbox: 0.2782, aux_task1.loss_heatmap: 0.8571, aux_task1.loss_bbox: 0.3280, aux_task2.loss_heatmap: 0.8841, aux_task2.loss_bbox: 0.3509, aux_task3.loss_heatmap: 0.6925, aux_task3.loss_bbox: 0.2978, aux_task4.loss_heatmap: 0.5325, aux_task4.loss_bbox: 0.3026, aux_task5.loss_heatmap: 0.5205, aux_task5.loss_bbox: 0.2996, loss: 14.2166, grad_norm: 68.2441
2025-06-22 16:28:17,627 - mmdet - INFO - Epoch [1][19600/30895]	lr: 1.424e-05, eta: 26 days, 19:14:52, time: 1.806, data_time: 0.377, memory: 19116, loss_cls: 0.4963, loss_bbox: 0.8529, d0.loss_cls: 0.5210, d0.loss_bbox: 0.9897, d1.loss_cls: 0.5030, d1.loss_bbox: 0.8913, d2.loss_cls: 0.4982, d2.loss_bbox: 0.8699, d3.loss_cls: 0.4965, d3.loss_bbox: 0.8607, d4.loss_cls: 0.4949, d4.loss_bbox: 0.8561, aux_task0.loss_heatmap: 0.6259, aux_task0.loss_bbox: 0.2845, aux_task1.loss_heatmap: 0.8241, aux_task1.loss_bbox: 0.3317, aux_task2.loss_heatmap: 0.8579, aux_task2.loss_bbox: 0.3538, aux_task3.loss_heatmap: 0.6164, aux_task3.loss_bbox: 0.2892, aux_task4.loss_heatmap: 0.5203, aux_task4.loss_bbox: 0.3056, aux_task5.loss_heatmap: 0.5057, aux_task5.loss_bbox: 0.3003, loss: 14.1458, grad_norm: 65.5884
2025-06-22 16:29:56,575 - mmdet - INFO - Epoch [1][19650/30895]	lr: 1.425e-05, eta: 26 days, 18:23:40, time: 1.979, data_time: 0.380, memory: 19116, loss_cls: 0.4923, loss_bbox: 0.8428, d0.loss_cls: 0.5221, d0.loss_bbox: 0.9740, d1.loss_cls: 0.5010, d1.loss_bbox: 0.8758, d2.loss_cls: 0.4951, d2.loss_bbox: 0.8560, d3.loss_cls: 0.4941, d3.loss_bbox: 0.8483, d4.loss_cls: 0.4936, d4.loss_bbox: 0.8442, aux_task0.loss_heatmap: 0.6132, aux_task0.loss_bbox: 0.2764, aux_task1.loss_heatmap: 0.8353, aux_task1.loss_bbox: 0.3350, aux_task2.loss_heatmap: 0.8580, aux_task2.loss_bbox: 0.3582, aux_task3.loss_heatmap: 0.6501, aux_task3.loss_bbox: 0.2885, aux_task4.loss_heatmap: 0.5188, aux_task4.loss_bbox: 0.3010, aux_task5.loss_heatmap: 0.5252, aux_task5.loss_bbox: 0.3032, loss: 14.1020, grad_norm: 68.7060
2025-06-22 16:31:28,859 - mmdet - INFO - Epoch [1][19700/30895]	lr: 1.425e-05, eta: 26 days, 17:29:20, time: 1.846, data_time: 0.315, memory: 19116, loss_cls: 0.4842, loss_bbox: 0.8506, d0.loss_cls: 0.5116, d0.loss_bbox: 0.9868, d1.loss_cls: 0.4896, d1.loss_bbox: 0.8877, d2.loss_cls: 0.4862, d2.loss_bbox: 0.8650, d3.loss_cls: 0.4847, d3.loss_bbox: 0.8583, d4.loss_cls: 0.4835, d4.loss_bbox: 0.8533, aux_task0.loss_heatmap: 0.5970, aux_task0.loss_bbox: 0.2854, aux_task1.loss_heatmap: 0.8418, aux_task1.loss_bbox: 0.3353, aux_task2.loss_heatmap: 0.9136, aux_task2.loss_bbox: 0.3642, aux_task3.loss_heatmap: 0.6970, aux_task3.loss_bbox: 0.2987, aux_task4.loss_heatmap: 0.5085, aux_task4.loss_bbox: 0.2977, aux_task5.loss_heatmap: 0.4929, aux_task5.loss_bbox: 0.2954, loss: 14.1690, grad_norm: 69.7906
2025-06-22 16:33:08,830 - mmdet - INFO - Epoch [1][19750/30895]	lr: 1.426e-05, eta: 26 days, 16:39:08, time: 1.999, data_time: 0.369, memory: 19116, loss_cls: 0.4906, loss_bbox: 0.8368, d0.loss_cls: 0.5170, d0.loss_bbox: 0.9772, d1.loss_cls: 0.4961, d1.loss_bbox: 0.8787, d2.loss_cls: 0.4900, d2.loss_bbox: 0.8584, d3.loss_cls: 0.4896, d3.loss_bbox: 0.8473, d4.loss_cls: 0.4899, d4.loss_bbox: 0.8406, aux_task0.loss_heatmap: 0.6462, aux_task0.loss_bbox: 0.2820, aux_task1.loss_heatmap: 0.8583, aux_task1.loss_bbox: 0.3301, aux_task2.loss_heatmap: 0.8769, aux_task2.loss_bbox: 0.3550, aux_task3.loss_heatmap: 0.6443, aux_task3.loss_bbox: 0.2933, aux_task4.loss_heatmap: 0.5309, aux_task4.loss_bbox: 0.3005, aux_task5.loss_heatmap: 0.5127, aux_task5.loss_bbox: 0.3030, loss: 14.1454, grad_norm: 69.7119
2025-06-22 16:34:52,028 - mmdet - INFO - Epoch [1][19800/30895]	lr: 1.427e-05, eta: 26 days, 15:50:49, time: 2.064, data_time: 0.312, memory: 19116, loss_cls: 0.4952, loss_bbox: 0.8462, d0.loss_cls: 0.5174, d0.loss_bbox: 0.9828, d1.loss_cls: 0.5004, d1.loss_bbox: 0.8832, d2.loss_cls: 0.4964, d2.loss_bbox: 0.8646, d3.loss_cls: 0.4951, d3.loss_bbox: 0.8539, d4.loss_cls: 0.4947, d4.loss_bbox: 0.8489, aux_task0.loss_heatmap: 0.6182, aux_task0.loss_bbox: 0.2838, aux_task1.loss_heatmap: 0.8376, aux_task1.loss_bbox: 0.3344, aux_task2.loss_heatmap: 0.8726, aux_task2.loss_bbox: 0.3530, aux_task3.loss_heatmap: 0.6789, aux_task3.loss_bbox: 0.2930, aux_task4.loss_heatmap: 0.5192, aux_task4.loss_bbox: 0.3032, aux_task5.loss_heatmap: 0.4998, aux_task5.loss_bbox: 0.3001, loss: 14.1727, grad_norm: 68.7767
2025-06-22 16:36:28,729 - mmdet - INFO - Epoch [1][19850/30895]	lr: 1.428e-05, eta: 26 days, 14:59:28, time: 1.934, data_time: 0.196, memory: 19116, loss_cls: 0.4797, loss_bbox: 0.8366, d0.loss_cls: 0.5116, d0.loss_bbox: 0.9763, d1.loss_cls: 0.4868, d1.loss_bbox: 0.8777, d2.loss_cls: 0.4826, d2.loss_bbox: 0.8560, d3.loss_cls: 0.4811, d3.loss_bbox: 0.8458, d4.loss_cls: 0.4802, d4.loss_bbox: 0.8401, aux_task0.loss_heatmap: 0.6075, aux_task0.loss_bbox: 0.2947, aux_task1.loss_heatmap: 0.8167, aux_task1.loss_bbox: 0.3252, aux_task2.loss_heatmap: 0.8578, aux_task2.loss_bbox: 0.3497, aux_task3.loss_heatmap: 0.6596, aux_task3.loss_bbox: 0.2916, aux_task4.loss_heatmap: 0.5001, aux_task4.loss_bbox: 0.3038, aux_task5.loss_heatmap: 0.5025, aux_task5.loss_bbox: 0.2973, loss: 13.9611, grad_norm: 69.0832
2025-06-22 16:38:11,683 - mmdet - INFO - Epoch [1][19900/30895]	lr: 1.429e-05, eta: 26 days, 14:11:31, time: 2.059, data_time: 0.424, memory: 19116, loss_cls: 0.4953, loss_bbox: 0.8451, d0.loss_cls: 0.5225, d0.loss_bbox: 0.9926, d1.loss_cls: 0.5030, d1.loss_bbox: 0.8882, d2.loss_cls: 0.4978, d2.loss_bbox: 0.8653, d3.loss_cls: 0.4965, d3.loss_bbox: 0.8530, d4.loss_cls: 0.4951, d4.loss_bbox: 0.8478, aux_task0.loss_heatmap: 0.6188, aux_task0.loss_bbox: 0.2781, aux_task1.loss_heatmap: 0.8308, aux_task1.loss_bbox: 0.3369, aux_task2.loss_heatmap: 0.8640, aux_task2.loss_bbox: 0.3534, aux_task3.loss_heatmap: 0.6972, aux_task3.loss_bbox: 0.2967, aux_task4.loss_heatmap: 0.5080, aux_task4.loss_bbox: 0.3013, aux_task5.loss_heatmap: 0.5115, aux_task5.loss_bbox: 0.2952, loss: 14.1941, grad_norm: 69.9378
2025-06-22 16:39:47,913 - mmdet - INFO - Epoch [1][19950/30895]	lr: 1.430e-05, eta: 26 days, 13:20:25, time: 1.925, data_time: 0.285, memory: 19116, loss_cls: 0.4963, loss_bbox: 0.8413, d0.loss_cls: 0.5218, d0.loss_bbox: 0.9808, d1.loss_cls: 0.5064, d1.loss_bbox: 0.8800, d2.loss_cls: 0.4994, d2.loss_bbox: 0.8592, d3.loss_cls: 0.4957, d3.loss_bbox: 0.8499, d4.loss_cls: 0.4962, d4.loss_bbox: 0.8439, aux_task0.loss_heatmap: 0.6086, aux_task0.loss_bbox: 0.2848, aux_task1.loss_heatmap: 0.8626, aux_task1.loss_bbox: 0.3286, aux_task2.loss_heatmap: 0.8831, aux_task2.loss_bbox: 0.3605, aux_task3.loss_heatmap: 0.6414, aux_task3.loss_bbox: 0.2966, aux_task4.loss_heatmap: 0.5234, aux_task4.loss_bbox: 0.3018, aux_task5.loss_heatmap: 0.5047, aux_task5.loss_bbox: 0.3001, loss: 14.1672, grad_norm: 68.1435
2025-06-22 16:41:28,201 - mmdet - INFO - Exp name: lidar_0075v_900q_split1_2x2_hednetmiddleencoder_hednetbackbone4_dss0511_dp03_hugeep2_num2_conv_xy_rope.py
2025-06-22 16:41:28,202 - mmdet - INFO - Epoch [1][20000/30895]	lr: 1.431e-05, eta: 26 days, 12:31:35, time: 2.005, data_time: 0.597, memory: 19116, loss_cls: 0.4881, loss_bbox: 0.8374, d0.loss_cls: 0.5138, d0.loss_bbox: 0.9737, d1.loss_cls: 0.4959, d1.loss_bbox: 0.8741, d2.loss_cls: 0.4913, d2.loss_bbox: 0.8534, d3.loss_cls: 0.4901, d3.loss_bbox: 0.8447, d4.loss_cls: 0.4880, d4.loss_bbox: 0.8405, aux_task0.loss_heatmap: 0.6360, aux_task0.loss_bbox: 0.2870, aux_task1.loss_heatmap: 0.8289, aux_task1.loss_bbox: 0.3312, aux_task2.loss_heatmap: 0.8419, aux_task2.loss_bbox: 0.3439, aux_task3.loss_heatmap: 0.6768, aux_task3.loss_bbox: 0.2904, aux_task4.loss_heatmap: 0.5247, aux_task4.loss_bbox: 0.3020, aux_task5.loss_heatmap: 0.4782, aux_task5.loss_bbox: 0.2926, loss: 14.0245, grad_norm: 73.4127
2025-06-22 16:43:03,346 - mmdet - INFO - Epoch [1][20050/30895]	lr: 1.432e-05, eta: 26 days, 11:40:27, time: 1.903, data_time: 0.224, memory: 19116, loss_cls: 0.4761, loss_bbox: 0.8379, d0.loss_cls: 0.5056, d0.loss_bbox: 0.9717, d1.loss_cls: 0.4835, d1.loss_bbox: 0.8727, d2.loss_cls: 0.4774, d2.loss_bbox: 0.8535, d3.loss_cls: 0.4763, d3.loss_bbox: 0.8449, d4.loss_cls: 0.4751, d4.loss_bbox: 0.8413, aux_task0.loss_heatmap: 0.6102, aux_task0.loss_bbox: 0.2821, aux_task1.loss_heatmap: 0.8151, aux_task1.loss_bbox: 0.3273, aux_task2.loss_heatmap: 0.8465, aux_task2.loss_bbox: 0.3495, aux_task3.loss_heatmap: 0.6770, aux_task3.loss_bbox: 0.2905, aux_task4.loss_heatmap: 0.4957, aux_task4.loss_bbox: 0.3052, aux_task5.loss_heatmap: 0.4790, aux_task5.loss_bbox: 0.2964, loss: 13.8902, grad_norm: 70.1500
2025-06-22 16:44:39,644 - mmdet - INFO - Epoch [1][20100/30895]	lr: 1.433e-05, eta: 26 days, 10:50:08, time: 1.926, data_time: 0.175, memory: 19116, loss_cls: 0.4920, loss_bbox: 0.8421, d0.loss_cls: 0.5203, d0.loss_bbox: 0.9845, d1.loss_cls: 0.4992, d1.loss_bbox: 0.8861, d2.loss_cls: 0.4939, d2.loss_bbox: 0.8626, d3.loss_cls: 0.4927, d3.loss_bbox: 0.8518, d4.loss_cls: 0.4922, d4.loss_bbox: 0.8445, aux_task0.loss_heatmap: 0.5894, aux_task0.loss_bbox: 0.2884, aux_task1.loss_heatmap: 0.8397, aux_task1.loss_bbox: 0.3319, aux_task2.loss_heatmap: 0.8717, aux_task2.loss_bbox: 0.3602, aux_task3.loss_heatmap: 0.6183, aux_task3.loss_bbox: 0.2972, aux_task4.loss_heatmap: 0.5209, aux_task4.loss_bbox: 0.3047, aux_task5.loss_heatmap: 0.5178, aux_task5.loss_bbox: 0.2991, loss: 14.1011, grad_norm: 68.9870
2025-06-22 16:46:16,184 - mmdet - INFO - Epoch [1][20150/30895]	lr: 1.433e-05, eta: 26 days, 10:00:10, time: 1.931, data_time: 0.279, memory: 19116, loss_cls: 0.4915, loss_bbox: 0.8482, d0.loss_cls: 0.5228, d0.loss_bbox: 0.9773, d1.loss_cls: 0.4994, d1.loss_bbox: 0.8804, d2.loss_cls: 0.4915, d2.loss_bbox: 0.8624, d3.loss_cls: 0.4911, d3.loss_bbox: 0.8530, d4.loss_cls: 0.4920, d4.loss_bbox: 0.8493, aux_task0.loss_heatmap: 0.6031, aux_task0.loss_bbox: 0.2772, aux_task1.loss_heatmap: 0.8591, aux_task1.loss_bbox: 0.3322, aux_task2.loss_heatmap: 0.8498, aux_task2.loss_bbox: 0.3609, aux_task3.loss_heatmap: 0.6155, aux_task3.loss_bbox: 0.2922, aux_task4.loss_heatmap: 0.5301, aux_task4.loss_bbox: 0.3074, aux_task5.loss_heatmap: 0.4871, aux_task5.loss_bbox: 0.2978, loss: 14.0714, grad_norm: 71.7009
2025-06-22 16:47:45,894 - mmdet - INFO - Epoch [1][20200/30895]	lr: 1.434e-05, eta: 26 days, 9:07:04, time: 1.794, data_time: 0.114, memory: 19116, loss_cls: 0.4927, loss_bbox: 0.8414, d0.loss_cls: 0.5194, d0.loss_bbox: 0.9807, d1.loss_cls: 0.4987, d1.loss_bbox: 0.8794, d2.loss_cls: 0.4936, d2.loss_bbox: 0.8588, d3.loss_cls: 0.4913, d3.loss_bbox: 0.8490, d4.loss_cls: 0.4925, d4.loss_bbox: 0.8439, aux_task0.loss_heatmap: 0.6235, aux_task0.loss_bbox: 0.2867, aux_task1.loss_heatmap: 0.8303, aux_task1.loss_bbox: 0.3234, aux_task2.loss_heatmap: 0.8692, aux_task2.loss_bbox: 0.3535, aux_task3.loss_heatmap: 0.6069, aux_task3.loss_bbox: 0.2859, aux_task4.loss_heatmap: 0.5163, aux_task4.loss_bbox: 0.3010, aux_task5.loss_heatmap: 0.5166, aux_task5.loss_bbox: 0.3033, loss: 14.0580, grad_norm: 67.5168
2025-06-22 16:49:22,340 - mmdet - INFO - Epoch [1][20250/30895]	lr: 1.435e-05, eta: 26 days, 8:17:33, time: 1.929, data_time: 0.405, memory: 19116, loss_cls: 0.4908, loss_bbox: 0.8379, d0.loss_cls: 0.5132, d0.loss_bbox: 0.9730, d1.loss_cls: 0.4934, d1.loss_bbox: 0.8736, d2.loss_cls: 0.4912, d2.loss_bbox: 0.8525, d3.loss_cls: 0.4921, d3.loss_bbox: 0.8433, d4.loss_cls: 0.4907, d4.loss_bbox: 0.8394, aux_task0.loss_heatmap: 0.6023, aux_task0.loss_bbox: 0.2883, aux_task1.loss_heatmap: 0.8449, aux_task1.loss_bbox: 0.3379, aux_task2.loss_heatmap: 0.8444, aux_task2.loss_bbox: 0.3523, aux_task3.loss_heatmap: 0.6427, aux_task3.loss_bbox: 0.2948, aux_task4.loss_heatmap: 0.5201, aux_task4.loss_bbox: 0.3016, aux_task5.loss_heatmap: 0.4948, aux_task5.loss_bbox: 0.2982, loss: 14.0135, grad_norm: 68.4062
2025-06-22 16:50:57,426 - mmdet - INFO - Epoch [1][20300/30895]	lr: 1.436e-05, eta: 26 days, 7:27:36, time: 1.902, data_time: 0.505, memory: 19116, loss_cls: 0.4983, loss_bbox: 0.8448, d0.loss_cls: 0.5219, d0.loss_bbox: 0.9789, d1.loss_cls: 0.5019, d1.loss_bbox: 0.8798, d2.loss_cls: 0.4990, d2.loss_bbox: 0.8604, d3.loss_cls: 0.4963, d3.loss_bbox: 0.8519, d4.loss_cls: 0.4969, d4.loss_bbox: 0.8472, aux_task0.loss_heatmap: 0.6153, aux_task0.loss_bbox: 0.2767, aux_task1.loss_heatmap: 0.8497, aux_task1.loss_bbox: 0.3389, aux_task2.loss_heatmap: 0.8579, aux_task2.loss_bbox: 0.3541, aux_task3.loss_heatmap: 0.6233, aux_task3.loss_bbox: 0.2941, aux_task4.loss_heatmap: 0.5139, aux_task4.loss_bbox: 0.2998, aux_task5.loss_heatmap: 0.4980, aux_task5.loss_bbox: 0.2971, loss: 14.0962, grad_norm: 69.0451
2025-06-22 16:52:36,643 - mmdet - INFO - Epoch [1][20350/30895]	lr: 1.437e-05, eta: 26 days, 6:39:54, time: 1.984, data_time: 0.579, memory: 19116, loss_cls: 0.4744, loss_bbox: 0.8265, d0.loss_cls: 0.5026, d0.loss_bbox: 0.9605, d1.loss_cls: 0.4805, d1.loss_bbox: 0.8649, d2.loss_cls: 0.4769, d2.loss_bbox: 0.8416, d3.loss_cls: 0.4741, d3.loss_bbox: 0.8333, d4.loss_cls: 0.4733, d4.loss_bbox: 0.8287, aux_task0.loss_heatmap: 0.6261, aux_task0.loss_bbox: 0.2767, aux_task1.loss_heatmap: 0.8394, aux_task1.loss_bbox: 0.3296, aux_task2.loss_heatmap: 0.8161, aux_task2.loss_bbox: 0.3506, aux_task3.loss_heatmap: 0.6113, aux_task3.loss_bbox: 0.2891, aux_task4.loss_heatmap: 0.5117, aux_task4.loss_bbox: 0.3023, aux_task5.loss_heatmap: 0.4975, aux_task5.loss_bbox: 0.2981, loss: 13.7862, grad_norm: 69.2618
2025-06-22 16:54:09,193 - mmdet - INFO - Epoch [1][20400/30895]	lr: 1.438e-05, eta: 26 days, 5:49:10, time: 1.851, data_time: 0.173, memory: 19116, loss_cls: 0.4906, loss_bbox: 0.8348, d0.loss_cls: 0.5220, d0.loss_bbox: 0.9717, d1.loss_cls: 0.4991, d1.loss_bbox: 0.8725, d2.loss_cls: 0.4910, d2.loss_bbox: 0.8535, d3.loss_cls: 0.4914, d3.loss_bbox: 0.8418, d4.loss_cls: 0.4907, d4.loss_bbox: 0.8371, aux_task0.loss_heatmap: 0.5879, aux_task0.loss_bbox: 0.2768, aux_task1.loss_heatmap: 0.8512, aux_task1.loss_bbox: 0.3327, aux_task2.loss_heatmap: 0.8940, aux_task2.loss_bbox: 0.3585, aux_task3.loss_heatmap: 0.6406, aux_task3.loss_bbox: 0.2989, aux_task4.loss_heatmap: 0.5322, aux_task4.loss_bbox: 0.3018, aux_task5.loss_heatmap: 0.4937, aux_task5.loss_bbox: 0.2957, loss: 14.0600, grad_norm: 72.0707
2025-06-22 16:55:40,295 - mmdet - INFO - Epoch [1][20450/30895]	lr: 1.439e-05, eta: 26 days, 4:57:59, time: 1.822, data_time: 0.126, memory: 19116, loss_cls: 0.4904, loss_bbox: 0.8346, d0.loss_cls: 0.5215, d0.loss_bbox: 0.9742, d1.loss_cls: 0.4992, d1.loss_bbox: 0.8724, d2.loss_cls: 0.4933, d2.loss_bbox: 0.8513, d3.loss_cls: 0.4909, d3.loss_bbox: 0.8424, d4.loss_cls: 0.4896, d4.loss_bbox: 0.8383, aux_task0.loss_heatmap: 0.6071, aux_task0.loss_bbox: 0.2778, aux_task1.loss_heatmap: 0.8378, aux_task1.loss_bbox: 0.3287, aux_task2.loss_heatmap: 0.9069, aux_task2.loss_bbox: 0.3539, aux_task3.loss_heatmap: 0.6193, aux_task3.loss_bbox: 0.2946, aux_task4.loss_heatmap: 0.5205, aux_task4.loss_bbox: 0.3017, aux_task5.loss_heatmap: 0.5005, aux_task5.loss_bbox: 0.2956, loss: 14.0425, grad_norm: 69.3700
2025-06-22 16:57:20,786 - mmdet - INFO - Epoch [1][20500/30895]	lr: 1.440e-05, eta: 26 days, 4:11:35, time: 2.009, data_time: 0.277, memory: 19116, loss_cls: 0.4937, loss_bbox: 0.8391, d0.loss_cls: 0.5175, d0.loss_bbox: 0.9737, d1.loss_cls: 0.4990, d1.loss_bbox: 0.8769, d2.loss_cls: 0.4934, d2.loss_bbox: 0.8577, d3.loss_cls: 0.4941, d3.loss_bbox: 0.8475, d4.loss_cls: 0.4934, d4.loss_bbox: 0.8421, aux_task0.loss_heatmap: 0.6017, aux_task0.loss_bbox: 0.2813, aux_task1.loss_heatmap: 0.8106, aux_task1.loss_bbox: 0.3274, aux_task2.loss_heatmap: 0.8859, aux_task2.loss_bbox: 0.3467, aux_task3.loss_heatmap: 0.6542, aux_task3.loss_bbox: 0.2899, aux_task4.loss_heatmap: 0.5266, aux_task4.loss_bbox: 0.3024, aux_task5.loss_heatmap: 0.4970, aux_task5.loss_bbox: 0.2971, loss: 14.0490, grad_norm: 66.5930
2025-06-22 16:58:58,353 - mmdet - INFO - Epoch [1][20550/30895]	lr: 1.441e-05, eta: 26 days, 3:24:01, time: 1.952, data_time: 0.314, memory: 19116, loss_cls: 0.4961, loss_bbox: 0.8345, d0.loss_cls: 0.5160, d0.loss_bbox: 0.9686, d1.loss_cls: 0.5014, d1.loss_bbox: 0.8708, d2.loss_cls: 0.4957, d2.loss_bbox: 0.8516, d3.loss_cls: 0.4941, d3.loss_bbox: 0.8412, d4.loss_cls: 0.4946, d4.loss_bbox: 0.8373, aux_task0.loss_heatmap: 0.6301, aux_task0.loss_bbox: 0.2774, aux_task1.loss_heatmap: 0.8253, aux_task1.loss_bbox: 0.3294, aux_task2.loss_heatmap: 0.8336, aux_task2.loss_bbox: 0.3525, aux_task3.loss_heatmap: 0.6145, aux_task3.loss_bbox: 0.2864, aux_task4.loss_heatmap: 0.5049, aux_task4.loss_bbox: 0.2998, aux_task5.loss_heatmap: 0.5305, aux_task5.loss_bbox: 0.2995, loss: 13.9858, grad_norm: 69.6128
2025-06-22 17:00:23,254 - mmdet - INFO - Epoch [1][20600/30895]	lr: 1.442e-05, eta: 26 days, 2:30:31, time: 1.698, data_time: 0.245, memory: 19116, loss_cls: 0.4876, loss_bbox: 0.8322, d0.loss_cls: 0.5114, d0.loss_bbox: 0.9674, d1.loss_cls: 0.4931, d1.loss_bbox: 0.8667, d2.loss_cls: 0.4879, d2.loss_bbox: 0.8476, d3.loss_cls: 0.4880, d3.loss_bbox: 0.8392, d4.loss_cls: 0.4871, d4.loss_bbox: 0.8355, aux_task0.loss_heatmap: 0.6076, aux_task0.loss_bbox: 0.2850, aux_task1.loss_heatmap: 0.8327, aux_task1.loss_bbox: 0.3264, aux_task2.loss_heatmap: 0.8466, aux_task2.loss_bbox: 0.3514, aux_task3.loss_heatmap: 0.6073, aux_task3.loss_bbox: 0.2883, aux_task4.loss_heatmap: 0.5193, aux_task4.loss_bbox: 0.2985, aux_task5.loss_heatmap: 0.4778, aux_task5.loss_bbox: 0.2954, loss: 13.8799, grad_norm: 68.1704
2025-06-22 17:01:59,819 - mmdet - INFO - Epoch [1][20650/30895]	lr: 1.443e-05, eta: 26 days, 1:42:55, time: 1.931, data_time: 0.341, memory: 19116, loss_cls: 0.4948, loss_bbox: 0.8495, d0.loss_cls: 0.5225, d0.loss_bbox: 0.9822, d1.loss_cls: 0.5007, d1.loss_bbox: 0.8849, d2.loss_cls: 0.4958, d2.loss_bbox: 0.8661, d3.loss_cls: 0.4956, d3.loss_bbox: 0.8562, d4.loss_cls: 0.4951, d4.loss_bbox: 0.8518, aux_task0.loss_heatmap: 0.6256, aux_task0.loss_bbox: 0.2869, aux_task1.loss_heatmap: 0.8641, aux_task1.loss_bbox: 0.3327, aux_task2.loss_heatmap: 0.8966, aux_task2.loss_bbox: 0.3490, aux_task3.loss_heatmap: 0.6376, aux_task3.loss_bbox: 0.2882, aux_task4.loss_heatmap: 0.5239, aux_task4.loss_bbox: 0.3032, aux_task5.loss_heatmap: 0.5157, aux_task5.loss_bbox: 0.2960, loss: 14.2146, grad_norm: 68.8129
2025-06-22 17:03:41,298 - mmdet - INFO - Epoch [1][20700/30895]	lr: 1.444e-05, eta: 26 days, 0:57:53, time: 2.030, data_time: 0.632, memory: 19116, loss_cls: 0.4781, loss_bbox: 0.8372, d0.loss_cls: 0.5049, d0.loss_bbox: 0.9710, d1.loss_cls: 0.4860, d1.loss_bbox: 0.8756, d2.loss_cls: 0.4804, d2.loss_bbox: 0.8531, d3.loss_cls: 0.4783, d3.loss_bbox: 0.8444, d4.loss_cls: 0.4782, d4.loss_bbox: 0.8390, aux_task0.loss_heatmap: 0.6140, aux_task0.loss_bbox: 0.2899, aux_task1.loss_heatmap: 0.8263, aux_task1.loss_bbox: 0.3322, aux_task2.loss_heatmap: 0.8651, aux_task2.loss_bbox: 0.3492, aux_task3.loss_heatmap: 0.6499, aux_task3.loss_bbox: 0.2869, aux_task4.loss_heatmap: 0.5138, aux_task4.loss_bbox: 0.3050, aux_task5.loss_heatmap: 0.4774, aux_task5.loss_bbox: 0.2974, loss: 13.9332, grad_norm: 69.3839
2025-06-22 17:05:21,284 - mmdet - INFO - Epoch [1][20750/30895]	lr: 1.444e-05, eta: 26 days, 0:12:22, time: 2.000, data_time: 0.605, memory: 19116, loss_cls: 0.4758, loss_bbox: 0.8356, d0.loss_cls: 0.5067, d0.loss_bbox: 0.9725, d1.loss_cls: 0.4868, d1.loss_bbox: 0.8714, d2.loss_cls: 0.4802, d2.loss_bbox: 0.8510, d3.loss_cls: 0.4771, d3.loss_bbox: 0.8415, d4.loss_cls: 0.4759, d4.loss_bbox: 0.8378, aux_task0.loss_heatmap: 0.5697, aux_task0.loss_bbox: 0.2736, aux_task1.loss_heatmap: 0.8322, aux_task1.loss_bbox: 0.3256, aux_task2.loss_heatmap: 0.8530, aux_task2.loss_bbox: 0.3582, aux_task3.loss_heatmap: 0.6572, aux_task3.loss_bbox: 0.2969, aux_task4.loss_heatmap: 0.5130, aux_task4.loss_bbox: 0.2979, aux_task5.loss_heatmap: 0.4712, aux_task5.loss_bbox: 0.2966, loss: 13.8573, grad_norm: 65.5736
2025-06-22 17:06:57,053 - mmdet - INFO - Epoch [1][20800/30895]	lr: 1.445e-05, eta: 25 days, 23:25:01, time: 1.915, data_time: 0.307, memory: 19116, loss_cls: 0.4878, loss_bbox: 0.8278, d0.loss_cls: 0.5118, d0.loss_bbox: 0.9648, d1.loss_cls: 0.4934, d1.loss_bbox: 0.8652, d2.loss_cls: 0.4888, d2.loss_bbox: 0.8459, d3.loss_cls: 0.4880, d3.loss_bbox: 0.8350, d4.loss_cls: 0.4873, d4.loss_bbox: 0.8306, aux_task0.loss_heatmap: 0.5959, aux_task0.loss_bbox: 0.2804, aux_task1.loss_heatmap: 0.7920, aux_task1.loss_bbox: 0.3251, aux_task2.loss_heatmap: 0.8889, aux_task2.loss_bbox: 0.3484, aux_task3.loss_heatmap: 0.6298, aux_task3.loss_bbox: 0.2896, aux_task4.loss_heatmap: 0.5220, aux_task4.loss_bbox: 0.2992, aux_task5.loss_heatmap: 0.4974, aux_task5.loss_bbox: 0.2961, loss: 13.8911, grad_norm: 68.1953
2025-06-22 17:08:28,244 - mmdet - INFO - Epoch [1][20850/30895]	lr: 1.446e-05, eta: 25 days, 22:35:43, time: 1.824, data_time: 0.254, memory: 19116, loss_cls: 0.4958, loss_bbox: 0.8410, d0.loss_cls: 0.5173, d0.loss_bbox: 0.9820, d1.loss_cls: 0.5016, d1.loss_bbox: 0.8797, d2.loss_cls: 0.4961, d2.loss_bbox: 0.8583, d3.loss_cls: 0.4962, d3.loss_bbox: 0.8479, d4.loss_cls: 0.4959, d4.loss_bbox: 0.8430, aux_task0.loss_heatmap: 0.6075, aux_task0.loss_bbox: 0.2852, aux_task1.loss_heatmap: 0.8440, aux_task1.loss_bbox: 0.3305, aux_task2.loss_heatmap: 0.8447, aux_task2.loss_bbox: 0.3423, aux_task3.loss_heatmap: 0.6820, aux_task3.loss_bbox: 0.2935, aux_task4.loss_heatmap: 0.5000, aux_task4.loss_bbox: 0.3007, aux_task5.loss_heatmap: 0.5061, aux_task5.loss_bbox: 0.3041, loss: 14.0955, grad_norm: 67.3485
2025-06-22 17:10:10,779 - mmdet - INFO - Epoch [1][20900/30895]	lr: 1.447e-05, eta: 25 days, 21:52:03, time: 2.051, data_time: 0.464, memory: 19116, loss_cls: 0.4813, loss_bbox: 0.8372, d0.loss_cls: 0.5074, d0.loss_bbox: 0.9715, d1.loss_cls: 0.4875, d1.loss_bbox: 0.8766, d2.loss_cls: 0.4814, d2.loss_bbox: 0.8555, d3.loss_cls: 0.4827, d3.loss_bbox: 0.8445, d4.loss_cls: 0.4818, d4.loss_bbox: 0.8397, aux_task0.loss_heatmap: 0.6130, aux_task0.loss_bbox: 0.2833, aux_task1.loss_heatmap: 0.8338, aux_task1.loss_bbox: 0.3312, aux_task2.loss_heatmap: 0.8535, aux_task2.loss_bbox: 0.3519, aux_task3.loss_heatmap: 0.6524, aux_task3.loss_bbox: 0.2905, aux_task4.loss_heatmap: 0.4956, aux_task4.loss_bbox: 0.2995, aux_task5.loss_heatmap: 0.5004, aux_task5.loss_bbox: 0.2995, loss: 13.9517, grad_norm: 69.6888
2025-06-22 17:11:48,884 - mmdet - INFO - Epoch [1][20950/30895]	lr: 1.448e-05, eta: 25 days, 21:06:28, time: 1.962, data_time: 0.231, memory: 19116, loss_cls: 0.4846, loss_bbox: 0.8331, d0.loss_cls: 0.5097, d0.loss_bbox: 0.9729, d1.loss_cls: 0.4929, d1.loss_bbox: 0.8743, d2.loss_cls: 0.4871, d2.loss_bbox: 0.8522, d3.loss_cls: 0.4848, d3.loss_bbox: 0.8419, d4.loss_cls: 0.4849, d4.loss_bbox: 0.8357, aux_task0.loss_heatmap: 0.6139, aux_task0.loss_bbox: 0.2795, aux_task1.loss_heatmap: 0.8354, aux_task1.loss_bbox: 0.3226, aux_task2.loss_heatmap: 0.8558, aux_task2.loss_bbox: 0.3444, aux_task3.loss_heatmap: 0.6041, aux_task3.loss_bbox: 0.2822, aux_task4.loss_heatmap: 0.5156, aux_task4.loss_bbox: 0.3004, aux_task5.loss_heatmap: 0.5082, aux_task5.loss_bbox: 0.3002, loss: 13.9164, grad_norm: 67.5151
2025-06-22 17:13:21,897 - mmdet - INFO - Exp name: lidar_0075v_900q_split1_2x2_hednetmiddleencoder_hednetbackbone4_dss0511_dp03_hugeep2_num2_conv_xy_rope.py
2025-06-22 17:13:21,898 - mmdet - INFO - Epoch [1][21000/30895]	lr: 1.449e-05, eta: 25 days, 20:18:41, time: 1.860, data_time: 0.404, memory: 19116, loss_cls: 0.4859, loss_bbox: 0.8402, d0.loss_cls: 0.5091, d0.loss_bbox: 0.9683, d1.loss_cls: 0.4931, d1.loss_bbox: 0.8722, d2.loss_cls: 0.4894, d2.loss_bbox: 0.8535, d3.loss_cls: 0.4863, d3.loss_bbox: 0.8449, d4.loss_cls: 0.4858, d4.loss_bbox: 0.8409, aux_task0.loss_heatmap: 0.6482, aux_task0.loss_bbox: 0.2950, aux_task1.loss_heatmap: 0.8201, aux_task1.loss_bbox: 0.3305, aux_task2.loss_heatmap: 0.8359, aux_task2.loss_bbox: 0.3546, aux_task3.loss_heatmap: 0.6286, aux_task3.loss_bbox: 0.2877, aux_task4.loss_heatmap: 0.4930, aux_task4.loss_bbox: 0.2979, aux_task5.loss_heatmap: 0.4851, aux_task5.loss_bbox: 0.2960, loss: 13.9422, grad_norm: 66.8956
2025-06-22 17:14:56,868 - mmdet - INFO - Epoch [1][21050/30895]	lr: 1.450e-05, eta: 25 days, 19:32:03, time: 1.899, data_time: 0.482, memory: 19116, loss_cls: 0.4932, loss_bbox: 0.8331, d0.loss_cls: 0.5179, d0.loss_bbox: 0.9712, d1.loss_cls: 0.4977, d1.loss_bbox: 0.8705, d2.loss_cls: 0.4933, d2.loss_bbox: 0.8515, d3.loss_cls: 0.4922, d3.loss_bbox: 0.8425, d4.loss_cls: 0.4919, d4.loss_bbox: 0.8363, aux_task0.loss_heatmap: 0.6046, aux_task0.loss_bbox: 0.2846, aux_task1.loss_heatmap: 0.8259, aux_task1.loss_bbox: 0.3218, aux_task2.loss_heatmap: 0.8352, aux_task2.loss_bbox: 0.3477, aux_task3.loss_heatmap: 0.6772, aux_task3.loss_bbox: 0.2831, aux_task4.loss_heatmap: 0.5149, aux_task4.loss_bbox: 0.2997, aux_task5.loss_heatmap: 0.5273, aux_task5.loss_bbox: 0.2917, loss: 14.0050, grad_norm: 70.0305
2025-06-22 17:16:31,613 - mmdet - INFO - Epoch [1][21100/30895]	lr: 1.451e-05, eta: 25 days, 18:45:31, time: 1.895, data_time: 0.487, memory: 19116, loss_cls: 0.4766, loss_bbox: 0.8327, d0.loss_cls: 0.5016, d0.loss_bbox: 0.9672, d1.loss_cls: 0.4835, d1.loss_bbox: 0.8687, d2.loss_cls: 0.4782, d2.loss_bbox: 0.8479, d3.loss_cls: 0.4767, d3.loss_bbox: 0.8400, d4.loss_cls: 0.4771, d4.loss_bbox: 0.8347, aux_task0.loss_heatmap: 0.5809, aux_task0.loss_bbox: 0.2830, aux_task1.loss_heatmap: 0.8499, aux_task1.loss_bbox: 0.3308, aux_task2.loss_heatmap: 0.8519, aux_task2.loss_bbox: 0.3578, aux_task3.loss_heatmap: 0.6339, aux_task3.loss_bbox: 0.2963, aux_task4.loss_heatmap: 0.5132, aux_task4.loss_bbox: 0.2978, aux_task5.loss_heatmap: 0.4700, aux_task5.loss_bbox: 0.2988, loss: 13.8493, grad_norm: 69.6693
2025-06-22 17:18:05,932 - mmdet - INFO - Epoch [1][21150/30895]	lr: 1.452e-05, eta: 25 days, 17:59:00, time: 1.886, data_time: 0.366, memory: 19116, loss_cls: 0.4877, loss_bbox: 0.8408, d0.loss_cls: 0.5110, d0.loss_bbox: 0.9826, d1.loss_cls: 0.4952, d1.loss_bbox: 0.8796, d2.loss_cls: 0.4890, d2.loss_bbox: 0.8599, d3.loss_cls: 0.4879, d3.loss_bbox: 0.8493, d4.loss_cls: 0.4867, d4.loss_bbox: 0.8443, aux_task0.loss_heatmap: 0.6041, aux_task0.loss_bbox: 0.2804, aux_task1.loss_heatmap: 0.8128, aux_task1.loss_bbox: 0.3233, aux_task2.loss_heatmap: 0.8742, aux_task2.loss_bbox: 0.3544, aux_task3.loss_heatmap: 0.6781, aux_task3.loss_bbox: 0.2888, aux_task4.loss_heatmap: 0.5265, aux_task4.loss_bbox: 0.2996, aux_task5.loss_heatmap: 0.4948, aux_task5.loss_bbox: 0.3026, loss: 14.0534, grad_norm: 68.8976
2025-06-22 17:19:41,336 - mmdet - INFO - Epoch [1][21200/30895]	lr: 1.453e-05, eta: 25 days, 17:13:13, time: 1.908, data_time: 0.075, memory: 19116, loss_cls: 0.4867, loss_bbox: 0.8374, d0.loss_cls: 0.5126, d0.loss_bbox: 0.9707, d1.loss_cls: 0.4933, d1.loss_bbox: 0.8741, d2.loss_cls: 0.4869, d2.loss_bbox: 0.8562, d3.loss_cls: 0.4864, d3.loss_bbox: 0.8451, d4.loss_cls: 0.4871, d4.loss_bbox: 0.8405, aux_task0.loss_heatmap: 0.5821, aux_task0.loss_bbox: 0.2858, aux_task1.loss_heatmap: 0.8367, aux_task1.loss_bbox: 0.3230, aux_task2.loss_heatmap: 0.8382, aux_task2.loss_bbox: 0.3442, aux_task3.loss_heatmap: 0.6584, aux_task3.loss_bbox: 0.2916, aux_task4.loss_heatmap: 0.5039, aux_task4.loss_bbox: 0.2991, aux_task5.loss_heatmap: 0.4787, aux_task5.loss_bbox: 0.3002, loss: 13.9187, grad_norm: 68.3595
2025-06-22 17:21:18,554 - mmdet - INFO - Epoch [1][21250/30895]	lr: 1.454e-05, eta: 25 days, 16:28:28, time: 1.944, data_time: 0.180, memory: 19116, loss_cls: 0.4827, loss_bbox: 0.8371, d0.loss_cls: 0.5121, d0.loss_bbox: 0.9741, d1.loss_cls: 0.4907, d1.loss_bbox: 0.8731, d2.loss_cls: 0.4858, d2.loss_bbox: 0.8526, d3.loss_cls: 0.4831, d3.loss_bbox: 0.8449, d4.loss_cls: 0.4811, d4.loss_bbox: 0.8406, aux_task0.loss_heatmap: 0.6188, aux_task0.loss_bbox: 0.2876, aux_task1.loss_heatmap: 0.8314, aux_task1.loss_bbox: 0.3256, aux_task2.loss_heatmap: 0.8552, aux_task2.loss_bbox: 0.3545, aux_task3.loss_heatmap: 0.6986, aux_task3.loss_bbox: 0.2963, aux_task4.loss_heatmap: 0.5113, aux_task4.loss_bbox: 0.3034, aux_task5.loss_heatmap: 0.4804, aux_task5.loss_bbox: 0.2964, loss: 14.0175, grad_norm: 69.5402
2025-06-22 17:22:51,827 - mmdet - INFO - Epoch [1][21300/30895]	lr: 1.455e-05, eta: 25 days, 15:42:06, time: 1.865, data_time: 0.125, memory: 19116, loss_cls: 0.4931, loss_bbox: 0.8343, d0.loss_cls: 0.5240, d0.loss_bbox: 0.9735, d1.loss_cls: 0.5019, d1.loss_bbox: 0.8727, d2.loss_cls: 0.4957, d2.loss_bbox: 0.8526, d3.loss_cls: 0.4954, d3.loss_bbox: 0.8423, d4.loss_cls: 0.4925, d4.loss_bbox: 0.8376, aux_task0.loss_heatmap: 0.6052, aux_task0.loss_bbox: 0.2748, aux_task1.loss_heatmap: 0.8370, aux_task1.loss_bbox: 0.3245, aux_task2.loss_heatmap: 0.8150, aux_task2.loss_bbox: 0.3482, aux_task3.loss_heatmap: 0.6487, aux_task3.loss_bbox: 0.2869, aux_task4.loss_heatmap: 0.4993, aux_task4.loss_bbox: 0.2967, aux_task5.loss_heatmap: 0.5202, aux_task5.loss_bbox: 0.3029, loss: 13.9749, grad_norm: 70.7869
2025-06-22 17:24:31,523 - mmdet - INFO - Epoch [1][21350/30895]	lr: 1.456e-05, eta: 25 days, 14:58:55, time: 1.994, data_time: 0.446, memory: 19116, loss_cls: 0.4624, loss_bbox: 0.8251, d0.loss_cls: 0.4912, d0.loss_bbox: 0.9567, d1.loss_cls: 0.4714, d1.loss_bbox: 0.8610, d2.loss_cls: 0.4637, d2.loss_bbox: 0.8430, d3.loss_cls: 0.4627, d3.loss_bbox: 0.8333, d4.loss_cls: 0.4620, d4.loss_bbox: 0.8282, aux_task0.loss_heatmap: 0.5836, aux_task0.loss_bbox: 0.2774, aux_task1.loss_heatmap: 0.8253, aux_task1.loss_bbox: 0.3257, aux_task2.loss_heatmap: 0.8419, aux_task2.loss_bbox: 0.3568, aux_task3.loss_heatmap: 0.6297, aux_task3.loss_bbox: 0.2898, aux_task4.loss_heatmap: 0.5083, aux_task4.loss_bbox: 0.3005, aux_task5.loss_heatmap: 0.4762, aux_task5.loss_bbox: 0.2972, loss: 13.6730, grad_norm: 66.3012
2025-06-22 17:26:08,460 - mmdet - INFO - Epoch [1][21400/30895]	lr: 1.457e-05, eta: 25 days, 14:14:39, time: 1.939, data_time: 0.055, memory: 19116, loss_cls: 0.4808, loss_bbox: 0.8345, d0.loss_cls: 0.5037, d0.loss_bbox: 0.9684, d1.loss_cls: 0.4849, d1.loss_bbox: 0.8717, d2.loss_cls: 0.4800, d2.loss_bbox: 0.8526, d3.loss_cls: 0.4811, d3.loss_bbox: 0.8422, d4.loss_cls: 0.4802, d4.loss_bbox: 0.8368, aux_task0.loss_heatmap: 0.5869, aux_task0.loss_bbox: 0.2772, aux_task1.loss_heatmap: 0.8441, aux_task1.loss_bbox: 0.3257, aux_task2.loss_heatmap: 0.8768, aux_task2.loss_bbox: 0.3553, aux_task3.loss_heatmap: 0.6544, aux_task3.loss_bbox: 0.2885, aux_task4.loss_heatmap: 0.5146, aux_task4.loss_bbox: 0.2983, aux_task5.loss_heatmap: 0.4994, aux_task5.loss_bbox: 0.2980, loss: 13.9362, grad_norm: 67.9104
2025-06-22 17:27:44,788 - mmdet - INFO - Epoch [1][21450/30895]	lr: 1.458e-05, eta: 25 days, 13:30:18, time: 1.927, data_time: 0.131, memory: 19116, loss_cls: 0.4893, loss_bbox: 0.8342, d0.loss_cls: 0.5111, d0.loss_bbox: 0.9691, d1.loss_cls: 0.4949, d1.loss_bbox: 0.8717, d2.loss_cls: 0.4893, d2.loss_bbox: 0.8507, d3.loss_cls: 0.4889, d3.loss_bbox: 0.8412, d4.loss_cls: 0.4894, d4.loss_bbox: 0.8360, aux_task0.loss_heatmap: 0.5879, aux_task0.loss_bbox: 0.2887, aux_task1.loss_heatmap: 0.8498, aux_task1.loss_bbox: 0.3276, aux_task2.loss_heatmap: 0.8457, aux_task2.loss_bbox: 0.3485, aux_task3.loss_heatmap: 0.6525, aux_task3.loss_bbox: 0.2966, aux_task4.loss_heatmap: 0.5088, aux_task4.loss_bbox: 0.2932, aux_task5.loss_heatmap: 0.4909, aux_task5.loss_bbox: 0.2979, loss: 13.9537, grad_norm: 73.3976
2025-06-22 17:29:25,114 - mmdet - INFO - Epoch [1][21500/30895]	lr: 1.459e-05, eta: 25 days, 12:48:00, time: 2.007, data_time: 0.528, memory: 19116, loss_cls: 0.4717, loss_bbox: 0.8215, d0.loss_cls: 0.4992, d0.loss_bbox: 0.9541, d1.loss_cls: 0.4807, d1.loss_bbox: 0.8544, d2.loss_cls: 0.4742, d2.loss_bbox: 0.8369, d3.loss_cls: 0.4742, d3.loss_bbox: 0.8279, d4.loss_cls: 0.4721, d4.loss_bbox: 0.8228, aux_task0.loss_heatmap: 0.5655, aux_task0.loss_bbox: 0.2693, aux_task1.loss_heatmap: 0.8265, aux_task1.loss_bbox: 0.3272, aux_task2.loss_heatmap: 0.8520, aux_task2.loss_bbox: 0.3456, aux_task3.loss_heatmap: 0.6043, aux_task3.loss_bbox: 0.2888, aux_task4.loss_heatmap: 0.4997, aux_task4.loss_bbox: 0.2972, aux_task5.loss_heatmap: 0.4730, aux_task5.loss_bbox: 0.2960, loss: 13.6348, grad_norm: 68.3943
2025-06-22 17:31:03,950 - mmdet - INFO - Epoch [1][21550/30895]	lr: 1.460e-05, eta: 25 days, 12:05:12, time: 1.977, data_time: 0.502, memory: 19116, loss_cls: 0.4793, loss_bbox: 0.8390, d0.loss_cls: 0.5090, d0.loss_bbox: 0.9702, d1.loss_cls: 0.4885, d1.loss_bbox: 0.8729, d2.loss_cls: 0.4822, d2.loss_bbox: 0.8530, d3.loss_cls: 0.4797, d3.loss_bbox: 0.8444, d4.loss_cls: 0.4800, d4.loss_bbox: 0.8399, aux_task0.loss_heatmap: 0.6280, aux_task0.loss_bbox: 0.2901, aux_task1.loss_heatmap: 0.8323, aux_task1.loss_bbox: 0.3248, aux_task2.loss_heatmap: 0.8267, aux_task2.loss_bbox: 0.3502, aux_task3.loss_heatmap: 0.6106, aux_task3.loss_bbox: 0.2886, aux_task4.loss_heatmap: 0.5068, aux_task4.loss_bbox: 0.3018, aux_task5.loss_heatmap: 0.4943, aux_task5.loss_bbox: 0.2972, loss: 13.8895, grad_norm: 69.7569
2025-06-22 17:32:38,658 - mmdet - INFO - Epoch [1][21600/30895]	lr: 1.461e-05, eta: 25 days, 11:20:42, time: 1.894, data_time: 0.408, memory: 19116, loss_cls: 0.4826, loss_bbox: 0.8520, d0.loss_cls: 0.5093, d0.loss_bbox: 0.9876, d1.loss_cls: 0.4902, d1.loss_bbox: 0.8883, d2.loss_cls: 0.4824, d2.loss_bbox: 0.8705, d3.loss_cls: 0.4829, d3.loss_bbox: 0.8592, d4.loss_cls: 0.4821, d4.loss_bbox: 0.8541, aux_task0.loss_heatmap: 0.5964, aux_task0.loss_bbox: 0.2827, aux_task1.loss_heatmap: 0.8278, aux_task1.loss_bbox: 0.3312, aux_task2.loss_heatmap: 0.8214, aux_task2.loss_bbox: 0.3570, aux_task3.loss_heatmap: 0.6955, aux_task3.loss_bbox: 0.2985, aux_task4.loss_heatmap: 0.5005, aux_task4.loss_bbox: 0.3070, aux_task5.loss_heatmap: 0.5131, aux_task5.loss_bbox: 0.2987, loss: 14.0709, grad_norm: 70.8832
2025-06-22 17:34:14,716 - mmdet - INFO - Epoch [1][21650/30895]	lr: 1.462e-05, eta: 25 days, 10:37:00, time: 1.921, data_time: 0.515, memory: 19116, loss_cls: 0.4818, loss_bbox: 0.8335, d0.loss_cls: 0.5127, d0.loss_bbox: 0.9683, d1.loss_cls: 0.4896, d1.loss_bbox: 0.8704, d2.loss_cls: 0.4837, d2.loss_bbox: 0.8509, d3.loss_cls: 0.4827, d3.loss_bbox: 0.8400, d4.loss_cls: 0.4815, d4.loss_bbox: 0.8360, aux_task0.loss_heatmap: 0.5914, aux_task0.loss_bbox: 0.2824, aux_task1.loss_heatmap: 0.8055, aux_task1.loss_bbox: 0.3277, aux_task2.loss_heatmap: 0.8128, aux_task2.loss_bbox: 0.3490, aux_task3.loss_heatmap: 0.6589, aux_task3.loss_bbox: 0.2873, aux_task4.loss_heatmap: 0.4956, aux_task4.loss_bbox: 0.2922, aux_task5.loss_heatmap: 0.4992, aux_task5.loss_bbox: 0.2990, loss: 13.8325, grad_norm: 68.8250
2025-06-22 17:35:49,786 - mmdet - INFO - Epoch [1][21700/30895]	lr: 1.463e-05, eta: 25 days, 9:53:03, time: 1.901, data_time: 0.479, memory: 19116, loss_cls: 0.4879, loss_bbox: 0.8263, d0.loss_cls: 0.5136, d0.loss_bbox: 0.9615, d1.loss_cls: 0.4925, d1.loss_bbox: 0.8642, d2.loss_cls: 0.4895, d2.loss_bbox: 0.8423, d3.loss_cls: 0.4888, d3.loss_bbox: 0.8339, d4.loss_cls: 0.4882, d4.loss_bbox: 0.8287, aux_task0.loss_heatmap: 0.6150, aux_task0.loss_bbox: 0.2847, aux_task1.loss_heatmap: 0.8119, aux_task1.loss_bbox: 0.3226, aux_task2.loss_heatmap: 0.8264, aux_task2.loss_bbox: 0.3521, aux_task3.loss_heatmap: 0.6532, aux_task3.loss_bbox: 0.2883, aux_task4.loss_heatmap: 0.5214, aux_task4.loss_bbox: 0.3003, aux_task5.loss_heatmap: 0.5030, aux_task5.loss_bbox: 0.2992, loss: 13.8956, grad_norm: 71.6011
2025-06-22 17:37:24,222 - mmdet - INFO - Epoch [1][21750/30895]	lr: 1.464e-05, eta: 25 days, 9:09:01, time: 1.889, data_time: 0.168, memory: 19116, loss_cls: 0.4689, loss_bbox: 0.8254, d0.loss_cls: 0.4929, d0.loss_bbox: 0.9637, d1.loss_cls: 0.4763, d1.loss_bbox: 0.8630, d2.loss_cls: 0.4704, d2.loss_bbox: 0.8428, d3.loss_cls: 0.4701, d3.loss_bbox: 0.8324, d4.loss_cls: 0.4703, d4.loss_bbox: 0.8271, aux_task0.loss_heatmap: 0.5772, aux_task0.loss_bbox: 0.2704, aux_task1.loss_heatmap: 0.8362, aux_task1.loss_bbox: 0.3273, aux_task2.loss_heatmap: 0.8748, aux_task2.loss_bbox: 0.3545, aux_task3.loss_heatmap: 0.6035, aux_task3.loss_bbox: 0.2899, aux_task4.loss_heatmap: 0.4903, aux_task4.loss_bbox: 0.2999, aux_task5.loss_heatmap: 0.4987, aux_task5.loss_bbox: 0.2952, loss: 13.7212, grad_norm: 66.4006
2025-06-22 17:39:02,146 - mmdet - INFO - Epoch [1][21800/30895]	lr: 1.465e-05, eta: 25 days, 8:26:45, time: 1.958, data_time: 0.429, memory: 19116, loss_cls: 0.4852, loss_bbox: 0.8324, d0.loss_cls: 0.5139, d0.loss_bbox: 0.9596, d1.loss_cls: 0.4937, d1.loss_bbox: 0.8643, d2.loss_cls: 0.4865, d2.loss_bbox: 0.8472, d3.loss_cls: 0.4851, d3.loss_bbox: 0.8383, d4.loss_cls: 0.4852, d4.loss_bbox: 0.8341, aux_task0.loss_heatmap: 0.5898, aux_task0.loss_bbox: 0.2752, aux_task1.loss_heatmap: 0.8320, aux_task1.loss_bbox: 0.3296, aux_task2.loss_heatmap: 0.8410, aux_task2.loss_bbox: 0.3444, aux_task3.loss_heatmap: 0.5965, aux_task3.loss_bbox: 0.2946, aux_task4.loss_heatmap: 0.5011, aux_task4.loss_bbox: 0.2954, aux_task5.loss_heatmap: 0.4978, aux_task5.loss_bbox: 0.2990, loss: 13.8220, grad_norm: 66.1144
2025-06-22 17:40:37,199 - mmdet - INFO - Epoch [1][21850/30895]	lr: 1.466e-05, eta: 25 days, 7:43:22, time: 1.901, data_time: 0.446, memory: 19116, loss_cls: 0.4668, loss_bbox: 0.8217, d0.loss_cls: 0.4902, d0.loss_bbox: 0.9488, d1.loss_cls: 0.4707, d1.loss_bbox: 0.8578, d2.loss_cls: 0.4684, d2.loss_bbox: 0.8374, d3.loss_cls: 0.4682, d3.loss_bbox: 0.8281, d4.loss_cls: 0.4671, d4.loss_bbox: 0.8237, aux_task0.loss_heatmap: 0.5765, aux_task0.loss_bbox: 0.2719, aux_task1.loss_heatmap: 0.8361, aux_task1.loss_bbox: 0.3276, aux_task2.loss_heatmap: 0.8717, aux_task2.loss_bbox: 0.3515, aux_task3.loss_heatmap: 0.6314, aux_task3.loss_bbox: 0.2884, aux_task4.loss_heatmap: 0.4988, aux_task4.loss_bbox: 0.2962, aux_task5.loss_heatmap: 0.4595, aux_task5.loss_bbox: 0.2959, loss: 13.6546, grad_norm: 67.4490
2025-06-22 17:42:28,254 - mmdet - INFO - Epoch [1][21900/30895]	lr: 1.467e-05, eta: 25 days, 7:07:27, time: 2.221, data_time: 0.815, memory: 19116, loss_cls: 0.4836, loss_bbox: 0.8378, d0.loss_cls: 0.5161, d0.loss_bbox: 0.9733, d1.loss_cls: 0.4934, d1.loss_bbox: 0.8761, d2.loss_cls: 0.4865, d2.loss_bbox: 0.8550, d3.loss_cls: 0.4847, d3.loss_bbox: 0.8435, d4.loss_cls: 0.4842, d4.loss_bbox: 0.8392, aux_task0.loss_heatmap: 0.6150, aux_task0.loss_bbox: 0.2825, aux_task1.loss_heatmap: 0.8224, aux_task1.loss_bbox: 0.3264, aux_task2.loss_heatmap: 0.8154, aux_task2.loss_bbox: 0.3423, aux_task3.loss_heatmap: 0.6892, aux_task3.loss_bbox: 0.2902, aux_task4.loss_heatmap: 0.4972, aux_task4.loss_bbox: 0.2945, aux_task5.loss_heatmap: 0.4699, aux_task5.loss_bbox: 0.2990, loss: 13.9176, grad_norm: 69.4568
2025-06-22 17:44:07,456 - mmdet - INFO - Epoch [1][21950/30895]	lr: 1.467e-05, eta: 25 days, 6:26:18, time: 1.984, data_time: 0.432, memory: 19116, loss_cls: 0.4857, loss_bbox: 0.8279, d0.loss_cls: 0.5110, d0.loss_bbox: 0.9684, d1.loss_cls: 0.4932, d1.loss_bbox: 0.8671, d2.loss_cls: 0.4892, d2.loss_bbox: 0.8452, d3.loss_cls: 0.4863, d3.loss_bbox: 0.8351, d4.loss_cls: 0.4847, d4.loss_bbox: 0.8305, aux_task0.loss_heatmap: 0.6008, aux_task0.loss_bbox: 0.2815, aux_task1.loss_heatmap: 0.8291, aux_task1.loss_bbox: 0.3264, aux_task2.loss_heatmap: 0.8178, aux_task2.loss_bbox: 0.3491, aux_task3.loss_heatmap: 0.6712, aux_task3.loss_bbox: 0.2946, aux_task4.loss_heatmap: 0.5141, aux_task4.loss_bbox: 0.2984, aux_task5.loss_heatmap: 0.5083, aux_task5.loss_bbox: 0.2958, loss: 13.9114, grad_norm: 84.5985
2025-06-22 17:45:40,313 - mmdet - INFO - Exp name: lidar_0075v_900q_split1_2x2_hednetmiddleencoder_hednetbackbone4_dss0511_dp03_hugeep2_num2_conv_xy_rope.py
2025-06-22 17:45:40,314 - mmdet - INFO - Epoch [1][22000/30895]	lr: 1.468e-05, eta: 25 days, 5:42:29, time: 1.857, data_time: 0.417, memory: 19116, loss_cls: 0.4682, loss_bbox: 0.8323, d0.loss_cls: 0.4997, d0.loss_bbox: 0.9645, d1.loss_cls: 0.4770, d1.loss_bbox: 0.8661, d2.loss_cls: 0.4704, d2.loss_bbox: 0.8471, d3.loss_cls: 0.4682, d3.loss_bbox: 0.8399, d4.loss_cls: 0.4677, d4.loss_bbox: 0.8352, aux_task0.loss_heatmap: 0.5888, aux_task0.loss_bbox: 0.2800, aux_task1.loss_heatmap: 0.8240, aux_task1.loss_bbox: 0.3268, aux_task2.loss_heatmap: 0.8568, aux_task2.loss_bbox: 0.3480, aux_task3.loss_heatmap: 0.5906, aux_task3.loss_bbox: 0.2836, aux_task4.loss_heatmap: 0.5014, aux_task4.loss_bbox: 0.2973, aux_task5.loss_heatmap: 0.4692, aux_task5.loss_bbox: 0.2978, loss: 13.7008, grad_norm: 66.4914
2025-06-22 17:47:20,770 - mmdet - INFO - Epoch [1][22050/30895]	lr: 1.469e-05, eta: 25 days, 5:02:16, time: 2.009, data_time: 0.512, memory: 19116, loss_cls: 0.4786, loss_bbox: 0.8253, d0.loss_cls: 0.5022, d0.loss_bbox: 0.9561, d1.loss_cls: 0.4856, d1.loss_bbox: 0.8589, d2.loss_cls: 0.4796, d2.loss_bbox: 0.8396, d3.loss_cls: 0.4806, d3.loss_bbox: 0.8306, d4.loss_cls: 0.4786, d4.loss_bbox: 0.8276, aux_task0.loss_heatmap: 0.5810, aux_task0.loss_bbox: 0.2764, aux_task1.loss_heatmap: 0.8191, aux_task1.loss_bbox: 0.3235, aux_task2.loss_heatmap: 0.8529, aux_task2.loss_bbox: 0.3481, aux_task3.loss_heatmap: 0.6563, aux_task3.loss_bbox: 0.2867, aux_task4.loss_heatmap: 0.4943, aux_task4.loss_bbox: 0.2930, aux_task5.loss_heatmap: 0.5169, aux_task5.loss_bbox: 0.2982, loss: 13.7896, grad_norm: 71.9859
2025-06-22 17:48:51,537 - mmdet - INFO - Epoch [1][22100/30895]	lr: 1.470e-05, eta: 25 days, 4:17:53, time: 1.815, data_time: 0.189, memory: 19116, loss_cls: 0.4635, loss_bbox: 0.8283, d0.loss_cls: 0.4899, d0.loss_bbox: 0.9621, d1.loss_cls: 0.4702, d1.loss_bbox: 0.8626, d2.loss_cls: 0.4652, d2.loss_bbox: 0.8434, d3.loss_cls: 0.4639, d3.loss_bbox: 0.8340, d4.loss_cls: 0.4636, d4.loss_bbox: 0.8298, aux_task0.loss_heatmap: 0.6081, aux_task0.loss_bbox: 0.2846, aux_task1.loss_heatmap: 0.8151, aux_task1.loss_bbox: 0.3296, aux_task2.loss_heatmap: 0.8165, aux_task2.loss_bbox: 0.3516, aux_task3.loss_heatmap: 0.6523, aux_task3.loss_bbox: 0.2924, aux_task4.loss_heatmap: 0.4943, aux_task4.loss_bbox: 0.2989, aux_task5.loss_heatmap: 0.4873, aux_task5.loss_bbox: 0.2958, loss: 13.7029, grad_norm: 67.2381
2025-06-22 17:50:25,263 - mmdet - INFO - Epoch [1][22150/30895]	lr: 1.471e-05, eta: 25 days, 3:35:01, time: 1.875, data_time: 0.143, memory: 19116, loss_cls: 0.4616, loss_bbox: 0.8197, d0.loss_cls: 0.4892, d0.loss_bbox: 0.9503, d1.loss_cls: 0.4685, d1.loss_bbox: 0.8561, d2.loss_cls: 0.4634, d2.loss_bbox: 0.8349, d3.loss_cls: 0.4625, d3.loss_bbox: 0.8254, d4.loss_cls: 0.4612, d4.loss_bbox: 0.8226, aux_task0.loss_heatmap: 0.5610, aux_task0.loss_bbox: 0.2680, aux_task1.loss_heatmap: 0.8064, aux_task1.loss_bbox: 0.3212, aux_task2.loss_heatmap: 0.8537, aux_task2.loss_bbox: 0.3495, aux_task3.loss_heatmap: 0.5840, aux_task3.loss_bbox: 0.2877, aux_task4.loss_heatmap: 0.5052, aux_task4.loss_bbox: 0.2946, aux_task5.loss_heatmap: 0.4915, aux_task5.loss_bbox: 0.2952, loss: 13.5333, grad_norm: 65.0258
2025-06-22 17:52:13,254 - mmdet - INFO - Epoch [1][22200/30895]	lr: 1.472e-05, eta: 25 days, 2:58:43, time: 2.160, data_time: 0.763, memory: 19116, loss_cls: 0.4795, loss_bbox: 0.8336, d0.loss_cls: 0.5056, d0.loss_bbox: 0.9694, d1.loss_cls: 0.4843, d1.loss_bbox: 0.8709, d2.loss_cls: 0.4816, d2.loss_bbox: 0.8487, d3.loss_cls: 0.4795, d3.loss_bbox: 0.8396, d4.loss_cls: 0.4798, d4.loss_bbox: 0.8360, aux_task0.loss_heatmap: 0.5995, aux_task0.loss_bbox: 0.2882, aux_task1.loss_heatmap: 0.8177, aux_task1.loss_bbox: 0.3256, aux_task2.loss_heatmap: 0.8402, aux_task2.loss_bbox: 0.3516, aux_task3.loss_heatmap: 0.6544, aux_task3.loss_bbox: 0.2872, aux_task4.loss_heatmap: 0.4973, aux_task4.loss_bbox: 0.2976, aux_task5.loss_heatmap: 0.5091, aux_task5.loss_bbox: 0.2954, loss: 13.8724, grad_norm: 70.8955
2025-06-22 17:53:53,024 - mmdet - INFO - Epoch [1][22250/30895]	lr: 1.473e-05, eta: 25 days, 2:18:54, time: 1.995, data_time: 0.415, memory: 19116, loss_cls: 0.4926, loss_bbox: 0.8422, d0.loss_cls: 0.5168, d0.loss_bbox: 0.9767, d1.loss_cls: 0.4978, d1.loss_bbox: 0.8793, d2.loss_cls: 0.4924, d2.loss_bbox: 0.8595, d3.loss_cls: 0.4908, d3.loss_bbox: 0.8499, d4.loss_cls: 0.4915, d4.loss_bbox: 0.8447, aux_task0.loss_heatmap: 0.5958, aux_task0.loss_bbox: 0.2894, aux_task1.loss_heatmap: 0.8385, aux_task1.loss_bbox: 0.3265, aux_task2.loss_heatmap: 0.8695, aux_task2.loss_bbox: 0.3504, aux_task3.loss_heatmap: 0.6553, aux_task3.loss_bbox: 0.2930, aux_task4.loss_heatmap: 0.4925, aux_task4.loss_bbox: 0.2974, aux_task5.loss_heatmap: 0.5423, aux_task5.loss_bbox: 0.3060, loss: 14.0908, grad_norm: 71.3286
2025-06-22 17:55:36,090 - mmdet - INFO - Epoch [1][22300/30895]	lr: 1.474e-05, eta: 25 days, 1:40:43, time: 2.061, data_time: 0.241, memory: 19116, loss_cls: 0.4719, loss_bbox: 0.8198, d0.loss_cls: 0.4944, d0.loss_bbox: 0.9533, d1.loss_cls: 0.4769, d1.loss_bbox: 0.8540, d2.loss_cls: 0.4747, d2.loss_bbox: 0.8335, d3.loss_cls: 0.4717, d3.loss_bbox: 0.8265, d4.loss_cls: 0.4718, d4.loss_bbox: 0.8224, aux_task0.loss_heatmap: 0.5764, aux_task0.loss_bbox: 0.2737, aux_task1.loss_heatmap: 0.8026, aux_task1.loss_bbox: 0.3180, aux_task2.loss_heatmap: 0.8226, aux_task2.loss_bbox: 0.3412, aux_task3.loss_heatmap: 0.6222, aux_task3.loss_bbox: 0.2961, aux_task4.loss_heatmap: 0.4981, aux_task4.loss_bbox: 0.2934, aux_task5.loss_heatmap: 0.4781, aux_task5.loss_bbox: 0.2937, loss: 13.5872, grad_norm: 65.5277
2025-06-22 17:57:18,948 - mmdet - INFO - Epoch [1][22350/30895]	lr: 1.475e-05, eta: 25 days, 1:02:36, time: 2.057, data_time: 0.151, memory: 19116, loss_cls: 0.4785, loss_bbox: 0.8375, d0.loss_cls: 0.5021, d0.loss_bbox: 0.9686, d1.loss_cls: 0.4852, d1.loss_bbox: 0.8719, d2.loss_cls: 0.4810, d2.loss_bbox: 0.8507, d3.loss_cls: 0.4797, d3.loss_bbox: 0.8434, d4.loss_cls: 0.4797, d4.loss_bbox: 0.8384, aux_task0.loss_heatmap: 0.5927, aux_task0.loss_bbox: 0.2782, aux_task1.loss_heatmap: 0.8091, aux_task1.loss_bbox: 0.3285, aux_task2.loss_heatmap: 0.8347, aux_task2.loss_bbox: 0.3458, aux_task3.loss_heatmap: 0.6816, aux_task3.loss_bbox: 0.2877, aux_task4.loss_heatmap: 0.5102, aux_task4.loss_bbox: 0.3028, aux_task5.loss_heatmap: 0.5062, aux_task5.loss_bbox: 0.2987, loss: 13.8929, grad_norm: 69.7313
2025-06-22 17:58:53,856 - mmdet - INFO - Epoch [1][22400/30895]	lr: 1.476e-05, eta: 25 days, 0:21:09, time: 1.899, data_time: 0.200, memory: 19116, loss_cls: 0.4711, loss_bbox: 0.8223, d0.loss_cls: 0.4978, d0.loss_bbox: 0.9513, d1.loss_cls: 0.4764, d1.loss_bbox: 0.8585, d2.loss_cls: 0.4714, d2.loss_bbox: 0.8389, d3.loss_cls: 0.4708, d3.loss_bbox: 0.8305, d4.loss_cls: 0.4715, d4.loss_bbox: 0.8247, aux_task0.loss_heatmap: 0.5764, aux_task0.loss_bbox: 0.2718, aux_task1.loss_heatmap: 0.8271, aux_task1.loss_bbox: 0.3242, aux_task2.loss_heatmap: 0.8392, aux_task2.loss_bbox: 0.3508, aux_task3.loss_heatmap: 0.6139, aux_task3.loss_bbox: 0.2853, aux_task4.loss_heatmap: 0.4973, aux_task4.loss_bbox: 0.2981, aux_task5.loss_heatmap: 0.4839, aux_task5.loss_bbox: 0.2965, loss: 13.6498, grad_norm: 66.9086
2025-06-22 18:00:33,569 - mmdet - INFO - Epoch [1][22450/30895]	lr: 1.477e-05, eta: 24 days, 23:41:59, time: 1.994, data_time: 0.212, memory: 19116, loss_cls: 0.4714, loss_bbox: 0.8257, d0.loss_cls: 0.4967, d0.loss_bbox: 0.9551, d1.loss_cls: 0.4790, d1.loss_bbox: 0.8581, d2.loss_cls: 0.4739, d2.loss_bbox: 0.8395, d3.loss_cls: 0.4715, d3.loss_bbox: 0.8323, d4.loss_cls: 0.4707, d4.loss_bbox: 0.8280, aux_task0.loss_heatmap: 0.6093, aux_task0.loss_bbox: 0.2853, aux_task1.loss_heatmap: 0.8111, aux_task1.loss_bbox: 0.3238, aux_task2.loss_heatmap: 0.8276, aux_task2.loss_bbox: 0.3409, aux_task3.loss_heatmap: 0.6754, aux_task3.loss_bbox: 0.2927, aux_task4.loss_heatmap: 0.4841, aux_task4.loss_bbox: 0.2952, aux_task5.loss_heatmap: 0.4907, aux_task5.loss_bbox: 0.2993, loss: 13.7374, grad_norm: 67.6786
2025-06-22 18:02:12,674 - mmdet - INFO - Epoch [1][22500/30895]	lr: 1.478e-05, eta: 24 days, 23:02:43, time: 1.982, data_time: 0.061, memory: 19116, loss_cls: 0.4663, loss_bbox: 0.8299, d0.loss_cls: 0.4923, d0.loss_bbox: 0.9632, d1.loss_cls: 0.4735, d1.loss_bbox: 0.8644, d2.loss_cls: 0.4684, d2.loss_bbox: 0.8446, d3.loss_cls: 0.4670, d3.loss_bbox: 0.8363, d4.loss_cls: 0.4670, d4.loss_bbox: 0.8315, aux_task0.loss_heatmap: 0.5925, aux_task0.loss_bbox: 0.2848, aux_task1.loss_heatmap: 0.8054, aux_task1.loss_bbox: 0.3228, aux_task2.loss_heatmap: 0.8045, aux_task2.loss_bbox: 0.3480, aux_task3.loss_heatmap: 0.6125, aux_task3.loss_bbox: 0.2845, aux_task4.loss_heatmap: 0.4960, aux_task4.loss_bbox: 0.2963, aux_task5.loss_heatmap: 0.4838, aux_task5.loss_bbox: 0.2988, loss: 13.6342, grad_norm: 67.5599
2025-06-22 18:03:51,615 - mmdet - INFO - Epoch [1][22550/30895]	lr: 1.479e-05, eta: 24 days, 22:23:33, time: 1.979, data_time: 0.213, memory: 19116, loss_cls: 0.4710, loss_bbox: 0.8412, d0.loss_cls: 0.4972, d0.loss_bbox: 0.9700, d1.loss_cls: 0.4781, d1.loss_bbox: 0.8761, d2.loss_cls: 0.4714, d2.loss_bbox: 0.8572, d3.loss_cls: 0.4703, d3.loss_bbox: 0.8479, d4.loss_cls: 0.4715, d4.loss_bbox: 0.8429, aux_task0.loss_heatmap: 0.6153, aux_task0.loss_bbox: 0.2850, aux_task1.loss_heatmap: 0.8372, aux_task1.loss_bbox: 0.3299, aux_task2.loss_heatmap: 0.8433, aux_task2.loss_bbox: 0.3525, aux_task3.loss_heatmap: 0.6380, aux_task3.loss_bbox: 0.2838, aux_task4.loss_heatmap: 0.4844, aux_task4.loss_bbox: 0.3008, aux_task5.loss_heatmap: 0.4727, aux_task5.loss_bbox: 0.3026, loss: 13.8404, grad_norm: 64.4263
2025-06-22 18:05:23,765 - mmdet - INFO - Epoch [1][22600/30895]	lr: 1.480e-05, eta: 24 days, 21:41:34, time: 1.843, data_time: 0.128, memory: 19116, loss_cls: 0.4779, loss_bbox: 0.8211, d0.loss_cls: 0.5043, d0.loss_bbox: 0.9522, d1.loss_cls: 0.4850, d1.loss_bbox: 0.8563, d2.loss_cls: 0.4804, d2.loss_bbox: 0.8353, d3.loss_cls: 0.4780, d3.loss_bbox: 0.8283, d4.loss_cls: 0.4772, d4.loss_bbox: 0.8236, aux_task0.loss_heatmap: 0.5822, aux_task0.loss_bbox: 0.2755, aux_task1.loss_heatmap: 0.8285, aux_task1.loss_bbox: 0.3240, aux_task2.loss_heatmap: 0.8619, aux_task2.loss_bbox: 0.3504, aux_task3.loss_heatmap: 0.6551, aux_task3.loss_bbox: 0.2885, aux_task4.loss_heatmap: 0.5163, aux_task4.loss_bbox: 0.2988, aux_task5.loss_heatmap: 0.4967, aux_task5.loss_bbox: 0.2977, loss: 13.7953, grad_norm: 65.8105
2025-06-22 18:07:06,146 - mmdet - INFO - Epoch [1][22650/30895]	lr: 1.481e-05, eta: 24 days, 21:04:14, time: 2.048, data_time: 0.656, memory: 19116, loss_cls: 0.4631, loss_bbox: 0.8187, d0.loss_cls: 0.4900, d0.loss_bbox: 0.9489, d1.loss_cls: 0.4686, d1.loss_bbox: 0.8568, d2.loss_cls: 0.4647, d2.loss_bbox: 0.8347, d3.loss_cls: 0.4629, d3.loss_bbox: 0.8259, d4.loss_cls: 0.4635, d4.loss_bbox: 0.8205, aux_task0.loss_heatmap: 0.5937, aux_task0.loss_bbox: 0.2663, aux_task1.loss_heatmap: 0.8183, aux_task1.loss_bbox: 0.3163, aux_task2.loss_heatmap: 0.8416, aux_task2.loss_bbox: 0.3465, aux_task3.loss_heatmap: 0.6109, aux_task3.loss_bbox: 0.2851, aux_task4.loss_heatmap: 0.4947, aux_task4.loss_bbox: 0.2934, aux_task5.loss_heatmap: 0.4713, aux_task5.loss_bbox: 0.2985, loss: 13.5549, grad_norm: 67.7769
2025-06-22 18:08:42,432 - mmdet - INFO - Epoch [1][22700/30895]	lr: 1.483e-05, eta: 24 days, 20:24:24, time: 1.926, data_time: 0.368, memory: 19116, loss_cls: 0.4762, loss_bbox: 0.8321, d0.loss_cls: 0.5013, d0.loss_bbox: 0.9603, d1.loss_cls: 0.4819, d1.loss_bbox: 0.8682, d2.loss_cls: 0.4778, d2.loss_bbox: 0.8468, d3.loss_cls: 0.4753, d3.loss_bbox: 0.8385, d4.loss_cls: 0.4747, d4.loss_bbox: 0.8340, aux_task0.loss_heatmap: 0.5954, aux_task0.loss_bbox: 0.2771, aux_task1.loss_heatmap: 0.8081, aux_task1.loss_bbox: 0.3242, aux_task2.loss_heatmap: 0.8354, aux_task2.loss_bbox: 0.3543, aux_task3.loss_heatmap: 0.6195, aux_task3.loss_bbox: 0.2923, aux_task4.loss_heatmap: 0.5172, aux_task4.loss_bbox: 0.2988, aux_task5.loss_heatmap: 0.5083, aux_task5.loss_bbox: 0.2995, loss: 13.7971, grad_norm: 66.6520
2025-06-22 18:10:17,785 - mmdet - INFO - Epoch [1][22750/30895]	lr: 1.484e-05, eta: 24 days, 19:44:20, time: 1.907, data_time: 0.227, memory: 19116, loss_cls: 0.4708, loss_bbox: 0.8265, d0.loss_cls: 0.4941, d0.loss_bbox: 0.9596, d1.loss_cls: 0.4769, d1.loss_bbox: 0.8613, d2.loss_cls: 0.4693, d2.loss_bbox: 0.8429, d3.loss_cls: 0.4693, d3.loss_bbox: 0.8341, d4.loss_cls: 0.4689, d4.loss_bbox: 0.8302, aux_task0.loss_heatmap: 0.5773, aux_task0.loss_bbox: 0.2820, aux_task1.loss_heatmap: 0.8081, aux_task1.loss_bbox: 0.3258, aux_task2.loss_heatmap: 0.8149, aux_task2.loss_bbox: 0.3481, aux_task3.loss_heatmap: 0.5989, aux_task3.loss_bbox: 0.2847, aux_task4.loss_heatmap: 0.4951, aux_task4.loss_bbox: 0.3003, aux_task5.loss_heatmap: 0.5005, aux_task5.loss_bbox: 0.3038, loss: 13.6433, grad_norm: 68.0925
2025-06-22 18:11:58,040 - mmdet - INFO - Epoch [1][22800/30895]	lr: 1.485e-05, eta: 24 days, 19:06:34, time: 2.005, data_time: 0.142, memory: 19116, loss_cls: 0.4676, loss_bbox: 0.8199, d0.loss_cls: 0.4968, d0.loss_bbox: 0.9457, d1.loss_cls: 0.4769, d1.loss_bbox: 0.8537, d2.loss_cls: 0.4703, d2.loss_bbox: 0.8343, d3.loss_cls: 0.4676, d3.loss_bbox: 0.8267, d4.loss_cls: 0.4662, d4.loss_bbox: 0.8227, aux_task0.loss_heatmap: 0.5771, aux_task0.loss_bbox: 0.2812, aux_task1.loss_heatmap: 0.8200, aux_task1.loss_bbox: 0.3248, aux_task2.loss_heatmap: 0.8160, aux_task2.loss_bbox: 0.3509, aux_task3.loss_heatmap: 0.6416, aux_task3.loss_bbox: 0.2871, aux_task4.loss_heatmap: 0.4965, aux_task4.loss_bbox: 0.3004, aux_task5.loss_heatmap: 0.4790, aux_task5.loss_bbox: 0.2974, loss: 13.6205, grad_norm: 70.2057
2025-06-22 18:13:33,801 - mmdet - INFO - Epoch [1][22850/30895]	lr: 1.486e-05, eta: 24 days, 18:27:00, time: 1.915, data_time: 0.297, memory: 19116, loss_cls: 0.4702, loss_bbox: 0.8205, d0.loss_cls: 0.4978, d0.loss_bbox: 0.9487, d1.loss_cls: 0.4783, d1.loss_bbox: 0.8520, d2.loss_cls: 0.4738, d2.loss_bbox: 0.8325, d3.loss_cls: 0.4710, d3.loss_bbox: 0.8255, d4.loss_cls: 0.4708, d4.loss_bbox: 0.8210, aux_task0.loss_heatmap: 0.5914, aux_task0.loss_bbox: 0.2792, aux_task1.loss_heatmap: 0.8369, aux_task1.loss_bbox: 0.3253, aux_task2.loss_heatmap: 0.8269, aux_task2.loss_bbox: 0.3429, aux_task3.loss_heatmap: 0.6403, aux_task3.loss_bbox: 0.2887, aux_task4.loss_heatmap: 0.5035, aux_task4.loss_bbox: 0.2959, aux_task5.loss_heatmap: 0.4816, aux_task5.loss_bbox: 0.2955, loss: 13.6702, grad_norm: 67.2210
2025-06-22 18:15:07,762 - mmdet - INFO - Epoch [1][22900/30895]	lr: 1.487e-05, eta: 24 days, 17:46:49, time: 1.879, data_time: 0.044, memory: 19116, loss_cls: 0.4642, loss_bbox: 0.8181, d0.loss_cls: 0.4897, d0.loss_bbox: 0.9479, d1.loss_cls: 0.4712, d1.loss_bbox: 0.8502, d2.loss_cls: 0.4642, d2.loss_bbox: 0.8329, d3.loss_cls: 0.4641, d3.loss_bbox: 0.8242, d4.loss_cls: 0.4644, d4.loss_bbox: 0.8200, aux_task0.loss_heatmap: 0.5948, aux_task0.loss_bbox: 0.2720, aux_task1.loss_heatmap: 0.8111, aux_task1.loss_bbox: 0.3292, aux_task2.loss_heatmap: 0.8313, aux_task2.loss_bbox: 0.3501, aux_task3.loss_heatmap: 0.6140, aux_task3.loss_bbox: 0.2902, aux_task4.loss_heatmap: 0.4969, aux_task4.loss_bbox: 0.2947, aux_task5.loss_heatmap: 0.4616, aux_task5.loss_bbox: 0.2951, loss: 13.5521, grad_norm: 67.5333
2025-06-22 18:16:49,060 - mmdet - INFO - Epoch [1][22950/30895]	lr: 1.488e-05, eta: 24 days, 17:09:59, time: 2.026, data_time: 0.445, memory: 19116, loss_cls: 0.4693, loss_bbox: 0.8271, d0.loss_cls: 0.4956, d0.loss_bbox: 0.9626, d1.loss_cls: 0.4762, d1.loss_bbox: 0.8650, d2.loss_cls: 0.4717, d2.loss_bbox: 0.8445, d3.loss_cls: 0.4688, d3.loss_bbox: 0.8358, d4.loss_cls: 0.4697, d4.loss_bbox: 0.8295, aux_task0.loss_heatmap: 0.6095, aux_task0.loss_bbox: 0.2779, aux_task1.loss_heatmap: 0.8500, aux_task1.loss_bbox: 0.3288, aux_task2.loss_heatmap: 0.8306, aux_task2.loss_bbox: 0.3546, aux_task3.loss_heatmap: 0.5987, aux_task3.loss_bbox: 0.2816, aux_task4.loss_heatmap: 0.5046, aux_task4.loss_bbox: 0.2940, aux_task5.loss_heatmap: 0.4710, aux_task5.loss_bbox: 0.2966, loss: 13.7138, grad_norm: 67.1211
2025-06-22 18:18:29,155 - mmdet - INFO - Exp name: lidar_0075v_900q_split1_2x2_hednetmiddleencoder_hednetbackbone4_dss0511_dp03_hugeep2_num2_conv_xy_rope.py
2025-06-22 18:18:29,155 - mmdet - INFO - Epoch [1][23000/30895]	lr: 1.489e-05, eta: 24 days, 16:32:47, time: 2.002, data_time: 0.603, memory: 19116, loss_cls: 0.4745, loss_bbox: 0.8218, d0.loss_cls: 0.4988, d0.loss_bbox: 0.9558, d1.loss_cls: 0.4817, d1.loss_bbox: 0.8592, d2.loss_cls: 0.4768, d2.loss_bbox: 0.8379, d3.loss_cls: 0.4753, d3.loss_bbox: 0.8279, d4.loss_cls: 0.4745, d4.loss_bbox: 0.8240, aux_task0.loss_heatmap: 0.5919, aux_task0.loss_bbox: 0.2794, aux_task1.loss_heatmap: 0.8148, aux_task1.loss_bbox: 0.3266, aux_task2.loss_heatmap: 0.8177, aux_task2.loss_bbox: 0.3468, aux_task3.loss_heatmap: 0.6730, aux_task3.loss_bbox: 0.2827, aux_task4.loss_heatmap: 0.5053, aux_task4.loss_bbox: 0.2948, aux_task5.loss_heatmap: 0.4974, aux_task5.loss_bbox: 0.2960, loss: 13.7348, grad_norm: 67.8219
2025-06-22 18:20:07,066 - mmdet - INFO - Epoch [1][23050/30895]	lr: 1.490e-05, eta: 24 days, 15:54:47, time: 1.958, data_time: 0.416, memory: 19116, loss_cls: 0.4805, loss_bbox: 0.8210, d0.loss_cls: 0.5029, d0.loss_bbox: 0.9577, d1.loss_cls: 0.4870, d1.loss_bbox: 0.8575, d2.loss_cls: 0.4821, d2.loss_bbox: 0.8379, d3.loss_cls: 0.4804, d3.loss_bbox: 0.8279, d4.loss_cls: 0.4793, d4.loss_bbox: 0.8246, aux_task0.loss_heatmap: 0.5968, aux_task0.loss_bbox: 0.2767, aux_task1.loss_heatmap: 0.8262, aux_task1.loss_bbox: 0.3257, aux_task2.loss_heatmap: 0.8141, aux_task2.loss_bbox: 0.3496, aux_task3.loss_heatmap: 0.6136, aux_task3.loss_bbox: 0.2853, aux_task4.loss_heatmap: 0.5045, aux_task4.loss_bbox: 0.2928, aux_task5.loss_heatmap: 0.5200, aux_task5.loss_bbox: 0.2976, loss: 13.7416, grad_norm: 68.7806
2025-06-22 18:21:42,525 - mmdet - INFO - Epoch [1][23100/30895]	lr: 1.491e-05, eta: 24 days, 15:15:54, time: 1.909, data_time: 0.484, memory: 19116, loss_cls: 0.4752, loss_bbox: 0.8283, d0.loss_cls: 0.5003, d0.loss_bbox: 0.9608, d1.loss_cls: 0.4813, d1.loss_bbox: 0.8666, d2.loss_cls: 0.4762, d2.loss_bbox: 0.8449, d3.loss_cls: 0.4759, d3.loss_bbox: 0.8360, d4.loss_cls: 0.4740, d4.loss_bbox: 0.8324, aux_task0.loss_heatmap: 0.6219, aux_task0.loss_bbox: 0.2763, aux_task1.loss_heatmap: 0.8119, aux_task1.loss_bbox: 0.3240, aux_task2.loss_heatmap: 0.8689, aux_task2.loss_bbox: 0.3436, aux_task3.loss_heatmap: 0.6511, aux_task3.loss_bbox: 0.2926, aux_task4.loss_heatmap: 0.4988, aux_task4.loss_bbox: 0.2943, aux_task5.loss_heatmap: 0.5041, aux_task5.loss_bbox: 0.2978, loss: 13.8370, grad_norm: 68.4948
2025-06-22 18:23:18,070 - mmdet - INFO - Epoch [1][23150/30895]	lr: 1.492e-05, eta: 24 days, 14:37:12, time: 1.911, data_time: 0.430, memory: 19116, loss_cls: 0.4703, loss_bbox: 0.8254, d0.loss_cls: 0.4972, d0.loss_bbox: 0.9560, d1.loss_cls: 0.4776, d1.loss_bbox: 0.8587, d2.loss_cls: 0.4721, d2.loss_bbox: 0.8402, d3.loss_cls: 0.4709, d3.loss_bbox: 0.8325, d4.loss_cls: 0.4706, d4.loss_bbox: 0.8265, aux_task0.loss_heatmap: 0.5811, aux_task0.loss_bbox: 0.2705, aux_task1.loss_heatmap: 0.8012, aux_task1.loss_bbox: 0.3196, aux_task2.loss_heatmap: 0.8426, aux_task2.loss_bbox: 0.3457, aux_task3.loss_heatmap: 0.6236, aux_task3.loss_bbox: 0.2840, aux_task4.loss_heatmap: 0.5115, aux_task4.loss_bbox: 0.2965, aux_task5.loss_heatmap: 0.4951, aux_task5.loss_bbox: 0.2954, loss: 13.6648, grad_norm: 66.2263
2025-06-22 18:24:52,894 - mmdet - INFO - Epoch [1][23200/30895]	lr: 1.493e-05, eta: 24 days, 13:58:23, time: 1.897, data_time: 0.495, memory: 19116, loss_cls: 0.4619, loss_bbox: 0.8233, d0.loss_cls: 0.4879, d0.loss_bbox: 0.9486, d1.loss_cls: 0.4692, d1.loss_bbox: 0.8569, d2.loss_cls: 0.4654, d2.loss_bbox: 0.8369, d3.loss_cls: 0.4624, d3.loss_bbox: 0.8290, d4.loss_cls: 0.4612, d4.loss_bbox: 0.8248, aux_task0.loss_heatmap: 0.5623, aux_task0.loss_bbox: 0.2675, aux_task1.loss_heatmap: 0.8342, aux_task1.loss_bbox: 0.3253, aux_task2.loss_heatmap: 0.8199, aux_task2.loss_bbox: 0.3462, aux_task3.loss_heatmap: 0.6421, aux_task3.loss_bbox: 0.2875, aux_task4.loss_heatmap: 0.4945, aux_task4.loss_bbox: 0.2953, aux_task5.loss_heatmap: 0.4755, aux_task5.loss_bbox: 0.2963, loss: 13.5744, grad_norm: 68.0432
2025-06-22 18:26:32,549 - mmdet - INFO - Epoch [1][23250/30895]	lr: 1.494e-05, eta: 24 days, 13:21:46, time: 1.993, data_time: 0.515, memory: 19116, loss_cls: 0.4713, loss_bbox: 0.8331, d0.loss_cls: 0.4954, d0.loss_bbox: 0.9613, d1.loss_cls: 0.4746, d1.loss_bbox: 0.8701, d2.loss_cls: 0.4725, d2.loss_bbox: 0.8493, d3.loss_cls: 0.4700, d3.loss_bbox: 0.8406, d4.loss_cls: 0.4695, d4.loss_bbox: 0.8360, aux_task0.loss_heatmap: 0.6043, aux_task0.loss_bbox: 0.2795, aux_task1.loss_heatmap: 0.7932, aux_task1.loss_bbox: 0.3276, aux_task2.loss_heatmap: 0.8555, aux_task2.loss_bbox: 0.3481, aux_task3.loss_heatmap: 0.6226, aux_task3.loss_bbox: 0.2914, aux_task4.loss_heatmap: 0.4828, aux_task4.loss_bbox: 0.2954, aux_task5.loss_heatmap: 0.4713, aux_task5.loss_bbox: 0.2985, loss: 13.7138, grad_norm: 71.3690
2025-06-22 18:28:19,630 - mmdet - INFO - Epoch [1][23300/30895]	lr: 1.495e-05, eta: 24 days, 12:48:28, time: 2.142, data_time: 0.313, memory: 19116, loss_cls: 0.4711, loss_bbox: 0.8235, d0.loss_cls: 0.4996, d0.loss_bbox: 0.9527, d1.loss_cls: 0.4784, d1.loss_bbox: 0.8583, d2.loss_cls: 0.4728, d2.loss_bbox: 0.8387, d3.loss_cls: 0.4707, d3.loss_bbox: 0.8318, d4.loss_cls: 0.4704, d4.loss_bbox: 0.8268, aux_task0.loss_heatmap: 0.5967, aux_task0.loss_bbox: 0.2766, aux_task1.loss_heatmap: 0.8160, aux_task1.loss_bbox: 0.3259, aux_task2.loss_heatmap: 0.8091, aux_task2.loss_bbox: 0.3460, aux_task3.loss_heatmap: 0.6638, aux_task3.loss_bbox: 0.2917, aux_task4.loss_heatmap: 0.4906, aux_task4.loss_bbox: 0.2931, aux_task5.loss_heatmap: 0.4709, aux_task5.loss_bbox: 0.2965, loss: 13.6718, grad_norm: 68.6763
2025-06-22 18:29:56,366 - mmdet - INFO - Epoch [1][23350/30895]	lr: 1.496e-05, eta: 24 days, 12:10:54, time: 1.935, data_time: 0.181, memory: 19116, loss_cls: 0.4780, loss_bbox: 0.8205, d0.loss_cls: 0.4987, d0.loss_bbox: 0.9499, d1.loss_cls: 0.4845, d1.loss_bbox: 0.8514, d2.loss_cls: 0.4786, d2.loss_bbox: 0.8340, d3.loss_cls: 0.4776, d3.loss_bbox: 0.8267, d4.loss_cls: 0.4781, d4.loss_bbox: 0.8216, aux_task0.loss_heatmap: 0.5835, aux_task0.loss_bbox: 0.2669, aux_task1.loss_heatmap: 0.8046, aux_task1.loss_bbox: 0.3233, aux_task2.loss_heatmap: 0.8125, aux_task2.loss_bbox: 0.3454, aux_task3.loss_heatmap: 0.6380, aux_task3.loss_bbox: 0.2942, aux_task4.loss_heatmap: 0.4995, aux_task4.loss_bbox: 0.2955, aux_task5.loss_heatmap: 0.4823, aux_task5.loss_bbox: 0.2982, loss: 13.6437, grad_norm: 68.0071
2025-06-22 18:31:33,472 - mmdet - INFO - Epoch [1][23400/30895]	lr: 1.497e-05, eta: 24 days, 11:33:39, time: 1.942, data_time: 0.455, memory: 19116, loss_cls: 0.4674, loss_bbox: 0.8207, d0.loss_cls: 0.4936, d0.loss_bbox: 0.9531, d1.loss_cls: 0.4726, d1.loss_bbox: 0.8549, d2.loss_cls: 0.4682, d2.loss_bbox: 0.8357, d3.loss_cls: 0.4671, d3.loss_bbox: 0.8269, d4.loss_cls: 0.4663, d4.loss_bbox: 0.8231, aux_task0.loss_heatmap: 0.5868, aux_task0.loss_bbox: 0.2788, aux_task1.loss_heatmap: 0.8008, aux_task1.loss_bbox: 0.3231, aux_task2.loss_heatmap: 0.8440, aux_task2.loss_bbox: 0.3424, aux_task3.loss_heatmap: 0.6347, aux_task3.loss_bbox: 0.2989, aux_task4.loss_heatmap: 0.4890, aux_task4.loss_bbox: 0.2933, aux_task5.loss_heatmap: 0.4805, aux_task5.loss_bbox: 0.2999, loss: 13.6218, grad_norm: 64.9419
2025-06-22 18:33:07,522 - mmdet - INFO - Epoch [1][23450/30895]	lr: 1.498e-05, eta: 24 days, 10:55:15, time: 1.881, data_time: 0.449, memory: 19116, loss_cls: 0.4735, loss_bbox: 0.8282, d0.loss_cls: 0.4975, d0.loss_bbox: 0.9594, d1.loss_cls: 0.4815, d1.loss_bbox: 0.8606, d2.loss_cls: 0.4756, d2.loss_bbox: 0.8443, d3.loss_cls: 0.4743, d3.loss_bbox: 0.8344, d4.loss_cls: 0.4732, d4.loss_bbox: 0.8299, aux_task0.loss_heatmap: 0.5824, aux_task0.loss_bbox: 0.2793, aux_task1.loss_heatmap: 0.8192, aux_task1.loss_bbox: 0.3267, aux_task2.loss_heatmap: 0.8339, aux_task2.loss_bbox: 0.3537, aux_task3.loss_heatmap: 0.6924, aux_task3.loss_bbox: 0.3036, aux_task4.loss_heatmap: 0.5057, aux_task4.loss_bbox: 0.2955, aux_task5.loss_heatmap: 0.4945, aux_task5.loss_bbox: 0.3009, loss: 13.8201, grad_norm: 67.5650
2025-06-22 18:34:48,490 - mmdet - INFO - Epoch [1][23500/30895]	lr: 1.499e-05, eta: 24 days, 10:19:56, time: 2.019, data_time: 0.613, memory: 19116, loss_cls: 0.4574, loss_bbox: 0.8173, d0.loss_cls: 0.4855, d0.loss_bbox: 0.9507, d1.loss_cls: 0.4636, d1.loss_bbox: 0.8534, d2.loss_cls: 0.4590, d2.loss_bbox: 0.8330, d3.loss_cls: 0.4578, d3.loss_bbox: 0.8246, d4.loss_cls: 0.4574, d4.loss_bbox: 0.8188, aux_task0.loss_heatmap: 0.5712, aux_task0.loss_bbox: 0.2720, aux_task1.loss_heatmap: 0.7924, aux_task1.loss_bbox: 0.3190, aux_task2.loss_heatmap: 0.8153, aux_task2.loss_bbox: 0.3460, aux_task3.loss_heatmap: 0.6438, aux_task3.loss_bbox: 0.2951, aux_task4.loss_heatmap: 0.4995, aux_task4.loss_bbox: 0.2960, aux_task5.loss_heatmap: 0.4653, aux_task5.loss_bbox: 0.2952, loss: 13.4893, grad_norm: 66.3910
2025-06-22 18:36:23,582 - mmdet - INFO - Epoch [1][23550/30895]	lr: 1.500e-05, eta: 24 days, 9:42:17, time: 1.901, data_time: 0.466, memory: 19116, loss_cls: 0.4732, loss_bbox: 0.8338, d0.loss_cls: 0.5027, d0.loss_bbox: 0.9610, d1.loss_cls: 0.4828, d1.loss_bbox: 0.8670, d2.loss_cls: 0.4755, d2.loss_bbox: 0.8480, d3.loss_cls: 0.4732, d3.loss_bbox: 0.8392, d4.loss_cls: 0.4727, d4.loss_bbox: 0.8354, aux_task0.loss_heatmap: 0.5905, aux_task0.loss_bbox: 0.2799, aux_task1.loss_heatmap: 0.8005, aux_task1.loss_bbox: 0.3266, aux_task2.loss_heatmap: 0.8133, aux_task2.loss_bbox: 0.3424, aux_task3.loss_heatmap: 0.6383, aux_task3.loss_bbox: 0.2840, aux_task4.loss_heatmap: 0.4930, aux_task4.loss_bbox: 0.2984, aux_task5.loss_heatmap: 0.4982, aux_task5.loss_bbox: 0.2968, loss: 13.7263, grad_norm: 67.9528
2025-06-22 18:38:00,202 - mmdet - INFO - Epoch [1][23600/30895]	lr: 1.501e-05, eta: 24 days, 9:05:26, time: 1.933, data_time: 0.538, memory: 19116, loss_cls: 0.4654, loss_bbox: 0.8158, d0.loss_cls: 0.4880, d0.loss_bbox: 0.9497, d1.loss_cls: 0.4699, d1.loss_bbox: 0.8509, d2.loss_cls: 0.4652, d2.loss_bbox: 0.8326, d3.loss_cls: 0.4655, d3.loss_bbox: 0.8234, d4.loss_cls: 0.4648, d4.loss_bbox: 0.8182, aux_task0.loss_heatmap: 0.5966, aux_task0.loss_bbox: 0.2734, aux_task1.loss_heatmap: 0.7958, aux_task1.loss_bbox: 0.3195, aux_task2.loss_heatmap: 0.8413, aux_task2.loss_bbox: 0.3441, aux_task3.loss_heatmap: 0.5904, aux_task3.loss_bbox: 0.2898, aux_task4.loss_heatmap: 0.4982, aux_task4.loss_bbox: 0.2941, aux_task5.loss_heatmap: 0.4879, aux_task5.loss_bbox: 0.2976, loss: 13.5382, grad_norm: 64.3776
2025-06-22 18:39:32,864 - mmdet - INFO - Epoch [1][23650/30895]	lr: 1.502e-05, eta: 24 days, 8:27:04, time: 1.853, data_time: 0.148, memory: 19116, loss_cls: 0.4588, loss_bbox: 0.8195, d0.loss_cls: 0.4866, d0.loss_bbox: 0.9523, d1.loss_cls: 0.4675, d1.loss_bbox: 0.8550, d2.loss_cls: 0.4624, d2.loss_bbox: 0.8359, d3.loss_cls: 0.4590, d3.loss_bbox: 0.8271, d4.loss_cls: 0.4591, d4.loss_bbox: 0.8223, aux_task0.loss_heatmap: 0.5975, aux_task0.loss_bbox: 0.2778, aux_task1.loss_heatmap: 0.8297, aux_task1.loss_bbox: 0.3249, aux_task2.loss_heatmap: 0.8079, aux_task2.loss_bbox: 0.3462, aux_task3.loss_heatmap: 0.5926, aux_task3.loss_bbox: 0.2790, aux_task4.loss_heatmap: 0.4962, aux_task4.loss_bbox: 0.2926, aux_task5.loss_heatmap: 0.4645, aux_task5.loss_bbox: 0.2991, loss: 13.5134, grad_norm: 66.2553
2025-06-22 18:41:11,010 - mmdet - INFO - Epoch [1][23700/30895]	lr: 1.503e-05, eta: 24 days, 7:51:10, time: 1.963, data_time: 0.089, memory: 19116, loss_cls: 0.4583, loss_bbox: 0.8170, d0.loss_cls: 0.4886, d0.loss_bbox: 0.9392, d1.loss_cls: 0.4673, d1.loss_bbox: 0.8489, d2.loss_cls: 0.4599, d2.loss_bbox: 0.8305, d3.loss_cls: 0.4578, d3.loss_bbox: 0.8234, d4.loss_cls: 0.4576, d4.loss_bbox: 0.8195, aux_task0.loss_heatmap: 0.5800, aux_task0.loss_bbox: 0.2816, aux_task1.loss_heatmap: 0.7856, aux_task1.loss_bbox: 0.3172, aux_task2.loss_heatmap: 0.8056, aux_task2.loss_bbox: 0.3431, aux_task3.loss_heatmap: 0.5877, aux_task3.loss_bbox: 0.2868, aux_task4.loss_heatmap: 0.4957, aux_task4.loss_bbox: 0.2928, aux_task5.loss_heatmap: 0.4835, aux_task5.loss_bbox: 0.2933, loss: 13.4208, grad_norm: 64.8341
2025-06-22 18:42:45,139 - mmdet - INFO - Epoch [1][23750/30895]	lr: 1.504e-05, eta: 24 days, 7:13:43, time: 1.883, data_time: 0.155, memory: 19116, loss_cls: 0.4570, loss_bbox: 0.8227, d0.loss_cls: 0.4825, d0.loss_bbox: 0.9518, d1.loss_cls: 0.4611, d1.loss_bbox: 0.8569, d2.loss_cls: 0.4580, d2.loss_bbox: 0.8359, d3.loss_cls: 0.4562, d3.loss_bbox: 0.8281, d4.loss_cls: 0.4555, d4.loss_bbox: 0.8239, aux_task0.loss_heatmap: 0.5817, aux_task0.loss_bbox: 0.2749, aux_task1.loss_heatmap: 0.8086, aux_task1.loss_bbox: 0.3177, aux_task2.loss_heatmap: 0.8142, aux_task2.loss_bbox: 0.3485, aux_task3.loss_heatmap: 0.6202, aux_task3.loss_bbox: 0.2848, aux_task4.loss_heatmap: 0.4812, aux_task4.loss_bbox: 0.2958, aux_task5.loss_heatmap: 0.4553, aux_task5.loss_bbox: 0.2990, loss: 13.4714, grad_norm: 67.1227
2025-06-22 18:44:27,137 - mmdet - INFO - Epoch [1][23800/30895]	lr: 1.505e-05, eta: 24 days, 6:39:41, time: 2.039, data_time: 0.193, memory: 19116, loss_cls: 0.4704, loss_bbox: 0.8263, d0.loss_cls: 0.4997, d0.loss_bbox: 0.9551, d1.loss_cls: 0.4762, d1.loss_bbox: 0.8605, d2.loss_cls: 0.4723, d2.loss_bbox: 0.8400, d3.loss_cls: 0.4715, d3.loss_bbox: 0.8311, d4.loss_cls: 0.4706, d4.loss_bbox: 0.8276, aux_task0.loss_heatmap: 0.6085, aux_task0.loss_bbox: 0.2817, aux_task1.loss_heatmap: 0.7960, aux_task1.loss_bbox: 0.3216, aux_task2.loss_heatmap: 0.8369, aux_task2.loss_bbox: 0.3440, aux_task3.loss_heatmap: 0.5942, aux_task3.loss_bbox: 0.2858, aux_task4.loss_heatmap: 0.4955, aux_task4.loss_bbox: 0.2942, aux_task5.loss_heatmap: 0.4605, aux_task5.loss_bbox: 0.2928, loss: 13.6130, grad_norm: 71.8153
2025-06-22 18:46:08,175 - mmdet - INFO - Epoch [1][23850/30895]	lr: 1.506e-05, eta: 24 days, 6:05:25, time: 2.021, data_time: 0.561, memory: 19116, loss_cls: 0.4634, loss_bbox: 0.8153, d0.loss_cls: 0.4910, d0.loss_bbox: 0.9450, d1.loss_cls: 0.4698, d1.loss_bbox: 0.8495, d2.loss_cls: 0.4648, d2.loss_bbox: 0.8312, d3.loss_cls: 0.4621, d3.loss_bbox: 0.8241, d4.loss_cls: 0.4622, d4.loss_bbox: 0.8185, aux_task0.loss_heatmap: 0.5564, aux_task0.loss_bbox: 0.2763, aux_task1.loss_heatmap: 0.8118, aux_task1.loss_bbox: 0.3231, aux_task2.loss_heatmap: 0.8196, aux_task2.loss_bbox: 0.3481, aux_task3.loss_heatmap: 0.6110, aux_task3.loss_bbox: 0.2880, aux_task4.loss_heatmap: 0.4972, aux_task4.loss_bbox: 0.2944, aux_task5.loss_heatmap: 0.4752, aux_task5.loss_bbox: 0.2939, loss: 13.4920, grad_norm: 66.2974
2025-06-22 18:47:42,548 - mmdet - INFO - Epoch [1][23900/30895]	lr: 1.508e-05, eta: 24 days, 5:28:30, time: 1.888, data_time: 0.367, memory: 19116, loss_cls: 0.4750, loss_bbox: 0.8152, d0.loss_cls: 0.4978, d0.loss_bbox: 0.9499, d1.loss_cls: 0.4786, d1.loss_bbox: 0.8531, d2.loss_cls: 0.4745, d2.loss_bbox: 0.8311, d3.loss_cls: 0.4749, d3.loss_bbox: 0.8223, d4.loss_cls: 0.4749, d4.loss_bbox: 0.8184, aux_task0.loss_heatmap: 0.5661, aux_task0.loss_bbox: 0.2686, aux_task1.loss_heatmap: 0.7809, aux_task1.loss_bbox: 0.3222, aux_task2.loss_heatmap: 0.8317, aux_task2.loss_bbox: 0.3509, aux_task3.loss_heatmap: 0.6576, aux_task3.loss_bbox: 0.2840, aux_task4.loss_heatmap: 0.5025, aux_task4.loss_bbox: 0.2931, aux_task5.loss_heatmap: 0.4972, aux_task5.loss_bbox: 0.2948, loss: 13.6156, grad_norm: 70.8603
2025-06-22 18:49:18,799 - mmdet - INFO - Epoch [1][23950/30895]	lr: 1.509e-05, eta: 24 days, 4:52:31, time: 1.925, data_time: 0.237, memory: 19116, loss_cls: 0.4708, loss_bbox: 0.8229, d0.loss_cls: 0.4995, d0.loss_bbox: 0.9524, d1.loss_cls: 0.4792, d1.loss_bbox: 0.8567, d2.loss_cls: 0.4732, d2.loss_bbox: 0.8383, d3.loss_cls: 0.4716, d3.loss_bbox: 0.8298, d4.loss_cls: 0.4705, d4.loss_bbox: 0.8252, aux_task0.loss_heatmap: 0.5794, aux_task0.loss_bbox: 0.2750, aux_task1.loss_heatmap: 0.8370, aux_task1.loss_bbox: 0.3310, aux_task2.loss_heatmap: 0.8181, aux_task2.loss_bbox: 0.3459, aux_task3.loss_heatmap: 0.6505, aux_task3.loss_bbox: 0.2859, aux_task4.loss_heatmap: 0.4874, aux_task4.loss_bbox: 0.2991, aux_task5.loss_heatmap: 0.5030, aux_task5.loss_bbox: 0.2944, loss: 13.6967, grad_norm: 67.9203
2025-06-22 18:51:01,141 - mmdet - INFO - Exp name: lidar_0075v_900q_split1_2x2_hednetmiddleencoder_hednetbackbone4_dss0511_dp03_hugeep2_num2_conv_xy_rope.py
2025-06-22 18:51:01,141 - mmdet - INFO - Epoch [1][24000/30895]	lr: 1.510e-05, eta: 24 days, 4:19:12, time: 2.047, data_time: 0.181, memory: 19116, loss_cls: 0.4564, loss_bbox: 0.8249, d0.loss_cls: 0.4837, d0.loss_bbox: 0.9520, d1.loss_cls: 0.4634, d1.loss_bbox: 0.8568, d2.loss_cls: 0.4575, d2.loss_bbox: 0.8382, d3.loss_cls: 0.4572, d3.loss_bbox: 0.8299, d4.loss_cls: 0.4565, d4.loss_bbox: 0.8272, aux_task0.loss_heatmap: 0.5783, aux_task0.loss_bbox: 0.2785, aux_task1.loss_heatmap: 0.7865, aux_task1.loss_bbox: 0.3194, aux_task2.loss_heatmap: 0.8133, aux_task2.loss_bbox: 0.3478, aux_task3.loss_heatmap: 0.5981, aux_task3.loss_bbox: 0.2831, aux_task4.loss_heatmap: 0.5005, aux_task4.loss_bbox: 0.2925, aux_task5.loss_heatmap: 0.4451, aux_task5.loss_bbox: 0.2939, loss: 13.4406, grad_norm: 65.6323
2025-06-22 18:52:47,917 - mmdet - INFO - Epoch [1][24050/30895]	lr: 1.511e-05, eta: 24 days, 3:47:49, time: 2.136, data_time: 0.741, memory: 19116, loss_cls: 0.4634, loss_bbox: 0.8138, d0.loss_cls: 0.4905, d0.loss_bbox: 0.9391, d1.loss_cls: 0.4708, d1.loss_bbox: 0.8477, d2.loss_cls: 0.4646, d2.loss_bbox: 0.8287, d3.loss_cls: 0.4636, d3.loss_bbox: 0.8197, d4.loss_cls: 0.4624, d4.loss_bbox: 0.8158, aux_task0.loss_heatmap: 0.5759, aux_task0.loss_bbox: 0.2612, aux_task1.loss_heatmap: 0.8139, aux_task1.loss_bbox: 0.3185, aux_task2.loss_heatmap: 0.8487, aux_task2.loss_bbox: 0.3467, aux_task3.loss_heatmap: 0.6079, aux_task3.loss_bbox: 0.2849, aux_task4.loss_heatmap: 0.4949, aux_task4.loss_bbox: 0.2919, aux_task5.loss_heatmap: 0.4802, aux_task5.loss_bbox: 0.2960, loss: 13.5010, grad_norm: 66.3927
2025-06-22 18:54:28,920 - mmdet - INFO - Epoch [1][24100/30895]	lr: 1.512e-05, eta: 24 days, 3:14:12, time: 2.020, data_time: 0.228, memory: 19116, loss_cls: 0.4598, loss_bbox: 0.8084, d0.loss_cls: 0.4851, d0.loss_bbox: 0.9371, d1.loss_cls: 0.4659, d1.loss_bbox: 0.8414, d2.loss_cls: 0.4602, d2.loss_bbox: 0.8213, d3.loss_cls: 0.4593, d3.loss_bbox: 0.8139, d4.loss_cls: 0.4584, d4.loss_bbox: 0.8108, aux_task0.loss_heatmap: 0.5691, aux_task0.loss_bbox: 0.2694, aux_task1.loss_heatmap: 0.8226, aux_task1.loss_bbox: 0.3204, aux_task2.loss_heatmap: 0.8100, aux_task2.loss_bbox: 0.3393, aux_task3.loss_heatmap: 0.6105, aux_task3.loss_bbox: 0.2801, aux_task4.loss_heatmap: 0.4867, aux_task4.loss_bbox: 0.2929, aux_task5.loss_heatmap: 0.4659, aux_task5.loss_bbox: 0.2921, loss: 13.3808, grad_norm: 67.1106
2025-06-22 18:56:07,559 - mmdet - INFO - Epoch [1][24150/30895]	lr: 1.513e-05, eta: 24 days, 2:39:44, time: 1.972, data_time: 0.254, memory: 19116, loss_cls: 0.4552, loss_bbox: 0.8140, d0.loss_cls: 0.4835, d0.loss_bbox: 0.9401, d1.loss_cls: 0.4663, d1.loss_bbox: 0.8468, d2.loss_cls: 0.4581, d2.loss_bbox: 0.8294, d3.loss_cls: 0.4572, d3.loss_bbox: 0.8198, d4.loss_cls: 0.4554, d4.loss_bbox: 0.8168, aux_task0.loss_heatmap: 0.5795, aux_task0.loss_bbox: 0.2725, aux_task1.loss_heatmap: 0.8219, aux_task1.loss_bbox: 0.3243, aux_task2.loss_heatmap: 0.8056, aux_task2.loss_bbox: 0.3406, aux_task3.loss_heatmap: 0.6224, aux_task3.loss_bbox: 0.2854, aux_task4.loss_heatmap: 0.4776, aux_task4.loss_bbox: 0.2946, aux_task5.loss_heatmap: 0.4889, aux_task5.loss_bbox: 0.2949, loss: 13.4508, grad_norm: 66.2744
2025-06-22 18:57:45,051 - mmdet - INFO - Epoch [1][24200/30895]	lr: 1.514e-05, eta: 24 days, 2:04:57, time: 1.950, data_time: 0.261, memory: 19116, loss_cls: 0.4645, loss_bbox: 0.8185, d0.loss_cls: 0.4901, d0.loss_bbox: 0.9476, d1.loss_cls: 0.4731, d1.loss_bbox: 0.8529, d2.loss_cls: 0.4682, d2.loss_bbox: 0.8334, d3.loss_cls: 0.4658, d3.loss_bbox: 0.8250, d4.loss_cls: 0.4646, d4.loss_bbox: 0.8208, aux_task0.loss_heatmap: 0.5505, aux_task0.loss_bbox: 0.2658, aux_task1.loss_heatmap: 0.8101, aux_task1.loss_bbox: 0.3182, aux_task2.loss_heatmap: 0.8385, aux_task2.loss_bbox: 0.3461, aux_task3.loss_heatmap: 0.6345, aux_task3.loss_bbox: 0.2851, aux_task4.loss_heatmap: 0.4907, aux_task4.loss_bbox: 0.2977, aux_task5.loss_heatmap: 0.4761, aux_task5.loss_bbox: 0.2953, loss: 13.5330, grad_norm: 65.6227
2025-06-22 18:59:28,031 - mmdet - INFO - Epoch [1][24250/30895]	lr: 1.515e-05, eta: 24 days, 1:32:33, time: 2.060, data_time: 0.642, memory: 19116, loss_cls: 0.4781, loss_bbox: 0.8246, d0.loss_cls: 0.5030, d0.loss_bbox: 0.9520, d1.loss_cls: 0.4830, d1.loss_bbox: 0.8563, d2.loss_cls: 0.4796, d2.loss_bbox: 0.8382, d3.loss_cls: 0.4789, d3.loss_bbox: 0.8305, d4.loss_cls: 0.4775, d4.loss_bbox: 0.8276, aux_task0.loss_heatmap: 0.5762, aux_task0.loss_bbox: 0.2740, aux_task1.loss_heatmap: 0.8141, aux_task1.loss_bbox: 0.3254, aux_task2.loss_heatmap: 0.8568, aux_task2.loss_bbox: 0.3498, aux_task3.loss_heatmap: 0.6049, aux_task3.loss_bbox: 0.2851, aux_task4.loss_heatmap: 0.4904, aux_task4.loss_bbox: 0.2934, aux_task5.loss_heatmap: 0.4930, aux_task5.loss_bbox: 0.2984, loss: 13.6907, grad_norm: 69.1299
2025-06-22 19:01:07,256 - mmdet - INFO - Epoch [1][24300/30895]	lr: 1.516e-05, eta: 24 days, 0:58:44, time: 1.984, data_time: 0.228, memory: 19116, loss_cls: 0.4765, loss_bbox: 0.8280, d0.loss_cls: 0.5007, d0.loss_bbox: 0.9589, d1.loss_cls: 0.4799, d1.loss_bbox: 0.8616, d2.loss_cls: 0.4792, d2.loss_bbox: 0.8408, d3.loss_cls: 0.4785, d3.loss_bbox: 0.8326, d4.loss_cls: 0.4780, d4.loss_bbox: 0.8290, aux_task0.loss_heatmap: 0.6019, aux_task0.loss_bbox: 0.2787, aux_task1.loss_heatmap: 0.8108, aux_task1.loss_bbox: 0.3265, aux_task2.loss_heatmap: 0.8253, aux_task2.loss_bbox: 0.3467, aux_task3.loss_heatmap: 0.6465, aux_task3.loss_bbox: 0.3008, aux_task4.loss_heatmap: 0.5006, aux_task4.loss_bbox: 0.2941, aux_task5.loss_heatmap: 0.4702, aux_task5.loss_bbox: 0.2981, loss: 13.7440, grad_norm: 68.6445
2025-06-22 19:02:52,346 - mmdet - INFO - Epoch [1][24350/30895]	lr: 1.517e-05, eta: 24 days, 0:27:25, time: 2.102, data_time: 0.617, memory: 19116, loss_cls: 0.4608, loss_bbox: 0.8149, d0.loss_cls: 0.4858, d0.loss_bbox: 0.9416, d1.loss_cls: 0.4671, d1.loss_bbox: 0.8472, d2.loss_cls: 0.4635, d2.loss_bbox: 0.8287, d3.loss_cls: 0.4637, d3.loss_bbox: 0.8190, d4.loss_cls: 0.4611, d4.loss_bbox: 0.8166, aux_task0.loss_heatmap: 0.5576, aux_task0.loss_bbox: 0.2667, aux_task1.loss_heatmap: 0.8206, aux_task1.loss_bbox: 0.3193, aux_task2.loss_heatmap: 0.8329, aux_task2.loss_bbox: 0.3402, aux_task3.loss_heatmap: 0.6248, aux_task3.loss_bbox: 0.2858, aux_task4.loss_heatmap: 0.4987, aux_task4.loss_bbox: 0.2954, aux_task5.loss_heatmap: 0.4843, aux_task5.loss_bbox: 0.2939, loss: 13.4900, grad_norm: 65.4974
2025-06-22 19:04:27,490 - mmdet - INFO - Epoch [1][24400/30895]	lr: 1.518e-05, eta: 23 days, 23:52:13, time: 1.903, data_time: 0.500, memory: 19116, loss_cls: 0.4542, loss_bbox: 0.8127, d0.loss_cls: 0.4780, d0.loss_bbox: 0.9363, d1.loss_cls: 0.4597, d1.loss_bbox: 0.8451, d2.loss_cls: 0.4555, d2.loss_bbox: 0.8264, d3.loss_cls: 0.4551, d3.loss_bbox: 0.8176, d4.loss_cls: 0.4542, d4.loss_bbox: 0.8139, aux_task0.loss_heatmap: 0.5588, aux_task0.loss_bbox: 0.2730, aux_task1.loss_heatmap: 0.8174, aux_task1.loss_bbox: 0.3205, aux_task2.loss_heatmap: 0.8001, aux_task2.loss_bbox: 0.3409, aux_task3.loss_heatmap: 0.5826, aux_task3.loss_bbox: 0.2840, aux_task4.loss_heatmap: 0.4767, aux_task4.loss_bbox: 0.2892, aux_task5.loss_heatmap: 0.4694, aux_task5.loss_bbox: 0.2965, loss: 13.3179, grad_norm: 67.2628
2025-06-22 19:06:04,728 - mmdet - INFO - Epoch [1][24450/30895]	lr: 1.519e-05, eta: 23 days, 23:17:59, time: 1.945, data_time: 0.532, memory: 19116, loss_cls: 0.4616, loss_bbox: 0.8160, d0.loss_cls: 0.4870, d0.loss_bbox: 0.9495, d1.loss_cls: 0.4687, d1.loss_bbox: 0.8504, d2.loss_cls: 0.4639, d2.loss_bbox: 0.8314, d3.loss_cls: 0.4633, d3.loss_bbox: 0.8220, d4.loss_cls: 0.4614, d4.loss_bbox: 0.8186, aux_task0.loss_heatmap: 0.5707, aux_task0.loss_bbox: 0.2703, aux_task1.loss_heatmap: 0.8005, aux_task1.loss_bbox: 0.3238, aux_task2.loss_heatmap: 0.8338, aux_task2.loss_bbox: 0.3519, aux_task3.loss_heatmap: 0.6423, aux_task3.loss_bbox: 0.2847, aux_task4.loss_heatmap: 0.4921, aux_task4.loss_bbox: 0.2940, aux_task5.loss_heatmap: 0.4885, aux_task5.loss_bbox: 0.2926, loss: 13.5388, grad_norm: 65.2581
2025-06-22 19:07:43,194 - mmdet - INFO - Epoch [1][24500/30895]	lr: 1.521e-05, eta: 23 days, 22:44:23, time: 1.969, data_time: 0.565, memory: 19116, loss_cls: 0.4509, loss_bbox: 0.8052, d0.loss_cls: 0.4793, d0.loss_bbox: 0.9384, d1.loss_cls: 0.4576, d1.loss_bbox: 0.8434, d2.loss_cls: 0.4524, d2.loss_bbox: 0.8224, d3.loss_cls: 0.4515, d3.loss_bbox: 0.8126, d4.loss_cls: 0.4517, d4.loss_bbox: 0.8063, aux_task0.loss_heatmap: 0.5508, aux_task0.loss_bbox: 0.2609, aux_task1.loss_heatmap: 0.7968, aux_task1.loss_bbox: 0.3190, aux_task2.loss_heatmap: 0.8620, aux_task2.loss_bbox: 0.3432, aux_task3.loss_heatmap: 0.5754, aux_task3.loss_bbox: 0.2776, aux_task4.loss_heatmap: 0.4992, aux_task4.loss_bbox: 0.2947, aux_task5.loss_heatmap: 0.5017, aux_task5.loss_bbox: 0.3057, loss: 13.3586, grad_norm: 65.6817
2025-06-22 19:09:19,090 - mmdet - INFO - Epoch [1][24550/30895]	lr: 1.522e-05, eta: 23 days, 22:09:53, time: 1.918, data_time: 0.475, memory: 19116, loss_cls: 0.4657, loss_bbox: 0.8148, d0.loss_cls: 0.4879, d0.loss_bbox: 0.9441, d1.loss_cls: 0.4703, d1.loss_bbox: 0.8469, d2.loss_cls: 0.4666, d2.loss_bbox: 0.8275, d3.loss_cls: 0.4662, d3.loss_bbox: 0.8190, d4.loss_cls: 0.4653, d4.loss_bbox: 0.8162, aux_task0.loss_heatmap: 0.5565, aux_task0.loss_bbox: 0.2604, aux_task1.loss_heatmap: 0.8070, aux_task1.loss_bbox: 0.3167, aux_task2.loss_heatmap: 0.8179, aux_task2.loss_bbox: 0.3452, aux_task3.loss_heatmap: 0.6392, aux_task3.loss_bbox: 0.2918, aux_task4.loss_heatmap: 0.4981, aux_task4.loss_bbox: 0.2920, aux_task5.loss_heatmap: 0.4892, aux_task5.loss_bbox: 0.2978, loss: 13.5021, grad_norm: 66.3203
2025-06-22 19:11:02,170 - mmdet - INFO - Epoch [1][24600/30895]	lr: 1.523e-05, eta: 23 days, 21:38:22, time: 2.060, data_time: 0.565, memory: 19116, loss_cls: 0.4580, loss_bbox: 0.8104, d0.loss_cls: 0.4853, d0.loss_bbox: 0.9380, d1.loss_cls: 0.4673, d1.loss_bbox: 0.8412, d2.loss_cls: 0.4608, d2.loss_bbox: 0.8240, d3.loss_cls: 0.4583, d3.loss_bbox: 0.8166, d4.loss_cls: 0.4579, d4.loss_bbox: 0.8117, aux_task0.loss_heatmap: 0.5580, aux_task0.loss_bbox: 0.2682, aux_task1.loss_heatmap: 0.7877, aux_task1.loss_bbox: 0.3224, aux_task2.loss_heatmap: 0.8507, aux_task2.loss_bbox: 0.3470, aux_task3.loss_heatmap: 0.6402, aux_task3.loss_bbox: 0.2815, aux_task4.loss_heatmap: 0.5040, aux_task4.loss_bbox: 0.2956, aux_task5.loss_heatmap: 0.4576, aux_task5.loss_bbox: 0.2897, loss: 13.4321, grad_norm: 66.3826
2025-06-22 19:12:38,271 - mmdet - INFO - Epoch [1][24650/30895]	lr: 1.524e-05, eta: 23 days, 21:04:14, time: 1.923, data_time: 0.465, memory: 19116, loss_cls: 0.4589, loss_bbox: 0.8154, d0.loss_cls: 0.4842, d0.loss_bbox: 0.9446, d1.loss_cls: 0.4659, d1.loss_bbox: 0.8499, d2.loss_cls: 0.4597, d2.loss_bbox: 0.8301, d3.loss_cls: 0.4597, d3.loss_bbox: 0.8214, d4.loss_cls: 0.4592, d4.loss_bbox: 0.8166, aux_task0.loss_heatmap: 0.5936, aux_task0.loss_bbox: 0.2704, aux_task1.loss_heatmap: 0.8233, aux_task1.loss_bbox: 0.3232, aux_task2.loss_heatmap: 0.8215, aux_task2.loss_bbox: 0.3475, aux_task3.loss_heatmap: 0.5676, aux_task3.loss_bbox: 0.2887, aux_task4.loss_heatmap: 0.4927, aux_task4.loss_bbox: 0.2934, aux_task5.loss_heatmap: 0.4714, aux_task5.loss_bbox: 0.2956, loss: 13.4543, grad_norm: 68.0481
2025-06-22 19:14:14,874 - mmdet - INFO - Epoch [1][24700/30895]	lr: 1.525e-05, eta: 23 days, 20:30:24, time: 1.932, data_time: 0.504, memory: 19116, loss_cls: 0.4655, loss_bbox: 0.8219, d0.loss_cls: 0.4884, d0.loss_bbox: 0.9519, d1.loss_cls: 0.4698, d1.loss_bbox: 0.8582, d2.loss_cls: 0.4664, d2.loss_bbox: 0.8374, d3.loss_cls: 0.4652, d3.loss_bbox: 0.8280, d4.loss_cls: 0.4648, d4.loss_bbox: 0.8242, aux_task0.loss_heatmap: 0.5891, aux_task0.loss_bbox: 0.2801, aux_task1.loss_heatmap: 0.8118, aux_task1.loss_bbox: 0.3219, aux_task2.loss_heatmap: 0.8320, aux_task2.loss_bbox: 0.3408, aux_task3.loss_heatmap: 0.5382, aux_task3.loss_bbox: 0.2785, aux_task4.loss_heatmap: 0.4974, aux_task4.loss_bbox: 0.2930, aux_task5.loss_heatmap: 0.4813, aux_task5.loss_bbox: 0.2981, loss: 13.5038, grad_norm: 65.7636
2025-06-22 19:15:54,740 - mmdet - INFO - Epoch [1][24750/30895]	lr: 1.526e-05, eta: 23 days, 19:58:01, time: 1.997, data_time: 0.111, memory: 19116, loss_cls: 0.4605, loss_bbox: 0.8264, d0.loss_cls: 0.4863, d0.loss_bbox: 0.9490, d1.loss_cls: 0.4660, d1.loss_bbox: 0.8608, d2.loss_cls: 0.4618, d2.loss_bbox: 0.8400, d3.loss_cls: 0.4603, d3.loss_bbox: 0.8331, d4.loss_cls: 0.4596, d4.loss_bbox: 0.8301, aux_task0.loss_heatmap: 0.5974, aux_task0.loss_bbox: 0.2865, aux_task1.loss_heatmap: 0.8218, aux_task1.loss_bbox: 0.3269, aux_task2.loss_heatmap: 0.8394, aux_task2.loss_bbox: 0.3516, aux_task3.loss_heatmap: 0.5873, aux_task3.loss_bbox: 0.2888, aux_task4.loss_heatmap: 0.4863, aux_task4.loss_bbox: 0.2977, aux_task5.loss_heatmap: 0.4619, aux_task5.loss_bbox: 0.2961, loss: 13.5753, grad_norm: 65.9651
2025-06-22 19:17:29,674 - mmdet - INFO - Epoch [1][24800/30895]	lr: 1.527e-05, eta: 23 days, 19:23:46, time: 1.899, data_time: 0.436, memory: 19116, loss_cls: 0.4551, loss_bbox: 0.8259, d0.loss_cls: 0.4832, d0.loss_bbox: 0.9554, d1.loss_cls: 0.4624, d1.loss_bbox: 0.8591, d2.loss_cls: 0.4576, d2.loss_bbox: 0.8400, d3.loss_cls: 0.4553, d3.loss_bbox: 0.8320, d4.loss_cls: 0.4549, d4.loss_bbox: 0.8280, aux_task0.loss_heatmap: 0.5723, aux_task0.loss_bbox: 0.2692, aux_task1.loss_heatmap: 0.7678, aux_task1.loss_bbox: 0.3215, aux_task2.loss_heatmap: 0.7862, aux_task2.loss_bbox: 0.3487, aux_task3.loss_heatmap: 0.6643, aux_task3.loss_bbox: 0.2972, aux_task4.loss_heatmap: 0.4826, aux_task4.loss_bbox: 0.2977, aux_task5.loss_heatmap: 0.4870, aux_task5.loss_bbox: 0.2962, loss: 13.4995, grad_norm: 67.9835
2025-06-22 19:19:14,860 - mmdet - INFO - Epoch [1][24850/30895]	lr: 1.528e-05, eta: 23 days, 18:53:45, time: 2.104, data_time: 0.598, memory: 19116, loss_cls: 0.4508, loss_bbox: 0.8218, d0.loss_cls: 0.4737, d0.loss_bbox: 0.9504, d1.loss_cls: 0.4579, d1.loss_bbox: 0.8533, d2.loss_cls: 0.4521, d2.loss_bbox: 0.8350, d3.loss_cls: 0.4495, d3.loss_bbox: 0.8279, d4.loss_cls: 0.4489, d4.loss_bbox: 0.8233, aux_task0.loss_heatmap: 0.5825, aux_task0.loss_bbox: 0.2726, aux_task1.loss_heatmap: 0.7933, aux_task1.loss_bbox: 0.3256, aux_task2.loss_heatmap: 0.8246, aux_task2.loss_bbox: 0.3559, aux_task3.loss_heatmap: 0.6097, aux_task3.loss_bbox: 0.2987, aux_task4.loss_heatmap: 0.4807, aux_task4.loss_bbox: 0.2909, aux_task5.loss_heatmap: 0.4680, aux_task5.loss_bbox: 0.2976, loss: 13.4448, grad_norm: 66.4413
2025-06-22 19:20:50,587 - mmdet - INFO - Epoch [1][24900/30895]	lr: 1.529e-05, eta: 23 days, 18:20:05, time: 1.915, data_time: 0.037, memory: 19116, loss_cls: 0.4591, loss_bbox: 0.8131, d0.loss_cls: 0.4839, d0.loss_bbox: 0.9364, d1.loss_cls: 0.4642, d1.loss_bbox: 0.8464, d2.loss_cls: 0.4604, d2.loss_bbox: 0.8275, d3.loss_cls: 0.4592, d3.loss_bbox: 0.8197, d4.loss_cls: 0.4593, d4.loss_bbox: 0.8155, aux_task0.loss_heatmap: 0.5712, aux_task0.loss_bbox: 0.2688, aux_task1.loss_heatmap: 0.8142, aux_task1.loss_bbox: 0.3191, aux_task2.loss_heatmap: 0.8360, aux_task2.loss_bbox: 0.3457, aux_task3.loss_heatmap: 0.5767, aux_task3.loss_bbox: 0.2870, aux_task4.loss_heatmap: 0.4828, aux_task4.loss_bbox: 0.2920, aux_task5.loss_heatmap: 0.4882, aux_task5.loss_bbox: 0.2944, loss: 13.4205, grad_norm: 65.8345
2025-06-22 19:22:27,827 - mmdet - INFO - Epoch [1][24950/30895]	lr: 1.530e-05, eta: 23 days, 17:47:08, time: 1.945, data_time: 0.135, memory: 19116, loss_cls: 0.4543, loss_bbox: 0.8079, d0.loss_cls: 0.4822, d0.loss_bbox: 0.9316, d1.loss_cls: 0.4606, d1.loss_bbox: 0.8380, d2.loss_cls: 0.4558, d2.loss_bbox: 0.8202, d3.loss_cls: 0.4550, d3.loss_bbox: 0.8122, d4.loss_cls: 0.4546, d4.loss_bbox: 0.8096, aux_task0.loss_heatmap: 0.5745, aux_task0.loss_bbox: 0.2672, aux_task1.loss_heatmap: 0.7980, aux_task1.loss_bbox: 0.3236, aux_task2.loss_heatmap: 0.8353, aux_task2.loss_bbox: 0.3473, aux_task3.loss_heatmap: 0.5824, aux_task3.loss_bbox: 0.2838, aux_task4.loss_heatmap: 0.4919, aux_task4.loss_bbox: 0.2918, aux_task5.loss_heatmap: 0.4743, aux_task5.loss_bbox: 0.2916, loss: 13.3435, grad_norm: 64.8896
2025-06-22 19:24:13,598 - mmdet - INFO - Exp name: lidar_0075v_900q_split1_2x2_hednetmiddleencoder_hednetbackbone4_dss0511_dp03_hugeep2_num2_conv_xy_rope.py
2025-06-22 19:24:13,598 - mmdet - INFO - Epoch [1][25000/30895]	lr: 1.532e-05, eta: 23 days, 17:17:42, time: 2.115, data_time: 0.557, memory: 19116, loss_cls: 0.4500, loss_bbox: 0.8111, d0.loss_cls: 0.4786, d0.loss_bbox: 0.9459, d1.loss_cls: 0.4580, d1.loss_bbox: 0.8472, d2.loss_cls: 0.4522, d2.loss_bbox: 0.8267, d3.loss_cls: 0.4520, d3.loss_bbox: 0.8183, d4.loss_cls: 0.4508, d4.loss_bbox: 0.8135, aux_task0.loss_heatmap: 0.5602, aux_task0.loss_bbox: 0.2787, aux_task1.loss_heatmap: 0.7837, aux_task1.loss_bbox: 0.3198, aux_task2.loss_heatmap: 0.8360, aux_task2.loss_bbox: 0.3491, aux_task3.loss_heatmap: 0.5926, aux_task3.loss_bbox: 0.2877, aux_task4.loss_heatmap: 0.4932, aux_task4.loss_bbox: 0.2955, aux_task5.loss_heatmap: 0.4397, aux_task5.loss_bbox: 0.2932, loss: 13.3336, grad_norm: 64.6464
2025-06-22 19:25:44,573 - mmdet - INFO - Epoch [1][25050/30895]	lr: 1.533e-05, eta: 23 days, 16:42:31, time: 1.819, data_time: 0.287, memory: 19116, loss_cls: 0.4554, loss_bbox: 0.8044, d0.loss_cls: 0.4798, d0.loss_bbox: 0.9256, d1.loss_cls: 0.4603, d1.loss_bbox: 0.8322, d2.loss_cls: 0.4569, d2.loss_bbox: 0.8140, d3.loss_cls: 0.4547, d3.loss_bbox: 0.8087, d4.loss_cls: 0.4552, d4.loss_bbox: 0.8050, aux_task0.loss_heatmap: 0.5770, aux_task0.loss_bbox: 0.2627, aux_task1.loss_heatmap: 0.8022, aux_task1.loss_bbox: 0.3190, aux_task2.loss_heatmap: 0.7923, aux_task2.loss_bbox: 0.3410, aux_task3.loss_heatmap: 0.6174, aux_task3.loss_bbox: 0.2893, aux_task4.loss_heatmap: 0.4905, aux_task4.loss_bbox: 0.2891, aux_task5.loss_heatmap: 0.4863, aux_task5.loss_bbox: 0.2913, loss: 13.3102, grad_norm: 66.9953
2025-06-22 19:27:26,936 - mmdet - INFO - Epoch [1][25100/30895]	lr: 1.534e-05, eta: 23 days, 16:11:58, time: 2.047, data_time: 0.375, memory: 19116, loss_cls: 0.4516, loss_bbox: 0.8130, d0.loss_cls: 0.4767, d0.loss_bbox: 0.9418, d1.loss_cls: 0.4590, d1.loss_bbox: 0.8460, d2.loss_cls: 0.4548, d2.loss_bbox: 0.8263, d3.loss_cls: 0.4513, d3.loss_bbox: 0.8193, d4.loss_cls: 0.4512, d4.loss_bbox: 0.8155, aux_task0.loss_heatmap: 0.5559, aux_task0.loss_bbox: 0.2771, aux_task1.loss_heatmap: 0.7971, aux_task1.loss_bbox: 0.3186, aux_task2.loss_heatmap: 0.8066, aux_task2.loss_bbox: 0.3449, aux_task3.loss_heatmap: 0.5751, aux_task3.loss_bbox: 0.2799, aux_task4.loss_heatmap: 0.4727, aux_task4.loss_bbox: 0.2917, aux_task5.loss_heatmap: 0.4968, aux_task5.loss_bbox: 0.2991, loss: 13.3219, grad_norm: 65.2480
2025-06-22 19:29:04,138 - mmdet - INFO - Epoch [1][25150/30895]	lr: 1.535e-05, eta: 23 days, 15:39:30, time: 1.944, data_time: 0.434, memory: 19116, loss_cls: 0.4695, loss_bbox: 0.8308, d0.loss_cls: 0.4932, d0.loss_bbox: 0.9513, d1.loss_cls: 0.4771, d1.loss_bbox: 0.8630, d2.loss_cls: 0.4719, d2.loss_bbox: 0.8436, d3.loss_cls: 0.4712, d3.loss_bbox: 0.8362, d4.loss_cls: 0.4707, d4.loss_bbox: 0.8319, aux_task0.loss_heatmap: 0.5822, aux_task0.loss_bbox: 0.2828, aux_task1.loss_heatmap: 0.8250, aux_task1.loss_bbox: 0.3233, aux_task2.loss_heatmap: 0.8046, aux_task2.loss_bbox: 0.3398, aux_task3.loss_heatmap: 0.6280, aux_task3.loss_bbox: 0.2910, aux_task4.loss_heatmap: 0.4996, aux_task4.loss_bbox: 0.2974, aux_task5.loss_heatmap: 0.4923, aux_task5.loss_bbox: 0.2951, loss: 13.6716, grad_norm: 64.9503
