2025-06-25 02:05:26,833 - mmdet - INFO - 分布式训练: True
2025-06-25 02:05:26,833 - mmdet - INFO - 设置随机种子为 0, deterministic: False
2025-06-25 02:05:27,810 - mmdet - INFO - initialize FPN with init_cfg {'type': 'Xavier', 'layer': 'Conv2d', 'distribution': 'uniform'}
2025-06-25 02:05:28,119 - mmdet - INFO - initialize ResNet with init_cfg [{'type': 'Kaiming', 'layer': 'Conv2d'}, {'type': 'Constant', 'val': 1, 'layer': ['_BatchNorm', 'GroupNorm']}]
2025-06-25 02:05:28,189 - mmdet - INFO - initialize Bottleneck with init_cfg {'type': 'Constant', 'val': 0, 'override': {'name': 'norm3'}}
2025-06-25 02:05:28,189 - mmdet - INFO - initialize Bottleneck with init_cfg {'type': 'Constant', 'val': 0, 'override': {'name': 'norm3'}}
2025-06-25 02:05:28,190 - mmdet - INFO - initialize Bottleneck with init_cfg {'type': 'Constant', 'val': 0, 'override': {'name': 'norm3'}}
2025-06-25 02:05:28,190 - mmdet - INFO - initialize Bottleneck with init_cfg {'type': 'Constant', 'val': 0, 'override': {'name': 'norm3'}}
2025-06-25 02:05:28,190 - mmdet - INFO - initialize Bottleneck with init_cfg {'type': 'Constant', 'val': 0, 'override': {'name': 'norm3'}}
2025-06-25 02:05:28,190 - mmdet - INFO - initialize Bottleneck with init_cfg {'type': 'Constant', 'val': 0, 'override': {'name': 'norm3'}}
2025-06-25 02:05:28,191 - mmdet - INFO - initialize Bottleneck with init_cfg {'type': 'Constant', 'val': 0, 'override': {'name': 'norm3'}}
2025-06-25 02:05:28,191 - mmdet - INFO - initialize Bottleneck with init_cfg {'type': 'Constant', 'val': 0, 'override': {'name': 'norm3'}}
2025-06-25 02:05:28,193 - mmdet - INFO - initialize Bottleneck with init_cfg {'type': 'Constant', 'val': 0, 'override': {'name': 'norm3'}}
2025-06-25 02:05:28,195 - mmdet - INFO - initialize Bottleneck with init_cfg {'type': 'Constant', 'val': 0, 'override': {'name': 'norm3'}}
2025-06-25 02:05:28,197 - mmdet - INFO - initialize Bottleneck with init_cfg {'type': 'Constant', 'val': 0, 'override': {'name': 'norm3'}}
2025-06-25 02:05:28,199 - mmdet - INFO - initialize Bottleneck with init_cfg {'type': 'Constant', 'val': 0, 'override': {'name': 'norm3'}}
2025-06-25 02:05:28,201 - mmdet - INFO - initialize Bottleneck with init_cfg {'type': 'Constant', 'val': 0, 'override': {'name': 'norm3'}}
2025-06-25 02:05:28,203 - mmdet - INFO - initialize Bottleneck with init_cfg {'type': 'Constant', 'val': 0, 'override': {'name': 'norm3'}}
2025-06-25 02:05:28,205 - mmdet - INFO - initialize Bottleneck with init_cfg {'type': 'Constant', 'val': 0, 'override': {'name': 'norm3'}}
2025-06-25 02:05:28,207 - mmdet - INFO - initialize Bottleneck with init_cfg {'type': 'Constant', 'val': 0, 'override': {'name': 'norm3'}}
2025-06-25 02:05:28,208 - mmdet - INFO - initialize Bottleneck with init_cfg {'type': 'Constant', 'val': 0, 'override': {'name': 'norm3'}}
2025-06-25 02:05:28,210 - mmdet - INFO - initialize Bottleneck with init_cfg {'type': 'Constant', 'val': 0, 'override': {'name': 'norm3'}}
2025-06-25 02:05:28,212 - mmdet - INFO - initialize Bottleneck with init_cfg {'type': 'Constant', 'val': 0, 'override': {'name': 'norm3'}}
2025-06-25 02:05:28,214 - mmdet - INFO - initialize Bottleneck with init_cfg {'type': 'Constant', 'val': 0, 'override': {'name': 'norm3'}}
2025-06-25 02:05:28,216 - mmdet - INFO - initialize Bottleneck with init_cfg {'type': 'Constant', 'val': 0, 'override': {'name': 'norm3'}}
2025-06-25 02:05:28,218 - mmdet - INFO - initialize Bottleneck with init_cfg {'type': 'Constant', 'val': 0, 'override': {'name': 'norm3'}}
2025-06-25 02:05:28,220 - mmdet - INFO - initialize Bottleneck with init_cfg {'type': 'Constant', 'val': 0, 'override': {'name': 'norm3'}}
2025-06-25 02:05:28,222 - mmdet - INFO - initialize Bottleneck with init_cfg {'type': 'Constant', 'val': 0, 'override': {'name': 'norm3'}}
2025-06-25 02:05:28,223 - mmdet - INFO - initialize Bottleneck with init_cfg {'type': 'Constant', 'val': 0, 'override': {'name': 'norm3'}}
2025-06-25 02:05:28,225 - mmdet - INFO - initialize Bottleneck with init_cfg {'type': 'Constant', 'val': 0, 'override': {'name': 'norm3'}}
2025-06-25 02:05:28,227 - mmdet - INFO - initialize Bottleneck with init_cfg {'type': 'Constant', 'val': 0, 'override': {'name': 'norm3'}}
2025-06-25 02:05:28,229 - mmdet - INFO - initialize Bottleneck with init_cfg {'type': 'Constant', 'val': 0, 'override': {'name': 'norm3'}}
2025-06-25 02:05:28,231 - mmdet - INFO - initialize Bottleneck with init_cfg {'type': 'Constant', 'val': 0, 'override': {'name': 'norm3'}}
2025-06-25 02:05:28,233 - mmdet - INFO - initialize Bottleneck with init_cfg {'type': 'Constant', 'val': 0, 'override': {'name': 'norm3'}}
2025-06-25 02:05:28,241 - mmdet - INFO - initialize Bottleneck with init_cfg {'type': 'Constant', 'val': 0, 'override': {'name': 'norm3'}}
2025-06-25 02:05:28,248 - mmdet - INFO - initialize Bottleneck with init_cfg {'type': 'Constant', 'val': 0, 'override': {'name': 'norm3'}}
2025-06-25 02:05:28,255 - mmdet - INFO - initialize Bottleneck with init_cfg {'type': 'Constant', 'val': 0, 'override': {'name': 'norm3'}}
2025-06-25 02:05:28,274 - mmdet - INFO - initialize FPN with init_cfg {'type': 'Xavier', 'layer': 'Conv2d', 'distribution': 'uniform'}
Name of parameter - Initialization information

pts_voxel_encoder.vfe_layers.0.0.weight - torch.Size([64, 11]): 
The value is the same before and after calling `init_weights` of FUTR3D  

pts_voxel_encoder.vfe_layers.0.1.weight - torch.Size([64]): 
The value is the same before and after calling `init_weights` of FUTR3D  

pts_voxel_encoder.vfe_layers.0.1.bias - torch.Size([64]): 
The value is the same before and after calling `init_weights` of FUTR3D  

pts_voxel_encoder.vfe_layers.1.0.weight - torch.Size([128, 128]): 
The value is the same before and after calling `init_weights` of FUTR3D  

pts_voxel_encoder.vfe_layers.1.1.weight - torch.Size([128]): 
The value is the same before and after calling `init_weights` of FUTR3D  

pts_voxel_encoder.vfe_layers.1.1.bias - torch.Size([128]): 
The value is the same before and after calling `init_weights` of FUTR3D  

pts_middle_encoder.conv1.0.0.weight - torch.Size([16, 3, 3, 3, 128]): 
Initialized by user-defined `init_weights` in HEDNet  

pts_middle_encoder.conv1.0.1.weight - torch.Size([16]): 
The value is the same before and after calling `init_weights` of FUTR3D  

pts_middle_encoder.conv1.0.1.bias - torch.Size([16]): 
The value is the same before and after calling `init_weights` of FUTR3D  

pts_middle_encoder.conv1.1.conv1.weight - torch.Size([16, 3, 3, 3, 16]): 
Initialized by user-defined `init_weights` in HEDNet  

pts_middle_encoder.conv1.1.conv1.bias - torch.Size([16]): 
The value is the same before and after calling `init_weights` of FUTR3D  

pts_middle_encoder.conv1.1.bn1.weight - torch.Size([16]): 
The value is the same before and after calling `init_weights` of FUTR3D  

pts_middle_encoder.conv1.1.bn1.bias - torch.Size([16]): 
The value is the same before and after calling `init_weights` of FUTR3D  

pts_middle_encoder.conv1.1.conv2.weight - torch.Size([16, 3, 3, 3, 16]): 
Initialized by user-defined `init_weights` in HEDNet  

pts_middle_encoder.conv1.1.conv2.bias - torch.Size([16]): 
The value is the same before and after calling `init_weights` of FUTR3D  

pts_middle_encoder.conv1.1.bn2.weight - torch.Size([16]): 
The value is the same before and after calling `init_weights` of FUTR3D  

pts_middle_encoder.conv1.1.bn2.bias - torch.Size([16]): 
The value is the same before and after calling `init_weights` of FUTR3D  

pts_middle_encoder.conv1.2.conv1.weight - torch.Size([16, 3, 3, 3, 16]): 
Initialized by user-defined `init_weights` in HEDNet  

pts_middle_encoder.conv1.2.conv1.bias - torch.Size([16]): 
The value is the same before and after calling `init_weights` of FUTR3D  

pts_middle_encoder.conv1.2.bn1.weight - torch.Size([16]): 
The value is the same before and after calling `init_weights` of FUTR3D  

pts_middle_encoder.conv1.2.bn1.bias - torch.Size([16]): 
The value is the same before and after calling `init_weights` of FUTR3D  

pts_middle_encoder.conv1.2.conv2.weight - torch.Size([16, 3, 3, 3, 16]): 
Initialized by user-defined `init_weights` in HEDNet  

pts_middle_encoder.conv1.2.conv2.bias - torch.Size([16]): 
The value is the same before and after calling `init_weights` of FUTR3D  

pts_middle_encoder.conv1.2.bn2.weight - torch.Size([16]): 
The value is the same before and after calling `init_weights` of FUTR3D  

pts_middle_encoder.conv1.2.bn2.bias - torch.Size([16]): 
The value is the same before and after calling `init_weights` of FUTR3D  

pts_middle_encoder.conv1.3.0.weight - torch.Size([32, 3, 3, 3, 16]): 
Initialized by user-defined `init_weights` in HEDNet  

pts_middle_encoder.conv1.3.1.weight - torch.Size([32]): 
The value is the same before and after calling `init_weights` of FUTR3D  

pts_middle_encoder.conv1.3.1.bias - torch.Size([32]): 
The value is the same before and after calling `init_weights` of FUTR3D  

pts_middle_encoder.conv2.0.encoder.0.blocks.1.conv1.weight - torch.Size([32, 3, 3, 3, 32]): 
Initialized by user-defined `init_weights` in HEDNet  

pts_middle_encoder.conv2.0.encoder.0.blocks.1.conv1.bias - torch.Size([32]): 
The value is the same before and after calling `init_weights` of FUTR3D  

pts_middle_encoder.conv2.0.encoder.0.blocks.1.bn1.weight - torch.Size([32]): 
The value is the same before and after calling `init_weights` of FUTR3D  

pts_middle_encoder.conv2.0.encoder.0.blocks.1.bn1.bias - torch.Size([32]): 
The value is the same before and after calling `init_weights` of FUTR3D  

pts_middle_encoder.conv2.0.encoder.0.blocks.1.conv2.weight - torch.Size([32, 3, 3, 3, 32]): 
Initialized by user-defined `init_weights` in HEDNet  

pts_middle_encoder.conv2.0.encoder.0.blocks.1.conv2.bias - torch.Size([32]): 
The value is the same before and after calling `init_weights` of FUTR3D  

pts_middle_encoder.conv2.0.encoder.0.blocks.1.bn2.weight - torch.Size([32]): 
The value is the same before and after calling `init_weights` of FUTR3D  

pts_middle_encoder.conv2.0.encoder.0.blocks.1.bn2.bias - torch.Size([32]): 
The value is the same before and after calling `init_weights` of FUTR3D  

pts_middle_encoder.conv2.0.encoder.0.blocks.2.conv1.weight - torch.Size([32, 3, 3, 3, 32]): 
Initialized by user-defined `init_weights` in HEDNet  

pts_middle_encoder.conv2.0.encoder.0.blocks.2.conv1.bias - torch.Size([32]): 
The value is the same before and after calling `init_weights` of FUTR3D  

pts_middle_encoder.conv2.0.encoder.0.blocks.2.bn1.weight - torch.Size([32]): 
The value is the same before and after calling `init_weights` of FUTR3D  

pts_middle_encoder.conv2.0.encoder.0.blocks.2.bn1.bias - torch.Size([32]): 
The value is the same before and after calling `init_weights` of FUTR3D  

pts_middle_encoder.conv2.0.encoder.0.blocks.2.conv2.weight - torch.Size([32, 3, 3, 3, 32]): 
Initialized by user-defined `init_weights` in HEDNet  

pts_middle_encoder.conv2.0.encoder.0.blocks.2.conv2.bias - torch.Size([32]): 
The value is the same before and after calling `init_weights` of FUTR3D  

pts_middle_encoder.conv2.0.encoder.0.blocks.2.bn2.weight - torch.Size([32]): 
The value is the same before and after calling `init_weights` of FUTR3D  

pts_middle_encoder.conv2.0.encoder.0.blocks.2.bn2.bias - torch.Size([32]): 
The value is the same before and after calling `init_weights` of FUTR3D  

pts_middle_encoder.conv2.0.encoder.1.blocks.0.0.weight - torch.Size([32, 3, 3, 3, 32]): 
Initialized by user-defined `init_weights` in HEDNet  

pts_middle_encoder.conv2.0.encoder.1.blocks.0.1.weight - torch.Size([32]): 
The value is the same before and after calling `init_weights` of FUTR3D  

pts_middle_encoder.conv2.0.encoder.1.blocks.0.1.bias - torch.Size([32]): 
The value is the same before and after calling `init_weights` of FUTR3D  

pts_middle_encoder.conv2.0.encoder.1.blocks.1.conv1.weight - torch.Size([32, 3, 3, 3, 32]): 
Initialized by user-defined `init_weights` in HEDNet  

pts_middle_encoder.conv2.0.encoder.1.blocks.1.conv1.bias - torch.Size([32]): 
The value is the same before and after calling `init_weights` of FUTR3D  

pts_middle_encoder.conv2.0.encoder.1.blocks.1.bn1.weight - torch.Size([32]): 
The value is the same before and after calling `init_weights` of FUTR3D  

pts_middle_encoder.conv2.0.encoder.1.blocks.1.bn1.bias - torch.Size([32]): 
The value is the same before and after calling `init_weights` of FUTR3D  

pts_middle_encoder.conv2.0.encoder.1.blocks.1.conv2.weight - torch.Size([32, 3, 3, 3, 32]): 
Initialized by user-defined `init_weights` in HEDNet  

pts_middle_encoder.conv2.0.encoder.1.blocks.1.conv2.bias - torch.Size([32]): 
The value is the same before and after calling `init_weights` of FUTR3D  

pts_middle_encoder.conv2.0.encoder.1.blocks.1.bn2.weight - torch.Size([32]): 
The value is the same before and after calling `init_weights` of FUTR3D  

pts_middle_encoder.conv2.0.encoder.1.blocks.1.bn2.bias - torch.Size([32]): 
The value is the same before and after calling `init_weights` of FUTR3D  

pts_middle_encoder.conv2.0.encoder.2.blocks.0.0.weight - torch.Size([32, 3, 3, 3, 32]): 
Initialized by user-defined `init_weights` in HEDNet  

pts_middle_encoder.conv2.0.encoder.2.blocks.0.1.weight - torch.Size([32]): 
The value is the same before and after calling `init_weights` of FUTR3D  

pts_middle_encoder.conv2.0.encoder.2.blocks.0.1.bias - torch.Size([32]): 
The value is the same before and after calling `init_weights` of FUTR3D  

pts_middle_encoder.conv2.0.encoder.2.blocks.1.conv1.weight - torch.Size([32, 3, 3, 3, 32]): 
Initialized by user-defined `init_weights` in HEDNet  

pts_middle_encoder.conv2.0.encoder.2.blocks.1.conv1.bias - torch.Size([32]): 
The value is the same before and after calling `init_weights` of FUTR3D  

pts_middle_encoder.conv2.0.encoder.2.blocks.1.bn1.weight - torch.Size([32]): 
The value is the same before and after calling `init_weights` of FUTR3D  

pts_middle_encoder.conv2.0.encoder.2.blocks.1.bn1.bias - torch.Size([32]): 
The value is the same before and after calling `init_weights` of FUTR3D  

pts_middle_encoder.conv2.0.encoder.2.blocks.1.conv2.weight - torch.Size([32, 3, 3, 3, 32]): 
Initialized by user-defined `init_weights` in HEDNet  

pts_middle_encoder.conv2.0.encoder.2.blocks.1.conv2.bias - torch.Size([32]): 
The value is the same before and after calling `init_weights` of FUTR3D  

pts_middle_encoder.conv2.0.encoder.2.blocks.1.bn2.weight - torch.Size([32]): 
The value is the same before and after calling `init_weights` of FUTR3D  

pts_middle_encoder.conv2.0.encoder.2.blocks.1.bn2.bias - torch.Size([32]): 
The value is the same before and after calling `init_weights` of FUTR3D  

pts_middle_encoder.conv2.0.decoder.0.0.weight - torch.Size([32, 3, 3, 3, 32]): 
The value is the same before and after calling `init_weights` of FUTR3D  

pts_middle_encoder.conv2.0.decoder.0.1.weight - torch.Size([32]): 
The value is the same before and after calling `init_weights` of FUTR3D  

pts_middle_encoder.conv2.0.decoder.0.1.bias - torch.Size([32]): 
The value is the same before and after calling `init_weights` of FUTR3D  

pts_middle_encoder.conv2.0.decoder.1.0.weight - torch.Size([32, 3, 3, 3, 32]): 
The value is the same before and after calling `init_weights` of FUTR3D  

pts_middle_encoder.conv2.0.decoder.1.1.weight - torch.Size([32]): 
The value is the same before and after calling `init_weights` of FUTR3D  

pts_middle_encoder.conv2.0.decoder.1.1.bias - torch.Size([32]): 
The value is the same before and after calling `init_weights` of FUTR3D  

pts_middle_encoder.conv2.0.decoder_norm.0.weight - torch.Size([32]): 
The value is the same before and after calling `init_weights` of FUTR3D  

pts_middle_encoder.conv2.0.decoder_norm.0.bias - torch.Size([32]): 
The value is the same before and after calling `init_weights` of FUTR3D  

pts_middle_encoder.conv2.0.decoder_norm.1.weight - torch.Size([32]): 
The value is the same before and after calling `init_weights` of FUTR3D  

pts_middle_encoder.conv2.0.decoder_norm.1.bias - torch.Size([32]): 
The value is the same before and after calling `init_weights` of FUTR3D  

pts_middle_encoder.conv2.1.0.weight - torch.Size([64, 3, 3, 3, 32]): 
Initialized by user-defined `init_weights` in HEDNet  

pts_middle_encoder.conv2.1.1.weight - torch.Size([64]): 
The value is the same before and after calling `init_weights` of FUTR3D  

pts_middle_encoder.conv2.1.1.bias - torch.Size([64]): 
The value is the same before and after calling `init_weights` of FUTR3D  

pts_middle_encoder.conv3.0.encoder.0.blocks.1.conv1.weight - torch.Size([64, 3, 3, 3, 64]): 
Initialized by user-defined `init_weights` in HEDNet  

pts_middle_encoder.conv3.0.encoder.0.blocks.1.conv1.bias - torch.Size([64]): 
The value is the same before and after calling `init_weights` of FUTR3D  

pts_middle_encoder.conv3.0.encoder.0.blocks.1.bn1.weight - torch.Size([64]): 
The value is the same before and after calling `init_weights` of FUTR3D  

pts_middle_encoder.conv3.0.encoder.0.blocks.1.bn1.bias - torch.Size([64]): 
The value is the same before and after calling `init_weights` of FUTR3D  

pts_middle_encoder.conv3.0.encoder.0.blocks.1.conv2.weight - torch.Size([64, 3, 3, 3, 64]): 
Initialized by user-defined `init_weights` in HEDNet  

pts_middle_encoder.conv3.0.encoder.0.blocks.1.conv2.bias - torch.Size([64]): 
The value is the same before and after calling `init_weights` of FUTR3D  

pts_middle_encoder.conv3.0.encoder.0.blocks.1.bn2.weight - torch.Size([64]): 
The value is the same before and after calling `init_weights` of FUTR3D  

pts_middle_encoder.conv3.0.encoder.0.blocks.1.bn2.bias - torch.Size([64]): 
The value is the same before and after calling `init_weights` of FUTR3D  

pts_middle_encoder.conv3.0.encoder.0.blocks.2.conv1.weight - torch.Size([64, 3, 3, 3, 64]): 
Initialized by user-defined `init_weights` in HEDNet  

pts_middle_encoder.conv3.0.encoder.0.blocks.2.conv1.bias - torch.Size([64]): 
The value is the same before and after calling `init_weights` of FUTR3D  

pts_middle_encoder.conv3.0.encoder.0.blocks.2.bn1.weight - torch.Size([64]): 
The value is the same before and after calling `init_weights` of FUTR3D  

pts_middle_encoder.conv3.0.encoder.0.blocks.2.bn1.bias - torch.Size([64]): 
The value is the same before and after calling `init_weights` of FUTR3D  

pts_middle_encoder.conv3.0.encoder.0.blocks.2.conv2.weight - torch.Size([64, 3, 3, 3, 64]): 
Initialized by user-defined `init_weights` in HEDNet  

pts_middle_encoder.conv3.0.encoder.0.blocks.2.conv2.bias - torch.Size([64]): 
The value is the same before and after calling `init_weights` of FUTR3D  

pts_middle_encoder.conv3.0.encoder.0.blocks.2.bn2.weight - torch.Size([64]): 
The value is the same before and after calling `init_weights` of FUTR3D  

pts_middle_encoder.conv3.0.encoder.0.blocks.2.bn2.bias - torch.Size([64]): 
The value is the same before and after calling `init_weights` of FUTR3D  

pts_middle_encoder.conv3.0.encoder.1.blocks.0.0.weight - torch.Size([64, 3, 3, 3, 64]): 
Initialized by user-defined `init_weights` in HEDNet  

pts_middle_encoder.conv3.0.encoder.1.blocks.0.1.weight - torch.Size([64]): 
The value is the same before and after calling `init_weights` of FUTR3D  

pts_middle_encoder.conv3.0.encoder.1.blocks.0.1.bias - torch.Size([64]): 
The value is the same before and after calling `init_weights` of FUTR3D  

pts_middle_encoder.conv3.0.encoder.1.blocks.1.conv1.weight - torch.Size([64, 3, 3, 3, 64]): 
Initialized by user-defined `init_weights` in HEDNet  

pts_middle_encoder.conv3.0.encoder.1.blocks.1.conv1.bias - torch.Size([64]): 
The value is the same before and after calling `init_weights` of FUTR3D  

pts_middle_encoder.conv3.0.encoder.1.blocks.1.bn1.weight - torch.Size([64]): 
The value is the same before and after calling `init_weights` of FUTR3D  

pts_middle_encoder.conv3.0.encoder.1.blocks.1.bn1.bias - torch.Size([64]): 
The value is the same before and after calling `init_weights` of FUTR3D  

pts_middle_encoder.conv3.0.encoder.1.blocks.1.conv2.weight - torch.Size([64, 3, 3, 3, 64]): 
Initialized by user-defined `init_weights` in HEDNet  

pts_middle_encoder.conv3.0.encoder.1.blocks.1.conv2.bias - torch.Size([64]): 
The value is the same before and after calling `init_weights` of FUTR3D  

pts_middle_encoder.conv3.0.encoder.1.blocks.1.bn2.weight - torch.Size([64]): 
The value is the same before and after calling `init_weights` of FUTR3D  

pts_middle_encoder.conv3.0.encoder.1.blocks.1.bn2.bias - torch.Size([64]): 
The value is the same before and after calling `init_weights` of FUTR3D  

pts_middle_encoder.conv3.0.encoder.2.blocks.0.0.weight - torch.Size([64, 3, 3, 3, 64]): 
Initialized by user-defined `init_weights` in HEDNet  

pts_middle_encoder.conv3.0.encoder.2.blocks.0.1.weight - torch.Size([64]): 
The value is the same before and after calling `init_weights` of FUTR3D  

pts_middle_encoder.conv3.0.encoder.2.blocks.0.1.bias - torch.Size([64]): 
The value is the same before and after calling `init_weights` of FUTR3D  

pts_middle_encoder.conv3.0.encoder.2.blocks.1.conv1.weight - torch.Size([64, 3, 3, 3, 64]): 
Initialized by user-defined `init_weights` in HEDNet  

pts_middle_encoder.conv3.0.encoder.2.blocks.1.conv1.bias - torch.Size([64]): 
The value is the same before and after calling `init_weights` of FUTR3D  

pts_middle_encoder.conv3.0.encoder.2.blocks.1.bn1.weight - torch.Size([64]): 
The value is the same before and after calling `init_weights` of FUTR3D  

pts_middle_encoder.conv3.0.encoder.2.blocks.1.bn1.bias - torch.Size([64]): 
The value is the same before and after calling `init_weights` of FUTR3D  

pts_middle_encoder.conv3.0.encoder.2.blocks.1.conv2.weight - torch.Size([64, 3, 3, 3, 64]): 
Initialized by user-defined `init_weights` in HEDNet  

pts_middle_encoder.conv3.0.encoder.2.blocks.1.conv2.bias - torch.Size([64]): 
The value is the same before and after calling `init_weights` of FUTR3D  

pts_middle_encoder.conv3.0.encoder.2.blocks.1.bn2.weight - torch.Size([64]): 
The value is the same before and after calling `init_weights` of FUTR3D  

pts_middle_encoder.conv3.0.encoder.2.blocks.1.bn2.bias - torch.Size([64]): 
The value is the same before and after calling `init_weights` of FUTR3D  

pts_middle_encoder.conv3.0.decoder.0.0.weight - torch.Size([64, 3, 3, 3, 64]): 
The value is the same before and after calling `init_weights` of FUTR3D  

pts_middle_encoder.conv3.0.decoder.0.1.weight - torch.Size([64]): 
The value is the same before and after calling `init_weights` of FUTR3D  

pts_middle_encoder.conv3.0.decoder.0.1.bias - torch.Size([64]): 
The value is the same before and after calling `init_weights` of FUTR3D  

pts_middle_encoder.conv3.0.decoder.1.0.weight - torch.Size([64, 3, 3, 3, 64]): 
The value is the same before and after calling `init_weights` of FUTR3D  

pts_middle_encoder.conv3.0.decoder.1.1.weight - torch.Size([64]): 
The value is the same before and after calling `init_weights` of FUTR3D  

pts_middle_encoder.conv3.0.decoder.1.1.bias - torch.Size([64]): 
The value is the same before and after calling `init_weights` of FUTR3D  

pts_middle_encoder.conv3.0.decoder_norm.0.weight - torch.Size([64]): 
The value is the same before and after calling `init_weights` of FUTR3D  

pts_middle_encoder.conv3.0.decoder_norm.0.bias - torch.Size([64]): 
The value is the same before and after calling `init_weights` of FUTR3D  

pts_middle_encoder.conv3.0.decoder_norm.1.weight - torch.Size([64]): 
The value is the same before and after calling `init_weights` of FUTR3D  

pts_middle_encoder.conv3.0.decoder_norm.1.bias - torch.Size([64]): 
The value is the same before and after calling `init_weights` of FUTR3D  

pts_middle_encoder.conv3.1.0.weight - torch.Size([128, 3, 3, 3, 64]): 
Initialized by user-defined `init_weights` in HEDNet  

pts_middle_encoder.conv3.1.1.weight - torch.Size([128]): 
The value is the same before and after calling `init_weights` of FUTR3D  

pts_middle_encoder.conv3.1.1.bias - torch.Size([128]): 
The value is the same before and after calling `init_weights` of FUTR3D  

pts_middle_encoder.layers.0.encoder.0.blocks.1.conv1.weight - torch.Size([128, 3, 3, 3, 128]): 
Initialized by user-defined `init_weights` in HEDNet  

pts_middle_encoder.layers.0.encoder.0.blocks.1.conv1.bias - torch.Size([128]): 
The value is the same before and after calling `init_weights` of FUTR3D  

pts_middle_encoder.layers.0.encoder.0.blocks.1.bn1.weight - torch.Size([128]): 
The value is the same before and after calling `init_weights` of FUTR3D  

pts_middle_encoder.layers.0.encoder.0.blocks.1.bn1.bias - torch.Size([128]): 
The value is the same before and after calling `init_weights` of FUTR3D  

pts_middle_encoder.layers.0.encoder.0.blocks.1.conv2.weight - torch.Size([128, 3, 3, 3, 128]): 
Initialized by user-defined `init_weights` in HEDNet  

pts_middle_encoder.layers.0.encoder.0.blocks.1.conv2.bias - torch.Size([128]): 
The value is the same before and after calling `init_weights` of FUTR3D  

pts_middle_encoder.layers.0.encoder.0.blocks.1.bn2.weight - torch.Size([128]): 
The value is the same before and after calling `init_weights` of FUTR3D  

pts_middle_encoder.layers.0.encoder.0.blocks.1.bn2.bias - torch.Size([128]): 
The value is the same before and after calling `init_weights` of FUTR3D  

pts_middle_encoder.layers.0.encoder.0.blocks.2.conv1.weight - torch.Size([128, 3, 3, 3, 128]): 
Initialized by user-defined `init_weights` in HEDNet  

pts_middle_encoder.layers.0.encoder.0.blocks.2.conv1.bias - torch.Size([128]): 
The value is the same before and after calling `init_weights` of FUTR3D  

pts_middle_encoder.layers.0.encoder.0.blocks.2.bn1.weight - torch.Size([128]): 
The value is the same before and after calling `init_weights` of FUTR3D  

pts_middle_encoder.layers.0.encoder.0.blocks.2.bn1.bias - torch.Size([128]): 
The value is the same before and after calling `init_weights` of FUTR3D  

pts_middle_encoder.layers.0.encoder.0.blocks.2.conv2.weight - torch.Size([128, 3, 3, 3, 128]): 
Initialized by user-defined `init_weights` in HEDNet  

pts_middle_encoder.layers.0.encoder.0.blocks.2.conv2.bias - torch.Size([128]): 
The value is the same before and after calling `init_weights` of FUTR3D  

pts_middle_encoder.layers.0.encoder.0.blocks.2.bn2.weight - torch.Size([128]): 
The value is the same before and after calling `init_weights` of FUTR3D  

pts_middle_encoder.layers.0.encoder.0.blocks.2.bn2.bias - torch.Size([128]): 
The value is the same before and after calling `init_weights` of FUTR3D  

pts_middle_encoder.layers.0.encoder.1.blocks.0.0.weight - torch.Size([128, 3, 3, 3, 128]): 
Initialized by user-defined `init_weights` in HEDNet  

pts_middle_encoder.layers.0.encoder.1.blocks.0.1.weight - torch.Size([128]): 
The value is the same before and after calling `init_weights` of FUTR3D  

pts_middle_encoder.layers.0.encoder.1.blocks.0.1.bias - torch.Size([128]): 
The value is the same before and after calling `init_weights` of FUTR3D  

pts_middle_encoder.layers.0.encoder.1.blocks.1.conv1.weight - torch.Size([128, 3, 3, 3, 128]): 
Initialized by user-defined `init_weights` in HEDNet  

pts_middle_encoder.layers.0.encoder.1.blocks.1.conv1.bias - torch.Size([128]): 
The value is the same before and after calling `init_weights` of FUTR3D  

pts_middle_encoder.layers.0.encoder.1.blocks.1.bn1.weight - torch.Size([128]): 
The value is the same before and after calling `init_weights` of FUTR3D  

pts_middle_encoder.layers.0.encoder.1.blocks.1.bn1.bias - torch.Size([128]): 
The value is the same before and after calling `init_weights` of FUTR3D  

pts_middle_encoder.layers.0.encoder.1.blocks.1.conv2.weight - torch.Size([128, 3, 3, 3, 128]): 
Initialized by user-defined `init_weights` in HEDNet  

pts_middle_encoder.layers.0.encoder.1.blocks.1.conv2.bias - torch.Size([128]): 
The value is the same before and after calling `init_weights` of FUTR3D  

pts_middle_encoder.layers.0.encoder.1.blocks.1.bn2.weight - torch.Size([128]): 
The value is the same before and after calling `init_weights` of FUTR3D  

pts_middle_encoder.layers.0.encoder.1.blocks.1.bn2.bias - torch.Size([128]): 
The value is the same before and after calling `init_weights` of FUTR3D  

pts_middle_encoder.layers.0.encoder.2.blocks.0.0.weight - torch.Size([128, 3, 3, 3, 128]): 
Initialized by user-defined `init_weights` in HEDNet  

pts_middle_encoder.layers.0.encoder.2.blocks.0.1.weight - torch.Size([128]): 
The value is the same before and after calling `init_weights` of FUTR3D  

pts_middle_encoder.layers.0.encoder.2.blocks.0.1.bias - torch.Size([128]): 
The value is the same before and after calling `init_weights` of FUTR3D  

pts_middle_encoder.layers.0.encoder.2.blocks.1.conv1.weight - torch.Size([128, 3, 3, 3, 128]): 
Initialized by user-defined `init_weights` in HEDNet  

pts_middle_encoder.layers.0.encoder.2.blocks.1.conv1.bias - torch.Size([128]): 
The value is the same before and after calling `init_weights` of FUTR3D  

pts_middle_encoder.layers.0.encoder.2.blocks.1.bn1.weight - torch.Size([128]): 
The value is the same before and after calling `init_weights` of FUTR3D  

pts_middle_encoder.layers.0.encoder.2.blocks.1.bn1.bias - torch.Size([128]): 
The value is the same before and after calling `init_weights` of FUTR3D  

pts_middle_encoder.layers.0.encoder.2.blocks.1.conv2.weight - torch.Size([128, 3, 3, 3, 128]): 
Initialized by user-defined `init_weights` in HEDNet  

pts_middle_encoder.layers.0.encoder.2.blocks.1.conv2.bias - torch.Size([128]): 
The value is the same before and after calling `init_weights` of FUTR3D  

pts_middle_encoder.layers.0.encoder.2.blocks.1.bn2.weight - torch.Size([128]): 
The value is the same before and after calling `init_weights` of FUTR3D  

pts_middle_encoder.layers.0.encoder.2.blocks.1.bn2.bias - torch.Size([128]): 
The value is the same before and after calling `init_weights` of FUTR3D  

pts_middle_encoder.layers.0.decoder.0.0.weight - torch.Size([128, 3, 3, 3, 128]): 
The value is the same before and after calling `init_weights` of FUTR3D  

pts_middle_encoder.layers.0.decoder.0.1.weight - torch.Size([128]): 
The value is the same before and after calling `init_weights` of FUTR3D  

pts_middle_encoder.layers.0.decoder.0.1.bias - torch.Size([128]): 
The value is the same before and after calling `init_weights` of FUTR3D  

pts_middle_encoder.layers.0.decoder.1.0.weight - torch.Size([128, 3, 3, 3, 128]): 
The value is the same before and after calling `init_weights` of FUTR3D  

pts_middle_encoder.layers.0.decoder.1.1.weight - torch.Size([128]): 
The value is the same before and after calling `init_weights` of FUTR3D  

pts_middle_encoder.layers.0.decoder.1.1.bias - torch.Size([128]): 
The value is the same before and after calling `init_weights` of FUTR3D  

pts_middle_encoder.layers.0.decoder_norm.0.weight - torch.Size([128]): 
The value is the same before and after calling `init_weights` of FUTR3D  

pts_middle_encoder.layers.0.decoder_norm.0.bias - torch.Size([128]): 
The value is the same before and after calling `init_weights` of FUTR3D  

pts_middle_encoder.layers.0.decoder_norm.1.weight - torch.Size([128]): 
The value is the same before and after calling `init_weights` of FUTR3D  

pts_middle_encoder.layers.0.decoder_norm.1.bias - torch.Size([128]): 
The value is the same before and after calling `init_weights` of FUTR3D  

pts_middle_encoder.layers.1.encoder.0.blocks.1.conv1.weight - torch.Size([128, 3, 3, 3, 128]): 
Initialized by user-defined `init_weights` in HEDNet  

pts_middle_encoder.layers.1.encoder.0.blocks.1.conv1.bias - torch.Size([128]): 
The value is the same before and after calling `init_weights` of FUTR3D  

pts_middle_encoder.layers.1.encoder.0.blocks.1.bn1.weight - torch.Size([128]): 
The value is the same before and after calling `init_weights` of FUTR3D  

pts_middle_encoder.layers.1.encoder.0.blocks.1.bn1.bias - torch.Size([128]): 
The value is the same before and after calling `init_weights` of FUTR3D  

pts_middle_encoder.layers.1.encoder.0.blocks.1.conv2.weight - torch.Size([128, 3, 3, 3, 128]): 
Initialized by user-defined `init_weights` in HEDNet  

pts_middle_encoder.layers.1.encoder.0.blocks.1.conv2.bias - torch.Size([128]): 
The value is the same before and after calling `init_weights` of FUTR3D  

pts_middle_encoder.layers.1.encoder.0.blocks.1.bn2.weight - torch.Size([128]): 
The value is the same before and after calling `init_weights` of FUTR3D  

pts_middle_encoder.layers.1.encoder.0.blocks.1.bn2.bias - torch.Size([128]): 
The value is the same before and after calling `init_weights` of FUTR3D  

pts_middle_encoder.layers.1.encoder.0.blocks.2.conv1.weight - torch.Size([128, 3, 3, 3, 128]): 
Initialized by user-defined `init_weights` in HEDNet  

pts_middle_encoder.layers.1.encoder.0.blocks.2.conv1.bias - torch.Size([128]): 
The value is the same before and after calling `init_weights` of FUTR3D  

pts_middle_encoder.layers.1.encoder.0.blocks.2.bn1.weight - torch.Size([128]): 
The value is the same before and after calling `init_weights` of FUTR3D  

pts_middle_encoder.layers.1.encoder.0.blocks.2.bn1.bias - torch.Size([128]): 
The value is the same before and after calling `init_weights` of FUTR3D  

pts_middle_encoder.layers.1.encoder.0.blocks.2.conv2.weight - torch.Size([128, 3, 3, 3, 128]): 
Initialized by user-defined `init_weights` in HEDNet  

pts_middle_encoder.layers.1.encoder.0.blocks.2.conv2.bias - torch.Size([128]): 
The value is the same before and after calling `init_weights` of FUTR3D  

pts_middle_encoder.layers.1.encoder.0.blocks.2.bn2.weight - torch.Size([128]): 
The value is the same before and after calling `init_weights` of FUTR3D  

pts_middle_encoder.layers.1.encoder.0.blocks.2.bn2.bias - torch.Size([128]): 
The value is the same before and after calling `init_weights` of FUTR3D  

pts_middle_encoder.layers.1.encoder.1.blocks.0.0.weight - torch.Size([128, 3, 3, 3, 128]): 
Initialized by user-defined `init_weights` in HEDNet  

pts_middle_encoder.layers.1.encoder.1.blocks.0.1.weight - torch.Size([128]): 
The value is the same before and after calling `init_weights` of FUTR3D  

pts_middle_encoder.layers.1.encoder.1.blocks.0.1.bias - torch.Size([128]): 
The value is the same before and after calling `init_weights` of FUTR3D  

pts_middle_encoder.layers.1.encoder.1.blocks.1.conv1.weight - torch.Size([128, 3, 3, 3, 128]): 
Initialized by user-defined `init_weights` in HEDNet  

pts_middle_encoder.layers.1.encoder.1.blocks.1.conv1.bias - torch.Size([128]): 
The value is the same before and after calling `init_weights` of FUTR3D  

pts_middle_encoder.layers.1.encoder.1.blocks.1.bn1.weight - torch.Size([128]): 
The value is the same before and after calling `init_weights` of FUTR3D  

pts_middle_encoder.layers.1.encoder.1.blocks.1.bn1.bias - torch.Size([128]): 
The value is the same before and after calling `init_weights` of FUTR3D  

pts_middle_encoder.layers.1.encoder.1.blocks.1.conv2.weight - torch.Size([128, 3, 3, 3, 128]): 
Initialized by user-defined `init_weights` in HEDNet  

pts_middle_encoder.layers.1.encoder.1.blocks.1.conv2.bias - torch.Size([128]): 
The value is the same before and after calling `init_weights` of FUTR3D  

pts_middle_encoder.layers.1.encoder.1.blocks.1.bn2.weight - torch.Size([128]): 
The value is the same before and after calling `init_weights` of FUTR3D  

pts_middle_encoder.layers.1.encoder.1.blocks.1.bn2.bias - torch.Size([128]): 
The value is the same before and after calling `init_weights` of FUTR3D  

pts_middle_encoder.layers.1.encoder.2.blocks.0.0.weight - torch.Size([128, 3, 3, 3, 128]): 
Initialized by user-defined `init_weights` in HEDNet  

pts_middle_encoder.layers.1.encoder.2.blocks.0.1.weight - torch.Size([128]): 
The value is the same before and after calling `init_weights` of FUTR3D  

pts_middle_encoder.layers.1.encoder.2.blocks.0.1.bias - torch.Size([128]): 
The value is the same before and after calling `init_weights` of FUTR3D  

pts_middle_encoder.layers.1.encoder.2.blocks.1.conv1.weight - torch.Size([128, 3, 3, 3, 128]): 
Initialized by user-defined `init_weights` in HEDNet  

pts_middle_encoder.layers.1.encoder.2.blocks.1.conv1.bias - torch.Size([128]): 
The value is the same before and after calling `init_weights` of FUTR3D  

pts_middle_encoder.layers.1.encoder.2.blocks.1.bn1.weight - torch.Size([128]): 
The value is the same before and after calling `init_weights` of FUTR3D  

pts_middle_encoder.layers.1.encoder.2.blocks.1.bn1.bias - torch.Size([128]): 
The value is the same before and after calling `init_weights` of FUTR3D  

pts_middle_encoder.layers.1.encoder.2.blocks.1.conv2.weight - torch.Size([128, 3, 3, 3, 128]): 
Initialized by user-defined `init_weights` in HEDNet  

pts_middle_encoder.layers.1.encoder.2.blocks.1.conv2.bias - torch.Size([128]): 
The value is the same before and after calling `init_weights` of FUTR3D  

pts_middle_encoder.layers.1.encoder.2.blocks.1.bn2.weight - torch.Size([128]): 
The value is the same before and after calling `init_weights` of FUTR3D  

pts_middle_encoder.layers.1.encoder.2.blocks.1.bn2.bias - torch.Size([128]): 
The value is the same before and after calling `init_weights` of FUTR3D  

pts_middle_encoder.layers.1.decoder.0.0.weight - torch.Size([128, 3, 3, 3, 128]): 
The value is the same before and after calling `init_weights` of FUTR3D  

pts_middle_encoder.layers.1.decoder.0.1.weight - torch.Size([128]): 
The value is the same before and after calling `init_weights` of FUTR3D  

pts_middle_encoder.layers.1.decoder.0.1.bias - torch.Size([128]): 
The value is the same before and after calling `init_weights` of FUTR3D  

pts_middle_encoder.layers.1.decoder.1.0.weight - torch.Size([128, 3, 3, 3, 128]): 
The value is the same before and after calling `init_weights` of FUTR3D  

pts_middle_encoder.layers.1.decoder.1.1.weight - torch.Size([128]): 
The value is the same before and after calling `init_weights` of FUTR3D  

pts_middle_encoder.layers.1.decoder.1.1.bias - torch.Size([128]): 
The value is the same before and after calling `init_weights` of FUTR3D  

pts_middle_encoder.layers.1.decoder_norm.0.weight - torch.Size([128]): 
The value is the same before and after calling `init_weights` of FUTR3D  

pts_middle_encoder.layers.1.decoder_norm.0.bias - torch.Size([128]): 
The value is the same before and after calling `init_weights` of FUTR3D  

pts_middle_encoder.layers.1.decoder_norm.1.weight - torch.Size([128]): 
The value is the same before and after calling `init_weights` of FUTR3D  

pts_middle_encoder.layers.1.decoder_norm.1.bias - torch.Size([128]): 
The value is the same before and after calling `init_weights` of FUTR3D  

pts_middle_encoder.conv_out.0.weight - torch.Size([128, 3, 1, 1, 128]): 
Initialized by user-defined `init_weights` in HEDNet  

pts_middle_encoder.conv_out.1.weight - torch.Size([128]): 
The value is the same before and after calling `init_weights` of FUTR3D  

pts_middle_encoder.conv_out.1.bias - torch.Size([128]): 
The value is the same before and after calling `init_weights` of FUTR3D  

pts_middle_encoder.conv_out.3.weight - torch.Size([128, 3, 1, 1, 128]): 
Initialized by user-defined `init_weights` in HEDNet  

pts_middle_encoder.conv_out.4.weight - torch.Size([128]): 
The value is the same before and after calling `init_weights` of FUTR3D  

pts_middle_encoder.conv_out.4.bias - torch.Size([128]): 
The value is the same before and after calling `init_weights` of FUTR3D  

pts_backbone.layers.0.encoder.0.0.conv1.weight - torch.Size([256, 256, 3, 3]): 
The value is the same before and after calling `init_weights` of FUTR3D  

pts_backbone.layers.0.encoder.0.0.bn1.weight - torch.Size([256]): 
The value is the same before and after calling `init_weights` of FUTR3D  

pts_backbone.layers.0.encoder.0.0.bn1.bias - torch.Size([256]): 
The value is the same before and after calling `init_weights` of FUTR3D  

pts_backbone.layers.0.encoder.0.0.conv2.weight - torch.Size([256, 256, 3, 3]): 
The value is the same before and after calling `init_weights` of FUTR3D  

pts_backbone.layers.0.encoder.0.0.bn2.weight - torch.Size([256]): 
The value is the same before and after calling `init_weights` of FUTR3D  

pts_backbone.layers.0.encoder.0.0.bn2.bias - torch.Size([256]): 
The value is the same before and after calling `init_weights` of FUTR3D  

pts_backbone.layers.0.encoder.0.1.conv1.weight - torch.Size([256, 256, 3, 3]): 
The value is the same before and after calling `init_weights` of FUTR3D  

pts_backbone.layers.0.encoder.0.1.bn1.weight - torch.Size([256]): 
The value is the same before and after calling `init_weights` of FUTR3D  

pts_backbone.layers.0.encoder.0.1.bn1.bias - torch.Size([256]): 
The value is the same before and after calling `init_weights` of FUTR3D  

pts_backbone.layers.0.encoder.0.1.conv2.weight - torch.Size([256, 256, 3, 3]): 
The value is the same before and after calling `init_weights` of FUTR3D  

pts_backbone.layers.0.encoder.0.1.bn2.weight - torch.Size([256]): 
The value is the same before and after calling `init_weights` of FUTR3D  

pts_backbone.layers.0.encoder.0.1.bn2.bias - torch.Size([256]): 
The value is the same before and after calling `init_weights` of FUTR3D  

pts_backbone.layers.0.encoder.1.0.conv1.weight - torch.Size([256, 256, 3, 3]): 
The value is the same before and after calling `init_weights` of FUTR3D  

pts_backbone.layers.0.encoder.1.0.bn1.weight - torch.Size([256]): 
The value is the same before and after calling `init_weights` of FUTR3D  

pts_backbone.layers.0.encoder.1.0.bn1.bias - torch.Size([256]): 
The value is the same before and after calling `init_weights` of FUTR3D  

pts_backbone.layers.0.encoder.1.0.conv2.weight - torch.Size([256, 256, 3, 3]): 
The value is the same before and after calling `init_weights` of FUTR3D  

pts_backbone.layers.0.encoder.1.0.bn2.weight - torch.Size([256]): 
The value is the same before and after calling `init_weights` of FUTR3D  

pts_backbone.layers.0.encoder.1.0.bn2.bias - torch.Size([256]): 
The value is the same before and after calling `init_weights` of FUTR3D  

pts_backbone.layers.0.encoder.1.0.downsample_layer.0.weight - torch.Size([256, 256, 1, 1]): 
The value is the same before and after calling `init_weights` of FUTR3D  

pts_backbone.layers.0.encoder.1.0.downsample_layer.1.weight - torch.Size([256]): 
The value is the same before and after calling `init_weights` of FUTR3D  

pts_backbone.layers.0.encoder.1.0.downsample_layer.1.bias - torch.Size([256]): 
The value is the same before and after calling `init_weights` of FUTR3D  

pts_backbone.layers.0.encoder.1.1.conv1.weight - torch.Size([256, 256, 3, 3]): 
The value is the same before and after calling `init_weights` of FUTR3D  

pts_backbone.layers.0.encoder.1.1.bn1.weight - torch.Size([256]): 
The value is the same before and after calling `init_weights` of FUTR3D  

pts_backbone.layers.0.encoder.1.1.bn1.bias - torch.Size([256]): 
The value is the same before and after calling `init_weights` of FUTR3D  

pts_backbone.layers.0.encoder.1.1.conv2.weight - torch.Size([256, 256, 3, 3]): 
The value is the same before and after calling `init_weights` of FUTR3D  

pts_backbone.layers.0.encoder.1.1.bn2.weight - torch.Size([256]): 
The value is the same before and after calling `init_weights` of FUTR3D  

pts_backbone.layers.0.encoder.1.1.bn2.bias - torch.Size([256]): 
The value is the same before and after calling `init_weights` of FUTR3D  

pts_backbone.layers.0.encoder.2.0.conv1.weight - torch.Size([256, 256, 3, 3]): 
The value is the same before and after calling `init_weights` of FUTR3D  

pts_backbone.layers.0.encoder.2.0.bn1.weight - torch.Size([256]): 
The value is the same before and after calling `init_weights` of FUTR3D  

pts_backbone.layers.0.encoder.2.0.bn1.bias - torch.Size([256]): 
The value is the same before and after calling `init_weights` of FUTR3D  

pts_backbone.layers.0.encoder.2.0.conv2.weight - torch.Size([256, 256, 3, 3]): 
The value is the same before and after calling `init_weights` of FUTR3D  

pts_backbone.layers.0.encoder.2.0.bn2.weight - torch.Size([256]): 
The value is the same before and after calling `init_weights` of FUTR3D  

pts_backbone.layers.0.encoder.2.0.bn2.bias - torch.Size([256]): 
The value is the same before and after calling `init_weights` of FUTR3D  

pts_backbone.layers.0.encoder.2.0.downsample_layer.0.weight - torch.Size([256, 256, 1, 1]): 
The value is the same before and after calling `init_weights` of FUTR3D  

pts_backbone.layers.0.encoder.2.0.downsample_layer.1.weight - torch.Size([256]): 
The value is the same before and after calling `init_weights` of FUTR3D  

pts_backbone.layers.0.encoder.2.0.downsample_layer.1.bias - torch.Size([256]): 
The value is the same before and after calling `init_weights` of FUTR3D  

pts_backbone.layers.0.encoder.2.1.conv1.weight - torch.Size([256, 256, 3, 3]): 
The value is the same before and after calling `init_weights` of FUTR3D  

pts_backbone.layers.0.encoder.2.1.bn1.weight - torch.Size([256]): 
The value is the same before and after calling `init_weights` of FUTR3D  

pts_backbone.layers.0.encoder.2.1.bn1.bias - torch.Size([256]): 
The value is the same before and after calling `init_weights` of FUTR3D  

pts_backbone.layers.0.encoder.2.1.conv2.weight - torch.Size([256, 256, 3, 3]): 
The value is the same before and after calling `init_weights` of FUTR3D  

pts_backbone.layers.0.encoder.2.1.bn2.weight - torch.Size([256]): 
The value is the same before and after calling `init_weights` of FUTR3D  

pts_backbone.layers.0.encoder.2.1.bn2.bias - torch.Size([256]): 
The value is the same before and after calling `init_weights` of FUTR3D  

pts_backbone.layers.0.decoder.0.0.weight - torch.Size([256, 256, 2, 2]): 
The value is the same before and after calling `init_weights` of FUTR3D  

pts_backbone.layers.0.decoder.0.1.weight - torch.Size([256]): 
The value is the same before and after calling `init_weights` of FUTR3D  

pts_backbone.layers.0.decoder.0.1.bias - torch.Size([256]): 
The value is the same before and after calling `init_weights` of FUTR3D  

pts_backbone.layers.0.decoder.1.0.weight - torch.Size([256, 256, 2, 2]): 
The value is the same before and after calling `init_weights` of FUTR3D  

pts_backbone.layers.0.decoder.1.1.weight - torch.Size([256]): 
The value is the same before and after calling `init_weights` of FUTR3D  

pts_backbone.layers.0.decoder.1.1.bias - torch.Size([256]): 
The value is the same before and after calling `init_weights` of FUTR3D  

pts_backbone.layers.0.decoder_norm.0.weight - torch.Size([256]): 
The value is the same before and after calling `init_weights` of FUTR3D  

pts_backbone.layers.0.decoder_norm.0.bias - torch.Size([256]): 
The value is the same before and after calling `init_weights` of FUTR3D  

pts_backbone.layers.0.decoder_norm.1.weight - torch.Size([256]): 
The value is the same before and after calling `init_weights` of FUTR3D  

pts_backbone.layers.0.decoder_norm.1.bias - torch.Size([256]): 
The value is the same before and after calling `init_weights` of FUTR3D  

pts_backbone.layers.1.encoder.0.0.conv1.weight - torch.Size([256, 256, 3, 3]): 
The value is the same before and after calling `init_weights` of FUTR3D  

pts_backbone.layers.1.encoder.0.0.bn1.weight - torch.Size([256]): 
The value is the same before and after calling `init_weights` of FUTR3D  

pts_backbone.layers.1.encoder.0.0.bn1.bias - torch.Size([256]): 
The value is the same before and after calling `init_weights` of FUTR3D  

pts_backbone.layers.1.encoder.0.0.conv2.weight - torch.Size([256, 256, 3, 3]): 
The value is the same before and after calling `init_weights` of FUTR3D  

pts_backbone.layers.1.encoder.0.0.bn2.weight - torch.Size([256]): 
The value is the same before and after calling `init_weights` of FUTR3D  

pts_backbone.layers.1.encoder.0.0.bn2.bias - torch.Size([256]): 
The value is the same before and after calling `init_weights` of FUTR3D  

pts_backbone.layers.1.encoder.0.1.conv1.weight - torch.Size([256, 256, 3, 3]): 
The value is the same before and after calling `init_weights` of FUTR3D  

pts_backbone.layers.1.encoder.0.1.bn1.weight - torch.Size([256]): 
The value is the same before and after calling `init_weights` of FUTR3D  

pts_backbone.layers.1.encoder.0.1.bn1.bias - torch.Size([256]): 
The value is the same before and after calling `init_weights` of FUTR3D  

pts_backbone.layers.1.encoder.0.1.conv2.weight - torch.Size([256, 256, 3, 3]): 
The value is the same before and after calling `init_weights` of FUTR3D  

pts_backbone.layers.1.encoder.0.1.bn2.weight - torch.Size([256]): 
The value is the same before and after calling `init_weights` of FUTR3D  

pts_backbone.layers.1.encoder.0.1.bn2.bias - torch.Size([256]): 
The value is the same before and after calling `init_weights` of FUTR3D  

pts_backbone.layers.1.encoder.1.0.conv1.weight - torch.Size([256, 256, 3, 3]): 
The value is the same before and after calling `init_weights` of FUTR3D  

pts_backbone.layers.1.encoder.1.0.bn1.weight - torch.Size([256]): 
The value is the same before and after calling `init_weights` of FUTR3D  

pts_backbone.layers.1.encoder.1.0.bn1.bias - torch.Size([256]): 
The value is the same before and after calling `init_weights` of FUTR3D  

pts_backbone.layers.1.encoder.1.0.conv2.weight - torch.Size([256, 256, 3, 3]): 
The value is the same before and after calling `init_weights` of FUTR3D  

pts_backbone.layers.1.encoder.1.0.bn2.weight - torch.Size([256]): 
The value is the same before and after calling `init_weights` of FUTR3D  

pts_backbone.layers.1.encoder.1.0.bn2.bias - torch.Size([256]): 
The value is the same before and after calling `init_weights` of FUTR3D  

pts_backbone.layers.1.encoder.1.0.downsample_layer.0.weight - torch.Size([256, 256, 1, 1]): 
The value is the same before and after calling `init_weights` of FUTR3D  

pts_backbone.layers.1.encoder.1.0.downsample_layer.1.weight - torch.Size([256]): 
The value is the same before and after calling `init_weights` of FUTR3D  

pts_backbone.layers.1.encoder.1.0.downsample_layer.1.bias - torch.Size([256]): 
The value is the same before and after calling `init_weights` of FUTR3D  

pts_backbone.layers.1.encoder.1.1.conv1.weight - torch.Size([256, 256, 3, 3]): 
The value is the same before and after calling `init_weights` of FUTR3D  

pts_backbone.layers.1.encoder.1.1.bn1.weight - torch.Size([256]): 
The value is the same before and after calling `init_weights` of FUTR3D  

pts_backbone.layers.1.encoder.1.1.bn1.bias - torch.Size([256]): 
The value is the same before and after calling `init_weights` of FUTR3D  

pts_backbone.layers.1.encoder.1.1.conv2.weight - torch.Size([256, 256, 3, 3]): 
The value is the same before and after calling `init_weights` of FUTR3D  

pts_backbone.layers.1.encoder.1.1.bn2.weight - torch.Size([256]): 
The value is the same before and after calling `init_weights` of FUTR3D  

pts_backbone.layers.1.encoder.1.1.bn2.bias - torch.Size([256]): 
The value is the same before and after calling `init_weights` of FUTR3D  

pts_backbone.layers.1.encoder.2.0.conv1.weight - torch.Size([256, 256, 3, 3]): 
The value is the same before and after calling `init_weights` of FUTR3D  

pts_backbone.layers.1.encoder.2.0.bn1.weight - torch.Size([256]): 
The value is the same before and after calling `init_weights` of FUTR3D  

pts_backbone.layers.1.encoder.2.0.bn1.bias - torch.Size([256]): 
The value is the same before and after calling `init_weights` of FUTR3D  

pts_backbone.layers.1.encoder.2.0.conv2.weight - torch.Size([256, 256, 3, 3]): 
The value is the same before and after calling `init_weights` of FUTR3D  

pts_backbone.layers.1.encoder.2.0.bn2.weight - torch.Size([256]): 
The value is the same before and after calling `init_weights` of FUTR3D  

pts_backbone.layers.1.encoder.2.0.bn2.bias - torch.Size([256]): 
The value is the same before and after calling `init_weights` of FUTR3D  

pts_backbone.layers.1.encoder.2.0.downsample_layer.0.weight - torch.Size([256, 256, 1, 1]): 
The value is the same before and after calling `init_weights` of FUTR3D  

pts_backbone.layers.1.encoder.2.0.downsample_layer.1.weight - torch.Size([256]): 
The value is the same before and after calling `init_weights` of FUTR3D  

pts_backbone.layers.1.encoder.2.0.downsample_layer.1.bias - torch.Size([256]): 
The value is the same before and after calling `init_weights` of FUTR3D  

pts_backbone.layers.1.encoder.2.1.conv1.weight - torch.Size([256, 256, 3, 3]): 
The value is the same before and after calling `init_weights` of FUTR3D  

pts_backbone.layers.1.encoder.2.1.bn1.weight - torch.Size([256]): 
The value is the same before and after calling `init_weights` of FUTR3D  

pts_backbone.layers.1.encoder.2.1.bn1.bias - torch.Size([256]): 
The value is the same before and after calling `init_weights` of FUTR3D  

pts_backbone.layers.1.encoder.2.1.conv2.weight - torch.Size([256, 256, 3, 3]): 
The value is the same before and after calling `init_weights` of FUTR3D  

pts_backbone.layers.1.encoder.2.1.bn2.weight - torch.Size([256]): 
The value is the same before and after calling `init_weights` of FUTR3D  

pts_backbone.layers.1.encoder.2.1.bn2.bias - torch.Size([256]): 
The value is the same before and after calling `init_weights` of FUTR3D  

pts_backbone.layers.1.decoder.0.0.weight - torch.Size([256, 256, 2, 2]): 
The value is the same before and after calling `init_weights` of FUTR3D  

pts_backbone.layers.1.decoder.0.1.weight - torch.Size([256]): 
The value is the same before and after calling `init_weights` of FUTR3D  

pts_backbone.layers.1.decoder.0.1.bias - torch.Size([256]): 
The value is the same before and after calling `init_weights` of FUTR3D  

pts_backbone.layers.1.decoder.1.0.weight - torch.Size([256, 256, 2, 2]): 
The value is the same before and after calling `init_weights` of FUTR3D  

pts_backbone.layers.1.decoder.1.1.weight - torch.Size([256]): 
The value is the same before and after calling `init_weights` of FUTR3D  

pts_backbone.layers.1.decoder.1.1.bias - torch.Size([256]): 
The value is the same before and after calling `init_weights` of FUTR3D  

pts_backbone.layers.1.decoder_norm.0.weight - torch.Size([256]): 
The value is the same before and after calling `init_weights` of FUTR3D  

pts_backbone.layers.1.decoder_norm.0.bias - torch.Size([256]): 
The value is the same before and after calling `init_weights` of FUTR3D  

pts_backbone.layers.1.decoder_norm.1.weight - torch.Size([256]): 
The value is the same before and after calling `init_weights` of FUTR3D  

pts_backbone.layers.1.decoder_norm.1.bias - torch.Size([256]): 
The value is the same before and after calling `init_weights` of FUTR3D  

pts_backbone.layers.2.encoder.0.0.conv1.weight - torch.Size([256, 256, 3, 3]): 
The value is the same before and after calling `init_weights` of FUTR3D  

pts_backbone.layers.2.encoder.0.0.bn1.weight - torch.Size([256]): 
The value is the same before and after calling `init_weights` of FUTR3D  

pts_backbone.layers.2.encoder.0.0.bn1.bias - torch.Size([256]): 
The value is the same before and after calling `init_weights` of FUTR3D  

pts_backbone.layers.2.encoder.0.0.conv2.weight - torch.Size([256, 256, 3, 3]): 
The value is the same before and after calling `init_weights` of FUTR3D  

pts_backbone.layers.2.encoder.0.0.bn2.weight - torch.Size([256]): 
The value is the same before and after calling `init_weights` of FUTR3D  

pts_backbone.layers.2.encoder.0.0.bn2.bias - torch.Size([256]): 
The value is the same before and after calling `init_weights` of FUTR3D  

pts_backbone.layers.2.encoder.0.1.conv1.weight - torch.Size([256, 256, 3, 3]): 
The value is the same before and after calling `init_weights` of FUTR3D  

pts_backbone.layers.2.encoder.0.1.bn1.weight - torch.Size([256]): 
The value is the same before and after calling `init_weights` of FUTR3D  

pts_backbone.layers.2.encoder.0.1.bn1.bias - torch.Size([256]): 
The value is the same before and after calling `init_weights` of FUTR3D  

pts_backbone.layers.2.encoder.0.1.conv2.weight - torch.Size([256, 256, 3, 3]): 
The value is the same before and after calling `init_weights` of FUTR3D  

pts_backbone.layers.2.encoder.0.1.bn2.weight - torch.Size([256]): 
The value is the same before and after calling `init_weights` of FUTR3D  

pts_backbone.layers.2.encoder.0.1.bn2.bias - torch.Size([256]): 
The value is the same before and after calling `init_weights` of FUTR3D  

pts_backbone.layers.2.encoder.1.0.conv1.weight - torch.Size([256, 256, 3, 3]): 
The value is the same before and after calling `init_weights` of FUTR3D  

pts_backbone.layers.2.encoder.1.0.bn1.weight - torch.Size([256]): 
The value is the same before and after calling `init_weights` of FUTR3D  

pts_backbone.layers.2.encoder.1.0.bn1.bias - torch.Size([256]): 
The value is the same before and after calling `init_weights` of FUTR3D  

pts_backbone.layers.2.encoder.1.0.conv2.weight - torch.Size([256, 256, 3, 3]): 
The value is the same before and after calling `init_weights` of FUTR3D  

pts_backbone.layers.2.encoder.1.0.bn2.weight - torch.Size([256]): 
The value is the same before and after calling `init_weights` of FUTR3D  

pts_backbone.layers.2.encoder.1.0.bn2.bias - torch.Size([256]): 
The value is the same before and after calling `init_weights` of FUTR3D  

pts_backbone.layers.2.encoder.1.0.downsample_layer.0.weight - torch.Size([256, 256, 1, 1]): 
The value is the same before and after calling `init_weights` of FUTR3D  

pts_backbone.layers.2.encoder.1.0.downsample_layer.1.weight - torch.Size([256]): 
The value is the same before and after calling `init_weights` of FUTR3D  

pts_backbone.layers.2.encoder.1.0.downsample_layer.1.bias - torch.Size([256]): 
The value is the same before and after calling `init_weights` of FUTR3D  

pts_backbone.layers.2.encoder.1.1.conv1.weight - torch.Size([256, 256, 3, 3]): 
The value is the same before and after calling `init_weights` of FUTR3D  

pts_backbone.layers.2.encoder.1.1.bn1.weight - torch.Size([256]): 
The value is the same before and after calling `init_weights` of FUTR3D  

pts_backbone.layers.2.encoder.1.1.bn1.bias - torch.Size([256]): 
The value is the same before and after calling `init_weights` of FUTR3D  

pts_backbone.layers.2.encoder.1.1.conv2.weight - torch.Size([256, 256, 3, 3]): 
The value is the same before and after calling `init_weights` of FUTR3D  

pts_backbone.layers.2.encoder.1.1.bn2.weight - torch.Size([256]): 
The value is the same before and after calling `init_weights` of FUTR3D  

pts_backbone.layers.2.encoder.1.1.bn2.bias - torch.Size([256]): 
The value is the same before and after calling `init_weights` of FUTR3D  

pts_backbone.layers.2.encoder.2.0.conv1.weight - torch.Size([256, 256, 3, 3]): 
The value is the same before and after calling `init_weights` of FUTR3D  

pts_backbone.layers.2.encoder.2.0.bn1.weight - torch.Size([256]): 
The value is the same before and after calling `init_weights` of FUTR3D  

pts_backbone.layers.2.encoder.2.0.bn1.bias - torch.Size([256]): 
The value is the same before and after calling `init_weights` of FUTR3D  

pts_backbone.layers.2.encoder.2.0.conv2.weight - torch.Size([256, 256, 3, 3]): 
The value is the same before and after calling `init_weights` of FUTR3D  

pts_backbone.layers.2.encoder.2.0.bn2.weight - torch.Size([256]): 
The value is the same before and after calling `init_weights` of FUTR3D  

pts_backbone.layers.2.encoder.2.0.bn2.bias - torch.Size([256]): 
The value is the same before and after calling `init_weights` of FUTR3D  

pts_backbone.layers.2.encoder.2.0.downsample_layer.0.weight - torch.Size([256, 256, 1, 1]): 
The value is the same before and after calling `init_weights` of FUTR3D  

pts_backbone.layers.2.encoder.2.0.downsample_layer.1.weight - torch.Size([256]): 
The value is the same before and after calling `init_weights` of FUTR3D  

pts_backbone.layers.2.encoder.2.0.downsample_layer.1.bias - torch.Size([256]): 
The value is the same before and after calling `init_weights` of FUTR3D  

pts_backbone.layers.2.encoder.2.1.conv1.weight - torch.Size([256, 256, 3, 3]): 
The value is the same before and after calling `init_weights` of FUTR3D  

pts_backbone.layers.2.encoder.2.1.bn1.weight - torch.Size([256]): 
The value is the same before and after calling `init_weights` of FUTR3D  

pts_backbone.layers.2.encoder.2.1.bn1.bias - torch.Size([256]): 
The value is the same before and after calling `init_weights` of FUTR3D  

pts_backbone.layers.2.encoder.2.1.conv2.weight - torch.Size([256, 256, 3, 3]): 
The value is the same before and after calling `init_weights` of FUTR3D  

pts_backbone.layers.2.encoder.2.1.bn2.weight - torch.Size([256]): 
The value is the same before and after calling `init_weights` of FUTR3D  

pts_backbone.layers.2.encoder.2.1.bn2.bias - torch.Size([256]): 
The value is the same before and after calling `init_weights` of FUTR3D  

pts_backbone.layers.2.decoder.0.0.weight - torch.Size([256, 256, 2, 2]): 
The value is the same before and after calling `init_weights` of FUTR3D  

pts_backbone.layers.2.decoder.0.1.weight - torch.Size([256]): 
The value is the same before and after calling `init_weights` of FUTR3D  

pts_backbone.layers.2.decoder.0.1.bias - torch.Size([256]): 
The value is the same before and after calling `init_weights` of FUTR3D  

pts_backbone.layers.2.decoder.1.0.weight - torch.Size([256, 256, 2, 2]): 
The value is the same before and after calling `init_weights` of FUTR3D  

pts_backbone.layers.2.decoder.1.1.weight - torch.Size([256]): 
The value is the same before and after calling `init_weights` of FUTR3D  

pts_backbone.layers.2.decoder.1.1.bias - torch.Size([256]): 
The value is the same before and after calling `init_weights` of FUTR3D  

pts_backbone.layers.2.decoder_norm.0.weight - torch.Size([256]): 
The value is the same before and after calling `init_weights` of FUTR3D  

pts_backbone.layers.2.decoder_norm.0.bias - torch.Size([256]): 
The value is the same before and after calling `init_weights` of FUTR3D  

pts_backbone.layers.2.decoder_norm.1.weight - torch.Size([256]): 
The value is the same before and after calling `init_weights` of FUTR3D  

pts_backbone.layers.2.decoder_norm.1.bias - torch.Size([256]): 
The value is the same before and after calling `init_weights` of FUTR3D  

pts_backbone.layers.3.encoder.0.0.conv1.weight - torch.Size([256, 256, 3, 3]): 
The value is the same before and after calling `init_weights` of FUTR3D  

pts_backbone.layers.3.encoder.0.0.bn1.weight - torch.Size([256]): 
The value is the same before and after calling `init_weights` of FUTR3D  

pts_backbone.layers.3.encoder.0.0.bn1.bias - torch.Size([256]): 
The value is the same before and after calling `init_weights` of FUTR3D  

pts_backbone.layers.3.encoder.0.0.conv2.weight - torch.Size([256, 256, 3, 3]): 
The value is the same before and after calling `init_weights` of FUTR3D  

pts_backbone.layers.3.encoder.0.0.bn2.weight - torch.Size([256]): 
The value is the same before and after calling `init_weights` of FUTR3D  

pts_backbone.layers.3.encoder.0.0.bn2.bias - torch.Size([256]): 
The value is the same before and after calling `init_weights` of FUTR3D  

pts_backbone.layers.3.encoder.0.1.conv1.weight - torch.Size([256, 256, 3, 3]): 
The value is the same before and after calling `init_weights` of FUTR3D  

pts_backbone.layers.3.encoder.0.1.bn1.weight - torch.Size([256]): 
The value is the same before and after calling `init_weights` of FUTR3D  

pts_backbone.layers.3.encoder.0.1.bn1.bias - torch.Size([256]): 
The value is the same before and after calling `init_weights` of FUTR3D  

pts_backbone.layers.3.encoder.0.1.conv2.weight - torch.Size([256, 256, 3, 3]): 
The value is the same before and after calling `init_weights` of FUTR3D  

pts_backbone.layers.3.encoder.0.1.bn2.weight - torch.Size([256]): 
The value is the same before and after calling `init_weights` of FUTR3D  

pts_backbone.layers.3.encoder.0.1.bn2.bias - torch.Size([256]): 
The value is the same before and after calling `init_weights` of FUTR3D  

pts_backbone.layers.3.encoder.1.0.conv1.weight - torch.Size([256, 256, 3, 3]): 
The value is the same before and after calling `init_weights` of FUTR3D  

pts_backbone.layers.3.encoder.1.0.bn1.weight - torch.Size([256]): 
The value is the same before and after calling `init_weights` of FUTR3D  

pts_backbone.layers.3.encoder.1.0.bn1.bias - torch.Size([256]): 
The value is the same before and after calling `init_weights` of FUTR3D  

pts_backbone.layers.3.encoder.1.0.conv2.weight - torch.Size([256, 256, 3, 3]): 
The value is the same before and after calling `init_weights` of FUTR3D  

pts_backbone.layers.3.encoder.1.0.bn2.weight - torch.Size([256]): 
The value is the same before and after calling `init_weights` of FUTR3D  

pts_backbone.layers.3.encoder.1.0.bn2.bias - torch.Size([256]): 
The value is the same before and after calling `init_weights` of FUTR3D  

pts_backbone.layers.3.encoder.1.0.downsample_layer.0.weight - torch.Size([256, 256, 1, 1]): 
The value is the same before and after calling `init_weights` of FUTR3D  

pts_backbone.layers.3.encoder.1.0.downsample_layer.1.weight - torch.Size([256]): 
The value is the same before and after calling `init_weights` of FUTR3D  

pts_backbone.layers.3.encoder.1.0.downsample_layer.1.bias - torch.Size([256]): 
The value is the same before and after calling `init_weights` of FUTR3D  

pts_backbone.layers.3.encoder.1.1.conv1.weight - torch.Size([256, 256, 3, 3]): 
The value is the same before and after calling `init_weights` of FUTR3D  

pts_backbone.layers.3.encoder.1.1.bn1.weight - torch.Size([256]): 
The value is the same before and after calling `init_weights` of FUTR3D  

pts_backbone.layers.3.encoder.1.1.bn1.bias - torch.Size([256]): 
The value is the same before and after calling `init_weights` of FUTR3D  

pts_backbone.layers.3.encoder.1.1.conv2.weight - torch.Size([256, 256, 3, 3]): 
The value is the same before and after calling `init_weights` of FUTR3D  

pts_backbone.layers.3.encoder.1.1.bn2.weight - torch.Size([256]): 
The value is the same before and after calling `init_weights` of FUTR3D  

pts_backbone.layers.3.encoder.1.1.bn2.bias - torch.Size([256]): 
The value is the same before and after calling `init_weights` of FUTR3D  

pts_backbone.layers.3.encoder.2.0.conv1.weight - torch.Size([256, 256, 3, 3]): 
The value is the same before and after calling `init_weights` of FUTR3D  

pts_backbone.layers.3.encoder.2.0.bn1.weight - torch.Size([256]): 
The value is the same before and after calling `init_weights` of FUTR3D  

pts_backbone.layers.3.encoder.2.0.bn1.bias - torch.Size([256]): 
The value is the same before and after calling `init_weights` of FUTR3D  

pts_backbone.layers.3.encoder.2.0.conv2.weight - torch.Size([256, 256, 3, 3]): 
The value is the same before and after calling `init_weights` of FUTR3D  

pts_backbone.layers.3.encoder.2.0.bn2.weight - torch.Size([256]): 
The value is the same before and after calling `init_weights` of FUTR3D  

pts_backbone.layers.3.encoder.2.0.bn2.bias - torch.Size([256]): 
The value is the same before and after calling `init_weights` of FUTR3D  

pts_backbone.layers.3.encoder.2.0.downsample_layer.0.weight - torch.Size([256, 256, 1, 1]): 
The value is the same before and after calling `init_weights` of FUTR3D  

pts_backbone.layers.3.encoder.2.0.downsample_layer.1.weight - torch.Size([256]): 
The value is the same before and after calling `init_weights` of FUTR3D  

pts_backbone.layers.3.encoder.2.0.downsample_layer.1.bias - torch.Size([256]): 
The value is the same before and after calling `init_weights` of FUTR3D  

pts_backbone.layers.3.encoder.2.1.conv1.weight - torch.Size([256, 256, 3, 3]): 
The value is the same before and after calling `init_weights` of FUTR3D  

pts_backbone.layers.3.encoder.2.1.bn1.weight - torch.Size([256]): 
The value is the same before and after calling `init_weights` of FUTR3D  

pts_backbone.layers.3.encoder.2.1.bn1.bias - torch.Size([256]): 
The value is the same before and after calling `init_weights` of FUTR3D  

pts_backbone.layers.3.encoder.2.1.conv2.weight - torch.Size([256, 256, 3, 3]): 
The value is the same before and after calling `init_weights` of FUTR3D  

pts_backbone.layers.3.encoder.2.1.bn2.weight - torch.Size([256]): 
The value is the same before and after calling `init_weights` of FUTR3D  

pts_backbone.layers.3.encoder.2.1.bn2.bias - torch.Size([256]): 
The value is the same before and after calling `init_weights` of FUTR3D  

pts_backbone.layers.3.decoder.0.0.weight - torch.Size([256, 256, 2, 2]): 
The value is the same before and after calling `init_weights` of FUTR3D  

pts_backbone.layers.3.decoder.0.1.weight - torch.Size([256]): 
The value is the same before and after calling `init_weights` of FUTR3D  

pts_backbone.layers.3.decoder.0.1.bias - torch.Size([256]): 
The value is the same before and after calling `init_weights` of FUTR3D  

pts_backbone.layers.3.decoder.1.0.weight - torch.Size([256, 256, 2, 2]): 
The value is the same before and after calling `init_weights` of FUTR3D  

pts_backbone.layers.3.decoder.1.1.weight - torch.Size([256]): 
The value is the same before and after calling `init_weights` of FUTR3D  

pts_backbone.layers.3.decoder.1.1.bias - torch.Size([256]): 
The value is the same before and after calling `init_weights` of FUTR3D  

pts_backbone.layers.3.decoder_norm.0.weight - torch.Size([256]): 
The value is the same before and after calling `init_weights` of FUTR3D  

pts_backbone.layers.3.decoder_norm.0.bias - torch.Size([256]): 
The value is the same before and after calling `init_weights` of FUTR3D  

pts_backbone.layers.3.decoder_norm.1.weight - torch.Size([256]): 
The value is the same before and after calling `init_weights` of FUTR3D  

pts_backbone.layers.3.decoder_norm.1.bias - torch.Size([256]): 
The value is the same before and after calling `init_weights` of FUTR3D  

pts_neck.lateral_convs.0.conv.weight - torch.Size([256, 256, 1, 1]): 
XavierInit: gain=1, distribution=uniform, bias=0 

pts_neck.lateral_convs.0.bn.weight - torch.Size([256]): 
The value is the same before and after calling `init_weights` of FUTR3D  

pts_neck.lateral_convs.0.bn.bias - torch.Size([256]): 
The value is the same before and after calling `init_weights` of FUTR3D  

pts_neck.fpn_convs.0.conv.weight - torch.Size([256, 256, 3, 3]): 
XavierInit: gain=1, distribution=uniform, bias=0 

pts_neck.fpn_convs.0.bn.weight - torch.Size([256]): 
The value is the same before and after calling `init_weights` of FUTR3D  

pts_neck.fpn_convs.0.bn.bias - torch.Size([256]): 
The value is the same before and after calling `init_weights` of FUTR3D  

pts_neck.fpn_convs.1.conv.weight - torch.Size([256, 256, 3, 3]): 
XavierInit: gain=1, distribution=uniform, bias=0 

pts_neck.fpn_convs.1.bn.weight - torch.Size([256]): 
The value is the same before and after calling `init_weights` of FUTR3D  

pts_neck.fpn_convs.1.bn.bias - torch.Size([256]): 
The value is the same before and after calling `init_weights` of FUTR3D  

pts_neck.fpn_convs.2.conv.weight - torch.Size([256, 256, 3, 3]): 
XavierInit: gain=1, distribution=uniform, bias=0 

pts_neck.fpn_convs.2.bn.weight - torch.Size([256]): 
The value is the same before and after calling `init_weights` of FUTR3D  

pts_neck.fpn_convs.2.bn.bias - torch.Size([256]): 
The value is the same before and after calling `init_weights` of FUTR3D  

pts_neck.fpn_convs.3.conv.weight - torch.Size([256, 256, 3, 3]): 
XavierInit: gain=1, distribution=uniform, bias=0 

pts_neck.fpn_convs.3.bn.weight - torch.Size([256]): 
The value is the same before and after calling `init_weights` of FUTR3D  

pts_neck.fpn_convs.3.bn.bias - torch.Size([256]): 
The value is the same before and after calling `init_weights` of FUTR3D  

pts_bbox_head.transformer.level_embeds - torch.Size([4, 256]): 
Initialized by user-defined `init_weights` in FUTR3DHead  

pts_bbox_head.transformer.decoder.layers.0.attentions.0.0.attn.in_proj_weight - torch.Size([768, 256]): 
Initialized by user-defined `init_weights` in FUTR3DHead  

pts_bbox_head.transformer.decoder.layers.0.attentions.0.0.attn.in_proj_bias - torch.Size([768]): 
The value is the same before and after calling `init_weights` of FUTR3D  

pts_bbox_head.transformer.decoder.layers.0.attentions.0.0.attn.out_proj.weight - torch.Size([256, 256]): 
Initialized by user-defined `init_weights` in FUTR3DHead  

pts_bbox_head.transformer.decoder.layers.0.attentions.0.0.attn.out_proj.bias - torch.Size([256]): 
The value is the same before and after calling `init_weights` of FUTR3D  

pts_bbox_head.transformer.decoder.layers.0.attentions.0.1.weight - torch.Size([256]): 
The value is the same before and after calling `init_weights` of FUTR3D  

pts_bbox_head.transformer.decoder.layers.0.attentions.0.2.layers.0.norm_before.weight - torch.Size([256]): 
The value is the same before and after calling `init_weights` of FUTR3D  

pts_bbox_head.transformer.decoder.layers.0.attentions.0.2.layers.0.mamba.A_log_f - torch.Size([512, 64]): 
Initialized by user-defined `init_weights` in FUTR3DHead  

pts_bbox_head.transformer.decoder.layers.0.attentions.0.2.layers.0.mamba.A_log_b - torch.Size([512, 64]): 
Initialized by user-defined `init_weights` in FUTR3DHead  

pts_bbox_head.transformer.decoder.layers.0.attentions.0.2.layers.0.mamba.D_f - torch.Size([512]): 
The value is the same before and after calling `init_weights` of FUTR3D  

pts_bbox_head.transformer.decoder.layers.0.attentions.0.2.layers.0.mamba.D_b - torch.Size([512]): 
The value is the same before and after calling `init_weights` of FUTR3D  

pts_bbox_head.transformer.decoder.layers.0.attentions.0.2.layers.0.mamba.A_log_f_xy - torch.Size([512, 64]): 
Initialized by user-defined `init_weights` in FUTR3DHead  

pts_bbox_head.transformer.decoder.layers.0.attentions.0.2.layers.0.mamba.A_log_b_xy - torch.Size([512, 64]): 
Initialized by user-defined `init_weights` in FUTR3DHead  

pts_bbox_head.transformer.decoder.layers.0.attentions.0.2.layers.0.mamba.D_f_xy - torch.Size([512]): 
The value is the same before and after calling `init_weights` of FUTR3D  

pts_bbox_head.transformer.decoder.layers.0.attentions.0.2.layers.0.mamba.D_b_xy - torch.Size([512]): 
The value is the same before and after calling `init_weights` of FUTR3D  

pts_bbox_head.transformer.decoder.layers.0.attentions.0.2.layers.0.mamba.in_proj.weight - torch.Size([2048, 256]): 
Initialized by user-defined `init_weights` in FUTR3DHead  

pts_bbox_head.transformer.decoder.layers.0.attentions.0.2.layers.0.mamba.in_proj_xy.weight - torch.Size([2048, 256]): 
Initialized by user-defined `init_weights` in FUTR3DHead  

pts_bbox_head.transformer.decoder.layers.0.attentions.0.2.layers.0.mamba.x_proj_f.weight - torch.Size([144, 512]): 
Initialized by user-defined `init_weights` in FUTR3DHead  

pts_bbox_head.transformer.decoder.layers.0.attentions.0.2.layers.0.mamba.x_proj_b.weight - torch.Size([144, 512]): 
Initialized by user-defined `init_weights` in FUTR3DHead  

pts_bbox_head.transformer.decoder.layers.0.attentions.0.2.layers.0.mamba.dt_proj_f.weight - torch.Size([512, 16]): 
Initialized by user-defined `init_weights` in FUTR3DHead  

pts_bbox_head.transformer.decoder.layers.0.attentions.0.2.layers.0.mamba.dt_proj_f.bias - torch.Size([512]): 
The value is the same before and after calling `init_weights` of FUTR3D  

pts_bbox_head.transformer.decoder.layers.0.attentions.0.2.layers.0.mamba.dt_proj_b.weight - torch.Size([512, 16]): 
Initialized by user-defined `init_weights` in FUTR3DHead  

pts_bbox_head.transformer.decoder.layers.0.attentions.0.2.layers.0.mamba.dt_proj_b.bias - torch.Size([512]): 
The value is the same before and after calling `init_weights` of FUTR3D  

pts_bbox_head.transformer.decoder.layers.0.attentions.0.2.layers.0.mamba.x_proj_f_xy.weight - torch.Size([144, 512]): 
Initialized by user-defined `init_weights` in FUTR3DHead  

pts_bbox_head.transformer.decoder.layers.0.attentions.0.2.layers.0.mamba.x_proj_b_xy.weight - torch.Size([144, 512]): 
Initialized by user-defined `init_weights` in FUTR3DHead  

pts_bbox_head.transformer.decoder.layers.0.attentions.0.2.layers.0.mamba.dt_proj_f_xy.weight - torch.Size([512, 16]): 
Initialized by user-defined `init_weights` in FUTR3DHead  

pts_bbox_head.transformer.decoder.layers.0.attentions.0.2.layers.0.mamba.dt_proj_f_xy.bias - torch.Size([512]): 
The value is the same before and after calling `init_weights` of FUTR3D  

pts_bbox_head.transformer.decoder.layers.0.attentions.0.2.layers.0.mamba.dt_proj_b_xy.weight - torch.Size([512, 16]): 
Initialized by user-defined `init_weights` in FUTR3DHead  

pts_bbox_head.transformer.decoder.layers.0.attentions.0.2.layers.0.mamba.dt_proj_b_xy.bias - torch.Size([512]): 
The value is the same before and after calling `init_weights` of FUTR3D  

pts_bbox_head.transformer.decoder.layers.0.attentions.0.2.layers.0.mamba.conv1d_x_f.weight - torch.Size([512, 1, 4]): 
Initialized by user-defined `init_weights` in FUTR3DHead  

pts_bbox_head.transformer.decoder.layers.0.attentions.0.2.layers.0.mamba.conv1d_x_f.bias - torch.Size([512]): 
The value is the same before and after calling `init_weights` of FUTR3D  

pts_bbox_head.transformer.decoder.layers.0.attentions.0.2.layers.0.mamba.conv1d_z_f.weight - torch.Size([512, 1, 4]): 
Initialized by user-defined `init_weights` in FUTR3DHead  

pts_bbox_head.transformer.decoder.layers.0.attentions.0.2.layers.0.mamba.conv1d_z_f.bias - torch.Size([512]): 
The value is the same before and after calling `init_weights` of FUTR3D  

pts_bbox_head.transformer.decoder.layers.0.attentions.0.2.layers.0.mamba.conv1d_x_b.weight - torch.Size([512, 1, 4]): 
Initialized by user-defined `init_weights` in FUTR3DHead  

pts_bbox_head.transformer.decoder.layers.0.attentions.0.2.layers.0.mamba.conv1d_x_b.bias - torch.Size([512]): 
The value is the same before and after calling `init_weights` of FUTR3D  

pts_bbox_head.transformer.decoder.layers.0.attentions.0.2.layers.0.mamba.conv1d_z_b.weight - torch.Size([512, 1, 4]): 
Initialized by user-defined `init_weights` in FUTR3DHead  

pts_bbox_head.transformer.decoder.layers.0.attentions.0.2.layers.0.mamba.conv1d_z_b.bias - torch.Size([512]): 
The value is the same before and after calling `init_weights` of FUTR3D  

pts_bbox_head.transformer.decoder.layers.0.attentions.0.2.layers.0.mamba.conv1d_x_xy_f.weight - torch.Size([512, 1, 4]): 
Initialized by user-defined `init_weights` in FUTR3DHead  

pts_bbox_head.transformer.decoder.layers.0.attentions.0.2.layers.0.mamba.conv1d_x_xy_f.bias - torch.Size([512]): 
The value is the same before and after calling `init_weights` of FUTR3D  

pts_bbox_head.transformer.decoder.layers.0.attentions.0.2.layers.0.mamba.conv1d_z_xy_f.weight - torch.Size([512, 1, 4]): 
Initialized by user-defined `init_weights` in FUTR3DHead  

pts_bbox_head.transformer.decoder.layers.0.attentions.0.2.layers.0.mamba.conv1d_z_xy_f.bias - torch.Size([512]): 
The value is the same before and after calling `init_weights` of FUTR3D  

pts_bbox_head.transformer.decoder.layers.0.attentions.0.2.layers.0.mamba.conv1d_x_xy_b.weight - torch.Size([512, 1, 4]): 
Initialized by user-defined `init_weights` in FUTR3DHead  

pts_bbox_head.transformer.decoder.layers.0.attentions.0.2.layers.0.mamba.conv1d_x_xy_b.bias - torch.Size([512]): 
The value is the same before and after calling `init_weights` of FUTR3D  

pts_bbox_head.transformer.decoder.layers.0.attentions.0.2.layers.0.mamba.conv1d_z_xy_b.weight - torch.Size([512, 1, 4]): 
Initialized by user-defined `init_weights` in FUTR3DHead  

pts_bbox_head.transformer.decoder.layers.0.attentions.0.2.layers.0.mamba.conv1d_z_xy_b.bias - torch.Size([512]): 
The value is the same before and after calling `init_weights` of FUTR3D  

pts_bbox_head.transformer.decoder.layers.0.attentions.0.2.layers.0.mamba.out_proj.weight - torch.Size([256, 2048]): 
Initialized by user-defined `init_weights` in FUTR3DHead  

pts_bbox_head.transformer.decoder.layers.0.attentions.0.2.layers.0.mamba.global_proj.weight - torch.Size([2048, 2048]): 
Initialized by user-defined `init_weights` in FUTR3DHead  

pts_bbox_head.transformer.decoder.layers.0.attentions.0.2.layers.0.mamba.global_proj.bias - torch.Size([2048]): 
The value is the same before and after calling `init_weights` of FUTR3D  

pts_bbox_head.transformer.decoder.layers.0.attentions.0.2.layers.0.norm.weight - torch.Size([256]): 
The value is the same before and after calling `init_weights` of FUTR3D  

pts_bbox_head.transformer.decoder.layers.0.attentions.0.2.layers.0.mlp.gate_proj.weight - torch.Size([1024, 256]): 
Initialized by user-defined `init_weights` in FUTR3DHead  

pts_bbox_head.transformer.decoder.layers.0.attentions.0.2.layers.0.mlp.up_proj.weight - torch.Size([1024, 256]): 
Initialized by user-defined `init_weights` in FUTR3DHead  

pts_bbox_head.transformer.decoder.layers.0.attentions.0.2.layers.0.mlp.down_proj.weight - torch.Size([256, 1024]): 
Initialized by user-defined `init_weights` in FUTR3DHead  

pts_bbox_head.transformer.decoder.layers.0.attentions.0.2.layers.0.mlp_norm.weight - torch.Size([256]): 
The value is the same before and after calling `init_weights` of FUTR3D  

pts_bbox_head.transformer.decoder.layers.0.attentions.0.2.layers.1.norm_before.weight - torch.Size([256]): 
The value is the same before and after calling `init_weights` of FUTR3D  

pts_bbox_head.transformer.decoder.layers.0.attentions.0.2.layers.1.mamba.A_log_f - torch.Size([512, 64]): 
Initialized by user-defined `init_weights` in FUTR3DHead  

pts_bbox_head.transformer.decoder.layers.0.attentions.0.2.layers.1.mamba.A_log_b - torch.Size([512, 64]): 
Initialized by user-defined `init_weights` in FUTR3DHead  

pts_bbox_head.transformer.decoder.layers.0.attentions.0.2.layers.1.mamba.D_f - torch.Size([512]): 
The value is the same before and after calling `init_weights` of FUTR3D  

pts_bbox_head.transformer.decoder.layers.0.attentions.0.2.layers.1.mamba.D_b - torch.Size([512]): 
The value is the same before and after calling `init_weights` of FUTR3D  

pts_bbox_head.transformer.decoder.layers.0.attentions.0.2.layers.1.mamba.A_log_f_xy - torch.Size([512, 64]): 
Initialized by user-defined `init_weights` in FUTR3DHead  

pts_bbox_head.transformer.decoder.layers.0.attentions.0.2.layers.1.mamba.A_log_b_xy - torch.Size([512, 64]): 
Initialized by user-defined `init_weights` in FUTR3DHead  

pts_bbox_head.transformer.decoder.layers.0.attentions.0.2.layers.1.mamba.D_f_xy - torch.Size([512]): 
The value is the same before and after calling `init_weights` of FUTR3D  

pts_bbox_head.transformer.decoder.layers.0.attentions.0.2.layers.1.mamba.D_b_xy - torch.Size([512]): 
The value is the same before and after calling `init_weights` of FUTR3D  

pts_bbox_head.transformer.decoder.layers.0.attentions.0.2.layers.1.mamba.in_proj.weight - torch.Size([2048, 256]): 
Initialized by user-defined `init_weights` in FUTR3DHead  

pts_bbox_head.transformer.decoder.layers.0.attentions.0.2.layers.1.mamba.in_proj_xy.weight - torch.Size([2048, 256]): 
Initialized by user-defined `init_weights` in FUTR3DHead  

pts_bbox_head.transformer.decoder.layers.0.attentions.0.2.layers.1.mamba.x_proj_f.weight - torch.Size([144, 512]): 
Initialized by user-defined `init_weights` in FUTR3DHead  

pts_bbox_head.transformer.decoder.layers.0.attentions.0.2.layers.1.mamba.x_proj_b.weight - torch.Size([144, 512]): 
Initialized by user-defined `init_weights` in FUTR3DHead  

pts_bbox_head.transformer.decoder.layers.0.attentions.0.2.layers.1.mamba.dt_proj_f.weight - torch.Size([512, 16]): 
Initialized by user-defined `init_weights` in FUTR3DHead  

pts_bbox_head.transformer.decoder.layers.0.attentions.0.2.layers.1.mamba.dt_proj_f.bias - torch.Size([512]): 
The value is the same before and after calling `init_weights` of FUTR3D  

pts_bbox_head.transformer.decoder.layers.0.attentions.0.2.layers.1.mamba.dt_proj_b.weight - torch.Size([512, 16]): 
Initialized by user-defined `init_weights` in FUTR3DHead  

pts_bbox_head.transformer.decoder.layers.0.attentions.0.2.layers.1.mamba.dt_proj_b.bias - torch.Size([512]): 
The value is the same before and after calling `init_weights` of FUTR3D  

pts_bbox_head.transformer.decoder.layers.0.attentions.0.2.layers.1.mamba.x_proj_f_xy.weight - torch.Size([144, 512]): 
Initialized by user-defined `init_weights` in FUTR3DHead  

pts_bbox_head.transformer.decoder.layers.0.attentions.0.2.layers.1.mamba.x_proj_b_xy.weight - torch.Size([144, 512]): 
Initialized by user-defined `init_weights` in FUTR3DHead  

pts_bbox_head.transformer.decoder.layers.0.attentions.0.2.layers.1.mamba.dt_proj_f_xy.weight - torch.Size([512, 16]): 
Initialized by user-defined `init_weights` in FUTR3DHead  

pts_bbox_head.transformer.decoder.layers.0.attentions.0.2.layers.1.mamba.dt_proj_f_xy.bias - torch.Size([512]): 
The value is the same before and after calling `init_weights` of FUTR3D  

pts_bbox_head.transformer.decoder.layers.0.attentions.0.2.layers.1.mamba.dt_proj_b_xy.weight - torch.Size([512, 16]): 
Initialized by user-defined `init_weights` in FUTR3DHead  

pts_bbox_head.transformer.decoder.layers.0.attentions.0.2.layers.1.mamba.dt_proj_b_xy.bias - torch.Size([512]): 
The value is the same before and after calling `init_weights` of FUTR3D  

pts_bbox_head.transformer.decoder.layers.0.attentions.0.2.layers.1.mamba.conv1d_x_f.weight - torch.Size([512, 1, 4]): 
Initialized by user-defined `init_weights` in FUTR3DHead  

pts_bbox_head.transformer.decoder.layers.0.attentions.0.2.layers.1.mamba.conv1d_x_f.bias - torch.Size([512]): 
The value is the same before and after calling `init_weights` of FUTR3D  

pts_bbox_head.transformer.decoder.layers.0.attentions.0.2.layers.1.mamba.conv1d_z_f.weight - torch.Size([512, 1, 4]): 
Initialized by user-defined `init_weights` in FUTR3DHead  

pts_bbox_head.transformer.decoder.layers.0.attentions.0.2.layers.1.mamba.conv1d_z_f.bias - torch.Size([512]): 
The value is the same before and after calling `init_weights` of FUTR3D  

pts_bbox_head.transformer.decoder.layers.0.attentions.0.2.layers.1.mamba.conv1d_x_b.weight - torch.Size([512, 1, 4]): 
Initialized by user-defined `init_weights` in FUTR3DHead  

pts_bbox_head.transformer.decoder.layers.0.attentions.0.2.layers.1.mamba.conv1d_x_b.bias - torch.Size([512]): 
The value is the same before and after calling `init_weights` of FUTR3D  

pts_bbox_head.transformer.decoder.layers.0.attentions.0.2.layers.1.mamba.conv1d_z_b.weight - torch.Size([512, 1, 4]): 
Initialized by user-defined `init_weights` in FUTR3DHead  

pts_bbox_head.transformer.decoder.layers.0.attentions.0.2.layers.1.mamba.conv1d_z_b.bias - torch.Size([512]): 
The value is the same before and after calling `init_weights` of FUTR3D  

pts_bbox_head.transformer.decoder.layers.0.attentions.0.2.layers.1.mamba.conv1d_x_xy_f.weight - torch.Size([512, 1, 4]): 
Initialized by user-defined `init_weights` in FUTR3DHead  

pts_bbox_head.transformer.decoder.layers.0.attentions.0.2.layers.1.mamba.conv1d_x_xy_f.bias - torch.Size([512]): 
The value is the same before and after calling `init_weights` of FUTR3D  

pts_bbox_head.transformer.decoder.layers.0.attentions.0.2.layers.1.mamba.conv1d_z_xy_f.weight - torch.Size([512, 1, 4]): 
Initialized by user-defined `init_weights` in FUTR3DHead  

pts_bbox_head.transformer.decoder.layers.0.attentions.0.2.layers.1.mamba.conv1d_z_xy_f.bias - torch.Size([512]): 
The value is the same before and after calling `init_weights` of FUTR3D  

pts_bbox_head.transformer.decoder.layers.0.attentions.0.2.layers.1.mamba.conv1d_x_xy_b.weight - torch.Size([512, 1, 4]): 
Initialized by user-defined `init_weights` in FUTR3DHead  

pts_bbox_head.transformer.decoder.layers.0.attentions.0.2.layers.1.mamba.conv1d_x_xy_b.bias - torch.Size([512]): 
The value is the same before and after calling `init_weights` of FUTR3D  

pts_bbox_head.transformer.decoder.layers.0.attentions.0.2.layers.1.mamba.conv1d_z_xy_b.weight - torch.Size([512, 1, 4]): 
Initialized by user-defined `init_weights` in FUTR3DHead  

pts_bbox_head.transformer.decoder.layers.0.attentions.0.2.layers.1.mamba.conv1d_z_xy_b.bias - torch.Size([512]): 
The value is the same before and after calling `init_weights` of FUTR3D  

pts_bbox_head.transformer.decoder.layers.0.attentions.0.2.layers.1.mamba.out_proj.weight - torch.Size([256, 2048]): 
Initialized by user-defined `init_weights` in FUTR3DHead  

pts_bbox_head.transformer.decoder.layers.0.attentions.0.2.layers.1.mamba.global_proj.weight - torch.Size([2048, 2048]): 
Initialized by user-defined `init_weights` in FUTR3DHead  

pts_bbox_head.transformer.decoder.layers.0.attentions.0.2.layers.1.mamba.global_proj.bias - torch.Size([2048]): 
The value is the same before and after calling `init_weights` of FUTR3D  

pts_bbox_head.transformer.decoder.layers.0.attentions.0.2.layers.1.norm.weight - torch.Size([256]): 
The value is the same before and after calling `init_weights` of FUTR3D  

pts_bbox_head.transformer.decoder.layers.0.attentions.0.2.layers.1.mlp.gate_proj.weight - torch.Size([1024, 256]): 
Initialized by user-defined `init_weights` in FUTR3DHead  

pts_bbox_head.transformer.decoder.layers.0.attentions.0.2.layers.1.mlp.up_proj.weight - torch.Size([1024, 256]): 
Initialized by user-defined `init_weights` in FUTR3DHead  

pts_bbox_head.transformer.decoder.layers.0.attentions.0.2.layers.1.mlp.down_proj.weight - torch.Size([256, 1024]): 
Initialized by user-defined `init_weights` in FUTR3DHead  

pts_bbox_head.transformer.decoder.layers.0.attentions.1.sampling_offsets.weight - torch.Size([256, 256]): 
Initialized by user-defined `init_weights` in FUTR3DHead  

pts_bbox_head.transformer.decoder.layers.0.attentions.1.sampling_offsets.bias - torch.Size([256]): 
The value is the same before and after calling `init_weights` of FUTR3D  

pts_bbox_head.transformer.decoder.layers.0.attentions.1.attention_weights.weight - torch.Size([128, 256]): 
Initialized by user-defined `init_weights` in FUTR3DHead  

pts_bbox_head.transformer.decoder.layers.0.attentions.1.attention_weights.bias - torch.Size([128]): 
The value is the same before and after calling `init_weights` of FUTR3D  

pts_bbox_head.transformer.decoder.layers.0.attentions.1.value_proj.weight - torch.Size([256, 256]): 
Initialized by user-defined `init_weights` in FUTR3DHead  

pts_bbox_head.transformer.decoder.layers.0.attentions.1.value_proj.bias - torch.Size([256]): 
The value is the same before and after calling `init_weights` of FUTR3D  

pts_bbox_head.transformer.decoder.layers.0.attentions.1.output_proj.weight - torch.Size([256, 256]): 
Initialized by user-defined `init_weights` in FUTR3DHead  

pts_bbox_head.transformer.decoder.layers.0.attentions.1.output_proj.bias - torch.Size([256]): 
The value is the same before and after calling `init_weights` of FUTR3D  

pts_bbox_head.transformer.decoder.layers.0.attentions.1.img_attention_weights.weight - torch.Size([24, 256]): 
Initialized by user-defined `init_weights` in FUTR3DHead  

pts_bbox_head.transformer.decoder.layers.0.attentions.1.img_attention_weights.bias - torch.Size([24]): 
The value is the same before and after calling `init_weights` of FUTR3D  

pts_bbox_head.transformer.decoder.layers.0.attentions.1.img_output_proj.weight - torch.Size([256, 256]): 
Initialized by user-defined `init_weights` in FUTR3DHead  

pts_bbox_head.transformer.decoder.layers.0.attentions.1.img_output_proj.bias - torch.Size([256]): 
The value is the same before and after calling `init_weights` of FUTR3D  

pts_bbox_head.transformer.decoder.layers.0.attentions.1.position_encoder.0.weight - torch.Size([256, 3]): 
Initialized by user-defined `init_weights` in FUTR3DHead  

pts_bbox_head.transformer.decoder.layers.0.attentions.1.position_encoder.0.bias - torch.Size([256]): 
The value is the same before and after calling `init_weights` of FUTR3D  

pts_bbox_head.transformer.decoder.layers.0.attentions.1.position_encoder.1.weight - torch.Size([256]): 
The value is the same before and after calling `init_weights` of FUTR3D  

pts_bbox_head.transformer.decoder.layers.0.attentions.1.position_encoder.1.bias - torch.Size([256]): 
The value is the same before and after calling `init_weights` of FUTR3D  

pts_bbox_head.transformer.decoder.layers.0.attentions.1.position_encoder.3.weight - torch.Size([256, 256]): 
Initialized by user-defined `init_weights` in FUTR3DHead  

pts_bbox_head.transformer.decoder.layers.0.attentions.1.position_encoder.3.bias - torch.Size([256]): 
The value is the same before and after calling `init_weights` of FUTR3D  

pts_bbox_head.transformer.decoder.layers.0.attentions.1.position_encoder.4.weight - torch.Size([256]): 
The value is the same before and after calling `init_weights` of FUTR3D  

pts_bbox_head.transformer.decoder.layers.0.attentions.1.position_encoder.4.bias - torch.Size([256]): 
The value is the same before and after calling `init_weights` of FUTR3D  

pts_bbox_head.transformer.decoder.layers.0.attentions.1.modality_fusion_layer.0.weight - torch.Size([256, 768]): 
Initialized by user-defined `init_weights` in FUTR3DHead  

pts_bbox_head.transformer.decoder.layers.0.attentions.1.modality_fusion_layer.0.bias - torch.Size([256]): 
The value is the same before and after calling `init_weights` of FUTR3D  

pts_bbox_head.transformer.decoder.layers.0.attentions.1.modality_fusion_layer.1.weight - torch.Size([256]): 
The value is the same before and after calling `init_weights` of FUTR3D  

pts_bbox_head.transformer.decoder.layers.0.attentions.1.modality_fusion_layer.1.bias - torch.Size([256]): 
The value is the same before and after calling `init_weights` of FUTR3D  

pts_bbox_head.transformer.decoder.layers.0.attentions.1.modality_fusion_layer.3.weight - torch.Size([256, 256]): 
Initialized by user-defined `init_weights` in FUTR3DHead  

pts_bbox_head.transformer.decoder.layers.0.attentions.1.modality_fusion_layer.3.bias - torch.Size([256]): 
The value is the same before and after calling `init_weights` of FUTR3D  

pts_bbox_head.transformer.decoder.layers.0.attentions.1.modality_fusion_layer.4.weight - torch.Size([256]): 
The value is the same before and after calling `init_weights` of FUTR3D  

pts_bbox_head.transformer.decoder.layers.0.attentions.1.modality_fusion_layer.4.bias - torch.Size([256]): 
The value is the same before and after calling `init_weights` of FUTR3D  

pts_bbox_head.transformer.decoder.layers.0.attentions.1.camera_mixer.lidar_camera_fuse_layer.0.0.weight - torch.Size([256, 512]): 
Initialized by user-defined `init_weights` in FUTR3DHead  

pts_bbox_head.transformer.decoder.layers.0.attentions.1.camera_mixer.lidar_camera_fuse_layer.0.0.bias - torch.Size([256]): 
The value is the same before and after calling `init_weights` of FUTR3D  

pts_bbox_head.transformer.decoder.layers.0.attentions.1.camera_mixer.lidar_camera_fuse_layer.0.2.weight - torch.Size([1024, 256]): 
Initialized by user-defined `init_weights` in FUTR3DHead  

pts_bbox_head.transformer.decoder.layers.0.attentions.1.camera_mixer.lidar_camera_fuse_layer.0.2.bias - torch.Size([1024]): 
The value is the same before and after calling `init_weights` of FUTR3D  

pts_bbox_head.transformer.decoder.layers.0.attentions.1.camera_mixer.lidar_camera_fuse_layer.0.4.weight - torch.Size([256, 1024]): 
Initialized by user-defined `init_weights` in FUTR3DHead  

pts_bbox_head.transformer.decoder.layers.0.attentions.1.camera_mixer.lidar_camera_fuse_layer.0.4.bias - torch.Size([256]): 
The value is the same before and after calling `init_weights` of FUTR3D  

pts_bbox_head.transformer.decoder.layers.0.attentions.1.camera_mixer.lidar_camera_fuse_layer.1.0.weight - torch.Size([256, 512]): 
Initialized by user-defined `init_weights` in FUTR3DHead  

pts_bbox_head.transformer.decoder.layers.0.attentions.1.camera_mixer.lidar_camera_fuse_layer.1.0.bias - torch.Size([256]): 
The value is the same before and after calling `init_weights` of FUTR3D  

pts_bbox_head.transformer.decoder.layers.0.attentions.1.camera_mixer.lidar_camera_fuse_layer.1.2.weight - torch.Size([1024, 256]): 
Initialized by user-defined `init_weights` in FUTR3DHead  

pts_bbox_head.transformer.decoder.layers.0.attentions.1.camera_mixer.lidar_camera_fuse_layer.1.2.bias - torch.Size([1024]): 
The value is the same before and after calling `init_weights` of FUTR3D  

pts_bbox_head.transformer.decoder.layers.0.attentions.1.camera_mixer.lidar_camera_fuse_layer.1.4.weight - torch.Size([256, 1024]): 
Initialized by user-defined `init_weights` in FUTR3DHead  

pts_bbox_head.transformer.decoder.layers.0.attentions.1.camera_mixer.lidar_camera_fuse_layer.1.4.bias - torch.Size([256]): 
The value is the same before and after calling `init_weights` of FUTR3D  

pts_bbox_head.transformer.decoder.layers.0.attentions.1.camera_mixer.lidar_guide_camera_fusion.0.A_log_h2t - torch.Size([512, 32]): 
Initialized by user-defined `init_weights` in FUTR3DHead  

pts_bbox_head.transformer.decoder.layers.0.attentions.1.camera_mixer.lidar_guide_camera_fusion.0.D_h2t - torch.Size([512]): 
The value is the same before and after calling `init_weights` of FUTR3D  

pts_bbox_head.transformer.decoder.layers.0.attentions.1.camera_mixer.lidar_guide_camera_fusion.0.A_log_t2h - torch.Size([512, 32]): 
Initialized by user-defined `init_weights` in FUTR3DHead  

pts_bbox_head.transformer.decoder.layers.0.attentions.1.camera_mixer.lidar_guide_camera_fusion.0.D_t2h - torch.Size([512]): 
The value is the same before and after calling `init_weights` of FUTR3D  

pts_bbox_head.transformer.decoder.layers.0.attentions.1.camera_mixer.lidar_guide_camera_fusion.0.in_proj.weight - torch.Size([1024, 256]): 
Initialized by user-defined `init_weights` in FUTR3DHead  

pts_bbox_head.transformer.decoder.layers.0.attentions.1.camera_mixer.lidar_guide_camera_fusion.0.lidar_guidance_layer.model.0.weight - torch.Size([512, 256]): 
Initialized by user-defined `init_weights` in FUTR3DHead  

pts_bbox_head.transformer.decoder.layers.0.attentions.1.camera_mixer.lidar_guide_camera_fusion.0.lidar_guidance_layer.model.0.bias - torch.Size([512]): 
The value is the same before and after calling `init_weights` of FUTR3D  

pts_bbox_head.transformer.decoder.layers.0.attentions.1.camera_mixer.lidar_guide_camera_fusion.0.lidar_guidance_layer.model.2.weight - torch.Size([512, 512]): 
Initialized by user-defined `init_weights` in FUTR3DHead  

pts_bbox_head.transformer.decoder.layers.0.attentions.1.camera_mixer.lidar_guide_camera_fusion.0.lidar_guidance_layer.model.2.bias - torch.Size([512]): 
The value is the same before and after calling `init_weights` of FUTR3D  

pts_bbox_head.transformer.decoder.layers.0.attentions.1.camera_mixer.lidar_guide_camera_fusion.0.lidar_guidance_layer.model.4.weight - torch.Size([512, 512]): 
Initialized by user-defined `init_weights` in FUTR3DHead  

pts_bbox_head.transformer.decoder.layers.0.attentions.1.camera_mixer.lidar_guide_camera_fusion.0.lidar_guidance_layer.model.4.bias - torch.Size([512]): 
The value is the same before and after calling `init_weights` of FUTR3D  

pts_bbox_head.transformer.decoder.layers.0.attentions.1.camera_mixer.lidar_guide_camera_fusion.0.lidar_modulation_layer.0.weight - torch.Size([512, 512]): 
Initialized by user-defined `init_weights` in FUTR3DHead  

pts_bbox_head.transformer.decoder.layers.0.attentions.1.camera_mixer.lidar_guide_camera_fusion.0.lidar_modulation_layer.0.bias - torch.Size([512]): 
The value is the same before and after calling `init_weights` of FUTR3D  

pts_bbox_head.transformer.decoder.layers.0.attentions.1.camera_mixer.lidar_guide_camera_fusion.0.x_proj_h2t.weight - torch.Size([80, 512]): 
Initialized by user-defined `init_weights` in FUTR3DHead  

pts_bbox_head.transformer.decoder.layers.0.attentions.1.camera_mixer.lidar_guide_camera_fusion.0.dt_proj_h2t.weight - torch.Size([512, 16]): 
Initialized by user-defined `init_weights` in FUTR3DHead  

pts_bbox_head.transformer.decoder.layers.0.attentions.1.camera_mixer.lidar_guide_camera_fusion.0.dt_proj_h2t.bias - torch.Size([512]): 
The value is the same before and after calling `init_weights` of FUTR3D  

pts_bbox_head.transformer.decoder.layers.0.attentions.1.camera_mixer.lidar_guide_camera_fusion.0.x_proj_t2h.weight - torch.Size([80, 512]): 
Initialized by user-defined `init_weights` in FUTR3DHead  

pts_bbox_head.transformer.decoder.layers.0.attentions.1.camera_mixer.lidar_guide_camera_fusion.0.dt_proj_t2h.weight - torch.Size([512, 16]): 
Initialized by user-defined `init_weights` in FUTR3DHead  

pts_bbox_head.transformer.decoder.layers.0.attentions.1.camera_mixer.lidar_guide_camera_fusion.0.dt_proj_t2h.bias - torch.Size([512]): 
The value is the same before and after calling `init_weights` of FUTR3D  

pts_bbox_head.transformer.decoder.layers.0.attentions.1.camera_mixer.lidar_guide_camera_fusion.0.out_proj.weight - torch.Size([256, 512]): 
Initialized by user-defined `init_weights` in FUTR3DHead  

pts_bbox_head.transformer.decoder.layers.0.attentions.1.camera_mixer.lidar_guide_camera_fusion.1.A_log_h2t - torch.Size([512, 32]): 
Initialized by user-defined `init_weights` in FUTR3DHead  

pts_bbox_head.transformer.decoder.layers.0.attentions.1.camera_mixer.lidar_guide_camera_fusion.1.D_h2t - torch.Size([512]): 
The value is the same before and after calling `init_weights` of FUTR3D  

pts_bbox_head.transformer.decoder.layers.0.attentions.1.camera_mixer.lidar_guide_camera_fusion.1.A_log_t2h - torch.Size([512, 32]): 
Initialized by user-defined `init_weights` in FUTR3DHead  

pts_bbox_head.transformer.decoder.layers.0.attentions.1.camera_mixer.lidar_guide_camera_fusion.1.D_t2h - torch.Size([512]): 
The value is the same before and after calling `init_weights` of FUTR3D  

pts_bbox_head.transformer.decoder.layers.0.attentions.1.camera_mixer.lidar_guide_camera_fusion.1.in_proj.weight - torch.Size([1024, 256]): 
Initialized by user-defined `init_weights` in FUTR3DHead  

pts_bbox_head.transformer.decoder.layers.0.attentions.1.camera_mixer.lidar_guide_camera_fusion.1.lidar_guidance_layer.model.0.weight - torch.Size([512, 256]): 
Initialized by user-defined `init_weights` in FUTR3DHead  

pts_bbox_head.transformer.decoder.layers.0.attentions.1.camera_mixer.lidar_guide_camera_fusion.1.lidar_guidance_layer.model.0.bias - torch.Size([512]): 
The value is the same before and after calling `init_weights` of FUTR3D  

pts_bbox_head.transformer.decoder.layers.0.attentions.1.camera_mixer.lidar_guide_camera_fusion.1.lidar_guidance_layer.model.2.weight - torch.Size([512, 512]): 
Initialized by user-defined `init_weights` in FUTR3DHead  

pts_bbox_head.transformer.decoder.layers.0.attentions.1.camera_mixer.lidar_guide_camera_fusion.1.lidar_guidance_layer.model.2.bias - torch.Size([512]): 
The value is the same before and after calling `init_weights` of FUTR3D  

pts_bbox_head.transformer.decoder.layers.0.attentions.1.camera_mixer.lidar_guide_camera_fusion.1.lidar_guidance_layer.model.4.weight - torch.Size([512, 512]): 
Initialized by user-defined `init_weights` in FUTR3DHead  

pts_bbox_head.transformer.decoder.layers.0.attentions.1.camera_mixer.lidar_guide_camera_fusion.1.lidar_guidance_layer.model.4.bias - torch.Size([512]): 
The value is the same before and after calling `init_weights` of FUTR3D  

pts_bbox_head.transformer.decoder.layers.0.attentions.1.camera_mixer.lidar_guide_camera_fusion.1.lidar_modulation_layer.0.weight - torch.Size([512, 512]): 
Initialized by user-defined `init_weights` in FUTR3DHead  

pts_bbox_head.transformer.decoder.layers.0.attentions.1.camera_mixer.lidar_guide_camera_fusion.1.lidar_modulation_layer.0.bias - torch.Size([512]): 
The value is the same before and after calling `init_weights` of FUTR3D  

pts_bbox_head.transformer.decoder.layers.0.attentions.1.camera_mixer.lidar_guide_camera_fusion.1.x_proj_h2t.weight - torch.Size([80, 512]): 
Initialized by user-defined `init_weights` in FUTR3DHead  

pts_bbox_head.transformer.decoder.layers.0.attentions.1.camera_mixer.lidar_guide_camera_fusion.1.dt_proj_h2t.weight - torch.Size([512, 16]): 
Initialized by user-defined `init_weights` in FUTR3DHead  

pts_bbox_head.transformer.decoder.layers.0.attentions.1.camera_mixer.lidar_guide_camera_fusion.1.dt_proj_h2t.bias - torch.Size([512]): 
The value is the same before and after calling `init_weights` of FUTR3D  

pts_bbox_head.transformer.decoder.layers.0.attentions.1.camera_mixer.lidar_guide_camera_fusion.1.x_proj_t2h.weight - torch.Size([80, 512]): 
Initialized by user-defined `init_weights` in FUTR3DHead  

pts_bbox_head.transformer.decoder.layers.0.attentions.1.camera_mixer.lidar_guide_camera_fusion.1.dt_proj_t2h.weight - torch.Size([512, 16]): 
Initialized by user-defined `init_weights` in FUTR3DHead  

pts_bbox_head.transformer.decoder.layers.0.attentions.1.camera_mixer.lidar_guide_camera_fusion.1.dt_proj_t2h.bias - torch.Size([512]): 
The value is the same before and after calling `init_weights` of FUTR3D  

pts_bbox_head.transformer.decoder.layers.0.attentions.1.camera_mixer.lidar_guide_camera_fusion.1.out_proj.weight - torch.Size([256, 512]): 
Initialized by user-defined `init_weights` in FUTR3DHead  

pts_bbox_head.transformer.decoder.layers.0.attentions.1.camera_mixer.norm_fusion_fuse.0.weight - torch.Size([256]): 
The value is the same before and after calling `init_weights` of FUTR3D  

pts_bbox_head.transformer.decoder.layers.0.attentions.1.camera_mixer.norm_fusion_fuse.0.bias - torch.Size([256]): 
The value is the same before and after calling `init_weights` of FUTR3D  

pts_bbox_head.transformer.decoder.layers.0.attentions.1.camera_mixer.norm_fusion_fuse.1.weight - torch.Size([256]): 
The value is the same before and after calling `init_weights` of FUTR3D  

pts_bbox_head.transformer.decoder.layers.0.attentions.1.camera_mixer.norm_fusion_fuse.1.bias - torch.Size([256]): 
The value is the same before and after calling `init_weights` of FUTR3D  

pts_bbox_head.transformer.decoder.layers.0.attentions.1.camera_mixer.norm_fusion_camera.0.weight - torch.Size([256]): 
The value is the same before and after calling `init_weights` of FUTR3D  

pts_bbox_head.transformer.decoder.layers.0.attentions.1.camera_mixer.norm_fusion_camera.0.bias - torch.Size([256]): 
The value is the same before and after calling `init_weights` of FUTR3D  

pts_bbox_head.transformer.decoder.layers.0.attentions.1.camera_mixer.norm_fusion_camera.1.weight - torch.Size([256]): 
The value is the same before and after calling `init_weights` of FUTR3D  

pts_bbox_head.transformer.decoder.layers.0.attentions.1.camera_mixer.norm_fusion_camera.1.bias - torch.Size([256]): 
The value is the same before and after calling `init_weights` of FUTR3D  

pts_bbox_head.transformer.decoder.layers.0.attentions.1.camera_mixer.camera_ffn.0.ffn.0.weight - torch.Size([1024, 256]): 
Initialized by user-defined `init_weights` in FUTR3DHead  

pts_bbox_head.transformer.decoder.layers.0.attentions.1.camera_mixer.camera_ffn.0.ffn.0.bias - torch.Size([1024]): 
The value is the same before and after calling `init_weights` of FUTR3D  

pts_bbox_head.transformer.decoder.layers.0.attentions.1.camera_mixer.camera_ffn.0.ffn.3.weight - torch.Size([256, 1024]): 
Initialized by user-defined `init_weights` in FUTR3DHead  

pts_bbox_head.transformer.decoder.layers.0.attentions.1.camera_mixer.camera_ffn.0.ffn.3.bias - torch.Size([256]): 
The value is the same before and after calling `init_weights` of FUTR3D  

pts_bbox_head.transformer.decoder.layers.0.attentions.1.camera_mixer.camera_ffn.1.ffn.0.weight - torch.Size([1024, 256]): 
Initialized by user-defined `init_weights` in FUTR3DHead  

pts_bbox_head.transformer.decoder.layers.0.attentions.1.camera_mixer.camera_ffn.1.ffn.0.bias - torch.Size([1024]): 
The value is the same before and after calling `init_weights` of FUTR3D  

pts_bbox_head.transformer.decoder.layers.0.attentions.1.camera_mixer.camera_ffn.1.ffn.3.weight - torch.Size([256, 1024]): 
Initialized by user-defined `init_weights` in FUTR3DHead  

pts_bbox_head.transformer.decoder.layers.0.attentions.1.camera_mixer.camera_ffn.1.ffn.3.bias - torch.Size([256]): 
The value is the same before and after calling `init_weights` of FUTR3D  

pts_bbox_head.transformer.decoder.layers.0.attentions.1.camera_mixer.camera_ffn_norm.0.weight - torch.Size([256]): 
The value is the same before and after calling `init_weights` of FUTR3D  

pts_bbox_head.transformer.decoder.layers.0.attentions.1.camera_mixer.camera_ffn_norm.0.bias - torch.Size([256]): 
The value is the same before and after calling `init_weights` of FUTR3D  

pts_bbox_head.transformer.decoder.layers.0.attentions.1.camera_mixer.camera_ffn_norm.1.weight - torch.Size([256]): 
The value is the same before and after calling `init_weights` of FUTR3D  

pts_bbox_head.transformer.decoder.layers.0.attentions.1.camera_mixer.camera_ffn_norm.1.bias - torch.Size([256]): 
The value is the same before and after calling `init_weights` of FUTR3D  

pts_bbox_head.transformer.decoder.layers.0.ffns.0.layers.0.0.weight - torch.Size([1024, 256]): 
Initialized by user-defined `init_weights` in FUTR3DHead  

pts_bbox_head.transformer.decoder.layers.0.ffns.0.layers.0.0.bias - torch.Size([1024]): 
The value is the same before and after calling `init_weights` of FUTR3D  

pts_bbox_head.transformer.decoder.layers.0.ffns.0.layers.1.weight - torch.Size([256, 1024]): 
Initialized by user-defined `init_weights` in FUTR3DHead  

pts_bbox_head.transformer.decoder.layers.0.ffns.0.layers.1.bias - torch.Size([256]): 
The value is the same before and after calling `init_weights` of FUTR3D  

pts_bbox_head.transformer.decoder.layers.0.norms.0.weight - torch.Size([256]): 
The value is the same before and after calling `init_weights` of FUTR3D  

pts_bbox_head.transformer.decoder.layers.0.norms.0.bias - torch.Size([256]): 
The value is the same before and after calling `init_weights` of FUTR3D  

pts_bbox_head.transformer.decoder.layers.0.norms.1.weight - torch.Size([256]): 
The value is the same before and after calling `init_weights` of FUTR3D  

pts_bbox_head.transformer.decoder.layers.0.norms.1.bias - torch.Size([256]): 
The value is the same before and after calling `init_weights` of FUTR3D  

pts_bbox_head.transformer.decoder.layers.0.norms.2.weight - torch.Size([256]): 
The value is the same before and after calling `init_weights` of FUTR3D  

pts_bbox_head.transformer.decoder.layers.0.norms.2.bias - torch.Size([256]): 
The value is the same before and after calling `init_weights` of FUTR3D  

pts_bbox_head.transformer.decoder.layers.1.attentions.0.0.attn.in_proj_weight - torch.Size([768, 256]): 
Initialized by user-defined `init_weights` in FUTR3DHead  

pts_bbox_head.transformer.decoder.layers.1.attentions.0.0.attn.in_proj_bias - torch.Size([768]): 
The value is the same before and after calling `init_weights` of FUTR3D  

pts_bbox_head.transformer.decoder.layers.1.attentions.0.0.attn.out_proj.weight - torch.Size([256, 256]): 
Initialized by user-defined `init_weights` in FUTR3DHead  

pts_bbox_head.transformer.decoder.layers.1.attentions.0.0.attn.out_proj.bias - torch.Size([256]): 
The value is the same before and after calling `init_weights` of FUTR3D  

pts_bbox_head.transformer.decoder.layers.1.attentions.0.1.weight - torch.Size([256]): 
The value is the same before and after calling `init_weights` of FUTR3D  

pts_bbox_head.transformer.decoder.layers.1.attentions.0.2.layers.0.norm_before.weight - torch.Size([256]): 
The value is the same before and after calling `init_weights` of FUTR3D  

pts_bbox_head.transformer.decoder.layers.1.attentions.0.2.layers.0.mamba.A_log_f - torch.Size([512, 64]): 
Initialized by user-defined `init_weights` in FUTR3DHead  

pts_bbox_head.transformer.decoder.layers.1.attentions.0.2.layers.0.mamba.A_log_b - torch.Size([512, 64]): 
Initialized by user-defined `init_weights` in FUTR3DHead  

pts_bbox_head.transformer.decoder.layers.1.attentions.0.2.layers.0.mamba.D_f - torch.Size([512]): 
The value is the same before and after calling `init_weights` of FUTR3D  

pts_bbox_head.transformer.decoder.layers.1.attentions.0.2.layers.0.mamba.D_b - torch.Size([512]): 
The value is the same before and after calling `init_weights` of FUTR3D  

pts_bbox_head.transformer.decoder.layers.1.attentions.0.2.layers.0.mamba.A_log_f_xy - torch.Size([512, 64]): 
Initialized by user-defined `init_weights` in FUTR3DHead  

pts_bbox_head.transformer.decoder.layers.1.attentions.0.2.layers.0.mamba.A_log_b_xy - torch.Size([512, 64]): 
Initialized by user-defined `init_weights` in FUTR3DHead  

pts_bbox_head.transformer.decoder.layers.1.attentions.0.2.layers.0.mamba.D_f_xy - torch.Size([512]): 
The value is the same before and after calling `init_weights` of FUTR3D  

pts_bbox_head.transformer.decoder.layers.1.attentions.0.2.layers.0.mamba.D_b_xy - torch.Size([512]): 
The value is the same before and after calling `init_weights` of FUTR3D  

pts_bbox_head.transformer.decoder.layers.1.attentions.0.2.layers.0.mamba.in_proj.weight - torch.Size([2048, 256]): 
Initialized by user-defined `init_weights` in FUTR3DHead  

pts_bbox_head.transformer.decoder.layers.1.attentions.0.2.layers.0.mamba.in_proj_xy.weight - torch.Size([2048, 256]): 
Initialized by user-defined `init_weights` in FUTR3DHead  

pts_bbox_head.transformer.decoder.layers.1.attentions.0.2.layers.0.mamba.x_proj_f.weight - torch.Size([144, 512]): 
Initialized by user-defined `init_weights` in FUTR3DHead  

pts_bbox_head.transformer.decoder.layers.1.attentions.0.2.layers.0.mamba.x_proj_b.weight - torch.Size([144, 512]): 
Initialized by user-defined `init_weights` in FUTR3DHead  

pts_bbox_head.transformer.decoder.layers.1.attentions.0.2.layers.0.mamba.dt_proj_f.weight - torch.Size([512, 16]): 
Initialized by user-defined `init_weights` in FUTR3DHead  

pts_bbox_head.transformer.decoder.layers.1.attentions.0.2.layers.0.mamba.dt_proj_f.bias - torch.Size([512]): 
The value is the same before and after calling `init_weights` of FUTR3D  

pts_bbox_head.transformer.decoder.layers.1.attentions.0.2.layers.0.mamba.dt_proj_b.weight - torch.Size([512, 16]): 
Initialized by user-defined `init_weights` in FUTR3DHead  

pts_bbox_head.transformer.decoder.layers.1.attentions.0.2.layers.0.mamba.dt_proj_b.bias - torch.Size([512]): 
The value is the same before and after calling `init_weights` of FUTR3D  

pts_bbox_head.transformer.decoder.layers.1.attentions.0.2.layers.0.mamba.x_proj_f_xy.weight - torch.Size([144, 512]): 
Initialized by user-defined `init_weights` in FUTR3DHead  

pts_bbox_head.transformer.decoder.layers.1.attentions.0.2.layers.0.mamba.x_proj_b_xy.weight - torch.Size([144, 512]): 
Initialized by user-defined `init_weights` in FUTR3DHead  

pts_bbox_head.transformer.decoder.layers.1.attentions.0.2.layers.0.mamba.dt_proj_f_xy.weight - torch.Size([512, 16]): 
Initialized by user-defined `init_weights` in FUTR3DHead  

pts_bbox_head.transformer.decoder.layers.1.attentions.0.2.layers.0.mamba.dt_proj_f_xy.bias - torch.Size([512]): 
The value is the same before and after calling `init_weights` of FUTR3D  

pts_bbox_head.transformer.decoder.layers.1.attentions.0.2.layers.0.mamba.dt_proj_b_xy.weight - torch.Size([512, 16]): 
Initialized by user-defined `init_weights` in FUTR3DHead  

pts_bbox_head.transformer.decoder.layers.1.attentions.0.2.layers.0.mamba.dt_proj_b_xy.bias - torch.Size([512]): 
The value is the same before and after calling `init_weights` of FUTR3D  

pts_bbox_head.transformer.decoder.layers.1.attentions.0.2.layers.0.mamba.conv1d_x_f.weight - torch.Size([512, 1, 4]): 
Initialized by user-defined `init_weights` in FUTR3DHead  

pts_bbox_head.transformer.decoder.layers.1.attentions.0.2.layers.0.mamba.conv1d_x_f.bias - torch.Size([512]): 
The value is the same before and after calling `init_weights` of FUTR3D  

pts_bbox_head.transformer.decoder.layers.1.attentions.0.2.layers.0.mamba.conv1d_z_f.weight - torch.Size([512, 1, 4]): 
Initialized by user-defined `init_weights` in FUTR3DHead  

pts_bbox_head.transformer.decoder.layers.1.attentions.0.2.layers.0.mamba.conv1d_z_f.bias - torch.Size([512]): 
The value is the same before and after calling `init_weights` of FUTR3D  

pts_bbox_head.transformer.decoder.layers.1.attentions.0.2.layers.0.mamba.conv1d_x_b.weight - torch.Size([512, 1, 4]): 
Initialized by user-defined `init_weights` in FUTR3DHead  

pts_bbox_head.transformer.decoder.layers.1.attentions.0.2.layers.0.mamba.conv1d_x_b.bias - torch.Size([512]): 
The value is the same before and after calling `init_weights` of FUTR3D  

pts_bbox_head.transformer.decoder.layers.1.attentions.0.2.layers.0.mamba.conv1d_z_b.weight - torch.Size([512, 1, 4]): 
Initialized by user-defined `init_weights` in FUTR3DHead  

pts_bbox_head.transformer.decoder.layers.1.attentions.0.2.layers.0.mamba.conv1d_z_b.bias - torch.Size([512]): 
The value is the same before and after calling `init_weights` of FUTR3D  

pts_bbox_head.transformer.decoder.layers.1.attentions.0.2.layers.0.mamba.conv1d_x_xy_f.weight - torch.Size([512, 1, 4]): 
Initialized by user-defined `init_weights` in FUTR3DHead  

pts_bbox_head.transformer.decoder.layers.1.attentions.0.2.layers.0.mamba.conv1d_x_xy_f.bias - torch.Size([512]): 
The value is the same before and after calling `init_weights` of FUTR3D  

pts_bbox_head.transformer.decoder.layers.1.attentions.0.2.layers.0.mamba.conv1d_z_xy_f.weight - torch.Size([512, 1, 4]): 
Initialized by user-defined `init_weights` in FUTR3DHead  

pts_bbox_head.transformer.decoder.layers.1.attentions.0.2.layers.0.mamba.conv1d_z_xy_f.bias - torch.Size([512]): 
The value is the same before and after calling `init_weights` of FUTR3D  

pts_bbox_head.transformer.decoder.layers.1.attentions.0.2.layers.0.mamba.conv1d_x_xy_b.weight - torch.Size([512, 1, 4]): 
Initialized by user-defined `init_weights` in FUTR3DHead  

pts_bbox_head.transformer.decoder.layers.1.attentions.0.2.layers.0.mamba.conv1d_x_xy_b.bias - torch.Size([512]): 
The value is the same before and after calling `init_weights` of FUTR3D  

pts_bbox_head.transformer.decoder.layers.1.attentions.0.2.layers.0.mamba.conv1d_z_xy_b.weight - torch.Size([512, 1, 4]): 
Initialized by user-defined `init_weights` in FUTR3DHead  

pts_bbox_head.transformer.decoder.layers.1.attentions.0.2.layers.0.mamba.conv1d_z_xy_b.bias - torch.Size([512]): 
The value is the same before and after calling `init_weights` of FUTR3D  

pts_bbox_head.transformer.decoder.layers.1.attentions.0.2.layers.0.mamba.out_proj.weight - torch.Size([256, 2048]): 
Initialized by user-defined `init_weights` in FUTR3DHead  

pts_bbox_head.transformer.decoder.layers.1.attentions.0.2.layers.0.mamba.global_proj.weight - torch.Size([2048, 2048]): 
Initialized by user-defined `init_weights` in FUTR3DHead  

pts_bbox_head.transformer.decoder.layers.1.attentions.0.2.layers.0.mamba.global_proj.bias - torch.Size([2048]): 
The value is the same before and after calling `init_weights` of FUTR3D  

pts_bbox_head.transformer.decoder.layers.1.attentions.0.2.layers.0.norm.weight - torch.Size([256]): 
The value is the same before and after calling `init_weights` of FUTR3D  

pts_bbox_head.transformer.decoder.layers.1.attentions.0.2.layers.0.mlp.gate_proj.weight - torch.Size([1024, 256]): 
Initialized by user-defined `init_weights` in FUTR3DHead  

pts_bbox_head.transformer.decoder.layers.1.attentions.0.2.layers.0.mlp.up_proj.weight - torch.Size([1024, 256]): 
Initialized by user-defined `init_weights` in FUTR3DHead  

pts_bbox_head.transformer.decoder.layers.1.attentions.0.2.layers.0.mlp.down_proj.weight - torch.Size([256, 1024]): 
Initialized by user-defined `init_weights` in FUTR3DHead  

pts_bbox_head.transformer.decoder.layers.1.attentions.0.2.layers.0.mlp_norm.weight - torch.Size([256]): 
The value is the same before and after calling `init_weights` of FUTR3D  

pts_bbox_head.transformer.decoder.layers.1.attentions.0.2.layers.1.norm_before.weight - torch.Size([256]): 
The value is the same before and after calling `init_weights` of FUTR3D  

pts_bbox_head.transformer.decoder.layers.1.attentions.0.2.layers.1.mamba.A_log_f - torch.Size([512, 64]): 
Initialized by user-defined `init_weights` in FUTR3DHead  

pts_bbox_head.transformer.decoder.layers.1.attentions.0.2.layers.1.mamba.A_log_b - torch.Size([512, 64]): 
Initialized by user-defined `init_weights` in FUTR3DHead  

pts_bbox_head.transformer.decoder.layers.1.attentions.0.2.layers.1.mamba.D_f - torch.Size([512]): 
The value is the same before and after calling `init_weights` of FUTR3D  

pts_bbox_head.transformer.decoder.layers.1.attentions.0.2.layers.1.mamba.D_b - torch.Size([512]): 
The value is the same before and after calling `init_weights` of FUTR3D  

pts_bbox_head.transformer.decoder.layers.1.attentions.0.2.layers.1.mamba.A_log_f_xy - torch.Size([512, 64]): 
Initialized by user-defined `init_weights` in FUTR3DHead  

pts_bbox_head.transformer.decoder.layers.1.attentions.0.2.layers.1.mamba.A_log_b_xy - torch.Size([512, 64]): 
Initialized by user-defined `init_weights` in FUTR3DHead  

pts_bbox_head.transformer.decoder.layers.1.attentions.0.2.layers.1.mamba.D_f_xy - torch.Size([512]): 
The value is the same before and after calling `init_weights` of FUTR3D  

pts_bbox_head.transformer.decoder.layers.1.attentions.0.2.layers.1.mamba.D_b_xy - torch.Size([512]): 
The value is the same before and after calling `init_weights` of FUTR3D  

pts_bbox_head.transformer.decoder.layers.1.attentions.0.2.layers.1.mamba.in_proj.weight - torch.Size([2048, 256]): 
Initialized by user-defined `init_weights` in FUTR3DHead  

pts_bbox_head.transformer.decoder.layers.1.attentions.0.2.layers.1.mamba.in_proj_xy.weight - torch.Size([2048, 256]): 
Initialized by user-defined `init_weights` in FUTR3DHead  

pts_bbox_head.transformer.decoder.layers.1.attentions.0.2.layers.1.mamba.x_proj_f.weight - torch.Size([144, 512]): 
Initialized by user-defined `init_weights` in FUTR3DHead  

pts_bbox_head.transformer.decoder.layers.1.attentions.0.2.layers.1.mamba.x_proj_b.weight - torch.Size([144, 512]): 
Initialized by user-defined `init_weights` in FUTR3DHead  

pts_bbox_head.transformer.decoder.layers.1.attentions.0.2.layers.1.mamba.dt_proj_f.weight - torch.Size([512, 16]): 
Initialized by user-defined `init_weights` in FUTR3DHead  

pts_bbox_head.transformer.decoder.layers.1.attentions.0.2.layers.1.mamba.dt_proj_f.bias - torch.Size([512]): 
The value is the same before and after calling `init_weights` of FUTR3D  

pts_bbox_head.transformer.decoder.layers.1.attentions.0.2.layers.1.mamba.dt_proj_b.weight - torch.Size([512, 16]): 
Initialized by user-defined `init_weights` in FUTR3DHead  

pts_bbox_head.transformer.decoder.layers.1.attentions.0.2.layers.1.mamba.dt_proj_b.bias - torch.Size([512]): 
The value is the same before and after calling `init_weights` of FUTR3D  

pts_bbox_head.transformer.decoder.layers.1.attentions.0.2.layers.1.mamba.x_proj_f_xy.weight - torch.Size([144, 512]): 
Initialized by user-defined `init_weights` in FUTR3DHead  

pts_bbox_head.transformer.decoder.layers.1.attentions.0.2.layers.1.mamba.x_proj_b_xy.weight - torch.Size([144, 512]): 
Initialized by user-defined `init_weights` in FUTR3DHead  

pts_bbox_head.transformer.decoder.layers.1.attentions.0.2.layers.1.mamba.dt_proj_f_xy.weight - torch.Size([512, 16]): 
Initialized by user-defined `init_weights` in FUTR3DHead  

pts_bbox_head.transformer.decoder.layers.1.attentions.0.2.layers.1.mamba.dt_proj_f_xy.bias - torch.Size([512]): 
The value is the same before and after calling `init_weights` of FUTR3D  

pts_bbox_head.transformer.decoder.layers.1.attentions.0.2.layers.1.mamba.dt_proj_b_xy.weight - torch.Size([512, 16]): 
Initialized by user-defined `init_weights` in FUTR3DHead  

pts_bbox_head.transformer.decoder.layers.1.attentions.0.2.layers.1.mamba.dt_proj_b_xy.bias - torch.Size([512]): 
The value is the same before and after calling `init_weights` of FUTR3D  

pts_bbox_head.transformer.decoder.layers.1.attentions.0.2.layers.1.mamba.conv1d_x_f.weight - torch.Size([512, 1, 4]): 
Initialized by user-defined `init_weights` in FUTR3DHead  

pts_bbox_head.transformer.decoder.layers.1.attentions.0.2.layers.1.mamba.conv1d_x_f.bias - torch.Size([512]): 
The value is the same before and after calling `init_weights` of FUTR3D  

pts_bbox_head.transformer.decoder.layers.1.attentions.0.2.layers.1.mamba.conv1d_z_f.weight - torch.Size([512, 1, 4]): 
Initialized by user-defined `init_weights` in FUTR3DHead  

pts_bbox_head.transformer.decoder.layers.1.attentions.0.2.layers.1.mamba.conv1d_z_f.bias - torch.Size([512]): 
The value is the same before and after calling `init_weights` of FUTR3D  

pts_bbox_head.transformer.decoder.layers.1.attentions.0.2.layers.1.mamba.conv1d_x_b.weight - torch.Size([512, 1, 4]): 
Initialized by user-defined `init_weights` in FUTR3DHead  

pts_bbox_head.transformer.decoder.layers.1.attentions.0.2.layers.1.mamba.conv1d_x_b.bias - torch.Size([512]): 
The value is the same before and after calling `init_weights` of FUTR3D  

pts_bbox_head.transformer.decoder.layers.1.attentions.0.2.layers.1.mamba.conv1d_z_b.weight - torch.Size([512, 1, 4]): 
Initialized by user-defined `init_weights` in FUTR3DHead  

pts_bbox_head.transformer.decoder.layers.1.attentions.0.2.layers.1.mamba.conv1d_z_b.bias - torch.Size([512]): 
The value is the same before and after calling `init_weights` of FUTR3D  

pts_bbox_head.transformer.decoder.layers.1.attentions.0.2.layers.1.mamba.conv1d_x_xy_f.weight - torch.Size([512, 1, 4]): 
Initialized by user-defined `init_weights` in FUTR3DHead  

pts_bbox_head.transformer.decoder.layers.1.attentions.0.2.layers.1.mamba.conv1d_x_xy_f.bias - torch.Size([512]): 
The value is the same before and after calling `init_weights` of FUTR3D  

pts_bbox_head.transformer.decoder.layers.1.attentions.0.2.layers.1.mamba.conv1d_z_xy_f.weight - torch.Size([512, 1, 4]): 
Initialized by user-defined `init_weights` in FUTR3DHead  

pts_bbox_head.transformer.decoder.layers.1.attentions.0.2.layers.1.mamba.conv1d_z_xy_f.bias - torch.Size([512]): 
The value is the same before and after calling `init_weights` of FUTR3D  

pts_bbox_head.transformer.decoder.layers.1.attentions.0.2.layers.1.mamba.conv1d_x_xy_b.weight - torch.Size([512, 1, 4]): 
Initialized by user-defined `init_weights` in FUTR3DHead  

pts_bbox_head.transformer.decoder.layers.1.attentions.0.2.layers.1.mamba.conv1d_x_xy_b.bias - torch.Size([512]): 
The value is the same before and after calling `init_weights` of FUTR3D  

pts_bbox_head.transformer.decoder.layers.1.attentions.0.2.layers.1.mamba.conv1d_z_xy_b.weight - torch.Size([512, 1, 4]): 
Initialized by user-defined `init_weights` in FUTR3DHead  

pts_bbox_head.transformer.decoder.layers.1.attentions.0.2.layers.1.mamba.conv1d_z_xy_b.bias - torch.Size([512]): 
The value is the same before and after calling `init_weights` of FUTR3D  

pts_bbox_head.transformer.decoder.layers.1.attentions.0.2.layers.1.mamba.out_proj.weight - torch.Size([256, 2048]): 
Initialized by user-defined `init_weights` in FUTR3DHead  

pts_bbox_head.transformer.decoder.layers.1.attentions.0.2.layers.1.mamba.global_proj.weight - torch.Size([2048, 2048]): 
Initialized by user-defined `init_weights` in FUTR3DHead  

pts_bbox_head.transformer.decoder.layers.1.attentions.0.2.layers.1.mamba.global_proj.bias - torch.Size([2048]): 
The value is the same before and after calling `init_weights` of FUTR3D  

pts_bbox_head.transformer.decoder.layers.1.attentions.0.2.layers.1.norm.weight - torch.Size([256]): 
The value is the same before and after calling `init_weights` of FUTR3D  

pts_bbox_head.transformer.decoder.layers.1.attentions.0.2.layers.1.mlp.gate_proj.weight - torch.Size([1024, 256]): 
Initialized by user-defined `init_weights` in FUTR3DHead  

pts_bbox_head.transformer.decoder.layers.1.attentions.0.2.layers.1.mlp.up_proj.weight - torch.Size([1024, 256]): 
Initialized by user-defined `init_weights` in FUTR3DHead  

pts_bbox_head.transformer.decoder.layers.1.attentions.0.2.layers.1.mlp.down_proj.weight - torch.Size([256, 1024]): 
Initialized by user-defined `init_weights` in FUTR3DHead  

pts_bbox_head.transformer.decoder.layers.1.attentions.1.sampling_offsets.weight - torch.Size([256, 256]): 
Initialized by user-defined `init_weights` in FUTR3DHead  

pts_bbox_head.transformer.decoder.layers.1.attentions.1.sampling_offsets.bias - torch.Size([256]): 
The value is the same before and after calling `init_weights` of FUTR3D  

pts_bbox_head.transformer.decoder.layers.1.attentions.1.attention_weights.weight - torch.Size([128, 256]): 
Initialized by user-defined `init_weights` in FUTR3DHead  

pts_bbox_head.transformer.decoder.layers.1.attentions.1.attention_weights.bias - torch.Size([128]): 
The value is the same before and after calling `init_weights` of FUTR3D  

pts_bbox_head.transformer.decoder.layers.1.attentions.1.value_proj.weight - torch.Size([256, 256]): 
Initialized by user-defined `init_weights` in FUTR3DHead  

pts_bbox_head.transformer.decoder.layers.1.attentions.1.value_proj.bias - torch.Size([256]): 
The value is the same before and after calling `init_weights` of FUTR3D  

pts_bbox_head.transformer.decoder.layers.1.attentions.1.output_proj.weight - torch.Size([256, 256]): 
Initialized by user-defined `init_weights` in FUTR3DHead  

pts_bbox_head.transformer.decoder.layers.1.attentions.1.output_proj.bias - torch.Size([256]): 
The value is the same before and after calling `init_weights` of FUTR3D  

pts_bbox_head.transformer.decoder.layers.1.attentions.1.img_attention_weights.weight - torch.Size([24, 256]): 
Initialized by user-defined `init_weights` in FUTR3DHead  

pts_bbox_head.transformer.decoder.layers.1.attentions.1.img_attention_weights.bias - torch.Size([24]): 
The value is the same before and after calling `init_weights` of FUTR3D  

pts_bbox_head.transformer.decoder.layers.1.attentions.1.img_output_proj.weight - torch.Size([256, 256]): 
Initialized by user-defined `init_weights` in FUTR3DHead  

pts_bbox_head.transformer.decoder.layers.1.attentions.1.img_output_proj.bias - torch.Size([256]): 
The value is the same before and after calling `init_weights` of FUTR3D  

pts_bbox_head.transformer.decoder.layers.1.attentions.1.position_encoder.0.weight - torch.Size([256, 3]): 
Initialized by user-defined `init_weights` in FUTR3DHead  

pts_bbox_head.transformer.decoder.layers.1.attentions.1.position_encoder.0.bias - torch.Size([256]): 
The value is the same before and after calling `init_weights` of FUTR3D  

pts_bbox_head.transformer.decoder.layers.1.attentions.1.position_encoder.1.weight - torch.Size([256]): 
The value is the same before and after calling `init_weights` of FUTR3D  

pts_bbox_head.transformer.decoder.layers.1.attentions.1.position_encoder.1.bias - torch.Size([256]): 
The value is the same before and after calling `init_weights` of FUTR3D  

pts_bbox_head.transformer.decoder.layers.1.attentions.1.position_encoder.3.weight - torch.Size([256, 256]): 
Initialized by user-defined `init_weights` in FUTR3DHead  

pts_bbox_head.transformer.decoder.layers.1.attentions.1.position_encoder.3.bias - torch.Size([256]): 
The value is the same before and after calling `init_weights` of FUTR3D  

pts_bbox_head.transformer.decoder.layers.1.attentions.1.position_encoder.4.weight - torch.Size([256]): 
The value is the same before and after calling `init_weights` of FUTR3D  

pts_bbox_head.transformer.decoder.layers.1.attentions.1.position_encoder.4.bias - torch.Size([256]): 
The value is the same before and after calling `init_weights` of FUTR3D  

pts_bbox_head.transformer.decoder.layers.1.attentions.1.modality_fusion_layer.0.weight - torch.Size([256, 768]): 
Initialized by user-defined `init_weights` in FUTR3DHead  

pts_bbox_head.transformer.decoder.layers.1.attentions.1.modality_fusion_layer.0.bias - torch.Size([256]): 
The value is the same before and after calling `init_weights` of FUTR3D  

pts_bbox_head.transformer.decoder.layers.1.attentions.1.modality_fusion_layer.1.weight - torch.Size([256]): 
The value is the same before and after calling `init_weights` of FUTR3D  

pts_bbox_head.transformer.decoder.layers.1.attentions.1.modality_fusion_layer.1.bias - torch.Size([256]): 
The value is the same before and after calling `init_weights` of FUTR3D  

pts_bbox_head.transformer.decoder.layers.1.attentions.1.modality_fusion_layer.3.weight - torch.Size([256, 256]): 
Initialized by user-defined `init_weights` in FUTR3DHead  

pts_bbox_head.transformer.decoder.layers.1.attentions.1.modality_fusion_layer.3.bias - torch.Size([256]): 
The value is the same before and after calling `init_weights` of FUTR3D  

pts_bbox_head.transformer.decoder.layers.1.attentions.1.modality_fusion_layer.4.weight - torch.Size([256]): 
The value is the same before and after calling `init_weights` of FUTR3D  

pts_bbox_head.transformer.decoder.layers.1.attentions.1.modality_fusion_layer.4.bias - torch.Size([256]): 
The value is the same before and after calling `init_weights` of FUTR3D  

pts_bbox_head.transformer.decoder.layers.1.attentions.1.camera_mixer.lidar_camera_fuse_layer.0.0.weight - torch.Size([256, 512]): 
Initialized by user-defined `init_weights` in FUTR3DHead  

pts_bbox_head.transformer.decoder.layers.1.attentions.1.camera_mixer.lidar_camera_fuse_layer.0.0.bias - torch.Size([256]): 
The value is the same before and after calling `init_weights` of FUTR3D  

pts_bbox_head.transformer.decoder.layers.1.attentions.1.camera_mixer.lidar_camera_fuse_layer.0.2.weight - torch.Size([1024, 256]): 
Initialized by user-defined `init_weights` in FUTR3DHead  

pts_bbox_head.transformer.decoder.layers.1.attentions.1.camera_mixer.lidar_camera_fuse_layer.0.2.bias - torch.Size([1024]): 
The value is the same before and after calling `init_weights` of FUTR3D  

pts_bbox_head.transformer.decoder.layers.1.attentions.1.camera_mixer.lidar_camera_fuse_layer.0.4.weight - torch.Size([256, 1024]): 
Initialized by user-defined `init_weights` in FUTR3DHead  

pts_bbox_head.transformer.decoder.layers.1.attentions.1.camera_mixer.lidar_camera_fuse_layer.0.4.bias - torch.Size([256]): 
The value is the same before and after calling `init_weights` of FUTR3D  

pts_bbox_head.transformer.decoder.layers.1.attentions.1.camera_mixer.lidar_camera_fuse_layer.1.0.weight - torch.Size([256, 512]): 
Initialized by user-defined `init_weights` in FUTR3DHead  

pts_bbox_head.transformer.decoder.layers.1.attentions.1.camera_mixer.lidar_camera_fuse_layer.1.0.bias - torch.Size([256]): 
The value is the same before and after calling `init_weights` of FUTR3D  

pts_bbox_head.transformer.decoder.layers.1.attentions.1.camera_mixer.lidar_camera_fuse_layer.1.2.weight - torch.Size([1024, 256]): 
Initialized by user-defined `init_weights` in FUTR3DHead  

pts_bbox_head.transformer.decoder.layers.1.attentions.1.camera_mixer.lidar_camera_fuse_layer.1.2.bias - torch.Size([1024]): 
The value is the same before and after calling `init_weights` of FUTR3D  

pts_bbox_head.transformer.decoder.layers.1.attentions.1.camera_mixer.lidar_camera_fuse_layer.1.4.weight - torch.Size([256, 1024]): 
Initialized by user-defined `init_weights` in FUTR3DHead  

pts_bbox_head.transformer.decoder.layers.1.attentions.1.camera_mixer.lidar_camera_fuse_layer.1.4.bias - torch.Size([256]): 
The value is the same before and after calling `init_weights` of FUTR3D  

pts_bbox_head.transformer.decoder.layers.1.attentions.1.camera_mixer.lidar_guide_camera_fusion.0.A_log_h2t - torch.Size([512, 32]): 
Initialized by user-defined `init_weights` in FUTR3DHead  

pts_bbox_head.transformer.decoder.layers.1.attentions.1.camera_mixer.lidar_guide_camera_fusion.0.D_h2t - torch.Size([512]): 
The value is the same before and after calling `init_weights` of FUTR3D  

pts_bbox_head.transformer.decoder.layers.1.attentions.1.camera_mixer.lidar_guide_camera_fusion.0.A_log_t2h - torch.Size([512, 32]): 
Initialized by user-defined `init_weights` in FUTR3DHead  

pts_bbox_head.transformer.decoder.layers.1.attentions.1.camera_mixer.lidar_guide_camera_fusion.0.D_t2h - torch.Size([512]): 
The value is the same before and after calling `init_weights` of FUTR3D  

pts_bbox_head.transformer.decoder.layers.1.attentions.1.camera_mixer.lidar_guide_camera_fusion.0.in_proj.weight - torch.Size([1024, 256]): 
Initialized by user-defined `init_weights` in FUTR3DHead  

pts_bbox_head.transformer.decoder.layers.1.attentions.1.camera_mixer.lidar_guide_camera_fusion.0.lidar_guidance_layer.model.0.weight - torch.Size([512, 256]): 
Initialized by user-defined `init_weights` in FUTR3DHead  

pts_bbox_head.transformer.decoder.layers.1.attentions.1.camera_mixer.lidar_guide_camera_fusion.0.lidar_guidance_layer.model.0.bias - torch.Size([512]): 
The value is the same before and after calling `init_weights` of FUTR3D  

pts_bbox_head.transformer.decoder.layers.1.attentions.1.camera_mixer.lidar_guide_camera_fusion.0.lidar_guidance_layer.model.2.weight - torch.Size([512, 512]): 
Initialized by user-defined `init_weights` in FUTR3DHead  

pts_bbox_head.transformer.decoder.layers.1.attentions.1.camera_mixer.lidar_guide_camera_fusion.0.lidar_guidance_layer.model.2.bias - torch.Size([512]): 
The value is the same before and after calling `init_weights` of FUTR3D  

pts_bbox_head.transformer.decoder.layers.1.attentions.1.camera_mixer.lidar_guide_camera_fusion.0.lidar_guidance_layer.model.4.weight - torch.Size([512, 512]): 
Initialized by user-defined `init_weights` in FUTR3DHead  

pts_bbox_head.transformer.decoder.layers.1.attentions.1.camera_mixer.lidar_guide_camera_fusion.0.lidar_guidance_layer.model.4.bias - torch.Size([512]): 
The value is the same before and after calling `init_weights` of FUTR3D  

pts_bbox_head.transformer.decoder.layers.1.attentions.1.camera_mixer.lidar_guide_camera_fusion.0.lidar_modulation_layer.0.weight - torch.Size([512, 512]): 
Initialized by user-defined `init_weights` in FUTR3DHead  

pts_bbox_head.transformer.decoder.layers.1.attentions.1.camera_mixer.lidar_guide_camera_fusion.0.lidar_modulation_layer.0.bias - torch.Size([512]): 
The value is the same before and after calling `init_weights` of FUTR3D  

pts_bbox_head.transformer.decoder.layers.1.attentions.1.camera_mixer.lidar_guide_camera_fusion.0.x_proj_h2t.weight - torch.Size([80, 512]): 
Initialized by user-defined `init_weights` in FUTR3DHead  

pts_bbox_head.transformer.decoder.layers.1.attentions.1.camera_mixer.lidar_guide_camera_fusion.0.dt_proj_h2t.weight - torch.Size([512, 16]): 
Initialized by user-defined `init_weights` in FUTR3DHead  

pts_bbox_head.transformer.decoder.layers.1.attentions.1.camera_mixer.lidar_guide_camera_fusion.0.dt_proj_h2t.bias - torch.Size([512]): 
The value is the same before and after calling `init_weights` of FUTR3D  

pts_bbox_head.transformer.decoder.layers.1.attentions.1.camera_mixer.lidar_guide_camera_fusion.0.x_proj_t2h.weight - torch.Size([80, 512]): 
Initialized by user-defined `init_weights` in FUTR3DHead  

pts_bbox_head.transformer.decoder.layers.1.attentions.1.camera_mixer.lidar_guide_camera_fusion.0.dt_proj_t2h.weight - torch.Size([512, 16]): 
Initialized by user-defined `init_weights` in FUTR3DHead  

pts_bbox_head.transformer.decoder.layers.1.attentions.1.camera_mixer.lidar_guide_camera_fusion.0.dt_proj_t2h.bias - torch.Size([512]): 
The value is the same before and after calling `init_weights` of FUTR3D  

pts_bbox_head.transformer.decoder.layers.1.attentions.1.camera_mixer.lidar_guide_camera_fusion.0.out_proj.weight - torch.Size([256, 512]): 
Initialized by user-defined `init_weights` in FUTR3DHead  

pts_bbox_head.transformer.decoder.layers.1.attentions.1.camera_mixer.lidar_guide_camera_fusion.1.A_log_h2t - torch.Size([512, 32]): 
Initialized by user-defined `init_weights` in FUTR3DHead  

pts_bbox_head.transformer.decoder.layers.1.attentions.1.camera_mixer.lidar_guide_camera_fusion.1.D_h2t - torch.Size([512]): 
The value is the same before and after calling `init_weights` of FUTR3D  

pts_bbox_head.transformer.decoder.layers.1.attentions.1.camera_mixer.lidar_guide_camera_fusion.1.A_log_t2h - torch.Size([512, 32]): 
Initialized by user-defined `init_weights` in FUTR3DHead  

pts_bbox_head.transformer.decoder.layers.1.attentions.1.camera_mixer.lidar_guide_camera_fusion.1.D_t2h - torch.Size([512]): 
The value is the same before and after calling `init_weights` of FUTR3D  

pts_bbox_head.transformer.decoder.layers.1.attentions.1.camera_mixer.lidar_guide_camera_fusion.1.in_proj.weight - torch.Size([1024, 256]): 
Initialized by user-defined `init_weights` in FUTR3DHead  

pts_bbox_head.transformer.decoder.layers.1.attentions.1.camera_mixer.lidar_guide_camera_fusion.1.lidar_guidance_layer.model.0.weight - torch.Size([512, 256]): 
Initialized by user-defined `init_weights` in FUTR3DHead  

pts_bbox_head.transformer.decoder.layers.1.attentions.1.camera_mixer.lidar_guide_camera_fusion.1.lidar_guidance_layer.model.0.bias - torch.Size([512]): 
The value is the same before and after calling `init_weights` of FUTR3D  

pts_bbox_head.transformer.decoder.layers.1.attentions.1.camera_mixer.lidar_guide_camera_fusion.1.lidar_guidance_layer.model.2.weight - torch.Size([512, 512]): 
Initialized by user-defined `init_weights` in FUTR3DHead  

pts_bbox_head.transformer.decoder.layers.1.attentions.1.camera_mixer.lidar_guide_camera_fusion.1.lidar_guidance_layer.model.2.bias - torch.Size([512]): 
The value is the same before and after calling `init_weights` of FUTR3D  

pts_bbox_head.transformer.decoder.layers.1.attentions.1.camera_mixer.lidar_guide_camera_fusion.1.lidar_guidance_layer.model.4.weight - torch.Size([512, 512]): 
Initialized by user-defined `init_weights` in FUTR3DHead  

pts_bbox_head.transformer.decoder.layers.1.attentions.1.camera_mixer.lidar_guide_camera_fusion.1.lidar_guidance_layer.model.4.bias - torch.Size([512]): 
The value is the same before and after calling `init_weights` of FUTR3D  

pts_bbox_head.transformer.decoder.layers.1.attentions.1.camera_mixer.lidar_guide_camera_fusion.1.lidar_modulation_layer.0.weight - torch.Size([512, 512]): 
Initialized by user-defined `init_weights` in FUTR3DHead  

pts_bbox_head.transformer.decoder.layers.1.attentions.1.camera_mixer.lidar_guide_camera_fusion.1.lidar_modulation_layer.0.bias - torch.Size([512]): 
The value is the same before and after calling `init_weights` of FUTR3D  

pts_bbox_head.transformer.decoder.layers.1.attentions.1.camera_mixer.lidar_guide_camera_fusion.1.x_proj_h2t.weight - torch.Size([80, 512]): 
Initialized by user-defined `init_weights` in FUTR3DHead  

pts_bbox_head.transformer.decoder.layers.1.attentions.1.camera_mixer.lidar_guide_camera_fusion.1.dt_proj_h2t.weight - torch.Size([512, 16]): 
Initialized by user-defined `init_weights` in FUTR3DHead  

pts_bbox_head.transformer.decoder.layers.1.attentions.1.camera_mixer.lidar_guide_camera_fusion.1.dt_proj_h2t.bias - torch.Size([512]): 
The value is the same before and after calling `init_weights` of FUTR3D  

pts_bbox_head.transformer.decoder.layers.1.attentions.1.camera_mixer.lidar_guide_camera_fusion.1.x_proj_t2h.weight - torch.Size([80, 512]): 
Initialized by user-defined `init_weights` in FUTR3DHead  

pts_bbox_head.transformer.decoder.layers.1.attentions.1.camera_mixer.lidar_guide_camera_fusion.1.dt_proj_t2h.weight - torch.Size([512, 16]): 
Initialized by user-defined `init_weights` in FUTR3DHead  

pts_bbox_head.transformer.decoder.layers.1.attentions.1.camera_mixer.lidar_guide_camera_fusion.1.dt_proj_t2h.bias - torch.Size([512]): 
The value is the same before and after calling `init_weights` of FUTR3D  

pts_bbox_head.transformer.decoder.layers.1.attentions.1.camera_mixer.lidar_guide_camera_fusion.1.out_proj.weight - torch.Size([256, 512]): 
Initialized by user-defined `init_weights` in FUTR3DHead  

pts_bbox_head.transformer.decoder.layers.1.attentions.1.camera_mixer.norm_fusion_fuse.0.weight - torch.Size([256]): 
The value is the same before and after calling `init_weights` of FUTR3D  

pts_bbox_head.transformer.decoder.layers.1.attentions.1.camera_mixer.norm_fusion_fuse.0.bias - torch.Size([256]): 
The value is the same before and after calling `init_weights` of FUTR3D  

pts_bbox_head.transformer.decoder.layers.1.attentions.1.camera_mixer.norm_fusion_fuse.1.weight - torch.Size([256]): 
The value is the same before and after calling `init_weights` of FUTR3D  

pts_bbox_head.transformer.decoder.layers.1.attentions.1.camera_mixer.norm_fusion_fuse.1.bias - torch.Size([256]): 
The value is the same before and after calling `init_weights` of FUTR3D  

pts_bbox_head.transformer.decoder.layers.1.attentions.1.camera_mixer.norm_fusion_camera.0.weight - torch.Size([256]): 
The value is the same before and after calling `init_weights` of FUTR3D  

pts_bbox_head.transformer.decoder.layers.1.attentions.1.camera_mixer.norm_fusion_camera.0.bias - torch.Size([256]): 
The value is the same before and after calling `init_weights` of FUTR3D  

pts_bbox_head.transformer.decoder.layers.1.attentions.1.camera_mixer.norm_fusion_camera.1.weight - torch.Size([256]): 
The value is the same before and after calling `init_weights` of FUTR3D  

pts_bbox_head.transformer.decoder.layers.1.attentions.1.camera_mixer.norm_fusion_camera.1.bias - torch.Size([256]): 
The value is the same before and after calling `init_weights` of FUTR3D  

pts_bbox_head.transformer.decoder.layers.1.attentions.1.camera_mixer.camera_ffn.0.ffn.0.weight - torch.Size([1024, 256]): 
Initialized by user-defined `init_weights` in FUTR3DHead  

pts_bbox_head.transformer.decoder.layers.1.attentions.1.camera_mixer.camera_ffn.0.ffn.0.bias - torch.Size([1024]): 
The value is the same before and after calling `init_weights` of FUTR3D  

pts_bbox_head.transformer.decoder.layers.1.attentions.1.camera_mixer.camera_ffn.0.ffn.3.weight - torch.Size([256, 1024]): 
Initialized by user-defined `init_weights` in FUTR3DHead  

pts_bbox_head.transformer.decoder.layers.1.attentions.1.camera_mixer.camera_ffn.0.ffn.3.bias - torch.Size([256]): 
The value is the same before and after calling `init_weights` of FUTR3D  

pts_bbox_head.transformer.decoder.layers.1.attentions.1.camera_mixer.camera_ffn.1.ffn.0.weight - torch.Size([1024, 256]): 
Initialized by user-defined `init_weights` in FUTR3DHead  

pts_bbox_head.transformer.decoder.layers.1.attentions.1.camera_mixer.camera_ffn.1.ffn.0.bias - torch.Size([1024]): 
The value is the same before and after calling `init_weights` of FUTR3D  

pts_bbox_head.transformer.decoder.layers.1.attentions.1.camera_mixer.camera_ffn.1.ffn.3.weight - torch.Size([256, 1024]): 
Initialized by user-defined `init_weights` in FUTR3DHead  

pts_bbox_head.transformer.decoder.layers.1.attentions.1.camera_mixer.camera_ffn.1.ffn.3.bias - torch.Size([256]): 
The value is the same before and after calling `init_weights` of FUTR3D  

pts_bbox_head.transformer.decoder.layers.1.attentions.1.camera_mixer.camera_ffn_norm.0.weight - torch.Size([256]): 
The value is the same before and after calling `init_weights` of FUTR3D  

pts_bbox_head.transformer.decoder.layers.1.attentions.1.camera_mixer.camera_ffn_norm.0.bias - torch.Size([256]): 
The value is the same before and after calling `init_weights` of FUTR3D  

pts_bbox_head.transformer.decoder.layers.1.attentions.1.camera_mixer.camera_ffn_norm.1.weight - torch.Size([256]): 
The value is the same before and after calling `init_weights` of FUTR3D  

pts_bbox_head.transformer.decoder.layers.1.attentions.1.camera_mixer.camera_ffn_norm.1.bias - torch.Size([256]): 
The value is the same before and after calling `init_weights` of FUTR3D  

pts_bbox_head.transformer.decoder.layers.1.ffns.0.layers.0.0.weight - torch.Size([1024, 256]): 
Initialized by user-defined `init_weights` in FUTR3DHead  

pts_bbox_head.transformer.decoder.layers.1.ffns.0.layers.0.0.bias - torch.Size([1024]): 
The value is the same before and after calling `init_weights` of FUTR3D  

pts_bbox_head.transformer.decoder.layers.1.ffns.0.layers.1.weight - torch.Size([256, 1024]): 
Initialized by user-defined `init_weights` in FUTR3DHead  

pts_bbox_head.transformer.decoder.layers.1.ffns.0.layers.1.bias - torch.Size([256]): 
The value is the same before and after calling `init_weights` of FUTR3D  

pts_bbox_head.transformer.decoder.layers.1.norms.0.weight - torch.Size([256]): 
The value is the same before and after calling `init_weights` of FUTR3D  

pts_bbox_head.transformer.decoder.layers.1.norms.0.bias - torch.Size([256]): 
The value is the same before and after calling `init_weights` of FUTR3D  

pts_bbox_head.transformer.decoder.layers.1.norms.1.weight - torch.Size([256]): 
The value is the same before and after calling `init_weights` of FUTR3D  

pts_bbox_head.transformer.decoder.layers.1.norms.1.bias - torch.Size([256]): 
The value is the same before and after calling `init_weights` of FUTR3D  

pts_bbox_head.transformer.decoder.layers.1.norms.2.weight - torch.Size([256]): 
The value is the same before and after calling `init_weights` of FUTR3D  

pts_bbox_head.transformer.decoder.layers.1.norms.2.bias - torch.Size([256]): 
The value is the same before and after calling `init_weights` of FUTR3D  

pts_bbox_head.transformer.decoder.layers.2.attentions.0.0.attn.in_proj_weight - torch.Size([768, 256]): 
Initialized by user-defined `init_weights` in FUTR3DHead  

pts_bbox_head.transformer.decoder.layers.2.attentions.0.0.attn.in_proj_bias - torch.Size([768]): 
The value is the same before and after calling `init_weights` of FUTR3D  

pts_bbox_head.transformer.decoder.layers.2.attentions.0.0.attn.out_proj.weight - torch.Size([256, 256]): 
Initialized by user-defined `init_weights` in FUTR3DHead  

pts_bbox_head.transformer.decoder.layers.2.attentions.0.0.attn.out_proj.bias - torch.Size([256]): 
The value is the same before and after calling `init_weights` of FUTR3D  

pts_bbox_head.transformer.decoder.layers.2.attentions.0.1.weight - torch.Size([256]): 
The value is the same before and after calling `init_weights` of FUTR3D  

pts_bbox_head.transformer.decoder.layers.2.attentions.0.2.layers.0.norm_before.weight - torch.Size([256]): 
The value is the same before and after calling `init_weights` of FUTR3D  

pts_bbox_head.transformer.decoder.layers.2.attentions.0.2.layers.0.mamba.A_log_f - torch.Size([512, 64]): 
Initialized by user-defined `init_weights` in FUTR3DHead  

pts_bbox_head.transformer.decoder.layers.2.attentions.0.2.layers.0.mamba.A_log_b - torch.Size([512, 64]): 
Initialized by user-defined `init_weights` in FUTR3DHead  

pts_bbox_head.transformer.decoder.layers.2.attentions.0.2.layers.0.mamba.D_f - torch.Size([512]): 
The value is the same before and after calling `init_weights` of FUTR3D  

pts_bbox_head.transformer.decoder.layers.2.attentions.0.2.layers.0.mamba.D_b - torch.Size([512]): 
The value is the same before and after calling `init_weights` of FUTR3D  

pts_bbox_head.transformer.decoder.layers.2.attentions.0.2.layers.0.mamba.A_log_f_xy - torch.Size([512, 64]): 
Initialized by user-defined `init_weights` in FUTR3DHead  

pts_bbox_head.transformer.decoder.layers.2.attentions.0.2.layers.0.mamba.A_log_b_xy - torch.Size([512, 64]): 
Initialized by user-defined `init_weights` in FUTR3DHead  

pts_bbox_head.transformer.decoder.layers.2.attentions.0.2.layers.0.mamba.D_f_xy - torch.Size([512]): 
The value is the same before and after calling `init_weights` of FUTR3D  

pts_bbox_head.transformer.decoder.layers.2.attentions.0.2.layers.0.mamba.D_b_xy - torch.Size([512]): 
The value is the same before and after calling `init_weights` of FUTR3D  

pts_bbox_head.transformer.decoder.layers.2.attentions.0.2.layers.0.mamba.in_proj.weight - torch.Size([2048, 256]): 
Initialized by user-defined `init_weights` in FUTR3DHead  

pts_bbox_head.transformer.decoder.layers.2.attentions.0.2.layers.0.mamba.in_proj_xy.weight - torch.Size([2048, 256]): 
Initialized by user-defined `init_weights` in FUTR3DHead  

pts_bbox_head.transformer.decoder.layers.2.attentions.0.2.layers.0.mamba.x_proj_f.weight - torch.Size([144, 512]): 
Initialized by user-defined `init_weights` in FUTR3DHead  

pts_bbox_head.transformer.decoder.layers.2.attentions.0.2.layers.0.mamba.x_proj_b.weight - torch.Size([144, 512]): 
Initialized by user-defined `init_weights` in FUTR3DHead  

pts_bbox_head.transformer.decoder.layers.2.attentions.0.2.layers.0.mamba.dt_proj_f.weight - torch.Size([512, 16]): 
Initialized by user-defined `init_weights` in FUTR3DHead  

pts_bbox_head.transformer.decoder.layers.2.attentions.0.2.layers.0.mamba.dt_proj_f.bias - torch.Size([512]): 
The value is the same before and after calling `init_weights` of FUTR3D  

pts_bbox_head.transformer.decoder.layers.2.attentions.0.2.layers.0.mamba.dt_proj_b.weight - torch.Size([512, 16]): 
Initialized by user-defined `init_weights` in FUTR3DHead  

pts_bbox_head.transformer.decoder.layers.2.attentions.0.2.layers.0.mamba.dt_proj_b.bias - torch.Size([512]): 
The value is the same before and after calling `init_weights` of FUTR3D  

pts_bbox_head.transformer.decoder.layers.2.attentions.0.2.layers.0.mamba.x_proj_f_xy.weight - torch.Size([144, 512]): 
Initialized by user-defined `init_weights` in FUTR3DHead  

pts_bbox_head.transformer.decoder.layers.2.attentions.0.2.layers.0.mamba.x_proj_b_xy.weight - torch.Size([144, 512]): 
Initialized by user-defined `init_weights` in FUTR3DHead  

pts_bbox_head.transformer.decoder.layers.2.attentions.0.2.layers.0.mamba.dt_proj_f_xy.weight - torch.Size([512, 16]): 
Initialized by user-defined `init_weights` in FUTR3DHead  

pts_bbox_head.transformer.decoder.layers.2.attentions.0.2.layers.0.mamba.dt_proj_f_xy.bias - torch.Size([512]): 
The value is the same before and after calling `init_weights` of FUTR3D  

pts_bbox_head.transformer.decoder.layers.2.attentions.0.2.layers.0.mamba.dt_proj_b_xy.weight - torch.Size([512, 16]): 
Initialized by user-defined `init_weights` in FUTR3DHead  

pts_bbox_head.transformer.decoder.layers.2.attentions.0.2.layers.0.mamba.dt_proj_b_xy.bias - torch.Size([512]): 
The value is the same before and after calling `init_weights` of FUTR3D  

pts_bbox_head.transformer.decoder.layers.2.attentions.0.2.layers.0.mamba.conv1d_x_f.weight - torch.Size([512, 1, 4]): 
Initialized by user-defined `init_weights` in FUTR3DHead  

pts_bbox_head.transformer.decoder.layers.2.attentions.0.2.layers.0.mamba.conv1d_x_f.bias - torch.Size([512]): 
The value is the same before and after calling `init_weights` of FUTR3D  

pts_bbox_head.transformer.decoder.layers.2.attentions.0.2.layers.0.mamba.conv1d_z_f.weight - torch.Size([512, 1, 4]): 
Initialized by user-defined `init_weights` in FUTR3DHead  

pts_bbox_head.transformer.decoder.layers.2.attentions.0.2.layers.0.mamba.conv1d_z_f.bias - torch.Size([512]): 
The value is the same before and after calling `init_weights` of FUTR3D  

pts_bbox_head.transformer.decoder.layers.2.attentions.0.2.layers.0.mamba.conv1d_x_b.weight - torch.Size([512, 1, 4]): 
Initialized by user-defined `init_weights` in FUTR3DHead  

pts_bbox_head.transformer.decoder.layers.2.attentions.0.2.layers.0.mamba.conv1d_x_b.bias - torch.Size([512]): 
The value is the same before and after calling `init_weights` of FUTR3D  

pts_bbox_head.transformer.decoder.layers.2.attentions.0.2.layers.0.mamba.conv1d_z_b.weight - torch.Size([512, 1, 4]): 
Initialized by user-defined `init_weights` in FUTR3DHead  

pts_bbox_head.transformer.decoder.layers.2.attentions.0.2.layers.0.mamba.conv1d_z_b.bias - torch.Size([512]): 
The value is the same before and after calling `init_weights` of FUTR3D  

pts_bbox_head.transformer.decoder.layers.2.attentions.0.2.layers.0.mamba.conv1d_x_xy_f.weight - torch.Size([512, 1, 4]): 
Initialized by user-defined `init_weights` in FUTR3DHead  

pts_bbox_head.transformer.decoder.layers.2.attentions.0.2.layers.0.mamba.conv1d_x_xy_f.bias - torch.Size([512]): 
The value is the same before and after calling `init_weights` of FUTR3D  

pts_bbox_head.transformer.decoder.layers.2.attentions.0.2.layers.0.mamba.conv1d_z_xy_f.weight - torch.Size([512, 1, 4]): 
Initialized by user-defined `init_weights` in FUTR3DHead  

pts_bbox_head.transformer.decoder.layers.2.attentions.0.2.layers.0.mamba.conv1d_z_xy_f.bias - torch.Size([512]): 
The value is the same before and after calling `init_weights` of FUTR3D  

pts_bbox_head.transformer.decoder.layers.2.attentions.0.2.layers.0.mamba.conv1d_x_xy_b.weight - torch.Size([512, 1, 4]): 
Initialized by user-defined `init_weights` in FUTR3DHead  

pts_bbox_head.transformer.decoder.layers.2.attentions.0.2.layers.0.mamba.conv1d_x_xy_b.bias - torch.Size([512]): 
The value is the same before and after calling `init_weights` of FUTR3D  

pts_bbox_head.transformer.decoder.layers.2.attentions.0.2.layers.0.mamba.conv1d_z_xy_b.weight - torch.Size([512, 1, 4]): 
Initialized by user-defined `init_weights` in FUTR3DHead  

pts_bbox_head.transformer.decoder.layers.2.attentions.0.2.layers.0.mamba.conv1d_z_xy_b.bias - torch.Size([512]): 
The value is the same before and after calling `init_weights` of FUTR3D  

pts_bbox_head.transformer.decoder.layers.2.attentions.0.2.layers.0.mamba.out_proj.weight - torch.Size([256, 2048]): 
Initialized by user-defined `init_weights` in FUTR3DHead  

pts_bbox_head.transformer.decoder.layers.2.attentions.0.2.layers.0.mamba.global_proj.weight - torch.Size([2048, 2048]): 
Initialized by user-defined `init_weights` in FUTR3DHead  

pts_bbox_head.transformer.decoder.layers.2.attentions.0.2.layers.0.mamba.global_proj.bias - torch.Size([2048]): 
The value is the same before and after calling `init_weights` of FUTR3D  

pts_bbox_head.transformer.decoder.layers.2.attentions.0.2.layers.0.norm.weight - torch.Size([256]): 
The value is the same before and after calling `init_weights` of FUTR3D  

pts_bbox_head.transformer.decoder.layers.2.attentions.0.2.layers.0.mlp.gate_proj.weight - torch.Size([1024, 256]): 
Initialized by user-defined `init_weights` in FUTR3DHead  

pts_bbox_head.transformer.decoder.layers.2.attentions.0.2.layers.0.mlp.up_proj.weight - torch.Size([1024, 256]): 
Initialized by user-defined `init_weights` in FUTR3DHead  

pts_bbox_head.transformer.decoder.layers.2.attentions.0.2.layers.0.mlp.down_proj.weight - torch.Size([256, 1024]): 
Initialized by user-defined `init_weights` in FUTR3DHead  

pts_bbox_head.transformer.decoder.layers.2.attentions.0.2.layers.0.mlp_norm.weight - torch.Size([256]): 
The value is the same before and after calling `init_weights` of FUTR3D  

pts_bbox_head.transformer.decoder.layers.2.attentions.0.2.layers.1.norm_before.weight - torch.Size([256]): 
The value is the same before and after calling `init_weights` of FUTR3D  

pts_bbox_head.transformer.decoder.layers.2.attentions.0.2.layers.1.mamba.A_log_f - torch.Size([512, 64]): 
Initialized by user-defined `init_weights` in FUTR3DHead  

pts_bbox_head.transformer.decoder.layers.2.attentions.0.2.layers.1.mamba.A_log_b - torch.Size([512, 64]): 
Initialized by user-defined `init_weights` in FUTR3DHead  

pts_bbox_head.transformer.decoder.layers.2.attentions.0.2.layers.1.mamba.D_f - torch.Size([512]): 
The value is the same before and after calling `init_weights` of FUTR3D  

pts_bbox_head.transformer.decoder.layers.2.attentions.0.2.layers.1.mamba.D_b - torch.Size([512]): 
The value is the same before and after calling `init_weights` of FUTR3D  

pts_bbox_head.transformer.decoder.layers.2.attentions.0.2.layers.1.mamba.A_log_f_xy - torch.Size([512, 64]): 
Initialized by user-defined `init_weights` in FUTR3DHead  

pts_bbox_head.transformer.decoder.layers.2.attentions.0.2.layers.1.mamba.A_log_b_xy - torch.Size([512, 64]): 
Initialized by user-defined `init_weights` in FUTR3DHead  

pts_bbox_head.transformer.decoder.layers.2.attentions.0.2.layers.1.mamba.D_f_xy - torch.Size([512]): 
The value is the same before and after calling `init_weights` of FUTR3D  

pts_bbox_head.transformer.decoder.layers.2.attentions.0.2.layers.1.mamba.D_b_xy - torch.Size([512]): 
The value is the same before and after calling `init_weights` of FUTR3D  

pts_bbox_head.transformer.decoder.layers.2.attentions.0.2.layers.1.mamba.in_proj.weight - torch.Size([2048, 256]): 
Initialized by user-defined `init_weights` in FUTR3DHead  

pts_bbox_head.transformer.decoder.layers.2.attentions.0.2.layers.1.mamba.in_proj_xy.weight - torch.Size([2048, 256]): 
Initialized by user-defined `init_weights` in FUTR3DHead  

pts_bbox_head.transformer.decoder.layers.2.attentions.0.2.layers.1.mamba.x_proj_f.weight - torch.Size([144, 512]): 
Initialized by user-defined `init_weights` in FUTR3DHead  

pts_bbox_head.transformer.decoder.layers.2.attentions.0.2.layers.1.mamba.x_proj_b.weight - torch.Size([144, 512]): 
Initialized by user-defined `init_weights` in FUTR3DHead  

pts_bbox_head.transformer.decoder.layers.2.attentions.0.2.layers.1.mamba.dt_proj_f.weight - torch.Size([512, 16]): 
Initialized by user-defined `init_weights` in FUTR3DHead  

pts_bbox_head.transformer.decoder.layers.2.attentions.0.2.layers.1.mamba.dt_proj_f.bias - torch.Size([512]): 
The value is the same before and after calling `init_weights` of FUTR3D  

pts_bbox_head.transformer.decoder.layers.2.attentions.0.2.layers.1.mamba.dt_proj_b.weight - torch.Size([512, 16]): 
Initialized by user-defined `init_weights` in FUTR3DHead  

pts_bbox_head.transformer.decoder.layers.2.attentions.0.2.layers.1.mamba.dt_proj_b.bias - torch.Size([512]): 
The value is the same before and after calling `init_weights` of FUTR3D  

pts_bbox_head.transformer.decoder.layers.2.attentions.0.2.layers.1.mamba.x_proj_f_xy.weight - torch.Size([144, 512]): 
Initialized by user-defined `init_weights` in FUTR3DHead  

pts_bbox_head.transformer.decoder.layers.2.attentions.0.2.layers.1.mamba.x_proj_b_xy.weight - torch.Size([144, 512]): 
Initialized by user-defined `init_weights` in FUTR3DHead  

pts_bbox_head.transformer.decoder.layers.2.attentions.0.2.layers.1.mamba.dt_proj_f_xy.weight - torch.Size([512, 16]): 
Initialized by user-defined `init_weights` in FUTR3DHead  

pts_bbox_head.transformer.decoder.layers.2.attentions.0.2.layers.1.mamba.dt_proj_f_xy.bias - torch.Size([512]): 
The value is the same before and after calling `init_weights` of FUTR3D  

pts_bbox_head.transformer.decoder.layers.2.attentions.0.2.layers.1.mamba.dt_proj_b_xy.weight - torch.Size([512, 16]): 
Initialized by user-defined `init_weights` in FUTR3DHead  

pts_bbox_head.transformer.decoder.layers.2.attentions.0.2.layers.1.mamba.dt_proj_b_xy.bias - torch.Size([512]): 
The value is the same before and after calling `init_weights` of FUTR3D  

pts_bbox_head.transformer.decoder.layers.2.attentions.0.2.layers.1.mamba.conv1d_x_f.weight - torch.Size([512, 1, 4]): 
Initialized by user-defined `init_weights` in FUTR3DHead  

pts_bbox_head.transformer.decoder.layers.2.attentions.0.2.layers.1.mamba.conv1d_x_f.bias - torch.Size([512]): 
The value is the same before and after calling `init_weights` of FUTR3D  

pts_bbox_head.transformer.decoder.layers.2.attentions.0.2.layers.1.mamba.conv1d_z_f.weight - torch.Size([512, 1, 4]): 
Initialized by user-defined `init_weights` in FUTR3DHead  

pts_bbox_head.transformer.decoder.layers.2.attentions.0.2.layers.1.mamba.conv1d_z_f.bias - torch.Size([512]): 
The value is the same before and after calling `init_weights` of FUTR3D  

pts_bbox_head.transformer.decoder.layers.2.attentions.0.2.layers.1.mamba.conv1d_x_b.weight - torch.Size([512, 1, 4]): 
Initialized by user-defined `init_weights` in FUTR3DHead  

pts_bbox_head.transformer.decoder.layers.2.attentions.0.2.layers.1.mamba.conv1d_x_b.bias - torch.Size([512]): 
The value is the same before and after calling `init_weights` of FUTR3D  

pts_bbox_head.transformer.decoder.layers.2.attentions.0.2.layers.1.mamba.conv1d_z_b.weight - torch.Size([512, 1, 4]): 
Initialized by user-defined `init_weights` in FUTR3DHead  

pts_bbox_head.transformer.decoder.layers.2.attentions.0.2.layers.1.mamba.conv1d_z_b.bias - torch.Size([512]): 
The value is the same before and after calling `init_weights` of FUTR3D  

pts_bbox_head.transformer.decoder.layers.2.attentions.0.2.layers.1.mamba.conv1d_x_xy_f.weight - torch.Size([512, 1, 4]): 
Initialized by user-defined `init_weights` in FUTR3DHead  

pts_bbox_head.transformer.decoder.layers.2.attentions.0.2.layers.1.mamba.conv1d_x_xy_f.bias - torch.Size([512]): 
The value is the same before and after calling `init_weights` of FUTR3D  

pts_bbox_head.transformer.decoder.layers.2.attentions.0.2.layers.1.mamba.conv1d_z_xy_f.weight - torch.Size([512, 1, 4]): 
Initialized by user-defined `init_weights` in FUTR3DHead  

pts_bbox_head.transformer.decoder.layers.2.attentions.0.2.layers.1.mamba.conv1d_z_xy_f.bias - torch.Size([512]): 
The value is the same before and after calling `init_weights` of FUTR3D  

pts_bbox_head.transformer.decoder.layers.2.attentions.0.2.layers.1.mamba.conv1d_x_xy_b.weight - torch.Size([512, 1, 4]): 
Initialized by user-defined `init_weights` in FUTR3DHead  

pts_bbox_head.transformer.decoder.layers.2.attentions.0.2.layers.1.mamba.conv1d_x_xy_b.bias - torch.Size([512]): 
The value is the same before and after calling `init_weights` of FUTR3D  

pts_bbox_head.transformer.decoder.layers.2.attentions.0.2.layers.1.mamba.conv1d_z_xy_b.weight - torch.Size([512, 1, 4]): 
Initialized by user-defined `init_weights` in FUTR3DHead  

pts_bbox_head.transformer.decoder.layers.2.attentions.0.2.layers.1.mamba.conv1d_z_xy_b.bias - torch.Size([512]): 
The value is the same before and after calling `init_weights` of FUTR3D  

pts_bbox_head.transformer.decoder.layers.2.attentions.0.2.layers.1.mamba.out_proj.weight - torch.Size([256, 2048]): 
Initialized by user-defined `init_weights` in FUTR3DHead  

pts_bbox_head.transformer.decoder.layers.2.attentions.0.2.layers.1.mamba.global_proj.weight - torch.Size([2048, 2048]): 
Initialized by user-defined `init_weights` in FUTR3DHead  

pts_bbox_head.transformer.decoder.layers.2.attentions.0.2.layers.1.mamba.global_proj.bias - torch.Size([2048]): 
The value is the same before and after calling `init_weights` of FUTR3D  

pts_bbox_head.transformer.decoder.layers.2.attentions.0.2.layers.1.norm.weight - torch.Size([256]): 
The value is the same before and after calling `init_weights` of FUTR3D  

pts_bbox_head.transformer.decoder.layers.2.attentions.0.2.layers.1.mlp.gate_proj.weight - torch.Size([1024, 256]): 
Initialized by user-defined `init_weights` in FUTR3DHead  

pts_bbox_head.transformer.decoder.layers.2.attentions.0.2.layers.1.mlp.up_proj.weight - torch.Size([1024, 256]): 
Initialized by user-defined `init_weights` in FUTR3DHead  

pts_bbox_head.transformer.decoder.layers.2.attentions.0.2.layers.1.mlp.down_proj.weight - torch.Size([256, 1024]): 
Initialized by user-defined `init_weights` in FUTR3DHead  

pts_bbox_head.transformer.decoder.layers.2.attentions.1.sampling_offsets.weight - torch.Size([256, 256]): 
Initialized by user-defined `init_weights` in FUTR3DHead  

pts_bbox_head.transformer.decoder.layers.2.attentions.1.sampling_offsets.bias - torch.Size([256]): 
The value is the same before and after calling `init_weights` of FUTR3D  

pts_bbox_head.transformer.decoder.layers.2.attentions.1.attention_weights.weight - torch.Size([128, 256]): 
Initialized by user-defined `init_weights` in FUTR3DHead  

pts_bbox_head.transformer.decoder.layers.2.attentions.1.attention_weights.bias - torch.Size([128]): 
The value is the same before and after calling `init_weights` of FUTR3D  

pts_bbox_head.transformer.decoder.layers.2.attentions.1.value_proj.weight - torch.Size([256, 256]): 
Initialized by user-defined `init_weights` in FUTR3DHead  

pts_bbox_head.transformer.decoder.layers.2.attentions.1.value_proj.bias - torch.Size([256]): 
The value is the same before and after calling `init_weights` of FUTR3D  

pts_bbox_head.transformer.decoder.layers.2.attentions.1.output_proj.weight - torch.Size([256, 256]): 
Initialized by user-defined `init_weights` in FUTR3DHead  

pts_bbox_head.transformer.decoder.layers.2.attentions.1.output_proj.bias - torch.Size([256]): 
The value is the same before and after calling `init_weights` of FUTR3D  

pts_bbox_head.transformer.decoder.layers.2.attentions.1.img_attention_weights.weight - torch.Size([24, 256]): 
Initialized by user-defined `init_weights` in FUTR3DHead  

pts_bbox_head.transformer.decoder.layers.2.attentions.1.img_attention_weights.bias - torch.Size([24]): 
The value is the same before and after calling `init_weights` of FUTR3D  

pts_bbox_head.transformer.decoder.layers.2.attentions.1.img_output_proj.weight - torch.Size([256, 256]): 
Initialized by user-defined `init_weights` in FUTR3DHead  

pts_bbox_head.transformer.decoder.layers.2.attentions.1.img_output_proj.bias - torch.Size([256]): 
The value is the same before and after calling `init_weights` of FUTR3D  

pts_bbox_head.transformer.decoder.layers.2.attentions.1.position_encoder.0.weight - torch.Size([256, 3]): 
Initialized by user-defined `init_weights` in FUTR3DHead  

pts_bbox_head.transformer.decoder.layers.2.attentions.1.position_encoder.0.bias - torch.Size([256]): 
The value is the same before and after calling `init_weights` of FUTR3D  

pts_bbox_head.transformer.decoder.layers.2.attentions.1.position_encoder.1.weight - torch.Size([256]): 
The value is the same before and after calling `init_weights` of FUTR3D  

pts_bbox_head.transformer.decoder.layers.2.attentions.1.position_encoder.1.bias - torch.Size([256]): 
The value is the same before and after calling `init_weights` of FUTR3D  

pts_bbox_head.transformer.decoder.layers.2.attentions.1.position_encoder.3.weight - torch.Size([256, 256]): 
Initialized by user-defined `init_weights` in FUTR3DHead  

pts_bbox_head.transformer.decoder.layers.2.attentions.1.position_encoder.3.bias - torch.Size([256]): 
The value is the same before and after calling `init_weights` of FUTR3D  

pts_bbox_head.transformer.decoder.layers.2.attentions.1.position_encoder.4.weight - torch.Size([256]): 
The value is the same before and after calling `init_weights` of FUTR3D  

pts_bbox_head.transformer.decoder.layers.2.attentions.1.position_encoder.4.bias - torch.Size([256]): 
The value is the same before and after calling `init_weights` of FUTR3D  

pts_bbox_head.transformer.decoder.layers.2.attentions.1.modality_fusion_layer.0.weight - torch.Size([256, 768]): 
Initialized by user-defined `init_weights` in FUTR3DHead  

pts_bbox_head.transformer.decoder.layers.2.attentions.1.modality_fusion_layer.0.bias - torch.Size([256]): 
The value is the same before and after calling `init_weights` of FUTR3D  

pts_bbox_head.transformer.decoder.layers.2.attentions.1.modality_fusion_layer.1.weight - torch.Size([256]): 
The value is the same before and after calling `init_weights` of FUTR3D  

pts_bbox_head.transformer.decoder.layers.2.attentions.1.modality_fusion_layer.1.bias - torch.Size([256]): 
The value is the same before and after calling `init_weights` of FUTR3D  

pts_bbox_head.transformer.decoder.layers.2.attentions.1.modality_fusion_layer.3.weight - torch.Size([256, 256]): 
Initialized by user-defined `init_weights` in FUTR3DHead  

pts_bbox_head.transformer.decoder.layers.2.attentions.1.modality_fusion_layer.3.bias - torch.Size([256]): 
The value is the same before and after calling `init_weights` of FUTR3D  

pts_bbox_head.transformer.decoder.layers.2.attentions.1.modality_fusion_layer.4.weight - torch.Size([256]): 
The value is the same before and after calling `init_weights` of FUTR3D  

pts_bbox_head.transformer.decoder.layers.2.attentions.1.modality_fusion_layer.4.bias - torch.Size([256]): 
The value is the same before and after calling `init_weights` of FUTR3D  

pts_bbox_head.transformer.decoder.layers.2.attentions.1.camera_mixer.lidar_camera_fuse_layer.0.0.weight - torch.Size([256, 512]): 
Initialized by user-defined `init_weights` in FUTR3DHead  

pts_bbox_head.transformer.decoder.layers.2.attentions.1.camera_mixer.lidar_camera_fuse_layer.0.0.bias - torch.Size([256]): 
The value is the same before and after calling `init_weights` of FUTR3D  

pts_bbox_head.transformer.decoder.layers.2.attentions.1.camera_mixer.lidar_camera_fuse_layer.0.2.weight - torch.Size([1024, 256]): 
Initialized by user-defined `init_weights` in FUTR3DHead  

pts_bbox_head.transformer.decoder.layers.2.attentions.1.camera_mixer.lidar_camera_fuse_layer.0.2.bias - torch.Size([1024]): 
The value is the same before and after calling `init_weights` of FUTR3D  

pts_bbox_head.transformer.decoder.layers.2.attentions.1.camera_mixer.lidar_camera_fuse_layer.0.4.weight - torch.Size([256, 1024]): 
Initialized by user-defined `init_weights` in FUTR3DHead  

pts_bbox_head.transformer.decoder.layers.2.attentions.1.camera_mixer.lidar_camera_fuse_layer.0.4.bias - torch.Size([256]): 
The value is the same before and after calling `init_weights` of FUTR3D  

pts_bbox_head.transformer.decoder.layers.2.attentions.1.camera_mixer.lidar_camera_fuse_layer.1.0.weight - torch.Size([256, 512]): 
Initialized by user-defined `init_weights` in FUTR3DHead  

pts_bbox_head.transformer.decoder.layers.2.attentions.1.camera_mixer.lidar_camera_fuse_layer.1.0.bias - torch.Size([256]): 
The value is the same before and after calling `init_weights` of FUTR3D  

pts_bbox_head.transformer.decoder.layers.2.attentions.1.camera_mixer.lidar_camera_fuse_layer.1.2.weight - torch.Size([1024, 256]): 
Initialized by user-defined `init_weights` in FUTR3DHead  

pts_bbox_head.transformer.decoder.layers.2.attentions.1.camera_mixer.lidar_camera_fuse_layer.1.2.bias - torch.Size([1024]): 
The value is the same before and after calling `init_weights` of FUTR3D  

pts_bbox_head.transformer.decoder.layers.2.attentions.1.camera_mixer.lidar_camera_fuse_layer.1.4.weight - torch.Size([256, 1024]): 
Initialized by user-defined `init_weights` in FUTR3DHead  

pts_bbox_head.transformer.decoder.layers.2.attentions.1.camera_mixer.lidar_camera_fuse_layer.1.4.bias - torch.Size([256]): 
The value is the same before and after calling `init_weights` of FUTR3D  

pts_bbox_head.transformer.decoder.layers.2.attentions.1.camera_mixer.lidar_guide_camera_fusion.0.A_log_h2t - torch.Size([512, 32]): 
Initialized by user-defined `init_weights` in FUTR3DHead  

pts_bbox_head.transformer.decoder.layers.2.attentions.1.camera_mixer.lidar_guide_camera_fusion.0.D_h2t - torch.Size([512]): 
The value is the same before and after calling `init_weights` of FUTR3D  

pts_bbox_head.transformer.decoder.layers.2.attentions.1.camera_mixer.lidar_guide_camera_fusion.0.A_log_t2h - torch.Size([512, 32]): 
Initialized by user-defined `init_weights` in FUTR3DHead  

pts_bbox_head.transformer.decoder.layers.2.attentions.1.camera_mixer.lidar_guide_camera_fusion.0.D_t2h - torch.Size([512]): 
The value is the same before and after calling `init_weights` of FUTR3D  

pts_bbox_head.transformer.decoder.layers.2.attentions.1.camera_mixer.lidar_guide_camera_fusion.0.in_proj.weight - torch.Size([1024, 256]): 
Initialized by user-defined `init_weights` in FUTR3DHead  

pts_bbox_head.transformer.decoder.layers.2.attentions.1.camera_mixer.lidar_guide_camera_fusion.0.lidar_guidance_layer.model.0.weight - torch.Size([512, 256]): 
Initialized by user-defined `init_weights` in FUTR3DHead  

pts_bbox_head.transformer.decoder.layers.2.attentions.1.camera_mixer.lidar_guide_camera_fusion.0.lidar_guidance_layer.model.0.bias - torch.Size([512]): 
The value is the same before and after calling `init_weights` of FUTR3D  

pts_bbox_head.transformer.decoder.layers.2.attentions.1.camera_mixer.lidar_guide_camera_fusion.0.lidar_guidance_layer.model.2.weight - torch.Size([512, 512]): 
Initialized by user-defined `init_weights` in FUTR3DHead  

pts_bbox_head.transformer.decoder.layers.2.attentions.1.camera_mixer.lidar_guide_camera_fusion.0.lidar_guidance_layer.model.2.bias - torch.Size([512]): 
The value is the same before and after calling `init_weights` of FUTR3D  

pts_bbox_head.transformer.decoder.layers.2.attentions.1.camera_mixer.lidar_guide_camera_fusion.0.lidar_guidance_layer.model.4.weight - torch.Size([512, 512]): 
Initialized by user-defined `init_weights` in FUTR3DHead  

pts_bbox_head.transformer.decoder.layers.2.attentions.1.camera_mixer.lidar_guide_camera_fusion.0.lidar_guidance_layer.model.4.bias - torch.Size([512]): 
The value is the same before and after calling `init_weights` of FUTR3D  

pts_bbox_head.transformer.decoder.layers.2.attentions.1.camera_mixer.lidar_guide_camera_fusion.0.lidar_modulation_layer.0.weight - torch.Size([512, 512]): 
Initialized by user-defined `init_weights` in FUTR3DHead  

pts_bbox_head.transformer.decoder.layers.2.attentions.1.camera_mixer.lidar_guide_camera_fusion.0.lidar_modulation_layer.0.bias - torch.Size([512]): 
The value is the same before and after calling `init_weights` of FUTR3D  

pts_bbox_head.transformer.decoder.layers.2.attentions.1.camera_mixer.lidar_guide_camera_fusion.0.x_proj_h2t.weight - torch.Size([80, 512]): 
Initialized by user-defined `init_weights` in FUTR3DHead  

pts_bbox_head.transformer.decoder.layers.2.attentions.1.camera_mixer.lidar_guide_camera_fusion.0.dt_proj_h2t.weight - torch.Size([512, 16]): 
Initialized by user-defined `init_weights` in FUTR3DHead  

pts_bbox_head.transformer.decoder.layers.2.attentions.1.camera_mixer.lidar_guide_camera_fusion.0.dt_proj_h2t.bias - torch.Size([512]): 
The value is the same before and after calling `init_weights` of FUTR3D  

pts_bbox_head.transformer.decoder.layers.2.attentions.1.camera_mixer.lidar_guide_camera_fusion.0.x_proj_t2h.weight - torch.Size([80, 512]): 
Initialized by user-defined `init_weights` in FUTR3DHead  

pts_bbox_head.transformer.decoder.layers.2.attentions.1.camera_mixer.lidar_guide_camera_fusion.0.dt_proj_t2h.weight - torch.Size([512, 16]): 
Initialized by user-defined `init_weights` in FUTR3DHead  

pts_bbox_head.transformer.decoder.layers.2.attentions.1.camera_mixer.lidar_guide_camera_fusion.0.dt_proj_t2h.bias - torch.Size([512]): 
The value is the same before and after calling `init_weights` of FUTR3D  

pts_bbox_head.transformer.decoder.layers.2.attentions.1.camera_mixer.lidar_guide_camera_fusion.0.out_proj.weight - torch.Size([256, 512]): 
Initialized by user-defined `init_weights` in FUTR3DHead  

pts_bbox_head.transformer.decoder.layers.2.attentions.1.camera_mixer.lidar_guide_camera_fusion.1.A_log_h2t - torch.Size([512, 32]): 
Initialized by user-defined `init_weights` in FUTR3DHead  

pts_bbox_head.transformer.decoder.layers.2.attentions.1.camera_mixer.lidar_guide_camera_fusion.1.D_h2t - torch.Size([512]): 
The value is the same before and after calling `init_weights` of FUTR3D  

pts_bbox_head.transformer.decoder.layers.2.attentions.1.camera_mixer.lidar_guide_camera_fusion.1.A_log_t2h - torch.Size([512, 32]): 
Initialized by user-defined `init_weights` in FUTR3DHead  

pts_bbox_head.transformer.decoder.layers.2.attentions.1.camera_mixer.lidar_guide_camera_fusion.1.D_t2h - torch.Size([512]): 
The value is the same before and after calling `init_weights` of FUTR3D  

pts_bbox_head.transformer.decoder.layers.2.attentions.1.camera_mixer.lidar_guide_camera_fusion.1.in_proj.weight - torch.Size([1024, 256]): 
Initialized by user-defined `init_weights` in FUTR3DHead  

pts_bbox_head.transformer.decoder.layers.2.attentions.1.camera_mixer.lidar_guide_camera_fusion.1.lidar_guidance_layer.model.0.weight - torch.Size([512, 256]): 
Initialized by user-defined `init_weights` in FUTR3DHead  

pts_bbox_head.transformer.decoder.layers.2.attentions.1.camera_mixer.lidar_guide_camera_fusion.1.lidar_guidance_layer.model.0.bias - torch.Size([512]): 
The value is the same before and after calling `init_weights` of FUTR3D  

pts_bbox_head.transformer.decoder.layers.2.attentions.1.camera_mixer.lidar_guide_camera_fusion.1.lidar_guidance_layer.model.2.weight - torch.Size([512, 512]): 
Initialized by user-defined `init_weights` in FUTR3DHead  

pts_bbox_head.transformer.decoder.layers.2.attentions.1.camera_mixer.lidar_guide_camera_fusion.1.lidar_guidance_layer.model.2.bias - torch.Size([512]): 
The value is the same before and after calling `init_weights` of FUTR3D  

pts_bbox_head.transformer.decoder.layers.2.attentions.1.camera_mixer.lidar_guide_camera_fusion.1.lidar_guidance_layer.model.4.weight - torch.Size([512, 512]): 
Initialized by user-defined `init_weights` in FUTR3DHead  

pts_bbox_head.transformer.decoder.layers.2.attentions.1.camera_mixer.lidar_guide_camera_fusion.1.lidar_guidance_layer.model.4.bias - torch.Size([512]): 
The value is the same before and after calling `init_weights` of FUTR3D  

pts_bbox_head.transformer.decoder.layers.2.attentions.1.camera_mixer.lidar_guide_camera_fusion.1.lidar_modulation_layer.0.weight - torch.Size([512, 512]): 
Initialized by user-defined `init_weights` in FUTR3DHead  

pts_bbox_head.transformer.decoder.layers.2.attentions.1.camera_mixer.lidar_guide_camera_fusion.1.lidar_modulation_layer.0.bias - torch.Size([512]): 
The value is the same before and after calling `init_weights` of FUTR3D  

pts_bbox_head.transformer.decoder.layers.2.attentions.1.camera_mixer.lidar_guide_camera_fusion.1.x_proj_h2t.weight - torch.Size([80, 512]): 
Initialized by user-defined `init_weights` in FUTR3DHead  

pts_bbox_head.transformer.decoder.layers.2.attentions.1.camera_mixer.lidar_guide_camera_fusion.1.dt_proj_h2t.weight - torch.Size([512, 16]): 
Initialized by user-defined `init_weights` in FUTR3DHead  

pts_bbox_head.transformer.decoder.layers.2.attentions.1.camera_mixer.lidar_guide_camera_fusion.1.dt_proj_h2t.bias - torch.Size([512]): 
The value is the same before and after calling `init_weights` of FUTR3D  

pts_bbox_head.transformer.decoder.layers.2.attentions.1.camera_mixer.lidar_guide_camera_fusion.1.x_proj_t2h.weight - torch.Size([80, 512]): 
Initialized by user-defined `init_weights` in FUTR3DHead  

pts_bbox_head.transformer.decoder.layers.2.attentions.1.camera_mixer.lidar_guide_camera_fusion.1.dt_proj_t2h.weight - torch.Size([512, 16]): 
Initialized by user-defined `init_weights` in FUTR3DHead  

pts_bbox_head.transformer.decoder.layers.2.attentions.1.camera_mixer.lidar_guide_camera_fusion.1.dt_proj_t2h.bias - torch.Size([512]): 
The value is the same before and after calling `init_weights` of FUTR3D  

pts_bbox_head.transformer.decoder.layers.2.attentions.1.camera_mixer.lidar_guide_camera_fusion.1.out_proj.weight - torch.Size([256, 512]): 
Initialized by user-defined `init_weights` in FUTR3DHead  

pts_bbox_head.transformer.decoder.layers.2.attentions.1.camera_mixer.norm_fusion_fuse.0.weight - torch.Size([256]): 
The value is the same before and after calling `init_weights` of FUTR3D  

pts_bbox_head.transformer.decoder.layers.2.attentions.1.camera_mixer.norm_fusion_fuse.0.bias - torch.Size([256]): 
The value is the same before and after calling `init_weights` of FUTR3D  

pts_bbox_head.transformer.decoder.layers.2.attentions.1.camera_mixer.norm_fusion_fuse.1.weight - torch.Size([256]): 
The value is the same before and after calling `init_weights` of FUTR3D  

pts_bbox_head.transformer.decoder.layers.2.attentions.1.camera_mixer.norm_fusion_fuse.1.bias - torch.Size([256]): 
The value is the same before and after calling `init_weights` of FUTR3D  

pts_bbox_head.transformer.decoder.layers.2.attentions.1.camera_mixer.norm_fusion_camera.0.weight - torch.Size([256]): 
The value is the same before and after calling `init_weights` of FUTR3D  

pts_bbox_head.transformer.decoder.layers.2.attentions.1.camera_mixer.norm_fusion_camera.0.bias - torch.Size([256]): 
The value is the same before and after calling `init_weights` of FUTR3D  

pts_bbox_head.transformer.decoder.layers.2.attentions.1.camera_mixer.norm_fusion_camera.1.weight - torch.Size([256]): 
The value is the same before and after calling `init_weights` of FUTR3D  

pts_bbox_head.transformer.decoder.layers.2.attentions.1.camera_mixer.norm_fusion_camera.1.bias - torch.Size([256]): 
The value is the same before and after calling `init_weights` of FUTR3D  

pts_bbox_head.transformer.decoder.layers.2.attentions.1.camera_mixer.camera_ffn.0.ffn.0.weight - torch.Size([1024, 256]): 
Initialized by user-defined `init_weights` in FUTR3DHead  

pts_bbox_head.transformer.decoder.layers.2.attentions.1.camera_mixer.camera_ffn.0.ffn.0.bias - torch.Size([1024]): 
The value is the same before and after calling `init_weights` of FUTR3D  

pts_bbox_head.transformer.decoder.layers.2.attentions.1.camera_mixer.camera_ffn.0.ffn.3.weight - torch.Size([256, 1024]): 
Initialized by user-defined `init_weights` in FUTR3DHead  

pts_bbox_head.transformer.decoder.layers.2.attentions.1.camera_mixer.camera_ffn.0.ffn.3.bias - torch.Size([256]): 
The value is the same before and after calling `init_weights` of FUTR3D  

pts_bbox_head.transformer.decoder.layers.2.attentions.1.camera_mixer.camera_ffn.1.ffn.0.weight - torch.Size([1024, 256]): 
Initialized by user-defined `init_weights` in FUTR3DHead  

pts_bbox_head.transformer.decoder.layers.2.attentions.1.camera_mixer.camera_ffn.1.ffn.0.bias - torch.Size([1024]): 
The value is the same before and after calling `init_weights` of FUTR3D  

pts_bbox_head.transformer.decoder.layers.2.attentions.1.camera_mixer.camera_ffn.1.ffn.3.weight - torch.Size([256, 1024]): 
Initialized by user-defined `init_weights` in FUTR3DHead  

pts_bbox_head.transformer.decoder.layers.2.attentions.1.camera_mixer.camera_ffn.1.ffn.3.bias - torch.Size([256]): 
The value is the same before and after calling `init_weights` of FUTR3D  

pts_bbox_head.transformer.decoder.layers.2.attentions.1.camera_mixer.camera_ffn_norm.0.weight - torch.Size([256]): 
The value is the same before and after calling `init_weights` of FUTR3D  

pts_bbox_head.transformer.decoder.layers.2.attentions.1.camera_mixer.camera_ffn_norm.0.bias - torch.Size([256]): 
The value is the same before and after calling `init_weights` of FUTR3D  

pts_bbox_head.transformer.decoder.layers.2.attentions.1.camera_mixer.camera_ffn_norm.1.weight - torch.Size([256]): 
The value is the same before and after calling `init_weights` of FUTR3D  

pts_bbox_head.transformer.decoder.layers.2.attentions.1.camera_mixer.camera_ffn_norm.1.bias - torch.Size([256]): 
The value is the same before and after calling `init_weights` of FUTR3D  

pts_bbox_head.transformer.decoder.layers.2.ffns.0.layers.0.0.weight - torch.Size([1024, 256]): 
Initialized by user-defined `init_weights` in FUTR3DHead  

pts_bbox_head.transformer.decoder.layers.2.ffns.0.layers.0.0.bias - torch.Size([1024]): 
The value is the same before and after calling `init_weights` of FUTR3D  

pts_bbox_head.transformer.decoder.layers.2.ffns.0.layers.1.weight - torch.Size([256, 1024]): 
Initialized by user-defined `init_weights` in FUTR3DHead  

pts_bbox_head.transformer.decoder.layers.2.ffns.0.layers.1.bias - torch.Size([256]): 
The value is the same before and after calling `init_weights` of FUTR3D  

pts_bbox_head.transformer.decoder.layers.2.norms.0.weight - torch.Size([256]): 
The value is the same before and after calling `init_weights` of FUTR3D  

pts_bbox_head.transformer.decoder.layers.2.norms.0.bias - torch.Size([256]): 
The value is the same before and after calling `init_weights` of FUTR3D  

pts_bbox_head.transformer.decoder.layers.2.norms.1.weight - torch.Size([256]): 
The value is the same before and after calling `init_weights` of FUTR3D  

pts_bbox_head.transformer.decoder.layers.2.norms.1.bias - torch.Size([256]): 
The value is the same before and after calling `init_weights` of FUTR3D  

pts_bbox_head.transformer.decoder.layers.2.norms.2.weight - torch.Size([256]): 
The value is the same before and after calling `init_weights` of FUTR3D  

pts_bbox_head.transformer.decoder.layers.2.norms.2.bias - torch.Size([256]): 
The value is the same before and after calling `init_weights` of FUTR3D  

pts_bbox_head.transformer.decoder.layers.3.attentions.0.0.attn.in_proj_weight - torch.Size([768, 256]): 
Initialized by user-defined `init_weights` in FUTR3DHead  

pts_bbox_head.transformer.decoder.layers.3.attentions.0.0.attn.in_proj_bias - torch.Size([768]): 
The value is the same before and after calling `init_weights` of FUTR3D  

pts_bbox_head.transformer.decoder.layers.3.attentions.0.0.attn.out_proj.weight - torch.Size([256, 256]): 
Initialized by user-defined `init_weights` in FUTR3DHead  

pts_bbox_head.transformer.decoder.layers.3.attentions.0.0.attn.out_proj.bias - torch.Size([256]): 
The value is the same before and after calling `init_weights` of FUTR3D  

pts_bbox_head.transformer.decoder.layers.3.attentions.0.1.weight - torch.Size([256]): 
The value is the same before and after calling `init_weights` of FUTR3D  

pts_bbox_head.transformer.decoder.layers.3.attentions.0.2.layers.0.norm_before.weight - torch.Size([256]): 
The value is the same before and after calling `init_weights` of FUTR3D  

pts_bbox_head.transformer.decoder.layers.3.attentions.0.2.layers.0.mamba.A_log_f - torch.Size([512, 64]): 
Initialized by user-defined `init_weights` in FUTR3DHead  

pts_bbox_head.transformer.decoder.layers.3.attentions.0.2.layers.0.mamba.A_log_b - torch.Size([512, 64]): 
Initialized by user-defined `init_weights` in FUTR3DHead  

pts_bbox_head.transformer.decoder.layers.3.attentions.0.2.layers.0.mamba.D_f - torch.Size([512]): 
The value is the same before and after calling `init_weights` of FUTR3D  

pts_bbox_head.transformer.decoder.layers.3.attentions.0.2.layers.0.mamba.D_b - torch.Size([512]): 
The value is the same before and after calling `init_weights` of FUTR3D  

pts_bbox_head.transformer.decoder.layers.3.attentions.0.2.layers.0.mamba.A_log_f_xy - torch.Size([512, 64]): 
Initialized by user-defined `init_weights` in FUTR3DHead  

pts_bbox_head.transformer.decoder.layers.3.attentions.0.2.layers.0.mamba.A_log_b_xy - torch.Size([512, 64]): 
Initialized by user-defined `init_weights` in FUTR3DHead  

pts_bbox_head.transformer.decoder.layers.3.attentions.0.2.layers.0.mamba.D_f_xy - torch.Size([512]): 
The value is the same before and after calling `init_weights` of FUTR3D  

pts_bbox_head.transformer.decoder.layers.3.attentions.0.2.layers.0.mamba.D_b_xy - torch.Size([512]): 
The value is the same before and after calling `init_weights` of FUTR3D  

pts_bbox_head.transformer.decoder.layers.3.attentions.0.2.layers.0.mamba.in_proj.weight - torch.Size([2048, 256]): 
Initialized by user-defined `init_weights` in FUTR3DHead  

pts_bbox_head.transformer.decoder.layers.3.attentions.0.2.layers.0.mamba.in_proj_xy.weight - torch.Size([2048, 256]): 
Initialized by user-defined `init_weights` in FUTR3DHead  

pts_bbox_head.transformer.decoder.layers.3.attentions.0.2.layers.0.mamba.x_proj_f.weight - torch.Size([144, 512]): 
Initialized by user-defined `init_weights` in FUTR3DHead  

pts_bbox_head.transformer.decoder.layers.3.attentions.0.2.layers.0.mamba.x_proj_b.weight - torch.Size([144, 512]): 
Initialized by user-defined `init_weights` in FUTR3DHead  

pts_bbox_head.transformer.decoder.layers.3.attentions.0.2.layers.0.mamba.dt_proj_f.weight - torch.Size([512, 16]): 
Initialized by user-defined `init_weights` in FUTR3DHead  

pts_bbox_head.transformer.decoder.layers.3.attentions.0.2.layers.0.mamba.dt_proj_f.bias - torch.Size([512]): 
The value is the same before and after calling `init_weights` of FUTR3D  

pts_bbox_head.transformer.decoder.layers.3.attentions.0.2.layers.0.mamba.dt_proj_b.weight - torch.Size([512, 16]): 
Initialized by user-defined `init_weights` in FUTR3DHead  

pts_bbox_head.transformer.decoder.layers.3.attentions.0.2.layers.0.mamba.dt_proj_b.bias - torch.Size([512]): 
The value is the same before and after calling `init_weights` of FUTR3D  

pts_bbox_head.transformer.decoder.layers.3.attentions.0.2.layers.0.mamba.x_proj_f_xy.weight - torch.Size([144, 512]): 
Initialized by user-defined `init_weights` in FUTR3DHead  

pts_bbox_head.transformer.decoder.layers.3.attentions.0.2.layers.0.mamba.x_proj_b_xy.weight - torch.Size([144, 512]): 
Initialized by user-defined `init_weights` in FUTR3DHead  

pts_bbox_head.transformer.decoder.layers.3.attentions.0.2.layers.0.mamba.dt_proj_f_xy.weight - torch.Size([512, 16]): 
Initialized by user-defined `init_weights` in FUTR3DHead  

pts_bbox_head.transformer.decoder.layers.3.attentions.0.2.layers.0.mamba.dt_proj_f_xy.bias - torch.Size([512]): 
The value is the same before and after calling `init_weights` of FUTR3D  

pts_bbox_head.transformer.decoder.layers.3.attentions.0.2.layers.0.mamba.dt_proj_b_xy.weight - torch.Size([512, 16]): 
Initialized by user-defined `init_weights` in FUTR3DHead  

pts_bbox_head.transformer.decoder.layers.3.attentions.0.2.layers.0.mamba.dt_proj_b_xy.bias - torch.Size([512]): 
The value is the same before and after calling `init_weights` of FUTR3D  

pts_bbox_head.transformer.decoder.layers.3.attentions.0.2.layers.0.mamba.conv1d_x_f.weight - torch.Size([512, 1, 4]): 
Initialized by user-defined `init_weights` in FUTR3DHead  

pts_bbox_head.transformer.decoder.layers.3.attentions.0.2.layers.0.mamba.conv1d_x_f.bias - torch.Size([512]): 
The value is the same before and after calling `init_weights` of FUTR3D  

pts_bbox_head.transformer.decoder.layers.3.attentions.0.2.layers.0.mamba.conv1d_z_f.weight - torch.Size([512, 1, 4]): 
Initialized by user-defined `init_weights` in FUTR3DHead  

pts_bbox_head.transformer.decoder.layers.3.attentions.0.2.layers.0.mamba.conv1d_z_f.bias - torch.Size([512]): 
The value is the same before and after calling `init_weights` of FUTR3D  

pts_bbox_head.transformer.decoder.layers.3.attentions.0.2.layers.0.mamba.conv1d_x_b.weight - torch.Size([512, 1, 4]): 
Initialized by user-defined `init_weights` in FUTR3DHead  

pts_bbox_head.transformer.decoder.layers.3.attentions.0.2.layers.0.mamba.conv1d_x_b.bias - torch.Size([512]): 
The value is the same before and after calling `init_weights` of FUTR3D  

pts_bbox_head.transformer.decoder.layers.3.attentions.0.2.layers.0.mamba.conv1d_z_b.weight - torch.Size([512, 1, 4]): 
Initialized by user-defined `init_weights` in FUTR3DHead  

pts_bbox_head.transformer.decoder.layers.3.attentions.0.2.layers.0.mamba.conv1d_z_b.bias - torch.Size([512]): 
The value is the same before and after calling `init_weights` of FUTR3D  

pts_bbox_head.transformer.decoder.layers.3.attentions.0.2.layers.0.mamba.conv1d_x_xy_f.weight - torch.Size([512, 1, 4]): 
Initialized by user-defined `init_weights` in FUTR3DHead  

pts_bbox_head.transformer.decoder.layers.3.attentions.0.2.layers.0.mamba.conv1d_x_xy_f.bias - torch.Size([512]): 
The value is the same before and after calling `init_weights` of FUTR3D  

pts_bbox_head.transformer.decoder.layers.3.attentions.0.2.layers.0.mamba.conv1d_z_xy_f.weight - torch.Size([512, 1, 4]): 
Initialized by user-defined `init_weights` in FUTR3DHead  

pts_bbox_head.transformer.decoder.layers.3.attentions.0.2.layers.0.mamba.conv1d_z_xy_f.bias - torch.Size([512]): 
The value is the same before and after calling `init_weights` of FUTR3D  

pts_bbox_head.transformer.decoder.layers.3.attentions.0.2.layers.0.mamba.conv1d_x_xy_b.weight - torch.Size([512, 1, 4]): 
Initialized by user-defined `init_weights` in FUTR3DHead  

pts_bbox_head.transformer.decoder.layers.3.attentions.0.2.layers.0.mamba.conv1d_x_xy_b.bias - torch.Size([512]): 
The value is the same before and after calling `init_weights` of FUTR3D  

pts_bbox_head.transformer.decoder.layers.3.attentions.0.2.layers.0.mamba.conv1d_z_xy_b.weight - torch.Size([512, 1, 4]): 
Initialized by user-defined `init_weights` in FUTR3DHead  

pts_bbox_head.transformer.decoder.layers.3.attentions.0.2.layers.0.mamba.conv1d_z_xy_b.bias - torch.Size([512]): 
The value is the same before and after calling `init_weights` of FUTR3D  

pts_bbox_head.transformer.decoder.layers.3.attentions.0.2.layers.0.mamba.out_proj.weight - torch.Size([256, 2048]): 
Initialized by user-defined `init_weights` in FUTR3DHead  

pts_bbox_head.transformer.decoder.layers.3.attentions.0.2.layers.0.mamba.global_proj.weight - torch.Size([2048, 2048]): 
Initialized by user-defined `init_weights` in FUTR3DHead  

pts_bbox_head.transformer.decoder.layers.3.attentions.0.2.layers.0.mamba.global_proj.bias - torch.Size([2048]): 
The value is the same before and after calling `init_weights` of FUTR3D  

pts_bbox_head.transformer.decoder.layers.3.attentions.0.2.layers.0.norm.weight - torch.Size([256]): 
The value is the same before and after calling `init_weights` of FUTR3D  

pts_bbox_head.transformer.decoder.layers.3.attentions.0.2.layers.0.mlp.gate_proj.weight - torch.Size([1024, 256]): 
Initialized by user-defined `init_weights` in FUTR3DHead  

pts_bbox_head.transformer.decoder.layers.3.attentions.0.2.layers.0.mlp.up_proj.weight - torch.Size([1024, 256]): 
Initialized by user-defined `init_weights` in FUTR3DHead  

pts_bbox_head.transformer.decoder.layers.3.attentions.0.2.layers.0.mlp.down_proj.weight - torch.Size([256, 1024]): 
Initialized by user-defined `init_weights` in FUTR3DHead  

pts_bbox_head.transformer.decoder.layers.3.attentions.0.2.layers.0.mlp_norm.weight - torch.Size([256]): 
The value is the same before and after calling `init_weights` of FUTR3D  

pts_bbox_head.transformer.decoder.layers.3.attentions.0.2.layers.1.norm_before.weight - torch.Size([256]): 
The value is the same before and after calling `init_weights` of FUTR3D  

pts_bbox_head.transformer.decoder.layers.3.attentions.0.2.layers.1.mamba.A_log_f - torch.Size([512, 64]): 
Initialized by user-defined `init_weights` in FUTR3DHead  

pts_bbox_head.transformer.decoder.layers.3.attentions.0.2.layers.1.mamba.A_log_b - torch.Size([512, 64]): 
Initialized by user-defined `init_weights` in FUTR3DHead  

pts_bbox_head.transformer.decoder.layers.3.attentions.0.2.layers.1.mamba.D_f - torch.Size([512]): 
The value is the same before and after calling `init_weights` of FUTR3D  

pts_bbox_head.transformer.decoder.layers.3.attentions.0.2.layers.1.mamba.D_b - torch.Size([512]): 
The value is the same before and after calling `init_weights` of FUTR3D  

pts_bbox_head.transformer.decoder.layers.3.attentions.0.2.layers.1.mamba.A_log_f_xy - torch.Size([512, 64]): 
Initialized by user-defined `init_weights` in FUTR3DHead  

pts_bbox_head.transformer.decoder.layers.3.attentions.0.2.layers.1.mamba.A_log_b_xy - torch.Size([512, 64]): 
Initialized by user-defined `init_weights` in FUTR3DHead  

pts_bbox_head.transformer.decoder.layers.3.attentions.0.2.layers.1.mamba.D_f_xy - torch.Size([512]): 
The value is the same before and after calling `init_weights` of FUTR3D  

pts_bbox_head.transformer.decoder.layers.3.attentions.0.2.layers.1.mamba.D_b_xy - torch.Size([512]): 
The value is the same before and after calling `init_weights` of FUTR3D  

pts_bbox_head.transformer.decoder.layers.3.attentions.0.2.layers.1.mamba.in_proj.weight - torch.Size([2048, 256]): 
Initialized by user-defined `init_weights` in FUTR3DHead  

pts_bbox_head.transformer.decoder.layers.3.attentions.0.2.layers.1.mamba.in_proj_xy.weight - torch.Size([2048, 256]): 
Initialized by user-defined `init_weights` in FUTR3DHead  

pts_bbox_head.transformer.decoder.layers.3.attentions.0.2.layers.1.mamba.x_proj_f.weight - torch.Size([144, 512]): 
Initialized by user-defined `init_weights` in FUTR3DHead  

pts_bbox_head.transformer.decoder.layers.3.attentions.0.2.layers.1.mamba.x_proj_b.weight - torch.Size([144, 512]): 
Initialized by user-defined `init_weights` in FUTR3DHead  

pts_bbox_head.transformer.decoder.layers.3.attentions.0.2.layers.1.mamba.dt_proj_f.weight - torch.Size([512, 16]): 
Initialized by user-defined `init_weights` in FUTR3DHead  

pts_bbox_head.transformer.decoder.layers.3.attentions.0.2.layers.1.mamba.dt_proj_f.bias - torch.Size([512]): 
The value is the same before and after calling `init_weights` of FUTR3D  

pts_bbox_head.transformer.decoder.layers.3.attentions.0.2.layers.1.mamba.dt_proj_b.weight - torch.Size([512, 16]): 
Initialized by user-defined `init_weights` in FUTR3DHead  

pts_bbox_head.transformer.decoder.layers.3.attentions.0.2.layers.1.mamba.dt_proj_b.bias - torch.Size([512]): 
The value is the same before and after calling `init_weights` of FUTR3D  

pts_bbox_head.transformer.decoder.layers.3.attentions.0.2.layers.1.mamba.x_proj_f_xy.weight - torch.Size([144, 512]): 
Initialized by user-defined `init_weights` in FUTR3DHead  

pts_bbox_head.transformer.decoder.layers.3.attentions.0.2.layers.1.mamba.x_proj_b_xy.weight - torch.Size([144, 512]): 
Initialized by user-defined `init_weights` in FUTR3DHead  

pts_bbox_head.transformer.decoder.layers.3.attentions.0.2.layers.1.mamba.dt_proj_f_xy.weight - torch.Size([512, 16]): 
Initialized by user-defined `init_weights` in FUTR3DHead  

pts_bbox_head.transformer.decoder.layers.3.attentions.0.2.layers.1.mamba.dt_proj_f_xy.bias - torch.Size([512]): 
The value is the same before and after calling `init_weights` of FUTR3D  

pts_bbox_head.transformer.decoder.layers.3.attentions.0.2.layers.1.mamba.dt_proj_b_xy.weight - torch.Size([512, 16]): 
Initialized by user-defined `init_weights` in FUTR3DHead  

pts_bbox_head.transformer.decoder.layers.3.attentions.0.2.layers.1.mamba.dt_proj_b_xy.bias - torch.Size([512]): 
The value is the same before and after calling `init_weights` of FUTR3D  

pts_bbox_head.transformer.decoder.layers.3.attentions.0.2.layers.1.mamba.conv1d_x_f.weight - torch.Size([512, 1, 4]): 
Initialized by user-defined `init_weights` in FUTR3DHead  

pts_bbox_head.transformer.decoder.layers.3.attentions.0.2.layers.1.mamba.conv1d_x_f.bias - torch.Size([512]): 
The value is the same before and after calling `init_weights` of FUTR3D  

pts_bbox_head.transformer.decoder.layers.3.attentions.0.2.layers.1.mamba.conv1d_z_f.weight - torch.Size([512, 1, 4]): 
Initialized by user-defined `init_weights` in FUTR3DHead  

pts_bbox_head.transformer.decoder.layers.3.attentions.0.2.layers.1.mamba.conv1d_z_f.bias - torch.Size([512]): 
The value is the same before and after calling `init_weights` of FUTR3D  

pts_bbox_head.transformer.decoder.layers.3.attentions.0.2.layers.1.mamba.conv1d_x_b.weight - torch.Size([512, 1, 4]): 
Initialized by user-defined `init_weights` in FUTR3DHead  

pts_bbox_head.transformer.decoder.layers.3.attentions.0.2.layers.1.mamba.conv1d_x_b.bias - torch.Size([512]): 
The value is the same before and after calling `init_weights` of FUTR3D  

pts_bbox_head.transformer.decoder.layers.3.attentions.0.2.layers.1.mamba.conv1d_z_b.weight - torch.Size([512, 1, 4]): 
Initialized by user-defined `init_weights` in FUTR3DHead  

pts_bbox_head.transformer.decoder.layers.3.attentions.0.2.layers.1.mamba.conv1d_z_b.bias - torch.Size([512]): 
The value is the same before and after calling `init_weights` of FUTR3D  

pts_bbox_head.transformer.decoder.layers.3.attentions.0.2.layers.1.mamba.conv1d_x_xy_f.weight - torch.Size([512, 1, 4]): 
Initialized by user-defined `init_weights` in FUTR3DHead  

pts_bbox_head.transformer.decoder.layers.3.attentions.0.2.layers.1.mamba.conv1d_x_xy_f.bias - torch.Size([512]): 
The value is the same before and after calling `init_weights` of FUTR3D  

pts_bbox_head.transformer.decoder.layers.3.attentions.0.2.layers.1.mamba.conv1d_z_xy_f.weight - torch.Size([512, 1, 4]): 
Initialized by user-defined `init_weights` in FUTR3DHead  

pts_bbox_head.transformer.decoder.layers.3.attentions.0.2.layers.1.mamba.conv1d_z_xy_f.bias - torch.Size([512]): 
The value is the same before and after calling `init_weights` of FUTR3D  

pts_bbox_head.transformer.decoder.layers.3.attentions.0.2.layers.1.mamba.conv1d_x_xy_b.weight - torch.Size([512, 1, 4]): 
Initialized by user-defined `init_weights` in FUTR3DHead  

pts_bbox_head.transformer.decoder.layers.3.attentions.0.2.layers.1.mamba.conv1d_x_xy_b.bias - torch.Size([512]): 
The value is the same before and after calling `init_weights` of FUTR3D  

pts_bbox_head.transformer.decoder.layers.3.attentions.0.2.layers.1.mamba.conv1d_z_xy_b.weight - torch.Size([512, 1, 4]): 
Initialized by user-defined `init_weights` in FUTR3DHead  

pts_bbox_head.transformer.decoder.layers.3.attentions.0.2.layers.1.mamba.conv1d_z_xy_b.bias - torch.Size([512]): 
The value is the same before and after calling `init_weights` of FUTR3D  

pts_bbox_head.transformer.decoder.layers.3.attentions.0.2.layers.1.mamba.out_proj.weight - torch.Size([256, 2048]): 
Initialized by user-defined `init_weights` in FUTR3DHead  

pts_bbox_head.transformer.decoder.layers.3.attentions.0.2.layers.1.mamba.global_proj.weight - torch.Size([2048, 2048]): 
Initialized by user-defined `init_weights` in FUTR3DHead  

pts_bbox_head.transformer.decoder.layers.3.attentions.0.2.layers.1.mamba.global_proj.bias - torch.Size([2048]): 
The value is the same before and after calling `init_weights` of FUTR3D  

pts_bbox_head.transformer.decoder.layers.3.attentions.0.2.layers.1.norm.weight - torch.Size([256]): 
The value is the same before and after calling `init_weights` of FUTR3D  

pts_bbox_head.transformer.decoder.layers.3.attentions.0.2.layers.1.mlp.gate_proj.weight - torch.Size([1024, 256]): 
Initialized by user-defined `init_weights` in FUTR3DHead  

pts_bbox_head.transformer.decoder.layers.3.attentions.0.2.layers.1.mlp.up_proj.weight - torch.Size([1024, 256]): 
Initialized by user-defined `init_weights` in FUTR3DHead  

pts_bbox_head.transformer.decoder.layers.3.attentions.0.2.layers.1.mlp.down_proj.weight - torch.Size([256, 1024]): 
Initialized by user-defined `init_weights` in FUTR3DHead  

pts_bbox_head.transformer.decoder.layers.3.attentions.1.sampling_offsets.weight - torch.Size([256, 256]): 
Initialized by user-defined `init_weights` in FUTR3DHead  

pts_bbox_head.transformer.decoder.layers.3.attentions.1.sampling_offsets.bias - torch.Size([256]): 
The value is the same before and after calling `init_weights` of FUTR3D  

pts_bbox_head.transformer.decoder.layers.3.attentions.1.attention_weights.weight - torch.Size([128, 256]): 
Initialized by user-defined `init_weights` in FUTR3DHead  

pts_bbox_head.transformer.decoder.layers.3.attentions.1.attention_weights.bias - torch.Size([128]): 
The value is the same before and after calling `init_weights` of FUTR3D  

pts_bbox_head.transformer.decoder.layers.3.attentions.1.value_proj.weight - torch.Size([256, 256]): 
Initialized by user-defined `init_weights` in FUTR3DHead  

pts_bbox_head.transformer.decoder.layers.3.attentions.1.value_proj.bias - torch.Size([256]): 
The value is the same before and after calling `init_weights` of FUTR3D  

pts_bbox_head.transformer.decoder.layers.3.attentions.1.output_proj.weight - torch.Size([256, 256]): 
Initialized by user-defined `init_weights` in FUTR3DHead  

pts_bbox_head.transformer.decoder.layers.3.attentions.1.output_proj.bias - torch.Size([256]): 
The value is the same before and after calling `init_weights` of FUTR3D  

pts_bbox_head.transformer.decoder.layers.3.attentions.1.img_attention_weights.weight - torch.Size([24, 256]): 
Initialized by user-defined `init_weights` in FUTR3DHead  

pts_bbox_head.transformer.decoder.layers.3.attentions.1.img_attention_weights.bias - torch.Size([24]): 
The value is the same before and after calling `init_weights` of FUTR3D  

pts_bbox_head.transformer.decoder.layers.3.attentions.1.img_output_proj.weight - torch.Size([256, 256]): 
Initialized by user-defined `init_weights` in FUTR3DHead  

pts_bbox_head.transformer.decoder.layers.3.attentions.1.img_output_proj.bias - torch.Size([256]): 
The value is the same before and after calling `init_weights` of FUTR3D  

pts_bbox_head.transformer.decoder.layers.3.attentions.1.position_encoder.0.weight - torch.Size([256, 3]): 
Initialized by user-defined `init_weights` in FUTR3DHead  

pts_bbox_head.transformer.decoder.layers.3.attentions.1.position_encoder.0.bias - torch.Size([256]): 
The value is the same before and after calling `init_weights` of FUTR3D  

pts_bbox_head.transformer.decoder.layers.3.attentions.1.position_encoder.1.weight - torch.Size([256]): 
The value is the same before and after calling `init_weights` of FUTR3D  

pts_bbox_head.transformer.decoder.layers.3.attentions.1.position_encoder.1.bias - torch.Size([256]): 
The value is the same before and after calling `init_weights` of FUTR3D  

pts_bbox_head.transformer.decoder.layers.3.attentions.1.position_encoder.3.weight - torch.Size([256, 256]): 
Initialized by user-defined `init_weights` in FUTR3DHead  

pts_bbox_head.transformer.decoder.layers.3.attentions.1.position_encoder.3.bias - torch.Size([256]): 
The value is the same before and after calling `init_weights` of FUTR3D  

pts_bbox_head.transformer.decoder.layers.3.attentions.1.position_encoder.4.weight - torch.Size([256]): 
The value is the same before and after calling `init_weights` of FUTR3D  

pts_bbox_head.transformer.decoder.layers.3.attentions.1.position_encoder.4.bias - torch.Size([256]): 
The value is the same before and after calling `init_weights` of FUTR3D  

pts_bbox_head.transformer.decoder.layers.3.attentions.1.modality_fusion_layer.0.weight - torch.Size([256, 768]): 
Initialized by user-defined `init_weights` in FUTR3DHead  

pts_bbox_head.transformer.decoder.layers.3.attentions.1.modality_fusion_layer.0.bias - torch.Size([256]): 
The value is the same before and after calling `init_weights` of FUTR3D  

pts_bbox_head.transformer.decoder.layers.3.attentions.1.modality_fusion_layer.1.weight - torch.Size([256]): 
The value is the same before and after calling `init_weights` of FUTR3D  

pts_bbox_head.transformer.decoder.layers.3.attentions.1.modality_fusion_layer.1.bias - torch.Size([256]): 
The value is the same before and after calling `init_weights` of FUTR3D  

pts_bbox_head.transformer.decoder.layers.3.attentions.1.modality_fusion_layer.3.weight - torch.Size([256, 256]): 
Initialized by user-defined `init_weights` in FUTR3DHead  

pts_bbox_head.transformer.decoder.layers.3.attentions.1.modality_fusion_layer.3.bias - torch.Size([256]): 
The value is the same before and after calling `init_weights` of FUTR3D  

pts_bbox_head.transformer.decoder.layers.3.attentions.1.modality_fusion_layer.4.weight - torch.Size([256]): 
The value is the same before and after calling `init_weights` of FUTR3D  

pts_bbox_head.transformer.decoder.layers.3.attentions.1.modality_fusion_layer.4.bias - torch.Size([256]): 
The value is the same before and after calling `init_weights` of FUTR3D  

pts_bbox_head.transformer.decoder.layers.3.attentions.1.camera_mixer.lidar_camera_fuse_layer.0.0.weight - torch.Size([256, 512]): 
Initialized by user-defined `init_weights` in FUTR3DHead  

pts_bbox_head.transformer.decoder.layers.3.attentions.1.camera_mixer.lidar_camera_fuse_layer.0.0.bias - torch.Size([256]): 
The value is the same before and after calling `init_weights` of FUTR3D  

pts_bbox_head.transformer.decoder.layers.3.attentions.1.camera_mixer.lidar_camera_fuse_layer.0.2.weight - torch.Size([1024, 256]): 
Initialized by user-defined `init_weights` in FUTR3DHead  

pts_bbox_head.transformer.decoder.layers.3.attentions.1.camera_mixer.lidar_camera_fuse_layer.0.2.bias - torch.Size([1024]): 
The value is the same before and after calling `init_weights` of FUTR3D  

pts_bbox_head.transformer.decoder.layers.3.attentions.1.camera_mixer.lidar_camera_fuse_layer.0.4.weight - torch.Size([256, 1024]): 
Initialized by user-defined `init_weights` in FUTR3DHead  

pts_bbox_head.transformer.decoder.layers.3.attentions.1.camera_mixer.lidar_camera_fuse_layer.0.4.bias - torch.Size([256]): 
The value is the same before and after calling `init_weights` of FUTR3D  

pts_bbox_head.transformer.decoder.layers.3.attentions.1.camera_mixer.lidar_camera_fuse_layer.1.0.weight - torch.Size([256, 512]): 
Initialized by user-defined `init_weights` in FUTR3DHead  

pts_bbox_head.transformer.decoder.layers.3.attentions.1.camera_mixer.lidar_camera_fuse_layer.1.0.bias - torch.Size([256]): 
The value is the same before and after calling `init_weights` of FUTR3D  

pts_bbox_head.transformer.decoder.layers.3.attentions.1.camera_mixer.lidar_camera_fuse_layer.1.2.weight - torch.Size([1024, 256]): 
Initialized by user-defined `init_weights` in FUTR3DHead  

pts_bbox_head.transformer.decoder.layers.3.attentions.1.camera_mixer.lidar_camera_fuse_layer.1.2.bias - torch.Size([1024]): 
The value is the same before and after calling `init_weights` of FUTR3D  

pts_bbox_head.transformer.decoder.layers.3.attentions.1.camera_mixer.lidar_camera_fuse_layer.1.4.weight - torch.Size([256, 1024]): 
Initialized by user-defined `init_weights` in FUTR3DHead  

pts_bbox_head.transformer.decoder.layers.3.attentions.1.camera_mixer.lidar_camera_fuse_layer.1.4.bias - torch.Size([256]): 
The value is the same before and after calling `init_weights` of FUTR3D  

pts_bbox_head.transformer.decoder.layers.3.attentions.1.camera_mixer.lidar_guide_camera_fusion.0.A_log_h2t - torch.Size([512, 32]): 
Initialized by user-defined `init_weights` in FUTR3DHead  

pts_bbox_head.transformer.decoder.layers.3.attentions.1.camera_mixer.lidar_guide_camera_fusion.0.D_h2t - torch.Size([512]): 
The value is the same before and after calling `init_weights` of FUTR3D  

pts_bbox_head.transformer.decoder.layers.3.attentions.1.camera_mixer.lidar_guide_camera_fusion.0.A_log_t2h - torch.Size([512, 32]): 
Initialized by user-defined `init_weights` in FUTR3DHead  

pts_bbox_head.transformer.decoder.layers.3.attentions.1.camera_mixer.lidar_guide_camera_fusion.0.D_t2h - torch.Size([512]): 
The value is the same before and after calling `init_weights` of FUTR3D  

pts_bbox_head.transformer.decoder.layers.3.attentions.1.camera_mixer.lidar_guide_camera_fusion.0.in_proj.weight - torch.Size([1024, 256]): 
Initialized by user-defined `init_weights` in FUTR3DHead  

pts_bbox_head.transformer.decoder.layers.3.attentions.1.camera_mixer.lidar_guide_camera_fusion.0.lidar_guidance_layer.model.0.weight - torch.Size([512, 256]): 
Initialized by user-defined `init_weights` in FUTR3DHead  

pts_bbox_head.transformer.decoder.layers.3.attentions.1.camera_mixer.lidar_guide_camera_fusion.0.lidar_guidance_layer.model.0.bias - torch.Size([512]): 
The value is the same before and after calling `init_weights` of FUTR3D  

pts_bbox_head.transformer.decoder.layers.3.attentions.1.camera_mixer.lidar_guide_camera_fusion.0.lidar_guidance_layer.model.2.weight - torch.Size([512, 512]): 
Initialized by user-defined `init_weights` in FUTR3DHead  

pts_bbox_head.transformer.decoder.layers.3.attentions.1.camera_mixer.lidar_guide_camera_fusion.0.lidar_guidance_layer.model.2.bias - torch.Size([512]): 
The value is the same before and after calling `init_weights` of FUTR3D  

pts_bbox_head.transformer.decoder.layers.3.attentions.1.camera_mixer.lidar_guide_camera_fusion.0.lidar_guidance_layer.model.4.weight - torch.Size([512, 512]): 
Initialized by user-defined `init_weights` in FUTR3DHead  

pts_bbox_head.transformer.decoder.layers.3.attentions.1.camera_mixer.lidar_guide_camera_fusion.0.lidar_guidance_layer.model.4.bias - torch.Size([512]): 
The value is the same before and after calling `init_weights` of FUTR3D  

pts_bbox_head.transformer.decoder.layers.3.attentions.1.camera_mixer.lidar_guide_camera_fusion.0.lidar_modulation_layer.0.weight - torch.Size([512, 512]): 
Initialized by user-defined `init_weights` in FUTR3DHead  

pts_bbox_head.transformer.decoder.layers.3.attentions.1.camera_mixer.lidar_guide_camera_fusion.0.lidar_modulation_layer.0.bias - torch.Size([512]): 
The value is the same before and after calling `init_weights` of FUTR3D  

pts_bbox_head.transformer.decoder.layers.3.attentions.1.camera_mixer.lidar_guide_camera_fusion.0.x_proj_h2t.weight - torch.Size([80, 512]): 
Initialized by user-defined `init_weights` in FUTR3DHead  

pts_bbox_head.transformer.decoder.layers.3.attentions.1.camera_mixer.lidar_guide_camera_fusion.0.dt_proj_h2t.weight - torch.Size([512, 16]): 
Initialized by user-defined `init_weights` in FUTR3DHead  

pts_bbox_head.transformer.decoder.layers.3.attentions.1.camera_mixer.lidar_guide_camera_fusion.0.dt_proj_h2t.bias - torch.Size([512]): 
The value is the same before and after calling `init_weights` of FUTR3D  

pts_bbox_head.transformer.decoder.layers.3.attentions.1.camera_mixer.lidar_guide_camera_fusion.0.x_proj_t2h.weight - torch.Size([80, 512]): 
Initialized by user-defined `init_weights` in FUTR3DHead  

pts_bbox_head.transformer.decoder.layers.3.attentions.1.camera_mixer.lidar_guide_camera_fusion.0.dt_proj_t2h.weight - torch.Size([512, 16]): 
Initialized by user-defined `init_weights` in FUTR3DHead  

pts_bbox_head.transformer.decoder.layers.3.attentions.1.camera_mixer.lidar_guide_camera_fusion.0.dt_proj_t2h.bias - torch.Size([512]): 
The value is the same before and after calling `init_weights` of FUTR3D  

pts_bbox_head.transformer.decoder.layers.3.attentions.1.camera_mixer.lidar_guide_camera_fusion.0.out_proj.weight - torch.Size([256, 512]): 
Initialized by user-defined `init_weights` in FUTR3DHead  

pts_bbox_head.transformer.decoder.layers.3.attentions.1.camera_mixer.lidar_guide_camera_fusion.1.A_log_h2t - torch.Size([512, 32]): 
Initialized by user-defined `init_weights` in FUTR3DHead  

pts_bbox_head.transformer.decoder.layers.3.attentions.1.camera_mixer.lidar_guide_camera_fusion.1.D_h2t - torch.Size([512]): 
The value is the same before and after calling `init_weights` of FUTR3D  

pts_bbox_head.transformer.decoder.layers.3.attentions.1.camera_mixer.lidar_guide_camera_fusion.1.A_log_t2h - torch.Size([512, 32]): 
Initialized by user-defined `init_weights` in FUTR3DHead  

pts_bbox_head.transformer.decoder.layers.3.attentions.1.camera_mixer.lidar_guide_camera_fusion.1.D_t2h - torch.Size([512]): 
The value is the same before and after calling `init_weights` of FUTR3D  

pts_bbox_head.transformer.decoder.layers.3.attentions.1.camera_mixer.lidar_guide_camera_fusion.1.in_proj.weight - torch.Size([1024, 256]): 
Initialized by user-defined `init_weights` in FUTR3DHead  

pts_bbox_head.transformer.decoder.layers.3.attentions.1.camera_mixer.lidar_guide_camera_fusion.1.lidar_guidance_layer.model.0.weight - torch.Size([512, 256]): 
Initialized by user-defined `init_weights` in FUTR3DHead  

pts_bbox_head.transformer.decoder.layers.3.attentions.1.camera_mixer.lidar_guide_camera_fusion.1.lidar_guidance_layer.model.0.bias - torch.Size([512]): 
The value is the same before and after calling `init_weights` of FUTR3D  

pts_bbox_head.transformer.decoder.layers.3.attentions.1.camera_mixer.lidar_guide_camera_fusion.1.lidar_guidance_layer.model.2.weight - torch.Size([512, 512]): 
Initialized by user-defined `init_weights` in FUTR3DHead  

pts_bbox_head.transformer.decoder.layers.3.attentions.1.camera_mixer.lidar_guide_camera_fusion.1.lidar_guidance_layer.model.2.bias - torch.Size([512]): 
The value is the same before and after calling `init_weights` of FUTR3D  

pts_bbox_head.transformer.decoder.layers.3.attentions.1.camera_mixer.lidar_guide_camera_fusion.1.lidar_guidance_layer.model.4.weight - torch.Size([512, 512]): 
Initialized by user-defined `init_weights` in FUTR3DHead  

pts_bbox_head.transformer.decoder.layers.3.attentions.1.camera_mixer.lidar_guide_camera_fusion.1.lidar_guidance_layer.model.4.bias - torch.Size([512]): 
The value is the same before and after calling `init_weights` of FUTR3D  

pts_bbox_head.transformer.decoder.layers.3.attentions.1.camera_mixer.lidar_guide_camera_fusion.1.lidar_modulation_layer.0.weight - torch.Size([512, 512]): 
Initialized by user-defined `init_weights` in FUTR3DHead  

pts_bbox_head.transformer.decoder.layers.3.attentions.1.camera_mixer.lidar_guide_camera_fusion.1.lidar_modulation_layer.0.bias - torch.Size([512]): 
The value is the same before and after calling `init_weights` of FUTR3D  

pts_bbox_head.transformer.decoder.layers.3.attentions.1.camera_mixer.lidar_guide_camera_fusion.1.x_proj_h2t.weight - torch.Size([80, 512]): 
Initialized by user-defined `init_weights` in FUTR3DHead  

pts_bbox_head.transformer.decoder.layers.3.attentions.1.camera_mixer.lidar_guide_camera_fusion.1.dt_proj_h2t.weight - torch.Size([512, 16]): 
Initialized by user-defined `init_weights` in FUTR3DHead  

pts_bbox_head.transformer.decoder.layers.3.attentions.1.camera_mixer.lidar_guide_camera_fusion.1.dt_proj_h2t.bias - torch.Size([512]): 
The value is the same before and after calling `init_weights` of FUTR3D  

pts_bbox_head.transformer.decoder.layers.3.attentions.1.camera_mixer.lidar_guide_camera_fusion.1.x_proj_t2h.weight - torch.Size([80, 512]): 
Initialized by user-defined `init_weights` in FUTR3DHead  

pts_bbox_head.transformer.decoder.layers.3.attentions.1.camera_mixer.lidar_guide_camera_fusion.1.dt_proj_t2h.weight - torch.Size([512, 16]): 
Initialized by user-defined `init_weights` in FUTR3DHead  

pts_bbox_head.transformer.decoder.layers.3.attentions.1.camera_mixer.lidar_guide_camera_fusion.1.dt_proj_t2h.bias - torch.Size([512]): 
The value is the same before and after calling `init_weights` of FUTR3D  

pts_bbox_head.transformer.decoder.layers.3.attentions.1.camera_mixer.lidar_guide_camera_fusion.1.out_proj.weight - torch.Size([256, 512]): 
Initialized by user-defined `init_weights` in FUTR3DHead  

pts_bbox_head.transformer.decoder.layers.3.attentions.1.camera_mixer.norm_fusion_fuse.0.weight - torch.Size([256]): 
The value is the same before and after calling `init_weights` of FUTR3D  

pts_bbox_head.transformer.decoder.layers.3.attentions.1.camera_mixer.norm_fusion_fuse.0.bias - torch.Size([256]): 
The value is the same before and after calling `init_weights` of FUTR3D  

pts_bbox_head.transformer.decoder.layers.3.attentions.1.camera_mixer.norm_fusion_fuse.1.weight - torch.Size([256]): 
The value is the same before and after calling `init_weights` of FUTR3D  

pts_bbox_head.transformer.decoder.layers.3.attentions.1.camera_mixer.norm_fusion_fuse.1.bias - torch.Size([256]): 
The value is the same before and after calling `init_weights` of FUTR3D  

pts_bbox_head.transformer.decoder.layers.3.attentions.1.camera_mixer.norm_fusion_camera.0.weight - torch.Size([256]): 
The value is the same before and after calling `init_weights` of FUTR3D  

pts_bbox_head.transformer.decoder.layers.3.attentions.1.camera_mixer.norm_fusion_camera.0.bias - torch.Size([256]): 
The value is the same before and after calling `init_weights` of FUTR3D  

pts_bbox_head.transformer.decoder.layers.3.attentions.1.camera_mixer.norm_fusion_camera.1.weight - torch.Size([256]): 
The value is the same before and after calling `init_weights` of FUTR3D  

pts_bbox_head.transformer.decoder.layers.3.attentions.1.camera_mixer.norm_fusion_camera.1.bias - torch.Size([256]): 
The value is the same before and after calling `init_weights` of FUTR3D  

pts_bbox_head.transformer.decoder.layers.3.attentions.1.camera_mixer.camera_ffn.0.ffn.0.weight - torch.Size([1024, 256]): 
Initialized by user-defined `init_weights` in FUTR3DHead  

pts_bbox_head.transformer.decoder.layers.3.attentions.1.camera_mixer.camera_ffn.0.ffn.0.bias - torch.Size([1024]): 
The value is the same before and after calling `init_weights` of FUTR3D  

pts_bbox_head.transformer.decoder.layers.3.attentions.1.camera_mixer.camera_ffn.0.ffn.3.weight - torch.Size([256, 1024]): 
Initialized by user-defined `init_weights` in FUTR3DHead  

pts_bbox_head.transformer.decoder.layers.3.attentions.1.camera_mixer.camera_ffn.0.ffn.3.bias - torch.Size([256]): 
The value is the same before and after calling `init_weights` of FUTR3D  

pts_bbox_head.transformer.decoder.layers.3.attentions.1.camera_mixer.camera_ffn.1.ffn.0.weight - torch.Size([1024, 256]): 
Initialized by user-defined `init_weights` in FUTR3DHead  

pts_bbox_head.transformer.decoder.layers.3.attentions.1.camera_mixer.camera_ffn.1.ffn.0.bias - torch.Size([1024]): 
The value is the same before and after calling `init_weights` of FUTR3D  

pts_bbox_head.transformer.decoder.layers.3.attentions.1.camera_mixer.camera_ffn.1.ffn.3.weight - torch.Size([256, 1024]): 
Initialized by user-defined `init_weights` in FUTR3DHead  

pts_bbox_head.transformer.decoder.layers.3.attentions.1.camera_mixer.camera_ffn.1.ffn.3.bias - torch.Size([256]): 
The value is the same before and after calling `init_weights` of FUTR3D  

pts_bbox_head.transformer.decoder.layers.3.attentions.1.camera_mixer.camera_ffn_norm.0.weight - torch.Size([256]): 
The value is the same before and after calling `init_weights` of FUTR3D  

pts_bbox_head.transformer.decoder.layers.3.attentions.1.camera_mixer.camera_ffn_norm.0.bias - torch.Size([256]): 
The value is the same before and after calling `init_weights` of FUTR3D  

pts_bbox_head.transformer.decoder.layers.3.attentions.1.camera_mixer.camera_ffn_norm.1.weight - torch.Size([256]): 
The value is the same before and after calling `init_weights` of FUTR3D  

pts_bbox_head.transformer.decoder.layers.3.attentions.1.camera_mixer.camera_ffn_norm.1.bias - torch.Size([256]): 
The value is the same before and after calling `init_weights` of FUTR3D  

pts_bbox_head.transformer.decoder.layers.3.ffns.0.layers.0.0.weight - torch.Size([1024, 256]): 
Initialized by user-defined `init_weights` in FUTR3DHead  

pts_bbox_head.transformer.decoder.layers.3.ffns.0.layers.0.0.bias - torch.Size([1024]): 
The value is the same before and after calling `init_weights` of FUTR3D  

pts_bbox_head.transformer.decoder.layers.3.ffns.0.layers.1.weight - torch.Size([256, 1024]): 
Initialized by user-defined `init_weights` in FUTR3DHead  

pts_bbox_head.transformer.decoder.layers.3.ffns.0.layers.1.bias - torch.Size([256]): 
The value is the same before and after calling `init_weights` of FUTR3D  

pts_bbox_head.transformer.decoder.layers.3.norms.0.weight - torch.Size([256]): 
The value is the same before and after calling `init_weights` of FUTR3D  

pts_bbox_head.transformer.decoder.layers.3.norms.0.bias - torch.Size([256]): 
The value is the same before and after calling `init_weights` of FUTR3D  

pts_bbox_head.transformer.decoder.layers.3.norms.1.weight - torch.Size([256]): 
The value is the same before and after calling `init_weights` of FUTR3D  

pts_bbox_head.transformer.decoder.layers.3.norms.1.bias - torch.Size([256]): 
The value is the same before and after calling `init_weights` of FUTR3D  

pts_bbox_head.transformer.decoder.layers.3.norms.2.weight - torch.Size([256]): 
The value is the same before and after calling `init_weights` of FUTR3D  

pts_bbox_head.transformer.decoder.layers.3.norms.2.bias - torch.Size([256]): 
The value is the same before and after calling `init_weights` of FUTR3D  

pts_bbox_head.transformer.decoder.layers.4.attentions.0.0.attn.in_proj_weight - torch.Size([768, 256]): 
Initialized by user-defined `init_weights` in FUTR3DHead  

pts_bbox_head.transformer.decoder.layers.4.attentions.0.0.attn.in_proj_bias - torch.Size([768]): 
The value is the same before and after calling `init_weights` of FUTR3D  

pts_bbox_head.transformer.decoder.layers.4.attentions.0.0.attn.out_proj.weight - torch.Size([256, 256]): 
Initialized by user-defined `init_weights` in FUTR3DHead  

pts_bbox_head.transformer.decoder.layers.4.attentions.0.0.attn.out_proj.bias - torch.Size([256]): 
The value is the same before and after calling `init_weights` of FUTR3D  

pts_bbox_head.transformer.decoder.layers.4.attentions.0.1.weight - torch.Size([256]): 
The value is the same before and after calling `init_weights` of FUTR3D  

pts_bbox_head.transformer.decoder.layers.4.attentions.0.2.layers.0.norm_before.weight - torch.Size([256]): 
The value is the same before and after calling `init_weights` of FUTR3D  

pts_bbox_head.transformer.decoder.layers.4.attentions.0.2.layers.0.mamba.A_log_f - torch.Size([512, 64]): 
Initialized by user-defined `init_weights` in FUTR3DHead  

pts_bbox_head.transformer.decoder.layers.4.attentions.0.2.layers.0.mamba.A_log_b - torch.Size([512, 64]): 
Initialized by user-defined `init_weights` in FUTR3DHead  

pts_bbox_head.transformer.decoder.layers.4.attentions.0.2.layers.0.mamba.D_f - torch.Size([512]): 
The value is the same before and after calling `init_weights` of FUTR3D  

pts_bbox_head.transformer.decoder.layers.4.attentions.0.2.layers.0.mamba.D_b - torch.Size([512]): 
The value is the same before and after calling `init_weights` of FUTR3D  

pts_bbox_head.transformer.decoder.layers.4.attentions.0.2.layers.0.mamba.A_log_f_xy - torch.Size([512, 64]): 
Initialized by user-defined `init_weights` in FUTR3DHead  

pts_bbox_head.transformer.decoder.layers.4.attentions.0.2.layers.0.mamba.A_log_b_xy - torch.Size([512, 64]): 
Initialized by user-defined `init_weights` in FUTR3DHead  

pts_bbox_head.transformer.decoder.layers.4.attentions.0.2.layers.0.mamba.D_f_xy - torch.Size([512]): 
The value is the same before and after calling `init_weights` of FUTR3D  

pts_bbox_head.transformer.decoder.layers.4.attentions.0.2.layers.0.mamba.D_b_xy - torch.Size([512]): 
The value is the same before and after calling `init_weights` of FUTR3D  

pts_bbox_head.transformer.decoder.layers.4.attentions.0.2.layers.0.mamba.in_proj.weight - torch.Size([2048, 256]): 
Initialized by user-defined `init_weights` in FUTR3DHead  

pts_bbox_head.transformer.decoder.layers.4.attentions.0.2.layers.0.mamba.in_proj_xy.weight - torch.Size([2048, 256]): 
Initialized by user-defined `init_weights` in FUTR3DHead  

pts_bbox_head.transformer.decoder.layers.4.attentions.0.2.layers.0.mamba.x_proj_f.weight - torch.Size([144, 512]): 
Initialized by user-defined `init_weights` in FUTR3DHead  

pts_bbox_head.transformer.decoder.layers.4.attentions.0.2.layers.0.mamba.x_proj_b.weight - torch.Size([144, 512]): 
Initialized by user-defined `init_weights` in FUTR3DHead  

pts_bbox_head.transformer.decoder.layers.4.attentions.0.2.layers.0.mamba.dt_proj_f.weight - torch.Size([512, 16]): 
Initialized by user-defined `init_weights` in FUTR3DHead  

pts_bbox_head.transformer.decoder.layers.4.attentions.0.2.layers.0.mamba.dt_proj_f.bias - torch.Size([512]): 
The value is the same before and after calling `init_weights` of FUTR3D  

pts_bbox_head.transformer.decoder.layers.4.attentions.0.2.layers.0.mamba.dt_proj_b.weight - torch.Size([512, 16]): 
Initialized by user-defined `init_weights` in FUTR3DHead  

pts_bbox_head.transformer.decoder.layers.4.attentions.0.2.layers.0.mamba.dt_proj_b.bias - torch.Size([512]): 
The value is the same before and after calling `init_weights` of FUTR3D  

pts_bbox_head.transformer.decoder.layers.4.attentions.0.2.layers.0.mamba.x_proj_f_xy.weight - torch.Size([144, 512]): 
Initialized by user-defined `init_weights` in FUTR3DHead  

pts_bbox_head.transformer.decoder.layers.4.attentions.0.2.layers.0.mamba.x_proj_b_xy.weight - torch.Size([144, 512]): 
Initialized by user-defined `init_weights` in FUTR3DHead  

pts_bbox_head.transformer.decoder.layers.4.attentions.0.2.layers.0.mamba.dt_proj_f_xy.weight - torch.Size([512, 16]): 
Initialized by user-defined `init_weights` in FUTR3DHead  

pts_bbox_head.transformer.decoder.layers.4.attentions.0.2.layers.0.mamba.dt_proj_f_xy.bias - torch.Size([512]): 
The value is the same before and after calling `init_weights` of FUTR3D  

pts_bbox_head.transformer.decoder.layers.4.attentions.0.2.layers.0.mamba.dt_proj_b_xy.weight - torch.Size([512, 16]): 
Initialized by user-defined `init_weights` in FUTR3DHead  

pts_bbox_head.transformer.decoder.layers.4.attentions.0.2.layers.0.mamba.dt_proj_b_xy.bias - torch.Size([512]): 
The value is the same before and after calling `init_weights` of FUTR3D  

pts_bbox_head.transformer.decoder.layers.4.attentions.0.2.layers.0.mamba.conv1d_x_f.weight - torch.Size([512, 1, 4]): 
Initialized by user-defined `init_weights` in FUTR3DHead  

pts_bbox_head.transformer.decoder.layers.4.attentions.0.2.layers.0.mamba.conv1d_x_f.bias - torch.Size([512]): 
The value is the same before and after calling `init_weights` of FUTR3D  

pts_bbox_head.transformer.decoder.layers.4.attentions.0.2.layers.0.mamba.conv1d_z_f.weight - torch.Size([512, 1, 4]): 
Initialized by user-defined `init_weights` in FUTR3DHead  

pts_bbox_head.transformer.decoder.layers.4.attentions.0.2.layers.0.mamba.conv1d_z_f.bias - torch.Size([512]): 
The value is the same before and after calling `init_weights` of FUTR3D  

pts_bbox_head.transformer.decoder.layers.4.attentions.0.2.layers.0.mamba.conv1d_x_b.weight - torch.Size([512, 1, 4]): 
Initialized by user-defined `init_weights` in FUTR3DHead  

pts_bbox_head.transformer.decoder.layers.4.attentions.0.2.layers.0.mamba.conv1d_x_b.bias - torch.Size([512]): 
The value is the same before and after calling `init_weights` of FUTR3D  

pts_bbox_head.transformer.decoder.layers.4.attentions.0.2.layers.0.mamba.conv1d_z_b.weight - torch.Size([512, 1, 4]): 
Initialized by user-defined `init_weights` in FUTR3DHead  

pts_bbox_head.transformer.decoder.layers.4.attentions.0.2.layers.0.mamba.conv1d_z_b.bias - torch.Size([512]): 
The value is the same before and after calling `init_weights` of FUTR3D  

pts_bbox_head.transformer.decoder.layers.4.attentions.0.2.layers.0.mamba.conv1d_x_xy_f.weight - torch.Size([512, 1, 4]): 
Initialized by user-defined `init_weights` in FUTR3DHead  

pts_bbox_head.transformer.decoder.layers.4.attentions.0.2.layers.0.mamba.conv1d_x_xy_f.bias - torch.Size([512]): 
The value is the same before and after calling `init_weights` of FUTR3D  

pts_bbox_head.transformer.decoder.layers.4.attentions.0.2.layers.0.mamba.conv1d_z_xy_f.weight - torch.Size([512, 1, 4]): 
Initialized by user-defined `init_weights` in FUTR3DHead  

pts_bbox_head.transformer.decoder.layers.4.attentions.0.2.layers.0.mamba.conv1d_z_xy_f.bias - torch.Size([512]): 
The value is the same before and after calling `init_weights` of FUTR3D  

pts_bbox_head.transformer.decoder.layers.4.attentions.0.2.layers.0.mamba.conv1d_x_xy_b.weight - torch.Size([512, 1, 4]): 
Initialized by user-defined `init_weights` in FUTR3DHead  

pts_bbox_head.transformer.decoder.layers.4.attentions.0.2.layers.0.mamba.conv1d_x_xy_b.bias - torch.Size([512]): 
The value is the same before and after calling `init_weights` of FUTR3D  

pts_bbox_head.transformer.decoder.layers.4.attentions.0.2.layers.0.mamba.conv1d_z_xy_b.weight - torch.Size([512, 1, 4]): 
Initialized by user-defined `init_weights` in FUTR3DHead  

pts_bbox_head.transformer.decoder.layers.4.attentions.0.2.layers.0.mamba.conv1d_z_xy_b.bias - torch.Size([512]): 
The value is the same before and after calling `init_weights` of FUTR3D  

pts_bbox_head.transformer.decoder.layers.4.attentions.0.2.layers.0.mamba.out_proj.weight - torch.Size([256, 2048]): 
Initialized by user-defined `init_weights` in FUTR3DHead  

pts_bbox_head.transformer.decoder.layers.4.attentions.0.2.layers.0.mamba.global_proj.weight - torch.Size([2048, 2048]): 
Initialized by user-defined `init_weights` in FUTR3DHead  

pts_bbox_head.transformer.decoder.layers.4.attentions.0.2.layers.0.mamba.global_proj.bias - torch.Size([2048]): 
The value is the same before and after calling `init_weights` of FUTR3D  

pts_bbox_head.transformer.decoder.layers.4.attentions.0.2.layers.0.norm.weight - torch.Size([256]): 
The value is the same before and after calling `init_weights` of FUTR3D  

pts_bbox_head.transformer.decoder.layers.4.attentions.0.2.layers.0.mlp.gate_proj.weight - torch.Size([1024, 256]): 
Initialized by user-defined `init_weights` in FUTR3DHead  

pts_bbox_head.transformer.decoder.layers.4.attentions.0.2.layers.0.mlp.up_proj.weight - torch.Size([1024, 256]): 
Initialized by user-defined `init_weights` in FUTR3DHead  

pts_bbox_head.transformer.decoder.layers.4.attentions.0.2.layers.0.mlp.down_proj.weight - torch.Size([256, 1024]): 
Initialized by user-defined `init_weights` in FUTR3DHead  

pts_bbox_head.transformer.decoder.layers.4.attentions.0.2.layers.0.mlp_norm.weight - torch.Size([256]): 
The value is the same before and after calling `init_weights` of FUTR3D  

pts_bbox_head.transformer.decoder.layers.4.attentions.0.2.layers.1.norm_before.weight - torch.Size([256]): 
The value is the same before and after calling `init_weights` of FUTR3D  

pts_bbox_head.transformer.decoder.layers.4.attentions.0.2.layers.1.mamba.A_log_f - torch.Size([512, 64]): 
Initialized by user-defined `init_weights` in FUTR3DHead  

pts_bbox_head.transformer.decoder.layers.4.attentions.0.2.layers.1.mamba.A_log_b - torch.Size([512, 64]): 
Initialized by user-defined `init_weights` in FUTR3DHead  

pts_bbox_head.transformer.decoder.layers.4.attentions.0.2.layers.1.mamba.D_f - torch.Size([512]): 
The value is the same before and after calling `init_weights` of FUTR3D  

pts_bbox_head.transformer.decoder.layers.4.attentions.0.2.layers.1.mamba.D_b - torch.Size([512]): 
The value is the same before and after calling `init_weights` of FUTR3D  

pts_bbox_head.transformer.decoder.layers.4.attentions.0.2.layers.1.mamba.A_log_f_xy - torch.Size([512, 64]): 
Initialized by user-defined `init_weights` in FUTR3DHead  

pts_bbox_head.transformer.decoder.layers.4.attentions.0.2.layers.1.mamba.A_log_b_xy - torch.Size([512, 64]): 
Initialized by user-defined `init_weights` in FUTR3DHead  

pts_bbox_head.transformer.decoder.layers.4.attentions.0.2.layers.1.mamba.D_f_xy - torch.Size([512]): 
The value is the same before and after calling `init_weights` of FUTR3D  

pts_bbox_head.transformer.decoder.layers.4.attentions.0.2.layers.1.mamba.D_b_xy - torch.Size([512]): 
The value is the same before and after calling `init_weights` of FUTR3D  

pts_bbox_head.transformer.decoder.layers.4.attentions.0.2.layers.1.mamba.in_proj.weight - torch.Size([2048, 256]): 
Initialized by user-defined `init_weights` in FUTR3DHead  

pts_bbox_head.transformer.decoder.layers.4.attentions.0.2.layers.1.mamba.in_proj_xy.weight - torch.Size([2048, 256]): 
Initialized by user-defined `init_weights` in FUTR3DHead  

pts_bbox_head.transformer.decoder.layers.4.attentions.0.2.layers.1.mamba.x_proj_f.weight - torch.Size([144, 512]): 
Initialized by user-defined `init_weights` in FUTR3DHead  

pts_bbox_head.transformer.decoder.layers.4.attentions.0.2.layers.1.mamba.x_proj_b.weight - torch.Size([144, 512]): 
Initialized by user-defined `init_weights` in FUTR3DHead  

pts_bbox_head.transformer.decoder.layers.4.attentions.0.2.layers.1.mamba.dt_proj_f.weight - torch.Size([512, 16]): 
Initialized by user-defined `init_weights` in FUTR3DHead  

pts_bbox_head.transformer.decoder.layers.4.attentions.0.2.layers.1.mamba.dt_proj_f.bias - torch.Size([512]): 
The value is the same before and after calling `init_weights` of FUTR3D  

pts_bbox_head.transformer.decoder.layers.4.attentions.0.2.layers.1.mamba.dt_proj_b.weight - torch.Size([512, 16]): 
Initialized by user-defined `init_weights` in FUTR3DHead  

pts_bbox_head.transformer.decoder.layers.4.attentions.0.2.layers.1.mamba.dt_proj_b.bias - torch.Size([512]): 
The value is the same before and after calling `init_weights` of FUTR3D  

pts_bbox_head.transformer.decoder.layers.4.attentions.0.2.layers.1.mamba.x_proj_f_xy.weight - torch.Size([144, 512]): 
Initialized by user-defined `init_weights` in FUTR3DHead  

pts_bbox_head.transformer.decoder.layers.4.attentions.0.2.layers.1.mamba.x_proj_b_xy.weight - torch.Size([144, 512]): 
Initialized by user-defined `init_weights` in FUTR3DHead  

pts_bbox_head.transformer.decoder.layers.4.attentions.0.2.layers.1.mamba.dt_proj_f_xy.weight - torch.Size([512, 16]): 
Initialized by user-defined `init_weights` in FUTR3DHead  

pts_bbox_head.transformer.decoder.layers.4.attentions.0.2.layers.1.mamba.dt_proj_f_xy.bias - torch.Size([512]): 
The value is the same before and after calling `init_weights` of FUTR3D  

pts_bbox_head.transformer.decoder.layers.4.attentions.0.2.layers.1.mamba.dt_proj_b_xy.weight - torch.Size([512, 16]): 
Initialized by user-defined `init_weights` in FUTR3DHead  

pts_bbox_head.transformer.decoder.layers.4.attentions.0.2.layers.1.mamba.dt_proj_b_xy.bias - torch.Size([512]): 
The value is the same before and after calling `init_weights` of FUTR3D  

pts_bbox_head.transformer.decoder.layers.4.attentions.0.2.layers.1.mamba.conv1d_x_f.weight - torch.Size([512, 1, 4]): 
Initialized by user-defined `init_weights` in FUTR3DHead  

pts_bbox_head.transformer.decoder.layers.4.attentions.0.2.layers.1.mamba.conv1d_x_f.bias - torch.Size([512]): 
The value is the same before and after calling `init_weights` of FUTR3D  

pts_bbox_head.transformer.decoder.layers.4.attentions.0.2.layers.1.mamba.conv1d_z_f.weight - torch.Size([512, 1, 4]): 
Initialized by user-defined `init_weights` in FUTR3DHead  

pts_bbox_head.transformer.decoder.layers.4.attentions.0.2.layers.1.mamba.conv1d_z_f.bias - torch.Size([512]): 
The value is the same before and after calling `init_weights` of FUTR3D  

pts_bbox_head.transformer.decoder.layers.4.attentions.0.2.layers.1.mamba.conv1d_x_b.weight - torch.Size([512, 1, 4]): 
Initialized by user-defined `init_weights` in FUTR3DHead  

pts_bbox_head.transformer.decoder.layers.4.attentions.0.2.layers.1.mamba.conv1d_x_b.bias - torch.Size([512]): 
The value is the same before and after calling `init_weights` of FUTR3D  

pts_bbox_head.transformer.decoder.layers.4.attentions.0.2.layers.1.mamba.conv1d_z_b.weight - torch.Size([512, 1, 4]): 
Initialized by user-defined `init_weights` in FUTR3DHead  

pts_bbox_head.transformer.decoder.layers.4.attentions.0.2.layers.1.mamba.conv1d_z_b.bias - torch.Size([512]): 
The value is the same before and after calling `init_weights` of FUTR3D  

pts_bbox_head.transformer.decoder.layers.4.attentions.0.2.layers.1.mamba.conv1d_x_xy_f.weight - torch.Size([512, 1, 4]): 
Initialized by user-defined `init_weights` in FUTR3DHead  

pts_bbox_head.transformer.decoder.layers.4.attentions.0.2.layers.1.mamba.conv1d_x_xy_f.bias - torch.Size([512]): 
The value is the same before and after calling `init_weights` of FUTR3D  

pts_bbox_head.transformer.decoder.layers.4.attentions.0.2.layers.1.mamba.conv1d_z_xy_f.weight - torch.Size([512, 1, 4]): 
Initialized by user-defined `init_weights` in FUTR3DHead  

pts_bbox_head.transformer.decoder.layers.4.attentions.0.2.layers.1.mamba.conv1d_z_xy_f.bias - torch.Size([512]): 
The value is the same before and after calling `init_weights` of FUTR3D  

pts_bbox_head.transformer.decoder.layers.4.attentions.0.2.layers.1.mamba.conv1d_x_xy_b.weight - torch.Size([512, 1, 4]): 
Initialized by user-defined `init_weights` in FUTR3DHead  

pts_bbox_head.transformer.decoder.layers.4.attentions.0.2.layers.1.mamba.conv1d_x_xy_b.bias - torch.Size([512]): 
The value is the same before and after calling `init_weights` of FUTR3D  

pts_bbox_head.transformer.decoder.layers.4.attentions.0.2.layers.1.mamba.conv1d_z_xy_b.weight - torch.Size([512, 1, 4]): 
Initialized by user-defined `init_weights` in FUTR3DHead  

pts_bbox_head.transformer.decoder.layers.4.attentions.0.2.layers.1.mamba.conv1d_z_xy_b.bias - torch.Size([512]): 
The value is the same before and after calling `init_weights` of FUTR3D  

pts_bbox_head.transformer.decoder.layers.4.attentions.0.2.layers.1.mamba.out_proj.weight - torch.Size([256, 2048]): 
Initialized by user-defined `init_weights` in FUTR3DHead  

pts_bbox_head.transformer.decoder.layers.4.attentions.0.2.layers.1.mamba.global_proj.weight - torch.Size([2048, 2048]): 
Initialized by user-defined `init_weights` in FUTR3DHead  

pts_bbox_head.transformer.decoder.layers.4.attentions.0.2.layers.1.mamba.global_proj.bias - torch.Size([2048]): 
The value is the same before and after calling `init_weights` of FUTR3D  

pts_bbox_head.transformer.decoder.layers.4.attentions.0.2.layers.1.norm.weight - torch.Size([256]): 
The value is the same before and after calling `init_weights` of FUTR3D  

pts_bbox_head.transformer.decoder.layers.4.attentions.0.2.layers.1.mlp.gate_proj.weight - torch.Size([1024, 256]): 
Initialized by user-defined `init_weights` in FUTR3DHead  

pts_bbox_head.transformer.decoder.layers.4.attentions.0.2.layers.1.mlp.up_proj.weight - torch.Size([1024, 256]): 
Initialized by user-defined `init_weights` in FUTR3DHead  

pts_bbox_head.transformer.decoder.layers.4.attentions.0.2.layers.1.mlp.down_proj.weight - torch.Size([256, 1024]): 
Initialized by user-defined `init_weights` in FUTR3DHead  

pts_bbox_head.transformer.decoder.layers.4.attentions.1.sampling_offsets.weight - torch.Size([256, 256]): 
Initialized by user-defined `init_weights` in FUTR3DHead  

pts_bbox_head.transformer.decoder.layers.4.attentions.1.sampling_offsets.bias - torch.Size([256]): 
The value is the same before and after calling `init_weights` of FUTR3D  

pts_bbox_head.transformer.decoder.layers.4.attentions.1.attention_weights.weight - torch.Size([128, 256]): 
Initialized by user-defined `init_weights` in FUTR3DHead  

pts_bbox_head.transformer.decoder.layers.4.attentions.1.attention_weights.bias - torch.Size([128]): 
The value is the same before and after calling `init_weights` of FUTR3D  

pts_bbox_head.transformer.decoder.layers.4.attentions.1.value_proj.weight - torch.Size([256, 256]): 
Initialized by user-defined `init_weights` in FUTR3DHead  

pts_bbox_head.transformer.decoder.layers.4.attentions.1.value_proj.bias - torch.Size([256]): 
The value is the same before and after calling `init_weights` of FUTR3D  

pts_bbox_head.transformer.decoder.layers.4.attentions.1.output_proj.weight - torch.Size([256, 256]): 
Initialized by user-defined `init_weights` in FUTR3DHead  

pts_bbox_head.transformer.decoder.layers.4.attentions.1.output_proj.bias - torch.Size([256]): 
The value is the same before and after calling `init_weights` of FUTR3D  

pts_bbox_head.transformer.decoder.layers.4.attentions.1.img_attention_weights.weight - torch.Size([24, 256]): 
Initialized by user-defined `init_weights` in FUTR3DHead  

pts_bbox_head.transformer.decoder.layers.4.attentions.1.img_attention_weights.bias - torch.Size([24]): 
The value is the same before and after calling `init_weights` of FUTR3D  

pts_bbox_head.transformer.decoder.layers.4.attentions.1.img_output_proj.weight - torch.Size([256, 256]): 
Initialized by user-defined `init_weights` in FUTR3DHead  

pts_bbox_head.transformer.decoder.layers.4.attentions.1.img_output_proj.bias - torch.Size([256]): 
The value is the same before and after calling `init_weights` of FUTR3D  

pts_bbox_head.transformer.decoder.layers.4.attentions.1.position_encoder.0.weight - torch.Size([256, 3]): 
Initialized by user-defined `init_weights` in FUTR3DHead  

pts_bbox_head.transformer.decoder.layers.4.attentions.1.position_encoder.0.bias - torch.Size([256]): 
The value is the same before and after calling `init_weights` of FUTR3D  

pts_bbox_head.transformer.decoder.layers.4.attentions.1.position_encoder.1.weight - torch.Size([256]): 
The value is the same before and after calling `init_weights` of FUTR3D  

pts_bbox_head.transformer.decoder.layers.4.attentions.1.position_encoder.1.bias - torch.Size([256]): 
The value is the same before and after calling `init_weights` of FUTR3D  

pts_bbox_head.transformer.decoder.layers.4.attentions.1.position_encoder.3.weight - torch.Size([256, 256]): 
Initialized by user-defined `init_weights` in FUTR3DHead  

pts_bbox_head.transformer.decoder.layers.4.attentions.1.position_encoder.3.bias - torch.Size([256]): 
The value is the same before and after calling `init_weights` of FUTR3D  

pts_bbox_head.transformer.decoder.layers.4.attentions.1.position_encoder.4.weight - torch.Size([256]): 
The value is the same before and after calling `init_weights` of FUTR3D  

pts_bbox_head.transformer.decoder.layers.4.attentions.1.position_encoder.4.bias - torch.Size([256]): 
The value is the same before and after calling `init_weights` of FUTR3D  

pts_bbox_head.transformer.decoder.layers.4.attentions.1.modality_fusion_layer.0.weight - torch.Size([256, 768]): 
Initialized by user-defined `init_weights` in FUTR3DHead  

pts_bbox_head.transformer.decoder.layers.4.attentions.1.modality_fusion_layer.0.bias - torch.Size([256]): 
The value is the same before and after calling `init_weights` of FUTR3D  

pts_bbox_head.transformer.decoder.layers.4.attentions.1.modality_fusion_layer.1.weight - torch.Size([256]): 
The value is the same before and after calling `init_weights` of FUTR3D  

pts_bbox_head.transformer.decoder.layers.4.attentions.1.modality_fusion_layer.1.bias - torch.Size([256]): 
The value is the same before and after calling `init_weights` of FUTR3D  

pts_bbox_head.transformer.decoder.layers.4.attentions.1.modality_fusion_layer.3.weight - torch.Size([256, 256]): 
Initialized by user-defined `init_weights` in FUTR3DHead  

pts_bbox_head.transformer.decoder.layers.4.attentions.1.modality_fusion_layer.3.bias - torch.Size([256]): 
The value is the same before and after calling `init_weights` of FUTR3D  

pts_bbox_head.transformer.decoder.layers.4.attentions.1.modality_fusion_layer.4.weight - torch.Size([256]): 
The value is the same before and after calling `init_weights` of FUTR3D  

pts_bbox_head.transformer.decoder.layers.4.attentions.1.modality_fusion_layer.4.bias - torch.Size([256]): 
The value is the same before and after calling `init_weights` of FUTR3D  

pts_bbox_head.transformer.decoder.layers.4.attentions.1.camera_mixer.lidar_camera_fuse_layer.0.0.weight - torch.Size([256, 512]): 
Initialized by user-defined `init_weights` in FUTR3DHead  

pts_bbox_head.transformer.decoder.layers.4.attentions.1.camera_mixer.lidar_camera_fuse_layer.0.0.bias - torch.Size([256]): 
The value is the same before and after calling `init_weights` of FUTR3D  

pts_bbox_head.transformer.decoder.layers.4.attentions.1.camera_mixer.lidar_camera_fuse_layer.0.2.weight - torch.Size([1024, 256]): 
Initialized by user-defined `init_weights` in FUTR3DHead  

pts_bbox_head.transformer.decoder.layers.4.attentions.1.camera_mixer.lidar_camera_fuse_layer.0.2.bias - torch.Size([1024]): 
The value is the same before and after calling `init_weights` of FUTR3D  

pts_bbox_head.transformer.decoder.layers.4.attentions.1.camera_mixer.lidar_camera_fuse_layer.0.4.weight - torch.Size([256, 1024]): 
Initialized by user-defined `init_weights` in FUTR3DHead  

pts_bbox_head.transformer.decoder.layers.4.attentions.1.camera_mixer.lidar_camera_fuse_layer.0.4.bias - torch.Size([256]): 
The value is the same before and after calling `init_weights` of FUTR3D  

pts_bbox_head.transformer.decoder.layers.4.attentions.1.camera_mixer.lidar_camera_fuse_layer.1.0.weight - torch.Size([256, 512]): 
Initialized by user-defined `init_weights` in FUTR3DHead  

pts_bbox_head.transformer.decoder.layers.4.attentions.1.camera_mixer.lidar_camera_fuse_layer.1.0.bias - torch.Size([256]): 
The value is the same before and after calling `init_weights` of FUTR3D  

pts_bbox_head.transformer.decoder.layers.4.attentions.1.camera_mixer.lidar_camera_fuse_layer.1.2.weight - torch.Size([1024, 256]): 
Initialized by user-defined `init_weights` in FUTR3DHead  

pts_bbox_head.transformer.decoder.layers.4.attentions.1.camera_mixer.lidar_camera_fuse_layer.1.2.bias - torch.Size([1024]): 
The value is the same before and after calling `init_weights` of FUTR3D  

pts_bbox_head.transformer.decoder.layers.4.attentions.1.camera_mixer.lidar_camera_fuse_layer.1.4.weight - torch.Size([256, 1024]): 
Initialized by user-defined `init_weights` in FUTR3DHead  

pts_bbox_head.transformer.decoder.layers.4.attentions.1.camera_mixer.lidar_camera_fuse_layer.1.4.bias - torch.Size([256]): 
The value is the same before and after calling `init_weights` of FUTR3D  

pts_bbox_head.transformer.decoder.layers.4.attentions.1.camera_mixer.lidar_guide_camera_fusion.0.A_log_h2t - torch.Size([512, 32]): 
Initialized by user-defined `init_weights` in FUTR3DHead  

pts_bbox_head.transformer.decoder.layers.4.attentions.1.camera_mixer.lidar_guide_camera_fusion.0.D_h2t - torch.Size([512]): 
The value is the same before and after calling `init_weights` of FUTR3D  

pts_bbox_head.transformer.decoder.layers.4.attentions.1.camera_mixer.lidar_guide_camera_fusion.0.A_log_t2h - torch.Size([512, 32]): 
Initialized by user-defined `init_weights` in FUTR3DHead  

pts_bbox_head.transformer.decoder.layers.4.attentions.1.camera_mixer.lidar_guide_camera_fusion.0.D_t2h - torch.Size([512]): 
The value is the same before and after calling `init_weights` of FUTR3D  

pts_bbox_head.transformer.decoder.layers.4.attentions.1.camera_mixer.lidar_guide_camera_fusion.0.in_proj.weight - torch.Size([1024, 256]): 
Initialized by user-defined `init_weights` in FUTR3DHead  

pts_bbox_head.transformer.decoder.layers.4.attentions.1.camera_mixer.lidar_guide_camera_fusion.0.lidar_guidance_layer.model.0.weight - torch.Size([512, 256]): 
Initialized by user-defined `init_weights` in FUTR3DHead  

pts_bbox_head.transformer.decoder.layers.4.attentions.1.camera_mixer.lidar_guide_camera_fusion.0.lidar_guidance_layer.model.0.bias - torch.Size([512]): 
The value is the same before and after calling `init_weights` of FUTR3D  

pts_bbox_head.transformer.decoder.layers.4.attentions.1.camera_mixer.lidar_guide_camera_fusion.0.lidar_guidance_layer.model.2.weight - torch.Size([512, 512]): 
Initialized by user-defined `init_weights` in FUTR3DHead  

pts_bbox_head.transformer.decoder.layers.4.attentions.1.camera_mixer.lidar_guide_camera_fusion.0.lidar_guidance_layer.model.2.bias - torch.Size([512]): 
The value is the same before and after calling `init_weights` of FUTR3D  

pts_bbox_head.transformer.decoder.layers.4.attentions.1.camera_mixer.lidar_guide_camera_fusion.0.lidar_guidance_layer.model.4.weight - torch.Size([512, 512]): 
Initialized by user-defined `init_weights` in FUTR3DHead  

pts_bbox_head.transformer.decoder.layers.4.attentions.1.camera_mixer.lidar_guide_camera_fusion.0.lidar_guidance_layer.model.4.bias - torch.Size([512]): 
The value is the same before and after calling `init_weights` of FUTR3D  

pts_bbox_head.transformer.decoder.layers.4.attentions.1.camera_mixer.lidar_guide_camera_fusion.0.lidar_modulation_layer.0.weight - torch.Size([512, 512]): 
Initialized by user-defined `init_weights` in FUTR3DHead  

pts_bbox_head.transformer.decoder.layers.4.attentions.1.camera_mixer.lidar_guide_camera_fusion.0.lidar_modulation_layer.0.bias - torch.Size([512]): 
The value is the same before and after calling `init_weights` of FUTR3D  

pts_bbox_head.transformer.decoder.layers.4.attentions.1.camera_mixer.lidar_guide_camera_fusion.0.x_proj_h2t.weight - torch.Size([80, 512]): 
Initialized by user-defined `init_weights` in FUTR3DHead  

pts_bbox_head.transformer.decoder.layers.4.attentions.1.camera_mixer.lidar_guide_camera_fusion.0.dt_proj_h2t.weight - torch.Size([512, 16]): 
Initialized by user-defined `init_weights` in FUTR3DHead  

pts_bbox_head.transformer.decoder.layers.4.attentions.1.camera_mixer.lidar_guide_camera_fusion.0.dt_proj_h2t.bias - torch.Size([512]): 
The value is the same before and after calling `init_weights` of FUTR3D  

pts_bbox_head.transformer.decoder.layers.4.attentions.1.camera_mixer.lidar_guide_camera_fusion.0.x_proj_t2h.weight - torch.Size([80, 512]): 
Initialized by user-defined `init_weights` in FUTR3DHead  

pts_bbox_head.transformer.decoder.layers.4.attentions.1.camera_mixer.lidar_guide_camera_fusion.0.dt_proj_t2h.weight - torch.Size([512, 16]): 
Initialized by user-defined `init_weights` in FUTR3DHead  

pts_bbox_head.transformer.decoder.layers.4.attentions.1.camera_mixer.lidar_guide_camera_fusion.0.dt_proj_t2h.bias - torch.Size([512]): 
The value is the same before and after calling `init_weights` of FUTR3D  

pts_bbox_head.transformer.decoder.layers.4.attentions.1.camera_mixer.lidar_guide_camera_fusion.0.out_proj.weight - torch.Size([256, 512]): 
Initialized by user-defined `init_weights` in FUTR3DHead  

pts_bbox_head.transformer.decoder.layers.4.attentions.1.camera_mixer.lidar_guide_camera_fusion.1.A_log_h2t - torch.Size([512, 32]): 
Initialized by user-defined `init_weights` in FUTR3DHead  

pts_bbox_head.transformer.decoder.layers.4.attentions.1.camera_mixer.lidar_guide_camera_fusion.1.D_h2t - torch.Size([512]): 
The value is the same before and after calling `init_weights` of FUTR3D  

pts_bbox_head.transformer.decoder.layers.4.attentions.1.camera_mixer.lidar_guide_camera_fusion.1.A_log_t2h - torch.Size([512, 32]): 
Initialized by user-defined `init_weights` in FUTR3DHead  

pts_bbox_head.transformer.decoder.layers.4.attentions.1.camera_mixer.lidar_guide_camera_fusion.1.D_t2h - torch.Size([512]): 
The value is the same before and after calling `init_weights` of FUTR3D  

pts_bbox_head.transformer.decoder.layers.4.attentions.1.camera_mixer.lidar_guide_camera_fusion.1.in_proj.weight - torch.Size([1024, 256]): 
Initialized by user-defined `init_weights` in FUTR3DHead  

pts_bbox_head.transformer.decoder.layers.4.attentions.1.camera_mixer.lidar_guide_camera_fusion.1.lidar_guidance_layer.model.0.weight - torch.Size([512, 256]): 
Initialized by user-defined `init_weights` in FUTR3DHead  

pts_bbox_head.transformer.decoder.layers.4.attentions.1.camera_mixer.lidar_guide_camera_fusion.1.lidar_guidance_layer.model.0.bias - torch.Size([512]): 
The value is the same before and after calling `init_weights` of FUTR3D  

pts_bbox_head.transformer.decoder.layers.4.attentions.1.camera_mixer.lidar_guide_camera_fusion.1.lidar_guidance_layer.model.2.weight - torch.Size([512, 512]): 
Initialized by user-defined `init_weights` in FUTR3DHead  

pts_bbox_head.transformer.decoder.layers.4.attentions.1.camera_mixer.lidar_guide_camera_fusion.1.lidar_guidance_layer.model.2.bias - torch.Size([512]): 
The value is the same before and after calling `init_weights` of FUTR3D  

pts_bbox_head.transformer.decoder.layers.4.attentions.1.camera_mixer.lidar_guide_camera_fusion.1.lidar_guidance_layer.model.4.weight - torch.Size([512, 512]): 
Initialized by user-defined `init_weights` in FUTR3DHead  

pts_bbox_head.transformer.decoder.layers.4.attentions.1.camera_mixer.lidar_guide_camera_fusion.1.lidar_guidance_layer.model.4.bias - torch.Size([512]): 
The value is the same before and after calling `init_weights` of FUTR3D  

pts_bbox_head.transformer.decoder.layers.4.attentions.1.camera_mixer.lidar_guide_camera_fusion.1.lidar_modulation_layer.0.weight - torch.Size([512, 512]): 
Initialized by user-defined `init_weights` in FUTR3DHead  

pts_bbox_head.transformer.decoder.layers.4.attentions.1.camera_mixer.lidar_guide_camera_fusion.1.lidar_modulation_layer.0.bias - torch.Size([512]): 
The value is the same before and after calling `init_weights` of FUTR3D  

pts_bbox_head.transformer.decoder.layers.4.attentions.1.camera_mixer.lidar_guide_camera_fusion.1.x_proj_h2t.weight - torch.Size([80, 512]): 
Initialized by user-defined `init_weights` in FUTR3DHead  

pts_bbox_head.transformer.decoder.layers.4.attentions.1.camera_mixer.lidar_guide_camera_fusion.1.dt_proj_h2t.weight - torch.Size([512, 16]): 
Initialized by user-defined `init_weights` in FUTR3DHead  

pts_bbox_head.transformer.decoder.layers.4.attentions.1.camera_mixer.lidar_guide_camera_fusion.1.dt_proj_h2t.bias - torch.Size([512]): 
The value is the same before and after calling `init_weights` of FUTR3D  

pts_bbox_head.transformer.decoder.layers.4.attentions.1.camera_mixer.lidar_guide_camera_fusion.1.x_proj_t2h.weight - torch.Size([80, 512]): 
Initialized by user-defined `init_weights` in FUTR3DHead  

pts_bbox_head.transformer.decoder.layers.4.attentions.1.camera_mixer.lidar_guide_camera_fusion.1.dt_proj_t2h.weight - torch.Size([512, 16]): 
Initialized by user-defined `init_weights` in FUTR3DHead  

pts_bbox_head.transformer.decoder.layers.4.attentions.1.camera_mixer.lidar_guide_camera_fusion.1.dt_proj_t2h.bias - torch.Size([512]): 
The value is the same before and after calling `init_weights` of FUTR3D  

pts_bbox_head.transformer.decoder.layers.4.attentions.1.camera_mixer.lidar_guide_camera_fusion.1.out_proj.weight - torch.Size([256, 512]): 
Initialized by user-defined `init_weights` in FUTR3DHead  

pts_bbox_head.transformer.decoder.layers.4.attentions.1.camera_mixer.norm_fusion_fuse.0.weight - torch.Size([256]): 
The value is the same before and after calling `init_weights` of FUTR3D  

pts_bbox_head.transformer.decoder.layers.4.attentions.1.camera_mixer.norm_fusion_fuse.0.bias - torch.Size([256]): 
The value is the same before and after calling `init_weights` of FUTR3D  

pts_bbox_head.transformer.decoder.layers.4.attentions.1.camera_mixer.norm_fusion_fuse.1.weight - torch.Size([256]): 
The value is the same before and after calling `init_weights` of FUTR3D  

pts_bbox_head.transformer.decoder.layers.4.attentions.1.camera_mixer.norm_fusion_fuse.1.bias - torch.Size([256]): 
The value is the same before and after calling `init_weights` of FUTR3D  

pts_bbox_head.transformer.decoder.layers.4.attentions.1.camera_mixer.norm_fusion_camera.0.weight - torch.Size([256]): 
The value is the same before and after calling `init_weights` of FUTR3D  

pts_bbox_head.transformer.decoder.layers.4.attentions.1.camera_mixer.norm_fusion_camera.0.bias - torch.Size([256]): 
The value is the same before and after calling `init_weights` of FUTR3D  

pts_bbox_head.transformer.decoder.layers.4.attentions.1.camera_mixer.norm_fusion_camera.1.weight - torch.Size([256]): 
The value is the same before and after calling `init_weights` of FUTR3D  

pts_bbox_head.transformer.decoder.layers.4.attentions.1.camera_mixer.norm_fusion_camera.1.bias - torch.Size([256]): 
The value is the same before and after calling `init_weights` of FUTR3D  

pts_bbox_head.transformer.decoder.layers.4.attentions.1.camera_mixer.camera_ffn.0.ffn.0.weight - torch.Size([1024, 256]): 
Initialized by user-defined `init_weights` in FUTR3DHead  

pts_bbox_head.transformer.decoder.layers.4.attentions.1.camera_mixer.camera_ffn.0.ffn.0.bias - torch.Size([1024]): 
The value is the same before and after calling `init_weights` of FUTR3D  

pts_bbox_head.transformer.decoder.layers.4.attentions.1.camera_mixer.camera_ffn.0.ffn.3.weight - torch.Size([256, 1024]): 
Initialized by user-defined `init_weights` in FUTR3DHead  

pts_bbox_head.transformer.decoder.layers.4.attentions.1.camera_mixer.camera_ffn.0.ffn.3.bias - torch.Size([256]): 
The value is the same before and after calling `init_weights` of FUTR3D  

pts_bbox_head.transformer.decoder.layers.4.attentions.1.camera_mixer.camera_ffn.1.ffn.0.weight - torch.Size([1024, 256]): 
Initialized by user-defined `init_weights` in FUTR3DHead  

pts_bbox_head.transformer.decoder.layers.4.attentions.1.camera_mixer.camera_ffn.1.ffn.0.bias - torch.Size([1024]): 
The value is the same before and after calling `init_weights` of FUTR3D  

pts_bbox_head.transformer.decoder.layers.4.attentions.1.camera_mixer.camera_ffn.1.ffn.3.weight - torch.Size([256, 1024]): 
Initialized by user-defined `init_weights` in FUTR3DHead  

pts_bbox_head.transformer.decoder.layers.4.attentions.1.camera_mixer.camera_ffn.1.ffn.3.bias - torch.Size([256]): 
The value is the same before and after calling `init_weights` of FUTR3D  

pts_bbox_head.transformer.decoder.layers.4.attentions.1.camera_mixer.camera_ffn_norm.0.weight - torch.Size([256]): 
The value is the same before and after calling `init_weights` of FUTR3D  

pts_bbox_head.transformer.decoder.layers.4.attentions.1.camera_mixer.camera_ffn_norm.0.bias - torch.Size([256]): 
The value is the same before and after calling `init_weights` of FUTR3D  

pts_bbox_head.transformer.decoder.layers.4.attentions.1.camera_mixer.camera_ffn_norm.1.weight - torch.Size([256]): 
The value is the same before and after calling `init_weights` of FUTR3D  

pts_bbox_head.transformer.decoder.layers.4.attentions.1.camera_mixer.camera_ffn_norm.1.bias - torch.Size([256]): 
The value is the same before and after calling `init_weights` of FUTR3D  

pts_bbox_head.transformer.decoder.layers.4.ffns.0.layers.0.0.weight - torch.Size([1024, 256]): 
Initialized by user-defined `init_weights` in FUTR3DHead  

pts_bbox_head.transformer.decoder.layers.4.ffns.0.layers.0.0.bias - torch.Size([1024]): 
The value is the same before and after calling `init_weights` of FUTR3D  

pts_bbox_head.transformer.decoder.layers.4.ffns.0.layers.1.weight - torch.Size([256, 1024]): 
Initialized by user-defined `init_weights` in FUTR3DHead  

pts_bbox_head.transformer.decoder.layers.4.ffns.0.layers.1.bias - torch.Size([256]): 
The value is the same before and after calling `init_weights` of FUTR3D  

pts_bbox_head.transformer.decoder.layers.4.norms.0.weight - torch.Size([256]): 
The value is the same before and after calling `init_weights` of FUTR3D  

pts_bbox_head.transformer.decoder.layers.4.norms.0.bias - torch.Size([256]): 
The value is the same before and after calling `init_weights` of FUTR3D  

pts_bbox_head.transformer.decoder.layers.4.norms.1.weight - torch.Size([256]): 
The value is the same before and after calling `init_weights` of FUTR3D  

pts_bbox_head.transformer.decoder.layers.4.norms.1.bias - torch.Size([256]): 
The value is the same before and after calling `init_weights` of FUTR3D  

pts_bbox_head.transformer.decoder.layers.4.norms.2.weight - torch.Size([256]): 
The value is the same before and after calling `init_weights` of FUTR3D  

pts_bbox_head.transformer.decoder.layers.4.norms.2.bias - torch.Size([256]): 
The value is the same before and after calling `init_weights` of FUTR3D  

pts_bbox_head.transformer.decoder.layers.5.attentions.0.0.attn.in_proj_weight - torch.Size([768, 256]): 
Initialized by user-defined `init_weights` in FUTR3DHead  

pts_bbox_head.transformer.decoder.layers.5.attentions.0.0.attn.in_proj_bias - torch.Size([768]): 
The value is the same before and after calling `init_weights` of FUTR3D  

pts_bbox_head.transformer.decoder.layers.5.attentions.0.0.attn.out_proj.weight - torch.Size([256, 256]): 
Initialized by user-defined `init_weights` in FUTR3DHead  

pts_bbox_head.transformer.decoder.layers.5.attentions.0.0.attn.out_proj.bias - torch.Size([256]): 
The value is the same before and after calling `init_weights` of FUTR3D  

pts_bbox_head.transformer.decoder.layers.5.attentions.0.1.weight - torch.Size([256]): 
The value is the same before and after calling `init_weights` of FUTR3D  

pts_bbox_head.transformer.decoder.layers.5.attentions.0.2.layers.0.norm_before.weight - torch.Size([256]): 
The value is the same before and after calling `init_weights` of FUTR3D  

pts_bbox_head.transformer.decoder.layers.5.attentions.0.2.layers.0.mamba.A_log_f - torch.Size([512, 64]): 
Initialized by user-defined `init_weights` in FUTR3DHead  

pts_bbox_head.transformer.decoder.layers.5.attentions.0.2.layers.0.mamba.A_log_b - torch.Size([512, 64]): 
Initialized by user-defined `init_weights` in FUTR3DHead  

pts_bbox_head.transformer.decoder.layers.5.attentions.0.2.layers.0.mamba.D_f - torch.Size([512]): 
The value is the same before and after calling `init_weights` of FUTR3D  

pts_bbox_head.transformer.decoder.layers.5.attentions.0.2.layers.0.mamba.D_b - torch.Size([512]): 
The value is the same before and after calling `init_weights` of FUTR3D  

pts_bbox_head.transformer.decoder.layers.5.attentions.0.2.layers.0.mamba.A_log_f_xy - torch.Size([512, 64]): 
Initialized by user-defined `init_weights` in FUTR3DHead  

pts_bbox_head.transformer.decoder.layers.5.attentions.0.2.layers.0.mamba.A_log_b_xy - torch.Size([512, 64]): 
Initialized by user-defined `init_weights` in FUTR3DHead  

pts_bbox_head.transformer.decoder.layers.5.attentions.0.2.layers.0.mamba.D_f_xy - torch.Size([512]): 
The value is the same before and after calling `init_weights` of FUTR3D  

pts_bbox_head.transformer.decoder.layers.5.attentions.0.2.layers.0.mamba.D_b_xy - torch.Size([512]): 
The value is the same before and after calling `init_weights` of FUTR3D  

pts_bbox_head.transformer.decoder.layers.5.attentions.0.2.layers.0.mamba.in_proj.weight - torch.Size([2048, 256]): 
Initialized by user-defined `init_weights` in FUTR3DHead  

pts_bbox_head.transformer.decoder.layers.5.attentions.0.2.layers.0.mamba.in_proj_xy.weight - torch.Size([2048, 256]): 
Initialized by user-defined `init_weights` in FUTR3DHead  

pts_bbox_head.transformer.decoder.layers.5.attentions.0.2.layers.0.mamba.x_proj_f.weight - torch.Size([144, 512]): 
Initialized by user-defined `init_weights` in FUTR3DHead  

pts_bbox_head.transformer.decoder.layers.5.attentions.0.2.layers.0.mamba.x_proj_b.weight - torch.Size([144, 512]): 
Initialized by user-defined `init_weights` in FUTR3DHead  

pts_bbox_head.transformer.decoder.layers.5.attentions.0.2.layers.0.mamba.dt_proj_f.weight - torch.Size([512, 16]): 
Initialized by user-defined `init_weights` in FUTR3DHead  

pts_bbox_head.transformer.decoder.layers.5.attentions.0.2.layers.0.mamba.dt_proj_f.bias - torch.Size([512]): 
The value is the same before and after calling `init_weights` of FUTR3D  

pts_bbox_head.transformer.decoder.layers.5.attentions.0.2.layers.0.mamba.dt_proj_b.weight - torch.Size([512, 16]): 
Initialized by user-defined `init_weights` in FUTR3DHead  

pts_bbox_head.transformer.decoder.layers.5.attentions.0.2.layers.0.mamba.dt_proj_b.bias - torch.Size([512]): 
The value is the same before and after calling `init_weights` of FUTR3D  

pts_bbox_head.transformer.decoder.layers.5.attentions.0.2.layers.0.mamba.x_proj_f_xy.weight - torch.Size([144, 512]): 
Initialized by user-defined `init_weights` in FUTR3DHead  

pts_bbox_head.transformer.decoder.layers.5.attentions.0.2.layers.0.mamba.x_proj_b_xy.weight - torch.Size([144, 512]): 
Initialized by user-defined `init_weights` in FUTR3DHead  

pts_bbox_head.transformer.decoder.layers.5.attentions.0.2.layers.0.mamba.dt_proj_f_xy.weight - torch.Size([512, 16]): 
Initialized by user-defined `init_weights` in FUTR3DHead  

pts_bbox_head.transformer.decoder.layers.5.attentions.0.2.layers.0.mamba.dt_proj_f_xy.bias - torch.Size([512]): 
The value is the same before and after calling `init_weights` of FUTR3D  

pts_bbox_head.transformer.decoder.layers.5.attentions.0.2.layers.0.mamba.dt_proj_b_xy.weight - torch.Size([512, 16]): 
Initialized by user-defined `init_weights` in FUTR3DHead  

pts_bbox_head.transformer.decoder.layers.5.attentions.0.2.layers.0.mamba.dt_proj_b_xy.bias - torch.Size([512]): 
The value is the same before and after calling `init_weights` of FUTR3D  

pts_bbox_head.transformer.decoder.layers.5.attentions.0.2.layers.0.mamba.conv1d_x_f.weight - torch.Size([512, 1, 4]): 
Initialized by user-defined `init_weights` in FUTR3DHead  

pts_bbox_head.transformer.decoder.layers.5.attentions.0.2.layers.0.mamba.conv1d_x_f.bias - torch.Size([512]): 
The value is the same before and after calling `init_weights` of FUTR3D  

pts_bbox_head.transformer.decoder.layers.5.attentions.0.2.layers.0.mamba.conv1d_z_f.weight - torch.Size([512, 1, 4]): 
Initialized by user-defined `init_weights` in FUTR3DHead  

pts_bbox_head.transformer.decoder.layers.5.attentions.0.2.layers.0.mamba.conv1d_z_f.bias - torch.Size([512]): 
The value is the same before and after calling `init_weights` of FUTR3D  

pts_bbox_head.transformer.decoder.layers.5.attentions.0.2.layers.0.mamba.conv1d_x_b.weight - torch.Size([512, 1, 4]): 
Initialized by user-defined `init_weights` in FUTR3DHead  

pts_bbox_head.transformer.decoder.layers.5.attentions.0.2.layers.0.mamba.conv1d_x_b.bias - torch.Size([512]): 
The value is the same before and after calling `init_weights` of FUTR3D  

pts_bbox_head.transformer.decoder.layers.5.attentions.0.2.layers.0.mamba.conv1d_z_b.weight - torch.Size([512, 1, 4]): 
Initialized by user-defined `init_weights` in FUTR3DHead  

pts_bbox_head.transformer.decoder.layers.5.attentions.0.2.layers.0.mamba.conv1d_z_b.bias - torch.Size([512]): 
The value is the same before and after calling `init_weights` of FUTR3D  

pts_bbox_head.transformer.decoder.layers.5.attentions.0.2.layers.0.mamba.conv1d_x_xy_f.weight - torch.Size([512, 1, 4]): 
Initialized by user-defined `init_weights` in FUTR3DHead  

pts_bbox_head.transformer.decoder.layers.5.attentions.0.2.layers.0.mamba.conv1d_x_xy_f.bias - torch.Size([512]): 
The value is the same before and after calling `init_weights` of FUTR3D  

pts_bbox_head.transformer.decoder.layers.5.attentions.0.2.layers.0.mamba.conv1d_z_xy_f.weight - torch.Size([512, 1, 4]): 
Initialized by user-defined `init_weights` in FUTR3DHead  

pts_bbox_head.transformer.decoder.layers.5.attentions.0.2.layers.0.mamba.conv1d_z_xy_f.bias - torch.Size([512]): 
The value is the same before and after calling `init_weights` of FUTR3D  

pts_bbox_head.transformer.decoder.layers.5.attentions.0.2.layers.0.mamba.conv1d_x_xy_b.weight - torch.Size([512, 1, 4]): 
Initialized by user-defined `init_weights` in FUTR3DHead  

pts_bbox_head.transformer.decoder.layers.5.attentions.0.2.layers.0.mamba.conv1d_x_xy_b.bias - torch.Size([512]): 
The value is the same before and after calling `init_weights` of FUTR3D  

pts_bbox_head.transformer.decoder.layers.5.attentions.0.2.layers.0.mamba.conv1d_z_xy_b.weight - torch.Size([512, 1, 4]): 
Initialized by user-defined `init_weights` in FUTR3DHead  

pts_bbox_head.transformer.decoder.layers.5.attentions.0.2.layers.0.mamba.conv1d_z_xy_b.bias - torch.Size([512]): 
The value is the same before and after calling `init_weights` of FUTR3D  

pts_bbox_head.transformer.decoder.layers.5.attentions.0.2.layers.0.mamba.out_proj.weight - torch.Size([256, 2048]): 
Initialized by user-defined `init_weights` in FUTR3DHead  

pts_bbox_head.transformer.decoder.layers.5.attentions.0.2.layers.0.mamba.global_proj.weight - torch.Size([2048, 2048]): 
Initialized by user-defined `init_weights` in FUTR3DHead  

pts_bbox_head.transformer.decoder.layers.5.attentions.0.2.layers.0.mamba.global_proj.bias - torch.Size([2048]): 
The value is the same before and after calling `init_weights` of FUTR3D  

pts_bbox_head.transformer.decoder.layers.5.attentions.0.2.layers.0.norm.weight - torch.Size([256]): 
The value is the same before and after calling `init_weights` of FUTR3D  

pts_bbox_head.transformer.decoder.layers.5.attentions.0.2.layers.0.mlp.gate_proj.weight - torch.Size([1024, 256]): 
Initialized by user-defined `init_weights` in FUTR3DHead  

pts_bbox_head.transformer.decoder.layers.5.attentions.0.2.layers.0.mlp.up_proj.weight - torch.Size([1024, 256]): 
Initialized by user-defined `init_weights` in FUTR3DHead  

pts_bbox_head.transformer.decoder.layers.5.attentions.0.2.layers.0.mlp.down_proj.weight - torch.Size([256, 1024]): 
Initialized by user-defined `init_weights` in FUTR3DHead  

pts_bbox_head.transformer.decoder.layers.5.attentions.0.2.layers.0.mlp_norm.weight - torch.Size([256]): 
The value is the same before and after calling `init_weights` of FUTR3D  

pts_bbox_head.transformer.decoder.layers.5.attentions.0.2.layers.1.norm_before.weight - torch.Size([256]): 
The value is the same before and after calling `init_weights` of FUTR3D  

pts_bbox_head.transformer.decoder.layers.5.attentions.0.2.layers.1.mamba.A_log_f - torch.Size([512, 64]): 
Initialized by user-defined `init_weights` in FUTR3DHead  

pts_bbox_head.transformer.decoder.layers.5.attentions.0.2.layers.1.mamba.A_log_b - torch.Size([512, 64]): 
Initialized by user-defined `init_weights` in FUTR3DHead  

pts_bbox_head.transformer.decoder.layers.5.attentions.0.2.layers.1.mamba.D_f - torch.Size([512]): 
The value is the same before and after calling `init_weights` of FUTR3D  

pts_bbox_head.transformer.decoder.layers.5.attentions.0.2.layers.1.mamba.D_b - torch.Size([512]): 
The value is the same before and after calling `init_weights` of FUTR3D  

pts_bbox_head.transformer.decoder.layers.5.attentions.0.2.layers.1.mamba.A_log_f_xy - torch.Size([512, 64]): 
Initialized by user-defined `init_weights` in FUTR3DHead  

pts_bbox_head.transformer.decoder.layers.5.attentions.0.2.layers.1.mamba.A_log_b_xy - torch.Size([512, 64]): 
Initialized by user-defined `init_weights` in FUTR3DHead  

pts_bbox_head.transformer.decoder.layers.5.attentions.0.2.layers.1.mamba.D_f_xy - torch.Size([512]): 
The value is the same before and after calling `init_weights` of FUTR3D  

pts_bbox_head.transformer.decoder.layers.5.attentions.0.2.layers.1.mamba.D_b_xy - torch.Size([512]): 
The value is the same before and after calling `init_weights` of FUTR3D  

pts_bbox_head.transformer.decoder.layers.5.attentions.0.2.layers.1.mamba.in_proj.weight - torch.Size([2048, 256]): 
Initialized by user-defined `init_weights` in FUTR3DHead  

pts_bbox_head.transformer.decoder.layers.5.attentions.0.2.layers.1.mamba.in_proj_xy.weight - torch.Size([2048, 256]): 
Initialized by user-defined `init_weights` in FUTR3DHead  

pts_bbox_head.transformer.decoder.layers.5.attentions.0.2.layers.1.mamba.x_proj_f.weight - torch.Size([144, 512]): 
Initialized by user-defined `init_weights` in FUTR3DHead  

pts_bbox_head.transformer.decoder.layers.5.attentions.0.2.layers.1.mamba.x_proj_b.weight - torch.Size([144, 512]): 
Initialized by user-defined `init_weights` in FUTR3DHead  

pts_bbox_head.transformer.decoder.layers.5.attentions.0.2.layers.1.mamba.dt_proj_f.weight - torch.Size([512, 16]): 
Initialized by user-defined `init_weights` in FUTR3DHead  

pts_bbox_head.transformer.decoder.layers.5.attentions.0.2.layers.1.mamba.dt_proj_f.bias - torch.Size([512]): 
The value is the same before and after calling `init_weights` of FUTR3D  

pts_bbox_head.transformer.decoder.layers.5.attentions.0.2.layers.1.mamba.dt_proj_b.weight - torch.Size([512, 16]): 
Initialized by user-defined `init_weights` in FUTR3DHead  

pts_bbox_head.transformer.decoder.layers.5.attentions.0.2.layers.1.mamba.dt_proj_b.bias - torch.Size([512]): 
The value is the same before and after calling `init_weights` of FUTR3D  

pts_bbox_head.transformer.decoder.layers.5.attentions.0.2.layers.1.mamba.x_proj_f_xy.weight - torch.Size([144, 512]): 
Initialized by user-defined `init_weights` in FUTR3DHead  

pts_bbox_head.transformer.decoder.layers.5.attentions.0.2.layers.1.mamba.x_proj_b_xy.weight - torch.Size([144, 512]): 
Initialized by user-defined `init_weights` in FUTR3DHead  

pts_bbox_head.transformer.decoder.layers.5.attentions.0.2.layers.1.mamba.dt_proj_f_xy.weight - torch.Size([512, 16]): 
Initialized by user-defined `init_weights` in FUTR3DHead  

pts_bbox_head.transformer.decoder.layers.5.attentions.0.2.layers.1.mamba.dt_proj_f_xy.bias - torch.Size([512]): 
The value is the same before and after calling `init_weights` of FUTR3D  

pts_bbox_head.transformer.decoder.layers.5.attentions.0.2.layers.1.mamba.dt_proj_b_xy.weight - torch.Size([512, 16]): 
Initialized by user-defined `init_weights` in FUTR3DHead  

pts_bbox_head.transformer.decoder.layers.5.attentions.0.2.layers.1.mamba.dt_proj_b_xy.bias - torch.Size([512]): 
The value is the same before and after calling `init_weights` of FUTR3D  

pts_bbox_head.transformer.decoder.layers.5.attentions.0.2.layers.1.mamba.conv1d_x_f.weight - torch.Size([512, 1, 4]): 
Initialized by user-defined `init_weights` in FUTR3DHead  

pts_bbox_head.transformer.decoder.layers.5.attentions.0.2.layers.1.mamba.conv1d_x_f.bias - torch.Size([512]): 
The value is the same before and after calling `init_weights` of FUTR3D  

pts_bbox_head.transformer.decoder.layers.5.attentions.0.2.layers.1.mamba.conv1d_z_f.weight - torch.Size([512, 1, 4]): 
Initialized by user-defined `init_weights` in FUTR3DHead  

pts_bbox_head.transformer.decoder.layers.5.attentions.0.2.layers.1.mamba.conv1d_z_f.bias - torch.Size([512]): 
The value is the same before and after calling `init_weights` of FUTR3D  

pts_bbox_head.transformer.decoder.layers.5.attentions.0.2.layers.1.mamba.conv1d_x_b.weight - torch.Size([512, 1, 4]): 
Initialized by user-defined `init_weights` in FUTR3DHead  

pts_bbox_head.transformer.decoder.layers.5.attentions.0.2.layers.1.mamba.conv1d_x_b.bias - torch.Size([512]): 
The value is the same before and after calling `init_weights` of FUTR3D  

pts_bbox_head.transformer.decoder.layers.5.attentions.0.2.layers.1.mamba.conv1d_z_b.weight - torch.Size([512, 1, 4]): 
Initialized by user-defined `init_weights` in FUTR3DHead  

pts_bbox_head.transformer.decoder.layers.5.attentions.0.2.layers.1.mamba.conv1d_z_b.bias - torch.Size([512]): 
The value is the same before and after calling `init_weights` of FUTR3D  

pts_bbox_head.transformer.decoder.layers.5.attentions.0.2.layers.1.mamba.conv1d_x_xy_f.weight - torch.Size([512, 1, 4]): 
Initialized by user-defined `init_weights` in FUTR3DHead  

pts_bbox_head.transformer.decoder.layers.5.attentions.0.2.layers.1.mamba.conv1d_x_xy_f.bias - torch.Size([512]): 
The value is the same before and after calling `init_weights` of FUTR3D  

pts_bbox_head.transformer.decoder.layers.5.attentions.0.2.layers.1.mamba.conv1d_z_xy_f.weight - torch.Size([512, 1, 4]): 
Initialized by user-defined `init_weights` in FUTR3DHead  

pts_bbox_head.transformer.decoder.layers.5.attentions.0.2.layers.1.mamba.conv1d_z_xy_f.bias - torch.Size([512]): 
The value is the same before and after calling `init_weights` of FUTR3D  

pts_bbox_head.transformer.decoder.layers.5.attentions.0.2.layers.1.mamba.conv1d_x_xy_b.weight - torch.Size([512, 1, 4]): 
Initialized by user-defined `init_weights` in FUTR3DHead  

pts_bbox_head.transformer.decoder.layers.5.attentions.0.2.layers.1.mamba.conv1d_x_xy_b.bias - torch.Size([512]): 
The value is the same before and after calling `init_weights` of FUTR3D  

pts_bbox_head.transformer.decoder.layers.5.attentions.0.2.layers.1.mamba.conv1d_z_xy_b.weight - torch.Size([512, 1, 4]): 
Initialized by user-defined `init_weights` in FUTR3DHead  

pts_bbox_head.transformer.decoder.layers.5.attentions.0.2.layers.1.mamba.conv1d_z_xy_b.bias - torch.Size([512]): 
The value is the same before and after calling `init_weights` of FUTR3D  

pts_bbox_head.transformer.decoder.layers.5.attentions.0.2.layers.1.mamba.out_proj.weight - torch.Size([256, 2048]): 
Initialized by user-defined `init_weights` in FUTR3DHead  

pts_bbox_head.transformer.decoder.layers.5.attentions.0.2.layers.1.mamba.global_proj.weight - torch.Size([2048, 2048]): 
Initialized by user-defined `init_weights` in FUTR3DHead  

pts_bbox_head.transformer.decoder.layers.5.attentions.0.2.layers.1.mamba.global_proj.bias - torch.Size([2048]): 
The value is the same before and after calling `init_weights` of FUTR3D  

pts_bbox_head.transformer.decoder.layers.5.attentions.0.2.layers.1.norm.weight - torch.Size([256]): 
The value is the same before and after calling `init_weights` of FUTR3D  

pts_bbox_head.transformer.decoder.layers.5.attentions.0.2.layers.1.mlp.gate_proj.weight - torch.Size([1024, 256]): 
Initialized by user-defined `init_weights` in FUTR3DHead  

pts_bbox_head.transformer.decoder.layers.5.attentions.0.2.layers.1.mlp.up_proj.weight - torch.Size([1024, 256]): 
Initialized by user-defined `init_weights` in FUTR3DHead  

pts_bbox_head.transformer.decoder.layers.5.attentions.0.2.layers.1.mlp.down_proj.weight - torch.Size([256, 1024]): 
Initialized by user-defined `init_weights` in FUTR3DHead  

pts_bbox_head.transformer.decoder.layers.5.attentions.1.sampling_offsets.weight - torch.Size([256, 256]): 
Initialized by user-defined `init_weights` in FUTR3DHead  

pts_bbox_head.transformer.decoder.layers.5.attentions.1.sampling_offsets.bias - torch.Size([256]): 
The value is the same before and after calling `init_weights` of FUTR3D  

pts_bbox_head.transformer.decoder.layers.5.attentions.1.attention_weights.weight - torch.Size([128, 256]): 
Initialized by user-defined `init_weights` in FUTR3DHead  

pts_bbox_head.transformer.decoder.layers.5.attentions.1.attention_weights.bias - torch.Size([128]): 
The value is the same before and after calling `init_weights` of FUTR3D  

pts_bbox_head.transformer.decoder.layers.5.attentions.1.value_proj.weight - torch.Size([256, 256]): 
Initialized by user-defined `init_weights` in FUTR3DHead  

pts_bbox_head.transformer.decoder.layers.5.attentions.1.value_proj.bias - torch.Size([256]): 
The value is the same before and after calling `init_weights` of FUTR3D  

pts_bbox_head.transformer.decoder.layers.5.attentions.1.output_proj.weight - torch.Size([256, 256]): 
Initialized by user-defined `init_weights` in FUTR3DHead  

pts_bbox_head.transformer.decoder.layers.5.attentions.1.output_proj.bias - torch.Size([256]): 
The value is the same before and after calling `init_weights` of FUTR3D  

pts_bbox_head.transformer.decoder.layers.5.attentions.1.img_attention_weights.weight - torch.Size([24, 256]): 
Initialized by user-defined `init_weights` in FUTR3DHead  

pts_bbox_head.transformer.decoder.layers.5.attentions.1.img_attention_weights.bias - torch.Size([24]): 
The value is the same before and after calling `init_weights` of FUTR3D  

pts_bbox_head.transformer.decoder.layers.5.attentions.1.img_output_proj.weight - torch.Size([256, 256]): 
Initialized by user-defined `init_weights` in FUTR3DHead  

pts_bbox_head.transformer.decoder.layers.5.attentions.1.img_output_proj.bias - torch.Size([256]): 
The value is the same before and after calling `init_weights` of FUTR3D  

pts_bbox_head.transformer.decoder.layers.5.attentions.1.position_encoder.0.weight - torch.Size([256, 3]): 
Initialized by user-defined `init_weights` in FUTR3DHead  

pts_bbox_head.transformer.decoder.layers.5.attentions.1.position_encoder.0.bias - torch.Size([256]): 
The value is the same before and after calling `init_weights` of FUTR3D  

pts_bbox_head.transformer.decoder.layers.5.attentions.1.position_encoder.1.weight - torch.Size([256]): 
The value is the same before and after calling `init_weights` of FUTR3D  

pts_bbox_head.transformer.decoder.layers.5.attentions.1.position_encoder.1.bias - torch.Size([256]): 
The value is the same before and after calling `init_weights` of FUTR3D  

pts_bbox_head.transformer.decoder.layers.5.attentions.1.position_encoder.3.weight - torch.Size([256, 256]): 
Initialized by user-defined `init_weights` in FUTR3DHead  

pts_bbox_head.transformer.decoder.layers.5.attentions.1.position_encoder.3.bias - torch.Size([256]): 
The value is the same before and after calling `init_weights` of FUTR3D  

pts_bbox_head.transformer.decoder.layers.5.attentions.1.position_encoder.4.weight - torch.Size([256]): 
The value is the same before and after calling `init_weights` of FUTR3D  

pts_bbox_head.transformer.decoder.layers.5.attentions.1.position_encoder.4.bias - torch.Size([256]): 
The value is the same before and after calling `init_weights` of FUTR3D  

pts_bbox_head.transformer.decoder.layers.5.attentions.1.modality_fusion_layer.0.weight - torch.Size([256, 768]): 
Initialized by user-defined `init_weights` in FUTR3DHead  

pts_bbox_head.transformer.decoder.layers.5.attentions.1.modality_fusion_layer.0.bias - torch.Size([256]): 
The value is the same before and after calling `init_weights` of FUTR3D  

pts_bbox_head.transformer.decoder.layers.5.attentions.1.modality_fusion_layer.1.weight - torch.Size([256]): 
The value is the same before and after calling `init_weights` of FUTR3D  

pts_bbox_head.transformer.decoder.layers.5.attentions.1.modality_fusion_layer.1.bias - torch.Size([256]): 
The value is the same before and after calling `init_weights` of FUTR3D  

pts_bbox_head.transformer.decoder.layers.5.attentions.1.modality_fusion_layer.3.weight - torch.Size([256, 256]): 
Initialized by user-defined `init_weights` in FUTR3DHead  

pts_bbox_head.transformer.decoder.layers.5.attentions.1.modality_fusion_layer.3.bias - torch.Size([256]): 
The value is the same before and after calling `init_weights` of FUTR3D  

pts_bbox_head.transformer.decoder.layers.5.attentions.1.modality_fusion_layer.4.weight - torch.Size([256]): 
The value is the same before and after calling `init_weights` of FUTR3D  

pts_bbox_head.transformer.decoder.layers.5.attentions.1.modality_fusion_layer.4.bias - torch.Size([256]): 
The value is the same before and after calling `init_weights` of FUTR3D  

pts_bbox_head.transformer.decoder.layers.5.attentions.1.camera_mixer.lidar_camera_fuse_layer.0.0.weight - torch.Size([256, 512]): 
Initialized by user-defined `init_weights` in FUTR3DHead  

pts_bbox_head.transformer.decoder.layers.5.attentions.1.camera_mixer.lidar_camera_fuse_layer.0.0.bias - torch.Size([256]): 
The value is the same before and after calling `init_weights` of FUTR3D  

pts_bbox_head.transformer.decoder.layers.5.attentions.1.camera_mixer.lidar_camera_fuse_layer.0.2.weight - torch.Size([1024, 256]): 
Initialized by user-defined `init_weights` in FUTR3DHead  

pts_bbox_head.transformer.decoder.layers.5.attentions.1.camera_mixer.lidar_camera_fuse_layer.0.2.bias - torch.Size([1024]): 
The value is the same before and after calling `init_weights` of FUTR3D  

pts_bbox_head.transformer.decoder.layers.5.attentions.1.camera_mixer.lidar_camera_fuse_layer.0.4.weight - torch.Size([256, 1024]): 
Initialized by user-defined `init_weights` in FUTR3DHead  

pts_bbox_head.transformer.decoder.layers.5.attentions.1.camera_mixer.lidar_camera_fuse_layer.0.4.bias - torch.Size([256]): 
The value is the same before and after calling `init_weights` of FUTR3D  

pts_bbox_head.transformer.decoder.layers.5.attentions.1.camera_mixer.lidar_camera_fuse_layer.1.0.weight - torch.Size([256, 512]): 
Initialized by user-defined `init_weights` in FUTR3DHead  

pts_bbox_head.transformer.decoder.layers.5.attentions.1.camera_mixer.lidar_camera_fuse_layer.1.0.bias - torch.Size([256]): 
The value is the same before and after calling `init_weights` of FUTR3D  

pts_bbox_head.transformer.decoder.layers.5.attentions.1.camera_mixer.lidar_camera_fuse_layer.1.2.weight - torch.Size([1024, 256]): 
Initialized by user-defined `init_weights` in FUTR3DHead  

pts_bbox_head.transformer.decoder.layers.5.attentions.1.camera_mixer.lidar_camera_fuse_layer.1.2.bias - torch.Size([1024]): 
The value is the same before and after calling `init_weights` of FUTR3D  

pts_bbox_head.transformer.decoder.layers.5.attentions.1.camera_mixer.lidar_camera_fuse_layer.1.4.weight - torch.Size([256, 1024]): 
Initialized by user-defined `init_weights` in FUTR3DHead  

pts_bbox_head.transformer.decoder.layers.5.attentions.1.camera_mixer.lidar_camera_fuse_layer.1.4.bias - torch.Size([256]): 
The value is the same before and after calling `init_weights` of FUTR3D  

pts_bbox_head.transformer.decoder.layers.5.attentions.1.camera_mixer.lidar_guide_camera_fusion.0.A_log_h2t - torch.Size([512, 32]): 
Initialized by user-defined `init_weights` in FUTR3DHead  

pts_bbox_head.transformer.decoder.layers.5.attentions.1.camera_mixer.lidar_guide_camera_fusion.0.D_h2t - torch.Size([512]): 
The value is the same before and after calling `init_weights` of FUTR3D  

pts_bbox_head.transformer.decoder.layers.5.attentions.1.camera_mixer.lidar_guide_camera_fusion.0.A_log_t2h - torch.Size([512, 32]): 
Initialized by user-defined `init_weights` in FUTR3DHead  

pts_bbox_head.transformer.decoder.layers.5.attentions.1.camera_mixer.lidar_guide_camera_fusion.0.D_t2h - torch.Size([512]): 
The value is the same before and after calling `init_weights` of FUTR3D  

pts_bbox_head.transformer.decoder.layers.5.attentions.1.camera_mixer.lidar_guide_camera_fusion.0.in_proj.weight - torch.Size([1024, 256]): 
Initialized by user-defined `init_weights` in FUTR3DHead  

pts_bbox_head.transformer.decoder.layers.5.attentions.1.camera_mixer.lidar_guide_camera_fusion.0.lidar_guidance_layer.model.0.weight - torch.Size([512, 256]): 
Initialized by user-defined `init_weights` in FUTR3DHead  

pts_bbox_head.transformer.decoder.layers.5.attentions.1.camera_mixer.lidar_guide_camera_fusion.0.lidar_guidance_layer.model.0.bias - torch.Size([512]): 
The value is the same before and after calling `init_weights` of FUTR3D  

pts_bbox_head.transformer.decoder.layers.5.attentions.1.camera_mixer.lidar_guide_camera_fusion.0.lidar_guidance_layer.model.2.weight - torch.Size([512, 512]): 
Initialized by user-defined `init_weights` in FUTR3DHead  

pts_bbox_head.transformer.decoder.layers.5.attentions.1.camera_mixer.lidar_guide_camera_fusion.0.lidar_guidance_layer.model.2.bias - torch.Size([512]): 
The value is the same before and after calling `init_weights` of FUTR3D  

pts_bbox_head.transformer.decoder.layers.5.attentions.1.camera_mixer.lidar_guide_camera_fusion.0.lidar_guidance_layer.model.4.weight - torch.Size([512, 512]): 
Initialized by user-defined `init_weights` in FUTR3DHead  

pts_bbox_head.transformer.decoder.layers.5.attentions.1.camera_mixer.lidar_guide_camera_fusion.0.lidar_guidance_layer.model.4.bias - torch.Size([512]): 
The value is the same before and after calling `init_weights` of FUTR3D  

pts_bbox_head.transformer.decoder.layers.5.attentions.1.camera_mixer.lidar_guide_camera_fusion.0.lidar_modulation_layer.0.weight - torch.Size([512, 512]): 
Initialized by user-defined `init_weights` in FUTR3DHead  

pts_bbox_head.transformer.decoder.layers.5.attentions.1.camera_mixer.lidar_guide_camera_fusion.0.lidar_modulation_layer.0.bias - torch.Size([512]): 
The value is the same before and after calling `init_weights` of FUTR3D  

pts_bbox_head.transformer.decoder.layers.5.attentions.1.camera_mixer.lidar_guide_camera_fusion.0.x_proj_h2t.weight - torch.Size([80, 512]): 
Initialized by user-defined `init_weights` in FUTR3DHead  

pts_bbox_head.transformer.decoder.layers.5.attentions.1.camera_mixer.lidar_guide_camera_fusion.0.dt_proj_h2t.weight - torch.Size([512, 16]): 
Initialized by user-defined `init_weights` in FUTR3DHead  

pts_bbox_head.transformer.decoder.layers.5.attentions.1.camera_mixer.lidar_guide_camera_fusion.0.dt_proj_h2t.bias - torch.Size([512]): 
The value is the same before and after calling `init_weights` of FUTR3D  

pts_bbox_head.transformer.decoder.layers.5.attentions.1.camera_mixer.lidar_guide_camera_fusion.0.x_proj_t2h.weight - torch.Size([80, 512]): 
Initialized by user-defined `init_weights` in FUTR3DHead  

pts_bbox_head.transformer.decoder.layers.5.attentions.1.camera_mixer.lidar_guide_camera_fusion.0.dt_proj_t2h.weight - torch.Size([512, 16]): 
Initialized by user-defined `init_weights` in FUTR3DHead  

pts_bbox_head.transformer.decoder.layers.5.attentions.1.camera_mixer.lidar_guide_camera_fusion.0.dt_proj_t2h.bias - torch.Size([512]): 
The value is the same before and after calling `init_weights` of FUTR3D  

pts_bbox_head.transformer.decoder.layers.5.attentions.1.camera_mixer.lidar_guide_camera_fusion.0.out_proj.weight - torch.Size([256, 512]): 
Initialized by user-defined `init_weights` in FUTR3DHead  

pts_bbox_head.transformer.decoder.layers.5.attentions.1.camera_mixer.lidar_guide_camera_fusion.1.A_log_h2t - torch.Size([512, 32]): 
Initialized by user-defined `init_weights` in FUTR3DHead  

pts_bbox_head.transformer.decoder.layers.5.attentions.1.camera_mixer.lidar_guide_camera_fusion.1.D_h2t - torch.Size([512]): 
The value is the same before and after calling `init_weights` of FUTR3D  

pts_bbox_head.transformer.decoder.layers.5.attentions.1.camera_mixer.lidar_guide_camera_fusion.1.A_log_t2h - torch.Size([512, 32]): 
Initialized by user-defined `init_weights` in FUTR3DHead  

pts_bbox_head.transformer.decoder.layers.5.attentions.1.camera_mixer.lidar_guide_camera_fusion.1.D_t2h - torch.Size([512]): 
The value is the same before and after calling `init_weights` of FUTR3D  

pts_bbox_head.transformer.decoder.layers.5.attentions.1.camera_mixer.lidar_guide_camera_fusion.1.in_proj.weight - torch.Size([1024, 256]): 
Initialized by user-defined `init_weights` in FUTR3DHead  

pts_bbox_head.transformer.decoder.layers.5.attentions.1.camera_mixer.lidar_guide_camera_fusion.1.lidar_guidance_layer.model.0.weight - torch.Size([512, 256]): 
Initialized by user-defined `init_weights` in FUTR3DHead  

pts_bbox_head.transformer.decoder.layers.5.attentions.1.camera_mixer.lidar_guide_camera_fusion.1.lidar_guidance_layer.model.0.bias - torch.Size([512]): 
The value is the same before and after calling `init_weights` of FUTR3D  

pts_bbox_head.transformer.decoder.layers.5.attentions.1.camera_mixer.lidar_guide_camera_fusion.1.lidar_guidance_layer.model.2.weight - torch.Size([512, 512]): 
Initialized by user-defined `init_weights` in FUTR3DHead  

pts_bbox_head.transformer.decoder.layers.5.attentions.1.camera_mixer.lidar_guide_camera_fusion.1.lidar_guidance_layer.model.2.bias - torch.Size([512]): 
The value is the same before and after calling `init_weights` of FUTR3D  

pts_bbox_head.transformer.decoder.layers.5.attentions.1.camera_mixer.lidar_guide_camera_fusion.1.lidar_guidance_layer.model.4.weight - torch.Size([512, 512]): 
Initialized by user-defined `init_weights` in FUTR3DHead  

pts_bbox_head.transformer.decoder.layers.5.attentions.1.camera_mixer.lidar_guide_camera_fusion.1.lidar_guidance_layer.model.4.bias - torch.Size([512]): 
The value is the same before and after calling `init_weights` of FUTR3D  

pts_bbox_head.transformer.decoder.layers.5.attentions.1.camera_mixer.lidar_guide_camera_fusion.1.lidar_modulation_layer.0.weight - torch.Size([512, 512]): 
Initialized by user-defined `init_weights` in FUTR3DHead  

pts_bbox_head.transformer.decoder.layers.5.attentions.1.camera_mixer.lidar_guide_camera_fusion.1.lidar_modulation_layer.0.bias - torch.Size([512]): 
The value is the same before and after calling `init_weights` of FUTR3D  

pts_bbox_head.transformer.decoder.layers.5.attentions.1.camera_mixer.lidar_guide_camera_fusion.1.x_proj_h2t.weight - torch.Size([80, 512]): 
Initialized by user-defined `init_weights` in FUTR3DHead  

pts_bbox_head.transformer.decoder.layers.5.attentions.1.camera_mixer.lidar_guide_camera_fusion.1.dt_proj_h2t.weight - torch.Size([512, 16]): 
Initialized by user-defined `init_weights` in FUTR3DHead  

pts_bbox_head.transformer.decoder.layers.5.attentions.1.camera_mixer.lidar_guide_camera_fusion.1.dt_proj_h2t.bias - torch.Size([512]): 
The value is the same before and after calling `init_weights` of FUTR3D  

pts_bbox_head.transformer.decoder.layers.5.attentions.1.camera_mixer.lidar_guide_camera_fusion.1.x_proj_t2h.weight - torch.Size([80, 512]): 
Initialized by user-defined `init_weights` in FUTR3DHead  

pts_bbox_head.transformer.decoder.layers.5.attentions.1.camera_mixer.lidar_guide_camera_fusion.1.dt_proj_t2h.weight - torch.Size([512, 16]): 
Initialized by user-defined `init_weights` in FUTR3DHead  

pts_bbox_head.transformer.decoder.layers.5.attentions.1.camera_mixer.lidar_guide_camera_fusion.1.dt_proj_t2h.bias - torch.Size([512]): 
The value is the same before and after calling `init_weights` of FUTR3D  

pts_bbox_head.transformer.decoder.layers.5.attentions.1.camera_mixer.lidar_guide_camera_fusion.1.out_proj.weight - torch.Size([256, 512]): 
Initialized by user-defined `init_weights` in FUTR3DHead  

pts_bbox_head.transformer.decoder.layers.5.attentions.1.camera_mixer.norm_fusion_fuse.0.weight - torch.Size([256]): 
The value is the same before and after calling `init_weights` of FUTR3D  

pts_bbox_head.transformer.decoder.layers.5.attentions.1.camera_mixer.norm_fusion_fuse.0.bias - torch.Size([256]): 
The value is the same before and after calling `init_weights` of FUTR3D  

pts_bbox_head.transformer.decoder.layers.5.attentions.1.camera_mixer.norm_fusion_fuse.1.weight - torch.Size([256]): 
The value is the same before and after calling `init_weights` of FUTR3D  

pts_bbox_head.transformer.decoder.layers.5.attentions.1.camera_mixer.norm_fusion_fuse.1.bias - torch.Size([256]): 
The value is the same before and after calling `init_weights` of FUTR3D  

pts_bbox_head.transformer.decoder.layers.5.attentions.1.camera_mixer.norm_fusion_camera.0.weight - torch.Size([256]): 
The value is the same before and after calling `init_weights` of FUTR3D  

pts_bbox_head.transformer.decoder.layers.5.attentions.1.camera_mixer.norm_fusion_camera.0.bias - torch.Size([256]): 
The value is the same before and after calling `init_weights` of FUTR3D  

pts_bbox_head.transformer.decoder.layers.5.attentions.1.camera_mixer.norm_fusion_camera.1.weight - torch.Size([256]): 
The value is the same before and after calling `init_weights` of FUTR3D  

pts_bbox_head.transformer.decoder.layers.5.attentions.1.camera_mixer.norm_fusion_camera.1.bias - torch.Size([256]): 
The value is the same before and after calling `init_weights` of FUTR3D  

pts_bbox_head.transformer.decoder.layers.5.attentions.1.camera_mixer.camera_ffn.0.ffn.0.weight - torch.Size([1024, 256]): 
Initialized by user-defined `init_weights` in FUTR3DHead  

pts_bbox_head.transformer.decoder.layers.5.attentions.1.camera_mixer.camera_ffn.0.ffn.0.bias - torch.Size([1024]): 
The value is the same before and after calling `init_weights` of FUTR3D  

pts_bbox_head.transformer.decoder.layers.5.attentions.1.camera_mixer.camera_ffn.0.ffn.3.weight - torch.Size([256, 1024]): 
Initialized by user-defined `init_weights` in FUTR3DHead  

pts_bbox_head.transformer.decoder.layers.5.attentions.1.camera_mixer.camera_ffn.0.ffn.3.bias - torch.Size([256]): 
The value is the same before and after calling `init_weights` of FUTR3D  

pts_bbox_head.transformer.decoder.layers.5.attentions.1.camera_mixer.camera_ffn.1.ffn.0.weight - torch.Size([1024, 256]): 
Initialized by user-defined `init_weights` in FUTR3DHead  

pts_bbox_head.transformer.decoder.layers.5.attentions.1.camera_mixer.camera_ffn.1.ffn.0.bias - torch.Size([1024]): 
The value is the same before and after calling `init_weights` of FUTR3D  

pts_bbox_head.transformer.decoder.layers.5.attentions.1.camera_mixer.camera_ffn.1.ffn.3.weight - torch.Size([256, 1024]): 
Initialized by user-defined `init_weights` in FUTR3DHead  

pts_bbox_head.transformer.decoder.layers.5.attentions.1.camera_mixer.camera_ffn.1.ffn.3.bias - torch.Size([256]): 
The value is the same before and after calling `init_weights` of FUTR3D  

pts_bbox_head.transformer.decoder.layers.5.attentions.1.camera_mixer.camera_ffn_norm.0.weight - torch.Size([256]): 
The value is the same before and after calling `init_weights` of FUTR3D  

pts_bbox_head.transformer.decoder.layers.5.attentions.1.camera_mixer.camera_ffn_norm.0.bias - torch.Size([256]): 
The value is the same before and after calling `init_weights` of FUTR3D  

pts_bbox_head.transformer.decoder.layers.5.attentions.1.camera_mixer.camera_ffn_norm.1.weight - torch.Size([256]): 
The value is the same before and after calling `init_weights` of FUTR3D  

pts_bbox_head.transformer.decoder.layers.5.attentions.1.camera_mixer.camera_ffn_norm.1.bias - torch.Size([256]): 
The value is the same before and after calling `init_weights` of FUTR3D  

pts_bbox_head.transformer.decoder.layers.5.ffns.0.layers.0.0.weight - torch.Size([1024, 256]): 
Initialized by user-defined `init_weights` in FUTR3DHead  

pts_bbox_head.transformer.decoder.layers.5.ffns.0.layers.0.0.bias - torch.Size([1024]): 
The value is the same before and after calling `init_weights` of FUTR3D  

pts_bbox_head.transformer.decoder.layers.5.ffns.0.layers.1.weight - torch.Size([256, 1024]): 
Initialized by user-defined `init_weights` in FUTR3DHead  

pts_bbox_head.transformer.decoder.layers.5.ffns.0.layers.1.bias - torch.Size([256]): 
The value is the same before and after calling `init_weights` of FUTR3D  

pts_bbox_head.transformer.decoder.layers.5.norms.0.weight - torch.Size([256]): 
The value is the same before and after calling `init_weights` of FUTR3D  

pts_bbox_head.transformer.decoder.layers.5.norms.0.bias - torch.Size([256]): 
The value is the same before and after calling `init_weights` of FUTR3D  

pts_bbox_head.transformer.decoder.layers.5.norms.1.weight - torch.Size([256]): 
The value is the same before and after calling `init_weights` of FUTR3D  

pts_bbox_head.transformer.decoder.layers.5.norms.1.bias - torch.Size([256]): 
The value is the same before and after calling `init_weights` of FUTR3D  

pts_bbox_head.transformer.decoder.layers.5.norms.2.weight - torch.Size([256]): 
The value is the same before and after calling `init_weights` of FUTR3D  

pts_bbox_head.transformer.decoder.layers.5.norms.2.bias - torch.Size([256]): 
The value is the same before and after calling `init_weights` of FUTR3D  

pts_bbox_head.transformer.decoder.query_scale.layers.0.weight - torch.Size([256, 256]): 
Initialized by user-defined `init_weights` in FUTR3DHead  

pts_bbox_head.transformer.decoder.query_scale.layers.0.bias - torch.Size([256]): 
The value is the same before and after calling `init_weights` of FUTR3D  

pts_bbox_head.transformer.decoder.query_scale.layers.1.weight - torch.Size([256, 256]): 
Initialized by user-defined `init_weights` in FUTR3DHead  

pts_bbox_head.transformer.decoder.query_scale.layers.1.bias - torch.Size([256]): 
The value is the same before and after calling `init_weights` of FUTR3D  

pts_bbox_head.transformer.decoder.ref_point_head.layers.0.weight - torch.Size([256, 384]): 
Initialized by user-defined `init_weights` in FUTR3DHead  

pts_bbox_head.transformer.decoder.ref_point_head.layers.0.bias - torch.Size([256]): 
The value is the same before and after calling `init_weights` of FUTR3D  

pts_bbox_head.transformer.decoder.ref_point_head.layers.1.weight - torch.Size([256, 256]): 
Initialized by user-defined `init_weights` in FUTR3DHead  

pts_bbox_head.transformer.decoder.ref_point_head.layers.1.bias - torch.Size([256]): 
The value is the same before and after calling `init_weights` of FUTR3D  

pts_bbox_head.cls_branches.0.gate_proj.weight - torch.Size([1024, 256]): 
The value is the same before and after calling `init_weights` of FUTR3D  

pts_bbox_head.cls_branches.0.up_proj.weight - torch.Size([1024, 256]): 
The value is the same before and after calling `init_weights` of FUTR3D  

pts_bbox_head.cls_branches.0.down_proj.weight - torch.Size([10, 1024]): 
The value is the same before and after calling `init_weights` of FUTR3D  

pts_bbox_head.cls_branches.0.down_proj.bias - torch.Size([10]): 
Initialized by user-defined `init_weights` in FUTR3DHead  

pts_bbox_head.cls_branches.1.gate_proj.weight - torch.Size([1024, 256]): 
The value is the same before and after calling `init_weights` of FUTR3D  

pts_bbox_head.cls_branches.1.up_proj.weight - torch.Size([1024, 256]): 
The value is the same before and after calling `init_weights` of FUTR3D  

pts_bbox_head.cls_branches.1.down_proj.weight - torch.Size([10, 1024]): 
The value is the same before and after calling `init_weights` of FUTR3D  

pts_bbox_head.cls_branches.1.down_proj.bias - torch.Size([10]): 
Initialized by user-defined `init_weights` in FUTR3DHead  

pts_bbox_head.cls_branches.2.gate_proj.weight - torch.Size([1024, 256]): 
The value is the same before and after calling `init_weights` of FUTR3D  

pts_bbox_head.cls_branches.2.up_proj.weight - torch.Size([1024, 256]): 
The value is the same before and after calling `init_weights` of FUTR3D  

pts_bbox_head.cls_branches.2.down_proj.weight - torch.Size([10, 1024]): 
The value is the same before and after calling `init_weights` of FUTR3D  

pts_bbox_head.cls_branches.2.down_proj.bias - torch.Size([10]): 
Initialized by user-defined `init_weights` in FUTR3DHead  

pts_bbox_head.cls_branches.3.gate_proj.weight - torch.Size([1024, 256]): 
The value is the same before and after calling `init_weights` of FUTR3D  

pts_bbox_head.cls_branches.3.up_proj.weight - torch.Size([1024, 256]): 
The value is the same before and after calling `init_weights` of FUTR3D  

pts_bbox_head.cls_branches.3.down_proj.weight - torch.Size([10, 1024]): 
The value is the same before and after calling `init_weights` of FUTR3D  

pts_bbox_head.cls_branches.3.down_proj.bias - torch.Size([10]): 
Initialized by user-defined `init_weights` in FUTR3DHead  

pts_bbox_head.cls_branches.4.gate_proj.weight - torch.Size([1024, 256]): 
The value is the same before and after calling `init_weights` of FUTR3D  

pts_bbox_head.cls_branches.4.up_proj.weight - torch.Size([1024, 256]): 
The value is the same before and after calling `init_weights` of FUTR3D  

pts_bbox_head.cls_branches.4.down_proj.weight - torch.Size([10, 1024]): 
The value is the same before and after calling `init_weights` of FUTR3D  

pts_bbox_head.cls_branches.4.down_proj.bias - torch.Size([10]): 
Initialized by user-defined `init_weights` in FUTR3DHead  

pts_bbox_head.cls_branches.5.gate_proj.weight - torch.Size([1024, 256]): 
The value is the same before and after calling `init_weights` of FUTR3D  

pts_bbox_head.cls_branches.5.up_proj.weight - torch.Size([1024, 256]): 
The value is the same before and after calling `init_weights` of FUTR3D  

pts_bbox_head.cls_branches.5.down_proj.weight - torch.Size([10, 1024]): 
The value is the same before and after calling `init_weights` of FUTR3D  

pts_bbox_head.cls_branches.5.down_proj.bias - torch.Size([10]): 
Initialized by user-defined `init_weights` in FUTR3DHead  

pts_bbox_head.reg_branches.0.0.weight - torch.Size([256, 256]): 
The value is the same before and after calling `init_weights` of FUTR3D  

pts_bbox_head.reg_branches.0.0.bias - torch.Size([256]): 
The value is the same before and after calling `init_weights` of FUTR3D  

pts_bbox_head.reg_branches.0.2.weight - torch.Size([256, 256]): 
The value is the same before and after calling `init_weights` of FUTR3D  

pts_bbox_head.reg_branches.0.2.bias - torch.Size([256]): 
The value is the same before and after calling `init_weights` of FUTR3D  

pts_bbox_head.reg_branches.0.4.weight - torch.Size([10, 256]): 
Initialized by user-defined `init_weights` in FUTR3DHead  

pts_bbox_head.reg_branches.0.4.bias - torch.Size([10]): 
Initialized by user-defined `init_weights` in FUTR3DHead  

pts_bbox_head.reg_branches.1.0.weight - torch.Size([256, 256]): 
The value is the same before and after calling `init_weights` of FUTR3D  

pts_bbox_head.reg_branches.1.0.bias - torch.Size([256]): 
The value is the same before and after calling `init_weights` of FUTR3D  

pts_bbox_head.reg_branches.1.2.weight - torch.Size([256, 256]): 
The value is the same before and after calling `init_weights` of FUTR3D  

pts_bbox_head.reg_branches.1.2.bias - torch.Size([256]): 
The value is the same before and after calling `init_weights` of FUTR3D  

pts_bbox_head.reg_branches.1.4.weight - torch.Size([10, 256]): 
Initialized by user-defined `init_weights` in FUTR3DHead  

pts_bbox_head.reg_branches.1.4.bias - torch.Size([10]): 
Initialized by user-defined `init_weights` in FUTR3DHead  

pts_bbox_head.reg_branches.2.0.weight - torch.Size([256, 256]): 
The value is the same before and after calling `init_weights` of FUTR3D  

pts_bbox_head.reg_branches.2.0.bias - torch.Size([256]): 
The value is the same before and after calling `init_weights` of FUTR3D  

pts_bbox_head.reg_branches.2.2.weight - torch.Size([256, 256]): 
The value is the same before and after calling `init_weights` of FUTR3D  

pts_bbox_head.reg_branches.2.2.bias - torch.Size([256]): 
The value is the same before and after calling `init_weights` of FUTR3D  

pts_bbox_head.reg_branches.2.4.weight - torch.Size([10, 256]): 
Initialized by user-defined `init_weights` in FUTR3DHead  

pts_bbox_head.reg_branches.2.4.bias - torch.Size([10]): 
Initialized by user-defined `init_weights` in FUTR3DHead  

pts_bbox_head.reg_branches.3.0.weight - torch.Size([256, 256]): 
The value is the same before and after calling `init_weights` of FUTR3D  

pts_bbox_head.reg_branches.3.0.bias - torch.Size([256]): 
The value is the same before and after calling `init_weights` of FUTR3D  

pts_bbox_head.reg_branches.3.2.weight - torch.Size([256, 256]): 
The value is the same before and after calling `init_weights` of FUTR3D  

pts_bbox_head.reg_branches.3.2.bias - torch.Size([256]): 
The value is the same before and after calling `init_weights` of FUTR3D  

pts_bbox_head.reg_branches.3.4.weight - torch.Size([10, 256]): 
Initialized by user-defined `init_weights` in FUTR3DHead  

pts_bbox_head.reg_branches.3.4.bias - torch.Size([10]): 
Initialized by user-defined `init_weights` in FUTR3DHead  

pts_bbox_head.reg_branches.4.0.weight - torch.Size([256, 256]): 
The value is the same before and after calling `init_weights` of FUTR3D  

pts_bbox_head.reg_branches.4.0.bias - torch.Size([256]): 
The value is the same before and after calling `init_weights` of FUTR3D  

pts_bbox_head.reg_branches.4.2.weight - torch.Size([256, 256]): 
The value is the same before and after calling `init_weights` of FUTR3D  

pts_bbox_head.reg_branches.4.2.bias - torch.Size([256]): 
The value is the same before and after calling `init_weights` of FUTR3D  

pts_bbox_head.reg_branches.4.4.weight - torch.Size([10, 256]): 
Initialized by user-defined `init_weights` in FUTR3DHead  

pts_bbox_head.reg_branches.4.4.bias - torch.Size([10]): 
Initialized by user-defined `init_weights` in FUTR3DHead  

pts_bbox_head.reg_branches.5.0.weight - torch.Size([256, 256]): 
The value is the same before and after calling `init_weights` of FUTR3D  

pts_bbox_head.reg_branches.5.0.bias - torch.Size([256]): 
The value is the same before and after calling `init_weights` of FUTR3D  

pts_bbox_head.reg_branches.5.2.weight - torch.Size([256, 256]): 
The value is the same before and after calling `init_weights` of FUTR3D  

pts_bbox_head.reg_branches.5.2.bias - torch.Size([256]): 
The value is the same before and after calling `init_weights` of FUTR3D  

pts_bbox_head.reg_branches.5.4.weight - torch.Size([10, 256]): 
Initialized by user-defined `init_weights` in FUTR3DHead  

pts_bbox_head.reg_branches.5.4.bias - torch.Size([10]): 
Initialized by user-defined `init_weights` in FUTR3DHead  

pts_bbox_head.tgt_embed.weight - torch.Size([900, 256]): 
The value is the same before and after calling `init_weights` of FUTR3D  

pts_bbox_head.refpoint_embed.weight - torch.Size([900, 3]): 
The value is the same before and after calling `init_weights` of FUTR3D  

img_backbone.conv1.weight - torch.Size([64, 3, 7, 7]): 
KaimingInit: a=0, mode=fan_out, nonlinearity=relu, distribution =normal, bias=0 

img_backbone.bn1.weight - torch.Size([64]): 
The value is the same before and after calling `init_weights` of FUTR3D  

img_backbone.bn1.bias - torch.Size([64]): 
The value is the same before and after calling `init_weights` of FUTR3D  

img_backbone.layer1.0.conv1.weight - torch.Size([64, 64, 1, 1]): 
KaimingInit: a=0, mode=fan_out, nonlinearity=relu, distribution =normal, bias=0 

img_backbone.layer1.0.bn1.weight - torch.Size([64]): 
The value is the same before and after calling `init_weights` of FUTR3D  

img_backbone.layer1.0.bn1.bias - torch.Size([64]): 
The value is the same before and after calling `init_weights` of FUTR3D  

img_backbone.layer1.0.conv2.weight - torch.Size([64, 64, 3, 3]): 
KaimingInit: a=0, mode=fan_out, nonlinearity=relu, distribution =normal, bias=0 

img_backbone.layer1.0.bn2.weight - torch.Size([64]): 
The value is the same before and after calling `init_weights` of FUTR3D  

img_backbone.layer1.0.bn2.bias - torch.Size([64]): 
The value is the same before and after calling `init_weights` of FUTR3D  

img_backbone.layer1.0.conv3.weight - torch.Size([256, 64, 1, 1]): 
KaimingInit: a=0, mode=fan_out, nonlinearity=relu, distribution =normal, bias=0 

img_backbone.layer1.0.bn3.weight - torch.Size([256]): 
ConstantInit: val=0, bias=0 

img_backbone.layer1.0.bn3.bias - torch.Size([256]): 
The value is the same before and after calling `init_weights` of FUTR3D  

img_backbone.layer1.0.downsample.0.weight - torch.Size([256, 64, 1, 1]): 
KaimingInit: a=0, mode=fan_out, nonlinearity=relu, distribution =normal, bias=0 

img_backbone.layer1.0.downsample.1.weight - torch.Size([256]): 
The value is the same before and after calling `init_weights` of FUTR3D  

img_backbone.layer1.0.downsample.1.bias - torch.Size([256]): 
The value is the same before and after calling `init_weights` of FUTR3D  

img_backbone.layer1.1.conv1.weight - torch.Size([64, 256, 1, 1]): 
KaimingInit: a=0, mode=fan_out, nonlinearity=relu, distribution =normal, bias=0 

img_backbone.layer1.1.bn1.weight - torch.Size([64]): 
The value is the same before and after calling `init_weights` of FUTR3D  

img_backbone.layer1.1.bn1.bias - torch.Size([64]): 
The value is the same before and after calling `init_weights` of FUTR3D  

img_backbone.layer1.1.conv2.weight - torch.Size([64, 64, 3, 3]): 
KaimingInit: a=0, mode=fan_out, nonlinearity=relu, distribution =normal, bias=0 

img_backbone.layer1.1.bn2.weight - torch.Size([64]): 
The value is the same before and after calling `init_weights` of FUTR3D  

img_backbone.layer1.1.bn2.bias - torch.Size([64]): 
The value is the same before and after calling `init_weights` of FUTR3D  

img_backbone.layer1.1.conv3.weight - torch.Size([256, 64, 1, 1]): 
KaimingInit: a=0, mode=fan_out, nonlinearity=relu, distribution =normal, bias=0 

img_backbone.layer1.1.bn3.weight - torch.Size([256]): 
ConstantInit: val=0, bias=0 

img_backbone.layer1.1.bn3.bias - torch.Size([256]): 
The value is the same before and after calling `init_weights` of FUTR3D  

img_backbone.layer1.2.conv1.weight - torch.Size([64, 256, 1, 1]): 
KaimingInit: a=0, mode=fan_out, nonlinearity=relu, distribution =normal, bias=0 

img_backbone.layer1.2.bn1.weight - torch.Size([64]): 
The value is the same before and after calling `init_weights` of FUTR3D  

img_backbone.layer1.2.bn1.bias - torch.Size([64]): 
The value is the same before and after calling `init_weights` of FUTR3D  

img_backbone.layer1.2.conv2.weight - torch.Size([64, 64, 3, 3]): 
KaimingInit: a=0, mode=fan_out, nonlinearity=relu, distribution =normal, bias=0 

img_backbone.layer1.2.bn2.weight - torch.Size([64]): 
The value is the same before and after calling `init_weights` of FUTR3D  

img_backbone.layer1.2.bn2.bias - torch.Size([64]): 
The value is the same before and after calling `init_weights` of FUTR3D  

img_backbone.layer1.2.conv3.weight - torch.Size([256, 64, 1, 1]): 
KaimingInit: a=0, mode=fan_out, nonlinearity=relu, distribution =normal, bias=0 

img_backbone.layer1.2.bn3.weight - torch.Size([256]): 
ConstantInit: val=0, bias=0 

img_backbone.layer1.2.bn3.bias - torch.Size([256]): 
The value is the same before and after calling `init_weights` of FUTR3D  

img_backbone.layer2.0.conv1.weight - torch.Size([128, 256, 1, 1]): 
KaimingInit: a=0, mode=fan_out, nonlinearity=relu, distribution =normal, bias=0 

img_backbone.layer2.0.bn1.weight - torch.Size([128]): 
The value is the same before and after calling `init_weights` of FUTR3D  

img_backbone.layer2.0.bn1.bias - torch.Size([128]): 
The value is the same before and after calling `init_weights` of FUTR3D  

img_backbone.layer2.0.conv2.weight - torch.Size([128, 128, 3, 3]): 
KaimingInit: a=0, mode=fan_out, nonlinearity=relu, distribution =normal, bias=0 

img_backbone.layer2.0.bn2.weight - torch.Size([128]): 
The value is the same before and after calling `init_weights` of FUTR3D  

img_backbone.layer2.0.bn2.bias - torch.Size([128]): 
The value is the same before and after calling `init_weights` of FUTR3D  

img_backbone.layer2.0.conv3.weight - torch.Size([512, 128, 1, 1]): 
KaimingInit: a=0, mode=fan_out, nonlinearity=relu, distribution =normal, bias=0 

img_backbone.layer2.0.bn3.weight - torch.Size([512]): 
ConstantInit: val=0, bias=0 

img_backbone.layer2.0.bn3.bias - torch.Size([512]): 
The value is the same before and after calling `init_weights` of FUTR3D  

img_backbone.layer2.0.downsample.0.weight - torch.Size([512, 256, 1, 1]): 
KaimingInit: a=0, mode=fan_out, nonlinearity=relu, distribution =normal, bias=0 

img_backbone.layer2.0.downsample.1.weight - torch.Size([512]): 
The value is the same before and after calling `init_weights` of FUTR3D  

img_backbone.layer2.0.downsample.1.bias - torch.Size([512]): 
The value is the same before and after calling `init_weights` of FUTR3D  

img_backbone.layer2.1.conv1.weight - torch.Size([128, 512, 1, 1]): 
KaimingInit: a=0, mode=fan_out, nonlinearity=relu, distribution =normal, bias=0 

img_backbone.layer2.1.bn1.weight - torch.Size([128]): 
The value is the same before and after calling `init_weights` of FUTR3D  

img_backbone.layer2.1.bn1.bias - torch.Size([128]): 
The value is the same before and after calling `init_weights` of FUTR3D  

img_backbone.layer2.1.conv2.weight - torch.Size([128, 128, 3, 3]): 
KaimingInit: a=0, mode=fan_out, nonlinearity=relu, distribution =normal, bias=0 

img_backbone.layer2.1.bn2.weight - torch.Size([128]): 
The value is the same before and after calling `init_weights` of FUTR3D  

img_backbone.layer2.1.bn2.bias - torch.Size([128]): 
The value is the same before and after calling `init_weights` of FUTR3D  

img_backbone.layer2.1.conv3.weight - torch.Size([512, 128, 1, 1]): 
KaimingInit: a=0, mode=fan_out, nonlinearity=relu, distribution =normal, bias=0 

img_backbone.layer2.1.bn3.weight - torch.Size([512]): 
ConstantInit: val=0, bias=0 

img_backbone.layer2.1.bn3.bias - torch.Size([512]): 
The value is the same before and after calling `init_weights` of FUTR3D  

img_backbone.layer2.2.conv1.weight - torch.Size([128, 512, 1, 1]): 
KaimingInit: a=0, mode=fan_out, nonlinearity=relu, distribution =normal, bias=0 

img_backbone.layer2.2.bn1.weight - torch.Size([128]): 
The value is the same before and after calling `init_weights` of FUTR3D  

img_backbone.layer2.2.bn1.bias - torch.Size([128]): 
The value is the same before and after calling `init_weights` of FUTR3D  

img_backbone.layer2.2.conv2.weight - torch.Size([128, 128, 3, 3]): 
KaimingInit: a=0, mode=fan_out, nonlinearity=relu, distribution =normal, bias=0 

img_backbone.layer2.2.bn2.weight - torch.Size([128]): 
The value is the same before and after calling `init_weights` of FUTR3D  

img_backbone.layer2.2.bn2.bias - torch.Size([128]): 
The value is the same before and after calling `init_weights` of FUTR3D  

img_backbone.layer2.2.conv3.weight - torch.Size([512, 128, 1, 1]): 
KaimingInit: a=0, mode=fan_out, nonlinearity=relu, distribution =normal, bias=0 

img_backbone.layer2.2.bn3.weight - torch.Size([512]): 
ConstantInit: val=0, bias=0 

img_backbone.layer2.2.bn3.bias - torch.Size([512]): 
The value is the same before and after calling `init_weights` of FUTR3D  

img_backbone.layer2.3.conv1.weight - torch.Size([128, 512, 1, 1]): 
KaimingInit: a=0, mode=fan_out, nonlinearity=relu, distribution =normal, bias=0 

img_backbone.layer2.3.bn1.weight - torch.Size([128]): 
The value is the same before and after calling `init_weights` of FUTR3D  

img_backbone.layer2.3.bn1.bias - torch.Size([128]): 
The value is the same before and after calling `init_weights` of FUTR3D  

img_backbone.layer2.3.conv2.weight - torch.Size([128, 128, 3, 3]): 
KaimingInit: a=0, mode=fan_out, nonlinearity=relu, distribution =normal, bias=0 

img_backbone.layer2.3.bn2.weight - torch.Size([128]): 
The value is the same before and after calling `init_weights` of FUTR3D  

img_backbone.layer2.3.bn2.bias - torch.Size([128]): 
The value is the same before and after calling `init_weights` of FUTR3D  

img_backbone.layer2.3.conv3.weight - torch.Size([512, 128, 1, 1]): 
KaimingInit: a=0, mode=fan_out, nonlinearity=relu, distribution =normal, bias=0 

img_backbone.layer2.3.bn3.weight - torch.Size([512]): 
ConstantInit: val=0, bias=0 

img_backbone.layer2.3.bn3.bias - torch.Size([512]): 
The value is the same before and after calling `init_weights` of FUTR3D  

img_backbone.layer3.0.conv1.weight - torch.Size([256, 512, 1, 1]): 
KaimingInit: a=0, mode=fan_out, nonlinearity=relu, distribution =normal, bias=0 

img_backbone.layer3.0.bn1.weight - torch.Size([256]): 
The value is the same before and after calling `init_weights` of FUTR3D  

img_backbone.layer3.0.bn1.bias - torch.Size([256]): 
The value is the same before and after calling `init_weights` of FUTR3D  

img_backbone.layer3.0.conv2.weight - torch.Size([256, 256, 3, 3]): 
Initialized by user-defined `init_weights` in ModulatedDeformConv2dPack  

img_backbone.layer3.0.conv2.conv_offset.weight - torch.Size([27, 256, 3, 3]): 
Initialized by user-defined `init_weights` in ModulatedDeformConv2dPack  

img_backbone.layer3.0.conv2.conv_offset.bias - torch.Size([27]): 
The value is the same before and after calling `init_weights` of FUTR3D  

img_backbone.layer3.0.bn2.weight - torch.Size([256]): 
The value is the same before and after calling `init_weights` of FUTR3D  

img_backbone.layer3.0.bn2.bias - torch.Size([256]): 
The value is the same before and after calling `init_weights` of FUTR3D  

img_backbone.layer3.0.conv3.weight - torch.Size([1024, 256, 1, 1]): 
KaimingInit: a=0, mode=fan_out, nonlinearity=relu, distribution =normal, bias=0 

img_backbone.layer3.0.bn3.weight - torch.Size([1024]): 
ConstantInit: val=0, bias=0 

img_backbone.layer3.0.bn3.bias - torch.Size([1024]): 
The value is the same before and after calling `init_weights` of FUTR3D  

img_backbone.layer3.0.downsample.0.weight - torch.Size([1024, 512, 1, 1]): 
KaimingInit: a=0, mode=fan_out, nonlinearity=relu, distribution =normal, bias=0 

img_backbone.layer3.0.downsample.1.weight - torch.Size([1024]): 
The value is the same before and after calling `init_weights` of FUTR3D  

img_backbone.layer3.0.downsample.1.bias - torch.Size([1024]): 
The value is the same before and after calling `init_weights` of FUTR3D  

img_backbone.layer3.1.conv1.weight - torch.Size([256, 1024, 1, 1]): 
KaimingInit: a=0, mode=fan_out, nonlinearity=relu, distribution =normal, bias=0 

img_backbone.layer3.1.bn1.weight - torch.Size([256]): 
The value is the same before and after calling `init_weights` of FUTR3D  

img_backbone.layer3.1.bn1.bias - torch.Size([256]): 
The value is the same before and after calling `init_weights` of FUTR3D  

img_backbone.layer3.1.conv2.weight - torch.Size([256, 256, 3, 3]): 
Initialized by user-defined `init_weights` in ModulatedDeformConv2dPack  

img_backbone.layer3.1.conv2.conv_offset.weight - torch.Size([27, 256, 3, 3]): 
Initialized by user-defined `init_weights` in ModulatedDeformConv2dPack  

img_backbone.layer3.1.conv2.conv_offset.bias - torch.Size([27]): 
The value is the same before and after calling `init_weights` of FUTR3D  

img_backbone.layer3.1.bn2.weight - torch.Size([256]): 
The value is the same before and after calling `init_weights` of FUTR3D  

img_backbone.layer3.1.bn2.bias - torch.Size([256]): 
The value is the same before and after calling `init_weights` of FUTR3D  

img_backbone.layer3.1.conv3.weight - torch.Size([1024, 256, 1, 1]): 
KaimingInit: a=0, mode=fan_out, nonlinearity=relu, distribution =normal, bias=0 

img_backbone.layer3.1.bn3.weight - torch.Size([1024]): 
ConstantInit: val=0, bias=0 

img_backbone.layer3.1.bn3.bias - torch.Size([1024]): 
The value is the same before and after calling `init_weights` of FUTR3D  

img_backbone.layer3.2.conv1.weight - torch.Size([256, 1024, 1, 1]): 
KaimingInit: a=0, mode=fan_out, nonlinearity=relu, distribution =normal, bias=0 

img_backbone.layer3.2.bn1.weight - torch.Size([256]): 
The value is the same before and after calling `init_weights` of FUTR3D  

img_backbone.layer3.2.bn1.bias - torch.Size([256]): 
The value is the same before and after calling `init_weights` of FUTR3D  

img_backbone.layer3.2.conv2.weight - torch.Size([256, 256, 3, 3]): 
Initialized by user-defined `init_weights` in ModulatedDeformConv2dPack  

img_backbone.layer3.2.conv2.conv_offset.weight - torch.Size([27, 256, 3, 3]): 
Initialized by user-defined `init_weights` in ModulatedDeformConv2dPack  

img_backbone.layer3.2.conv2.conv_offset.bias - torch.Size([27]): 
The value is the same before and after calling `init_weights` of FUTR3D  

img_backbone.layer3.2.bn2.weight - torch.Size([256]): 
The value is the same before and after calling `init_weights` of FUTR3D  

img_backbone.layer3.2.bn2.bias - torch.Size([256]): 
The value is the same before and after calling `init_weights` of FUTR3D  

img_backbone.layer3.2.conv3.weight - torch.Size([1024, 256, 1, 1]): 
KaimingInit: a=0, mode=fan_out, nonlinearity=relu, distribution =normal, bias=0 

img_backbone.layer3.2.bn3.weight - torch.Size([1024]): 
ConstantInit: val=0, bias=0 

img_backbone.layer3.2.bn3.bias - torch.Size([1024]): 
The value is the same before and after calling `init_weights` of FUTR3D  

img_backbone.layer3.3.conv1.weight - torch.Size([256, 1024, 1, 1]): 
KaimingInit: a=0, mode=fan_out, nonlinearity=relu, distribution =normal, bias=0 

img_backbone.layer3.3.bn1.weight - torch.Size([256]): 
The value is the same before and after calling `init_weights` of FUTR3D  

img_backbone.layer3.3.bn1.bias - torch.Size([256]): 
The value is the same before and after calling `init_weights` of FUTR3D  

img_backbone.layer3.3.conv2.weight - torch.Size([256, 256, 3, 3]): 
Initialized by user-defined `init_weights` in ModulatedDeformConv2dPack  

img_backbone.layer3.3.conv2.conv_offset.weight - torch.Size([27, 256, 3, 3]): 
Initialized by user-defined `init_weights` in ModulatedDeformConv2dPack  

img_backbone.layer3.3.conv2.conv_offset.bias - torch.Size([27]): 
The value is the same before and after calling `init_weights` of FUTR3D  

img_backbone.layer3.3.bn2.weight - torch.Size([256]): 
The value is the same before and after calling `init_weights` of FUTR3D  

img_backbone.layer3.3.bn2.bias - torch.Size([256]): 
The value is the same before and after calling `init_weights` of FUTR3D  

img_backbone.layer3.3.conv3.weight - torch.Size([1024, 256, 1, 1]): 
KaimingInit: a=0, mode=fan_out, nonlinearity=relu, distribution =normal, bias=0 

img_backbone.layer3.3.bn3.weight - torch.Size([1024]): 
ConstantInit: val=0, bias=0 

img_backbone.layer3.3.bn3.bias - torch.Size([1024]): 
The value is the same before and after calling `init_weights` of FUTR3D  

img_backbone.layer3.4.conv1.weight - torch.Size([256, 1024, 1, 1]): 
KaimingInit: a=0, mode=fan_out, nonlinearity=relu, distribution =normal, bias=0 

img_backbone.layer3.4.bn1.weight - torch.Size([256]): 
The value is the same before and after calling `init_weights` of FUTR3D  

img_backbone.layer3.4.bn1.bias - torch.Size([256]): 
The value is the same before and after calling `init_weights` of FUTR3D  

img_backbone.layer3.4.conv2.weight - torch.Size([256, 256, 3, 3]): 
Initialized by user-defined `init_weights` in ModulatedDeformConv2dPack  

img_backbone.layer3.4.conv2.conv_offset.weight - torch.Size([27, 256, 3, 3]): 
Initialized by user-defined `init_weights` in ModulatedDeformConv2dPack  

img_backbone.layer3.4.conv2.conv_offset.bias - torch.Size([27]): 
The value is the same before and after calling `init_weights` of FUTR3D  

img_backbone.layer3.4.bn2.weight - torch.Size([256]): 
The value is the same before and after calling `init_weights` of FUTR3D  

img_backbone.layer3.4.bn2.bias - torch.Size([256]): 
The value is the same before and after calling `init_weights` of FUTR3D  

img_backbone.layer3.4.conv3.weight - torch.Size([1024, 256, 1, 1]): 
KaimingInit: a=0, mode=fan_out, nonlinearity=relu, distribution =normal, bias=0 

img_backbone.layer3.4.bn3.weight - torch.Size([1024]): 
ConstantInit: val=0, bias=0 

img_backbone.layer3.4.bn3.bias - torch.Size([1024]): 
The value is the same before and after calling `init_weights` of FUTR3D  

img_backbone.layer3.5.conv1.weight - torch.Size([256, 1024, 1, 1]): 
KaimingInit: a=0, mode=fan_out, nonlinearity=relu, distribution =normal, bias=0 

img_backbone.layer3.5.bn1.weight - torch.Size([256]): 
The value is the same before and after calling `init_weights` of FUTR3D  

img_backbone.layer3.5.bn1.bias - torch.Size([256]): 
The value is the same before and after calling `init_weights` of FUTR3D  

img_backbone.layer3.5.conv2.weight - torch.Size([256, 256, 3, 3]): 
Initialized by user-defined `init_weights` in ModulatedDeformConv2dPack  

img_backbone.layer3.5.conv2.conv_offset.weight - torch.Size([27, 256, 3, 3]): 
Initialized by user-defined `init_weights` in ModulatedDeformConv2dPack  

img_backbone.layer3.5.conv2.conv_offset.bias - torch.Size([27]): 
The value is the same before and after calling `init_weights` of FUTR3D  

img_backbone.layer3.5.bn2.weight - torch.Size([256]): 
The value is the same before and after calling `init_weights` of FUTR3D  

img_backbone.layer3.5.bn2.bias - torch.Size([256]): 
The value is the same before and after calling `init_weights` of FUTR3D  

img_backbone.layer3.5.conv3.weight - torch.Size([1024, 256, 1, 1]): 
KaimingInit: a=0, mode=fan_out, nonlinearity=relu, distribution =normal, bias=0 

img_backbone.layer3.5.bn3.weight - torch.Size([1024]): 
ConstantInit: val=0, bias=0 

img_backbone.layer3.5.bn3.bias - torch.Size([1024]): 
The value is the same before and after calling `init_weights` of FUTR3D  

img_backbone.layer3.6.conv1.weight - torch.Size([256, 1024, 1, 1]): 
KaimingInit: a=0, mode=fan_out, nonlinearity=relu, distribution =normal, bias=0 

img_backbone.layer3.6.bn1.weight - torch.Size([256]): 
The value is the same before and after calling `init_weights` of FUTR3D  

img_backbone.layer3.6.bn1.bias - torch.Size([256]): 
The value is the same before and after calling `init_weights` of FUTR3D  

img_backbone.layer3.6.conv2.weight - torch.Size([256, 256, 3, 3]): 
Initialized by user-defined `init_weights` in ModulatedDeformConv2dPack  

img_backbone.layer3.6.conv2.conv_offset.weight - torch.Size([27, 256, 3, 3]): 
Initialized by user-defined `init_weights` in ModulatedDeformConv2dPack  

img_backbone.layer3.6.conv2.conv_offset.bias - torch.Size([27]): 
The value is the same before and after calling `init_weights` of FUTR3D  

img_backbone.layer3.6.bn2.weight - torch.Size([256]): 
The value is the same before and after calling `init_weights` of FUTR3D  

img_backbone.layer3.6.bn2.bias - torch.Size([256]): 
The value is the same before and after calling `init_weights` of FUTR3D  

img_backbone.layer3.6.conv3.weight - torch.Size([1024, 256, 1, 1]): 
KaimingInit: a=0, mode=fan_out, nonlinearity=relu, distribution =normal, bias=0 

img_backbone.layer3.6.bn3.weight - torch.Size([1024]): 
ConstantInit: val=0, bias=0 

img_backbone.layer3.6.bn3.bias - torch.Size([1024]): 
The value is the same before and after calling `init_weights` of FUTR3D  

img_backbone.layer3.7.conv1.weight - torch.Size([256, 1024, 1, 1]): 
KaimingInit: a=0, mode=fan_out, nonlinearity=relu, distribution =normal, bias=0 

img_backbone.layer3.7.bn1.weight - torch.Size([256]): 
The value is the same before and after calling `init_weights` of FUTR3D  

img_backbone.layer3.7.bn1.bias - torch.Size([256]): 
The value is the same before and after calling `init_weights` of FUTR3D  

img_backbone.layer3.7.conv2.weight - torch.Size([256, 256, 3, 3]): 
Initialized by user-defined `init_weights` in ModulatedDeformConv2dPack  

img_backbone.layer3.7.conv2.conv_offset.weight - torch.Size([27, 256, 3, 3]): 
Initialized by user-defined `init_weights` in ModulatedDeformConv2dPack  

img_backbone.layer3.7.conv2.conv_offset.bias - torch.Size([27]): 
The value is the same before and after calling `init_weights` of FUTR3D  

img_backbone.layer3.7.bn2.weight - torch.Size([256]): 
The value is the same before and after calling `init_weights` of FUTR3D  

img_backbone.layer3.7.bn2.bias - torch.Size([256]): 
The value is the same before and after calling `init_weights` of FUTR3D  

img_backbone.layer3.7.conv3.weight - torch.Size([1024, 256, 1, 1]): 
KaimingInit: a=0, mode=fan_out, nonlinearity=relu, distribution =normal, bias=0 

img_backbone.layer3.7.bn3.weight - torch.Size([1024]): 
ConstantInit: val=0, bias=0 

img_backbone.layer3.7.bn3.bias - torch.Size([1024]): 
The value is the same before and after calling `init_weights` of FUTR3D  

img_backbone.layer3.8.conv1.weight - torch.Size([256, 1024, 1, 1]): 
KaimingInit: a=0, mode=fan_out, nonlinearity=relu, distribution =normal, bias=0 

img_backbone.layer3.8.bn1.weight - torch.Size([256]): 
The value is the same before and after calling `init_weights` of FUTR3D  

img_backbone.layer3.8.bn1.bias - torch.Size([256]): 
The value is the same before and after calling `init_weights` of FUTR3D  

img_backbone.layer3.8.conv2.weight - torch.Size([256, 256, 3, 3]): 
Initialized by user-defined `init_weights` in ModulatedDeformConv2dPack  

img_backbone.layer3.8.conv2.conv_offset.weight - torch.Size([27, 256, 3, 3]): 
Initialized by user-defined `init_weights` in ModulatedDeformConv2dPack  

img_backbone.layer3.8.conv2.conv_offset.bias - torch.Size([27]): 
The value is the same before and after calling `init_weights` of FUTR3D  

img_backbone.layer3.8.bn2.weight - torch.Size([256]): 
The value is the same before and after calling `init_weights` of FUTR3D  

img_backbone.layer3.8.bn2.bias - torch.Size([256]): 
The value is the same before and after calling `init_weights` of FUTR3D  

img_backbone.layer3.8.conv3.weight - torch.Size([1024, 256, 1, 1]): 
KaimingInit: a=0, mode=fan_out, nonlinearity=relu, distribution =normal, bias=0 

img_backbone.layer3.8.bn3.weight - torch.Size([1024]): 
ConstantInit: val=0, bias=0 

img_backbone.layer3.8.bn3.bias - torch.Size([1024]): 
The value is the same before and after calling `init_weights` of FUTR3D  

img_backbone.layer3.9.conv1.weight - torch.Size([256, 1024, 1, 1]): 
KaimingInit: a=0, mode=fan_out, nonlinearity=relu, distribution =normal, bias=0 

img_backbone.layer3.9.bn1.weight - torch.Size([256]): 
The value is the same before and after calling `init_weights` of FUTR3D  

img_backbone.layer3.9.bn1.bias - torch.Size([256]): 
The value is the same before and after calling `init_weights` of FUTR3D  

img_backbone.layer3.9.conv2.weight - torch.Size([256, 256, 3, 3]): 
Initialized by user-defined `init_weights` in ModulatedDeformConv2dPack  

img_backbone.layer3.9.conv2.conv_offset.weight - torch.Size([27, 256, 3, 3]): 
Initialized by user-defined `init_weights` in ModulatedDeformConv2dPack  

img_backbone.layer3.9.conv2.conv_offset.bias - torch.Size([27]): 
The value is the same before and after calling `init_weights` of FUTR3D  

img_backbone.layer3.9.bn2.weight - torch.Size([256]): 
The value is the same before and after calling `init_weights` of FUTR3D  

img_backbone.layer3.9.bn2.bias - torch.Size([256]): 
The value is the same before and after calling `init_weights` of FUTR3D  

img_backbone.layer3.9.conv3.weight - torch.Size([1024, 256, 1, 1]): 
KaimingInit: a=0, mode=fan_out, nonlinearity=relu, distribution =normal, bias=0 

img_backbone.layer3.9.bn3.weight - torch.Size([1024]): 
ConstantInit: val=0, bias=0 

img_backbone.layer3.9.bn3.bias - torch.Size([1024]): 
The value is the same before and after calling `init_weights` of FUTR3D  

img_backbone.layer3.10.conv1.weight - torch.Size([256, 1024, 1, 1]): 
KaimingInit: a=0, mode=fan_out, nonlinearity=relu, distribution =normal, bias=0 

img_backbone.layer3.10.bn1.weight - torch.Size([256]): 
The value is the same before and after calling `init_weights` of FUTR3D  

img_backbone.layer3.10.bn1.bias - torch.Size([256]): 
The value is the same before and after calling `init_weights` of FUTR3D  

img_backbone.layer3.10.conv2.weight - torch.Size([256, 256, 3, 3]): 
Initialized by user-defined `init_weights` in ModulatedDeformConv2dPack  

img_backbone.layer3.10.conv2.conv_offset.weight - torch.Size([27, 256, 3, 3]): 
Initialized by user-defined `init_weights` in ModulatedDeformConv2dPack  

img_backbone.layer3.10.conv2.conv_offset.bias - torch.Size([27]): 
The value is the same before and after calling `init_weights` of FUTR3D  

img_backbone.layer3.10.bn2.weight - torch.Size([256]): 
The value is the same before and after calling `init_weights` of FUTR3D  

img_backbone.layer3.10.bn2.bias - torch.Size([256]): 
The value is the same before and after calling `init_weights` of FUTR3D  

img_backbone.layer3.10.conv3.weight - torch.Size([1024, 256, 1, 1]): 
KaimingInit: a=0, mode=fan_out, nonlinearity=relu, distribution =normal, bias=0 

img_backbone.layer3.10.bn3.weight - torch.Size([1024]): 
ConstantInit: val=0, bias=0 

img_backbone.layer3.10.bn3.bias - torch.Size([1024]): 
The value is the same before and after calling `init_weights` of FUTR3D  

img_backbone.layer3.11.conv1.weight - torch.Size([256, 1024, 1, 1]): 
KaimingInit: a=0, mode=fan_out, nonlinearity=relu, distribution =normal, bias=0 

img_backbone.layer3.11.bn1.weight - torch.Size([256]): 
The value is the same before and after calling `init_weights` of FUTR3D  

img_backbone.layer3.11.bn1.bias - torch.Size([256]): 
The value is the same before and after calling `init_weights` of FUTR3D  

img_backbone.layer3.11.conv2.weight - torch.Size([256, 256, 3, 3]): 
Initialized by user-defined `init_weights` in ModulatedDeformConv2dPack  

img_backbone.layer3.11.conv2.conv_offset.weight - torch.Size([27, 256, 3, 3]): 
Initialized by user-defined `init_weights` in ModulatedDeformConv2dPack  

img_backbone.layer3.11.conv2.conv_offset.bias - torch.Size([27]): 
The value is the same before and after calling `init_weights` of FUTR3D  

img_backbone.layer3.11.bn2.weight - torch.Size([256]): 
The value is the same before and after calling `init_weights` of FUTR3D  

img_backbone.layer3.11.bn2.bias - torch.Size([256]): 
The value is the same before and after calling `init_weights` of FUTR3D  

img_backbone.layer3.11.conv3.weight - torch.Size([1024, 256, 1, 1]): 
KaimingInit: a=0, mode=fan_out, nonlinearity=relu, distribution =normal, bias=0 

img_backbone.layer3.11.bn3.weight - torch.Size([1024]): 
ConstantInit: val=0, bias=0 

img_backbone.layer3.11.bn3.bias - torch.Size([1024]): 
The value is the same before and after calling `init_weights` of FUTR3D  

img_backbone.layer3.12.conv1.weight - torch.Size([256, 1024, 1, 1]): 
KaimingInit: a=0, mode=fan_out, nonlinearity=relu, distribution =normal, bias=0 

img_backbone.layer3.12.bn1.weight - torch.Size([256]): 
The value is the same before and after calling `init_weights` of FUTR3D  

img_backbone.layer3.12.bn1.bias - torch.Size([256]): 
The value is the same before and after calling `init_weights` of FUTR3D  

img_backbone.layer3.12.conv2.weight - torch.Size([256, 256, 3, 3]): 
Initialized by user-defined `init_weights` in ModulatedDeformConv2dPack  

img_backbone.layer3.12.conv2.conv_offset.weight - torch.Size([27, 256, 3, 3]): 
Initialized by user-defined `init_weights` in ModulatedDeformConv2dPack  

img_backbone.layer3.12.conv2.conv_offset.bias - torch.Size([27]): 
The value is the same before and after calling `init_weights` of FUTR3D  

img_backbone.layer3.12.bn2.weight - torch.Size([256]): 
The value is the same before and after calling `init_weights` of FUTR3D  

img_backbone.layer3.12.bn2.bias - torch.Size([256]): 
The value is the same before and after calling `init_weights` of FUTR3D  

img_backbone.layer3.12.conv3.weight - torch.Size([1024, 256, 1, 1]): 
KaimingInit: a=0, mode=fan_out, nonlinearity=relu, distribution =normal, bias=0 

img_backbone.layer3.12.bn3.weight - torch.Size([1024]): 
ConstantInit: val=0, bias=0 

img_backbone.layer3.12.bn3.bias - torch.Size([1024]): 
The value is the same before and after calling `init_weights` of FUTR3D  

img_backbone.layer3.13.conv1.weight - torch.Size([256, 1024, 1, 1]): 
KaimingInit: a=0, mode=fan_out, nonlinearity=relu, distribution =normal, bias=0 

img_backbone.layer3.13.bn1.weight - torch.Size([256]): 
The value is the same before and after calling `init_weights` of FUTR3D  

img_backbone.layer3.13.bn1.bias - torch.Size([256]): 
The value is the same before and after calling `init_weights` of FUTR3D  

img_backbone.layer3.13.conv2.weight - torch.Size([256, 256, 3, 3]): 
Initialized by user-defined `init_weights` in ModulatedDeformConv2dPack  

img_backbone.layer3.13.conv2.conv_offset.weight - torch.Size([27, 256, 3, 3]): 
Initialized by user-defined `init_weights` in ModulatedDeformConv2dPack  

img_backbone.layer3.13.conv2.conv_offset.bias - torch.Size([27]): 
The value is the same before and after calling `init_weights` of FUTR3D  

img_backbone.layer3.13.bn2.weight - torch.Size([256]): 
The value is the same before and after calling `init_weights` of FUTR3D  

img_backbone.layer3.13.bn2.bias - torch.Size([256]): 
The value is the same before and after calling `init_weights` of FUTR3D  

img_backbone.layer3.13.conv3.weight - torch.Size([1024, 256, 1, 1]): 
KaimingInit: a=0, mode=fan_out, nonlinearity=relu, distribution =normal, bias=0 

img_backbone.layer3.13.bn3.weight - torch.Size([1024]): 
ConstantInit: val=0, bias=0 

img_backbone.layer3.13.bn3.bias - torch.Size([1024]): 
The value is the same before and after calling `init_weights` of FUTR3D  

img_backbone.layer3.14.conv1.weight - torch.Size([256, 1024, 1, 1]): 
KaimingInit: a=0, mode=fan_out, nonlinearity=relu, distribution =normal, bias=0 

img_backbone.layer3.14.bn1.weight - torch.Size([256]): 
The value is the same before and after calling `init_weights` of FUTR3D  

img_backbone.layer3.14.bn1.bias - torch.Size([256]): 
The value is the same before and after calling `init_weights` of FUTR3D  

img_backbone.layer3.14.conv2.weight - torch.Size([256, 256, 3, 3]): 
Initialized by user-defined `init_weights` in ModulatedDeformConv2dPack  

img_backbone.layer3.14.conv2.conv_offset.weight - torch.Size([27, 256, 3, 3]): 
Initialized by user-defined `init_weights` in ModulatedDeformConv2dPack  

img_backbone.layer3.14.conv2.conv_offset.bias - torch.Size([27]): 
The value is the same before and after calling `init_weights` of FUTR3D  

img_backbone.layer3.14.bn2.weight - torch.Size([256]): 
The value is the same before and after calling `init_weights` of FUTR3D  

img_backbone.layer3.14.bn2.bias - torch.Size([256]): 
The value is the same before and after calling `init_weights` of FUTR3D  

img_backbone.layer3.14.conv3.weight - torch.Size([1024, 256, 1, 1]): 
KaimingInit: a=0, mode=fan_out, nonlinearity=relu, distribution =normal, bias=0 

img_backbone.layer3.14.bn3.weight - torch.Size([1024]): 
ConstantInit: val=0, bias=0 

img_backbone.layer3.14.bn3.bias - torch.Size([1024]): 
The value is the same before and after calling `init_weights` of FUTR3D  

img_backbone.layer3.15.conv1.weight - torch.Size([256, 1024, 1, 1]): 
KaimingInit: a=0, mode=fan_out, nonlinearity=relu, distribution =normal, bias=0 

img_backbone.layer3.15.bn1.weight - torch.Size([256]): 
The value is the same before and after calling `init_weights` of FUTR3D  

img_backbone.layer3.15.bn1.bias - torch.Size([256]): 
The value is the same before and after calling `init_weights` of FUTR3D  

img_backbone.layer3.15.conv2.weight - torch.Size([256, 256, 3, 3]): 
Initialized by user-defined `init_weights` in ModulatedDeformConv2dPack  

img_backbone.layer3.15.conv2.conv_offset.weight - torch.Size([27, 256, 3, 3]): 
Initialized by user-defined `init_weights` in ModulatedDeformConv2dPack  

img_backbone.layer3.15.conv2.conv_offset.bias - torch.Size([27]): 
The value is the same before and after calling `init_weights` of FUTR3D  

img_backbone.layer3.15.bn2.weight - torch.Size([256]): 
The value is the same before and after calling `init_weights` of FUTR3D  

img_backbone.layer3.15.bn2.bias - torch.Size([256]): 
The value is the same before and after calling `init_weights` of FUTR3D  

img_backbone.layer3.15.conv3.weight - torch.Size([1024, 256, 1, 1]): 
KaimingInit: a=0, mode=fan_out, nonlinearity=relu, distribution =normal, bias=0 

img_backbone.layer3.15.bn3.weight - torch.Size([1024]): 
ConstantInit: val=0, bias=0 

img_backbone.layer3.15.bn3.bias - torch.Size([1024]): 
The value is the same before and after calling `init_weights` of FUTR3D  

img_backbone.layer3.16.conv1.weight - torch.Size([256, 1024, 1, 1]): 
KaimingInit: a=0, mode=fan_out, nonlinearity=relu, distribution =normal, bias=0 

img_backbone.layer3.16.bn1.weight - torch.Size([256]): 
The value is the same before and after calling `init_weights` of FUTR3D  

img_backbone.layer3.16.bn1.bias - torch.Size([256]): 
The value is the same before and after calling `init_weights` of FUTR3D  

img_backbone.layer3.16.conv2.weight - torch.Size([256, 256, 3, 3]): 
Initialized by user-defined `init_weights` in ModulatedDeformConv2dPack  

img_backbone.layer3.16.conv2.conv_offset.weight - torch.Size([27, 256, 3, 3]): 
Initialized by user-defined `init_weights` in ModulatedDeformConv2dPack  

img_backbone.layer3.16.conv2.conv_offset.bias - torch.Size([27]): 
The value is the same before and after calling `init_weights` of FUTR3D  

img_backbone.layer3.16.bn2.weight - torch.Size([256]): 
The value is the same before and after calling `init_weights` of FUTR3D  

img_backbone.layer3.16.bn2.bias - torch.Size([256]): 
The value is the same before and after calling `init_weights` of FUTR3D  

img_backbone.layer3.16.conv3.weight - torch.Size([1024, 256, 1, 1]): 
KaimingInit: a=0, mode=fan_out, nonlinearity=relu, distribution =normal, bias=0 

img_backbone.layer3.16.bn3.weight - torch.Size([1024]): 
ConstantInit: val=0, bias=0 

img_backbone.layer3.16.bn3.bias - torch.Size([1024]): 
The value is the same before and after calling `init_weights` of FUTR3D  

img_backbone.layer3.17.conv1.weight - torch.Size([256, 1024, 1, 1]): 
KaimingInit: a=0, mode=fan_out, nonlinearity=relu, distribution =normal, bias=0 

img_backbone.layer3.17.bn1.weight - torch.Size([256]): 
The value is the same before and after calling `init_weights` of FUTR3D  

img_backbone.layer3.17.bn1.bias - torch.Size([256]): 
The value is the same before and after calling `init_weights` of FUTR3D  

img_backbone.layer3.17.conv2.weight - torch.Size([256, 256, 3, 3]): 
Initialized by user-defined `init_weights` in ModulatedDeformConv2dPack  

img_backbone.layer3.17.conv2.conv_offset.weight - torch.Size([27, 256, 3, 3]): 
Initialized by user-defined `init_weights` in ModulatedDeformConv2dPack  

img_backbone.layer3.17.conv2.conv_offset.bias - torch.Size([27]): 
The value is the same before and after calling `init_weights` of FUTR3D  

img_backbone.layer3.17.bn2.weight - torch.Size([256]): 
The value is the same before and after calling `init_weights` of FUTR3D  

img_backbone.layer3.17.bn2.bias - torch.Size([256]): 
The value is the same before and after calling `init_weights` of FUTR3D  

img_backbone.layer3.17.conv3.weight - torch.Size([1024, 256, 1, 1]): 
KaimingInit: a=0, mode=fan_out, nonlinearity=relu, distribution =normal, bias=0 

img_backbone.layer3.17.bn3.weight - torch.Size([1024]): 
ConstantInit: val=0, bias=0 

img_backbone.layer3.17.bn3.bias - torch.Size([1024]): 
The value is the same before and after calling `init_weights` of FUTR3D  

img_backbone.layer3.18.conv1.weight - torch.Size([256, 1024, 1, 1]): 
KaimingInit: a=0, mode=fan_out, nonlinearity=relu, distribution =normal, bias=0 

img_backbone.layer3.18.bn1.weight - torch.Size([256]): 
The value is the same before and after calling `init_weights` of FUTR3D  

img_backbone.layer3.18.bn1.bias - torch.Size([256]): 
The value is the same before and after calling `init_weights` of FUTR3D  

img_backbone.layer3.18.conv2.weight - torch.Size([256, 256, 3, 3]): 
Initialized by user-defined `init_weights` in ModulatedDeformConv2dPack  

img_backbone.layer3.18.conv2.conv_offset.weight - torch.Size([27, 256, 3, 3]): 
Initialized by user-defined `init_weights` in ModulatedDeformConv2dPack  

img_backbone.layer3.18.conv2.conv_offset.bias - torch.Size([27]): 
The value is the same before and after calling `init_weights` of FUTR3D  

img_backbone.layer3.18.bn2.weight - torch.Size([256]): 
The value is the same before and after calling `init_weights` of FUTR3D  

img_backbone.layer3.18.bn2.bias - torch.Size([256]): 
The value is the same before and after calling `init_weights` of FUTR3D  

img_backbone.layer3.18.conv3.weight - torch.Size([1024, 256, 1, 1]): 
KaimingInit: a=0, mode=fan_out, nonlinearity=relu, distribution =normal, bias=0 

img_backbone.layer3.18.bn3.weight - torch.Size([1024]): 
ConstantInit: val=0, bias=0 

img_backbone.layer3.18.bn3.bias - torch.Size([1024]): 
The value is the same before and after calling `init_weights` of FUTR3D  

img_backbone.layer3.19.conv1.weight - torch.Size([256, 1024, 1, 1]): 
KaimingInit: a=0, mode=fan_out, nonlinearity=relu, distribution =normal, bias=0 

img_backbone.layer3.19.bn1.weight - torch.Size([256]): 
The value is the same before and after calling `init_weights` of FUTR3D  

img_backbone.layer3.19.bn1.bias - torch.Size([256]): 
The value is the same before and after calling `init_weights` of FUTR3D  

img_backbone.layer3.19.conv2.weight - torch.Size([256, 256, 3, 3]): 
Initialized by user-defined `init_weights` in ModulatedDeformConv2dPack  

img_backbone.layer3.19.conv2.conv_offset.weight - torch.Size([27, 256, 3, 3]): 
Initialized by user-defined `init_weights` in ModulatedDeformConv2dPack  

img_backbone.layer3.19.conv2.conv_offset.bias - torch.Size([27]): 
The value is the same before and after calling `init_weights` of FUTR3D  

img_backbone.layer3.19.bn2.weight - torch.Size([256]): 
The value is the same before and after calling `init_weights` of FUTR3D  

img_backbone.layer3.19.bn2.bias - torch.Size([256]): 
The value is the same before and after calling `init_weights` of FUTR3D  

img_backbone.layer3.19.conv3.weight - torch.Size([1024, 256, 1, 1]): 
KaimingInit: a=0, mode=fan_out, nonlinearity=relu, distribution =normal, bias=0 

img_backbone.layer3.19.bn3.weight - torch.Size([1024]): 
ConstantInit: val=0, bias=0 

img_backbone.layer3.19.bn3.bias - torch.Size([1024]): 
The value is the same before and after calling `init_weights` of FUTR3D  

img_backbone.layer3.20.conv1.weight - torch.Size([256, 1024, 1, 1]): 
KaimingInit: a=0, mode=fan_out, nonlinearity=relu, distribution =normal, bias=0 

img_backbone.layer3.20.bn1.weight - torch.Size([256]): 
The value is the same before and after calling `init_weights` of FUTR3D  

img_backbone.layer3.20.bn1.bias - torch.Size([256]): 
The value is the same before and after calling `init_weights` of FUTR3D  

img_backbone.layer3.20.conv2.weight - torch.Size([256, 256, 3, 3]): 
Initialized by user-defined `init_weights` in ModulatedDeformConv2dPack  

img_backbone.layer3.20.conv2.conv_offset.weight - torch.Size([27, 256, 3, 3]): 
Initialized by user-defined `init_weights` in ModulatedDeformConv2dPack  

img_backbone.layer3.20.conv2.conv_offset.bias - torch.Size([27]): 
The value is the same before and after calling `init_weights` of FUTR3D  

img_backbone.layer3.20.bn2.weight - torch.Size([256]): 
The value is the same before and after calling `init_weights` of FUTR3D  

img_backbone.layer3.20.bn2.bias - torch.Size([256]): 
The value is the same before and after calling `init_weights` of FUTR3D  

img_backbone.layer3.20.conv3.weight - torch.Size([1024, 256, 1, 1]): 
KaimingInit: a=0, mode=fan_out, nonlinearity=relu, distribution =normal, bias=0 

img_backbone.layer3.20.bn3.weight - torch.Size([1024]): 
ConstantInit: val=0, bias=0 

img_backbone.layer3.20.bn3.bias - torch.Size([1024]): 
The value is the same before and after calling `init_weights` of FUTR3D  

img_backbone.layer3.21.conv1.weight - torch.Size([256, 1024, 1, 1]): 
KaimingInit: a=0, mode=fan_out, nonlinearity=relu, distribution =normal, bias=0 

img_backbone.layer3.21.bn1.weight - torch.Size([256]): 
The value is the same before and after calling `init_weights` of FUTR3D  

img_backbone.layer3.21.bn1.bias - torch.Size([256]): 
The value is the same before and after calling `init_weights` of FUTR3D  

img_backbone.layer3.21.conv2.weight - torch.Size([256, 256, 3, 3]): 
Initialized by user-defined `init_weights` in ModulatedDeformConv2dPack  

img_backbone.layer3.21.conv2.conv_offset.weight - torch.Size([27, 256, 3, 3]): 
Initialized by user-defined `init_weights` in ModulatedDeformConv2dPack  

img_backbone.layer3.21.conv2.conv_offset.bias - torch.Size([27]): 
The value is the same before and after calling `init_weights` of FUTR3D  

img_backbone.layer3.21.bn2.weight - torch.Size([256]): 
The value is the same before and after calling `init_weights` of FUTR3D  

img_backbone.layer3.21.bn2.bias - torch.Size([256]): 
The value is the same before and after calling `init_weights` of FUTR3D  

img_backbone.layer3.21.conv3.weight - torch.Size([1024, 256, 1, 1]): 
KaimingInit: a=0, mode=fan_out, nonlinearity=relu, distribution =normal, bias=0 

img_backbone.layer3.21.bn3.weight - torch.Size([1024]): 
ConstantInit: val=0, bias=0 

img_backbone.layer3.21.bn3.bias - torch.Size([1024]): 
The value is the same before and after calling `init_weights` of FUTR3D  

img_backbone.layer3.22.conv1.weight - torch.Size([256, 1024, 1, 1]): 
KaimingInit: a=0, mode=fan_out, nonlinearity=relu, distribution =normal, bias=0 

img_backbone.layer3.22.bn1.weight - torch.Size([256]): 
The value is the same before and after calling `init_weights` of FUTR3D  

img_backbone.layer3.22.bn1.bias - torch.Size([256]): 
The value is the same before and after calling `init_weights` of FUTR3D  

img_backbone.layer3.22.conv2.weight - torch.Size([256, 256, 3, 3]): 
Initialized by user-defined `init_weights` in ModulatedDeformConv2dPack  

img_backbone.layer3.22.conv2.conv_offset.weight - torch.Size([27, 256, 3, 3]): 
Initialized by user-defined `init_weights` in ModulatedDeformConv2dPack  

img_backbone.layer3.22.conv2.conv_offset.bias - torch.Size([27]): 
The value is the same before and after calling `init_weights` of FUTR3D  

img_backbone.layer3.22.bn2.weight - torch.Size([256]): 
The value is the same before and after calling `init_weights` of FUTR3D  

img_backbone.layer3.22.bn2.bias - torch.Size([256]): 
The value is the same before and after calling `init_weights` of FUTR3D  

img_backbone.layer3.22.conv3.weight - torch.Size([1024, 256, 1, 1]): 
KaimingInit: a=0, mode=fan_out, nonlinearity=relu, distribution =normal, bias=0 

img_backbone.layer3.22.bn3.weight - torch.Size([1024]): 
ConstantInit: val=0, bias=0 

img_backbone.layer3.22.bn3.bias - torch.Size([1024]): 
The value is the same before and after calling `init_weights` of FUTR3D  

img_backbone.layer4.0.conv1.weight - torch.Size([512, 1024, 1, 1]): 
KaimingInit: a=0, mode=fan_out, nonlinearity=relu, distribution =normal, bias=0 

img_backbone.layer4.0.bn1.weight - torch.Size([512]): 
The value is the same before and after calling `init_weights` of FUTR3D  

img_backbone.layer4.0.bn1.bias - torch.Size([512]): 
The value is the same before and after calling `init_weights` of FUTR3D  

img_backbone.layer4.0.conv2.weight - torch.Size([512, 512, 3, 3]): 
Initialized by user-defined `init_weights` in ModulatedDeformConv2dPack  

img_backbone.layer4.0.conv2.conv_offset.weight - torch.Size([27, 512, 3, 3]): 
Initialized by user-defined `init_weights` in ModulatedDeformConv2dPack  

img_backbone.layer4.0.conv2.conv_offset.bias - torch.Size([27]): 
The value is the same before and after calling `init_weights` of FUTR3D  

img_backbone.layer4.0.bn2.weight - torch.Size([512]): 
The value is the same before and after calling `init_weights` of FUTR3D  

img_backbone.layer4.0.bn2.bias - torch.Size([512]): 
The value is the same before and after calling `init_weights` of FUTR3D  

img_backbone.layer4.0.conv3.weight - torch.Size([2048, 512, 1, 1]): 
KaimingInit: a=0, mode=fan_out, nonlinearity=relu, distribution =normal, bias=0 

img_backbone.layer4.0.bn3.weight - torch.Size([2048]): 
ConstantInit: val=0, bias=0 

img_backbone.layer4.0.bn3.bias - torch.Size([2048]): 
The value is the same before and after calling `init_weights` of FUTR3D  

img_backbone.layer4.0.downsample.0.weight - torch.Size([2048, 1024, 1, 1]): 
KaimingInit: a=0, mode=fan_out, nonlinearity=relu, distribution =normal, bias=0 

img_backbone.layer4.0.downsample.1.weight - torch.Size([2048]): 
The value is the same before and after calling `init_weights` of FUTR3D  

img_backbone.layer4.0.downsample.1.bias - torch.Size([2048]): 
The value is the same before and after calling `init_weights` of FUTR3D  

img_backbone.layer4.1.conv1.weight - torch.Size([512, 2048, 1, 1]): 
KaimingInit: a=0, mode=fan_out, nonlinearity=relu, distribution =normal, bias=0 

img_backbone.layer4.1.bn1.weight - torch.Size([512]): 
The value is the same before and after calling `init_weights` of FUTR3D  

img_backbone.layer4.1.bn1.bias - torch.Size([512]): 
The value is the same before and after calling `init_weights` of FUTR3D  

img_backbone.layer4.1.conv2.weight - torch.Size([512, 512, 3, 3]): 
Initialized by user-defined `init_weights` in ModulatedDeformConv2dPack  

img_backbone.layer4.1.conv2.conv_offset.weight - torch.Size([27, 512, 3, 3]): 
Initialized by user-defined `init_weights` in ModulatedDeformConv2dPack  

img_backbone.layer4.1.conv2.conv_offset.bias - torch.Size([27]): 
The value is the same before and after calling `init_weights` of FUTR3D  

img_backbone.layer4.1.bn2.weight - torch.Size([512]): 
The value is the same before and after calling `init_weights` of FUTR3D  

img_backbone.layer4.1.bn2.bias - torch.Size([512]): 
The value is the same before and after calling `init_weights` of FUTR3D  

img_backbone.layer4.1.conv3.weight - torch.Size([2048, 512, 1, 1]): 
KaimingInit: a=0, mode=fan_out, nonlinearity=relu, distribution =normal, bias=0 

img_backbone.layer4.1.bn3.weight - torch.Size([2048]): 
ConstantInit: val=0, bias=0 

img_backbone.layer4.1.bn3.bias - torch.Size([2048]): 
The value is the same before and after calling `init_weights` of FUTR3D  

img_backbone.layer4.2.conv1.weight - torch.Size([512, 2048, 1, 1]): 
KaimingInit: a=0, mode=fan_out, nonlinearity=relu, distribution =normal, bias=0 

img_backbone.layer4.2.bn1.weight - torch.Size([512]): 
The value is the same before and after calling `init_weights` of FUTR3D  

img_backbone.layer4.2.bn1.bias - torch.Size([512]): 
The value is the same before and after calling `init_weights` of FUTR3D  

img_backbone.layer4.2.conv2.weight - torch.Size([512, 512, 3, 3]): 
Initialized by user-defined `init_weights` in ModulatedDeformConv2dPack  

img_backbone.layer4.2.conv2.conv_offset.weight - torch.Size([27, 512, 3, 3]): 
Initialized by user-defined `init_weights` in ModulatedDeformConv2dPack  

img_backbone.layer4.2.conv2.conv_offset.bias - torch.Size([27]): 
The value is the same before and after calling `init_weights` of FUTR3D  

img_backbone.layer4.2.bn2.weight - torch.Size([512]): 
The value is the same before and after calling `init_weights` of FUTR3D  

img_backbone.layer4.2.bn2.bias - torch.Size([512]): 
The value is the same before and after calling `init_weights` of FUTR3D  

img_backbone.layer4.2.conv3.weight - torch.Size([2048, 512, 1, 1]): 
KaimingInit: a=0, mode=fan_out, nonlinearity=relu, distribution =normal, bias=0 

img_backbone.layer4.2.bn3.weight - torch.Size([2048]): 
ConstantInit: val=0, bias=0 

img_backbone.layer4.2.bn3.bias - torch.Size([2048]): 
The value is the same before and after calling `init_weights` of FUTR3D  

img_neck.lateral_convs.0.conv.weight - torch.Size([256, 512, 1, 1]): 
XavierInit: gain=1, distribution=uniform, bias=0 

img_neck.lateral_convs.0.conv.bias - torch.Size([256]): 
The value is the same before and after calling `init_weights` of FUTR3D  

img_neck.lateral_convs.1.conv.weight - torch.Size([256, 1024, 1, 1]): 
XavierInit: gain=1, distribution=uniform, bias=0 

img_neck.lateral_convs.1.conv.bias - torch.Size([256]): 
The value is the same before and after calling `init_weights` of FUTR3D  

img_neck.lateral_convs.2.conv.weight - torch.Size([256, 2048, 1, 1]): 
XavierInit: gain=1, distribution=uniform, bias=0 

img_neck.lateral_convs.2.conv.bias - torch.Size([256]): 
The value is the same before and after calling `init_weights` of FUTR3D  

img_neck.fpn_convs.0.conv.weight - torch.Size([256, 256, 3, 3]): 
XavierInit: gain=1, distribution=uniform, bias=0 

img_neck.fpn_convs.0.conv.bias - torch.Size([256]): 
The value is the same before and after calling `init_weights` of FUTR3D  

img_neck.fpn_convs.1.conv.weight - torch.Size([256, 256, 3, 3]): 
XavierInit: gain=1, distribution=uniform, bias=0 

img_neck.fpn_convs.1.conv.bias - torch.Size([256]): 
The value is the same before and after calling `init_weights` of FUTR3D  

img_neck.fpn_convs.2.conv.weight - torch.Size([256, 256, 3, 3]): 
XavierInit: gain=1, distribution=uniform, bias=0 

img_neck.fpn_convs.2.conv.bias - torch.Size([256]): 
The value is the same before and after calling `init_weights` of FUTR3D  

img_neck.fpn_convs.3.conv.weight - torch.Size([256, 256, 3, 3]): 
XavierInit: gain=1, distribution=uniform, bias=0 

img_neck.fpn_convs.3.conv.bias - torch.Size([256]): 
The value is the same before and after calling `init_weights` of FUTR3D  
2025-06-25 02:05:28,289 - mmdet - INFO - 使用SyncBN
2025-06-25 02:05:41,493 - mmdet - INFO - load checkpoint from local path: pretrained/s2mm-det-res101-fused.pth
2025-06-25 02:05:42,031 - mmdet - WARNING - The model and loaded state dict do not match exactly

size mismatch for pts_middle_encoder.conv1.0.0.weight: copying a param with shape ('pts_middle_encoder.conv1.0.0.weight', torch.Size([128, 16, 3, 3, 3])) from checkpoint,the shape in current model is torch.Size([16, 3, 3, 3, 128]).
size mismatch for pts_middle_encoder.conv1.1.conv1.weight: copying a param with shape ('pts_middle_encoder.conv1.1.conv1.weight', torch.Size([16, 16, 3, 3, 3])) from checkpoint,the shape in current model is torch.Size([16, 3, 3, 3, 16]).
size mismatch for pts_middle_encoder.conv1.1.conv2.weight: copying a param with shape ('pts_middle_encoder.conv1.1.conv2.weight', torch.Size([16, 16, 3, 3, 3])) from checkpoint,the shape in current model is torch.Size([16, 3, 3, 3, 16]).
size mismatch for pts_middle_encoder.conv1.2.conv1.weight: copying a param with shape ('pts_middle_encoder.conv1.2.conv1.weight', torch.Size([16, 16, 3, 3, 3])) from checkpoint,the shape in current model is torch.Size([16, 3, 3, 3, 16]).
size mismatch for pts_middle_encoder.conv1.2.conv2.weight: copying a param with shape ('pts_middle_encoder.conv1.2.conv2.weight', torch.Size([16, 16, 3, 3, 3])) from checkpoint,the shape in current model is torch.Size([16, 3, 3, 3, 16]).
size mismatch for pts_middle_encoder.conv1.3.0.weight: copying a param with shape ('pts_middle_encoder.conv1.3.0.weight', torch.Size([16, 32, 3, 3, 3])) from checkpoint,the shape in current model is torch.Size([32, 3, 3, 3, 16]).
size mismatch for pts_middle_encoder.conv2.0.encoder.0.blocks.1.conv1.weight: copying a param with shape ('pts_middle_encoder.conv2.0.encoder.0.blocks.1.conv1.weight', torch.Size([32, 32, 3, 3, 3])) from checkpoint,the shape in current model is torch.Size([32, 3, 3, 3, 32]).
size mismatch for pts_middle_encoder.conv2.0.encoder.0.blocks.1.conv2.weight: copying a param with shape ('pts_middle_encoder.conv2.0.encoder.0.blocks.1.conv2.weight', torch.Size([32, 32, 3, 3, 3])) from checkpoint,the shape in current model is torch.Size([32, 3, 3, 3, 32]).
size mismatch for pts_middle_encoder.conv2.0.encoder.0.blocks.2.conv1.weight: copying a param with shape ('pts_middle_encoder.conv2.0.encoder.0.blocks.2.conv1.weight', torch.Size([32, 32, 3, 3, 3])) from checkpoint,the shape in current model is torch.Size([32, 3, 3, 3, 32]).
size mismatch for pts_middle_encoder.conv2.0.encoder.0.blocks.2.conv2.weight: copying a param with shape ('pts_middle_encoder.conv2.0.encoder.0.blocks.2.conv2.weight', torch.Size([32, 32, 3, 3, 3])) from checkpoint,the shape in current model is torch.Size([32, 3, 3, 3, 32]).
size mismatch for pts_middle_encoder.conv2.0.encoder.1.blocks.0.0.weight: copying a param with shape ('pts_middle_encoder.conv2.0.encoder.1.blocks.0.0.weight', torch.Size([32, 32, 3, 3, 3])) from checkpoint,the shape in current model is torch.Size([32, 3, 3, 3, 32]).
size mismatch for pts_middle_encoder.conv2.0.encoder.1.blocks.1.conv1.weight: copying a param with shape ('pts_middle_encoder.conv2.0.encoder.1.blocks.1.conv1.weight', torch.Size([32, 32, 3, 3, 3])) from checkpoint,the shape in current model is torch.Size([32, 3, 3, 3, 32]).
size mismatch for pts_middle_encoder.conv2.0.encoder.1.blocks.1.conv2.weight: copying a param with shape ('pts_middle_encoder.conv2.0.encoder.1.blocks.1.conv2.weight', torch.Size([32, 32, 3, 3, 3])) from checkpoint,the shape in current model is torch.Size([32, 3, 3, 3, 32]).
size mismatch for pts_middle_encoder.conv2.0.encoder.2.blocks.0.0.weight: copying a param with shape ('pts_middle_encoder.conv2.0.encoder.2.blocks.0.0.weight', torch.Size([32, 32, 3, 3, 3])) from checkpoint,the shape in current model is torch.Size([32, 3, 3, 3, 32]).
size mismatch for pts_middle_encoder.conv2.0.encoder.2.blocks.1.conv1.weight: copying a param with shape ('pts_middle_encoder.conv2.0.encoder.2.blocks.1.conv1.weight', torch.Size([32, 32, 3, 3, 3])) from checkpoint,the shape in current model is torch.Size([32, 3, 3, 3, 32]).
size mismatch for pts_middle_encoder.conv2.0.encoder.2.blocks.1.conv2.weight: copying a param with shape ('pts_middle_encoder.conv2.0.encoder.2.blocks.1.conv2.weight', torch.Size([32, 32, 3, 3, 3])) from checkpoint,the shape in current model is torch.Size([32, 3, 3, 3, 32]).
size mismatch for pts_middle_encoder.conv2.0.decoder.0.0.weight: copying a param with shape ('pts_middle_encoder.conv2.0.decoder.0.0.weight', torch.Size([32, 32, 3, 3, 3])) from checkpoint,the shape in current model is torch.Size([32, 3, 3, 3, 32]).
size mismatch for pts_middle_encoder.conv2.0.decoder.1.0.weight: copying a param with shape ('pts_middle_encoder.conv2.0.decoder.1.0.weight', torch.Size([32, 32, 3, 3, 3])) from checkpoint,the shape in current model is torch.Size([32, 3, 3, 3, 32]).
size mismatch for pts_middle_encoder.conv2.1.0.weight: copying a param with shape ('pts_middle_encoder.conv2.1.0.weight', torch.Size([32, 64, 3, 3, 3])) from checkpoint,the shape in current model is torch.Size([64, 3, 3, 3, 32]).
size mismatch for pts_middle_encoder.conv3.0.encoder.0.blocks.1.conv1.weight: copying a param with shape ('pts_middle_encoder.conv3.0.encoder.0.blocks.1.conv1.weight', torch.Size([64, 64, 3, 3, 3])) from checkpoint,the shape in current model is torch.Size([64, 3, 3, 3, 64]).
size mismatch for pts_middle_encoder.conv3.0.encoder.0.blocks.1.conv2.weight: copying a param with shape ('pts_middle_encoder.conv3.0.encoder.0.blocks.1.conv2.weight', torch.Size([64, 64, 3, 3, 3])) from checkpoint,the shape in current model is torch.Size([64, 3, 3, 3, 64]).
size mismatch for pts_middle_encoder.conv3.0.encoder.0.blocks.2.conv1.weight: copying a param with shape ('pts_middle_encoder.conv3.0.encoder.0.blocks.2.conv1.weight', torch.Size([64, 64, 3, 3, 3])) from checkpoint,the shape in current model is torch.Size([64, 3, 3, 3, 64]).
size mismatch for pts_middle_encoder.conv3.0.encoder.0.blocks.2.conv2.weight: copying a param with shape ('pts_middle_encoder.conv3.0.encoder.0.blocks.2.conv2.weight', torch.Size([64, 64, 3, 3, 3])) from checkpoint,the shape in current model is torch.Size([64, 3, 3, 3, 64]).
size mismatch for pts_middle_encoder.conv3.0.encoder.1.blocks.0.0.weight: copying a param with shape ('pts_middle_encoder.conv3.0.encoder.1.blocks.0.0.weight', torch.Size([64, 64, 3, 3, 3])) from checkpoint,the shape in current model is torch.Size([64, 3, 3, 3, 64]).
size mismatch for pts_middle_encoder.conv3.0.encoder.1.blocks.1.conv1.weight: copying a param with shape ('pts_middle_encoder.conv3.0.encoder.1.blocks.1.conv1.weight', torch.Size([64, 64, 3, 3, 3])) from checkpoint,the shape in current model is torch.Size([64, 3, 3, 3, 64]).
size mismatch for pts_middle_encoder.conv3.0.encoder.1.blocks.1.conv2.weight: copying a param with shape ('pts_middle_encoder.conv3.0.encoder.1.blocks.1.conv2.weight', torch.Size([64, 64, 3, 3, 3])) from checkpoint,the shape in current model is torch.Size([64, 3, 3, 3, 64]).
size mismatch for pts_middle_encoder.conv3.0.encoder.2.blocks.0.0.weight: copying a param with shape ('pts_middle_encoder.conv3.0.encoder.2.blocks.0.0.weight', torch.Size([64, 64, 3, 3, 3])) from checkpoint,the shape in current model is torch.Size([64, 3, 3, 3, 64]).
size mismatch for pts_middle_encoder.conv3.0.encoder.2.blocks.1.conv1.weight: copying a param with shape ('pts_middle_encoder.conv3.0.encoder.2.blocks.1.conv1.weight', torch.Size([64, 64, 3, 3, 3])) from checkpoint,the shape in current model is torch.Size([64, 3, 3, 3, 64]).
size mismatch for pts_middle_encoder.conv3.0.encoder.2.blocks.1.conv2.weight: copying a param with shape ('pts_middle_encoder.conv3.0.encoder.2.blocks.1.conv2.weight', torch.Size([64, 64, 3, 3, 3])) from checkpoint,the shape in current model is torch.Size([64, 3, 3, 3, 64]).
size mismatch for pts_middle_encoder.conv3.0.decoder.0.0.weight: copying a param with shape ('pts_middle_encoder.conv3.0.decoder.0.0.weight', torch.Size([64, 64, 3, 3, 3])) from checkpoint,the shape in current model is torch.Size([64, 3, 3, 3, 64]).
size mismatch for pts_middle_encoder.conv3.0.decoder.1.0.weight: copying a param with shape ('pts_middle_encoder.conv3.0.decoder.1.0.weight', torch.Size([64, 64, 3, 3, 3])) from checkpoint,the shape in current model is torch.Size([64, 3, 3, 3, 64]).
size mismatch for pts_middle_encoder.conv3.1.0.weight: copying a param with shape ('pts_middle_encoder.conv3.1.0.weight', torch.Size([64, 128, 3, 3, 3])) from checkpoint,the shape in current model is torch.Size([128, 3, 3, 3, 64]).
size mismatch for pts_middle_encoder.layers.0.encoder.0.blocks.1.conv1.weight: copying a param with shape ('pts_middle_encoder.layers.0.encoder.0.blocks.1.conv1.weight', torch.Size([128, 128, 3, 3, 3])) from checkpoint,the shape in current model is torch.Size([128, 3, 3, 3, 128]).
size mismatch for pts_middle_encoder.layers.0.encoder.0.blocks.1.conv2.weight: copying a param with shape ('pts_middle_encoder.layers.0.encoder.0.blocks.1.conv2.weight', torch.Size([128, 128, 3, 3, 3])) from checkpoint,the shape in current model is torch.Size([128, 3, 3, 3, 128]).
size mismatch for pts_middle_encoder.layers.0.encoder.0.blocks.2.conv1.weight: copying a param with shape ('pts_middle_encoder.layers.0.encoder.0.blocks.2.conv1.weight', torch.Size([128, 128, 3, 3, 3])) from checkpoint,the shape in current model is torch.Size([128, 3, 3, 3, 128]).
size mismatch for pts_middle_encoder.layers.0.encoder.0.blocks.2.conv2.weight: copying a param with shape ('pts_middle_encoder.layers.0.encoder.0.blocks.2.conv2.weight', torch.Size([128, 128, 3, 3, 3])) from checkpoint,the shape in current model is torch.Size([128, 3, 3, 3, 128]).
size mismatch for pts_middle_encoder.layers.0.encoder.1.blocks.0.0.weight: copying a param with shape ('pts_middle_encoder.layers.0.encoder.1.blocks.0.0.weight', torch.Size([128, 128, 3, 3, 3])) from checkpoint,the shape in current model is torch.Size([128, 3, 3, 3, 128]).
size mismatch for pts_middle_encoder.layers.0.encoder.1.blocks.1.conv1.weight: copying a param with shape ('pts_middle_encoder.layers.0.encoder.1.blocks.1.conv1.weight', torch.Size([128, 128, 3, 3, 3])) from checkpoint,the shape in current model is torch.Size([128, 3, 3, 3, 128]).
size mismatch for pts_middle_encoder.layers.0.encoder.1.blocks.1.conv2.weight: copying a param with shape ('pts_middle_encoder.layers.0.encoder.1.blocks.1.conv2.weight', torch.Size([128, 128, 3, 3, 3])) from checkpoint,the shape in current model is torch.Size([128, 3, 3, 3, 128]).
size mismatch for pts_middle_encoder.layers.0.encoder.2.blocks.0.0.weight: copying a param with shape ('pts_middle_encoder.layers.0.encoder.2.blocks.0.0.weight', torch.Size([128, 128, 3, 3, 3])) from checkpoint,the shape in current model is torch.Size([128, 3, 3, 3, 128]).
size mismatch for pts_middle_encoder.layers.0.encoder.2.blocks.1.conv1.weight: copying a param with shape ('pts_middle_encoder.layers.0.encoder.2.blocks.1.conv1.weight', torch.Size([128, 128, 3, 3, 3])) from checkpoint,the shape in current model is torch.Size([128, 3, 3, 3, 128]).
size mismatch for pts_middle_encoder.layers.0.encoder.2.blocks.1.conv2.weight: copying a param with shape ('pts_middle_encoder.layers.0.encoder.2.blocks.1.conv2.weight', torch.Size([128, 128, 3, 3, 3])) from checkpoint,the shape in current model is torch.Size([128, 3, 3, 3, 128]).
size mismatch for pts_middle_encoder.layers.0.decoder.0.0.weight: copying a param with shape ('pts_middle_encoder.layers.0.decoder.0.0.weight', torch.Size([128, 128, 3, 3, 3])) from checkpoint,the shape in current model is torch.Size([128, 3, 3, 3, 128]).
size mismatch for pts_middle_encoder.layers.0.decoder.1.0.weight: copying a param with shape ('pts_middle_encoder.layers.0.decoder.1.0.weight', torch.Size([128, 128, 3, 3, 3])) from checkpoint,the shape in current model is torch.Size([128, 3, 3, 3, 128]).
size mismatch for pts_middle_encoder.layers.1.encoder.0.blocks.1.conv1.weight: copying a param with shape ('pts_middle_encoder.layers.1.encoder.0.blocks.1.conv1.weight', torch.Size([128, 128, 3, 3, 3])) from checkpoint,the shape in current model is torch.Size([128, 3, 3, 3, 128]).
size mismatch for pts_middle_encoder.layers.1.encoder.0.blocks.1.conv2.weight: copying a param with shape ('pts_middle_encoder.layers.1.encoder.0.blocks.1.conv2.weight', torch.Size([128, 128, 3, 3, 3])) from checkpoint,the shape in current model is torch.Size([128, 3, 3, 3, 128]).
size mismatch for pts_middle_encoder.layers.1.encoder.0.blocks.2.conv1.weight: copying a param with shape ('pts_middle_encoder.layers.1.encoder.0.blocks.2.conv1.weight', torch.Size([128, 128, 3, 3, 3])) from checkpoint,the shape in current model is torch.Size([128, 3, 3, 3, 128]).
size mismatch for pts_middle_encoder.layers.1.encoder.0.blocks.2.conv2.weight: copying a param with shape ('pts_middle_encoder.layers.1.encoder.0.blocks.2.conv2.weight', torch.Size([128, 128, 3, 3, 3])) from checkpoint,the shape in current model is torch.Size([128, 3, 3, 3, 128]).
size mismatch for pts_middle_encoder.layers.1.encoder.1.blocks.0.0.weight: copying a param with shape ('pts_middle_encoder.layers.1.encoder.1.blocks.0.0.weight', torch.Size([128, 128, 3, 3, 3])) from checkpoint,the shape in current model is torch.Size([128, 3, 3, 3, 128]).
size mismatch for pts_middle_encoder.layers.1.encoder.1.blocks.1.conv1.weight: copying a param with shape ('pts_middle_encoder.layers.1.encoder.1.blocks.1.conv1.weight', torch.Size([128, 128, 3, 3, 3])) from checkpoint,the shape in current model is torch.Size([128, 3, 3, 3, 128]).
size mismatch for pts_middle_encoder.layers.1.encoder.1.blocks.1.conv2.weight: copying a param with shape ('pts_middle_encoder.layers.1.encoder.1.blocks.1.conv2.weight', torch.Size([128, 128, 3, 3, 3])) from checkpoint,the shape in current model is torch.Size([128, 3, 3, 3, 128]).
size mismatch for pts_middle_encoder.layers.1.encoder.2.blocks.0.0.weight: copying a param with shape ('pts_middle_encoder.layers.1.encoder.2.blocks.0.0.weight', torch.Size([128, 128, 3, 3, 3])) from checkpoint,the shape in current model is torch.Size([128, 3, 3, 3, 128]).
size mismatch for pts_middle_encoder.layers.1.encoder.2.blocks.1.conv1.weight: copying a param with shape ('pts_middle_encoder.layers.1.encoder.2.blocks.1.conv1.weight', torch.Size([128, 128, 3, 3, 3])) from checkpoint,the shape in current model is torch.Size([128, 3, 3, 3, 128]).
size mismatch for pts_middle_encoder.layers.1.encoder.2.blocks.1.conv2.weight: copying a param with shape ('pts_middle_encoder.layers.1.encoder.2.blocks.1.conv2.weight', torch.Size([128, 128, 3, 3, 3])) from checkpoint,the shape in current model is torch.Size([128, 3, 3, 3, 128]).
size mismatch for pts_middle_encoder.layers.1.decoder.0.0.weight: copying a param with shape ('pts_middle_encoder.layers.1.decoder.0.0.weight', torch.Size([128, 128, 3, 3, 3])) from checkpoint,the shape in current model is torch.Size([128, 3, 3, 3, 128]).
size mismatch for pts_middle_encoder.layers.1.decoder.1.0.weight: copying a param with shape ('pts_middle_encoder.layers.1.decoder.1.0.weight', torch.Size([128, 128, 3, 3, 3])) from checkpoint,the shape in current model is torch.Size([128, 3, 3, 3, 128]).
size mismatch for pts_middle_encoder.conv_out.0.weight: copying a param with shape ('pts_middle_encoder.conv_out.0.weight', torch.Size([128, 128, 3, 1, 1])) from checkpoint,the shape in current model is torch.Size([128, 3, 1, 1, 128]).
size mismatch for pts_middle_encoder.conv_out.3.weight: copying a param with shape ('pts_middle_encoder.conv_out.3.weight', torch.Size([128, 128, 3, 1, 1])) from checkpoint,the shape in current model is torch.Size([128, 3, 1, 1, 128]).
unexpected key in source state_dict: pts_bbox_head.code_weights, pts_bbox_head.query_embedding.weight, pts_bbox_head.aux_head.shared_conv.conv.weight, pts_bbox_head.aux_head.shared_conv.bn.weight, pts_bbox_head.aux_head.shared_conv.bn.bias, pts_bbox_head.aux_head.shared_conv.bn.running_mean, pts_bbox_head.aux_head.shared_conv.bn.running_var, pts_bbox_head.aux_head.shared_conv.bn.num_batches_tracked, pts_bbox_head.aux_head.task_heads.0.reg.0.conv.weight, pts_bbox_head.aux_head.task_heads.0.reg.0.bn.weight, pts_bbox_head.aux_head.task_heads.0.reg.0.bn.bias, pts_bbox_head.aux_head.task_heads.0.reg.0.bn.running_mean, pts_bbox_head.aux_head.task_heads.0.reg.0.bn.running_var, pts_bbox_head.aux_head.task_heads.0.reg.0.bn.num_batches_tracked, pts_bbox_head.aux_head.task_heads.0.reg.1.weight, pts_bbox_head.aux_head.task_heads.0.reg.1.bias, pts_bbox_head.aux_head.task_heads.0.height.0.conv.weight, pts_bbox_head.aux_head.task_heads.0.height.0.bn.weight, pts_bbox_head.aux_head.task_heads.0.height.0.bn.bias, pts_bbox_head.aux_head.task_heads.0.height.0.bn.running_mean, pts_bbox_head.aux_head.task_heads.0.height.0.bn.running_var, pts_bbox_head.aux_head.task_heads.0.height.0.bn.num_batches_tracked, pts_bbox_head.aux_head.task_heads.0.height.1.weight, pts_bbox_head.aux_head.task_heads.0.height.1.bias, pts_bbox_head.aux_head.task_heads.0.dim.0.conv.weight, pts_bbox_head.aux_head.task_heads.0.dim.0.bn.weight, pts_bbox_head.aux_head.task_heads.0.dim.0.bn.bias, pts_bbox_head.aux_head.task_heads.0.dim.0.bn.running_mean, pts_bbox_head.aux_head.task_heads.0.dim.0.bn.running_var, pts_bbox_head.aux_head.task_heads.0.dim.0.bn.num_batches_tracked, pts_bbox_head.aux_head.task_heads.0.dim.1.weight, pts_bbox_head.aux_head.task_heads.0.dim.1.bias, pts_bbox_head.aux_head.task_heads.0.rot.0.conv.weight, pts_bbox_head.aux_head.task_heads.0.rot.0.bn.weight, pts_bbox_head.aux_head.task_heads.0.rot.0.bn.bias, pts_bbox_head.aux_head.task_heads.0.rot.0.bn.running_mean, pts_bbox_head.aux_head.task_heads.0.rot.0.bn.running_var, pts_bbox_head.aux_head.task_heads.0.rot.0.bn.num_batches_tracked, pts_bbox_head.aux_head.task_heads.0.rot.1.weight, pts_bbox_head.aux_head.task_heads.0.rot.1.bias, pts_bbox_head.aux_head.task_heads.0.vel.0.conv.weight, pts_bbox_head.aux_head.task_heads.0.vel.0.bn.weight, pts_bbox_head.aux_head.task_heads.0.vel.0.bn.bias, pts_bbox_head.aux_head.task_heads.0.vel.0.bn.running_mean, pts_bbox_head.aux_head.task_heads.0.vel.0.bn.running_var, pts_bbox_head.aux_head.task_heads.0.vel.0.bn.num_batches_tracked, pts_bbox_head.aux_head.task_heads.0.vel.1.weight, pts_bbox_head.aux_head.task_heads.0.vel.1.bias, pts_bbox_head.aux_head.task_heads.0.heatmap.0.conv.weight, pts_bbox_head.aux_head.task_heads.0.heatmap.0.bn.weight, pts_bbox_head.aux_head.task_heads.0.heatmap.0.bn.bias, pts_bbox_head.aux_head.task_heads.0.heatmap.0.bn.running_mean, pts_bbox_head.aux_head.task_heads.0.heatmap.0.bn.running_var, pts_bbox_head.aux_head.task_heads.0.heatmap.0.bn.num_batches_tracked, pts_bbox_head.aux_head.task_heads.0.heatmap.1.weight, pts_bbox_head.aux_head.task_heads.0.heatmap.1.bias, pts_bbox_head.aux_head.task_heads.1.reg.0.conv.weight, pts_bbox_head.aux_head.task_heads.1.reg.0.bn.weight, pts_bbox_head.aux_head.task_heads.1.reg.0.bn.bias, pts_bbox_head.aux_head.task_heads.1.reg.0.bn.running_mean, pts_bbox_head.aux_head.task_heads.1.reg.0.bn.running_var, pts_bbox_head.aux_head.task_heads.1.reg.0.bn.num_batches_tracked, pts_bbox_head.aux_head.task_heads.1.reg.1.weight, pts_bbox_head.aux_head.task_heads.1.reg.1.bias, pts_bbox_head.aux_head.task_heads.1.height.0.conv.weight, pts_bbox_head.aux_head.task_heads.1.height.0.bn.weight, pts_bbox_head.aux_head.task_heads.1.height.0.bn.bias, pts_bbox_head.aux_head.task_heads.1.height.0.bn.running_mean, pts_bbox_head.aux_head.task_heads.1.height.0.bn.running_var, pts_bbox_head.aux_head.task_heads.1.height.0.bn.num_batches_tracked, pts_bbox_head.aux_head.task_heads.1.height.1.weight, pts_bbox_head.aux_head.task_heads.1.height.1.bias, pts_bbox_head.aux_head.task_heads.1.dim.0.conv.weight, pts_bbox_head.aux_head.task_heads.1.dim.0.bn.weight, pts_bbox_head.aux_head.task_heads.1.dim.0.bn.bias, pts_bbox_head.aux_head.task_heads.1.dim.0.bn.running_mean, pts_bbox_head.aux_head.task_heads.1.dim.0.bn.running_var, pts_bbox_head.aux_head.task_heads.1.dim.0.bn.num_batches_tracked, pts_bbox_head.aux_head.task_heads.1.dim.1.weight, pts_bbox_head.aux_head.task_heads.1.dim.1.bias, pts_bbox_head.aux_head.task_heads.1.rot.0.conv.weight, pts_bbox_head.aux_head.task_heads.1.rot.0.bn.weight, pts_bbox_head.aux_head.task_heads.1.rot.0.bn.bias, pts_bbox_head.aux_head.task_heads.1.rot.0.bn.running_mean, pts_bbox_head.aux_head.task_heads.1.rot.0.bn.running_var, pts_bbox_head.aux_head.task_heads.1.rot.0.bn.num_batches_tracked, pts_bbox_head.aux_head.task_heads.1.rot.1.weight, pts_bbox_head.aux_head.task_heads.1.rot.1.bias, pts_bbox_head.aux_head.task_heads.1.vel.0.conv.weight, pts_bbox_head.aux_head.task_heads.1.vel.0.bn.weight, pts_bbox_head.aux_head.task_heads.1.vel.0.bn.bias, pts_bbox_head.aux_head.task_heads.1.vel.0.bn.running_mean, pts_bbox_head.aux_head.task_heads.1.vel.0.bn.running_var, pts_bbox_head.aux_head.task_heads.1.vel.0.bn.num_batches_tracked, pts_bbox_head.aux_head.task_heads.1.vel.1.weight, pts_bbox_head.aux_head.task_heads.1.vel.1.bias, pts_bbox_head.aux_head.task_heads.1.heatmap.0.conv.weight, pts_bbox_head.aux_head.task_heads.1.heatmap.0.bn.weight, pts_bbox_head.aux_head.task_heads.1.heatmap.0.bn.bias, pts_bbox_head.aux_head.task_heads.1.heatmap.0.bn.running_mean, pts_bbox_head.aux_head.task_heads.1.heatmap.0.bn.running_var, pts_bbox_head.aux_head.task_heads.1.heatmap.0.bn.num_batches_tracked, pts_bbox_head.aux_head.task_heads.1.heatmap.1.weight, pts_bbox_head.aux_head.task_heads.1.heatmap.1.bias, pts_bbox_head.aux_head.task_heads.2.reg.0.conv.weight, pts_bbox_head.aux_head.task_heads.2.reg.0.bn.weight, pts_bbox_head.aux_head.task_heads.2.reg.0.bn.bias, pts_bbox_head.aux_head.task_heads.2.reg.0.bn.running_mean, pts_bbox_head.aux_head.task_heads.2.reg.0.bn.running_var, pts_bbox_head.aux_head.task_heads.2.reg.0.bn.num_batches_tracked, pts_bbox_head.aux_head.task_heads.2.reg.1.weight, pts_bbox_head.aux_head.task_heads.2.reg.1.bias, pts_bbox_head.aux_head.task_heads.2.height.0.conv.weight, pts_bbox_head.aux_head.task_heads.2.height.0.bn.weight, pts_bbox_head.aux_head.task_heads.2.height.0.bn.bias, pts_bbox_head.aux_head.task_heads.2.height.0.bn.running_mean, pts_bbox_head.aux_head.task_heads.2.height.0.bn.running_var, pts_bbox_head.aux_head.task_heads.2.height.0.bn.num_batches_tracked, pts_bbox_head.aux_head.task_heads.2.height.1.weight, pts_bbox_head.aux_head.task_heads.2.height.1.bias, pts_bbox_head.aux_head.task_heads.2.dim.0.conv.weight, pts_bbox_head.aux_head.task_heads.2.dim.0.bn.weight, pts_bbox_head.aux_head.task_heads.2.dim.0.bn.bias, pts_bbox_head.aux_head.task_heads.2.dim.0.bn.running_mean, pts_bbox_head.aux_head.task_heads.2.dim.0.bn.running_var, pts_bbox_head.aux_head.task_heads.2.dim.0.bn.num_batches_tracked, pts_bbox_head.aux_head.task_heads.2.dim.1.weight, pts_bbox_head.aux_head.task_heads.2.dim.1.bias, pts_bbox_head.aux_head.task_heads.2.rot.0.conv.weight, pts_bbox_head.aux_head.task_heads.2.rot.0.bn.weight, pts_bbox_head.aux_head.task_heads.2.rot.0.bn.bias, pts_bbox_head.aux_head.task_heads.2.rot.0.bn.running_mean, pts_bbox_head.aux_head.task_heads.2.rot.0.bn.running_var, pts_bbox_head.aux_head.task_heads.2.rot.0.bn.num_batches_tracked, pts_bbox_head.aux_head.task_heads.2.rot.1.weight, pts_bbox_head.aux_head.task_heads.2.rot.1.bias, pts_bbox_head.aux_head.task_heads.2.vel.0.conv.weight, pts_bbox_head.aux_head.task_heads.2.vel.0.bn.weight, pts_bbox_head.aux_head.task_heads.2.vel.0.bn.bias, pts_bbox_head.aux_head.task_heads.2.vel.0.bn.running_mean, pts_bbox_head.aux_head.task_heads.2.vel.0.bn.running_var, pts_bbox_head.aux_head.task_heads.2.vel.0.bn.num_batches_tracked, pts_bbox_head.aux_head.task_heads.2.vel.1.weight, pts_bbox_head.aux_head.task_heads.2.vel.1.bias, pts_bbox_head.aux_head.task_heads.2.heatmap.0.conv.weight, pts_bbox_head.aux_head.task_heads.2.heatmap.0.bn.weight, pts_bbox_head.aux_head.task_heads.2.heatmap.0.bn.bias, pts_bbox_head.aux_head.task_heads.2.heatmap.0.bn.running_mean, pts_bbox_head.aux_head.task_heads.2.heatmap.0.bn.running_var, pts_bbox_head.aux_head.task_heads.2.heatmap.0.bn.num_batches_tracked, pts_bbox_head.aux_head.task_heads.2.heatmap.1.weight, pts_bbox_head.aux_head.task_heads.2.heatmap.1.bias, pts_bbox_head.aux_head.task_heads.3.reg.0.conv.weight, pts_bbox_head.aux_head.task_heads.3.reg.0.bn.weight, pts_bbox_head.aux_head.task_heads.3.reg.0.bn.bias, pts_bbox_head.aux_head.task_heads.3.reg.0.bn.running_mean, pts_bbox_head.aux_head.task_heads.3.reg.0.bn.running_var, pts_bbox_head.aux_head.task_heads.3.reg.0.bn.num_batches_tracked, pts_bbox_head.aux_head.task_heads.3.reg.1.weight, pts_bbox_head.aux_head.task_heads.3.reg.1.bias, pts_bbox_head.aux_head.task_heads.3.height.0.conv.weight, pts_bbox_head.aux_head.task_heads.3.height.0.bn.weight, pts_bbox_head.aux_head.task_heads.3.height.0.bn.bias, pts_bbox_head.aux_head.task_heads.3.height.0.bn.running_mean, pts_bbox_head.aux_head.task_heads.3.height.0.bn.running_var, pts_bbox_head.aux_head.task_heads.3.height.0.bn.num_batches_tracked, pts_bbox_head.aux_head.task_heads.3.height.1.weight, pts_bbox_head.aux_head.task_heads.3.height.1.bias, pts_bbox_head.aux_head.task_heads.3.dim.0.conv.weight, pts_bbox_head.aux_head.task_heads.3.dim.0.bn.weight, pts_bbox_head.aux_head.task_heads.3.dim.0.bn.bias, pts_bbox_head.aux_head.task_heads.3.dim.0.bn.running_mean, pts_bbox_head.aux_head.task_heads.3.dim.0.bn.running_var, pts_bbox_head.aux_head.task_heads.3.dim.0.bn.num_batches_tracked, pts_bbox_head.aux_head.task_heads.3.dim.1.weight, pts_bbox_head.aux_head.task_heads.3.dim.1.bias, pts_bbox_head.aux_head.task_heads.3.rot.0.conv.weight, pts_bbox_head.aux_head.task_heads.3.rot.0.bn.weight, pts_bbox_head.aux_head.task_heads.3.rot.0.bn.bias, pts_bbox_head.aux_head.task_heads.3.rot.0.bn.running_mean, pts_bbox_head.aux_head.task_heads.3.rot.0.bn.running_var, pts_bbox_head.aux_head.task_heads.3.rot.0.bn.num_batches_tracked, pts_bbox_head.aux_head.task_heads.3.rot.1.weight, pts_bbox_head.aux_head.task_heads.3.rot.1.bias, pts_bbox_head.aux_head.task_heads.3.vel.0.conv.weight, pts_bbox_head.aux_head.task_heads.3.vel.0.bn.weight, pts_bbox_head.aux_head.task_heads.3.vel.0.bn.bias, pts_bbox_head.aux_head.task_heads.3.vel.0.bn.running_mean, pts_bbox_head.aux_head.task_heads.3.vel.0.bn.running_var, pts_bbox_head.aux_head.task_heads.3.vel.0.bn.num_batches_tracked, pts_bbox_head.aux_head.task_heads.3.vel.1.weight, pts_bbox_head.aux_head.task_heads.3.vel.1.bias, pts_bbox_head.aux_head.task_heads.3.heatmap.0.conv.weight, pts_bbox_head.aux_head.task_heads.3.heatmap.0.bn.weight, pts_bbox_head.aux_head.task_heads.3.heatmap.0.bn.bias, pts_bbox_head.aux_head.task_heads.3.heatmap.0.bn.running_mean, pts_bbox_head.aux_head.task_heads.3.heatmap.0.bn.running_var, pts_bbox_head.aux_head.task_heads.3.heatmap.0.bn.num_batches_tracked, pts_bbox_head.aux_head.task_heads.3.heatmap.1.weight, pts_bbox_head.aux_head.task_heads.3.heatmap.1.bias, pts_bbox_head.aux_head.task_heads.4.reg.0.conv.weight, pts_bbox_head.aux_head.task_heads.4.reg.0.bn.weight, pts_bbox_head.aux_head.task_heads.4.reg.0.bn.bias, pts_bbox_head.aux_head.task_heads.4.reg.0.bn.running_mean, pts_bbox_head.aux_head.task_heads.4.reg.0.bn.running_var, pts_bbox_head.aux_head.task_heads.4.reg.0.bn.num_batches_tracked, pts_bbox_head.aux_head.task_heads.4.reg.1.weight, pts_bbox_head.aux_head.task_heads.4.reg.1.bias, pts_bbox_head.aux_head.task_heads.4.height.0.conv.weight, pts_bbox_head.aux_head.task_heads.4.height.0.bn.weight, pts_bbox_head.aux_head.task_heads.4.height.0.bn.bias, pts_bbox_head.aux_head.task_heads.4.height.0.bn.running_mean, pts_bbox_head.aux_head.task_heads.4.height.0.bn.running_var, pts_bbox_head.aux_head.task_heads.4.height.0.bn.num_batches_tracked, pts_bbox_head.aux_head.task_heads.4.height.1.weight, pts_bbox_head.aux_head.task_heads.4.height.1.bias, pts_bbox_head.aux_head.task_heads.4.dim.0.conv.weight, pts_bbox_head.aux_head.task_heads.4.dim.0.bn.weight, pts_bbox_head.aux_head.task_heads.4.dim.0.bn.bias, pts_bbox_head.aux_head.task_heads.4.dim.0.bn.running_mean, pts_bbox_head.aux_head.task_heads.4.dim.0.bn.running_var, pts_bbox_head.aux_head.task_heads.4.dim.0.bn.num_batches_tracked, pts_bbox_head.aux_head.task_heads.4.dim.1.weight, pts_bbox_head.aux_head.task_heads.4.dim.1.bias, pts_bbox_head.aux_head.task_heads.4.rot.0.conv.weight, pts_bbox_head.aux_head.task_heads.4.rot.0.bn.weight, pts_bbox_head.aux_head.task_heads.4.rot.0.bn.bias, pts_bbox_head.aux_head.task_heads.4.rot.0.bn.running_mean, pts_bbox_head.aux_head.task_heads.4.rot.0.bn.running_var, pts_bbox_head.aux_head.task_heads.4.rot.0.bn.num_batches_tracked, pts_bbox_head.aux_head.task_heads.4.rot.1.weight, pts_bbox_head.aux_head.task_heads.4.rot.1.bias, pts_bbox_head.aux_head.task_heads.4.vel.0.conv.weight, pts_bbox_head.aux_head.task_heads.4.vel.0.bn.weight, pts_bbox_head.aux_head.task_heads.4.vel.0.bn.bias, pts_bbox_head.aux_head.task_heads.4.vel.0.bn.running_mean, pts_bbox_head.aux_head.task_heads.4.vel.0.bn.running_var, pts_bbox_head.aux_head.task_heads.4.vel.0.bn.num_batches_tracked, pts_bbox_head.aux_head.task_heads.4.vel.1.weight, pts_bbox_head.aux_head.task_heads.4.vel.1.bias, pts_bbox_head.aux_head.task_heads.4.heatmap.0.conv.weight, pts_bbox_head.aux_head.task_heads.4.heatmap.0.bn.weight, pts_bbox_head.aux_head.task_heads.4.heatmap.0.bn.bias, pts_bbox_head.aux_head.task_heads.4.heatmap.0.bn.running_mean, pts_bbox_head.aux_head.task_heads.4.heatmap.0.bn.running_var, pts_bbox_head.aux_head.task_heads.4.heatmap.0.bn.num_batches_tracked, pts_bbox_head.aux_head.task_heads.4.heatmap.1.weight, pts_bbox_head.aux_head.task_heads.4.heatmap.1.bias, pts_bbox_head.aux_head.task_heads.5.reg.0.conv.weight, pts_bbox_head.aux_head.task_heads.5.reg.0.bn.weight, pts_bbox_head.aux_head.task_heads.5.reg.0.bn.bias, pts_bbox_head.aux_head.task_heads.5.reg.0.bn.running_mean, pts_bbox_head.aux_head.task_heads.5.reg.0.bn.running_var, pts_bbox_head.aux_head.task_heads.5.reg.0.bn.num_batches_tracked, pts_bbox_head.aux_head.task_heads.5.reg.1.weight, pts_bbox_head.aux_head.task_heads.5.reg.1.bias, pts_bbox_head.aux_head.task_heads.5.height.0.conv.weight, pts_bbox_head.aux_head.task_heads.5.height.0.bn.weight, pts_bbox_head.aux_head.task_heads.5.height.0.bn.bias, pts_bbox_head.aux_head.task_heads.5.height.0.bn.running_mean, pts_bbox_head.aux_head.task_heads.5.height.0.bn.running_var, pts_bbox_head.aux_head.task_heads.5.height.0.bn.num_batches_tracked, pts_bbox_head.aux_head.task_heads.5.height.1.weight, pts_bbox_head.aux_head.task_heads.5.height.1.bias, pts_bbox_head.aux_head.task_heads.5.dim.0.conv.weight, pts_bbox_head.aux_head.task_heads.5.dim.0.bn.weight, pts_bbox_head.aux_head.task_heads.5.dim.0.bn.bias, pts_bbox_head.aux_head.task_heads.5.dim.0.bn.running_mean, pts_bbox_head.aux_head.task_heads.5.dim.0.bn.running_var, pts_bbox_head.aux_head.task_heads.5.dim.0.bn.num_batches_tracked, pts_bbox_head.aux_head.task_heads.5.dim.1.weight, pts_bbox_head.aux_head.task_heads.5.dim.1.bias, pts_bbox_head.aux_head.task_heads.5.rot.0.conv.weight, pts_bbox_head.aux_head.task_heads.5.rot.0.bn.weight, pts_bbox_head.aux_head.task_heads.5.rot.0.bn.bias, pts_bbox_head.aux_head.task_heads.5.rot.0.bn.running_mean, pts_bbox_head.aux_head.task_heads.5.rot.0.bn.running_var, pts_bbox_head.aux_head.task_heads.5.rot.0.bn.num_batches_tracked, pts_bbox_head.aux_head.task_heads.5.rot.1.weight, pts_bbox_head.aux_head.task_heads.5.rot.1.bias, pts_bbox_head.aux_head.task_heads.5.vel.0.conv.weight, pts_bbox_head.aux_head.task_heads.5.vel.0.bn.weight, pts_bbox_head.aux_head.task_heads.5.vel.0.bn.bias, pts_bbox_head.aux_head.task_heads.5.vel.0.bn.running_mean, pts_bbox_head.aux_head.task_heads.5.vel.0.bn.running_var, pts_bbox_head.aux_head.task_heads.5.vel.0.bn.num_batches_tracked, pts_bbox_head.aux_head.task_heads.5.vel.1.weight, pts_bbox_head.aux_head.task_heads.5.vel.1.bias, pts_bbox_head.aux_head.task_heads.5.heatmap.0.conv.weight, pts_bbox_head.aux_head.task_heads.5.heatmap.0.bn.weight, pts_bbox_head.aux_head.task_heads.5.heatmap.0.bn.bias, pts_bbox_head.aux_head.task_heads.5.heatmap.0.bn.running_mean, pts_bbox_head.aux_head.task_heads.5.heatmap.0.bn.running_var, pts_bbox_head.aux_head.task_heads.5.heatmap.0.bn.num_batches_tracked, pts_bbox_head.aux_head.task_heads.5.heatmap.1.weight, pts_bbox_head.aux_head.task_heads.5.heatmap.1.bias, pts_bbox_head.transformer.reference_points.weight, pts_bbox_head.transformer.reference_points.bias, pts_bbox_head.transformer.decoder.layers.0.attentions.0.attn.in_proj_weight, pts_bbox_head.transformer.decoder.layers.0.attentions.0.attn.in_proj_bias, pts_bbox_head.transformer.decoder.layers.0.attentions.0.attn.out_proj.weight, pts_bbox_head.transformer.decoder.layers.0.attentions.0.attn.out_proj.bias, pts_bbox_head.transformer.decoder.layers.0.attentions.0.2.rope.inv_freq, pts_bbox_head.transformer.decoder.layers.0.attentions.0.2.rope.cos_cached, pts_bbox_head.transformer.decoder.layers.0.attentions.0.2.rope.sin_cached, pts_bbox_head.transformer.decoder.layers.1.attentions.0.attn.in_proj_weight, pts_bbox_head.transformer.decoder.layers.1.attentions.0.attn.in_proj_bias, pts_bbox_head.transformer.decoder.layers.1.attentions.0.attn.out_proj.weight, pts_bbox_head.transformer.decoder.layers.1.attentions.0.attn.out_proj.bias, pts_bbox_head.transformer.decoder.layers.1.attentions.0.2.rope.inv_freq, pts_bbox_head.transformer.decoder.layers.1.attentions.0.2.rope.cos_cached, pts_bbox_head.transformer.decoder.layers.1.attentions.0.2.rope.sin_cached, pts_bbox_head.transformer.decoder.layers.2.attentions.0.attn.in_proj_weight, pts_bbox_head.transformer.decoder.layers.2.attentions.0.attn.in_proj_bias, pts_bbox_head.transformer.decoder.layers.2.attentions.0.attn.out_proj.weight, pts_bbox_head.transformer.decoder.layers.2.attentions.0.attn.out_proj.bias, pts_bbox_head.transformer.decoder.layers.2.attentions.0.2.rope.inv_freq, pts_bbox_head.transformer.decoder.layers.2.attentions.0.2.rope.cos_cached, pts_bbox_head.transformer.decoder.layers.2.attentions.0.2.rope.sin_cached, pts_bbox_head.transformer.decoder.layers.3.attentions.0.attn.in_proj_weight, pts_bbox_head.transformer.decoder.layers.3.attentions.0.attn.in_proj_bias, pts_bbox_head.transformer.decoder.layers.3.attentions.0.attn.out_proj.weight, pts_bbox_head.transformer.decoder.layers.3.attentions.0.attn.out_proj.bias, pts_bbox_head.transformer.decoder.layers.3.attentions.0.2.rope.inv_freq, pts_bbox_head.transformer.decoder.layers.3.attentions.0.2.rope.cos_cached, pts_bbox_head.transformer.decoder.layers.3.attentions.0.2.rope.sin_cached, pts_bbox_head.transformer.decoder.layers.4.attentions.0.attn.in_proj_weight, pts_bbox_head.transformer.decoder.layers.4.attentions.0.attn.in_proj_bias, pts_bbox_head.transformer.decoder.layers.4.attentions.0.attn.out_proj.weight, pts_bbox_head.transformer.decoder.layers.4.attentions.0.attn.out_proj.bias, pts_bbox_head.transformer.decoder.layers.4.attentions.0.2.rope.inv_freq, pts_bbox_head.transformer.decoder.layers.4.attentions.0.2.rope.cos_cached, pts_bbox_head.transformer.decoder.layers.4.attentions.0.2.rope.sin_cached, pts_bbox_head.transformer.decoder.layers.5.attentions.0.attn.in_proj_weight, pts_bbox_head.transformer.decoder.layers.5.attentions.0.attn.in_proj_bias, pts_bbox_head.transformer.decoder.layers.5.attentions.0.attn.out_proj.weight, pts_bbox_head.transformer.decoder.layers.5.attentions.0.attn.out_proj.bias, pts_bbox_head.transformer.decoder.layers.5.attentions.0.2.rope.inv_freq, pts_bbox_head.transformer.decoder.layers.5.attentions.0.2.rope.cos_cached, pts_bbox_head.transformer.decoder.layers.5.attentions.0.2.rope.sin_cached, pts_bbox_head.cls_branches.0.0.weight, pts_bbox_head.cls_branches.0.0.bias, pts_bbox_head.cls_branches.0.1.weight, pts_bbox_head.cls_branches.0.1.bias, pts_bbox_head.cls_branches.0.3.weight, pts_bbox_head.cls_branches.0.3.bias, pts_bbox_head.cls_branches.0.4.weight, pts_bbox_head.cls_branches.0.4.bias, pts_bbox_head.cls_branches.0.6.weight, pts_bbox_head.cls_branches.0.6.bias, pts_bbox_head.cls_branches.1.0.weight, pts_bbox_head.cls_branches.1.0.bias, pts_bbox_head.cls_branches.1.1.weight, pts_bbox_head.cls_branches.1.1.bias, pts_bbox_head.cls_branches.1.3.weight, pts_bbox_head.cls_branches.1.3.bias, pts_bbox_head.cls_branches.1.4.weight, pts_bbox_head.cls_branches.1.4.bias, pts_bbox_head.cls_branches.1.6.weight, pts_bbox_head.cls_branches.1.6.bias, pts_bbox_head.cls_branches.2.0.weight, pts_bbox_head.cls_branches.2.0.bias, pts_bbox_head.cls_branches.2.1.weight, pts_bbox_head.cls_branches.2.1.bias, pts_bbox_head.cls_branches.2.3.weight, pts_bbox_head.cls_branches.2.3.bias, pts_bbox_head.cls_branches.2.4.weight, pts_bbox_head.cls_branches.2.4.bias, pts_bbox_head.cls_branches.2.6.weight, pts_bbox_head.cls_branches.2.6.bias, pts_bbox_head.cls_branches.3.0.weight, pts_bbox_head.cls_branches.3.0.bias, pts_bbox_head.cls_branches.3.1.weight, pts_bbox_head.cls_branches.3.1.bias, pts_bbox_head.cls_branches.3.3.weight, pts_bbox_head.cls_branches.3.3.bias, pts_bbox_head.cls_branches.3.4.weight, pts_bbox_head.cls_branches.3.4.bias, pts_bbox_head.cls_branches.3.6.weight, pts_bbox_head.cls_branches.3.6.bias, pts_bbox_head.cls_branches.4.0.weight, pts_bbox_head.cls_branches.4.0.bias, pts_bbox_head.cls_branches.4.1.weight, pts_bbox_head.cls_branches.4.1.bias, pts_bbox_head.cls_branches.4.3.weight, pts_bbox_head.cls_branches.4.3.bias, pts_bbox_head.cls_branches.4.4.weight, pts_bbox_head.cls_branches.4.4.bias, pts_bbox_head.cls_branches.4.6.weight, pts_bbox_head.cls_branches.4.6.bias, pts_bbox_head.cls_branches.5.0.weight, pts_bbox_head.cls_branches.5.0.bias, pts_bbox_head.cls_branches.5.1.weight, pts_bbox_head.cls_branches.5.1.bias, pts_bbox_head.cls_branches.5.3.weight, pts_bbox_head.cls_branches.5.3.bias, pts_bbox_head.cls_branches.5.4.weight, pts_bbox_head.cls_branches.5.4.bias, pts_bbox_head.cls_branches.5.6.weight, pts_bbox_head.cls_branches.5.6.bias

missing keys in source state_dict: pts_bbox_head.transformer.decoder.layers.0.attentions.1.img_attention_weights.weight, pts_bbox_head.transformer.decoder.layers.0.attentions.1.img_attention_weights.bias, pts_bbox_head.transformer.decoder.layers.0.attentions.1.img_output_proj.weight, pts_bbox_head.transformer.decoder.layers.0.attentions.1.img_output_proj.bias, pts_bbox_head.transformer.decoder.layers.0.attentions.1.modality_fusion_layer.0.weight, pts_bbox_head.transformer.decoder.layers.0.attentions.1.modality_fusion_layer.0.bias, pts_bbox_head.transformer.decoder.layers.0.attentions.1.modality_fusion_layer.1.weight, pts_bbox_head.transformer.decoder.layers.0.attentions.1.modality_fusion_layer.1.bias, pts_bbox_head.transformer.decoder.layers.0.attentions.1.modality_fusion_layer.3.weight, pts_bbox_head.transformer.decoder.layers.0.attentions.1.modality_fusion_layer.3.bias, pts_bbox_head.transformer.decoder.layers.0.attentions.1.modality_fusion_layer.4.weight, pts_bbox_head.transformer.decoder.layers.0.attentions.1.modality_fusion_layer.4.bias, pts_bbox_head.transformer.decoder.layers.0.attentions.1.camera_mixer.lidar_camera_fuse_layer.0.0.weight, pts_bbox_head.transformer.decoder.layers.0.attentions.1.camera_mixer.lidar_camera_fuse_layer.0.0.bias, pts_bbox_head.transformer.decoder.layers.0.attentions.1.camera_mixer.lidar_camera_fuse_layer.0.2.weight, pts_bbox_head.transformer.decoder.layers.0.attentions.1.camera_mixer.lidar_camera_fuse_layer.0.2.bias, pts_bbox_head.transformer.decoder.layers.0.attentions.1.camera_mixer.lidar_camera_fuse_layer.0.4.weight, pts_bbox_head.transformer.decoder.layers.0.attentions.1.camera_mixer.lidar_camera_fuse_layer.0.4.bias, pts_bbox_head.transformer.decoder.layers.0.attentions.1.camera_mixer.lidar_camera_fuse_layer.1.0.weight, pts_bbox_head.transformer.decoder.layers.0.attentions.1.camera_mixer.lidar_camera_fuse_layer.1.0.bias, pts_bbox_head.transformer.decoder.layers.0.attentions.1.camera_mixer.lidar_camera_fuse_layer.1.2.weight, pts_bbox_head.transformer.decoder.layers.0.attentions.1.camera_mixer.lidar_camera_fuse_layer.1.2.bias, pts_bbox_head.transformer.decoder.layers.0.attentions.1.camera_mixer.lidar_camera_fuse_layer.1.4.weight, pts_bbox_head.transformer.decoder.layers.0.attentions.1.camera_mixer.lidar_camera_fuse_layer.1.4.bias, pts_bbox_head.transformer.decoder.layers.0.attentions.1.camera_mixer.lidar_guide_camera_fusion.0.A_log_h2t, pts_bbox_head.transformer.decoder.layers.0.attentions.1.camera_mixer.lidar_guide_camera_fusion.0.D_h2t, pts_bbox_head.transformer.decoder.layers.0.attentions.1.camera_mixer.lidar_guide_camera_fusion.0.A_log_t2h, pts_bbox_head.transformer.decoder.layers.0.attentions.1.camera_mixer.lidar_guide_camera_fusion.0.D_t2h, pts_bbox_head.transformer.decoder.layers.0.attentions.1.camera_mixer.lidar_guide_camera_fusion.0.in_proj.weight, pts_bbox_head.transformer.decoder.layers.0.attentions.1.camera_mixer.lidar_guide_camera_fusion.0.lidar_guidance_layer.model.0.weight, pts_bbox_head.transformer.decoder.layers.0.attentions.1.camera_mixer.lidar_guide_camera_fusion.0.lidar_guidance_layer.model.0.bias, pts_bbox_head.transformer.decoder.layers.0.attentions.1.camera_mixer.lidar_guide_camera_fusion.0.lidar_guidance_layer.model.2.weight, pts_bbox_head.transformer.decoder.layers.0.attentions.1.camera_mixer.lidar_guide_camera_fusion.0.lidar_guidance_layer.model.2.bias, pts_bbox_head.transformer.decoder.layers.0.attentions.1.camera_mixer.lidar_guide_camera_fusion.0.lidar_guidance_layer.model.4.weight, pts_bbox_head.transformer.decoder.layers.0.attentions.1.camera_mixer.lidar_guide_camera_fusion.0.lidar_guidance_layer.model.4.bias, pts_bbox_head.transformer.decoder.layers.0.attentions.1.camera_mixer.lidar_guide_camera_fusion.0.lidar_modulation_layer.0.weight, pts_bbox_head.transformer.decoder.layers.0.attentions.1.camera_mixer.lidar_guide_camera_fusion.0.lidar_modulation_layer.0.bias, pts_bbox_head.transformer.decoder.layers.0.attentions.1.camera_mixer.lidar_guide_camera_fusion.0.x_proj_h2t.weight, pts_bbox_head.transformer.decoder.layers.0.attentions.1.camera_mixer.lidar_guide_camera_fusion.0.dt_proj_h2t.weight, pts_bbox_head.transformer.decoder.layers.0.attentions.1.camera_mixer.lidar_guide_camera_fusion.0.dt_proj_h2t.bias, pts_bbox_head.transformer.decoder.layers.0.attentions.1.camera_mixer.lidar_guide_camera_fusion.0.x_proj_t2h.weight, pts_bbox_head.transformer.decoder.layers.0.attentions.1.camera_mixer.lidar_guide_camera_fusion.0.dt_proj_t2h.weight, pts_bbox_head.transformer.decoder.layers.0.attentions.1.camera_mixer.lidar_guide_camera_fusion.0.dt_proj_t2h.bias, pts_bbox_head.transformer.decoder.layers.0.attentions.1.camera_mixer.lidar_guide_camera_fusion.0.out_proj.weight, pts_bbox_head.transformer.decoder.layers.0.attentions.1.camera_mixer.lidar_guide_camera_fusion.1.A_log_h2t, pts_bbox_head.transformer.decoder.layers.0.attentions.1.camera_mixer.lidar_guide_camera_fusion.1.D_h2t, pts_bbox_head.transformer.decoder.layers.0.attentions.1.camera_mixer.lidar_guide_camera_fusion.1.A_log_t2h, pts_bbox_head.transformer.decoder.layers.0.attentions.1.camera_mixer.lidar_guide_camera_fusion.1.D_t2h, pts_bbox_head.transformer.decoder.layers.0.attentions.1.camera_mixer.lidar_guide_camera_fusion.1.in_proj.weight, pts_bbox_head.transformer.decoder.layers.0.attentions.1.camera_mixer.lidar_guide_camera_fusion.1.lidar_guidance_layer.model.0.weight, pts_bbox_head.transformer.decoder.layers.0.attentions.1.camera_mixer.lidar_guide_camera_fusion.1.lidar_guidance_layer.model.0.bias, pts_bbox_head.transformer.decoder.layers.0.attentions.1.camera_mixer.lidar_guide_camera_fusion.1.lidar_guidance_layer.model.2.weight, pts_bbox_head.transformer.decoder.layers.0.attentions.1.camera_mixer.lidar_guide_camera_fusion.1.lidar_guidance_layer.model.2.bias, pts_bbox_head.transformer.decoder.layers.0.attentions.1.camera_mixer.lidar_guide_camera_fusion.1.lidar_guidance_layer.model.4.weight, pts_bbox_head.transformer.decoder.layers.0.attentions.1.camera_mixer.lidar_guide_camera_fusion.1.lidar_guidance_layer.model.4.bias, pts_bbox_head.transformer.decoder.layers.0.attentions.1.camera_mixer.lidar_guide_camera_fusion.1.lidar_modulation_layer.0.weight, pts_bbox_head.transformer.decoder.layers.0.attentions.1.camera_mixer.lidar_guide_camera_fusion.1.lidar_modulation_layer.0.bias, pts_bbox_head.transformer.decoder.layers.0.attentions.1.camera_mixer.lidar_guide_camera_fusion.1.x_proj_h2t.weight, pts_bbox_head.transformer.decoder.layers.0.attentions.1.camera_mixer.lidar_guide_camera_fusion.1.dt_proj_h2t.weight, pts_bbox_head.transformer.decoder.layers.0.attentions.1.camera_mixer.lidar_guide_camera_fusion.1.dt_proj_h2t.bias, pts_bbox_head.transformer.decoder.layers.0.attentions.1.camera_mixer.lidar_guide_camera_fusion.1.x_proj_t2h.weight, pts_bbox_head.transformer.decoder.layers.0.attentions.1.camera_mixer.lidar_guide_camera_fusion.1.dt_proj_t2h.weight, pts_bbox_head.transformer.decoder.layers.0.attentions.1.camera_mixer.lidar_guide_camera_fusion.1.dt_proj_t2h.bias, pts_bbox_head.transformer.decoder.layers.0.attentions.1.camera_mixer.lidar_guide_camera_fusion.1.out_proj.weight, pts_bbox_head.transformer.decoder.layers.0.attentions.1.camera_mixer.norm_fusion_fuse.0.weight, pts_bbox_head.transformer.decoder.layers.0.attentions.1.camera_mixer.norm_fusion_fuse.0.bias, pts_bbox_head.transformer.decoder.layers.0.attentions.1.camera_mixer.norm_fusion_fuse.1.weight, pts_bbox_head.transformer.decoder.layers.0.attentions.1.camera_mixer.norm_fusion_fuse.1.bias, pts_bbox_head.transformer.decoder.layers.0.attentions.1.camera_mixer.norm_fusion_camera.0.weight, pts_bbox_head.transformer.decoder.layers.0.attentions.1.camera_mixer.norm_fusion_camera.0.bias, pts_bbox_head.transformer.decoder.layers.0.attentions.1.camera_mixer.norm_fusion_camera.1.weight, pts_bbox_head.transformer.decoder.layers.0.attentions.1.camera_mixer.norm_fusion_camera.1.bias, pts_bbox_head.transformer.decoder.layers.0.attentions.1.camera_mixer.camera_ffn.0.ffn.0.weight, pts_bbox_head.transformer.decoder.layers.0.attentions.1.camera_mixer.camera_ffn.0.ffn.0.bias, pts_bbox_head.transformer.decoder.layers.0.attentions.1.camera_mixer.camera_ffn.0.ffn.3.weight, pts_bbox_head.transformer.decoder.layers.0.attentions.1.camera_mixer.camera_ffn.0.ffn.3.bias, pts_bbox_head.transformer.decoder.layers.0.attentions.1.camera_mixer.camera_ffn.1.ffn.0.weight, pts_bbox_head.transformer.decoder.layers.0.attentions.1.camera_mixer.camera_ffn.1.ffn.0.bias, pts_bbox_head.transformer.decoder.layers.0.attentions.1.camera_mixer.camera_ffn.1.ffn.3.weight, pts_bbox_head.transformer.decoder.layers.0.attentions.1.camera_mixer.camera_ffn.1.ffn.3.bias, pts_bbox_head.transformer.decoder.layers.0.attentions.1.camera_mixer.camera_ffn_norm.0.weight, pts_bbox_head.transformer.decoder.layers.0.attentions.1.camera_mixer.camera_ffn_norm.0.bias, pts_bbox_head.transformer.decoder.layers.0.attentions.1.camera_mixer.camera_ffn_norm.1.weight, pts_bbox_head.transformer.decoder.layers.0.attentions.1.camera_mixer.camera_ffn_norm.1.bias, pts_bbox_head.transformer.decoder.layers.1.attentions.1.img_attention_weights.weight, pts_bbox_head.transformer.decoder.layers.1.attentions.1.img_attention_weights.bias, pts_bbox_head.transformer.decoder.layers.1.attentions.1.img_output_proj.weight, pts_bbox_head.transformer.decoder.layers.1.attentions.1.img_output_proj.bias, pts_bbox_head.transformer.decoder.layers.1.attentions.1.modality_fusion_layer.0.weight, pts_bbox_head.transformer.decoder.layers.1.attentions.1.modality_fusion_layer.0.bias, pts_bbox_head.transformer.decoder.layers.1.attentions.1.modality_fusion_layer.1.weight, pts_bbox_head.transformer.decoder.layers.1.attentions.1.modality_fusion_layer.1.bias, pts_bbox_head.transformer.decoder.layers.1.attentions.1.modality_fusion_layer.3.weight, pts_bbox_head.transformer.decoder.layers.1.attentions.1.modality_fusion_layer.3.bias, pts_bbox_head.transformer.decoder.layers.1.attentions.1.modality_fusion_layer.4.weight, pts_bbox_head.transformer.decoder.layers.1.attentions.1.modality_fusion_layer.4.bias, pts_bbox_head.transformer.decoder.layers.1.attentions.1.camera_mixer.lidar_camera_fuse_layer.0.0.weight, pts_bbox_head.transformer.decoder.layers.1.attentions.1.camera_mixer.lidar_camera_fuse_layer.0.0.bias, pts_bbox_head.transformer.decoder.layers.1.attentions.1.camera_mixer.lidar_camera_fuse_layer.0.2.weight, pts_bbox_head.transformer.decoder.layers.1.attentions.1.camera_mixer.lidar_camera_fuse_layer.0.2.bias, pts_bbox_head.transformer.decoder.layers.1.attentions.1.camera_mixer.lidar_camera_fuse_layer.0.4.weight, pts_bbox_head.transformer.decoder.layers.1.attentions.1.camera_mixer.lidar_camera_fuse_layer.0.4.bias, pts_bbox_head.transformer.decoder.layers.1.attentions.1.camera_mixer.lidar_camera_fuse_layer.1.0.weight, pts_bbox_head.transformer.decoder.layers.1.attentions.1.camera_mixer.lidar_camera_fuse_layer.1.0.bias, pts_bbox_head.transformer.decoder.layers.1.attentions.1.camera_mixer.lidar_camera_fuse_layer.1.2.weight, pts_bbox_head.transformer.decoder.layers.1.attentions.1.camera_mixer.lidar_camera_fuse_layer.1.2.bias, pts_bbox_head.transformer.decoder.layers.1.attentions.1.camera_mixer.lidar_camera_fuse_layer.1.4.weight, pts_bbox_head.transformer.decoder.layers.1.attentions.1.camera_mixer.lidar_camera_fuse_layer.1.4.bias, pts_bbox_head.transformer.decoder.layers.1.attentions.1.camera_mixer.lidar_guide_camera_fusion.0.A_log_h2t, pts_bbox_head.transformer.decoder.layers.1.attentions.1.camera_mixer.lidar_guide_camera_fusion.0.D_h2t, pts_bbox_head.transformer.decoder.layers.1.attentions.1.camera_mixer.lidar_guide_camera_fusion.0.A_log_t2h, pts_bbox_head.transformer.decoder.layers.1.attentions.1.camera_mixer.lidar_guide_camera_fusion.0.D_t2h, pts_bbox_head.transformer.decoder.layers.1.attentions.1.camera_mixer.lidar_guide_camera_fusion.0.in_proj.weight, pts_bbox_head.transformer.decoder.layers.1.attentions.1.camera_mixer.lidar_guide_camera_fusion.0.lidar_guidance_layer.model.0.weight, pts_bbox_head.transformer.decoder.layers.1.attentions.1.camera_mixer.lidar_guide_camera_fusion.0.lidar_guidance_layer.model.0.bias, pts_bbox_head.transformer.decoder.layers.1.attentions.1.camera_mixer.lidar_guide_camera_fusion.0.lidar_guidance_layer.model.2.weight, pts_bbox_head.transformer.decoder.layers.1.attentions.1.camera_mixer.lidar_guide_camera_fusion.0.lidar_guidance_layer.model.2.bias, pts_bbox_head.transformer.decoder.layers.1.attentions.1.camera_mixer.lidar_guide_camera_fusion.0.lidar_guidance_layer.model.4.weight, pts_bbox_head.transformer.decoder.layers.1.attentions.1.camera_mixer.lidar_guide_camera_fusion.0.lidar_guidance_layer.model.4.bias, pts_bbox_head.transformer.decoder.layers.1.attentions.1.camera_mixer.lidar_guide_camera_fusion.0.lidar_modulation_layer.0.weight, pts_bbox_head.transformer.decoder.layers.1.attentions.1.camera_mixer.lidar_guide_camera_fusion.0.lidar_modulation_layer.0.bias, pts_bbox_head.transformer.decoder.layers.1.attentions.1.camera_mixer.lidar_guide_camera_fusion.0.x_proj_h2t.weight, pts_bbox_head.transformer.decoder.layers.1.attentions.1.camera_mixer.lidar_guide_camera_fusion.0.dt_proj_h2t.weight, pts_bbox_head.transformer.decoder.layers.1.attentions.1.camera_mixer.lidar_guide_camera_fusion.0.dt_proj_h2t.bias, pts_bbox_head.transformer.decoder.layers.1.attentions.1.camera_mixer.lidar_guide_camera_fusion.0.x_proj_t2h.weight, pts_bbox_head.transformer.decoder.layers.1.attentions.1.camera_mixer.lidar_guide_camera_fusion.0.dt_proj_t2h.weight, pts_bbox_head.transformer.decoder.layers.1.attentions.1.camera_mixer.lidar_guide_camera_fusion.0.dt_proj_t2h.bias, pts_bbox_head.transformer.decoder.layers.1.attentions.1.camera_mixer.lidar_guide_camera_fusion.0.out_proj.weight, pts_bbox_head.transformer.decoder.layers.1.attentions.1.camera_mixer.lidar_guide_camera_fusion.1.A_log_h2t, pts_bbox_head.transformer.decoder.layers.1.attentions.1.camera_mixer.lidar_guide_camera_fusion.1.D_h2t, pts_bbox_head.transformer.decoder.layers.1.attentions.1.camera_mixer.lidar_guide_camera_fusion.1.A_log_t2h, pts_bbox_head.transformer.decoder.layers.1.attentions.1.camera_mixer.lidar_guide_camera_fusion.1.D_t2h, pts_bbox_head.transformer.decoder.layers.1.attentions.1.camera_mixer.lidar_guide_camera_fusion.1.in_proj.weight, pts_bbox_head.transformer.decoder.layers.1.attentions.1.camera_mixer.lidar_guide_camera_fusion.1.lidar_guidance_layer.model.0.weight, pts_bbox_head.transformer.decoder.layers.1.attentions.1.camera_mixer.lidar_guide_camera_fusion.1.lidar_guidance_layer.model.0.bias, pts_bbox_head.transformer.decoder.layers.1.attentions.1.camera_mixer.lidar_guide_camera_fusion.1.lidar_guidance_layer.model.2.weight, pts_bbox_head.transformer.decoder.layers.1.attentions.1.camera_mixer.lidar_guide_camera_fusion.1.lidar_guidance_layer.model.2.bias, pts_bbox_head.transformer.decoder.layers.1.attentions.1.camera_mixer.lidar_guide_camera_fusion.1.lidar_guidance_layer.model.4.weight, pts_bbox_head.transformer.decoder.layers.1.attentions.1.camera_mixer.lidar_guide_camera_fusion.1.lidar_guidance_layer.model.4.bias, pts_bbox_head.transformer.decoder.layers.1.attentions.1.camera_mixer.lidar_guide_camera_fusion.1.lidar_modulation_layer.0.weight, pts_bbox_head.transformer.decoder.layers.1.attentions.1.camera_mixer.lidar_guide_camera_fusion.1.lidar_modulation_layer.0.bias, pts_bbox_head.transformer.decoder.layers.1.attentions.1.camera_mixer.lidar_guide_camera_fusion.1.x_proj_h2t.weight, pts_bbox_head.transformer.decoder.layers.1.attentions.1.camera_mixer.lidar_guide_camera_fusion.1.dt_proj_h2t.weight, pts_bbox_head.transformer.decoder.layers.1.attentions.1.camera_mixer.lidar_guide_camera_fusion.1.dt_proj_h2t.bias, pts_bbox_head.transformer.decoder.layers.1.attentions.1.camera_mixer.lidar_guide_camera_fusion.1.x_proj_t2h.weight, pts_bbox_head.transformer.decoder.layers.1.attentions.1.camera_mixer.lidar_guide_camera_fusion.1.dt_proj_t2h.weight, pts_bbox_head.transformer.decoder.layers.1.attentions.1.camera_mixer.lidar_guide_camera_fusion.1.dt_proj_t2h.bias, pts_bbox_head.transformer.decoder.layers.1.attentions.1.camera_mixer.lidar_guide_camera_fusion.1.out_proj.weight, pts_bbox_head.transformer.decoder.layers.1.attentions.1.camera_mixer.norm_fusion_fuse.0.weight, pts_bbox_head.transformer.decoder.layers.1.attentions.1.camera_mixer.norm_fusion_fuse.0.bias, pts_bbox_head.transformer.decoder.layers.1.attentions.1.camera_mixer.norm_fusion_fuse.1.weight, pts_bbox_head.transformer.decoder.layers.1.attentions.1.camera_mixer.norm_fusion_fuse.1.bias, pts_bbox_head.transformer.decoder.layers.1.attentions.1.camera_mixer.norm_fusion_camera.0.weight, pts_bbox_head.transformer.decoder.layers.1.attentions.1.camera_mixer.norm_fusion_camera.0.bias, pts_bbox_head.transformer.decoder.layers.1.attentions.1.camera_mixer.norm_fusion_camera.1.weight, pts_bbox_head.transformer.decoder.layers.1.attentions.1.camera_mixer.norm_fusion_camera.1.bias, pts_bbox_head.transformer.decoder.layers.1.attentions.1.camera_mixer.camera_ffn.0.ffn.0.weight, pts_bbox_head.transformer.decoder.layers.1.attentions.1.camera_mixer.camera_ffn.0.ffn.0.bias, pts_bbox_head.transformer.decoder.layers.1.attentions.1.camera_mixer.camera_ffn.0.ffn.3.weight, pts_bbox_head.transformer.decoder.layers.1.attentions.1.camera_mixer.camera_ffn.0.ffn.3.bias, pts_bbox_head.transformer.decoder.layers.1.attentions.1.camera_mixer.camera_ffn.1.ffn.0.weight, pts_bbox_head.transformer.decoder.layers.1.attentions.1.camera_mixer.camera_ffn.1.ffn.0.bias, pts_bbox_head.transformer.decoder.layers.1.attentions.1.camera_mixer.camera_ffn.1.ffn.3.weight, pts_bbox_head.transformer.decoder.layers.1.attentions.1.camera_mixer.camera_ffn.1.ffn.3.bias, pts_bbox_head.transformer.decoder.layers.1.attentions.1.camera_mixer.camera_ffn_norm.0.weight, pts_bbox_head.transformer.decoder.layers.1.attentions.1.camera_mixer.camera_ffn_norm.0.bias, pts_bbox_head.transformer.decoder.layers.1.attentions.1.camera_mixer.camera_ffn_norm.1.weight, pts_bbox_head.transformer.decoder.layers.1.attentions.1.camera_mixer.camera_ffn_norm.1.bias, pts_bbox_head.transformer.decoder.layers.2.attentions.1.img_attention_weights.weight, pts_bbox_head.transformer.decoder.layers.2.attentions.1.img_attention_weights.bias, pts_bbox_head.transformer.decoder.layers.2.attentions.1.img_output_proj.weight, pts_bbox_head.transformer.decoder.layers.2.attentions.1.img_output_proj.bias, pts_bbox_head.transformer.decoder.layers.2.attentions.1.modality_fusion_layer.0.weight, pts_bbox_head.transformer.decoder.layers.2.attentions.1.modality_fusion_layer.0.bias, pts_bbox_head.transformer.decoder.layers.2.attentions.1.modality_fusion_layer.1.weight, pts_bbox_head.transformer.decoder.layers.2.attentions.1.modality_fusion_layer.1.bias, pts_bbox_head.transformer.decoder.layers.2.attentions.1.modality_fusion_layer.3.weight, pts_bbox_head.transformer.decoder.layers.2.attentions.1.modality_fusion_layer.3.bias, pts_bbox_head.transformer.decoder.layers.2.attentions.1.modality_fusion_layer.4.weight, pts_bbox_head.transformer.decoder.layers.2.attentions.1.modality_fusion_layer.4.bias, pts_bbox_head.transformer.decoder.layers.2.attentions.1.camera_mixer.lidar_camera_fuse_layer.0.0.weight, pts_bbox_head.transformer.decoder.layers.2.attentions.1.camera_mixer.lidar_camera_fuse_layer.0.0.bias, pts_bbox_head.transformer.decoder.layers.2.attentions.1.camera_mixer.lidar_camera_fuse_layer.0.2.weight, pts_bbox_head.transformer.decoder.layers.2.attentions.1.camera_mixer.lidar_camera_fuse_layer.0.2.bias, pts_bbox_head.transformer.decoder.layers.2.attentions.1.camera_mixer.lidar_camera_fuse_layer.0.4.weight, pts_bbox_head.transformer.decoder.layers.2.attentions.1.camera_mixer.lidar_camera_fuse_layer.0.4.bias, pts_bbox_head.transformer.decoder.layers.2.attentions.1.camera_mixer.lidar_camera_fuse_layer.1.0.weight, pts_bbox_head.transformer.decoder.layers.2.attentions.1.camera_mixer.lidar_camera_fuse_layer.1.0.bias, pts_bbox_head.transformer.decoder.layers.2.attentions.1.camera_mixer.lidar_camera_fuse_layer.1.2.weight, pts_bbox_head.transformer.decoder.layers.2.attentions.1.camera_mixer.lidar_camera_fuse_layer.1.2.bias, pts_bbox_head.transformer.decoder.layers.2.attentions.1.camera_mixer.lidar_camera_fuse_layer.1.4.weight, pts_bbox_head.transformer.decoder.layers.2.attentions.1.camera_mixer.lidar_camera_fuse_layer.1.4.bias, pts_bbox_head.transformer.decoder.layers.2.attentions.1.camera_mixer.lidar_guide_camera_fusion.0.A_log_h2t, pts_bbox_head.transformer.decoder.layers.2.attentions.1.camera_mixer.lidar_guide_camera_fusion.0.D_h2t, pts_bbox_head.transformer.decoder.layers.2.attentions.1.camera_mixer.lidar_guide_camera_fusion.0.A_log_t2h, pts_bbox_head.transformer.decoder.layers.2.attentions.1.camera_mixer.lidar_guide_camera_fusion.0.D_t2h, pts_bbox_head.transformer.decoder.layers.2.attentions.1.camera_mixer.lidar_guide_camera_fusion.0.in_proj.weight, pts_bbox_head.transformer.decoder.layers.2.attentions.1.camera_mixer.lidar_guide_camera_fusion.0.lidar_guidance_layer.model.0.weight, pts_bbox_head.transformer.decoder.layers.2.attentions.1.camera_mixer.lidar_guide_camera_fusion.0.lidar_guidance_layer.model.0.bias, pts_bbox_head.transformer.decoder.layers.2.attentions.1.camera_mixer.lidar_guide_camera_fusion.0.lidar_guidance_layer.model.2.weight, pts_bbox_head.transformer.decoder.layers.2.attentions.1.camera_mixer.lidar_guide_camera_fusion.0.lidar_guidance_layer.model.2.bias, pts_bbox_head.transformer.decoder.layers.2.attentions.1.camera_mixer.lidar_guide_camera_fusion.0.lidar_guidance_layer.model.4.weight, pts_bbox_head.transformer.decoder.layers.2.attentions.1.camera_mixer.lidar_guide_camera_fusion.0.lidar_guidance_layer.model.4.bias, pts_bbox_head.transformer.decoder.layers.2.attentions.1.camera_mixer.lidar_guide_camera_fusion.0.lidar_modulation_layer.0.weight, pts_bbox_head.transformer.decoder.layers.2.attentions.1.camera_mixer.lidar_guide_camera_fusion.0.lidar_modulation_layer.0.bias, pts_bbox_head.transformer.decoder.layers.2.attentions.1.camera_mixer.lidar_guide_camera_fusion.0.x_proj_h2t.weight, pts_bbox_head.transformer.decoder.layers.2.attentions.1.camera_mixer.lidar_guide_camera_fusion.0.dt_proj_h2t.weight, pts_bbox_head.transformer.decoder.layers.2.attentions.1.camera_mixer.lidar_guide_camera_fusion.0.dt_proj_h2t.bias, pts_bbox_head.transformer.decoder.layers.2.attentions.1.camera_mixer.lidar_guide_camera_fusion.0.x_proj_t2h.weight, pts_bbox_head.transformer.decoder.layers.2.attentions.1.camera_mixer.lidar_guide_camera_fusion.0.dt_proj_t2h.weight, pts_bbox_head.transformer.decoder.layers.2.attentions.1.camera_mixer.lidar_guide_camera_fusion.0.dt_proj_t2h.bias, pts_bbox_head.transformer.decoder.layers.2.attentions.1.camera_mixer.lidar_guide_camera_fusion.0.out_proj.weight, pts_bbox_head.transformer.decoder.layers.2.attentions.1.camera_mixer.lidar_guide_camera_fusion.1.A_log_h2t, pts_bbox_head.transformer.decoder.layers.2.attentions.1.camera_mixer.lidar_guide_camera_fusion.1.D_h2t, pts_bbox_head.transformer.decoder.layers.2.attentions.1.camera_mixer.lidar_guide_camera_fusion.1.A_log_t2h, pts_bbox_head.transformer.decoder.layers.2.attentions.1.camera_mixer.lidar_guide_camera_fusion.1.D_t2h, pts_bbox_head.transformer.decoder.layers.2.attentions.1.camera_mixer.lidar_guide_camera_fusion.1.in_proj.weight, pts_bbox_head.transformer.decoder.layers.2.attentions.1.camera_mixer.lidar_guide_camera_fusion.1.lidar_guidance_layer.model.0.weight, pts_bbox_head.transformer.decoder.layers.2.attentions.1.camera_mixer.lidar_guide_camera_fusion.1.lidar_guidance_layer.model.0.bias, pts_bbox_head.transformer.decoder.layers.2.attentions.1.camera_mixer.lidar_guide_camera_fusion.1.lidar_guidance_layer.model.2.weight, pts_bbox_head.transformer.decoder.layers.2.attentions.1.camera_mixer.lidar_guide_camera_fusion.1.lidar_guidance_layer.model.2.bias, pts_bbox_head.transformer.decoder.layers.2.attentions.1.camera_mixer.lidar_guide_camera_fusion.1.lidar_guidance_layer.model.4.weight, pts_bbox_head.transformer.decoder.layers.2.attentions.1.camera_mixer.lidar_guide_camera_fusion.1.lidar_guidance_layer.model.4.bias, pts_bbox_head.transformer.decoder.layers.2.attentions.1.camera_mixer.lidar_guide_camera_fusion.1.lidar_modulation_layer.0.weight, pts_bbox_head.transformer.decoder.layers.2.attentions.1.camera_mixer.lidar_guide_camera_fusion.1.lidar_modulation_layer.0.bias, pts_bbox_head.transformer.decoder.layers.2.attentions.1.camera_mixer.lidar_guide_camera_fusion.1.x_proj_h2t.weight, pts_bbox_head.transformer.decoder.layers.2.attentions.1.camera_mixer.lidar_guide_camera_fusion.1.dt_proj_h2t.weight, pts_bbox_head.transformer.decoder.layers.2.attentions.1.camera_mixer.lidar_guide_camera_fusion.1.dt_proj_h2t.bias, pts_bbox_head.transformer.decoder.layers.2.attentions.1.camera_mixer.lidar_guide_camera_fusion.1.x_proj_t2h.weight, pts_bbox_head.transformer.decoder.layers.2.attentions.1.camera_mixer.lidar_guide_camera_fusion.1.dt_proj_t2h.weight, pts_bbox_head.transformer.decoder.layers.2.attentions.1.camera_mixer.lidar_guide_camera_fusion.1.dt_proj_t2h.bias, pts_bbox_head.transformer.decoder.layers.2.attentions.1.camera_mixer.lidar_guide_camera_fusion.1.out_proj.weight, pts_bbox_head.transformer.decoder.layers.2.attentions.1.camera_mixer.norm_fusion_fuse.0.weight, pts_bbox_head.transformer.decoder.layers.2.attentions.1.camera_mixer.norm_fusion_fuse.0.bias, pts_bbox_head.transformer.decoder.layers.2.attentions.1.camera_mixer.norm_fusion_fuse.1.weight, pts_bbox_head.transformer.decoder.layers.2.attentions.1.camera_mixer.norm_fusion_fuse.1.bias, pts_bbox_head.transformer.decoder.layers.2.attentions.1.camera_mixer.norm_fusion_camera.0.weight, pts_bbox_head.transformer.decoder.layers.2.attentions.1.camera_mixer.norm_fusion_camera.0.bias, pts_bbox_head.transformer.decoder.layers.2.attentions.1.camera_mixer.norm_fusion_camera.1.weight, pts_bbox_head.transformer.decoder.layers.2.attentions.1.camera_mixer.norm_fusion_camera.1.bias, pts_bbox_head.transformer.decoder.layers.2.attentions.1.camera_mixer.camera_ffn.0.ffn.0.weight, pts_bbox_head.transformer.decoder.layers.2.attentions.1.camera_mixer.camera_ffn.0.ffn.0.bias, pts_bbox_head.transformer.decoder.layers.2.attentions.1.camera_mixer.camera_ffn.0.ffn.3.weight, pts_bbox_head.transformer.decoder.layers.2.attentions.1.camera_mixer.camera_ffn.0.ffn.3.bias, pts_bbox_head.transformer.decoder.layers.2.attentions.1.camera_mixer.camera_ffn.1.ffn.0.weight, pts_bbox_head.transformer.decoder.layers.2.attentions.1.camera_mixer.camera_ffn.1.ffn.0.bias, pts_bbox_head.transformer.decoder.layers.2.attentions.1.camera_mixer.camera_ffn.1.ffn.3.weight, pts_bbox_head.transformer.decoder.layers.2.attentions.1.camera_mixer.camera_ffn.1.ffn.3.bias, pts_bbox_head.transformer.decoder.layers.2.attentions.1.camera_mixer.camera_ffn_norm.0.weight, pts_bbox_head.transformer.decoder.layers.2.attentions.1.camera_mixer.camera_ffn_norm.0.bias, pts_bbox_head.transformer.decoder.layers.2.attentions.1.camera_mixer.camera_ffn_norm.1.weight, pts_bbox_head.transformer.decoder.layers.2.attentions.1.camera_mixer.camera_ffn_norm.1.bias, pts_bbox_head.transformer.decoder.layers.3.attentions.1.img_attention_weights.weight, pts_bbox_head.transformer.decoder.layers.3.attentions.1.img_attention_weights.bias, pts_bbox_head.transformer.decoder.layers.3.attentions.1.img_output_proj.weight, pts_bbox_head.transformer.decoder.layers.3.attentions.1.img_output_proj.bias, pts_bbox_head.transformer.decoder.layers.3.attentions.1.modality_fusion_layer.0.weight, pts_bbox_head.transformer.decoder.layers.3.attentions.1.modality_fusion_layer.0.bias, pts_bbox_head.transformer.decoder.layers.3.attentions.1.modality_fusion_layer.1.weight, pts_bbox_head.transformer.decoder.layers.3.attentions.1.modality_fusion_layer.1.bias, pts_bbox_head.transformer.decoder.layers.3.attentions.1.modality_fusion_layer.3.weight, pts_bbox_head.transformer.decoder.layers.3.attentions.1.modality_fusion_layer.3.bias, pts_bbox_head.transformer.decoder.layers.3.attentions.1.modality_fusion_layer.4.weight, pts_bbox_head.transformer.decoder.layers.3.attentions.1.modality_fusion_layer.4.bias, pts_bbox_head.transformer.decoder.layers.3.attentions.1.camera_mixer.lidar_camera_fuse_layer.0.0.weight, pts_bbox_head.transformer.decoder.layers.3.attentions.1.camera_mixer.lidar_camera_fuse_layer.0.0.bias, pts_bbox_head.transformer.decoder.layers.3.attentions.1.camera_mixer.lidar_camera_fuse_layer.0.2.weight, pts_bbox_head.transformer.decoder.layers.3.attentions.1.camera_mixer.lidar_camera_fuse_layer.0.2.bias, pts_bbox_head.transformer.decoder.layers.3.attentions.1.camera_mixer.lidar_camera_fuse_layer.0.4.weight, pts_bbox_head.transformer.decoder.layers.3.attentions.1.camera_mixer.lidar_camera_fuse_layer.0.4.bias, pts_bbox_head.transformer.decoder.layers.3.attentions.1.camera_mixer.lidar_camera_fuse_layer.1.0.weight, pts_bbox_head.transformer.decoder.layers.3.attentions.1.camera_mixer.lidar_camera_fuse_layer.1.0.bias, pts_bbox_head.transformer.decoder.layers.3.attentions.1.camera_mixer.lidar_camera_fuse_layer.1.2.weight, pts_bbox_head.transformer.decoder.layers.3.attentions.1.camera_mixer.lidar_camera_fuse_layer.1.2.bias, pts_bbox_head.transformer.decoder.layers.3.attentions.1.camera_mixer.lidar_camera_fuse_layer.1.4.weight, pts_bbox_head.transformer.decoder.layers.3.attentions.1.camera_mixer.lidar_camera_fuse_layer.1.4.bias, pts_bbox_head.transformer.decoder.layers.3.attentions.1.camera_mixer.lidar_guide_camera_fusion.0.A_log_h2t, pts_bbox_head.transformer.decoder.layers.3.attentions.1.camera_mixer.lidar_guide_camera_fusion.0.D_h2t, pts_bbox_head.transformer.decoder.layers.3.attentions.1.camera_mixer.lidar_guide_camera_fusion.0.A_log_t2h, pts_bbox_head.transformer.decoder.layers.3.attentions.1.camera_mixer.lidar_guide_camera_fusion.0.D_t2h, pts_bbox_head.transformer.decoder.layers.3.attentions.1.camera_mixer.lidar_guide_camera_fusion.0.in_proj.weight, pts_bbox_head.transformer.decoder.layers.3.attentions.1.camera_mixer.lidar_guide_camera_fusion.0.lidar_guidance_layer.model.0.weight, pts_bbox_head.transformer.decoder.layers.3.attentions.1.camera_mixer.lidar_guide_camera_fusion.0.lidar_guidance_layer.model.0.bias, pts_bbox_head.transformer.decoder.layers.3.attentions.1.camera_mixer.lidar_guide_camera_fusion.0.lidar_guidance_layer.model.2.weight, pts_bbox_head.transformer.decoder.layers.3.attentions.1.camera_mixer.lidar_guide_camera_fusion.0.lidar_guidance_layer.model.2.bias, pts_bbox_head.transformer.decoder.layers.3.attentions.1.camera_mixer.lidar_guide_camera_fusion.0.lidar_guidance_layer.model.4.weight, pts_bbox_head.transformer.decoder.layers.3.attentions.1.camera_mixer.lidar_guide_camera_fusion.0.lidar_guidance_layer.model.4.bias, pts_bbox_head.transformer.decoder.layers.3.attentions.1.camera_mixer.lidar_guide_camera_fusion.0.lidar_modulation_layer.0.weight, pts_bbox_head.transformer.decoder.layers.3.attentions.1.camera_mixer.lidar_guide_camera_fusion.0.lidar_modulation_layer.0.bias, pts_bbox_head.transformer.decoder.layers.3.attentions.1.camera_mixer.lidar_guide_camera_fusion.0.x_proj_h2t.weight, pts_bbox_head.transformer.decoder.layers.3.attentions.1.camera_mixer.lidar_guide_camera_fusion.0.dt_proj_h2t.weight, pts_bbox_head.transformer.decoder.layers.3.attentions.1.camera_mixer.lidar_guide_camera_fusion.0.dt_proj_h2t.bias, pts_bbox_head.transformer.decoder.layers.3.attentions.1.camera_mixer.lidar_guide_camera_fusion.0.x_proj_t2h.weight, pts_bbox_head.transformer.decoder.layers.3.attentions.1.camera_mixer.lidar_guide_camera_fusion.0.dt_proj_t2h.weight, pts_bbox_head.transformer.decoder.layers.3.attentions.1.camera_mixer.lidar_guide_camera_fusion.0.dt_proj_t2h.bias, pts_bbox_head.transformer.decoder.layers.3.attentions.1.camera_mixer.lidar_guide_camera_fusion.0.out_proj.weight, pts_bbox_head.transformer.decoder.layers.3.attentions.1.camera_mixer.lidar_guide_camera_fusion.1.A_log_h2t, pts_bbox_head.transformer.decoder.layers.3.attentions.1.camera_mixer.lidar_guide_camera_fusion.1.D_h2t, pts_bbox_head.transformer.decoder.layers.3.attentions.1.camera_mixer.lidar_guide_camera_fusion.1.A_log_t2h, pts_bbox_head.transformer.decoder.layers.3.attentions.1.camera_mixer.lidar_guide_camera_fusion.1.D_t2h, pts_bbox_head.transformer.decoder.layers.3.attentions.1.camera_mixer.lidar_guide_camera_fusion.1.in_proj.weight, pts_bbox_head.transformer.decoder.layers.3.attentions.1.camera_mixer.lidar_guide_camera_fusion.1.lidar_guidance_layer.model.0.weight, pts_bbox_head.transformer.decoder.layers.3.attentions.1.camera_mixer.lidar_guide_camera_fusion.1.lidar_guidance_layer.model.0.bias, pts_bbox_head.transformer.decoder.layers.3.attentions.1.camera_mixer.lidar_guide_camera_fusion.1.lidar_guidance_layer.model.2.weight, pts_bbox_head.transformer.decoder.layers.3.attentions.1.camera_mixer.lidar_guide_camera_fusion.1.lidar_guidance_layer.model.2.bias, pts_bbox_head.transformer.decoder.layers.3.attentions.1.camera_mixer.lidar_guide_camera_fusion.1.lidar_guidance_layer.model.4.weight, pts_bbox_head.transformer.decoder.layers.3.attentions.1.camera_mixer.lidar_guide_camera_fusion.1.lidar_guidance_layer.model.4.bias, pts_bbox_head.transformer.decoder.layers.3.attentions.1.camera_mixer.lidar_guide_camera_fusion.1.lidar_modulation_layer.0.weight, pts_bbox_head.transformer.decoder.layers.3.attentions.1.camera_mixer.lidar_guide_camera_fusion.1.lidar_modulation_layer.0.bias, pts_bbox_head.transformer.decoder.layers.3.attentions.1.camera_mixer.lidar_guide_camera_fusion.1.x_proj_h2t.weight, pts_bbox_head.transformer.decoder.layers.3.attentions.1.camera_mixer.lidar_guide_camera_fusion.1.dt_proj_h2t.weight, pts_bbox_head.transformer.decoder.layers.3.attentions.1.camera_mixer.lidar_guide_camera_fusion.1.dt_proj_h2t.bias, pts_bbox_head.transformer.decoder.layers.3.attentions.1.camera_mixer.lidar_guide_camera_fusion.1.x_proj_t2h.weight, pts_bbox_head.transformer.decoder.layers.3.attentions.1.camera_mixer.lidar_guide_camera_fusion.1.dt_proj_t2h.weight, pts_bbox_head.transformer.decoder.layers.3.attentions.1.camera_mixer.lidar_guide_camera_fusion.1.dt_proj_t2h.bias, pts_bbox_head.transformer.decoder.layers.3.attentions.1.camera_mixer.lidar_guide_camera_fusion.1.out_proj.weight, pts_bbox_head.transformer.decoder.layers.3.attentions.1.camera_mixer.norm_fusion_fuse.0.weight, pts_bbox_head.transformer.decoder.layers.3.attentions.1.camera_mixer.norm_fusion_fuse.0.bias, pts_bbox_head.transformer.decoder.layers.3.attentions.1.camera_mixer.norm_fusion_fuse.1.weight, pts_bbox_head.transformer.decoder.layers.3.attentions.1.camera_mixer.norm_fusion_fuse.1.bias, pts_bbox_head.transformer.decoder.layers.3.attentions.1.camera_mixer.norm_fusion_camera.0.weight, pts_bbox_head.transformer.decoder.layers.3.attentions.1.camera_mixer.norm_fusion_camera.0.bias, pts_bbox_head.transformer.decoder.layers.3.attentions.1.camera_mixer.norm_fusion_camera.1.weight, pts_bbox_head.transformer.decoder.layers.3.attentions.1.camera_mixer.norm_fusion_camera.1.bias, pts_bbox_head.transformer.decoder.layers.3.attentions.1.camera_mixer.camera_ffn.0.ffn.0.weight, pts_bbox_head.transformer.decoder.layers.3.attentions.1.camera_mixer.camera_ffn.0.ffn.0.bias, pts_bbox_head.transformer.decoder.layers.3.attentions.1.camera_mixer.camera_ffn.0.ffn.3.weight, pts_bbox_head.transformer.decoder.layers.3.attentions.1.camera_mixer.camera_ffn.0.ffn.3.bias, pts_bbox_head.transformer.decoder.layers.3.attentions.1.camera_mixer.camera_ffn.1.ffn.0.weight, pts_bbox_head.transformer.decoder.layers.3.attentions.1.camera_mixer.camera_ffn.1.ffn.0.bias, pts_bbox_head.transformer.decoder.layers.3.attentions.1.camera_mixer.camera_ffn.1.ffn.3.weight, pts_bbox_head.transformer.decoder.layers.3.attentions.1.camera_mixer.camera_ffn.1.ffn.3.bias, pts_bbox_head.transformer.decoder.layers.3.attentions.1.camera_mixer.camera_ffn_norm.0.weight, pts_bbox_head.transformer.decoder.layers.3.attentions.1.camera_mixer.camera_ffn_norm.0.bias, pts_bbox_head.transformer.decoder.layers.3.attentions.1.camera_mixer.camera_ffn_norm.1.weight, pts_bbox_head.transformer.decoder.layers.3.attentions.1.camera_mixer.camera_ffn_norm.1.bias, pts_bbox_head.transformer.decoder.layers.4.attentions.1.img_attention_weights.weight, pts_bbox_head.transformer.decoder.layers.4.attentions.1.img_attention_weights.bias, pts_bbox_head.transformer.decoder.layers.4.attentions.1.img_output_proj.weight, pts_bbox_head.transformer.decoder.layers.4.attentions.1.img_output_proj.bias, pts_bbox_head.transformer.decoder.layers.4.attentions.1.modality_fusion_layer.0.weight, pts_bbox_head.transformer.decoder.layers.4.attentions.1.modality_fusion_layer.0.bias, pts_bbox_head.transformer.decoder.layers.4.attentions.1.modality_fusion_layer.1.weight, pts_bbox_head.transformer.decoder.layers.4.attentions.1.modality_fusion_layer.1.bias, pts_bbox_head.transformer.decoder.layers.4.attentions.1.modality_fusion_layer.3.weight, pts_bbox_head.transformer.decoder.layers.4.attentions.1.modality_fusion_layer.3.bias, pts_bbox_head.transformer.decoder.layers.4.attentions.1.modality_fusion_layer.4.weight, pts_bbox_head.transformer.decoder.layers.4.attentions.1.modality_fusion_layer.4.bias, pts_bbox_head.transformer.decoder.layers.4.attentions.1.camera_mixer.lidar_camera_fuse_layer.0.0.weight, pts_bbox_head.transformer.decoder.layers.4.attentions.1.camera_mixer.lidar_camera_fuse_layer.0.0.bias, pts_bbox_head.transformer.decoder.layers.4.attentions.1.camera_mixer.lidar_camera_fuse_layer.0.2.weight, pts_bbox_head.transformer.decoder.layers.4.attentions.1.camera_mixer.lidar_camera_fuse_layer.0.2.bias, pts_bbox_head.transformer.decoder.layers.4.attentions.1.camera_mixer.lidar_camera_fuse_layer.0.4.weight, pts_bbox_head.transformer.decoder.layers.4.attentions.1.camera_mixer.lidar_camera_fuse_layer.0.4.bias, pts_bbox_head.transformer.decoder.layers.4.attentions.1.camera_mixer.lidar_camera_fuse_layer.1.0.weight, pts_bbox_head.transformer.decoder.layers.4.attentions.1.camera_mixer.lidar_camera_fuse_layer.1.0.bias, pts_bbox_head.transformer.decoder.layers.4.attentions.1.camera_mixer.lidar_camera_fuse_layer.1.2.weight, pts_bbox_head.transformer.decoder.layers.4.attentions.1.camera_mixer.lidar_camera_fuse_layer.1.2.bias, pts_bbox_head.transformer.decoder.layers.4.attentions.1.camera_mixer.lidar_camera_fuse_layer.1.4.weight, pts_bbox_head.transformer.decoder.layers.4.attentions.1.camera_mixer.lidar_camera_fuse_layer.1.4.bias, pts_bbox_head.transformer.decoder.layers.4.attentions.1.camera_mixer.lidar_guide_camera_fusion.0.A_log_h2t, pts_bbox_head.transformer.decoder.layers.4.attentions.1.camera_mixer.lidar_guide_camera_fusion.0.D_h2t, pts_bbox_head.transformer.decoder.layers.4.attentions.1.camera_mixer.lidar_guide_camera_fusion.0.A_log_t2h, pts_bbox_head.transformer.decoder.layers.4.attentions.1.camera_mixer.lidar_guide_camera_fusion.0.D_t2h, pts_bbox_head.transformer.decoder.layers.4.attentions.1.camera_mixer.lidar_guide_camera_fusion.0.in_proj.weight, pts_bbox_head.transformer.decoder.layers.4.attentions.1.camera_mixer.lidar_guide_camera_fusion.0.lidar_guidance_layer.model.0.weight, pts_bbox_head.transformer.decoder.layers.4.attentions.1.camera_mixer.lidar_guide_camera_fusion.0.lidar_guidance_layer.model.0.bias, pts_bbox_head.transformer.decoder.layers.4.attentions.1.camera_mixer.lidar_guide_camera_fusion.0.lidar_guidance_layer.model.2.weight, pts_bbox_head.transformer.decoder.layers.4.attentions.1.camera_mixer.lidar_guide_camera_fusion.0.lidar_guidance_layer.model.2.bias, pts_bbox_head.transformer.decoder.layers.4.attentions.1.camera_mixer.lidar_guide_camera_fusion.0.lidar_guidance_layer.model.4.weight, pts_bbox_head.transformer.decoder.layers.4.attentions.1.camera_mixer.lidar_guide_camera_fusion.0.lidar_guidance_layer.model.4.bias, pts_bbox_head.transformer.decoder.layers.4.attentions.1.camera_mixer.lidar_guide_camera_fusion.0.lidar_modulation_layer.0.weight, pts_bbox_head.transformer.decoder.layers.4.attentions.1.camera_mixer.lidar_guide_camera_fusion.0.lidar_modulation_layer.0.bias, pts_bbox_head.transformer.decoder.layers.4.attentions.1.camera_mixer.lidar_guide_camera_fusion.0.x_proj_h2t.weight, pts_bbox_head.transformer.decoder.layers.4.attentions.1.camera_mixer.lidar_guide_camera_fusion.0.dt_proj_h2t.weight, pts_bbox_head.transformer.decoder.layers.4.attentions.1.camera_mixer.lidar_guide_camera_fusion.0.dt_proj_h2t.bias, pts_bbox_head.transformer.decoder.layers.4.attentions.1.camera_mixer.lidar_guide_camera_fusion.0.x_proj_t2h.weight, pts_bbox_head.transformer.decoder.layers.4.attentions.1.camera_mixer.lidar_guide_camera_fusion.0.dt_proj_t2h.weight, pts_bbox_head.transformer.decoder.layers.4.attentions.1.camera_mixer.lidar_guide_camera_fusion.0.dt_proj_t2h.bias, pts_bbox_head.transformer.decoder.layers.4.attentions.1.camera_mixer.lidar_guide_camera_fusion.0.out_proj.weight, pts_bbox_head.transformer.decoder.layers.4.attentions.1.camera_mixer.lidar_guide_camera_fusion.1.A_log_h2t, pts_bbox_head.transformer.decoder.layers.4.attentions.1.camera_mixer.lidar_guide_camera_fusion.1.D_h2t, pts_bbox_head.transformer.decoder.layers.4.attentions.1.camera_mixer.lidar_guide_camera_fusion.1.A_log_t2h, pts_bbox_head.transformer.decoder.layers.4.attentions.1.camera_mixer.lidar_guide_camera_fusion.1.D_t2h, pts_bbox_head.transformer.decoder.layers.4.attentions.1.camera_mixer.lidar_guide_camera_fusion.1.in_proj.weight, pts_bbox_head.transformer.decoder.layers.4.attentions.1.camera_mixer.lidar_guide_camera_fusion.1.lidar_guidance_layer.model.0.weight, pts_bbox_head.transformer.decoder.layers.4.attentions.1.camera_mixer.lidar_guide_camera_fusion.1.lidar_guidance_layer.model.0.bias, pts_bbox_head.transformer.decoder.layers.4.attentions.1.camera_mixer.lidar_guide_camera_fusion.1.lidar_guidance_layer.model.2.weight, pts_bbox_head.transformer.decoder.layers.4.attentions.1.camera_mixer.lidar_guide_camera_fusion.1.lidar_guidance_layer.model.2.bias, pts_bbox_head.transformer.decoder.layers.4.attentions.1.camera_mixer.lidar_guide_camera_fusion.1.lidar_guidance_layer.model.4.weight, pts_bbox_head.transformer.decoder.layers.4.attentions.1.camera_mixer.lidar_guide_camera_fusion.1.lidar_guidance_layer.model.4.bias, pts_bbox_head.transformer.decoder.layers.4.attentions.1.camera_mixer.lidar_guide_camera_fusion.1.lidar_modulation_layer.0.weight, pts_bbox_head.transformer.decoder.layers.4.attentions.1.camera_mixer.lidar_guide_camera_fusion.1.lidar_modulation_layer.0.bias, pts_bbox_head.transformer.decoder.layers.4.attentions.1.camera_mixer.lidar_guide_camera_fusion.1.x_proj_h2t.weight, pts_bbox_head.transformer.decoder.layers.4.attentions.1.camera_mixer.lidar_guide_camera_fusion.1.dt_proj_h2t.weight, pts_bbox_head.transformer.decoder.layers.4.attentions.1.camera_mixer.lidar_guide_camera_fusion.1.dt_proj_h2t.bias, pts_bbox_head.transformer.decoder.layers.4.attentions.1.camera_mixer.lidar_guide_camera_fusion.1.x_proj_t2h.weight, pts_bbox_head.transformer.decoder.layers.4.attentions.1.camera_mixer.lidar_guide_camera_fusion.1.dt_proj_t2h.weight, pts_bbox_head.transformer.decoder.layers.4.attentions.1.camera_mixer.lidar_guide_camera_fusion.1.dt_proj_t2h.bias, pts_bbox_head.transformer.decoder.layers.4.attentions.1.camera_mixer.lidar_guide_camera_fusion.1.out_proj.weight, pts_bbox_head.transformer.decoder.layers.4.attentions.1.camera_mixer.norm_fusion_fuse.0.weight, pts_bbox_head.transformer.decoder.layers.4.attentions.1.camera_mixer.norm_fusion_fuse.0.bias, pts_bbox_head.transformer.decoder.layers.4.attentions.1.camera_mixer.norm_fusion_fuse.1.weight, pts_bbox_head.transformer.decoder.layers.4.attentions.1.camera_mixer.norm_fusion_fuse.1.bias, pts_bbox_head.transformer.decoder.layers.4.attentions.1.camera_mixer.norm_fusion_camera.0.weight, pts_bbox_head.transformer.decoder.layers.4.attentions.1.camera_mixer.norm_fusion_camera.0.bias, pts_bbox_head.transformer.decoder.layers.4.attentions.1.camera_mixer.norm_fusion_camera.1.weight, pts_bbox_head.transformer.decoder.layers.4.attentions.1.camera_mixer.norm_fusion_camera.1.bias, pts_bbox_head.transformer.decoder.layers.4.attentions.1.camera_mixer.camera_ffn.0.ffn.0.weight, pts_bbox_head.transformer.decoder.layers.4.attentions.1.camera_mixer.camera_ffn.0.ffn.0.bias, pts_bbox_head.transformer.decoder.layers.4.attentions.1.camera_mixer.camera_ffn.0.ffn.3.weight, pts_bbox_head.transformer.decoder.layers.4.attentions.1.camera_mixer.camera_ffn.0.ffn.3.bias, pts_bbox_head.transformer.decoder.layers.4.attentions.1.camera_mixer.camera_ffn.1.ffn.0.weight, pts_bbox_head.transformer.decoder.layers.4.attentions.1.camera_mixer.camera_ffn.1.ffn.0.bias, pts_bbox_head.transformer.decoder.layers.4.attentions.1.camera_mixer.camera_ffn.1.ffn.3.weight, pts_bbox_head.transformer.decoder.layers.4.attentions.1.camera_mixer.camera_ffn.1.ffn.3.bias, pts_bbox_head.transformer.decoder.layers.4.attentions.1.camera_mixer.camera_ffn_norm.0.weight, pts_bbox_head.transformer.decoder.layers.4.attentions.1.camera_mixer.camera_ffn_norm.0.bias, pts_bbox_head.transformer.decoder.layers.4.attentions.1.camera_mixer.camera_ffn_norm.1.weight, pts_bbox_head.transformer.decoder.layers.4.attentions.1.camera_mixer.camera_ffn_norm.1.bias, pts_bbox_head.transformer.decoder.layers.5.attentions.1.img_attention_weights.weight, pts_bbox_head.transformer.decoder.layers.5.attentions.1.img_attention_weights.bias, pts_bbox_head.transformer.decoder.layers.5.attentions.1.img_output_proj.weight, pts_bbox_head.transformer.decoder.layers.5.attentions.1.img_output_proj.bias, pts_bbox_head.transformer.decoder.layers.5.attentions.1.modality_fusion_layer.0.weight, pts_bbox_head.transformer.decoder.layers.5.attentions.1.modality_fusion_layer.0.bias, pts_bbox_head.transformer.decoder.layers.5.attentions.1.modality_fusion_layer.1.weight, pts_bbox_head.transformer.decoder.layers.5.attentions.1.modality_fusion_layer.1.bias, pts_bbox_head.transformer.decoder.layers.5.attentions.1.modality_fusion_layer.3.weight, pts_bbox_head.transformer.decoder.layers.5.attentions.1.modality_fusion_layer.3.bias, pts_bbox_head.transformer.decoder.layers.5.attentions.1.modality_fusion_layer.4.weight, pts_bbox_head.transformer.decoder.layers.5.attentions.1.modality_fusion_layer.4.bias, pts_bbox_head.transformer.decoder.layers.5.attentions.1.camera_mixer.lidar_camera_fuse_layer.0.0.weight, pts_bbox_head.transformer.decoder.layers.5.attentions.1.camera_mixer.lidar_camera_fuse_layer.0.0.bias, pts_bbox_head.transformer.decoder.layers.5.attentions.1.camera_mixer.lidar_camera_fuse_layer.0.2.weight, pts_bbox_head.transformer.decoder.layers.5.attentions.1.camera_mixer.lidar_camera_fuse_layer.0.2.bias, pts_bbox_head.transformer.decoder.layers.5.attentions.1.camera_mixer.lidar_camera_fuse_layer.0.4.weight, pts_bbox_head.transformer.decoder.layers.5.attentions.1.camera_mixer.lidar_camera_fuse_layer.0.4.bias, pts_bbox_head.transformer.decoder.layers.5.attentions.1.camera_mixer.lidar_camera_fuse_layer.1.0.weight, pts_bbox_head.transformer.decoder.layers.5.attentions.1.camera_mixer.lidar_camera_fuse_layer.1.0.bias, pts_bbox_head.transformer.decoder.layers.5.attentions.1.camera_mixer.lidar_camera_fuse_layer.1.2.weight, pts_bbox_head.transformer.decoder.layers.5.attentions.1.camera_mixer.lidar_camera_fuse_layer.1.2.bias, pts_bbox_head.transformer.decoder.layers.5.attentions.1.camera_mixer.lidar_camera_fuse_layer.1.4.weight, pts_bbox_head.transformer.decoder.layers.5.attentions.1.camera_mixer.lidar_camera_fuse_layer.1.4.bias, pts_bbox_head.transformer.decoder.layers.5.attentions.1.camera_mixer.lidar_guide_camera_fusion.0.A_log_h2t, pts_bbox_head.transformer.decoder.layers.5.attentions.1.camera_mixer.lidar_guide_camera_fusion.0.D_h2t, pts_bbox_head.transformer.decoder.layers.5.attentions.1.camera_mixer.lidar_guide_camera_fusion.0.A_log_t2h, pts_bbox_head.transformer.decoder.layers.5.attentions.1.camera_mixer.lidar_guide_camera_fusion.0.D_t2h, pts_bbox_head.transformer.decoder.layers.5.attentions.1.camera_mixer.lidar_guide_camera_fusion.0.in_proj.weight, pts_bbox_head.transformer.decoder.layers.5.attentions.1.camera_mixer.lidar_guide_camera_fusion.0.lidar_guidance_layer.model.0.weight, pts_bbox_head.transformer.decoder.layers.5.attentions.1.camera_mixer.lidar_guide_camera_fusion.0.lidar_guidance_layer.model.0.bias, pts_bbox_head.transformer.decoder.layers.5.attentions.1.camera_mixer.lidar_guide_camera_fusion.0.lidar_guidance_layer.model.2.weight, pts_bbox_head.transformer.decoder.layers.5.attentions.1.camera_mixer.lidar_guide_camera_fusion.0.lidar_guidance_layer.model.2.bias, pts_bbox_head.transformer.decoder.layers.5.attentions.1.camera_mixer.lidar_guide_camera_fusion.0.lidar_guidance_layer.model.4.weight, pts_bbox_head.transformer.decoder.layers.5.attentions.1.camera_mixer.lidar_guide_camera_fusion.0.lidar_guidance_layer.model.4.bias, pts_bbox_head.transformer.decoder.layers.5.attentions.1.camera_mixer.lidar_guide_camera_fusion.0.lidar_modulation_layer.0.weight, pts_bbox_head.transformer.decoder.layers.5.attentions.1.camera_mixer.lidar_guide_camera_fusion.0.lidar_modulation_layer.0.bias, pts_bbox_head.transformer.decoder.layers.5.attentions.1.camera_mixer.lidar_guide_camera_fusion.0.x_proj_h2t.weight, pts_bbox_head.transformer.decoder.layers.5.attentions.1.camera_mixer.lidar_guide_camera_fusion.0.dt_proj_h2t.weight, pts_bbox_head.transformer.decoder.layers.5.attentions.1.camera_mixer.lidar_guide_camera_fusion.0.dt_proj_h2t.bias, pts_bbox_head.transformer.decoder.layers.5.attentions.1.camera_mixer.lidar_guide_camera_fusion.0.x_proj_t2h.weight, pts_bbox_head.transformer.decoder.layers.5.attentions.1.camera_mixer.lidar_guide_camera_fusion.0.dt_proj_t2h.weight, pts_bbox_head.transformer.decoder.layers.5.attentions.1.camera_mixer.lidar_guide_camera_fusion.0.dt_proj_t2h.bias, pts_bbox_head.transformer.decoder.layers.5.attentions.1.camera_mixer.lidar_guide_camera_fusion.0.out_proj.weight, pts_bbox_head.transformer.decoder.layers.5.attentions.1.camera_mixer.lidar_guide_camera_fusion.1.A_log_h2t, pts_bbox_head.transformer.decoder.layers.5.attentions.1.camera_mixer.lidar_guide_camera_fusion.1.D_h2t, pts_bbox_head.transformer.decoder.layers.5.attentions.1.camera_mixer.lidar_guide_camera_fusion.1.A_log_t2h, pts_bbox_head.transformer.decoder.layers.5.attentions.1.camera_mixer.lidar_guide_camera_fusion.1.D_t2h, pts_bbox_head.transformer.decoder.layers.5.attentions.1.camera_mixer.lidar_guide_camera_fusion.1.in_proj.weight, pts_bbox_head.transformer.decoder.layers.5.attentions.1.camera_mixer.lidar_guide_camera_fusion.1.lidar_guidance_layer.model.0.weight, pts_bbox_head.transformer.decoder.layers.5.attentions.1.camera_mixer.lidar_guide_camera_fusion.1.lidar_guidance_layer.model.0.bias, pts_bbox_head.transformer.decoder.layers.5.attentions.1.camera_mixer.lidar_guide_camera_fusion.1.lidar_guidance_layer.model.2.weight, pts_bbox_head.transformer.decoder.layers.5.attentions.1.camera_mixer.lidar_guide_camera_fusion.1.lidar_guidance_layer.model.2.bias, pts_bbox_head.transformer.decoder.layers.5.attentions.1.camera_mixer.lidar_guide_camera_fusion.1.lidar_guidance_layer.model.4.weight, pts_bbox_head.transformer.decoder.layers.5.attentions.1.camera_mixer.lidar_guide_camera_fusion.1.lidar_guidance_layer.model.4.bias, pts_bbox_head.transformer.decoder.layers.5.attentions.1.camera_mixer.lidar_guide_camera_fusion.1.lidar_modulation_layer.0.weight, pts_bbox_head.transformer.decoder.layers.5.attentions.1.camera_mixer.lidar_guide_camera_fusion.1.lidar_modulation_layer.0.bias, pts_bbox_head.transformer.decoder.layers.5.attentions.1.camera_mixer.lidar_guide_camera_fusion.1.x_proj_h2t.weight, pts_bbox_head.transformer.decoder.layers.5.attentions.1.camera_mixer.lidar_guide_camera_fusion.1.dt_proj_h2t.weight, pts_bbox_head.transformer.decoder.layers.5.attentions.1.camera_mixer.lidar_guide_camera_fusion.1.dt_proj_h2t.bias, pts_bbox_head.transformer.decoder.layers.5.attentions.1.camera_mixer.lidar_guide_camera_fusion.1.x_proj_t2h.weight, pts_bbox_head.transformer.decoder.layers.5.attentions.1.camera_mixer.lidar_guide_camera_fusion.1.dt_proj_t2h.weight, pts_bbox_head.transformer.decoder.layers.5.attentions.1.camera_mixer.lidar_guide_camera_fusion.1.dt_proj_t2h.bias, pts_bbox_head.transformer.decoder.layers.5.attentions.1.camera_mixer.lidar_guide_camera_fusion.1.out_proj.weight, pts_bbox_head.transformer.decoder.layers.5.attentions.1.camera_mixer.norm_fusion_fuse.0.weight, pts_bbox_head.transformer.decoder.layers.5.attentions.1.camera_mixer.norm_fusion_fuse.0.bias, pts_bbox_head.transformer.decoder.layers.5.attentions.1.camera_mixer.norm_fusion_fuse.1.weight, pts_bbox_head.transformer.decoder.layers.5.attentions.1.camera_mixer.norm_fusion_fuse.1.bias, pts_bbox_head.transformer.decoder.layers.5.attentions.1.camera_mixer.norm_fusion_camera.0.weight, pts_bbox_head.transformer.decoder.layers.5.attentions.1.camera_mixer.norm_fusion_camera.0.bias, pts_bbox_head.transformer.decoder.layers.5.attentions.1.camera_mixer.norm_fusion_camera.1.weight, pts_bbox_head.transformer.decoder.layers.5.attentions.1.camera_mixer.norm_fusion_camera.1.bias, pts_bbox_head.transformer.decoder.layers.5.attentions.1.camera_mixer.camera_ffn.0.ffn.0.weight, pts_bbox_head.transformer.decoder.layers.5.attentions.1.camera_mixer.camera_ffn.0.ffn.0.bias, pts_bbox_head.transformer.decoder.layers.5.attentions.1.camera_mixer.camera_ffn.0.ffn.3.weight, pts_bbox_head.transformer.decoder.layers.5.attentions.1.camera_mixer.camera_ffn.0.ffn.3.bias, pts_bbox_head.transformer.decoder.layers.5.attentions.1.camera_mixer.camera_ffn.1.ffn.0.weight, pts_bbox_head.transformer.decoder.layers.5.attentions.1.camera_mixer.camera_ffn.1.ffn.0.bias, pts_bbox_head.transformer.decoder.layers.5.attentions.1.camera_mixer.camera_ffn.1.ffn.3.weight, pts_bbox_head.transformer.decoder.layers.5.attentions.1.camera_mixer.camera_ffn.1.ffn.3.bias, pts_bbox_head.transformer.decoder.layers.5.attentions.1.camera_mixer.camera_ffn_norm.0.weight, pts_bbox_head.transformer.decoder.layers.5.attentions.1.camera_mixer.camera_ffn_norm.0.bias, pts_bbox_head.transformer.decoder.layers.5.attentions.1.camera_mixer.camera_ffn_norm.1.weight, pts_bbox_head.transformer.decoder.layers.5.attentions.1.camera_mixer.camera_ffn_norm.1.bias

2025-06-25 02:05:42,044 - mmdet - INFO - Start running, host: ubuntu@ubuntu, work_dir: /mnt/sdc/FUTR3D/work_dirs/lidar_0075v_cam_res_2x2_hednetmiddleencoder_hednetbackbone4_dss0511_dp03_hugeep2_num2_morton_conv_xy_rope_bs2/default
2025-06-25 02:05:42,044 - mmdet - INFO - Hooks will be executed in the following order:
before_run:
(VERY_HIGH   ) CosineAnnealingLrUpdaterHook       
(NORMAL      ) CheckpointHook                     
(LOW         ) DistEvalHook                       
(VERY_LOW    ) TextLoggerHook                     
(VERY_LOW    ) TensorboardLoggerHook              
 -------------------- 
before_train_epoch:
(VERY_HIGH   ) CosineAnnealingLrUpdaterHook       
(NORMAL      ) DistSamplerSeedHook                
(LOW         ) IterTimerHook                      
(LOW         ) DistEvalHook                       
(VERY_LOW    ) TextLoggerHook                     
(VERY_LOW    ) TensorboardLoggerHook              
 -------------------- 
before_train_iter:
(VERY_HIGH   ) CosineAnnealingLrUpdaterHook       
(LOW         ) IterTimerHook                      
(LOW         ) DistEvalHook                       
 -------------------- 
after_train_iter:
(ABOVE_NORMAL) OptimizerHook                      
(NORMAL      ) CheckpointHook                     
(LOW         ) IterTimerHook                      
(LOW         ) DistEvalHook                       
(VERY_LOW    ) TextLoggerHook                     
(VERY_LOW    ) TensorboardLoggerHook              
 -------------------- 
after_train_epoch:
(NORMAL      ) CheckpointHook                     
(LOW         ) DistEvalHook                       
(VERY_LOW    ) TextLoggerHook                     
(VERY_LOW    ) TensorboardLoggerHook              
 -------------------- 
before_val_epoch:
(NORMAL      ) DistSamplerSeedHook                
(LOW         ) IterTimerHook                      
(VERY_LOW    ) TextLoggerHook                     
(VERY_LOW    ) TensorboardLoggerHook              
 -------------------- 
before_val_iter:
(LOW         ) IterTimerHook                      
 -------------------- 
after_val_iter:
(LOW         ) IterTimerHook                      
 -------------------- 
after_val_epoch:
(VERY_LOW    ) TextLoggerHook                     
(VERY_LOW    ) TensorboardLoggerHook              
 -------------------- 
after_run:
(VERY_LOW    ) TextLoggerHook                     
(VERY_LOW    ) TensorboardLoggerHook              
 -------------------- 
2025-06-25 02:05:42,045 - mmdet - INFO - workflow: [('train', 1)], max: 6 epochs
2025-06-25 02:05:42,045 - mmdet - INFO - Checkpoints will be saved to /mnt/sdc/FUTR3D/work_dirs/lidar_0075v_cam_res_2x2_hednetmiddleencoder_hednetbackbone4_dss0511_dp03_hugeep2_num2_morton_conv_xy_rope_bs2/default by HardDiskBackend.
2025-06-25 02:07:16,545 - mmdet - INFO - Epoch [1][50/7033]	lr: 7.973e-05, eta: 22:02:28, time: 1.883, data_time: 0.146, memory: 18838, loss_cls: 1.0255, loss_bbox: 1.4497, d0.loss_cls: 1.1698, d0.loss_bbox: 1.5540, d1.loss_cls: 1.0193, d1.loss_bbox: 1.4474, d2.loss_cls: 0.9931, d2.loss_bbox: 1.4621, d3.loss_cls: 1.0289, d3.loss_bbox: 1.4645, d4.loss_cls: 1.0628, d4.loss_bbox: 1.4645, loss: 15.1417, grad_norm: 94.5467
2025-06-25 02:08:34,581 - mmdet - INFO - Epoch [1][100/7033]	lr: 9.307e-05, eta: 20:07:58, time: 1.561, data_time: 0.028, memory: 18978, loss_cls: 0.7482, loss_bbox: 1.1223, d0.loss_cls: 0.8671, d0.loss_bbox: 1.2900, d1.loss_cls: 0.7865, d1.loss_bbox: 1.1820, d2.loss_cls: 0.7666, d2.loss_bbox: 1.1690, d3.loss_cls: 0.7674, d3.loss_bbox: 1.1481, d4.loss_cls: 0.7432, d4.loss_bbox: 1.1312, loss: 11.7218, grad_norm: 14.1874
2025-06-25 02:09:52,692 - mmdet - INFO - Epoch [1][150/7033]	lr: 1.064e-04, eta: 19:29:17, time: 1.562, data_time: 0.025, memory: 18978, loss_cls: 0.6455, loss_bbox: 1.0838, d0.loss_cls: 0.7766, d0.loss_bbox: 1.2459, d1.loss_cls: 0.6893, d1.loss_bbox: 1.1286, d2.loss_cls: 0.6715, d2.loss_bbox: 1.1074, d3.loss_cls: 0.6676, d3.loss_bbox: 1.0927, d4.loss_cls: 0.6395, d4.loss_bbox: 1.0902, loss: 10.8387, grad_norm: 11.5992
2025-06-25 02:11:10,708 - mmdet - INFO - Epoch [1][200/7033]	lr: 1.197e-04, eta: 19:08:57, time: 1.560, data_time: 0.029, memory: 18978, loss_cls: 0.5780, loss_bbox: 1.0635, d0.loss_cls: 0.7219, d0.loss_bbox: 1.2370, d1.loss_cls: 0.6226, d1.loss_bbox: 1.1034, d2.loss_cls: 0.6081, d2.loss_bbox: 1.0806, d3.loss_cls: 0.6083, d3.loss_bbox: 1.0685, d4.loss_cls: 0.5674, d4.loss_bbox: 1.0665, loss: 10.3258, grad_norm: 10.4118
2025-06-25 02:12:30,719 - mmdet - INFO - Epoch [1][250/7033]	lr: 1.331e-04, eta: 19:01:49, time: 1.600, data_time: 0.029, memory: 18978, loss_cls: 0.5344, loss_bbox: 1.0228, d0.loss_cls: 0.6758, d0.loss_bbox: 1.1799, d1.loss_cls: 0.5787, d1.loss_bbox: 1.0523, d2.loss_cls: 0.5706, d2.loss_bbox: 1.0319, d3.loss_cls: 0.5691, d3.loss_bbox: 1.0177, d4.loss_cls: 0.5291, d4.loss_bbox: 1.0159, loss: 9.7782, grad_norm: 10.3114
2025-06-25 02:13:48,745 - mmdet - INFO - Epoch [1][300/7033]	lr: 1.464e-04, eta: 18:52:00, time: 1.561, data_time: 0.027, memory: 18978, loss_cls: 0.4874, loss_bbox: 0.9599, d0.loss_cls: 0.6474, d0.loss_bbox: 1.1550, d1.loss_cls: 0.5334, d1.loss_bbox: 1.0054, d2.loss_cls: 0.5265, d2.loss_bbox: 0.9771, d3.loss_cls: 0.5220, d3.loss_bbox: 0.9598, d4.loss_cls: 0.4836, d4.loss_bbox: 0.9684, loss: 9.2258, grad_norm: 10.4787
2025-06-25 02:15:06,813 - mmdet - INFO - Epoch [1][350/7033]	lr: 1.597e-04, eta: 18:44:42, time: 1.561, data_time: 0.026, memory: 18978, loss_cls: 0.4655, loss_bbox: 0.9668, d0.loss_cls: 0.6131, d0.loss_bbox: 1.1497, d1.loss_cls: 0.4994, d1.loss_bbox: 1.0209, d2.loss_cls: 0.4932, d2.loss_bbox: 0.9793, d3.loss_cls: 0.4896, d3.loss_bbox: 0.9616, d4.loss_cls: 0.4551, d4.loss_bbox: 0.9700, loss: 9.0643, grad_norm: 11.2206
2025-06-25 02:16:24,916 - mmdet - INFO - Epoch [1][400/7033]	lr: 1.731e-04, eta: 18:38:57, time: 1.562, data_time: 0.028, memory: 19020, loss_cls: 0.4536, loss_bbox: 0.8929, d0.loss_cls: 0.5840, d0.loss_bbox: 1.1259, d1.loss_cls: 0.4868, d1.loss_bbox: 0.9669, d2.loss_cls: 0.4754, d2.loss_bbox: 0.9232, d3.loss_cls: 0.4772, d3.loss_bbox: 0.8962, d4.loss_cls: 0.4464, d4.loss_bbox: 0.8993, loss: 8.6281, grad_norm: 11.3214
2025-06-25 02:17:45,395 - mmdet - INFO - Epoch [1][450/7033]	lr: 1.864e-04, eta: 18:37:52, time: 1.610, data_time: 0.030, memory: 19020, loss_cls: 0.4528, loss_bbox: 0.8714, d0.loss_cls: 0.5684, d0.loss_bbox: 1.1028, d1.loss_cls: 0.4728, d1.loss_bbox: 0.9547, d2.loss_cls: 0.4676, d2.loss_bbox: 0.9191, d3.loss_cls: 0.4627, d3.loss_bbox: 0.8972, d4.loss_cls: 0.4438, d4.loss_bbox: 0.8790, loss: 8.4923, grad_norm: 11.9910
2025-06-25 02:19:03,302 - mmdet - INFO - Epoch [1][500/7033]	lr: 1.997e-04, eta: 18:33:10, time: 1.558, data_time: 0.029, memory: 19020, loss_cls: 0.4193, loss_bbox: 0.8623, d0.loss_cls: 0.5603, d0.loss_bbox: 1.1065, d1.loss_cls: 0.4412, d1.loss_bbox: 0.9599, d2.loss_cls: 0.4293, d2.loss_bbox: 0.9256, d3.loss_cls: 0.4220, d3.loss_bbox: 0.9028, d4.loss_cls: 0.4069, d4.loss_bbox: 0.8777, loss: 8.3138, grad_norm: 12.7815
