2025-06-25 15:56:23,399 - mmdet - INFO - Environment info:
------------------------------------------------------------
sys.platform: linux
Python: 3.8.20 (default, Oct  3 2024, 15:24:27) [GCC 11.2.0]
CUDA available: True
GPU 0,1: NVIDIA GeForce RTX 4090 D
CUDA_HOME: /usr/local/cuda
NVCC: Cuda compilation tools, release 11.8, V11.8.89
GCC: gcc (Ubuntu 9.4.0-1ubuntu1~20.04.2) 9.4.0
PyTorch: 1.13.0+cu116
PyTorch compiling details: PyTorch built with:
  - GCC 9.3
  - C++ Version: 201402
  - Intel(R) Math Kernel Library Version 2020.0.0 Product Build 20191122 for Intel(R) 64 architecture applications
  - Intel(R) MKL-DNN v2.6.0 (Git Hash 52b5f107dd9cf10910aaa19cb47f3abf9b349815)
  - OpenMP 201511 (a.k.a. OpenMP 4.5)
  - LAPACK is enabled (usually provided by MKL)
  - NNPACK is enabled
  - CPU capability usage: AVX2
  - CUDA Runtime 11.6
  - NVCC architecture flags: -gencode;arch=compute_37,code=sm_37;-gencode;arch=compute_50,code=sm_50;-gencode;arch=compute_60,code=sm_60;-gencode;arch=compute_70,code=sm_70;-gencode;arch=compute_75,code=sm_75;-gencode;arch=compute_80,code=sm_80;-gencode;arch=compute_86,code=sm_86
  - CuDNN 8.3.2  (built against CUDA 11.5)
  - Magma 2.6.1
  - Build settings: BLAS_INFO=mkl, BUILD_TYPE=Release, CUDA_VERSION=11.6, CUDNN_VERSION=8.3.2, CXX_COMPILER=/opt/rh/devtoolset-9/root/usr/bin/c++, CXX_FLAGS= -fabi-version=11 -Wno-deprecated -fvisibility-inlines-hidden -DUSE_PTHREADPOOL -fopenmp -DNDEBUG -DUSE_KINETO -DUSE_FBGEMM -DUSE_QNNPACK -DUSE_PYTORCH_QNNPACK -DUSE_XNNPACK -DSYMBOLICATE_MOBILE_DEBUG_HANDLE -DEDGE_PROFILER_USE_KINETO -O2 -fPIC -Wno-narrowing -Wall -Wextra -Werror=return-type -Werror=non-virtual-dtor -Wno-missing-field-initializers -Wno-type-limits -Wno-array-bounds -Wno-unknown-pragmas -Wunused-local-typedefs -Wno-unused-parameter -Wno-unused-function -Wno-unused-result -Wno-strict-overflow -Wno-strict-aliasing -Wno-error=deprecated-declarations -Wno-stringop-overflow -Wno-psabi -Wno-error=pedantic -Wno-error=redundant-decls -Wno-error=old-style-cast -fdiagnostics-color=always -faligned-new -Wno-unused-but-set-variable -Wno-maybe-uninitialized -fno-math-errno -fno-trapping-math -Werror=format -Werror=cast-function-type -Wno-stringop-overflow, LAPACK_INFO=mkl, PERF_WITH_AVX=1, PERF_WITH_AVX2=1, PERF_WITH_AVX512=1, TORCH_VERSION=1.13.0, USE_CUDA=ON, USE_CUDNN=ON, USE_EXCEPTION_PTR=1, USE_GFLAGS=OFF, USE_GLOG=OFF, USE_MKL=ON, USE_MKLDNN=ON, USE_MPI=OFF, USE_NCCL=ON, USE_NNPACK=ON, USE_OPENMP=ON, USE_ROCM=OFF, 

TorchVision: 0.14.0+cu116
OpenCV: 4.11.0
MMCV: 1.7.0
MMCV Compiler: GCC 9.3
MMCV CUDA Compiler: 11.6
MMDetection: 2.27.0
MMSegmentation: 0.30.0
MMDetection3D: 1.0.0rc6+4e54191
spconv2.0: True
------------------------------------------------------------

2025-06-25 15:56:24,030 - mmdet - INFO - 分布式训练: True
2025-06-25 15:56:24,651 - mmdet - INFO - 配置:
point_cloud_range = [-54, -54, -5.0, 54, 54, 3.0]
class_names = [
    'car', 'truck', 'construction_vehicle', 'bus', 'trailer', 'barrier',
    'motorcycle', 'bicycle', 'pedestrian', 'traffic_cone'
]
dataset_type = 'NuScenesDataset'
data_root = 'data/nuscenes/'
input_modality = dict(
    use_lidar=True,
    use_camera=True,
    use_radar=False,
    use_map=False,
    use_external=False)
file_client_args = dict(backend='disk')
train_pipeline = [
    dict(type='LoadMultiViewImageFromFiles', to_float32=True),
    dict(
        type='LoadPointsFromFile',
        coord_type='LIDAR',
        load_dim=5,
        use_dim=5,
        file_client_args=dict(backend='disk')),
    dict(
        type='LoadPointsFromMultiSweeps',
        sweeps_num=9,
        use_dim=[0, 1, 2, 3, 4],
        file_client_args=dict(backend='disk'),
        pad_empty_sweeps=True,
        remove_close=True),
    dict(type='PhotoMetricDistortionMultiViewImage'),
    dict(type='LoadAnnotations3D', with_bbox_3d=True, with_label_3d=True),
    dict(
        type='PointsRangeFilter',
        point_cloud_range=[-54, -54, -5.0, 54, 54, 3.0]),
    dict(
        type='ObjectRangeFilter',
        point_cloud_range=[-54, -54, -5.0, 54, 54, 3.0]),
    dict(
        type='ObjectNameFilter',
        classes=[
            'car', 'truck', 'construction_vehicle', 'bus', 'trailer',
            'barrier', 'motorcycle', 'bicycle', 'pedestrian', 'traffic_cone'
        ]),
    dict(
        type='NormalizeMultiviewImage',
        mean=[103.53, 116.28, 123.675],
        std=[1.0, 1.0, 1.0],
        to_rgb=False),
    dict(type='PadMultiViewImage', size_divisor=32),
    dict(type='PointShuffle'),
    dict(
        type='DefaultFormatBundle3D',
        class_names=[
            'car', 'truck', 'construction_vehicle', 'bus', 'trailer',
            'barrier', 'motorcycle', 'bicycle', 'pedestrian', 'traffic_cone'
        ]),
    dict(
        type='Collect3D',
        keys=['points', 'img', 'gt_bboxes_3d', 'gt_labels_3d'])
]
test_pipeline = [
    dict(type='LoadMultiViewImageFromFiles', to_float32=True),
    dict(
        type='LoadPointsFromFile',
        coord_type='LIDAR',
        load_dim=5,
        use_dim=5,
        file_client_args=dict(backend='disk')),
    dict(
        type='LoadPointsFromMultiSweeps',
        sweeps_num=9,
        use_dim=[0, 1, 2, 3, 4],
        file_client_args=dict(backend='disk'),
        pad_empty_sweeps=True,
        remove_close=True),
    dict(
        type='NormalizeMultiviewImage',
        mean=[103.53, 116.28, 123.675],
        std=[1.0, 1.0, 1.0],
        to_rgb=False),
    dict(type='PadMultiViewImage', size_divisor=32),
    dict(
        type='MultiScaleFlipAug3D',
        img_scale=(1333, 800),
        pts_scale_ratio=1,
        flip=False,
        transforms=[
            dict(
                type='GlobalRotScaleTrans',
                rot_range=[0, 0],
                scale_ratio_range=[1.0, 1.0],
                translation_std=[0, 0, 0]),
            dict(type='RandomFlip3D'),
            dict(
                type='PointsRangeFilter',
                point_cloud_range=[-54, -54, -5.0, 54, 54, 3.0]),
            dict(
                type='DefaultFormatBundle3D',
                class_names=[
                    'car', 'truck', 'construction_vehicle', 'bus', 'trailer',
                    'barrier', 'motorcycle', 'bicycle', 'pedestrian',
                    'traffic_cone'
                ],
                with_label=False),
            dict(type='Collect3D', keys=['points', 'img'])
        ])
]
eval_pipeline = [
    dict(
        type='LoadPointsFromFile',
        coord_type='LIDAR',
        load_dim=5,
        use_dim=5,
        file_client_args=dict(backend='disk')),
    dict(
        type='LoadPointsFromMultiSweeps',
        sweeps_num=9,
        use_dim=[0, 1, 2, 3, 4],
        file_client_args=dict(backend='disk'),
        pad_empty_sweeps=True,
        remove_close=True),
    dict(
        type='DefaultFormatBundle3D',
        class_names=[
            'car', 'truck', 'construction_vehicle', 'bus', 'trailer',
            'barrier', 'motorcycle', 'bicycle', 'pedestrian', 'traffic_cone'
        ],
        with_label=False),
    dict(type='Collect3D', keys=['points'])
]
data = dict(
    samples_per_gpu=2,
    workers_per_gpu=4,
    train=dict(
        type='NuScenesDataset',
        data_root='data/nuscenes/',
        ann_file='data/nuscenes/nuscenes_infos_train.pkl',
        pipeline=[
            dict(type='LoadMultiViewImageFromFiles', to_float32=True),
            dict(
                type='LoadPointsFromFile',
                coord_type='LIDAR',
                load_dim=5,
                use_dim=5,
                file_client_args=dict(backend='disk')),
            dict(
                type='LoadPointsFromMultiSweeps',
                sweeps_num=9,
                use_dim=[0, 1, 2, 3, 4],
                file_client_args=dict(backend='disk'),
                pad_empty_sweeps=True,
                remove_close=True),
            dict(type='PhotoMetricDistortionMultiViewImage'),
            dict(
                type='LoadAnnotations3D',
                with_bbox_3d=True,
                with_label_3d=True),
            dict(
                type='PointsRangeFilter',
                point_cloud_range=[-54, -54, -5.0, 54, 54, 3.0]),
            dict(
                type='ObjectRangeFilter',
                point_cloud_range=[-54, -54, -5.0, 54, 54, 3.0]),
            dict(
                type='ObjectNameFilter',
                classes=[
                    'car', 'truck', 'construction_vehicle', 'bus', 'trailer',
                    'barrier', 'motorcycle', 'bicycle', 'pedestrian',
                    'traffic_cone'
                ]),
            dict(
                type='NormalizeMultiviewImage',
                mean=[103.53, 116.28, 123.675],
                std=[1.0, 1.0, 1.0],
                to_rgb=False),
            dict(type='PadMultiViewImage', size_divisor=32),
            dict(type='PointShuffle'),
            dict(
                type='DefaultFormatBundle3D',
                class_names=[
                    'car', 'truck', 'construction_vehicle', 'bus', 'trailer',
                    'barrier', 'motorcycle', 'bicycle', 'pedestrian',
                    'traffic_cone'
                ]),
            dict(
                type='Collect3D',
                keys=['points', 'img', 'gt_bboxes_3d', 'gt_labels_3d'])
        ],
        classes=[
            'car', 'truck', 'construction_vehicle', 'bus', 'trailer',
            'barrier', 'motorcycle', 'bicycle', 'pedestrian', 'traffic_cone'
        ],
        modality=dict(
            use_lidar=True,
            use_camera=True,
            use_radar=False,
            use_map=False,
            use_external=False),
        test_mode=False,
        box_type_3d='LiDAR',
        use_valid_flag=True),
    val=dict(
        type='NuScenesDataset',
        data_root='data/nuscenes/',
        ann_file='data/nuscenes/nuscenes_infos_val.pkl',
        pipeline=[
            dict(type='LoadMultiViewImageFromFiles', to_float32=True),
            dict(
                type='LoadPointsFromFile',
                coord_type='LIDAR',
                load_dim=5,
                use_dim=5,
                file_client_args=dict(backend='disk')),
            dict(
                type='LoadPointsFromMultiSweeps',
                sweeps_num=9,
                use_dim=[0, 1, 2, 3, 4],
                file_client_args=dict(backend='disk'),
                pad_empty_sweeps=True,
                remove_close=True),
            dict(
                type='NormalizeMultiviewImage',
                mean=[103.53, 116.28, 123.675],
                std=[1.0, 1.0, 1.0],
                to_rgb=False),
            dict(type='PadMultiViewImage', size_divisor=32),
            dict(
                type='MultiScaleFlipAug3D',
                img_scale=(1333, 800),
                pts_scale_ratio=1,
                flip=False,
                transforms=[
                    dict(
                        type='GlobalRotScaleTrans',
                        rot_range=[0, 0],
                        scale_ratio_range=[1.0, 1.0],
                        translation_std=[0, 0, 0]),
                    dict(type='RandomFlip3D'),
                    dict(
                        type='PointsRangeFilter',
                        point_cloud_range=[-54, -54, -5.0, 54, 54, 3.0]),
                    dict(
                        type='DefaultFormatBundle3D',
                        class_names=[
                            'car', 'truck', 'construction_vehicle', 'bus',
                            'trailer', 'barrier', 'motorcycle', 'bicycle',
                            'pedestrian', 'traffic_cone'
                        ],
                        with_label=False),
                    dict(type='Collect3D', keys=['points', 'img'])
                ])
        ],
        classes=[
            'car', 'truck', 'construction_vehicle', 'bus', 'trailer',
            'barrier', 'motorcycle', 'bicycle', 'pedestrian', 'traffic_cone'
        ],
        modality=dict(
            use_lidar=True,
            use_camera=True,
            use_radar=False,
            use_map=False,
            use_external=False),
        test_mode=True,
        box_type_3d='LiDAR'),
    test=dict(
        type='NuScenesDataset',
        data_root='data/nuscenes/',
        ann_file='data/nuscenes/nuscenes_infos_val.pkl',
        pipeline=[
            dict(type='LoadMultiViewImageFromFiles', to_float32=True),
            dict(
                type='LoadPointsFromFile',
                coord_type='LIDAR',
                load_dim=5,
                use_dim=5,
                file_client_args=dict(backend='disk')),
            dict(
                type='LoadPointsFromMultiSweeps',
                sweeps_num=9,
                use_dim=[0, 1, 2, 3, 4],
                file_client_args=dict(backend='disk'),
                pad_empty_sweeps=True,
                remove_close=True),
            dict(
                type='NormalizeMultiviewImage',
                mean=[103.53, 116.28, 123.675],
                std=[1.0, 1.0, 1.0],
                to_rgb=False),
            dict(type='PadMultiViewImage', size_divisor=32),
            dict(
                type='MultiScaleFlipAug3D',
                img_scale=(1333, 800),
                pts_scale_ratio=1,
                flip=False,
                transforms=[
                    dict(
                        type='GlobalRotScaleTrans',
                        rot_range=[0, 0],
                        scale_ratio_range=[1.0, 1.0],
                        translation_std=[0, 0, 0]),
                    dict(type='RandomFlip3D'),
                    dict(
                        type='PointsRangeFilter',
                        point_cloud_range=[-54, -54, -5.0, 54, 54, 3.0]),
                    dict(
                        type='DefaultFormatBundle3D',
                        class_names=[
                            'car', 'truck', 'construction_vehicle', 'bus',
                            'trailer', 'barrier', 'motorcycle', 'bicycle',
                            'pedestrian', 'traffic_cone'
                        ],
                        with_label=False),
                    dict(type='Collect3D', keys=['points', 'img'])
                ])
        ],
        classes=[
            'car', 'truck', 'construction_vehicle', 'bus', 'trailer',
            'barrier', 'motorcycle', 'bicycle', 'pedestrian', 'traffic_cone'
        ],
        modality=dict(
            use_lidar=True,
            use_camera=True,
            use_radar=False,
            use_map=False,
            use_external=False),
        test_mode=True,
        box_type_3d='LiDAR'))
evaluation = dict(
    interval=1,
    pipeline=[
        dict(
            type='LoadPointsFromFile',
            coord_type='LIDAR',
            load_dim=5,
            use_dim=5,
            file_client_args=dict(backend='disk')),
        dict(
            type='LoadPointsFromMultiSweeps',
            sweeps_num=10,
            file_client_args=dict(backend='disk')),
        dict(
            type='DefaultFormatBundle3D',
            class_names=[
                'car', 'truck', 'trailer', 'bus', 'construction_vehicle',
                'bicycle', 'motorcycle', 'pedestrian', 'traffic_cone',
                'barrier'
            ],
            with_label=False),
        dict(type='Collect3D', keys=['points'])
    ])
checkpoint_config = dict(interval=1, max_keep_ckpts=1)
log_config = dict(
    interval=50,
    hooks=[dict(type='TextLoggerHook'),
           dict(type='TensorboardLoggerHook')])
dist_params = dict(backend='nccl')
log_level = 'INFO'
work_dir = './work_dirs/lidar_0075v_cam_res101/去掉sync以及sample1重排复现fusion结果'
load_from = 'pretrained/lidar_0075_cam_res101_900q_fused.pth'
resume_from = None
workflow = [('train', 1)]
opencv_num_threads = 0
mp_start_method = 'fork'
plugin = 'plugin/futr3d'
voxel_size = [0.075, 0.075, 0.2]
img_norm_cfg = dict(
    mean=[103.53, 116.28, 123.675], std=[1.0, 1.0, 1.0], to_rgb=False)
center_head = dict(
    type='CenterHead',
    in_channels=512,
    tasks=[
        dict(num_class=1, class_names=['car']),
        dict(num_class=2, class_names=['truck', 'construction_vehicle']),
        dict(num_class=2, class_names=['bus', 'trailer']),
        dict(num_class=1, class_names=['barrier']),
        dict(num_class=2, class_names=['motorcycle', 'bicycle']),
        dict(num_class=2, class_names=['pedestrian', 'traffic_cone'])
    ],
    common_heads=dict(
        reg=(2, 2), height=(1, 2), dim=(3, 2), rot=(2, 2), vel=(2, 2)),
    share_conv_channel=64,
    bbox_coder=dict(
        type='CenterPointBBoxCoder',
        pc_range=[-54, -54],
        post_center_range=[-61.2, -61.2, -10.0, 61.2, 61.2, 10.0],
        max_num=500,
        score_threshold=0.1,
        out_size_factor=8,
        voxel_size=[0.075, 0.075],
        code_size=9),
    separate_head=dict(type='SeparateHead', init_bias=-2.19, final_kernel=3),
    loss_cls=dict(type='GaussianFocalLoss', reduction='mean'),
    loss_bbox=dict(type='L1Loss', reduction='mean', loss_weight=0.25),
    norm_bbox=True)
model = dict(
    type='FUTR3D',
    use_lidar=True,
    use_camera=True,
    use_radar=False,
    use_grid_mask=True,
    freeze_backbone=True,
    img_backbone=dict(
        type='ResNet',
        depth=101,
        num_stages=4,
        out_indices=(0, 1, 2, 3),
        frozen_stages=1,
        norm_cfg=dict(type='BN2d', requires_grad=False),
        norm_eval=True,
        style='caffe',
        dcn=dict(type='DCNv2', deform_groups=1, fallback_on_stride=False),
        stage_with_dcn=(False, False, True, True)),
    img_neck=dict(
        type='FPN',
        in_channels=[256, 512, 1024, 2048],
        out_channels=256,
        start_level=1,
        add_extra_convs='on_output',
        num_outs=4,
        relu_before_extra_convs=True),
    pts_voxel_layer=dict(
        max_num_points=10,
        voxel_size=[0.075, 0.075, 0.2],
        max_voxels=(120000, 160000),
        point_cloud_range=[-54, -54, -5.0, 54, 54, 3.0]),
    pts_voxel_encoder=dict(type='HardSimpleVFE', num_features=5),
    pts_middle_encoder=dict(
        type='SparseEncoder',
        in_channels=5,
        sparse_shape=[41, 1440, 1440],
        output_channels=128,
        order=('conv', 'norm', 'act'),
        encoder_channels=((16, 16, 32), (32, 32, 64), (64, 64, 128), (128,
                                                                      128)),
        encoder_paddings=((0, 0, 1), (0, 0, 1), (0, 0, [0, 1, 1]), (0, 0)),
        block_type='basicblock'),
    pts_backbone=dict(
        type='SECOND',
        in_channels=256,
        out_channels=[128, 256],
        layer_nums=[5, 5],
        layer_strides=[1, 2],
        norm_cfg=dict(type='BN', eps=0.001, momentum=0.01),
        conv_cfg=dict(type='Conv2d', bias=False)),
    pts_neck=dict(
        type='FPN',
        norm_cfg=dict(type='BN2d', eps=0.001, momentum=0.01),
        act_cfg=dict(type='ReLU', inplace=False),
        in_channels=[128, 256],
        out_channels=256,
        start_level=0,
        add_extra_convs=True,
        num_outs=4,
        relu_before_extra_convs=True),
    pts_bbox_head=dict(
        type='FUTR3DHead',
        use_dab=True,
        anchor_size=3,
        num_query=900,
        num_classes=10,
        in_channels=256,
        pc_range=[-54, -54, -5.0, 54, 54, 3.0],
        sync_cls_avg_factor=True,
        with_box_refine=True,
        as_two_stage=False,
        code_weights=[1.0, 1.0, 1.0, 1.0, 1.0, 1.0, 1.0, 1.0, 0.2, 0.2],
        transformer=dict(
            type='FUTR3DTransformer',
            use_dab=True,
            decoder=dict(
                type='FUTR3DTransformerDecoder',
                num_layers=6,
                use_dab=True,
                anchor_size=3,
                return_intermediate=True,
                transformerlayers=dict(
                    type='DetrTransformerDecoderLayer',
                    attn_cfgs=[
                        dict(
                            type='MultiheadAttention',
                            embed_dims=256,
                            num_heads=8,
                            dropout=0.1),
                        dict(
                            type='FUTR3DAttention',
                            use_lidar=True,
                            use_camera=True,
                            use_radar=False,
                            pc_range=[-54, -54, -5.0, 54, 54, 3.0],
                            embed_dims=256)
                    ],
                    feedforward_channels=1024,
                    ffn_dropout=0.1,
                    operation_order=('self_attn', 'norm', 'cross_attn', 'norm',
                                     'ffn', 'norm')))),
        positional_encoding=dict(
            type='SinePositionalEncoding',
            num_feats=128,
            normalize=True,
            offset=-0.5),
        loss_cls=dict(
            type='FocalLoss',
            use_sigmoid=True,
            gamma=2.0,
            alpha=0.25,
            loss_weight=2.0),
        loss_bbox=dict(type='L1Loss', loss_weight=0.25),
        loss_iou=dict(type='GIoULoss', loss_weight=0)),
    train_cfg=dict(
        pts=dict(
            point_cloud_range=[-54, -54, -5.0, 54, 54, 3.0],
            pc_range=[-54, -54, -5.0, 54, 54, 3.0],
            grid_size=[1440, 1440, 40],
            voxel_size=[0.075, 0.075, 0.2],
            out_size_factor=8,
            dense_reg=1,
            gaussian_overlap=0.1,
            max_objs=500,
            min_radius=2,
            code_weights=[1.0, 1.0, 1.0, 1.0, 1.0, 1.0, 1.0, 1.0, 0.2, 0.2],
            assigner=dict(
                type='HungarianAssigner3D',
                cls_cost=dict(type='FocalLossCost', weight=2.0),
                reg_cost=dict(type='BBox3DL1Cost', weight=0.25),
                iou_cost=dict(type='IoUCost', weight=0)))),
    test_cfg=dict(
        pts=dict(
            pc_range=[-54, -54],
            post_center_limit_range=[-61.2, -61.2, -10.0, 61.2, 61.2, 10.0],
            max_per_img=500,
            max_pool_nms=False,
            min_radius=[4, 12, 10, 1, 0.85, 0.175],
            out_size_factor=8,
            voxel_size=[0.075, 0.075],
            nms_type='circle',
            pre_max_size=1000,
            post_max_size=83,
            nms_thr=0.2,
            max_num=300,
            score_threshold=0,
            post_center_range=[-61.2, -61.2, -10.0, 61.2, 61.2, 10.0])))
db_sampler = dict(
    data_root='data/nuscenes/',
    info_path='data/nuscenes/nuscenes_dbinfos_train.pkl',
    rate=1.0,
    prepare=dict(
        filter_by_difficulty=[-1],
        filter_by_min_points=dict(
            car=5,
            truck=5,
            bus=5,
            trailer=5,
            construction_vehicle=5,
            traffic_cone=5,
            barrier=5,
            motorcycle=5,
            bicycle=5,
            pedestrian=5)),
    classes=[
        'car', 'truck', 'construction_vehicle', 'bus', 'trailer', 'barrier',
        'motorcycle', 'bicycle', 'pedestrian', 'traffic_cone'
    ],
    sample_groups=dict(
        car=2,
        truck=3,
        construction_vehicle=7,
        bus=4,
        trailer=6,
        barrier=2,
        motorcycle=6,
        bicycle=6,
        pedestrian=2,
        traffic_cone=2),
    points_loader=dict(
        type='LoadPointsFromFile',
        coord_type='LIDAR',
        load_dim=5,
        use_dim=[0, 1, 2, 3, 4],
        file_client_args=dict(backend='disk')))
find_unused_parameters = True
runner = dict(type='EpochBasedRunner', max_epochs=6)
optimizer = dict(
    type='AdamW',
    lr=0.0001,
    paramwise_cfg=dict(
        custom_keys=dict(
            img_backbone=dict(lr_mult=0.1),
            img_neck=dict(lr_mult=0.1),
            pts_middle_encoder=dict(lr_mult=0.1),
            pts_backbone=dict(lr_mult=0.1),
            pts_neck=dict(lr_mult=0.1))),
    weight_decay=0.01)
optimizer_config = dict(grad_clip=dict(max_norm=35, norm_type=2))
lr_config = dict(
    policy='CosineAnnealing',
    warmup='linear',
    warmup_iters=500,
    warmup_ratio=0.3333333333333333,
    min_lr_ratio=0.001)
gpu_ids = range(0, 2)

2025-06-25 15:56:24,652 - mmdet - INFO - 设置随机种子为 0, deterministic: False
2025-06-25 15:56:25,025 - mmdet - INFO - initialize SECOND with init_cfg {'type': 'Kaiming', 'layer': 'Conv2d'}
2025-06-25 15:56:25,037 - mmdet - INFO - initialize FPN with init_cfg {'type': 'Xavier', 'layer': 'Conv2d', 'distribution': 'uniform'}
2025-06-25 15:56:25,068 - mmdet - INFO - initialize ResNet with init_cfg [{'type': 'Kaiming', 'layer': 'Conv2d'}, {'type': 'Constant', 'val': 1, 'layer': ['_BatchNorm', 'GroupNorm']}]
2025-06-25 15:56:25,141 - mmdet - INFO - initialize Bottleneck with init_cfg {'type': 'Constant', 'val': 0, 'override': {'name': 'norm3'}}
2025-06-25 15:56:25,142 - mmdet - INFO - initialize Bottleneck with init_cfg {'type': 'Constant', 'val': 0, 'override': {'name': 'norm3'}}
2025-06-25 15:56:25,142 - mmdet - INFO - initialize Bottleneck with init_cfg {'type': 'Constant', 'val': 0, 'override': {'name': 'norm3'}}
2025-06-25 15:56:25,142 - mmdet - INFO - initialize Bottleneck with init_cfg {'type': 'Constant', 'val': 0, 'override': {'name': 'norm3'}}
2025-06-25 15:56:25,142 - mmdet - INFO - initialize Bottleneck with init_cfg {'type': 'Constant', 'val': 0, 'override': {'name': 'norm3'}}
2025-06-25 15:56:25,143 - mmdet - INFO - initialize Bottleneck with init_cfg {'type': 'Constant', 'val': 0, 'override': {'name': 'norm3'}}
2025-06-25 15:56:25,143 - mmdet - INFO - initialize Bottleneck with init_cfg {'type': 'Constant', 'val': 0, 'override': {'name': 'norm3'}}
2025-06-25 15:56:25,143 - mmdet - INFO - initialize Bottleneck with init_cfg {'type': 'Constant', 'val': 0, 'override': {'name': 'norm3'}}
2025-06-25 15:56:25,145 - mmdet - INFO - initialize Bottleneck with init_cfg {'type': 'Constant', 'val': 0, 'override': {'name': 'norm3'}}
2025-06-25 15:56:25,147 - mmdet - INFO - initialize Bottleneck with init_cfg {'type': 'Constant', 'val': 0, 'override': {'name': 'norm3'}}
2025-06-25 15:56:25,149 - mmdet - INFO - initialize Bottleneck with init_cfg {'type': 'Constant', 'val': 0, 'override': {'name': 'norm3'}}
2025-06-25 15:56:25,152 - mmdet - INFO - initialize Bottleneck with init_cfg {'type': 'Constant', 'val': 0, 'override': {'name': 'norm3'}}
2025-06-25 15:56:25,154 - mmdet - INFO - initialize Bottleneck with init_cfg {'type': 'Constant', 'val': 0, 'override': {'name': 'norm3'}}
2025-06-25 15:56:25,156 - mmdet - INFO - initialize Bottleneck with init_cfg {'type': 'Constant', 'val': 0, 'override': {'name': 'norm3'}}
2025-06-25 15:56:25,158 - mmdet - INFO - initialize Bottleneck with init_cfg {'type': 'Constant', 'val': 0, 'override': {'name': 'norm3'}}
2025-06-25 15:56:25,160 - mmdet - INFO - initialize Bottleneck with init_cfg {'type': 'Constant', 'val': 0, 'override': {'name': 'norm3'}}
2025-06-25 15:56:25,162 - mmdet - INFO - initialize Bottleneck with init_cfg {'type': 'Constant', 'val': 0, 'override': {'name': 'norm3'}}
2025-06-25 15:56:25,164 - mmdet - INFO - initialize Bottleneck with init_cfg {'type': 'Constant', 'val': 0, 'override': {'name': 'norm3'}}
2025-06-25 15:56:25,166 - mmdet - INFO - initialize Bottleneck with init_cfg {'type': 'Constant', 'val': 0, 'override': {'name': 'norm3'}}
2025-06-25 15:56:25,168 - mmdet - INFO - initialize Bottleneck with init_cfg {'type': 'Constant', 'val': 0, 'override': {'name': 'norm3'}}
2025-06-25 15:56:25,170 - mmdet - INFO - initialize Bottleneck with init_cfg {'type': 'Constant', 'val': 0, 'override': {'name': 'norm3'}}
2025-06-25 15:56:25,172 - mmdet - INFO - initialize Bottleneck with init_cfg {'type': 'Constant', 'val': 0, 'override': {'name': 'norm3'}}
2025-06-25 15:56:25,174 - mmdet - INFO - initialize Bottleneck with init_cfg {'type': 'Constant', 'val': 0, 'override': {'name': 'norm3'}}
2025-06-25 15:56:25,176 - mmdet - INFO - initialize Bottleneck with init_cfg {'type': 'Constant', 'val': 0, 'override': {'name': 'norm3'}}
2025-06-25 15:56:25,178 - mmdet - INFO - initialize Bottleneck with init_cfg {'type': 'Constant', 'val': 0, 'override': {'name': 'norm3'}}
2025-06-25 15:56:25,180 - mmdet - INFO - initialize Bottleneck with init_cfg {'type': 'Constant', 'val': 0, 'override': {'name': 'norm3'}}
2025-06-25 15:56:25,182 - mmdet - INFO - initialize Bottleneck with init_cfg {'type': 'Constant', 'val': 0, 'override': {'name': 'norm3'}}
2025-06-25 15:56:25,184 - mmdet - INFO - initialize Bottleneck with init_cfg {'type': 'Constant', 'val': 0, 'override': {'name': 'norm3'}}
2025-06-25 15:56:25,186 - mmdet - INFO - initialize Bottleneck with init_cfg {'type': 'Constant', 'val': 0, 'override': {'name': 'norm3'}}
2025-06-25 15:56:25,188 - mmdet - INFO - initialize Bottleneck with init_cfg {'type': 'Constant', 'val': 0, 'override': {'name': 'norm3'}}
2025-06-25 15:56:25,195 - mmdet - INFO - initialize Bottleneck with init_cfg {'type': 'Constant', 'val': 0, 'override': {'name': 'norm3'}}
2025-06-25 15:56:25,203 - mmdet - INFO - initialize Bottleneck with init_cfg {'type': 'Constant', 'val': 0, 'override': {'name': 'norm3'}}
2025-06-25 15:56:25,211 - mmdet - INFO - initialize Bottleneck with init_cfg {'type': 'Constant', 'val': 0, 'override': {'name': 'norm3'}}
2025-06-25 15:56:25,229 - mmdet - INFO - initialize FPN with init_cfg {'type': 'Xavier', 'layer': 'Conv2d', 'distribution': 'uniform'}
Name of parameter - Initialization information

pts_middle_encoder.conv_input.0.weight - torch.Size([16, 3, 3, 3, 5]): 
The value is the same before and after calling `init_weights` of FUTR3D  

pts_middle_encoder.conv_input.1.weight - torch.Size([16]): 
The value is the same before and after calling `init_weights` of FUTR3D  

pts_middle_encoder.conv_input.1.bias - torch.Size([16]): 
The value is the same before and after calling `init_weights` of FUTR3D  

pts_middle_encoder.encoder_layers.encoder_layer1.0.conv1.weight - torch.Size([16, 3, 3, 3, 16]): 
The value is the same before and after calling `init_weights` of FUTR3D  

pts_middle_encoder.encoder_layers.encoder_layer1.0.bn1.weight - torch.Size([16]): 
The value is the same before and after calling `init_weights` of FUTR3D  

pts_middle_encoder.encoder_layers.encoder_layer1.0.bn1.bias - torch.Size([16]): 
The value is the same before and after calling `init_weights` of FUTR3D  

pts_middle_encoder.encoder_layers.encoder_layer1.0.conv2.weight - torch.Size([16, 3, 3, 3, 16]): 
The value is the same before and after calling `init_weights` of FUTR3D  

pts_middle_encoder.encoder_layers.encoder_layer1.0.bn2.weight - torch.Size([16]): 
The value is the same before and after calling `init_weights` of FUTR3D  

pts_middle_encoder.encoder_layers.encoder_layer1.0.bn2.bias - torch.Size([16]): 
The value is the same before and after calling `init_weights` of FUTR3D  

pts_middle_encoder.encoder_layers.encoder_layer1.1.conv1.weight - torch.Size([16, 3, 3, 3, 16]): 
The value is the same before and after calling `init_weights` of FUTR3D  

pts_middle_encoder.encoder_layers.encoder_layer1.1.bn1.weight - torch.Size([16]): 
The value is the same before and after calling `init_weights` of FUTR3D  

pts_middle_encoder.encoder_layers.encoder_layer1.1.bn1.bias - torch.Size([16]): 
The value is the same before and after calling `init_weights` of FUTR3D  

pts_middle_encoder.encoder_layers.encoder_layer1.1.conv2.weight - torch.Size([16, 3, 3, 3, 16]): 
The value is the same before and after calling `init_weights` of FUTR3D  

pts_middle_encoder.encoder_layers.encoder_layer1.1.bn2.weight - torch.Size([16]): 
The value is the same before and after calling `init_weights` of FUTR3D  

pts_middle_encoder.encoder_layers.encoder_layer1.1.bn2.bias - torch.Size([16]): 
The value is the same before and after calling `init_weights` of FUTR3D  

pts_middle_encoder.encoder_layers.encoder_layer1.2.0.weight - torch.Size([32, 3, 3, 3, 16]): 
The value is the same before and after calling `init_weights` of FUTR3D  

pts_middle_encoder.encoder_layers.encoder_layer1.2.1.weight - torch.Size([32]): 
The value is the same before and after calling `init_weights` of FUTR3D  

pts_middle_encoder.encoder_layers.encoder_layer1.2.1.bias - torch.Size([32]): 
The value is the same before and after calling `init_weights` of FUTR3D  

pts_middle_encoder.encoder_layers.encoder_layer2.0.conv1.weight - torch.Size([32, 3, 3, 3, 32]): 
The value is the same before and after calling `init_weights` of FUTR3D  

pts_middle_encoder.encoder_layers.encoder_layer2.0.bn1.weight - torch.Size([32]): 
The value is the same before and after calling `init_weights` of FUTR3D  

pts_middle_encoder.encoder_layers.encoder_layer2.0.bn1.bias - torch.Size([32]): 
The value is the same before and after calling `init_weights` of FUTR3D  

pts_middle_encoder.encoder_layers.encoder_layer2.0.conv2.weight - torch.Size([32, 3, 3, 3, 32]): 
The value is the same before and after calling `init_weights` of FUTR3D  

pts_middle_encoder.encoder_layers.encoder_layer2.0.bn2.weight - torch.Size([32]): 
The value is the same before and after calling `init_weights` of FUTR3D  

pts_middle_encoder.encoder_layers.encoder_layer2.0.bn2.bias - torch.Size([32]): 
The value is the same before and after calling `init_weights` of FUTR3D  

pts_middle_encoder.encoder_layers.encoder_layer2.1.conv1.weight - torch.Size([32, 3, 3, 3, 32]): 
The value is the same before and after calling `init_weights` of FUTR3D  

pts_middle_encoder.encoder_layers.encoder_layer2.1.bn1.weight - torch.Size([32]): 
The value is the same before and after calling `init_weights` of FUTR3D  

pts_middle_encoder.encoder_layers.encoder_layer2.1.bn1.bias - torch.Size([32]): 
The value is the same before and after calling `init_weights` of FUTR3D  

pts_middle_encoder.encoder_layers.encoder_layer2.1.conv2.weight - torch.Size([32, 3, 3, 3, 32]): 
The value is the same before and after calling `init_weights` of FUTR3D  

pts_middle_encoder.encoder_layers.encoder_layer2.1.bn2.weight - torch.Size([32]): 
The value is the same before and after calling `init_weights` of FUTR3D  

pts_middle_encoder.encoder_layers.encoder_layer2.1.bn2.bias - torch.Size([32]): 
The value is the same before and after calling `init_weights` of FUTR3D  

pts_middle_encoder.encoder_layers.encoder_layer2.2.0.weight - torch.Size([64, 3, 3, 3, 32]): 
The value is the same before and after calling `init_weights` of FUTR3D  

pts_middle_encoder.encoder_layers.encoder_layer2.2.1.weight - torch.Size([64]): 
The value is the same before and after calling `init_weights` of FUTR3D  

pts_middle_encoder.encoder_layers.encoder_layer2.2.1.bias - torch.Size([64]): 
The value is the same before and after calling `init_weights` of FUTR3D  

pts_middle_encoder.encoder_layers.encoder_layer3.0.conv1.weight - torch.Size([64, 3, 3, 3, 64]): 
The value is the same before and after calling `init_weights` of FUTR3D  

pts_middle_encoder.encoder_layers.encoder_layer3.0.bn1.weight - torch.Size([64]): 
The value is the same before and after calling `init_weights` of FUTR3D  

pts_middle_encoder.encoder_layers.encoder_layer3.0.bn1.bias - torch.Size([64]): 
The value is the same before and after calling `init_weights` of FUTR3D  

pts_middle_encoder.encoder_layers.encoder_layer3.0.conv2.weight - torch.Size([64, 3, 3, 3, 64]): 
The value is the same before and after calling `init_weights` of FUTR3D  

pts_middle_encoder.encoder_layers.encoder_layer3.0.bn2.weight - torch.Size([64]): 
The value is the same before and after calling `init_weights` of FUTR3D  

pts_middle_encoder.encoder_layers.encoder_layer3.0.bn2.bias - torch.Size([64]): 
The value is the same before and after calling `init_weights` of FUTR3D  

pts_middle_encoder.encoder_layers.encoder_layer3.1.conv1.weight - torch.Size([64, 3, 3, 3, 64]): 
The value is the same before and after calling `init_weights` of FUTR3D  

pts_middle_encoder.encoder_layers.encoder_layer3.1.bn1.weight - torch.Size([64]): 
The value is the same before and after calling `init_weights` of FUTR3D  

pts_middle_encoder.encoder_layers.encoder_layer3.1.bn1.bias - torch.Size([64]): 
The value is the same before and after calling `init_weights` of FUTR3D  

pts_middle_encoder.encoder_layers.encoder_layer3.1.conv2.weight - torch.Size([64, 3, 3, 3, 64]): 
The value is the same before and after calling `init_weights` of FUTR3D  

pts_middle_encoder.encoder_layers.encoder_layer3.1.bn2.weight - torch.Size([64]): 
The value is the same before and after calling `init_weights` of FUTR3D  

pts_middle_encoder.encoder_layers.encoder_layer3.1.bn2.bias - torch.Size([64]): 
The value is the same before and after calling `init_weights` of FUTR3D  

pts_middle_encoder.encoder_layers.encoder_layer3.2.0.weight - torch.Size([128, 3, 3, 3, 64]): 
The value is the same before and after calling `init_weights` of FUTR3D  

pts_middle_encoder.encoder_layers.encoder_layer3.2.1.weight - torch.Size([128]): 
The value is the same before and after calling `init_weights` of FUTR3D  

pts_middle_encoder.encoder_layers.encoder_layer3.2.1.bias - torch.Size([128]): 
The value is the same before and after calling `init_weights` of FUTR3D  

pts_middle_encoder.encoder_layers.encoder_layer4.0.conv1.weight - torch.Size([128, 3, 3, 3, 128]): 
The value is the same before and after calling `init_weights` of FUTR3D  

pts_middle_encoder.encoder_layers.encoder_layer4.0.bn1.weight - torch.Size([128]): 
The value is the same before and after calling `init_weights` of FUTR3D  

pts_middle_encoder.encoder_layers.encoder_layer4.0.bn1.bias - torch.Size([128]): 
The value is the same before and after calling `init_weights` of FUTR3D  

pts_middle_encoder.encoder_layers.encoder_layer4.0.conv2.weight - torch.Size([128, 3, 3, 3, 128]): 
The value is the same before and after calling `init_weights` of FUTR3D  

pts_middle_encoder.encoder_layers.encoder_layer4.0.bn2.weight - torch.Size([128]): 
The value is the same before and after calling `init_weights` of FUTR3D  

pts_middle_encoder.encoder_layers.encoder_layer4.0.bn2.bias - torch.Size([128]): 
The value is the same before and after calling `init_weights` of FUTR3D  

pts_middle_encoder.encoder_layers.encoder_layer4.1.conv1.weight - torch.Size([128, 3, 3, 3, 128]): 
The value is the same before and after calling `init_weights` of FUTR3D  

pts_middle_encoder.encoder_layers.encoder_layer4.1.bn1.weight - torch.Size([128]): 
The value is the same before and after calling `init_weights` of FUTR3D  

pts_middle_encoder.encoder_layers.encoder_layer4.1.bn1.bias - torch.Size([128]): 
The value is the same before and after calling `init_weights` of FUTR3D  

pts_middle_encoder.encoder_layers.encoder_layer4.1.conv2.weight - torch.Size([128, 3, 3, 3, 128]): 
The value is the same before and after calling `init_weights` of FUTR3D  

pts_middle_encoder.encoder_layers.encoder_layer4.1.bn2.weight - torch.Size([128]): 
The value is the same before and after calling `init_weights` of FUTR3D  

pts_middle_encoder.encoder_layers.encoder_layer4.1.bn2.bias - torch.Size([128]): 
The value is the same before and after calling `init_weights` of FUTR3D  

pts_middle_encoder.conv_out.0.weight - torch.Size([128, 3, 1, 1, 128]): 
The value is the same before and after calling `init_weights` of FUTR3D  

pts_middle_encoder.conv_out.1.weight - torch.Size([128]): 
The value is the same before and after calling `init_weights` of FUTR3D  

pts_middle_encoder.conv_out.1.bias - torch.Size([128]): 
The value is the same before and after calling `init_weights` of FUTR3D  

pts_backbone.blocks.0.0.weight - torch.Size([128, 256, 3, 3]): 
KaimingInit: a=0, mode=fan_out, nonlinearity=relu, distribution =normal, bias=0 

pts_backbone.blocks.0.1.weight - torch.Size([128]): 
The value is the same before and after calling `init_weights` of FUTR3D  

pts_backbone.blocks.0.1.bias - torch.Size([128]): 
The value is the same before and after calling `init_weights` of FUTR3D  

pts_backbone.blocks.0.3.weight - torch.Size([128, 128, 3, 3]): 
KaimingInit: a=0, mode=fan_out, nonlinearity=relu, distribution =normal, bias=0 

pts_backbone.blocks.0.4.weight - torch.Size([128]): 
The value is the same before and after calling `init_weights` of FUTR3D  

pts_backbone.blocks.0.4.bias - torch.Size([128]): 
The value is the same before and after calling `init_weights` of FUTR3D  

pts_backbone.blocks.0.6.weight - torch.Size([128, 128, 3, 3]): 
KaimingInit: a=0, mode=fan_out, nonlinearity=relu, distribution =normal, bias=0 

pts_backbone.blocks.0.7.weight - torch.Size([128]): 
The value is the same before and after calling `init_weights` of FUTR3D  

pts_backbone.blocks.0.7.bias - torch.Size([128]): 
The value is the same before and after calling `init_weights` of FUTR3D  

pts_backbone.blocks.0.9.weight - torch.Size([128, 128, 3, 3]): 
KaimingInit: a=0, mode=fan_out, nonlinearity=relu, distribution =normal, bias=0 

pts_backbone.blocks.0.10.weight - torch.Size([128]): 
The value is the same before and after calling `init_weights` of FUTR3D  

pts_backbone.blocks.0.10.bias - torch.Size([128]): 
The value is the same before and after calling `init_weights` of FUTR3D  

pts_backbone.blocks.0.12.weight - torch.Size([128, 128, 3, 3]): 
KaimingInit: a=0, mode=fan_out, nonlinearity=relu, distribution =normal, bias=0 

pts_backbone.blocks.0.13.weight - torch.Size([128]): 
The value is the same before and after calling `init_weights` of FUTR3D  

pts_backbone.blocks.0.13.bias - torch.Size([128]): 
The value is the same before and after calling `init_weights` of FUTR3D  

pts_backbone.blocks.0.15.weight - torch.Size([128, 128, 3, 3]): 
KaimingInit: a=0, mode=fan_out, nonlinearity=relu, distribution =normal, bias=0 

pts_backbone.blocks.0.16.weight - torch.Size([128]): 
The value is the same before and after calling `init_weights` of FUTR3D  

pts_backbone.blocks.0.16.bias - torch.Size([128]): 
The value is the same before and after calling `init_weights` of FUTR3D  

pts_backbone.blocks.1.0.weight - torch.Size([256, 128, 3, 3]): 
KaimingInit: a=0, mode=fan_out, nonlinearity=relu, distribution =normal, bias=0 

pts_backbone.blocks.1.1.weight - torch.Size([256]): 
The value is the same before and after calling `init_weights` of FUTR3D  

pts_backbone.blocks.1.1.bias - torch.Size([256]): 
The value is the same before and after calling `init_weights` of FUTR3D  

pts_backbone.blocks.1.3.weight - torch.Size([256, 256, 3, 3]): 
KaimingInit: a=0, mode=fan_out, nonlinearity=relu, distribution =normal, bias=0 

pts_backbone.blocks.1.4.weight - torch.Size([256]): 
The value is the same before and after calling `init_weights` of FUTR3D  

pts_backbone.blocks.1.4.bias - torch.Size([256]): 
The value is the same before and after calling `init_weights` of FUTR3D  

pts_backbone.blocks.1.6.weight - torch.Size([256, 256, 3, 3]): 
KaimingInit: a=0, mode=fan_out, nonlinearity=relu, distribution =normal, bias=0 

pts_backbone.blocks.1.7.weight - torch.Size([256]): 
The value is the same before and after calling `init_weights` of FUTR3D  

pts_backbone.blocks.1.7.bias - torch.Size([256]): 
The value is the same before and after calling `init_weights` of FUTR3D  

pts_backbone.blocks.1.9.weight - torch.Size([256, 256, 3, 3]): 
KaimingInit: a=0, mode=fan_out, nonlinearity=relu, distribution =normal, bias=0 

pts_backbone.blocks.1.10.weight - torch.Size([256]): 
The value is the same before and after calling `init_weights` of FUTR3D  

pts_backbone.blocks.1.10.bias - torch.Size([256]): 
The value is the same before and after calling `init_weights` of FUTR3D  

pts_backbone.blocks.1.12.weight - torch.Size([256, 256, 3, 3]): 
KaimingInit: a=0, mode=fan_out, nonlinearity=relu, distribution =normal, bias=0 

pts_backbone.blocks.1.13.weight - torch.Size([256]): 
The value is the same before and after calling `init_weights` of FUTR3D  

pts_backbone.blocks.1.13.bias - torch.Size([256]): 
The value is the same before and after calling `init_weights` of FUTR3D  

pts_backbone.blocks.1.15.weight - torch.Size([256, 256, 3, 3]): 
KaimingInit: a=0, mode=fan_out, nonlinearity=relu, distribution =normal, bias=0 

pts_backbone.blocks.1.16.weight - torch.Size([256]): 
The value is the same before and after calling `init_weights` of FUTR3D  

pts_backbone.blocks.1.16.bias - torch.Size([256]): 
The value is the same before and after calling `init_weights` of FUTR3D  

pts_neck.lateral_convs.0.conv.weight - torch.Size([256, 128, 1, 1]): 
XavierInit: gain=1, distribution=uniform, bias=0 

pts_neck.lateral_convs.0.bn.weight - torch.Size([256]): 
The value is the same before and after calling `init_weights` of FUTR3D  

pts_neck.lateral_convs.0.bn.bias - torch.Size([256]): 
The value is the same before and after calling `init_weights` of FUTR3D  

pts_neck.lateral_convs.1.conv.weight - torch.Size([256, 256, 1, 1]): 
XavierInit: gain=1, distribution=uniform, bias=0 

pts_neck.lateral_convs.1.bn.weight - torch.Size([256]): 
The value is the same before and after calling `init_weights` of FUTR3D  

pts_neck.lateral_convs.1.bn.bias - torch.Size([256]): 
The value is the same before and after calling `init_weights` of FUTR3D  

pts_neck.fpn_convs.0.conv.weight - torch.Size([256, 256, 3, 3]): 
XavierInit: gain=1, distribution=uniform, bias=0 

pts_neck.fpn_convs.0.bn.weight - torch.Size([256]): 
The value is the same before and after calling `init_weights` of FUTR3D  

pts_neck.fpn_convs.0.bn.bias - torch.Size([256]): 
The value is the same before and after calling `init_weights` of FUTR3D  

pts_neck.fpn_convs.1.conv.weight - torch.Size([256, 256, 3, 3]): 
XavierInit: gain=1, distribution=uniform, bias=0 

pts_neck.fpn_convs.1.bn.weight - torch.Size([256]): 
The value is the same before and after calling `init_weights` of FUTR3D  

pts_neck.fpn_convs.1.bn.bias - torch.Size([256]): 
The value is the same before and after calling `init_weights` of FUTR3D  

pts_neck.fpn_convs.2.conv.weight - torch.Size([256, 256, 3, 3]): 
XavierInit: gain=1, distribution=uniform, bias=0 

pts_neck.fpn_convs.2.bn.weight - torch.Size([256]): 
The value is the same before and after calling `init_weights` of FUTR3D  

pts_neck.fpn_convs.2.bn.bias - torch.Size([256]): 
The value is the same before and after calling `init_weights` of FUTR3D  

pts_neck.fpn_convs.3.conv.weight - torch.Size([256, 256, 3, 3]): 
XavierInit: gain=1, distribution=uniform, bias=0 

pts_neck.fpn_convs.3.bn.weight - torch.Size([256]): 
The value is the same before and after calling `init_weights` of FUTR3D  

pts_neck.fpn_convs.3.bn.bias - torch.Size([256]): 
The value is the same before and after calling `init_weights` of FUTR3D  

pts_bbox_head.transformer.level_embeds - torch.Size([4, 256]): 
Initialized by user-defined `init_weights` in FUTR3DHead  

pts_bbox_head.transformer.decoder.layers.0.attentions.0.attn.in_proj_weight - torch.Size([768, 256]): 
Initialized by user-defined `init_weights` in FUTR3DHead  

pts_bbox_head.transformer.decoder.layers.0.attentions.0.attn.in_proj_bias - torch.Size([768]): 
The value is the same before and after calling `init_weights` of FUTR3D  

pts_bbox_head.transformer.decoder.layers.0.attentions.0.attn.out_proj.weight - torch.Size([256, 256]): 
Initialized by user-defined `init_weights` in FUTR3DHead  

pts_bbox_head.transformer.decoder.layers.0.attentions.0.attn.out_proj.bias - torch.Size([256]): 
The value is the same before and after calling `init_weights` of FUTR3D  

pts_bbox_head.transformer.decoder.layers.0.attentions.1.sampling_offsets.weight - torch.Size([256, 256]): 
Initialized by user-defined `init_weights` in FUTR3DHead  

pts_bbox_head.transformer.decoder.layers.0.attentions.1.sampling_offsets.bias - torch.Size([256]): 
The value is the same before and after calling `init_weights` of FUTR3D  

pts_bbox_head.transformer.decoder.layers.0.attentions.1.attention_weights.weight - torch.Size([128, 256]): 
Initialized by user-defined `init_weights` in FUTR3DHead  

pts_bbox_head.transformer.decoder.layers.0.attentions.1.attention_weights.bias - torch.Size([128]): 
The value is the same before and after calling `init_weights` of FUTR3D  

pts_bbox_head.transformer.decoder.layers.0.attentions.1.value_proj.weight - torch.Size([256, 256]): 
Initialized by user-defined `init_weights` in FUTR3DHead  

pts_bbox_head.transformer.decoder.layers.0.attentions.1.value_proj.bias - torch.Size([256]): 
The value is the same before and after calling `init_weights` of FUTR3D  

pts_bbox_head.transformer.decoder.layers.0.attentions.1.output_proj.weight - torch.Size([256, 256]): 
Initialized by user-defined `init_weights` in FUTR3DHead  

pts_bbox_head.transformer.decoder.layers.0.attentions.1.output_proj.bias - torch.Size([256]): 
The value is the same before and after calling `init_weights` of FUTR3D  

pts_bbox_head.transformer.decoder.layers.0.attentions.1.img_attention_weights.weight - torch.Size([24, 256]): 
Initialized by user-defined `init_weights` in FUTR3DHead  

pts_bbox_head.transformer.decoder.layers.0.attentions.1.img_attention_weights.bias - torch.Size([24]): 
The value is the same before and after calling `init_weights` of FUTR3D  

pts_bbox_head.transformer.decoder.layers.0.attentions.1.img_output_proj.weight - torch.Size([256, 256]): 
Initialized by user-defined `init_weights` in FUTR3DHead  

pts_bbox_head.transformer.decoder.layers.0.attentions.1.img_output_proj.bias - torch.Size([256]): 
The value is the same before and after calling `init_weights` of FUTR3D  

pts_bbox_head.transformer.decoder.layers.0.attentions.1.position_encoder.0.weight - torch.Size([256, 3]): 
Initialized by user-defined `init_weights` in FUTR3DHead  

pts_bbox_head.transformer.decoder.layers.0.attentions.1.position_encoder.0.bias - torch.Size([256]): 
The value is the same before and after calling `init_weights` of FUTR3D  

pts_bbox_head.transformer.decoder.layers.0.attentions.1.position_encoder.1.weight - torch.Size([256]): 
The value is the same before and after calling `init_weights` of FUTR3D  

pts_bbox_head.transformer.decoder.layers.0.attentions.1.position_encoder.1.bias - torch.Size([256]): 
The value is the same before and after calling `init_weights` of FUTR3D  

pts_bbox_head.transformer.decoder.layers.0.attentions.1.position_encoder.3.weight - torch.Size([256, 256]): 
Initialized by user-defined `init_weights` in FUTR3DHead  

pts_bbox_head.transformer.decoder.layers.0.attentions.1.position_encoder.3.bias - torch.Size([256]): 
The value is the same before and after calling `init_weights` of FUTR3D  

pts_bbox_head.transformer.decoder.layers.0.attentions.1.position_encoder.4.weight - torch.Size([256]): 
The value is the same before and after calling `init_weights` of FUTR3D  

pts_bbox_head.transformer.decoder.layers.0.attentions.1.position_encoder.4.bias - torch.Size([256]): 
The value is the same before and after calling `init_weights` of FUTR3D  

pts_bbox_head.transformer.decoder.layers.0.attentions.1.modality_fusion_layer.0.weight - torch.Size([256, 512]): 
Initialized by user-defined `init_weights` in FUTR3DHead  

pts_bbox_head.transformer.decoder.layers.0.attentions.1.modality_fusion_layer.0.bias - torch.Size([256]): 
The value is the same before and after calling `init_weights` of FUTR3D  

pts_bbox_head.transformer.decoder.layers.0.attentions.1.modality_fusion_layer.1.weight - torch.Size([256]): 
The value is the same before and after calling `init_weights` of FUTR3D  

pts_bbox_head.transformer.decoder.layers.0.attentions.1.modality_fusion_layer.1.bias - torch.Size([256]): 
The value is the same before and after calling `init_weights` of FUTR3D  

pts_bbox_head.transformer.decoder.layers.0.attentions.1.modality_fusion_layer.3.weight - torch.Size([256, 256]): 
Initialized by user-defined `init_weights` in FUTR3DHead  

pts_bbox_head.transformer.decoder.layers.0.attentions.1.modality_fusion_layer.3.bias - torch.Size([256]): 
The value is the same before and after calling `init_weights` of FUTR3D  

pts_bbox_head.transformer.decoder.layers.0.attentions.1.modality_fusion_layer.4.weight - torch.Size([256]): 
The value is the same before and after calling `init_weights` of FUTR3D  

pts_bbox_head.transformer.decoder.layers.0.attentions.1.modality_fusion_layer.4.bias - torch.Size([256]): 
The value is the same before and after calling `init_weights` of FUTR3D  

pts_bbox_head.transformer.decoder.layers.0.ffns.0.layers.0.0.weight - torch.Size([1024, 256]): 
Initialized by user-defined `init_weights` in FUTR3DHead  

pts_bbox_head.transformer.decoder.layers.0.ffns.0.layers.0.0.bias - torch.Size([1024]): 
The value is the same before and after calling `init_weights` of FUTR3D  

pts_bbox_head.transformer.decoder.layers.0.ffns.0.layers.1.weight - torch.Size([256, 1024]): 
Initialized by user-defined `init_weights` in FUTR3DHead  

pts_bbox_head.transformer.decoder.layers.0.ffns.0.layers.1.bias - torch.Size([256]): 
The value is the same before and after calling `init_weights` of FUTR3D  

pts_bbox_head.transformer.decoder.layers.0.norms.0.weight - torch.Size([256]): 
The value is the same before and after calling `init_weights` of FUTR3D  

pts_bbox_head.transformer.decoder.layers.0.norms.0.bias - torch.Size([256]): 
The value is the same before and after calling `init_weights` of FUTR3D  

pts_bbox_head.transformer.decoder.layers.0.norms.1.weight - torch.Size([256]): 
The value is the same before and after calling `init_weights` of FUTR3D  

pts_bbox_head.transformer.decoder.layers.0.norms.1.bias - torch.Size([256]): 
The value is the same before and after calling `init_weights` of FUTR3D  

pts_bbox_head.transformer.decoder.layers.0.norms.2.weight - torch.Size([256]): 
The value is the same before and after calling `init_weights` of FUTR3D  

pts_bbox_head.transformer.decoder.layers.0.norms.2.bias - torch.Size([256]): 
The value is the same before and after calling `init_weights` of FUTR3D  

pts_bbox_head.transformer.decoder.layers.1.attentions.0.attn.in_proj_weight - torch.Size([768, 256]): 
Initialized by user-defined `init_weights` in FUTR3DHead  

pts_bbox_head.transformer.decoder.layers.1.attentions.0.attn.in_proj_bias - torch.Size([768]): 
The value is the same before and after calling `init_weights` of FUTR3D  

pts_bbox_head.transformer.decoder.layers.1.attentions.0.attn.out_proj.weight - torch.Size([256, 256]): 
Initialized by user-defined `init_weights` in FUTR3DHead  

pts_bbox_head.transformer.decoder.layers.1.attentions.0.attn.out_proj.bias - torch.Size([256]): 
The value is the same before and after calling `init_weights` of FUTR3D  

pts_bbox_head.transformer.decoder.layers.1.attentions.1.sampling_offsets.weight - torch.Size([256, 256]): 
Initialized by user-defined `init_weights` in FUTR3DHead  

pts_bbox_head.transformer.decoder.layers.1.attentions.1.sampling_offsets.bias - torch.Size([256]): 
The value is the same before and after calling `init_weights` of FUTR3D  

pts_bbox_head.transformer.decoder.layers.1.attentions.1.attention_weights.weight - torch.Size([128, 256]): 
Initialized by user-defined `init_weights` in FUTR3DHead  

pts_bbox_head.transformer.decoder.layers.1.attentions.1.attention_weights.bias - torch.Size([128]): 
The value is the same before and after calling `init_weights` of FUTR3D  

pts_bbox_head.transformer.decoder.layers.1.attentions.1.value_proj.weight - torch.Size([256, 256]): 
Initialized by user-defined `init_weights` in FUTR3DHead  

pts_bbox_head.transformer.decoder.layers.1.attentions.1.value_proj.bias - torch.Size([256]): 
The value is the same before and after calling `init_weights` of FUTR3D  

pts_bbox_head.transformer.decoder.layers.1.attentions.1.output_proj.weight - torch.Size([256, 256]): 
Initialized by user-defined `init_weights` in FUTR3DHead  

pts_bbox_head.transformer.decoder.layers.1.attentions.1.output_proj.bias - torch.Size([256]): 
The value is the same before and after calling `init_weights` of FUTR3D  

pts_bbox_head.transformer.decoder.layers.1.attentions.1.img_attention_weights.weight - torch.Size([24, 256]): 
Initialized by user-defined `init_weights` in FUTR3DHead  

pts_bbox_head.transformer.decoder.layers.1.attentions.1.img_attention_weights.bias - torch.Size([24]): 
The value is the same before and after calling `init_weights` of FUTR3D  

pts_bbox_head.transformer.decoder.layers.1.attentions.1.img_output_proj.weight - torch.Size([256, 256]): 
Initialized by user-defined `init_weights` in FUTR3DHead  

pts_bbox_head.transformer.decoder.layers.1.attentions.1.img_output_proj.bias - torch.Size([256]): 
The value is the same before and after calling `init_weights` of FUTR3D  

pts_bbox_head.transformer.decoder.layers.1.attentions.1.position_encoder.0.weight - torch.Size([256, 3]): 
Initialized by user-defined `init_weights` in FUTR3DHead  

pts_bbox_head.transformer.decoder.layers.1.attentions.1.position_encoder.0.bias - torch.Size([256]): 
The value is the same before and after calling `init_weights` of FUTR3D  

pts_bbox_head.transformer.decoder.layers.1.attentions.1.position_encoder.1.weight - torch.Size([256]): 
The value is the same before and after calling `init_weights` of FUTR3D  

pts_bbox_head.transformer.decoder.layers.1.attentions.1.position_encoder.1.bias - torch.Size([256]): 
The value is the same before and after calling `init_weights` of FUTR3D  

pts_bbox_head.transformer.decoder.layers.1.attentions.1.position_encoder.3.weight - torch.Size([256, 256]): 
Initialized by user-defined `init_weights` in FUTR3DHead  

pts_bbox_head.transformer.decoder.layers.1.attentions.1.position_encoder.3.bias - torch.Size([256]): 
The value is the same before and after calling `init_weights` of FUTR3D  

pts_bbox_head.transformer.decoder.layers.1.attentions.1.position_encoder.4.weight - torch.Size([256]): 
The value is the same before and after calling `init_weights` of FUTR3D  

pts_bbox_head.transformer.decoder.layers.1.attentions.1.position_encoder.4.bias - torch.Size([256]): 
The value is the same before and after calling `init_weights` of FUTR3D  

pts_bbox_head.transformer.decoder.layers.1.attentions.1.modality_fusion_layer.0.weight - torch.Size([256, 512]): 
Initialized by user-defined `init_weights` in FUTR3DHead  

pts_bbox_head.transformer.decoder.layers.1.attentions.1.modality_fusion_layer.0.bias - torch.Size([256]): 
The value is the same before and after calling `init_weights` of FUTR3D  

pts_bbox_head.transformer.decoder.layers.1.attentions.1.modality_fusion_layer.1.weight - torch.Size([256]): 
The value is the same before and after calling `init_weights` of FUTR3D  

pts_bbox_head.transformer.decoder.layers.1.attentions.1.modality_fusion_layer.1.bias - torch.Size([256]): 
The value is the same before and after calling `init_weights` of FUTR3D  

pts_bbox_head.transformer.decoder.layers.1.attentions.1.modality_fusion_layer.3.weight - torch.Size([256, 256]): 
Initialized by user-defined `init_weights` in FUTR3DHead  

pts_bbox_head.transformer.decoder.layers.1.attentions.1.modality_fusion_layer.3.bias - torch.Size([256]): 
The value is the same before and after calling `init_weights` of FUTR3D  

pts_bbox_head.transformer.decoder.layers.1.attentions.1.modality_fusion_layer.4.weight - torch.Size([256]): 
The value is the same before and after calling `init_weights` of FUTR3D  

pts_bbox_head.transformer.decoder.layers.1.attentions.1.modality_fusion_layer.4.bias - torch.Size([256]): 
The value is the same before and after calling `init_weights` of FUTR3D  

pts_bbox_head.transformer.decoder.layers.1.ffns.0.layers.0.0.weight - torch.Size([1024, 256]): 
Initialized by user-defined `init_weights` in FUTR3DHead  

pts_bbox_head.transformer.decoder.layers.1.ffns.0.layers.0.0.bias - torch.Size([1024]): 
The value is the same before and after calling `init_weights` of FUTR3D  

pts_bbox_head.transformer.decoder.layers.1.ffns.0.layers.1.weight - torch.Size([256, 1024]): 
Initialized by user-defined `init_weights` in FUTR3DHead  

pts_bbox_head.transformer.decoder.layers.1.ffns.0.layers.1.bias - torch.Size([256]): 
The value is the same before and after calling `init_weights` of FUTR3D  

pts_bbox_head.transformer.decoder.layers.1.norms.0.weight - torch.Size([256]): 
The value is the same before and after calling `init_weights` of FUTR3D  

pts_bbox_head.transformer.decoder.layers.1.norms.0.bias - torch.Size([256]): 
The value is the same before and after calling `init_weights` of FUTR3D  

pts_bbox_head.transformer.decoder.layers.1.norms.1.weight - torch.Size([256]): 
The value is the same before and after calling `init_weights` of FUTR3D  

pts_bbox_head.transformer.decoder.layers.1.norms.1.bias - torch.Size([256]): 
The value is the same before and after calling `init_weights` of FUTR3D  

pts_bbox_head.transformer.decoder.layers.1.norms.2.weight - torch.Size([256]): 
The value is the same before and after calling `init_weights` of FUTR3D  

pts_bbox_head.transformer.decoder.layers.1.norms.2.bias - torch.Size([256]): 
The value is the same before and after calling `init_weights` of FUTR3D  

pts_bbox_head.transformer.decoder.layers.2.attentions.0.attn.in_proj_weight - torch.Size([768, 256]): 
Initialized by user-defined `init_weights` in FUTR3DHead  

pts_bbox_head.transformer.decoder.layers.2.attentions.0.attn.in_proj_bias - torch.Size([768]): 
The value is the same before and after calling `init_weights` of FUTR3D  

pts_bbox_head.transformer.decoder.layers.2.attentions.0.attn.out_proj.weight - torch.Size([256, 256]): 
Initialized by user-defined `init_weights` in FUTR3DHead  

pts_bbox_head.transformer.decoder.layers.2.attentions.0.attn.out_proj.bias - torch.Size([256]): 
The value is the same before and after calling `init_weights` of FUTR3D  

pts_bbox_head.transformer.decoder.layers.2.attentions.1.sampling_offsets.weight - torch.Size([256, 256]): 
Initialized by user-defined `init_weights` in FUTR3DHead  

pts_bbox_head.transformer.decoder.layers.2.attentions.1.sampling_offsets.bias - torch.Size([256]): 
The value is the same before and after calling `init_weights` of FUTR3D  

pts_bbox_head.transformer.decoder.layers.2.attentions.1.attention_weights.weight - torch.Size([128, 256]): 
Initialized by user-defined `init_weights` in FUTR3DHead  

pts_bbox_head.transformer.decoder.layers.2.attentions.1.attention_weights.bias - torch.Size([128]): 
The value is the same before and after calling `init_weights` of FUTR3D  

pts_bbox_head.transformer.decoder.layers.2.attentions.1.value_proj.weight - torch.Size([256, 256]): 
Initialized by user-defined `init_weights` in FUTR3DHead  

pts_bbox_head.transformer.decoder.layers.2.attentions.1.value_proj.bias - torch.Size([256]): 
The value is the same before and after calling `init_weights` of FUTR3D  

pts_bbox_head.transformer.decoder.layers.2.attentions.1.output_proj.weight - torch.Size([256, 256]): 
Initialized by user-defined `init_weights` in FUTR3DHead  

pts_bbox_head.transformer.decoder.layers.2.attentions.1.output_proj.bias - torch.Size([256]): 
The value is the same before and after calling `init_weights` of FUTR3D  

pts_bbox_head.transformer.decoder.layers.2.attentions.1.img_attention_weights.weight - torch.Size([24, 256]): 
Initialized by user-defined `init_weights` in FUTR3DHead  

pts_bbox_head.transformer.decoder.layers.2.attentions.1.img_attention_weights.bias - torch.Size([24]): 
The value is the same before and after calling `init_weights` of FUTR3D  

pts_bbox_head.transformer.decoder.layers.2.attentions.1.img_output_proj.weight - torch.Size([256, 256]): 
Initialized by user-defined `init_weights` in FUTR3DHead  

pts_bbox_head.transformer.decoder.layers.2.attentions.1.img_output_proj.bias - torch.Size([256]): 
The value is the same before and after calling `init_weights` of FUTR3D  

pts_bbox_head.transformer.decoder.layers.2.attentions.1.position_encoder.0.weight - torch.Size([256, 3]): 
Initialized by user-defined `init_weights` in FUTR3DHead  

pts_bbox_head.transformer.decoder.layers.2.attentions.1.position_encoder.0.bias - torch.Size([256]): 
The value is the same before and after calling `init_weights` of FUTR3D  

pts_bbox_head.transformer.decoder.layers.2.attentions.1.position_encoder.1.weight - torch.Size([256]): 
The value is the same before and after calling `init_weights` of FUTR3D  

pts_bbox_head.transformer.decoder.layers.2.attentions.1.position_encoder.1.bias - torch.Size([256]): 
The value is the same before and after calling `init_weights` of FUTR3D  

pts_bbox_head.transformer.decoder.layers.2.attentions.1.position_encoder.3.weight - torch.Size([256, 256]): 
Initialized by user-defined `init_weights` in FUTR3DHead  

pts_bbox_head.transformer.decoder.layers.2.attentions.1.position_encoder.3.bias - torch.Size([256]): 
The value is the same before and after calling `init_weights` of FUTR3D  

pts_bbox_head.transformer.decoder.layers.2.attentions.1.position_encoder.4.weight - torch.Size([256]): 
The value is the same before and after calling `init_weights` of FUTR3D  

pts_bbox_head.transformer.decoder.layers.2.attentions.1.position_encoder.4.bias - torch.Size([256]): 
The value is the same before and after calling `init_weights` of FUTR3D  

pts_bbox_head.transformer.decoder.layers.2.attentions.1.modality_fusion_layer.0.weight - torch.Size([256, 512]): 
Initialized by user-defined `init_weights` in FUTR3DHead  

pts_bbox_head.transformer.decoder.layers.2.attentions.1.modality_fusion_layer.0.bias - torch.Size([256]): 
The value is the same before and after calling `init_weights` of FUTR3D  

pts_bbox_head.transformer.decoder.layers.2.attentions.1.modality_fusion_layer.1.weight - torch.Size([256]): 
The value is the same before and after calling `init_weights` of FUTR3D  

pts_bbox_head.transformer.decoder.layers.2.attentions.1.modality_fusion_layer.1.bias - torch.Size([256]): 
The value is the same before and after calling `init_weights` of FUTR3D  

pts_bbox_head.transformer.decoder.layers.2.attentions.1.modality_fusion_layer.3.weight - torch.Size([256, 256]): 
Initialized by user-defined `init_weights` in FUTR3DHead  

pts_bbox_head.transformer.decoder.layers.2.attentions.1.modality_fusion_layer.3.bias - torch.Size([256]): 
The value is the same before and after calling `init_weights` of FUTR3D  

pts_bbox_head.transformer.decoder.layers.2.attentions.1.modality_fusion_layer.4.weight - torch.Size([256]): 
The value is the same before and after calling `init_weights` of FUTR3D  

pts_bbox_head.transformer.decoder.layers.2.attentions.1.modality_fusion_layer.4.bias - torch.Size([256]): 
The value is the same before and after calling `init_weights` of FUTR3D  

pts_bbox_head.transformer.decoder.layers.2.ffns.0.layers.0.0.weight - torch.Size([1024, 256]): 
Initialized by user-defined `init_weights` in FUTR3DHead  

pts_bbox_head.transformer.decoder.layers.2.ffns.0.layers.0.0.bias - torch.Size([1024]): 
The value is the same before and after calling `init_weights` of FUTR3D  

pts_bbox_head.transformer.decoder.layers.2.ffns.0.layers.1.weight - torch.Size([256, 1024]): 
Initialized by user-defined `init_weights` in FUTR3DHead  

pts_bbox_head.transformer.decoder.layers.2.ffns.0.layers.1.bias - torch.Size([256]): 
The value is the same before and after calling `init_weights` of FUTR3D  

pts_bbox_head.transformer.decoder.layers.2.norms.0.weight - torch.Size([256]): 
The value is the same before and after calling `init_weights` of FUTR3D  

pts_bbox_head.transformer.decoder.layers.2.norms.0.bias - torch.Size([256]): 
The value is the same before and after calling `init_weights` of FUTR3D  

pts_bbox_head.transformer.decoder.layers.2.norms.1.weight - torch.Size([256]): 
The value is the same before and after calling `init_weights` of FUTR3D  

pts_bbox_head.transformer.decoder.layers.2.norms.1.bias - torch.Size([256]): 
The value is the same before and after calling `init_weights` of FUTR3D  

pts_bbox_head.transformer.decoder.layers.2.norms.2.weight - torch.Size([256]): 
The value is the same before and after calling `init_weights` of FUTR3D  

pts_bbox_head.transformer.decoder.layers.2.norms.2.bias - torch.Size([256]): 
The value is the same before and after calling `init_weights` of FUTR3D  

pts_bbox_head.transformer.decoder.layers.3.attentions.0.attn.in_proj_weight - torch.Size([768, 256]): 
Initialized by user-defined `init_weights` in FUTR3DHead  

pts_bbox_head.transformer.decoder.layers.3.attentions.0.attn.in_proj_bias - torch.Size([768]): 
The value is the same before and after calling `init_weights` of FUTR3D  

pts_bbox_head.transformer.decoder.layers.3.attentions.0.attn.out_proj.weight - torch.Size([256, 256]): 
Initialized by user-defined `init_weights` in FUTR3DHead  

pts_bbox_head.transformer.decoder.layers.3.attentions.0.attn.out_proj.bias - torch.Size([256]): 
The value is the same before and after calling `init_weights` of FUTR3D  

pts_bbox_head.transformer.decoder.layers.3.attentions.1.sampling_offsets.weight - torch.Size([256, 256]): 
Initialized by user-defined `init_weights` in FUTR3DHead  

pts_bbox_head.transformer.decoder.layers.3.attentions.1.sampling_offsets.bias - torch.Size([256]): 
The value is the same before and after calling `init_weights` of FUTR3D  

pts_bbox_head.transformer.decoder.layers.3.attentions.1.attention_weights.weight - torch.Size([128, 256]): 
Initialized by user-defined `init_weights` in FUTR3DHead  

pts_bbox_head.transformer.decoder.layers.3.attentions.1.attention_weights.bias - torch.Size([128]): 
The value is the same before and after calling `init_weights` of FUTR3D  

pts_bbox_head.transformer.decoder.layers.3.attentions.1.value_proj.weight - torch.Size([256, 256]): 
Initialized by user-defined `init_weights` in FUTR3DHead  

pts_bbox_head.transformer.decoder.layers.3.attentions.1.value_proj.bias - torch.Size([256]): 
The value is the same before and after calling `init_weights` of FUTR3D  

pts_bbox_head.transformer.decoder.layers.3.attentions.1.output_proj.weight - torch.Size([256, 256]): 
Initialized by user-defined `init_weights` in FUTR3DHead  

pts_bbox_head.transformer.decoder.layers.3.attentions.1.output_proj.bias - torch.Size([256]): 
The value is the same before and after calling `init_weights` of FUTR3D  

pts_bbox_head.transformer.decoder.layers.3.attentions.1.img_attention_weights.weight - torch.Size([24, 256]): 
Initialized by user-defined `init_weights` in FUTR3DHead  

pts_bbox_head.transformer.decoder.layers.3.attentions.1.img_attention_weights.bias - torch.Size([24]): 
The value is the same before and after calling `init_weights` of FUTR3D  

pts_bbox_head.transformer.decoder.layers.3.attentions.1.img_output_proj.weight - torch.Size([256, 256]): 
Initialized by user-defined `init_weights` in FUTR3DHead  

pts_bbox_head.transformer.decoder.layers.3.attentions.1.img_output_proj.bias - torch.Size([256]): 
The value is the same before and after calling `init_weights` of FUTR3D  

pts_bbox_head.transformer.decoder.layers.3.attentions.1.position_encoder.0.weight - torch.Size([256, 3]): 
Initialized by user-defined `init_weights` in FUTR3DHead  

pts_bbox_head.transformer.decoder.layers.3.attentions.1.position_encoder.0.bias - torch.Size([256]): 
The value is the same before and after calling `init_weights` of FUTR3D  

pts_bbox_head.transformer.decoder.layers.3.attentions.1.position_encoder.1.weight - torch.Size([256]): 
The value is the same before and after calling `init_weights` of FUTR3D  

pts_bbox_head.transformer.decoder.layers.3.attentions.1.position_encoder.1.bias - torch.Size([256]): 
The value is the same before and after calling `init_weights` of FUTR3D  

pts_bbox_head.transformer.decoder.layers.3.attentions.1.position_encoder.3.weight - torch.Size([256, 256]): 
Initialized by user-defined `init_weights` in FUTR3DHead  

pts_bbox_head.transformer.decoder.layers.3.attentions.1.position_encoder.3.bias - torch.Size([256]): 
The value is the same before and after calling `init_weights` of FUTR3D  

pts_bbox_head.transformer.decoder.layers.3.attentions.1.position_encoder.4.weight - torch.Size([256]): 
The value is the same before and after calling `init_weights` of FUTR3D  

pts_bbox_head.transformer.decoder.layers.3.attentions.1.position_encoder.4.bias - torch.Size([256]): 
The value is the same before and after calling `init_weights` of FUTR3D  

pts_bbox_head.transformer.decoder.layers.3.attentions.1.modality_fusion_layer.0.weight - torch.Size([256, 512]): 
Initialized by user-defined `init_weights` in FUTR3DHead  

pts_bbox_head.transformer.decoder.layers.3.attentions.1.modality_fusion_layer.0.bias - torch.Size([256]): 
The value is the same before and after calling `init_weights` of FUTR3D  

pts_bbox_head.transformer.decoder.layers.3.attentions.1.modality_fusion_layer.1.weight - torch.Size([256]): 
The value is the same before and after calling `init_weights` of FUTR3D  

pts_bbox_head.transformer.decoder.layers.3.attentions.1.modality_fusion_layer.1.bias - torch.Size([256]): 
The value is the same before and after calling `init_weights` of FUTR3D  

pts_bbox_head.transformer.decoder.layers.3.attentions.1.modality_fusion_layer.3.weight - torch.Size([256, 256]): 
Initialized by user-defined `init_weights` in FUTR3DHead  

pts_bbox_head.transformer.decoder.layers.3.attentions.1.modality_fusion_layer.3.bias - torch.Size([256]): 
The value is the same before and after calling `init_weights` of FUTR3D  

pts_bbox_head.transformer.decoder.layers.3.attentions.1.modality_fusion_layer.4.weight - torch.Size([256]): 
The value is the same before and after calling `init_weights` of FUTR3D  

pts_bbox_head.transformer.decoder.layers.3.attentions.1.modality_fusion_layer.4.bias - torch.Size([256]): 
The value is the same before and after calling `init_weights` of FUTR3D  

pts_bbox_head.transformer.decoder.layers.3.ffns.0.layers.0.0.weight - torch.Size([1024, 256]): 
Initialized by user-defined `init_weights` in FUTR3DHead  

pts_bbox_head.transformer.decoder.layers.3.ffns.0.layers.0.0.bias - torch.Size([1024]): 
The value is the same before and after calling `init_weights` of FUTR3D  

pts_bbox_head.transformer.decoder.layers.3.ffns.0.layers.1.weight - torch.Size([256, 1024]): 
Initialized by user-defined `init_weights` in FUTR3DHead  

pts_bbox_head.transformer.decoder.layers.3.ffns.0.layers.1.bias - torch.Size([256]): 
The value is the same before and after calling `init_weights` of FUTR3D  

pts_bbox_head.transformer.decoder.layers.3.norms.0.weight - torch.Size([256]): 
The value is the same before and after calling `init_weights` of FUTR3D  

pts_bbox_head.transformer.decoder.layers.3.norms.0.bias - torch.Size([256]): 
The value is the same before and after calling `init_weights` of FUTR3D  

pts_bbox_head.transformer.decoder.layers.3.norms.1.weight - torch.Size([256]): 
The value is the same before and after calling `init_weights` of FUTR3D  

pts_bbox_head.transformer.decoder.layers.3.norms.1.bias - torch.Size([256]): 
The value is the same before and after calling `init_weights` of FUTR3D  

pts_bbox_head.transformer.decoder.layers.3.norms.2.weight - torch.Size([256]): 
The value is the same before and after calling `init_weights` of FUTR3D  

pts_bbox_head.transformer.decoder.layers.3.norms.2.bias - torch.Size([256]): 
The value is the same before and after calling `init_weights` of FUTR3D  

pts_bbox_head.transformer.decoder.layers.4.attentions.0.attn.in_proj_weight - torch.Size([768, 256]): 
Initialized by user-defined `init_weights` in FUTR3DHead  

pts_bbox_head.transformer.decoder.layers.4.attentions.0.attn.in_proj_bias - torch.Size([768]): 
The value is the same before and after calling `init_weights` of FUTR3D  

pts_bbox_head.transformer.decoder.layers.4.attentions.0.attn.out_proj.weight - torch.Size([256, 256]): 
Initialized by user-defined `init_weights` in FUTR3DHead  

pts_bbox_head.transformer.decoder.layers.4.attentions.0.attn.out_proj.bias - torch.Size([256]): 
The value is the same before and after calling `init_weights` of FUTR3D  

pts_bbox_head.transformer.decoder.layers.4.attentions.1.sampling_offsets.weight - torch.Size([256, 256]): 
Initialized by user-defined `init_weights` in FUTR3DHead  

pts_bbox_head.transformer.decoder.layers.4.attentions.1.sampling_offsets.bias - torch.Size([256]): 
The value is the same before and after calling `init_weights` of FUTR3D  

pts_bbox_head.transformer.decoder.layers.4.attentions.1.attention_weights.weight - torch.Size([128, 256]): 
Initialized by user-defined `init_weights` in FUTR3DHead  

pts_bbox_head.transformer.decoder.layers.4.attentions.1.attention_weights.bias - torch.Size([128]): 
The value is the same before and after calling `init_weights` of FUTR3D  

pts_bbox_head.transformer.decoder.layers.4.attentions.1.value_proj.weight - torch.Size([256, 256]): 
Initialized by user-defined `init_weights` in FUTR3DHead  

pts_bbox_head.transformer.decoder.layers.4.attentions.1.value_proj.bias - torch.Size([256]): 
The value is the same before and after calling `init_weights` of FUTR3D  

pts_bbox_head.transformer.decoder.layers.4.attentions.1.output_proj.weight - torch.Size([256, 256]): 
Initialized by user-defined `init_weights` in FUTR3DHead  

pts_bbox_head.transformer.decoder.layers.4.attentions.1.output_proj.bias - torch.Size([256]): 
The value is the same before and after calling `init_weights` of FUTR3D  

pts_bbox_head.transformer.decoder.layers.4.attentions.1.img_attention_weights.weight - torch.Size([24, 256]): 
Initialized by user-defined `init_weights` in FUTR3DHead  

pts_bbox_head.transformer.decoder.layers.4.attentions.1.img_attention_weights.bias - torch.Size([24]): 
The value is the same before and after calling `init_weights` of FUTR3D  

pts_bbox_head.transformer.decoder.layers.4.attentions.1.img_output_proj.weight - torch.Size([256, 256]): 
Initialized by user-defined `init_weights` in FUTR3DHead  

pts_bbox_head.transformer.decoder.layers.4.attentions.1.img_output_proj.bias - torch.Size([256]): 
The value is the same before and after calling `init_weights` of FUTR3D  

pts_bbox_head.transformer.decoder.layers.4.attentions.1.position_encoder.0.weight - torch.Size([256, 3]): 
Initialized by user-defined `init_weights` in FUTR3DHead  

pts_bbox_head.transformer.decoder.layers.4.attentions.1.position_encoder.0.bias - torch.Size([256]): 
The value is the same before and after calling `init_weights` of FUTR3D  

pts_bbox_head.transformer.decoder.layers.4.attentions.1.position_encoder.1.weight - torch.Size([256]): 
The value is the same before and after calling `init_weights` of FUTR3D  

pts_bbox_head.transformer.decoder.layers.4.attentions.1.position_encoder.1.bias - torch.Size([256]): 
The value is the same before and after calling `init_weights` of FUTR3D  

pts_bbox_head.transformer.decoder.layers.4.attentions.1.position_encoder.3.weight - torch.Size([256, 256]): 
Initialized by user-defined `init_weights` in FUTR3DHead  

pts_bbox_head.transformer.decoder.layers.4.attentions.1.position_encoder.3.bias - torch.Size([256]): 
The value is the same before and after calling `init_weights` of FUTR3D  

pts_bbox_head.transformer.decoder.layers.4.attentions.1.position_encoder.4.weight - torch.Size([256]): 
The value is the same before and after calling `init_weights` of FUTR3D  

pts_bbox_head.transformer.decoder.layers.4.attentions.1.position_encoder.4.bias - torch.Size([256]): 
The value is the same before and after calling `init_weights` of FUTR3D  

pts_bbox_head.transformer.decoder.layers.4.attentions.1.modality_fusion_layer.0.weight - torch.Size([256, 512]): 
Initialized by user-defined `init_weights` in FUTR3DHead  

pts_bbox_head.transformer.decoder.layers.4.attentions.1.modality_fusion_layer.0.bias - torch.Size([256]): 
The value is the same before and after calling `init_weights` of FUTR3D  

pts_bbox_head.transformer.decoder.layers.4.attentions.1.modality_fusion_layer.1.weight - torch.Size([256]): 
The value is the same before and after calling `init_weights` of FUTR3D  

pts_bbox_head.transformer.decoder.layers.4.attentions.1.modality_fusion_layer.1.bias - torch.Size([256]): 
The value is the same before and after calling `init_weights` of FUTR3D  

pts_bbox_head.transformer.decoder.layers.4.attentions.1.modality_fusion_layer.3.weight - torch.Size([256, 256]): 
Initialized by user-defined `init_weights` in FUTR3DHead  

pts_bbox_head.transformer.decoder.layers.4.attentions.1.modality_fusion_layer.3.bias - torch.Size([256]): 
The value is the same before and after calling `init_weights` of FUTR3D  

pts_bbox_head.transformer.decoder.layers.4.attentions.1.modality_fusion_layer.4.weight - torch.Size([256]): 
The value is the same before and after calling `init_weights` of FUTR3D  

pts_bbox_head.transformer.decoder.layers.4.attentions.1.modality_fusion_layer.4.bias - torch.Size([256]): 
The value is the same before and after calling `init_weights` of FUTR3D  

pts_bbox_head.transformer.decoder.layers.4.ffns.0.layers.0.0.weight - torch.Size([1024, 256]): 
Initialized by user-defined `init_weights` in FUTR3DHead  

pts_bbox_head.transformer.decoder.layers.4.ffns.0.layers.0.0.bias - torch.Size([1024]): 
The value is the same before and after calling `init_weights` of FUTR3D  

pts_bbox_head.transformer.decoder.layers.4.ffns.0.layers.1.weight - torch.Size([256, 1024]): 
Initialized by user-defined `init_weights` in FUTR3DHead  

pts_bbox_head.transformer.decoder.layers.4.ffns.0.layers.1.bias - torch.Size([256]): 
The value is the same before and after calling `init_weights` of FUTR3D  

pts_bbox_head.transformer.decoder.layers.4.norms.0.weight - torch.Size([256]): 
The value is the same before and after calling `init_weights` of FUTR3D  

pts_bbox_head.transformer.decoder.layers.4.norms.0.bias - torch.Size([256]): 
The value is the same before and after calling `init_weights` of FUTR3D  

pts_bbox_head.transformer.decoder.layers.4.norms.1.weight - torch.Size([256]): 
The value is the same before and after calling `init_weights` of FUTR3D  

pts_bbox_head.transformer.decoder.layers.4.norms.1.bias - torch.Size([256]): 
The value is the same before and after calling `init_weights` of FUTR3D  

pts_bbox_head.transformer.decoder.layers.4.norms.2.weight - torch.Size([256]): 
The value is the same before and after calling `init_weights` of FUTR3D  

pts_bbox_head.transformer.decoder.layers.4.norms.2.bias - torch.Size([256]): 
The value is the same before and after calling `init_weights` of FUTR3D  

pts_bbox_head.transformer.decoder.layers.5.attentions.0.attn.in_proj_weight - torch.Size([768, 256]): 
Initialized by user-defined `init_weights` in FUTR3DHead  

pts_bbox_head.transformer.decoder.layers.5.attentions.0.attn.in_proj_bias - torch.Size([768]): 
The value is the same before and after calling `init_weights` of FUTR3D  

pts_bbox_head.transformer.decoder.layers.5.attentions.0.attn.out_proj.weight - torch.Size([256, 256]): 
Initialized by user-defined `init_weights` in FUTR3DHead  

pts_bbox_head.transformer.decoder.layers.5.attentions.0.attn.out_proj.bias - torch.Size([256]): 
The value is the same before and after calling `init_weights` of FUTR3D  

pts_bbox_head.transformer.decoder.layers.5.attentions.1.sampling_offsets.weight - torch.Size([256, 256]): 
Initialized by user-defined `init_weights` in FUTR3DHead  

pts_bbox_head.transformer.decoder.layers.5.attentions.1.sampling_offsets.bias - torch.Size([256]): 
The value is the same before and after calling `init_weights` of FUTR3D  

pts_bbox_head.transformer.decoder.layers.5.attentions.1.attention_weights.weight - torch.Size([128, 256]): 
Initialized by user-defined `init_weights` in FUTR3DHead  

pts_bbox_head.transformer.decoder.layers.5.attentions.1.attention_weights.bias - torch.Size([128]): 
The value is the same before and after calling `init_weights` of FUTR3D  

pts_bbox_head.transformer.decoder.layers.5.attentions.1.value_proj.weight - torch.Size([256, 256]): 
Initialized by user-defined `init_weights` in FUTR3DHead  

pts_bbox_head.transformer.decoder.layers.5.attentions.1.value_proj.bias - torch.Size([256]): 
The value is the same before and after calling `init_weights` of FUTR3D  

pts_bbox_head.transformer.decoder.layers.5.attentions.1.output_proj.weight - torch.Size([256, 256]): 
Initialized by user-defined `init_weights` in FUTR3DHead  

pts_bbox_head.transformer.decoder.layers.5.attentions.1.output_proj.bias - torch.Size([256]): 
The value is the same before and after calling `init_weights` of FUTR3D  

pts_bbox_head.transformer.decoder.layers.5.attentions.1.img_attention_weights.weight - torch.Size([24, 256]): 
Initialized by user-defined `init_weights` in FUTR3DHead  

pts_bbox_head.transformer.decoder.layers.5.attentions.1.img_attention_weights.bias - torch.Size([24]): 
The value is the same before and after calling `init_weights` of FUTR3D  

pts_bbox_head.transformer.decoder.layers.5.attentions.1.img_output_proj.weight - torch.Size([256, 256]): 
Initialized by user-defined `init_weights` in FUTR3DHead  

pts_bbox_head.transformer.decoder.layers.5.attentions.1.img_output_proj.bias - torch.Size([256]): 
The value is the same before and after calling `init_weights` of FUTR3D  

pts_bbox_head.transformer.decoder.layers.5.attentions.1.position_encoder.0.weight - torch.Size([256, 3]): 
Initialized by user-defined `init_weights` in FUTR3DHead  

pts_bbox_head.transformer.decoder.layers.5.attentions.1.position_encoder.0.bias - torch.Size([256]): 
The value is the same before and after calling `init_weights` of FUTR3D  

pts_bbox_head.transformer.decoder.layers.5.attentions.1.position_encoder.1.weight - torch.Size([256]): 
The value is the same before and after calling `init_weights` of FUTR3D  

pts_bbox_head.transformer.decoder.layers.5.attentions.1.position_encoder.1.bias - torch.Size([256]): 
The value is the same before and after calling `init_weights` of FUTR3D  

pts_bbox_head.transformer.decoder.layers.5.attentions.1.position_encoder.3.weight - torch.Size([256, 256]): 
Initialized by user-defined `init_weights` in FUTR3DHead  

pts_bbox_head.transformer.decoder.layers.5.attentions.1.position_encoder.3.bias - torch.Size([256]): 
The value is the same before and after calling `init_weights` of FUTR3D  

pts_bbox_head.transformer.decoder.layers.5.attentions.1.position_encoder.4.weight - torch.Size([256]): 
The value is the same before and after calling `init_weights` of FUTR3D  

pts_bbox_head.transformer.decoder.layers.5.attentions.1.position_encoder.4.bias - torch.Size([256]): 
The value is the same before and after calling `init_weights` of FUTR3D  

pts_bbox_head.transformer.decoder.layers.5.attentions.1.modality_fusion_layer.0.weight - torch.Size([256, 512]): 
Initialized by user-defined `init_weights` in FUTR3DHead  

pts_bbox_head.transformer.decoder.layers.5.attentions.1.modality_fusion_layer.0.bias - torch.Size([256]): 
The value is the same before and after calling `init_weights` of FUTR3D  

pts_bbox_head.transformer.decoder.layers.5.attentions.1.modality_fusion_layer.1.weight - torch.Size([256]): 
The value is the same before and after calling `init_weights` of FUTR3D  

pts_bbox_head.transformer.decoder.layers.5.attentions.1.modality_fusion_layer.1.bias - torch.Size([256]): 
The value is the same before and after calling `init_weights` of FUTR3D  

pts_bbox_head.transformer.decoder.layers.5.attentions.1.modality_fusion_layer.3.weight - torch.Size([256, 256]): 
Initialized by user-defined `init_weights` in FUTR3DHead  

pts_bbox_head.transformer.decoder.layers.5.attentions.1.modality_fusion_layer.3.bias - torch.Size([256]): 
The value is the same before and after calling `init_weights` of FUTR3D  

pts_bbox_head.transformer.decoder.layers.5.attentions.1.modality_fusion_layer.4.weight - torch.Size([256]): 
The value is the same before and after calling `init_weights` of FUTR3D  

pts_bbox_head.transformer.decoder.layers.5.attentions.1.modality_fusion_layer.4.bias - torch.Size([256]): 
The value is the same before and after calling `init_weights` of FUTR3D  

pts_bbox_head.transformer.decoder.layers.5.ffns.0.layers.0.0.weight - torch.Size([1024, 256]): 
Initialized by user-defined `init_weights` in FUTR3DHead  

pts_bbox_head.transformer.decoder.layers.5.ffns.0.layers.0.0.bias - torch.Size([1024]): 
The value is the same before and after calling `init_weights` of FUTR3D  

pts_bbox_head.transformer.decoder.layers.5.ffns.0.layers.1.weight - torch.Size([256, 1024]): 
Initialized by user-defined `init_weights` in FUTR3DHead  

pts_bbox_head.transformer.decoder.layers.5.ffns.0.layers.1.bias - torch.Size([256]): 
The value is the same before and after calling `init_weights` of FUTR3D  

pts_bbox_head.transformer.decoder.layers.5.norms.0.weight - torch.Size([256]): 
The value is the same before and after calling `init_weights` of FUTR3D  

pts_bbox_head.transformer.decoder.layers.5.norms.0.bias - torch.Size([256]): 
The value is the same before and after calling `init_weights` of FUTR3D  

pts_bbox_head.transformer.decoder.layers.5.norms.1.weight - torch.Size([256]): 
The value is the same before and after calling `init_weights` of FUTR3D  

pts_bbox_head.transformer.decoder.layers.5.norms.1.bias - torch.Size([256]): 
The value is the same before and after calling `init_weights` of FUTR3D  

pts_bbox_head.transformer.decoder.layers.5.norms.2.weight - torch.Size([256]): 
The value is the same before and after calling `init_weights` of FUTR3D  

pts_bbox_head.transformer.decoder.layers.5.norms.2.bias - torch.Size([256]): 
The value is the same before and after calling `init_weights` of FUTR3D  

pts_bbox_head.transformer.decoder.query_scale.layers.0.weight - torch.Size([256, 256]): 
Initialized by user-defined `init_weights` in FUTR3DHead  

pts_bbox_head.transformer.decoder.query_scale.layers.0.bias - torch.Size([256]): 
The value is the same before and after calling `init_weights` of FUTR3D  

pts_bbox_head.transformer.decoder.query_scale.layers.1.weight - torch.Size([256, 256]): 
Initialized by user-defined `init_weights` in FUTR3DHead  

pts_bbox_head.transformer.decoder.query_scale.layers.1.bias - torch.Size([256]): 
The value is the same before and after calling `init_weights` of FUTR3D  

pts_bbox_head.transformer.decoder.ref_point_head.layers.0.weight - torch.Size([256, 384]): 
Initialized by user-defined `init_weights` in FUTR3DHead  

pts_bbox_head.transformer.decoder.ref_point_head.layers.0.bias - torch.Size([256]): 
The value is the same before and after calling `init_weights` of FUTR3D  

pts_bbox_head.transformer.decoder.ref_point_head.layers.1.weight - torch.Size([256, 256]): 
Initialized by user-defined `init_weights` in FUTR3DHead  

pts_bbox_head.transformer.decoder.ref_point_head.layers.1.bias - torch.Size([256]): 
The value is the same before and after calling `init_weights` of FUTR3D  

pts_bbox_head.cls_branches.0.weight - torch.Size([10, 256]): 
The value is the same before and after calling `init_weights` of FUTR3D  

pts_bbox_head.cls_branches.0.bias - torch.Size([10]): 
Initialized by user-defined `init_weights` in FUTR3DHead  

pts_bbox_head.cls_branches.1.weight - torch.Size([10, 256]): 
The value is the same before and after calling `init_weights` of FUTR3D  

pts_bbox_head.cls_branches.1.bias - torch.Size([10]): 
Initialized by user-defined `init_weights` in FUTR3DHead  

pts_bbox_head.cls_branches.2.weight - torch.Size([10, 256]): 
The value is the same before and after calling `init_weights` of FUTR3D  

pts_bbox_head.cls_branches.2.bias - torch.Size([10]): 
Initialized by user-defined `init_weights` in FUTR3DHead  

pts_bbox_head.cls_branches.3.weight - torch.Size([10, 256]): 
The value is the same before and after calling `init_weights` of FUTR3D  

pts_bbox_head.cls_branches.3.bias - torch.Size([10]): 
Initialized by user-defined `init_weights` in FUTR3DHead  

pts_bbox_head.cls_branches.4.weight - torch.Size([10, 256]): 
The value is the same before and after calling `init_weights` of FUTR3D  

pts_bbox_head.cls_branches.4.bias - torch.Size([10]): 
Initialized by user-defined `init_weights` in FUTR3DHead  

pts_bbox_head.cls_branches.5.weight - torch.Size([10, 256]): 
The value is the same before and after calling `init_weights` of FUTR3D  

pts_bbox_head.cls_branches.5.bias - torch.Size([10]): 
Initialized by user-defined `init_weights` in FUTR3DHead  

pts_bbox_head.reg_branches.0.0.weight - torch.Size([256, 256]): 
The value is the same before and after calling `init_weights` of FUTR3D  

pts_bbox_head.reg_branches.0.0.bias - torch.Size([256]): 
The value is the same before and after calling `init_weights` of FUTR3D  

pts_bbox_head.reg_branches.0.2.weight - torch.Size([256, 256]): 
The value is the same before and after calling `init_weights` of FUTR3D  

pts_bbox_head.reg_branches.0.2.bias - torch.Size([256]): 
The value is the same before and after calling `init_weights` of FUTR3D  

pts_bbox_head.reg_branches.0.4.weight - torch.Size([10, 256]): 
Initialized by user-defined `init_weights` in FUTR3DHead  

pts_bbox_head.reg_branches.0.4.bias - torch.Size([10]): 
Initialized by user-defined `init_weights` in FUTR3DHead  

pts_bbox_head.reg_branches.1.0.weight - torch.Size([256, 256]): 
The value is the same before and after calling `init_weights` of FUTR3D  

pts_bbox_head.reg_branches.1.0.bias - torch.Size([256]): 
The value is the same before and after calling `init_weights` of FUTR3D  

pts_bbox_head.reg_branches.1.2.weight - torch.Size([256, 256]): 
The value is the same before and after calling `init_weights` of FUTR3D  

pts_bbox_head.reg_branches.1.2.bias - torch.Size([256]): 
The value is the same before and after calling `init_weights` of FUTR3D  

pts_bbox_head.reg_branches.1.4.weight - torch.Size([10, 256]): 
Initialized by user-defined `init_weights` in FUTR3DHead  

pts_bbox_head.reg_branches.1.4.bias - torch.Size([10]): 
Initialized by user-defined `init_weights` in FUTR3DHead  

pts_bbox_head.reg_branches.2.0.weight - torch.Size([256, 256]): 
The value is the same before and after calling `init_weights` of FUTR3D  

pts_bbox_head.reg_branches.2.0.bias - torch.Size([256]): 
The value is the same before and after calling `init_weights` of FUTR3D  

pts_bbox_head.reg_branches.2.2.weight - torch.Size([256, 256]): 
The value is the same before and after calling `init_weights` of FUTR3D  

pts_bbox_head.reg_branches.2.2.bias - torch.Size([256]): 
The value is the same before and after calling `init_weights` of FUTR3D  

pts_bbox_head.reg_branches.2.4.weight - torch.Size([10, 256]): 
Initialized by user-defined `init_weights` in FUTR3DHead  

pts_bbox_head.reg_branches.2.4.bias - torch.Size([10]): 
Initialized by user-defined `init_weights` in FUTR3DHead  

pts_bbox_head.reg_branches.3.0.weight - torch.Size([256, 256]): 
The value is the same before and after calling `init_weights` of FUTR3D  

pts_bbox_head.reg_branches.3.0.bias - torch.Size([256]): 
The value is the same before and after calling `init_weights` of FUTR3D  

pts_bbox_head.reg_branches.3.2.weight - torch.Size([256, 256]): 
The value is the same before and after calling `init_weights` of FUTR3D  

pts_bbox_head.reg_branches.3.2.bias - torch.Size([256]): 
The value is the same before and after calling `init_weights` of FUTR3D  

pts_bbox_head.reg_branches.3.4.weight - torch.Size([10, 256]): 
Initialized by user-defined `init_weights` in FUTR3DHead  

pts_bbox_head.reg_branches.3.4.bias - torch.Size([10]): 
Initialized by user-defined `init_weights` in FUTR3DHead  

pts_bbox_head.reg_branches.4.0.weight - torch.Size([256, 256]): 
The value is the same before and after calling `init_weights` of FUTR3D  

pts_bbox_head.reg_branches.4.0.bias - torch.Size([256]): 
The value is the same before and after calling `init_weights` of FUTR3D  

pts_bbox_head.reg_branches.4.2.weight - torch.Size([256, 256]): 
The value is the same before and after calling `init_weights` of FUTR3D  

pts_bbox_head.reg_branches.4.2.bias - torch.Size([256]): 
The value is the same before and after calling `init_weights` of FUTR3D  

pts_bbox_head.reg_branches.4.4.weight - torch.Size([10, 256]): 
Initialized by user-defined `init_weights` in FUTR3DHead  

pts_bbox_head.reg_branches.4.4.bias - torch.Size([10]): 
Initialized by user-defined `init_weights` in FUTR3DHead  

pts_bbox_head.reg_branches.5.0.weight - torch.Size([256, 256]): 
The value is the same before and after calling `init_weights` of FUTR3D  

pts_bbox_head.reg_branches.5.0.bias - torch.Size([256]): 
The value is the same before and after calling `init_weights` of FUTR3D  

pts_bbox_head.reg_branches.5.2.weight - torch.Size([256, 256]): 
The value is the same before and after calling `init_weights` of FUTR3D  

pts_bbox_head.reg_branches.5.2.bias - torch.Size([256]): 
The value is the same before and after calling `init_weights` of FUTR3D  

pts_bbox_head.reg_branches.5.4.weight - torch.Size([10, 256]): 
Initialized by user-defined `init_weights` in FUTR3DHead  

pts_bbox_head.reg_branches.5.4.bias - torch.Size([10]): 
Initialized by user-defined `init_weights` in FUTR3DHead  

pts_bbox_head.tgt_embed.weight - torch.Size([900, 256]): 
The value is the same before and after calling `init_weights` of FUTR3D  

pts_bbox_head.refpoint_embed.weight - torch.Size([900, 3]): 
The value is the same before and after calling `init_weights` of FUTR3D  

img_backbone.conv1.weight - torch.Size([64, 3, 7, 7]): 
KaimingInit: a=0, mode=fan_out, nonlinearity=relu, distribution =normal, bias=0 

img_backbone.bn1.weight - torch.Size([64]): 
The value is the same before and after calling `init_weights` of FUTR3D  

img_backbone.bn1.bias - torch.Size([64]): 
The value is the same before and after calling `init_weights` of FUTR3D  

img_backbone.layer1.0.conv1.weight - torch.Size([64, 64, 1, 1]): 
KaimingInit: a=0, mode=fan_out, nonlinearity=relu, distribution =normal, bias=0 

img_backbone.layer1.0.bn1.weight - torch.Size([64]): 
The value is the same before and after calling `init_weights` of FUTR3D  

img_backbone.layer1.0.bn1.bias - torch.Size([64]): 
The value is the same before and after calling `init_weights` of FUTR3D  

img_backbone.layer1.0.conv2.weight - torch.Size([64, 64, 3, 3]): 
KaimingInit: a=0, mode=fan_out, nonlinearity=relu, distribution =normal, bias=0 

img_backbone.layer1.0.bn2.weight - torch.Size([64]): 
The value is the same before and after calling `init_weights` of FUTR3D  

img_backbone.layer1.0.bn2.bias - torch.Size([64]): 
The value is the same before and after calling `init_weights` of FUTR3D  

img_backbone.layer1.0.conv3.weight - torch.Size([256, 64, 1, 1]): 
KaimingInit: a=0, mode=fan_out, nonlinearity=relu, distribution =normal, bias=0 

img_backbone.layer1.0.bn3.weight - torch.Size([256]): 
ConstantInit: val=0, bias=0 

img_backbone.layer1.0.bn3.bias - torch.Size([256]): 
The value is the same before and after calling `init_weights` of FUTR3D  

img_backbone.layer1.0.downsample.0.weight - torch.Size([256, 64, 1, 1]): 
KaimingInit: a=0, mode=fan_out, nonlinearity=relu, distribution =normal, bias=0 

img_backbone.layer1.0.downsample.1.weight - torch.Size([256]): 
The value is the same before and after calling `init_weights` of FUTR3D  

img_backbone.layer1.0.downsample.1.bias - torch.Size([256]): 
The value is the same before and after calling `init_weights` of FUTR3D  

img_backbone.layer1.1.conv1.weight - torch.Size([64, 256, 1, 1]): 
KaimingInit: a=0, mode=fan_out, nonlinearity=relu, distribution =normal, bias=0 

img_backbone.layer1.1.bn1.weight - torch.Size([64]): 
The value is the same before and after calling `init_weights` of FUTR3D  

img_backbone.layer1.1.bn1.bias - torch.Size([64]): 
The value is the same before and after calling `init_weights` of FUTR3D  

img_backbone.layer1.1.conv2.weight - torch.Size([64, 64, 3, 3]): 
KaimingInit: a=0, mode=fan_out, nonlinearity=relu, distribution =normal, bias=0 

img_backbone.layer1.1.bn2.weight - torch.Size([64]): 
The value is the same before and after calling `init_weights` of FUTR3D  

img_backbone.layer1.1.bn2.bias - torch.Size([64]): 
The value is the same before and after calling `init_weights` of FUTR3D  

img_backbone.layer1.1.conv3.weight - torch.Size([256, 64, 1, 1]): 
KaimingInit: a=0, mode=fan_out, nonlinearity=relu, distribution =normal, bias=0 

img_backbone.layer1.1.bn3.weight - torch.Size([256]): 
ConstantInit: val=0, bias=0 

img_backbone.layer1.1.bn3.bias - torch.Size([256]): 
The value is the same before and after calling `init_weights` of FUTR3D  

img_backbone.layer1.2.conv1.weight - torch.Size([64, 256, 1, 1]): 
KaimingInit: a=0, mode=fan_out, nonlinearity=relu, distribution =normal, bias=0 

img_backbone.layer1.2.bn1.weight - torch.Size([64]): 
The value is the same before and after calling `init_weights` of FUTR3D  

img_backbone.layer1.2.bn1.bias - torch.Size([64]): 
The value is the same before and after calling `init_weights` of FUTR3D  

img_backbone.layer1.2.conv2.weight - torch.Size([64, 64, 3, 3]): 
KaimingInit: a=0, mode=fan_out, nonlinearity=relu, distribution =normal, bias=0 

img_backbone.layer1.2.bn2.weight - torch.Size([64]): 
The value is the same before and after calling `init_weights` of FUTR3D  

img_backbone.layer1.2.bn2.bias - torch.Size([64]): 
The value is the same before and after calling `init_weights` of FUTR3D  

img_backbone.layer1.2.conv3.weight - torch.Size([256, 64, 1, 1]): 
KaimingInit: a=0, mode=fan_out, nonlinearity=relu, distribution =normal, bias=0 

img_backbone.layer1.2.bn3.weight - torch.Size([256]): 
ConstantInit: val=0, bias=0 

img_backbone.layer1.2.bn3.bias - torch.Size([256]): 
The value is the same before and after calling `init_weights` of FUTR3D  

img_backbone.layer2.0.conv1.weight - torch.Size([128, 256, 1, 1]): 
KaimingInit: a=0, mode=fan_out, nonlinearity=relu, distribution =normal, bias=0 

img_backbone.layer2.0.bn1.weight - torch.Size([128]): 
The value is the same before and after calling `init_weights` of FUTR3D  

img_backbone.layer2.0.bn1.bias - torch.Size([128]): 
The value is the same before and after calling `init_weights` of FUTR3D  

img_backbone.layer2.0.conv2.weight - torch.Size([128, 128, 3, 3]): 
KaimingInit: a=0, mode=fan_out, nonlinearity=relu, distribution =normal, bias=0 

img_backbone.layer2.0.bn2.weight - torch.Size([128]): 
The value is the same before and after calling `init_weights` of FUTR3D  

img_backbone.layer2.0.bn2.bias - torch.Size([128]): 
The value is the same before and after calling `init_weights` of FUTR3D  

img_backbone.layer2.0.conv3.weight - torch.Size([512, 128, 1, 1]): 
KaimingInit: a=0, mode=fan_out, nonlinearity=relu, distribution =normal, bias=0 

img_backbone.layer2.0.bn3.weight - torch.Size([512]): 
ConstantInit: val=0, bias=0 

img_backbone.layer2.0.bn3.bias - torch.Size([512]): 
The value is the same before and after calling `init_weights` of FUTR3D  

img_backbone.layer2.0.downsample.0.weight - torch.Size([512, 256, 1, 1]): 
KaimingInit: a=0, mode=fan_out, nonlinearity=relu, distribution =normal, bias=0 

img_backbone.layer2.0.downsample.1.weight - torch.Size([512]): 
The value is the same before and after calling `init_weights` of FUTR3D  

img_backbone.layer2.0.downsample.1.bias - torch.Size([512]): 
The value is the same before and after calling `init_weights` of FUTR3D  

img_backbone.layer2.1.conv1.weight - torch.Size([128, 512, 1, 1]): 
KaimingInit: a=0, mode=fan_out, nonlinearity=relu, distribution =normal, bias=0 

img_backbone.layer2.1.bn1.weight - torch.Size([128]): 
The value is the same before and after calling `init_weights` of FUTR3D  

img_backbone.layer2.1.bn1.bias - torch.Size([128]): 
The value is the same before and after calling `init_weights` of FUTR3D  

img_backbone.layer2.1.conv2.weight - torch.Size([128, 128, 3, 3]): 
KaimingInit: a=0, mode=fan_out, nonlinearity=relu, distribution =normal, bias=0 

img_backbone.layer2.1.bn2.weight - torch.Size([128]): 
The value is the same before and after calling `init_weights` of FUTR3D  

img_backbone.layer2.1.bn2.bias - torch.Size([128]): 
The value is the same before and after calling `init_weights` of FUTR3D  

img_backbone.layer2.1.conv3.weight - torch.Size([512, 128, 1, 1]): 
KaimingInit: a=0, mode=fan_out, nonlinearity=relu, distribution =normal, bias=0 

img_backbone.layer2.1.bn3.weight - torch.Size([512]): 
ConstantInit: val=0, bias=0 

img_backbone.layer2.1.bn3.bias - torch.Size([512]): 
The value is the same before and after calling `init_weights` of FUTR3D  

img_backbone.layer2.2.conv1.weight - torch.Size([128, 512, 1, 1]): 
KaimingInit: a=0, mode=fan_out, nonlinearity=relu, distribution =normal, bias=0 

img_backbone.layer2.2.bn1.weight - torch.Size([128]): 
The value is the same before and after calling `init_weights` of FUTR3D  

img_backbone.layer2.2.bn1.bias - torch.Size([128]): 
The value is the same before and after calling `init_weights` of FUTR3D  

img_backbone.layer2.2.conv2.weight - torch.Size([128, 128, 3, 3]): 
KaimingInit: a=0, mode=fan_out, nonlinearity=relu, distribution =normal, bias=0 

img_backbone.layer2.2.bn2.weight - torch.Size([128]): 
The value is the same before and after calling `init_weights` of FUTR3D  

img_backbone.layer2.2.bn2.bias - torch.Size([128]): 
The value is the same before and after calling `init_weights` of FUTR3D  

img_backbone.layer2.2.conv3.weight - torch.Size([512, 128, 1, 1]): 
KaimingInit: a=0, mode=fan_out, nonlinearity=relu, distribution =normal, bias=0 

img_backbone.layer2.2.bn3.weight - torch.Size([512]): 
ConstantInit: val=0, bias=0 

img_backbone.layer2.2.bn3.bias - torch.Size([512]): 
The value is the same before and after calling `init_weights` of FUTR3D  

img_backbone.layer2.3.conv1.weight - torch.Size([128, 512, 1, 1]): 
KaimingInit: a=0, mode=fan_out, nonlinearity=relu, distribution =normal, bias=0 

img_backbone.layer2.3.bn1.weight - torch.Size([128]): 
The value is the same before and after calling `init_weights` of FUTR3D  

img_backbone.layer2.3.bn1.bias - torch.Size([128]): 
The value is the same before and after calling `init_weights` of FUTR3D  

img_backbone.layer2.3.conv2.weight - torch.Size([128, 128, 3, 3]): 
KaimingInit: a=0, mode=fan_out, nonlinearity=relu, distribution =normal, bias=0 

img_backbone.layer2.3.bn2.weight - torch.Size([128]): 
The value is the same before and after calling `init_weights` of FUTR3D  

img_backbone.layer2.3.bn2.bias - torch.Size([128]): 
The value is the same before and after calling `init_weights` of FUTR3D  

img_backbone.layer2.3.conv3.weight - torch.Size([512, 128, 1, 1]): 
KaimingInit: a=0, mode=fan_out, nonlinearity=relu, distribution =normal, bias=0 

img_backbone.layer2.3.bn3.weight - torch.Size([512]): 
ConstantInit: val=0, bias=0 

img_backbone.layer2.3.bn3.bias - torch.Size([512]): 
The value is the same before and after calling `init_weights` of FUTR3D  

img_backbone.layer3.0.conv1.weight - torch.Size([256, 512, 1, 1]): 
KaimingInit: a=0, mode=fan_out, nonlinearity=relu, distribution =normal, bias=0 

img_backbone.layer3.0.bn1.weight - torch.Size([256]): 
The value is the same before and after calling `init_weights` of FUTR3D  

img_backbone.layer3.0.bn1.bias - torch.Size([256]): 
The value is the same before and after calling `init_weights` of FUTR3D  

img_backbone.layer3.0.conv2.weight - torch.Size([256, 256, 3, 3]): 
Initialized by user-defined `init_weights` in ModulatedDeformConv2dPack  

img_backbone.layer3.0.conv2.conv_offset.weight - torch.Size([27, 256, 3, 3]): 
Initialized by user-defined `init_weights` in ModulatedDeformConv2dPack  

img_backbone.layer3.0.conv2.conv_offset.bias - torch.Size([27]): 
The value is the same before and after calling `init_weights` of FUTR3D  

img_backbone.layer3.0.bn2.weight - torch.Size([256]): 
The value is the same before and after calling `init_weights` of FUTR3D  

img_backbone.layer3.0.bn2.bias - torch.Size([256]): 
The value is the same before and after calling `init_weights` of FUTR3D  

img_backbone.layer3.0.conv3.weight - torch.Size([1024, 256, 1, 1]): 
KaimingInit: a=0, mode=fan_out, nonlinearity=relu, distribution =normal, bias=0 

img_backbone.layer3.0.bn3.weight - torch.Size([1024]): 
ConstantInit: val=0, bias=0 

img_backbone.layer3.0.bn3.bias - torch.Size([1024]): 
The value is the same before and after calling `init_weights` of FUTR3D  

img_backbone.layer3.0.downsample.0.weight - torch.Size([1024, 512, 1, 1]): 
KaimingInit: a=0, mode=fan_out, nonlinearity=relu, distribution =normal, bias=0 

img_backbone.layer3.0.downsample.1.weight - torch.Size([1024]): 
The value is the same before and after calling `init_weights` of FUTR3D  

img_backbone.layer3.0.downsample.1.bias - torch.Size([1024]): 
The value is the same before and after calling `init_weights` of FUTR3D  

img_backbone.layer3.1.conv1.weight - torch.Size([256, 1024, 1, 1]): 
KaimingInit: a=0, mode=fan_out, nonlinearity=relu, distribution =normal, bias=0 

img_backbone.layer3.1.bn1.weight - torch.Size([256]): 
The value is the same before and after calling `init_weights` of FUTR3D  

img_backbone.layer3.1.bn1.bias - torch.Size([256]): 
The value is the same before and after calling `init_weights` of FUTR3D  

img_backbone.layer3.1.conv2.weight - torch.Size([256, 256, 3, 3]): 
Initialized by user-defined `init_weights` in ModulatedDeformConv2dPack  

img_backbone.layer3.1.conv2.conv_offset.weight - torch.Size([27, 256, 3, 3]): 
Initialized by user-defined `init_weights` in ModulatedDeformConv2dPack  

img_backbone.layer3.1.conv2.conv_offset.bias - torch.Size([27]): 
The value is the same before and after calling `init_weights` of FUTR3D  

img_backbone.layer3.1.bn2.weight - torch.Size([256]): 
The value is the same before and after calling `init_weights` of FUTR3D  

img_backbone.layer3.1.bn2.bias - torch.Size([256]): 
The value is the same before and after calling `init_weights` of FUTR3D  

img_backbone.layer3.1.conv3.weight - torch.Size([1024, 256, 1, 1]): 
KaimingInit: a=0, mode=fan_out, nonlinearity=relu, distribution =normal, bias=0 

img_backbone.layer3.1.bn3.weight - torch.Size([1024]): 
ConstantInit: val=0, bias=0 

img_backbone.layer3.1.bn3.bias - torch.Size([1024]): 
The value is the same before and after calling `init_weights` of FUTR3D  

img_backbone.layer3.2.conv1.weight - torch.Size([256, 1024, 1, 1]): 
KaimingInit: a=0, mode=fan_out, nonlinearity=relu, distribution =normal, bias=0 

img_backbone.layer3.2.bn1.weight - torch.Size([256]): 
The value is the same before and after calling `init_weights` of FUTR3D  

img_backbone.layer3.2.bn1.bias - torch.Size([256]): 
The value is the same before and after calling `init_weights` of FUTR3D  

img_backbone.layer3.2.conv2.weight - torch.Size([256, 256, 3, 3]): 
Initialized by user-defined `init_weights` in ModulatedDeformConv2dPack  

img_backbone.layer3.2.conv2.conv_offset.weight - torch.Size([27, 256, 3, 3]): 
Initialized by user-defined `init_weights` in ModulatedDeformConv2dPack  

img_backbone.layer3.2.conv2.conv_offset.bias - torch.Size([27]): 
The value is the same before and after calling `init_weights` of FUTR3D  

img_backbone.layer3.2.bn2.weight - torch.Size([256]): 
The value is the same before and after calling `init_weights` of FUTR3D  

img_backbone.layer3.2.bn2.bias - torch.Size([256]): 
The value is the same before and after calling `init_weights` of FUTR3D  

img_backbone.layer3.2.conv3.weight - torch.Size([1024, 256, 1, 1]): 
KaimingInit: a=0, mode=fan_out, nonlinearity=relu, distribution =normal, bias=0 

img_backbone.layer3.2.bn3.weight - torch.Size([1024]): 
ConstantInit: val=0, bias=0 

img_backbone.layer3.2.bn3.bias - torch.Size([1024]): 
The value is the same before and after calling `init_weights` of FUTR3D  

img_backbone.layer3.3.conv1.weight - torch.Size([256, 1024, 1, 1]): 
KaimingInit: a=0, mode=fan_out, nonlinearity=relu, distribution =normal, bias=0 

img_backbone.layer3.3.bn1.weight - torch.Size([256]): 
The value is the same before and after calling `init_weights` of FUTR3D  

img_backbone.layer3.3.bn1.bias - torch.Size([256]): 
The value is the same before and after calling `init_weights` of FUTR3D  

img_backbone.layer3.3.conv2.weight - torch.Size([256, 256, 3, 3]): 
Initialized by user-defined `init_weights` in ModulatedDeformConv2dPack  

img_backbone.layer3.3.conv2.conv_offset.weight - torch.Size([27, 256, 3, 3]): 
Initialized by user-defined `init_weights` in ModulatedDeformConv2dPack  

img_backbone.layer3.3.conv2.conv_offset.bias - torch.Size([27]): 
The value is the same before and after calling `init_weights` of FUTR3D  

img_backbone.layer3.3.bn2.weight - torch.Size([256]): 
The value is the same before and after calling `init_weights` of FUTR3D  

img_backbone.layer3.3.bn2.bias - torch.Size([256]): 
The value is the same before and after calling `init_weights` of FUTR3D  

img_backbone.layer3.3.conv3.weight - torch.Size([1024, 256, 1, 1]): 
KaimingInit: a=0, mode=fan_out, nonlinearity=relu, distribution =normal, bias=0 

img_backbone.layer3.3.bn3.weight - torch.Size([1024]): 
ConstantInit: val=0, bias=0 

img_backbone.layer3.3.bn3.bias - torch.Size([1024]): 
The value is the same before and after calling `init_weights` of FUTR3D  

img_backbone.layer3.4.conv1.weight - torch.Size([256, 1024, 1, 1]): 
KaimingInit: a=0, mode=fan_out, nonlinearity=relu, distribution =normal, bias=0 

img_backbone.layer3.4.bn1.weight - torch.Size([256]): 
The value is the same before and after calling `init_weights` of FUTR3D  

img_backbone.layer3.4.bn1.bias - torch.Size([256]): 
The value is the same before and after calling `init_weights` of FUTR3D  

img_backbone.layer3.4.conv2.weight - torch.Size([256, 256, 3, 3]): 
Initialized by user-defined `init_weights` in ModulatedDeformConv2dPack  

img_backbone.layer3.4.conv2.conv_offset.weight - torch.Size([27, 256, 3, 3]): 
Initialized by user-defined `init_weights` in ModulatedDeformConv2dPack  

img_backbone.layer3.4.conv2.conv_offset.bias - torch.Size([27]): 
The value is the same before and after calling `init_weights` of FUTR3D  

img_backbone.layer3.4.bn2.weight - torch.Size([256]): 
The value is the same before and after calling `init_weights` of FUTR3D  

img_backbone.layer3.4.bn2.bias - torch.Size([256]): 
The value is the same before and after calling `init_weights` of FUTR3D  

img_backbone.layer3.4.conv3.weight - torch.Size([1024, 256, 1, 1]): 
KaimingInit: a=0, mode=fan_out, nonlinearity=relu, distribution =normal, bias=0 

img_backbone.layer3.4.bn3.weight - torch.Size([1024]): 
ConstantInit: val=0, bias=0 

img_backbone.layer3.4.bn3.bias - torch.Size([1024]): 
The value is the same before and after calling `init_weights` of FUTR3D  

img_backbone.layer3.5.conv1.weight - torch.Size([256, 1024, 1, 1]): 
KaimingInit: a=0, mode=fan_out, nonlinearity=relu, distribution =normal, bias=0 

img_backbone.layer3.5.bn1.weight - torch.Size([256]): 
The value is the same before and after calling `init_weights` of FUTR3D  

img_backbone.layer3.5.bn1.bias - torch.Size([256]): 
The value is the same before and after calling `init_weights` of FUTR3D  

img_backbone.layer3.5.conv2.weight - torch.Size([256, 256, 3, 3]): 
Initialized by user-defined `init_weights` in ModulatedDeformConv2dPack  

img_backbone.layer3.5.conv2.conv_offset.weight - torch.Size([27, 256, 3, 3]): 
Initialized by user-defined `init_weights` in ModulatedDeformConv2dPack  

img_backbone.layer3.5.conv2.conv_offset.bias - torch.Size([27]): 
The value is the same before and after calling `init_weights` of FUTR3D  

img_backbone.layer3.5.bn2.weight - torch.Size([256]): 
The value is the same before and after calling `init_weights` of FUTR3D  

img_backbone.layer3.5.bn2.bias - torch.Size([256]): 
The value is the same before and after calling `init_weights` of FUTR3D  

img_backbone.layer3.5.conv3.weight - torch.Size([1024, 256, 1, 1]): 
KaimingInit: a=0, mode=fan_out, nonlinearity=relu, distribution =normal, bias=0 

img_backbone.layer3.5.bn3.weight - torch.Size([1024]): 
ConstantInit: val=0, bias=0 

img_backbone.layer3.5.bn3.bias - torch.Size([1024]): 
The value is the same before and after calling `init_weights` of FUTR3D  

img_backbone.layer3.6.conv1.weight - torch.Size([256, 1024, 1, 1]): 
KaimingInit: a=0, mode=fan_out, nonlinearity=relu, distribution =normal, bias=0 

img_backbone.layer3.6.bn1.weight - torch.Size([256]): 
The value is the same before and after calling `init_weights` of FUTR3D  

img_backbone.layer3.6.bn1.bias - torch.Size([256]): 
The value is the same before and after calling `init_weights` of FUTR3D  

img_backbone.layer3.6.conv2.weight - torch.Size([256, 256, 3, 3]): 
Initialized by user-defined `init_weights` in ModulatedDeformConv2dPack  

img_backbone.layer3.6.conv2.conv_offset.weight - torch.Size([27, 256, 3, 3]): 
Initialized by user-defined `init_weights` in ModulatedDeformConv2dPack  

img_backbone.layer3.6.conv2.conv_offset.bias - torch.Size([27]): 
The value is the same before and after calling `init_weights` of FUTR3D  

img_backbone.layer3.6.bn2.weight - torch.Size([256]): 
The value is the same before and after calling `init_weights` of FUTR3D  

img_backbone.layer3.6.bn2.bias - torch.Size([256]): 
The value is the same before and after calling `init_weights` of FUTR3D  

img_backbone.layer3.6.conv3.weight - torch.Size([1024, 256, 1, 1]): 
KaimingInit: a=0, mode=fan_out, nonlinearity=relu, distribution =normal, bias=0 

img_backbone.layer3.6.bn3.weight - torch.Size([1024]): 
ConstantInit: val=0, bias=0 

img_backbone.layer3.6.bn3.bias - torch.Size([1024]): 
The value is the same before and after calling `init_weights` of FUTR3D  

img_backbone.layer3.7.conv1.weight - torch.Size([256, 1024, 1, 1]): 
KaimingInit: a=0, mode=fan_out, nonlinearity=relu, distribution =normal, bias=0 

img_backbone.layer3.7.bn1.weight - torch.Size([256]): 
The value is the same before and after calling `init_weights` of FUTR3D  

img_backbone.layer3.7.bn1.bias - torch.Size([256]): 
The value is the same before and after calling `init_weights` of FUTR3D  

img_backbone.layer3.7.conv2.weight - torch.Size([256, 256, 3, 3]): 
Initialized by user-defined `init_weights` in ModulatedDeformConv2dPack  

img_backbone.layer3.7.conv2.conv_offset.weight - torch.Size([27, 256, 3, 3]): 
Initialized by user-defined `init_weights` in ModulatedDeformConv2dPack  

img_backbone.layer3.7.conv2.conv_offset.bias - torch.Size([27]): 
The value is the same before and after calling `init_weights` of FUTR3D  

img_backbone.layer3.7.bn2.weight - torch.Size([256]): 
The value is the same before and after calling `init_weights` of FUTR3D  

img_backbone.layer3.7.bn2.bias - torch.Size([256]): 
The value is the same before and after calling `init_weights` of FUTR3D  

img_backbone.layer3.7.conv3.weight - torch.Size([1024, 256, 1, 1]): 
KaimingInit: a=0, mode=fan_out, nonlinearity=relu, distribution =normal, bias=0 

img_backbone.layer3.7.bn3.weight - torch.Size([1024]): 
ConstantInit: val=0, bias=0 

img_backbone.layer3.7.bn3.bias - torch.Size([1024]): 
The value is the same before and after calling `init_weights` of FUTR3D  

img_backbone.layer3.8.conv1.weight - torch.Size([256, 1024, 1, 1]): 
KaimingInit: a=0, mode=fan_out, nonlinearity=relu, distribution =normal, bias=0 

img_backbone.layer3.8.bn1.weight - torch.Size([256]): 
The value is the same before and after calling `init_weights` of FUTR3D  

img_backbone.layer3.8.bn1.bias - torch.Size([256]): 
The value is the same before and after calling `init_weights` of FUTR3D  

img_backbone.layer3.8.conv2.weight - torch.Size([256, 256, 3, 3]): 
Initialized by user-defined `init_weights` in ModulatedDeformConv2dPack  

img_backbone.layer3.8.conv2.conv_offset.weight - torch.Size([27, 256, 3, 3]): 
Initialized by user-defined `init_weights` in ModulatedDeformConv2dPack  

img_backbone.layer3.8.conv2.conv_offset.bias - torch.Size([27]): 
The value is the same before and after calling `init_weights` of FUTR3D  

img_backbone.layer3.8.bn2.weight - torch.Size([256]): 
The value is the same before and after calling `init_weights` of FUTR3D  

img_backbone.layer3.8.bn2.bias - torch.Size([256]): 
The value is the same before and after calling `init_weights` of FUTR3D  

img_backbone.layer3.8.conv3.weight - torch.Size([1024, 256, 1, 1]): 
KaimingInit: a=0, mode=fan_out, nonlinearity=relu, distribution =normal, bias=0 

img_backbone.layer3.8.bn3.weight - torch.Size([1024]): 
ConstantInit: val=0, bias=0 

img_backbone.layer3.8.bn3.bias - torch.Size([1024]): 
The value is the same before and after calling `init_weights` of FUTR3D  

img_backbone.layer3.9.conv1.weight - torch.Size([256, 1024, 1, 1]): 
KaimingInit: a=0, mode=fan_out, nonlinearity=relu, distribution =normal, bias=0 

img_backbone.layer3.9.bn1.weight - torch.Size([256]): 
The value is the same before and after calling `init_weights` of FUTR3D  

img_backbone.layer3.9.bn1.bias - torch.Size([256]): 
The value is the same before and after calling `init_weights` of FUTR3D  

img_backbone.layer3.9.conv2.weight - torch.Size([256, 256, 3, 3]): 
Initialized by user-defined `init_weights` in ModulatedDeformConv2dPack  

img_backbone.layer3.9.conv2.conv_offset.weight - torch.Size([27, 256, 3, 3]): 
Initialized by user-defined `init_weights` in ModulatedDeformConv2dPack  

img_backbone.layer3.9.conv2.conv_offset.bias - torch.Size([27]): 
The value is the same before and after calling `init_weights` of FUTR3D  

img_backbone.layer3.9.bn2.weight - torch.Size([256]): 
The value is the same before and after calling `init_weights` of FUTR3D  

img_backbone.layer3.9.bn2.bias - torch.Size([256]): 
The value is the same before and after calling `init_weights` of FUTR3D  

img_backbone.layer3.9.conv3.weight - torch.Size([1024, 256, 1, 1]): 
KaimingInit: a=0, mode=fan_out, nonlinearity=relu, distribution =normal, bias=0 

img_backbone.layer3.9.bn3.weight - torch.Size([1024]): 
ConstantInit: val=0, bias=0 

img_backbone.layer3.9.bn3.bias - torch.Size([1024]): 
The value is the same before and after calling `init_weights` of FUTR3D  

img_backbone.layer3.10.conv1.weight - torch.Size([256, 1024, 1, 1]): 
KaimingInit: a=0, mode=fan_out, nonlinearity=relu, distribution =normal, bias=0 

img_backbone.layer3.10.bn1.weight - torch.Size([256]): 
The value is the same before and after calling `init_weights` of FUTR3D  

img_backbone.layer3.10.bn1.bias - torch.Size([256]): 
The value is the same before and after calling `init_weights` of FUTR3D  

img_backbone.layer3.10.conv2.weight - torch.Size([256, 256, 3, 3]): 
Initialized by user-defined `init_weights` in ModulatedDeformConv2dPack  

img_backbone.layer3.10.conv2.conv_offset.weight - torch.Size([27, 256, 3, 3]): 
Initialized by user-defined `init_weights` in ModulatedDeformConv2dPack  

img_backbone.layer3.10.conv2.conv_offset.bias - torch.Size([27]): 
The value is the same before and after calling `init_weights` of FUTR3D  

img_backbone.layer3.10.bn2.weight - torch.Size([256]): 
The value is the same before and after calling `init_weights` of FUTR3D  

img_backbone.layer3.10.bn2.bias - torch.Size([256]): 
The value is the same before and after calling `init_weights` of FUTR3D  

img_backbone.layer3.10.conv3.weight - torch.Size([1024, 256, 1, 1]): 
KaimingInit: a=0, mode=fan_out, nonlinearity=relu, distribution =normal, bias=0 

img_backbone.layer3.10.bn3.weight - torch.Size([1024]): 
ConstantInit: val=0, bias=0 

img_backbone.layer3.10.bn3.bias - torch.Size([1024]): 
The value is the same before and after calling `init_weights` of FUTR3D  

img_backbone.layer3.11.conv1.weight - torch.Size([256, 1024, 1, 1]): 
KaimingInit: a=0, mode=fan_out, nonlinearity=relu, distribution =normal, bias=0 

img_backbone.layer3.11.bn1.weight - torch.Size([256]): 
The value is the same before and after calling `init_weights` of FUTR3D  

img_backbone.layer3.11.bn1.bias - torch.Size([256]): 
The value is the same before and after calling `init_weights` of FUTR3D  

img_backbone.layer3.11.conv2.weight - torch.Size([256, 256, 3, 3]): 
Initialized by user-defined `init_weights` in ModulatedDeformConv2dPack  

img_backbone.layer3.11.conv2.conv_offset.weight - torch.Size([27, 256, 3, 3]): 
Initialized by user-defined `init_weights` in ModulatedDeformConv2dPack  

img_backbone.layer3.11.conv2.conv_offset.bias - torch.Size([27]): 
The value is the same before and after calling `init_weights` of FUTR3D  

img_backbone.layer3.11.bn2.weight - torch.Size([256]): 
The value is the same before and after calling `init_weights` of FUTR3D  

img_backbone.layer3.11.bn2.bias - torch.Size([256]): 
The value is the same before and after calling `init_weights` of FUTR3D  

img_backbone.layer3.11.conv3.weight - torch.Size([1024, 256, 1, 1]): 
KaimingInit: a=0, mode=fan_out, nonlinearity=relu, distribution =normal, bias=0 

img_backbone.layer3.11.bn3.weight - torch.Size([1024]): 
ConstantInit: val=0, bias=0 

img_backbone.layer3.11.bn3.bias - torch.Size([1024]): 
The value is the same before and after calling `init_weights` of FUTR3D  

img_backbone.layer3.12.conv1.weight - torch.Size([256, 1024, 1, 1]): 
KaimingInit: a=0, mode=fan_out, nonlinearity=relu, distribution =normal, bias=0 

img_backbone.layer3.12.bn1.weight - torch.Size([256]): 
The value is the same before and after calling `init_weights` of FUTR3D  

img_backbone.layer3.12.bn1.bias - torch.Size([256]): 
The value is the same before and after calling `init_weights` of FUTR3D  

img_backbone.layer3.12.conv2.weight - torch.Size([256, 256, 3, 3]): 
Initialized by user-defined `init_weights` in ModulatedDeformConv2dPack  

img_backbone.layer3.12.conv2.conv_offset.weight - torch.Size([27, 256, 3, 3]): 
Initialized by user-defined `init_weights` in ModulatedDeformConv2dPack  

img_backbone.layer3.12.conv2.conv_offset.bias - torch.Size([27]): 
The value is the same before and after calling `init_weights` of FUTR3D  

img_backbone.layer3.12.bn2.weight - torch.Size([256]): 
The value is the same before and after calling `init_weights` of FUTR3D  

img_backbone.layer3.12.bn2.bias - torch.Size([256]): 
The value is the same before and after calling `init_weights` of FUTR3D  

img_backbone.layer3.12.conv3.weight - torch.Size([1024, 256, 1, 1]): 
KaimingInit: a=0, mode=fan_out, nonlinearity=relu, distribution =normal, bias=0 

img_backbone.layer3.12.bn3.weight - torch.Size([1024]): 
ConstantInit: val=0, bias=0 

img_backbone.layer3.12.bn3.bias - torch.Size([1024]): 
The value is the same before and after calling `init_weights` of FUTR3D  

img_backbone.layer3.13.conv1.weight - torch.Size([256, 1024, 1, 1]): 
KaimingInit: a=0, mode=fan_out, nonlinearity=relu, distribution =normal, bias=0 

img_backbone.layer3.13.bn1.weight - torch.Size([256]): 
The value is the same before and after calling `init_weights` of FUTR3D  

img_backbone.layer3.13.bn1.bias - torch.Size([256]): 
The value is the same before and after calling `init_weights` of FUTR3D  

img_backbone.layer3.13.conv2.weight - torch.Size([256, 256, 3, 3]): 
Initialized by user-defined `init_weights` in ModulatedDeformConv2dPack  

img_backbone.layer3.13.conv2.conv_offset.weight - torch.Size([27, 256, 3, 3]): 
Initialized by user-defined `init_weights` in ModulatedDeformConv2dPack  

img_backbone.layer3.13.conv2.conv_offset.bias - torch.Size([27]): 
The value is the same before and after calling `init_weights` of FUTR3D  

img_backbone.layer3.13.bn2.weight - torch.Size([256]): 
The value is the same before and after calling `init_weights` of FUTR3D  

img_backbone.layer3.13.bn2.bias - torch.Size([256]): 
The value is the same before and after calling `init_weights` of FUTR3D  

img_backbone.layer3.13.conv3.weight - torch.Size([1024, 256, 1, 1]): 
KaimingInit: a=0, mode=fan_out, nonlinearity=relu, distribution =normal, bias=0 

img_backbone.layer3.13.bn3.weight - torch.Size([1024]): 
ConstantInit: val=0, bias=0 

img_backbone.layer3.13.bn3.bias - torch.Size([1024]): 
The value is the same before and after calling `init_weights` of FUTR3D  

img_backbone.layer3.14.conv1.weight - torch.Size([256, 1024, 1, 1]): 
KaimingInit: a=0, mode=fan_out, nonlinearity=relu, distribution =normal, bias=0 

img_backbone.layer3.14.bn1.weight - torch.Size([256]): 
The value is the same before and after calling `init_weights` of FUTR3D  

img_backbone.layer3.14.bn1.bias - torch.Size([256]): 
The value is the same before and after calling `init_weights` of FUTR3D  

img_backbone.layer3.14.conv2.weight - torch.Size([256, 256, 3, 3]): 
Initialized by user-defined `init_weights` in ModulatedDeformConv2dPack  

img_backbone.layer3.14.conv2.conv_offset.weight - torch.Size([27, 256, 3, 3]): 
Initialized by user-defined `init_weights` in ModulatedDeformConv2dPack  

img_backbone.layer3.14.conv2.conv_offset.bias - torch.Size([27]): 
The value is the same before and after calling `init_weights` of FUTR3D  

img_backbone.layer3.14.bn2.weight - torch.Size([256]): 
The value is the same before and after calling `init_weights` of FUTR3D  

img_backbone.layer3.14.bn2.bias - torch.Size([256]): 
The value is the same before and after calling `init_weights` of FUTR3D  

img_backbone.layer3.14.conv3.weight - torch.Size([1024, 256, 1, 1]): 
KaimingInit: a=0, mode=fan_out, nonlinearity=relu, distribution =normal, bias=0 

img_backbone.layer3.14.bn3.weight - torch.Size([1024]): 
ConstantInit: val=0, bias=0 

img_backbone.layer3.14.bn3.bias - torch.Size([1024]): 
The value is the same before and after calling `init_weights` of FUTR3D  

img_backbone.layer3.15.conv1.weight - torch.Size([256, 1024, 1, 1]): 
KaimingInit: a=0, mode=fan_out, nonlinearity=relu, distribution =normal, bias=0 

img_backbone.layer3.15.bn1.weight - torch.Size([256]): 
The value is the same before and after calling `init_weights` of FUTR3D  

img_backbone.layer3.15.bn1.bias - torch.Size([256]): 
The value is the same before and after calling `init_weights` of FUTR3D  

img_backbone.layer3.15.conv2.weight - torch.Size([256, 256, 3, 3]): 
Initialized by user-defined `init_weights` in ModulatedDeformConv2dPack  

img_backbone.layer3.15.conv2.conv_offset.weight - torch.Size([27, 256, 3, 3]): 
Initialized by user-defined `init_weights` in ModulatedDeformConv2dPack  

img_backbone.layer3.15.conv2.conv_offset.bias - torch.Size([27]): 
The value is the same before and after calling `init_weights` of FUTR3D  

img_backbone.layer3.15.bn2.weight - torch.Size([256]): 
The value is the same before and after calling `init_weights` of FUTR3D  

img_backbone.layer3.15.bn2.bias - torch.Size([256]): 
The value is the same before and after calling `init_weights` of FUTR3D  

img_backbone.layer3.15.conv3.weight - torch.Size([1024, 256, 1, 1]): 
KaimingInit: a=0, mode=fan_out, nonlinearity=relu, distribution =normal, bias=0 

img_backbone.layer3.15.bn3.weight - torch.Size([1024]): 
ConstantInit: val=0, bias=0 

img_backbone.layer3.15.bn3.bias - torch.Size([1024]): 
The value is the same before and after calling `init_weights` of FUTR3D  

img_backbone.layer3.16.conv1.weight - torch.Size([256, 1024, 1, 1]): 
KaimingInit: a=0, mode=fan_out, nonlinearity=relu, distribution =normal, bias=0 

img_backbone.layer3.16.bn1.weight - torch.Size([256]): 
The value is the same before and after calling `init_weights` of FUTR3D  

img_backbone.layer3.16.bn1.bias - torch.Size([256]): 
The value is the same before and after calling `init_weights` of FUTR3D  

img_backbone.layer3.16.conv2.weight - torch.Size([256, 256, 3, 3]): 
Initialized by user-defined `init_weights` in ModulatedDeformConv2dPack  

img_backbone.layer3.16.conv2.conv_offset.weight - torch.Size([27, 256, 3, 3]): 
Initialized by user-defined `init_weights` in ModulatedDeformConv2dPack  

img_backbone.layer3.16.conv2.conv_offset.bias - torch.Size([27]): 
The value is the same before and after calling `init_weights` of FUTR3D  

img_backbone.layer3.16.bn2.weight - torch.Size([256]): 
The value is the same before and after calling `init_weights` of FUTR3D  

img_backbone.layer3.16.bn2.bias - torch.Size([256]): 
The value is the same before and after calling `init_weights` of FUTR3D  

img_backbone.layer3.16.conv3.weight - torch.Size([1024, 256, 1, 1]): 
KaimingInit: a=0, mode=fan_out, nonlinearity=relu, distribution =normal, bias=0 

img_backbone.layer3.16.bn3.weight - torch.Size([1024]): 
ConstantInit: val=0, bias=0 

img_backbone.layer3.16.bn3.bias - torch.Size([1024]): 
The value is the same before and after calling `init_weights` of FUTR3D  

img_backbone.layer3.17.conv1.weight - torch.Size([256, 1024, 1, 1]): 
KaimingInit: a=0, mode=fan_out, nonlinearity=relu, distribution =normal, bias=0 

img_backbone.layer3.17.bn1.weight - torch.Size([256]): 
The value is the same before and after calling `init_weights` of FUTR3D  

img_backbone.layer3.17.bn1.bias - torch.Size([256]): 
The value is the same before and after calling `init_weights` of FUTR3D  

img_backbone.layer3.17.conv2.weight - torch.Size([256, 256, 3, 3]): 
Initialized by user-defined `init_weights` in ModulatedDeformConv2dPack  

img_backbone.layer3.17.conv2.conv_offset.weight - torch.Size([27, 256, 3, 3]): 
Initialized by user-defined `init_weights` in ModulatedDeformConv2dPack  

img_backbone.layer3.17.conv2.conv_offset.bias - torch.Size([27]): 
The value is the same before and after calling `init_weights` of FUTR3D  

img_backbone.layer3.17.bn2.weight - torch.Size([256]): 
The value is the same before and after calling `init_weights` of FUTR3D  

img_backbone.layer3.17.bn2.bias - torch.Size([256]): 
The value is the same before and after calling `init_weights` of FUTR3D  

img_backbone.layer3.17.conv3.weight - torch.Size([1024, 256, 1, 1]): 
KaimingInit: a=0, mode=fan_out, nonlinearity=relu, distribution =normal, bias=0 

img_backbone.layer3.17.bn3.weight - torch.Size([1024]): 
ConstantInit: val=0, bias=0 

img_backbone.layer3.17.bn3.bias - torch.Size([1024]): 
The value is the same before and after calling `init_weights` of FUTR3D  

img_backbone.layer3.18.conv1.weight - torch.Size([256, 1024, 1, 1]): 
KaimingInit: a=0, mode=fan_out, nonlinearity=relu, distribution =normal, bias=0 

img_backbone.layer3.18.bn1.weight - torch.Size([256]): 
The value is the same before and after calling `init_weights` of FUTR3D  

img_backbone.layer3.18.bn1.bias - torch.Size([256]): 
The value is the same before and after calling `init_weights` of FUTR3D  

img_backbone.layer3.18.conv2.weight - torch.Size([256, 256, 3, 3]): 
Initialized by user-defined `init_weights` in ModulatedDeformConv2dPack  

img_backbone.layer3.18.conv2.conv_offset.weight - torch.Size([27, 256, 3, 3]): 
Initialized by user-defined `init_weights` in ModulatedDeformConv2dPack  

img_backbone.layer3.18.conv2.conv_offset.bias - torch.Size([27]): 
The value is the same before and after calling `init_weights` of FUTR3D  

img_backbone.layer3.18.bn2.weight - torch.Size([256]): 
The value is the same before and after calling `init_weights` of FUTR3D  

img_backbone.layer3.18.bn2.bias - torch.Size([256]): 
The value is the same before and after calling `init_weights` of FUTR3D  

img_backbone.layer3.18.conv3.weight - torch.Size([1024, 256, 1, 1]): 
KaimingInit: a=0, mode=fan_out, nonlinearity=relu, distribution =normal, bias=0 

img_backbone.layer3.18.bn3.weight - torch.Size([1024]): 
ConstantInit: val=0, bias=0 

img_backbone.layer3.18.bn3.bias - torch.Size([1024]): 
The value is the same before and after calling `init_weights` of FUTR3D  

img_backbone.layer3.19.conv1.weight - torch.Size([256, 1024, 1, 1]): 
KaimingInit: a=0, mode=fan_out, nonlinearity=relu, distribution =normal, bias=0 

img_backbone.layer3.19.bn1.weight - torch.Size([256]): 
The value is the same before and after calling `init_weights` of FUTR3D  

img_backbone.layer3.19.bn1.bias - torch.Size([256]): 
The value is the same before and after calling `init_weights` of FUTR3D  

img_backbone.layer3.19.conv2.weight - torch.Size([256, 256, 3, 3]): 
Initialized by user-defined `init_weights` in ModulatedDeformConv2dPack  

img_backbone.layer3.19.conv2.conv_offset.weight - torch.Size([27, 256, 3, 3]): 
Initialized by user-defined `init_weights` in ModulatedDeformConv2dPack  

img_backbone.layer3.19.conv2.conv_offset.bias - torch.Size([27]): 
The value is the same before and after calling `init_weights` of FUTR3D  

img_backbone.layer3.19.bn2.weight - torch.Size([256]): 
The value is the same before and after calling `init_weights` of FUTR3D  

img_backbone.layer3.19.bn2.bias - torch.Size([256]): 
The value is the same before and after calling `init_weights` of FUTR3D  

img_backbone.layer3.19.conv3.weight - torch.Size([1024, 256, 1, 1]): 
KaimingInit: a=0, mode=fan_out, nonlinearity=relu, distribution =normal, bias=0 

img_backbone.layer3.19.bn3.weight - torch.Size([1024]): 
ConstantInit: val=0, bias=0 

img_backbone.layer3.19.bn3.bias - torch.Size([1024]): 
The value is the same before and after calling `init_weights` of FUTR3D  

img_backbone.layer3.20.conv1.weight - torch.Size([256, 1024, 1, 1]): 
KaimingInit: a=0, mode=fan_out, nonlinearity=relu, distribution =normal, bias=0 

img_backbone.layer3.20.bn1.weight - torch.Size([256]): 
The value is the same before and after calling `init_weights` of FUTR3D  

img_backbone.layer3.20.bn1.bias - torch.Size([256]): 
The value is the same before and after calling `init_weights` of FUTR3D  

img_backbone.layer3.20.conv2.weight - torch.Size([256, 256, 3, 3]): 
Initialized by user-defined `init_weights` in ModulatedDeformConv2dPack  

img_backbone.layer3.20.conv2.conv_offset.weight - torch.Size([27, 256, 3, 3]): 
Initialized by user-defined `init_weights` in ModulatedDeformConv2dPack  

img_backbone.layer3.20.conv2.conv_offset.bias - torch.Size([27]): 
The value is the same before and after calling `init_weights` of FUTR3D  

img_backbone.layer3.20.bn2.weight - torch.Size([256]): 
The value is the same before and after calling `init_weights` of FUTR3D  

img_backbone.layer3.20.bn2.bias - torch.Size([256]): 
The value is the same before and after calling `init_weights` of FUTR3D  

img_backbone.layer3.20.conv3.weight - torch.Size([1024, 256, 1, 1]): 
KaimingInit: a=0, mode=fan_out, nonlinearity=relu, distribution =normal, bias=0 

img_backbone.layer3.20.bn3.weight - torch.Size([1024]): 
ConstantInit: val=0, bias=0 

img_backbone.layer3.20.bn3.bias - torch.Size([1024]): 
The value is the same before and after calling `init_weights` of FUTR3D  

img_backbone.layer3.21.conv1.weight - torch.Size([256, 1024, 1, 1]): 
KaimingInit: a=0, mode=fan_out, nonlinearity=relu, distribution =normal, bias=0 

img_backbone.layer3.21.bn1.weight - torch.Size([256]): 
The value is the same before and after calling `init_weights` of FUTR3D  

img_backbone.layer3.21.bn1.bias - torch.Size([256]): 
The value is the same before and after calling `init_weights` of FUTR3D  

img_backbone.layer3.21.conv2.weight - torch.Size([256, 256, 3, 3]): 
Initialized by user-defined `init_weights` in ModulatedDeformConv2dPack  

img_backbone.layer3.21.conv2.conv_offset.weight - torch.Size([27, 256, 3, 3]): 
Initialized by user-defined `init_weights` in ModulatedDeformConv2dPack  

img_backbone.layer3.21.conv2.conv_offset.bias - torch.Size([27]): 
The value is the same before and after calling `init_weights` of FUTR3D  

img_backbone.layer3.21.bn2.weight - torch.Size([256]): 
The value is the same before and after calling `init_weights` of FUTR3D  

img_backbone.layer3.21.bn2.bias - torch.Size([256]): 
The value is the same before and after calling `init_weights` of FUTR3D  

img_backbone.layer3.21.conv3.weight - torch.Size([1024, 256, 1, 1]): 
KaimingInit: a=0, mode=fan_out, nonlinearity=relu, distribution =normal, bias=0 

img_backbone.layer3.21.bn3.weight - torch.Size([1024]): 
ConstantInit: val=0, bias=0 

img_backbone.layer3.21.bn3.bias - torch.Size([1024]): 
The value is the same before and after calling `init_weights` of FUTR3D  

img_backbone.layer3.22.conv1.weight - torch.Size([256, 1024, 1, 1]): 
KaimingInit: a=0, mode=fan_out, nonlinearity=relu, distribution =normal, bias=0 

img_backbone.layer3.22.bn1.weight - torch.Size([256]): 
The value is the same before and after calling `init_weights` of FUTR3D  

img_backbone.layer3.22.bn1.bias - torch.Size([256]): 
The value is the same before and after calling `init_weights` of FUTR3D  

img_backbone.layer3.22.conv2.weight - torch.Size([256, 256, 3, 3]): 
Initialized by user-defined `init_weights` in ModulatedDeformConv2dPack  

img_backbone.layer3.22.conv2.conv_offset.weight - torch.Size([27, 256, 3, 3]): 
Initialized by user-defined `init_weights` in ModulatedDeformConv2dPack  

img_backbone.layer3.22.conv2.conv_offset.bias - torch.Size([27]): 
The value is the same before and after calling `init_weights` of FUTR3D  

img_backbone.layer3.22.bn2.weight - torch.Size([256]): 
The value is the same before and after calling `init_weights` of FUTR3D  

img_backbone.layer3.22.bn2.bias - torch.Size([256]): 
The value is the same before and after calling `init_weights` of FUTR3D  

img_backbone.layer3.22.conv3.weight - torch.Size([1024, 256, 1, 1]): 
KaimingInit: a=0, mode=fan_out, nonlinearity=relu, distribution =normal, bias=0 

img_backbone.layer3.22.bn3.weight - torch.Size([1024]): 
ConstantInit: val=0, bias=0 

img_backbone.layer3.22.bn3.bias - torch.Size([1024]): 
The value is the same before and after calling `init_weights` of FUTR3D  

img_backbone.layer4.0.conv1.weight - torch.Size([512, 1024, 1, 1]): 
KaimingInit: a=0, mode=fan_out, nonlinearity=relu, distribution =normal, bias=0 

img_backbone.layer4.0.bn1.weight - torch.Size([512]): 
The value is the same before and after calling `init_weights` of FUTR3D  

img_backbone.layer4.0.bn1.bias - torch.Size([512]): 
The value is the same before and after calling `init_weights` of FUTR3D  

img_backbone.layer4.0.conv2.weight - torch.Size([512, 512, 3, 3]): 
Initialized by user-defined `init_weights` in ModulatedDeformConv2dPack  

img_backbone.layer4.0.conv2.conv_offset.weight - torch.Size([27, 512, 3, 3]): 
Initialized by user-defined `init_weights` in ModulatedDeformConv2dPack  

img_backbone.layer4.0.conv2.conv_offset.bias - torch.Size([27]): 
The value is the same before and after calling `init_weights` of FUTR3D  

img_backbone.layer4.0.bn2.weight - torch.Size([512]): 
The value is the same before and after calling `init_weights` of FUTR3D  

img_backbone.layer4.0.bn2.bias - torch.Size([512]): 
The value is the same before and after calling `init_weights` of FUTR3D  

img_backbone.layer4.0.conv3.weight - torch.Size([2048, 512, 1, 1]): 
KaimingInit: a=0, mode=fan_out, nonlinearity=relu, distribution =normal, bias=0 

img_backbone.layer4.0.bn3.weight - torch.Size([2048]): 
ConstantInit: val=0, bias=0 

img_backbone.layer4.0.bn3.bias - torch.Size([2048]): 
The value is the same before and after calling `init_weights` of FUTR3D  

img_backbone.layer4.0.downsample.0.weight - torch.Size([2048, 1024, 1, 1]): 
KaimingInit: a=0, mode=fan_out, nonlinearity=relu, distribution =normal, bias=0 

img_backbone.layer4.0.downsample.1.weight - torch.Size([2048]): 
The value is the same before and after calling `init_weights` of FUTR3D  

img_backbone.layer4.0.downsample.1.bias - torch.Size([2048]): 
The value is the same before and after calling `init_weights` of FUTR3D  

img_backbone.layer4.1.conv1.weight - torch.Size([512, 2048, 1, 1]): 
KaimingInit: a=0, mode=fan_out, nonlinearity=relu, distribution =normal, bias=0 

img_backbone.layer4.1.bn1.weight - torch.Size([512]): 
The value is the same before and after calling `init_weights` of FUTR3D  

img_backbone.layer4.1.bn1.bias - torch.Size([512]): 
The value is the same before and after calling `init_weights` of FUTR3D  

img_backbone.layer4.1.conv2.weight - torch.Size([512, 512, 3, 3]): 
Initialized by user-defined `init_weights` in ModulatedDeformConv2dPack  

img_backbone.layer4.1.conv2.conv_offset.weight - torch.Size([27, 512, 3, 3]): 
Initialized by user-defined `init_weights` in ModulatedDeformConv2dPack  

img_backbone.layer4.1.conv2.conv_offset.bias - torch.Size([27]): 
The value is the same before and after calling `init_weights` of FUTR3D  

img_backbone.layer4.1.bn2.weight - torch.Size([512]): 
The value is the same before and after calling `init_weights` of FUTR3D  

img_backbone.layer4.1.bn2.bias - torch.Size([512]): 
The value is the same before and after calling `init_weights` of FUTR3D  

img_backbone.layer4.1.conv3.weight - torch.Size([2048, 512, 1, 1]): 
KaimingInit: a=0, mode=fan_out, nonlinearity=relu, distribution =normal, bias=0 

img_backbone.layer4.1.bn3.weight - torch.Size([2048]): 
ConstantInit: val=0, bias=0 

img_backbone.layer4.1.bn3.bias - torch.Size([2048]): 
The value is the same before and after calling `init_weights` of FUTR3D  

img_backbone.layer4.2.conv1.weight - torch.Size([512, 2048, 1, 1]): 
KaimingInit: a=0, mode=fan_out, nonlinearity=relu, distribution =normal, bias=0 

img_backbone.layer4.2.bn1.weight - torch.Size([512]): 
The value is the same before and after calling `init_weights` of FUTR3D  

img_backbone.layer4.2.bn1.bias - torch.Size([512]): 
The value is the same before and after calling `init_weights` of FUTR3D  

img_backbone.layer4.2.conv2.weight - torch.Size([512, 512, 3, 3]): 
Initialized by user-defined `init_weights` in ModulatedDeformConv2dPack  

img_backbone.layer4.2.conv2.conv_offset.weight - torch.Size([27, 512, 3, 3]): 
Initialized by user-defined `init_weights` in ModulatedDeformConv2dPack  

img_backbone.layer4.2.conv2.conv_offset.bias - torch.Size([27]): 
The value is the same before and after calling `init_weights` of FUTR3D  

img_backbone.layer4.2.bn2.weight - torch.Size([512]): 
The value is the same before and after calling `init_weights` of FUTR3D  

img_backbone.layer4.2.bn2.bias - torch.Size([512]): 
The value is the same before and after calling `init_weights` of FUTR3D  

img_backbone.layer4.2.conv3.weight - torch.Size([2048, 512, 1, 1]): 
KaimingInit: a=0, mode=fan_out, nonlinearity=relu, distribution =normal, bias=0 

img_backbone.layer4.2.bn3.weight - torch.Size([2048]): 
ConstantInit: val=0, bias=0 

img_backbone.layer4.2.bn3.bias - torch.Size([2048]): 
The value is the same before and after calling `init_weights` of FUTR3D  

img_neck.lateral_convs.0.conv.weight - torch.Size([256, 512, 1, 1]): 
XavierInit: gain=1, distribution=uniform, bias=0 

img_neck.lateral_convs.0.conv.bias - torch.Size([256]): 
The value is the same before and after calling `init_weights` of FUTR3D  

img_neck.lateral_convs.1.conv.weight - torch.Size([256, 1024, 1, 1]): 
XavierInit: gain=1, distribution=uniform, bias=0 

img_neck.lateral_convs.1.conv.bias - torch.Size([256]): 
The value is the same before and after calling `init_weights` of FUTR3D  

img_neck.lateral_convs.2.conv.weight - torch.Size([256, 2048, 1, 1]): 
XavierInit: gain=1, distribution=uniform, bias=0 

img_neck.lateral_convs.2.conv.bias - torch.Size([256]): 
The value is the same before and after calling `init_weights` of FUTR3D  

img_neck.fpn_convs.0.conv.weight - torch.Size([256, 256, 3, 3]): 
XavierInit: gain=1, distribution=uniform, bias=0 

img_neck.fpn_convs.0.conv.bias - torch.Size([256]): 
The value is the same before and after calling `init_weights` of FUTR3D  

img_neck.fpn_convs.1.conv.weight - torch.Size([256, 256, 3, 3]): 
XavierInit: gain=1, distribution=uniform, bias=0 

img_neck.fpn_convs.1.conv.bias - torch.Size([256]): 
The value is the same before and after calling `init_weights` of FUTR3D  

img_neck.fpn_convs.2.conv.weight - torch.Size([256, 256, 3, 3]): 
XavierInit: gain=1, distribution=uniform, bias=0 

img_neck.fpn_convs.2.conv.bias - torch.Size([256]): 
The value is the same before and after calling `init_weights` of FUTR3D  

img_neck.fpn_convs.3.conv.weight - torch.Size([256, 256, 3, 3]): 
XavierInit: gain=1, distribution=uniform, bias=0 

img_neck.fpn_convs.3.conv.bias - torch.Size([256]): 
The value is the same before and after calling `init_weights` of FUTR3D  
2025-06-25 15:56:25,243 - mmdet - INFO - Model:
FUTR3D(
  (grid_mask): GridMask()
  (pts_voxel_layer): Voxelization(voxel_size=[0.075, 0.075, 0.2], point_cloud_range=[-54, -54, -5.0, 54, 54, 3.0], max_num_points=10, max_voxels=(120000, 160000), deterministic=True)
  (pts_voxel_encoder): HardSimpleVFE()
  (pts_middle_encoder): SparseEncoder(
    (conv_input): SparseSequential(
      (0): SubMConv3d(5, 16, kernel_size=[3, 3, 3], stride=[1, 1, 1], padding=[1, 1, 1], dilation=[1, 1, 1], output_padding=[0, 0, 0], bias=False, algo=ConvAlgo.MaskImplicitGemm)
      (1): BatchNorm1d(16, eps=0.001, momentum=0.01, affine=True, track_running_stats=True)
      (2): ReLU(inplace=True)
    )
    (encoder_layers): SparseSequential(
      (encoder_layer1): SparseSequential(
        (0): SparseBasicBlock(
          (conv1): SubMConv3d(16, 16, kernel_size=[3, 3, 3], stride=[1, 1, 1], padding=[1, 1, 1], dilation=[1, 1, 1], output_padding=[0, 0, 0], bias=False, algo=ConvAlgo.MaskImplicitGemm)
          (bn1): BatchNorm1d(16, eps=0.001, momentum=0.01, affine=True, track_running_stats=True)
          (conv2): SubMConv3d(16, 16, kernel_size=[3, 3, 3], stride=[1, 1, 1], padding=[1, 1, 1], dilation=[1, 1, 1], output_padding=[0, 0, 0], bias=False, algo=ConvAlgo.MaskImplicitGemm)
          (bn2): BatchNorm1d(16, eps=0.001, momentum=0.01, affine=True, track_running_stats=True)
          (relu): ReLU(inplace=True)
        )
        (1): SparseBasicBlock(
          (conv1): SubMConv3d(16, 16, kernel_size=[3, 3, 3], stride=[1, 1, 1], padding=[1, 1, 1], dilation=[1, 1, 1], output_padding=[0, 0, 0], bias=False, algo=ConvAlgo.MaskImplicitGemm)
          (bn1): BatchNorm1d(16, eps=0.001, momentum=0.01, affine=True, track_running_stats=True)
          (conv2): SubMConv3d(16, 16, kernel_size=[3, 3, 3], stride=[1, 1, 1], padding=[1, 1, 1], dilation=[1, 1, 1], output_padding=[0, 0, 0], bias=False, algo=ConvAlgo.MaskImplicitGemm)
          (bn2): BatchNorm1d(16, eps=0.001, momentum=0.01, affine=True, track_running_stats=True)
          (relu): ReLU(inplace=True)
        )
        (2): SparseSequential(
          (0): SparseConv3d(16, 32, kernel_size=[3, 3, 3], stride=[2, 2, 2], padding=[1, 1, 1], dilation=[1, 1, 1], output_padding=[0, 0, 0], bias=False, algo=ConvAlgo.MaskImplicitGemm)
          (1): BatchNorm1d(32, eps=0.001, momentum=0.01, affine=True, track_running_stats=True)
          (2): ReLU(inplace=True)
        )
      )
      (encoder_layer2): SparseSequential(
        (0): SparseBasicBlock(
          (conv1): SubMConv3d(32, 32, kernel_size=[3, 3, 3], stride=[1, 1, 1], padding=[1, 1, 1], dilation=[1, 1, 1], output_padding=[0, 0, 0], bias=False, algo=ConvAlgo.MaskImplicitGemm)
          (bn1): BatchNorm1d(32, eps=0.001, momentum=0.01, affine=True, track_running_stats=True)
          (conv2): SubMConv3d(32, 32, kernel_size=[3, 3, 3], stride=[1, 1, 1], padding=[1, 1, 1], dilation=[1, 1, 1], output_padding=[0, 0, 0], bias=False, algo=ConvAlgo.MaskImplicitGemm)
          (bn2): BatchNorm1d(32, eps=0.001, momentum=0.01, affine=True, track_running_stats=True)
          (relu): ReLU(inplace=True)
        )
        (1): SparseBasicBlock(
          (conv1): SubMConv3d(32, 32, kernel_size=[3, 3, 3], stride=[1, 1, 1], padding=[1, 1, 1], dilation=[1, 1, 1], output_padding=[0, 0, 0], bias=False, algo=ConvAlgo.MaskImplicitGemm)
          (bn1): BatchNorm1d(32, eps=0.001, momentum=0.01, affine=True, track_running_stats=True)
          (conv2): SubMConv3d(32, 32, kernel_size=[3, 3, 3], stride=[1, 1, 1], padding=[1, 1, 1], dilation=[1, 1, 1], output_padding=[0, 0, 0], bias=False, algo=ConvAlgo.MaskImplicitGemm)
          (bn2): BatchNorm1d(32, eps=0.001, momentum=0.01, affine=True, track_running_stats=True)
          (relu): ReLU(inplace=True)
        )
        (2): SparseSequential(
          (0): SparseConv3d(32, 64, kernel_size=[3, 3, 3], stride=[2, 2, 2], padding=[1, 1, 1], dilation=[1, 1, 1], output_padding=[0, 0, 0], bias=False, algo=ConvAlgo.MaskImplicitGemm)
          (1): BatchNorm1d(64, eps=0.001, momentum=0.01, affine=True, track_running_stats=True)
          (2): ReLU(inplace=True)
        )
      )
      (encoder_layer3): SparseSequential(
        (0): SparseBasicBlock(
          (conv1): SubMConv3d(64, 64, kernel_size=[3, 3, 3], stride=[1, 1, 1], padding=[1, 1, 1], dilation=[1, 1, 1], output_padding=[0, 0, 0], bias=False, algo=ConvAlgo.MaskImplicitGemm)
          (bn1): BatchNorm1d(64, eps=0.001, momentum=0.01, affine=True, track_running_stats=True)
          (conv2): SubMConv3d(64, 64, kernel_size=[3, 3, 3], stride=[1, 1, 1], padding=[1, 1, 1], dilation=[1, 1, 1], output_padding=[0, 0, 0], bias=False, algo=ConvAlgo.MaskImplicitGemm)
          (bn2): BatchNorm1d(64, eps=0.001, momentum=0.01, affine=True, track_running_stats=True)
          (relu): ReLU(inplace=True)
        )
        (1): SparseBasicBlock(
          (conv1): SubMConv3d(64, 64, kernel_size=[3, 3, 3], stride=[1, 1, 1], padding=[1, 1, 1], dilation=[1, 1, 1], output_padding=[0, 0, 0], bias=False, algo=ConvAlgo.MaskImplicitGemm)
          (bn1): BatchNorm1d(64, eps=0.001, momentum=0.01, affine=True, track_running_stats=True)
          (conv2): SubMConv3d(64, 64, kernel_size=[3, 3, 3], stride=[1, 1, 1], padding=[1, 1, 1], dilation=[1, 1, 1], output_padding=[0, 0, 0], bias=False, algo=ConvAlgo.MaskImplicitGemm)
          (bn2): BatchNorm1d(64, eps=0.001, momentum=0.01, affine=True, track_running_stats=True)
          (relu): ReLU(inplace=True)
        )
        (2): SparseSequential(
          (0): SparseConv3d(64, 128, kernel_size=[3, 3, 3], stride=[2, 2, 2], padding=[0, 1, 1], dilation=[1, 1, 1], output_padding=[0, 0, 0], bias=False, algo=ConvAlgo.MaskImplicitGemm)
          (1): BatchNorm1d(128, eps=0.001, momentum=0.01, affine=True, track_running_stats=True)
          (2): ReLU(inplace=True)
        )
      )
      (encoder_layer4): SparseSequential(
        (0): SparseBasicBlock(
          (conv1): SubMConv3d(128, 128, kernel_size=[3, 3, 3], stride=[1, 1, 1], padding=[1, 1, 1], dilation=[1, 1, 1], output_padding=[0, 0, 0], bias=False, algo=ConvAlgo.MaskImplicitGemm)
          (bn1): BatchNorm1d(128, eps=0.001, momentum=0.01, affine=True, track_running_stats=True)
          (conv2): SubMConv3d(128, 128, kernel_size=[3, 3, 3], stride=[1, 1, 1], padding=[1, 1, 1], dilation=[1, 1, 1], output_padding=[0, 0, 0], bias=False, algo=ConvAlgo.MaskImplicitGemm)
          (bn2): BatchNorm1d(128, eps=0.001, momentum=0.01, affine=True, track_running_stats=True)
          (relu): ReLU(inplace=True)
        )
        (1): SparseBasicBlock(
          (conv1): SubMConv3d(128, 128, kernel_size=[3, 3, 3], stride=[1, 1, 1], padding=[1, 1, 1], dilation=[1, 1, 1], output_padding=[0, 0, 0], bias=False, algo=ConvAlgo.MaskImplicitGemm)
          (bn1): BatchNorm1d(128, eps=0.001, momentum=0.01, affine=True, track_running_stats=True)
          (conv2): SubMConv3d(128, 128, kernel_size=[3, 3, 3], stride=[1, 1, 1], padding=[1, 1, 1], dilation=[1, 1, 1], output_padding=[0, 0, 0], bias=False, algo=ConvAlgo.MaskImplicitGemm)
          (bn2): BatchNorm1d(128, eps=0.001, momentum=0.01, affine=True, track_running_stats=True)
          (relu): ReLU(inplace=True)
        )
      )
    )
    (conv_out): SparseSequential(
      (0): SparseConv3d(128, 128, kernel_size=[3, 1, 1], stride=[2, 1, 1], padding=[0, 0, 0], dilation=[1, 1, 1], output_padding=[0, 0, 0], bias=False, algo=ConvAlgo.MaskImplicitGemm)
      (1): BatchNorm1d(128, eps=0.001, momentum=0.01, affine=True, track_running_stats=True)
      (2): ReLU(inplace=True)
    )
  )
  (pts_backbone): SECOND(
    (blocks): ModuleList(
      (0): Sequential(
        (0): Conv2d(256, 128, kernel_size=(3, 3), stride=(1, 1), padding=(1, 1), bias=False)
        (1): BatchNorm2d(128, eps=0.001, momentum=0.01, affine=True, track_running_stats=True)
        (2): ReLU(inplace=True)
        (3): Conv2d(128, 128, kernel_size=(3, 3), stride=(1, 1), padding=(1, 1), bias=False)
        (4): BatchNorm2d(128, eps=0.001, momentum=0.01, affine=True, track_running_stats=True)
        (5): ReLU(inplace=True)
        (6): Conv2d(128, 128, kernel_size=(3, 3), stride=(1, 1), padding=(1, 1), bias=False)
        (7): BatchNorm2d(128, eps=0.001, momentum=0.01, affine=True, track_running_stats=True)
        (8): ReLU(inplace=True)
        (9): Conv2d(128, 128, kernel_size=(3, 3), stride=(1, 1), padding=(1, 1), bias=False)
        (10): BatchNorm2d(128, eps=0.001, momentum=0.01, affine=True, track_running_stats=True)
        (11): ReLU(inplace=True)
        (12): Conv2d(128, 128, kernel_size=(3, 3), stride=(1, 1), padding=(1, 1), bias=False)
        (13): BatchNorm2d(128, eps=0.001, momentum=0.01, affine=True, track_running_stats=True)
        (14): ReLU(inplace=True)
        (15): Conv2d(128, 128, kernel_size=(3, 3), stride=(1, 1), padding=(1, 1), bias=False)
        (16): BatchNorm2d(128, eps=0.001, momentum=0.01, affine=True, track_running_stats=True)
        (17): ReLU(inplace=True)
      )
      (1): Sequential(
        (0): Conv2d(128, 256, kernel_size=(3, 3), stride=(2, 2), padding=(1, 1), bias=False)
        (1): BatchNorm2d(256, eps=0.001, momentum=0.01, affine=True, track_running_stats=True)
        (2): ReLU(inplace=True)
        (3): Conv2d(256, 256, kernel_size=(3, 3), stride=(1, 1), padding=(1, 1), bias=False)
        (4): BatchNorm2d(256, eps=0.001, momentum=0.01, affine=True, track_running_stats=True)
        (5): ReLU(inplace=True)
        (6): Conv2d(256, 256, kernel_size=(3, 3), stride=(1, 1), padding=(1, 1), bias=False)
        (7): BatchNorm2d(256, eps=0.001, momentum=0.01, affine=True, track_running_stats=True)
        (8): ReLU(inplace=True)
        (9): Conv2d(256, 256, kernel_size=(3, 3), stride=(1, 1), padding=(1, 1), bias=False)
        (10): BatchNorm2d(256, eps=0.001, momentum=0.01, affine=True, track_running_stats=True)
        (11): ReLU(inplace=True)
        (12): Conv2d(256, 256, kernel_size=(3, 3), stride=(1, 1), padding=(1, 1), bias=False)
        (13): BatchNorm2d(256, eps=0.001, momentum=0.01, affine=True, track_running_stats=True)
        (14): ReLU(inplace=True)
        (15): Conv2d(256, 256, kernel_size=(3, 3), stride=(1, 1), padding=(1, 1), bias=False)
        (16): BatchNorm2d(256, eps=0.001, momentum=0.01, affine=True, track_running_stats=True)
        (17): ReLU(inplace=True)
      )
    )
  )
  init_cfg={'type': 'Kaiming', 'layer': 'Conv2d'}
  (pts_neck): FPN(
    (lateral_convs): ModuleList(
      (0): ConvModule(
        (conv): Conv2d(128, 256, kernel_size=(1, 1), stride=(1, 1), bias=False)
        (bn): BatchNorm2d(256, eps=0.001, momentum=0.01, affine=True, track_running_stats=True)
        (activate): ReLU()
      )
      (1): ConvModule(
        (conv): Conv2d(256, 256, kernel_size=(1, 1), stride=(1, 1), bias=False)
        (bn): BatchNorm2d(256, eps=0.001, momentum=0.01, affine=True, track_running_stats=True)
        (activate): ReLU()
      )
    )
    (fpn_convs): ModuleList(
      (0): ConvModule(
        (conv): Conv2d(256, 256, kernel_size=(3, 3), stride=(1, 1), padding=(1, 1), bias=False)
        (bn): BatchNorm2d(256, eps=0.001, momentum=0.01, affine=True, track_running_stats=True)
        (activate): ReLU()
      )
      (1): ConvModule(
        (conv): Conv2d(256, 256, kernel_size=(3, 3), stride=(1, 1), padding=(1, 1), bias=False)
        (bn): BatchNorm2d(256, eps=0.001, momentum=0.01, affine=True, track_running_stats=True)
        (activate): ReLU()
      )
      (2): ConvModule(
        (conv): Conv2d(256, 256, kernel_size=(3, 3), stride=(2, 2), padding=(1, 1), bias=False)
        (bn): BatchNorm2d(256, eps=0.001, momentum=0.01, affine=True, track_running_stats=True)
        (activate): ReLU()
      )
      (3): ConvModule(
        (conv): Conv2d(256, 256, kernel_size=(3, 3), stride=(2, 2), padding=(1, 1), bias=False)
        (bn): BatchNorm2d(256, eps=0.001, momentum=0.01, affine=True, track_running_stats=True)
        (activate): ReLU()
      )
    )
  )
  init_cfg={'type': 'Xavier', 'layer': 'Conv2d', 'distribution': 'uniform'}
  (pts_bbox_head): FUTR3DHead(
    (loss_cls): FocalLoss()
    (loss_bbox): L1Loss()
    (loss_iou): GIoULoss()
    (activate): ReLU(inplace=True)
    (positional_encoding): SinePositionalEncoding(num_feats=128, temperature=10000, normalize=True, scale=6.283185307179586, eps=1e-06)
    (transformer): FUTR3DTransformer(
      (decoder): FUTR3DTransformerDecoder(
        (layers): ModuleList(
          (0): DetrTransformerDecoderLayer(
            (attentions): ModuleList(
              (0): MultiheadAttention(
                (attn): MultiheadAttention(
                  (out_proj): NonDynamicallyQuantizableLinear(in_features=256, out_features=256, bias=True)
                )
                (proj_drop): Dropout(p=0.0, inplace=False)
                (dropout_layer): Dropout(p=0.1, inplace=False)
              )
              (1): FUTR3DAttention(
                (dropout): Dropout(p=0.1, inplace=False)
                (sampling_offsets): Linear(in_features=256, out_features=256, bias=True)
                (attention_weights): Linear(in_features=256, out_features=128, bias=True)
                (value_proj): Linear(in_features=256, out_features=256, bias=True)
                (output_proj): Linear(in_features=256, out_features=256, bias=True)
                (img_attention_weights): Linear(in_features=256, out_features=24, bias=True)
                (img_output_proj): Linear(in_features=256, out_features=256, bias=True)
                (position_encoder): Sequential(
                  (0): Linear(in_features=3, out_features=256, bias=True)
                  (1): LayerNorm((256,), eps=1e-05, elementwise_affine=True)
                  (2): ReLU(inplace=True)
                  (3): Linear(in_features=256, out_features=256, bias=True)
                  (4): LayerNorm((256,), eps=1e-05, elementwise_affine=True)
                  (5): ReLU(inplace=True)
                )
                (weight_dropout): Dropout(p=0.0, inplace=False)
                (modality_fusion_layer): Sequential(
                  (0): Linear(in_features=512, out_features=256, bias=True)
                  (1): LayerNorm((256,), eps=1e-05, elementwise_affine=True)
                  (2): ReLU()
                  (3): Linear(in_features=256, out_features=256, bias=True)
                  (4): LayerNorm((256,), eps=1e-05, elementwise_affine=True)
                )
              )
            )
            (ffns): ModuleList(
              (0): FFN(
                (activate): ReLU(inplace=True)
                (layers): Sequential(
                  (0): Sequential(
                    (0): Linear(in_features=256, out_features=1024, bias=True)
                    (1): ReLU(inplace=True)
                    (2): Dropout(p=0.1, inplace=False)
                  )
                  (1): Linear(in_features=1024, out_features=256, bias=True)
                  (2): Dropout(p=0.1, inplace=False)
                )
                (dropout_layer): Identity()
              )
            )
            (norms): ModuleList(
              (0): LayerNorm((256,), eps=1e-05, elementwise_affine=True)
              (1): LayerNorm((256,), eps=1e-05, elementwise_affine=True)
              (2): LayerNorm((256,), eps=1e-05, elementwise_affine=True)
            )
          )
          (1): DetrTransformerDecoderLayer(
            (attentions): ModuleList(
              (0): MultiheadAttention(
                (attn): MultiheadAttention(
                  (out_proj): NonDynamicallyQuantizableLinear(in_features=256, out_features=256, bias=True)
                )
                (proj_drop): Dropout(p=0.0, inplace=False)
                (dropout_layer): Dropout(p=0.1, inplace=False)
              )
              (1): FUTR3DAttention(
                (dropout): Dropout(p=0.1, inplace=False)
                (sampling_offsets): Linear(in_features=256, out_features=256, bias=True)
                (attention_weights): Linear(in_features=256, out_features=128, bias=True)
                (value_proj): Linear(in_features=256, out_features=256, bias=True)
                (output_proj): Linear(in_features=256, out_features=256, bias=True)
                (img_attention_weights): Linear(in_features=256, out_features=24, bias=True)
                (img_output_proj): Linear(in_features=256, out_features=256, bias=True)
                (position_encoder): Sequential(
                  (0): Linear(in_features=3, out_features=256, bias=True)
                  (1): LayerNorm((256,), eps=1e-05, elementwise_affine=True)
                  (2): ReLU(inplace=True)
                  (3): Linear(in_features=256, out_features=256, bias=True)
                  (4): LayerNorm((256,), eps=1e-05, elementwise_affine=True)
                  (5): ReLU(inplace=True)
                )
                (weight_dropout): Dropout(p=0.0, inplace=False)
                (modality_fusion_layer): Sequential(
                  (0): Linear(in_features=512, out_features=256, bias=True)
                  (1): LayerNorm((256,), eps=1e-05, elementwise_affine=True)
                  (2): ReLU()
                  (3): Linear(in_features=256, out_features=256, bias=True)
                  (4): LayerNorm((256,), eps=1e-05, elementwise_affine=True)
                )
              )
            )
            (ffns): ModuleList(
              (0): FFN(
                (activate): ReLU(inplace=True)
                (layers): Sequential(
                  (0): Sequential(
                    (0): Linear(in_features=256, out_features=1024, bias=True)
                    (1): ReLU(inplace=True)
                    (2): Dropout(p=0.1, inplace=False)
                  )
                  (1): Linear(in_features=1024, out_features=256, bias=True)
                  (2): Dropout(p=0.1, inplace=False)
                )
                (dropout_layer): Identity()
              )
            )
            (norms): ModuleList(
              (0): LayerNorm((256,), eps=1e-05, elementwise_affine=True)
              (1): LayerNorm((256,), eps=1e-05, elementwise_affine=True)
              (2): LayerNorm((256,), eps=1e-05, elementwise_affine=True)
            )
          )
          (2): DetrTransformerDecoderLayer(
            (attentions): ModuleList(
              (0): MultiheadAttention(
                (attn): MultiheadAttention(
                  (out_proj): NonDynamicallyQuantizableLinear(in_features=256, out_features=256, bias=True)
                )
                (proj_drop): Dropout(p=0.0, inplace=False)
                (dropout_layer): Dropout(p=0.1, inplace=False)
              )
              (1): FUTR3DAttention(
                (dropout): Dropout(p=0.1, inplace=False)
                (sampling_offsets): Linear(in_features=256, out_features=256, bias=True)
                (attention_weights): Linear(in_features=256, out_features=128, bias=True)
                (value_proj): Linear(in_features=256, out_features=256, bias=True)
                (output_proj): Linear(in_features=256, out_features=256, bias=True)
                (img_attention_weights): Linear(in_features=256, out_features=24, bias=True)
                (img_output_proj): Linear(in_features=256, out_features=256, bias=True)
                (position_encoder): Sequential(
                  (0): Linear(in_features=3, out_features=256, bias=True)
                  (1): LayerNorm((256,), eps=1e-05, elementwise_affine=True)
                  (2): ReLU(inplace=True)
                  (3): Linear(in_features=256, out_features=256, bias=True)
                  (4): LayerNorm((256,), eps=1e-05, elementwise_affine=True)
                  (5): ReLU(inplace=True)
                )
                (weight_dropout): Dropout(p=0.0, inplace=False)
                (modality_fusion_layer): Sequential(
                  (0): Linear(in_features=512, out_features=256, bias=True)
                  (1): LayerNorm((256,), eps=1e-05, elementwise_affine=True)
                  (2): ReLU()
                  (3): Linear(in_features=256, out_features=256, bias=True)
                  (4): LayerNorm((256,), eps=1e-05, elementwise_affine=True)
                )
              )
            )
            (ffns): ModuleList(
              (0): FFN(
                (activate): ReLU(inplace=True)
                (layers): Sequential(
                  (0): Sequential(
                    (0): Linear(in_features=256, out_features=1024, bias=True)
                    (1): ReLU(inplace=True)
                    (2): Dropout(p=0.1, inplace=False)
                  )
                  (1): Linear(in_features=1024, out_features=256, bias=True)
                  (2): Dropout(p=0.1, inplace=False)
                )
                (dropout_layer): Identity()
              )
            )
            (norms): ModuleList(
              (0): LayerNorm((256,), eps=1e-05, elementwise_affine=True)
              (1): LayerNorm((256,), eps=1e-05, elementwise_affine=True)
              (2): LayerNorm((256,), eps=1e-05, elementwise_affine=True)
            )
          )
          (3): DetrTransformerDecoderLayer(
            (attentions): ModuleList(
              (0): MultiheadAttention(
                (attn): MultiheadAttention(
                  (out_proj): NonDynamicallyQuantizableLinear(in_features=256, out_features=256, bias=True)
                )
                (proj_drop): Dropout(p=0.0, inplace=False)
                (dropout_layer): Dropout(p=0.1, inplace=False)
              )
              (1): FUTR3DAttention(
                (dropout): Dropout(p=0.1, inplace=False)
                (sampling_offsets): Linear(in_features=256, out_features=256, bias=True)
                (attention_weights): Linear(in_features=256, out_features=128, bias=True)
                (value_proj): Linear(in_features=256, out_features=256, bias=True)
                (output_proj): Linear(in_features=256, out_features=256, bias=True)
                (img_attention_weights): Linear(in_features=256, out_features=24, bias=True)
                (img_output_proj): Linear(in_features=256, out_features=256, bias=True)
                (position_encoder): Sequential(
                  (0): Linear(in_features=3, out_features=256, bias=True)
                  (1): LayerNorm((256,), eps=1e-05, elementwise_affine=True)
                  (2): ReLU(inplace=True)
                  (3): Linear(in_features=256, out_features=256, bias=True)
                  (4): LayerNorm((256,), eps=1e-05, elementwise_affine=True)
                  (5): ReLU(inplace=True)
                )
                (weight_dropout): Dropout(p=0.0, inplace=False)
                (modality_fusion_layer): Sequential(
                  (0): Linear(in_features=512, out_features=256, bias=True)
                  (1): LayerNorm((256,), eps=1e-05, elementwise_affine=True)
                  (2): ReLU()
                  (3): Linear(in_features=256, out_features=256, bias=True)
                  (4): LayerNorm((256,), eps=1e-05, elementwise_affine=True)
                )
              )
            )
            (ffns): ModuleList(
              (0): FFN(
                (activate): ReLU(inplace=True)
                (layers): Sequential(
                  (0): Sequential(
                    (0): Linear(in_features=256, out_features=1024, bias=True)
                    (1): ReLU(inplace=True)
                    (2): Dropout(p=0.1, inplace=False)
                  )
                  (1): Linear(in_features=1024, out_features=256, bias=True)
                  (2): Dropout(p=0.1, inplace=False)
                )
                (dropout_layer): Identity()
              )
            )
            (norms): ModuleList(
              (0): LayerNorm((256,), eps=1e-05, elementwise_affine=True)
              (1): LayerNorm((256,), eps=1e-05, elementwise_affine=True)
              (2): LayerNorm((256,), eps=1e-05, elementwise_affine=True)
            )
          )
          (4): DetrTransformerDecoderLayer(
            (attentions): ModuleList(
              (0): MultiheadAttention(
                (attn): MultiheadAttention(
                  (out_proj): NonDynamicallyQuantizableLinear(in_features=256, out_features=256, bias=True)
                )
                (proj_drop): Dropout(p=0.0, inplace=False)
                (dropout_layer): Dropout(p=0.1, inplace=False)
              )
              (1): FUTR3DAttention(
                (dropout): Dropout(p=0.1, inplace=False)
                (sampling_offsets): Linear(in_features=256, out_features=256, bias=True)
                (attention_weights): Linear(in_features=256, out_features=128, bias=True)
                (value_proj): Linear(in_features=256, out_features=256, bias=True)
                (output_proj): Linear(in_features=256, out_features=256, bias=True)
                (img_attention_weights): Linear(in_features=256, out_features=24, bias=True)
                (img_output_proj): Linear(in_features=256, out_features=256, bias=True)
                (position_encoder): Sequential(
                  (0): Linear(in_features=3, out_features=256, bias=True)
                  (1): LayerNorm((256,), eps=1e-05, elementwise_affine=True)
                  (2): ReLU(inplace=True)
                  (3): Linear(in_features=256, out_features=256, bias=True)
                  (4): LayerNorm((256,), eps=1e-05, elementwise_affine=True)
                  (5): ReLU(inplace=True)
                )
                (weight_dropout): Dropout(p=0.0, inplace=False)
                (modality_fusion_layer): Sequential(
                  (0): Linear(in_features=512, out_features=256, bias=True)
                  (1): LayerNorm((256,), eps=1e-05, elementwise_affine=True)
                  (2): ReLU()
                  (3): Linear(in_features=256, out_features=256, bias=True)
                  (4): LayerNorm((256,), eps=1e-05, elementwise_affine=True)
                )
              )
            )
            (ffns): ModuleList(
              (0): FFN(
                (activate): ReLU(inplace=True)
                (layers): Sequential(
                  (0): Sequential(
                    (0): Linear(in_features=256, out_features=1024, bias=True)
                    (1): ReLU(inplace=True)
                    (2): Dropout(p=0.1, inplace=False)
                  )
                  (1): Linear(in_features=1024, out_features=256, bias=True)
                  (2): Dropout(p=0.1, inplace=False)
                )
                (dropout_layer): Identity()
              )
            )
            (norms): ModuleList(
              (0): LayerNorm((256,), eps=1e-05, elementwise_affine=True)
              (1): LayerNorm((256,), eps=1e-05, elementwise_affine=True)
              (2): LayerNorm((256,), eps=1e-05, elementwise_affine=True)
            )
          )
          (5): DetrTransformerDecoderLayer(
            (attentions): ModuleList(
              (0): MultiheadAttention(
                (attn): MultiheadAttention(
                  (out_proj): NonDynamicallyQuantizableLinear(in_features=256, out_features=256, bias=True)
                )
                (proj_drop): Dropout(p=0.0, inplace=False)
                (dropout_layer): Dropout(p=0.1, inplace=False)
              )
              (1): FUTR3DAttention(
                (dropout): Dropout(p=0.1, inplace=False)
                (sampling_offsets): Linear(in_features=256, out_features=256, bias=True)
                (attention_weights): Linear(in_features=256, out_features=128, bias=True)
                (value_proj): Linear(in_features=256, out_features=256, bias=True)
                (output_proj): Linear(in_features=256, out_features=256, bias=True)
                (img_attention_weights): Linear(in_features=256, out_features=24, bias=True)
                (img_output_proj): Linear(in_features=256, out_features=256, bias=True)
                (position_encoder): Sequential(
                  (0): Linear(in_features=3, out_features=256, bias=True)
                  (1): LayerNorm((256,), eps=1e-05, elementwise_affine=True)
                  (2): ReLU(inplace=True)
                  (3): Linear(in_features=256, out_features=256, bias=True)
                  (4): LayerNorm((256,), eps=1e-05, elementwise_affine=True)
                  (5): ReLU(inplace=True)
                )
                (weight_dropout): Dropout(p=0.0, inplace=False)
                (modality_fusion_layer): Sequential(
                  (0): Linear(in_features=512, out_features=256, bias=True)
                  (1): LayerNorm((256,), eps=1e-05, elementwise_affine=True)
                  (2): ReLU()
                  (3): Linear(in_features=256, out_features=256, bias=True)
                  (4): LayerNorm((256,), eps=1e-05, elementwise_affine=True)
                )
              )
            )
            (ffns): ModuleList(
              (0): FFN(
                (activate): ReLU(inplace=True)
                (layers): Sequential(
                  (0): Sequential(
                    (0): Linear(in_features=256, out_features=1024, bias=True)
                    (1): ReLU(inplace=True)
                    (2): Dropout(p=0.1, inplace=False)
                  )
                  (1): Linear(in_features=1024, out_features=256, bias=True)
                  (2): Dropout(p=0.1, inplace=False)
                )
                (dropout_layer): Identity()
              )
            )
            (norms): ModuleList(
              (0): LayerNorm((256,), eps=1e-05, elementwise_affine=True)
              (1): LayerNorm((256,), eps=1e-05, elementwise_affine=True)
              (2): LayerNorm((256,), eps=1e-05, elementwise_affine=True)
            )
          )
        )
        (query_scale): MLP(
          (layers): ModuleList(
            (0): Linear(in_features=256, out_features=256, bias=True)
            (1): Linear(in_features=256, out_features=256, bias=True)
          )
        )
        (ref_point_head): MLP(
          (layers): ModuleList(
            (0): Linear(in_features=384, out_features=256, bias=True)
            (1): Linear(in_features=256, out_features=256, bias=True)
          )
        )
      )
    )
    (cls_branches): ModuleList(
      (0): Linear(in_features=256, out_features=10, bias=True)
      (1): Linear(in_features=256, out_features=10, bias=True)
      (2): Linear(in_features=256, out_features=10, bias=True)
      (3): Linear(in_features=256, out_features=10, bias=True)
      (4): Linear(in_features=256, out_features=10, bias=True)
      (5): Linear(in_features=256, out_features=10, bias=True)
    )
    (reg_branches): ModuleList(
      (0): Sequential(
        (0): Linear(in_features=256, out_features=256, bias=True)
        (1): ReLU()
        (2): Linear(in_features=256, out_features=256, bias=True)
        (3): ReLU()
        (4): Linear(in_features=256, out_features=10, bias=True)
      )
      (1): Sequential(
        (0): Linear(in_features=256, out_features=256, bias=True)
        (1): ReLU()
        (2): Linear(in_features=256, out_features=256, bias=True)
        (3): ReLU()
        (4): Linear(in_features=256, out_features=10, bias=True)
      )
      (2): Sequential(
        (0): Linear(in_features=256, out_features=256, bias=True)
        (1): ReLU()
        (2): Linear(in_features=256, out_features=256, bias=True)
        (3): ReLU()
        (4): Linear(in_features=256, out_features=10, bias=True)
      )
      (3): Sequential(
        (0): Linear(in_features=256, out_features=256, bias=True)
        (1): ReLU()
        (2): Linear(in_features=256, out_features=256, bias=True)
        (3): ReLU()
        (4): Linear(in_features=256, out_features=10, bias=True)
      )
      (4): Sequential(
        (0): Linear(in_features=256, out_features=256, bias=True)
        (1): ReLU()
        (2): Linear(in_features=256, out_features=256, bias=True)
        (3): ReLU()
        (4): Linear(in_features=256, out_features=10, bias=True)
      )
      (5): Sequential(
        (0): Linear(in_features=256, out_features=256, bias=True)
        (1): ReLU()
        (2): Linear(in_features=256, out_features=256, bias=True)
        (3): ReLU()
        (4): Linear(in_features=256, out_features=10, bias=True)
      )
    )
    (tgt_embed): Embedding(900, 256)
    (refpoint_embed): Embedding(900, 3)
  )
  (img_backbone): ResNet(
    (conv1): Conv2d(3, 64, kernel_size=(7, 7), stride=(2, 2), padding=(3, 3), bias=False)
    (bn1): BatchNorm2d(64, eps=1e-05, momentum=0.1, affine=True, track_running_stats=True)
    (relu): ReLU(inplace=True)
    (maxpool): MaxPool2d(kernel_size=3, stride=2, padding=1, dilation=1, ceil_mode=False)
    (layer1): ResLayer(
      (0): Bottleneck(
        (conv1): Conv2d(64, 64, kernel_size=(1, 1), stride=(1, 1), bias=False)
        (bn1): BatchNorm2d(64, eps=1e-05, momentum=0.1, affine=True, track_running_stats=True)
        (conv2): Conv2d(64, 64, kernel_size=(3, 3), stride=(1, 1), padding=(1, 1), bias=False)
        (bn2): BatchNorm2d(64, eps=1e-05, momentum=0.1, affine=True, track_running_stats=True)
        (conv3): Conv2d(64, 256, kernel_size=(1, 1), stride=(1, 1), bias=False)
        (bn3): BatchNorm2d(256, eps=1e-05, momentum=0.1, affine=True, track_running_stats=True)
        (relu): ReLU(inplace=True)
        (downsample): Sequential(
          (0): Conv2d(64, 256, kernel_size=(1, 1), stride=(1, 1), bias=False)
          (1): BatchNorm2d(256, eps=1e-05, momentum=0.1, affine=True, track_running_stats=True)
        )
      )
      init_cfg={'type': 'Constant', 'val': 0, 'override': {'name': 'norm3'}}
      (1): Bottleneck(
        (conv1): Conv2d(256, 64, kernel_size=(1, 1), stride=(1, 1), bias=False)
        (bn1): BatchNorm2d(64, eps=1e-05, momentum=0.1, affine=True, track_running_stats=True)
        (conv2): Conv2d(64, 64, kernel_size=(3, 3), stride=(1, 1), padding=(1, 1), bias=False)
        (bn2): BatchNorm2d(64, eps=1e-05, momentum=0.1, affine=True, track_running_stats=True)
        (conv3): Conv2d(64, 256, kernel_size=(1, 1), stride=(1, 1), bias=False)
        (bn3): BatchNorm2d(256, eps=1e-05, momentum=0.1, affine=True, track_running_stats=True)
        (relu): ReLU(inplace=True)
      )
      init_cfg={'type': 'Constant', 'val': 0, 'override': {'name': 'norm3'}}
      (2): Bottleneck(
        (conv1): Conv2d(256, 64, kernel_size=(1, 1), stride=(1, 1), bias=False)
        (bn1): BatchNorm2d(64, eps=1e-05, momentum=0.1, affine=True, track_running_stats=True)
        (conv2): Conv2d(64, 64, kernel_size=(3, 3), stride=(1, 1), padding=(1, 1), bias=False)
        (bn2): BatchNorm2d(64, eps=1e-05, momentum=0.1, affine=True, track_running_stats=True)
        (conv3): Conv2d(64, 256, kernel_size=(1, 1), stride=(1, 1), bias=False)
        (bn3): BatchNorm2d(256, eps=1e-05, momentum=0.1, affine=True, track_running_stats=True)
        (relu): ReLU(inplace=True)
      )
      init_cfg={'type': 'Constant', 'val': 0, 'override': {'name': 'norm3'}}
    )
    (layer2): ResLayer(
      (0): Bottleneck(
        (conv1): Conv2d(256, 128, kernel_size=(1, 1), stride=(2, 2), bias=False)
        (bn1): BatchNorm2d(128, eps=1e-05, momentum=0.1, affine=True, track_running_stats=True)
        (conv2): Conv2d(128, 128, kernel_size=(3, 3), stride=(1, 1), padding=(1, 1), bias=False)
        (bn2): BatchNorm2d(128, eps=1e-05, momentum=0.1, affine=True, track_running_stats=True)
        (conv3): Conv2d(128, 512, kernel_size=(1, 1), stride=(1, 1), bias=False)
        (bn3): BatchNorm2d(512, eps=1e-05, momentum=0.1, affine=True, track_running_stats=True)
        (relu): ReLU(inplace=True)
        (downsample): Sequential(
          (0): Conv2d(256, 512, kernel_size=(1, 1), stride=(2, 2), bias=False)
          (1): BatchNorm2d(512, eps=1e-05, momentum=0.1, affine=True, track_running_stats=True)
        )
      )
      init_cfg={'type': 'Constant', 'val': 0, 'override': {'name': 'norm3'}}
      (1): Bottleneck(
        (conv1): Conv2d(512, 128, kernel_size=(1, 1), stride=(1, 1), bias=False)
        (bn1): BatchNorm2d(128, eps=1e-05, momentum=0.1, affine=True, track_running_stats=True)
        (conv2): Conv2d(128, 128, kernel_size=(3, 3), stride=(1, 1), padding=(1, 1), bias=False)
        (bn2): BatchNorm2d(128, eps=1e-05, momentum=0.1, affine=True, track_running_stats=True)
        (conv3): Conv2d(128, 512, kernel_size=(1, 1), stride=(1, 1), bias=False)
        (bn3): BatchNorm2d(512, eps=1e-05, momentum=0.1, affine=True, track_running_stats=True)
        (relu): ReLU(inplace=True)
      )
      init_cfg={'type': 'Constant', 'val': 0, 'override': {'name': 'norm3'}}
      (2): Bottleneck(
        (conv1): Conv2d(512, 128, kernel_size=(1, 1), stride=(1, 1), bias=False)
        (bn1): BatchNorm2d(128, eps=1e-05, momentum=0.1, affine=True, track_running_stats=True)
        (conv2): Conv2d(128, 128, kernel_size=(3, 3), stride=(1, 1), padding=(1, 1), bias=False)
        (bn2): BatchNorm2d(128, eps=1e-05, momentum=0.1, affine=True, track_running_stats=True)
        (conv3): Conv2d(128, 512, kernel_size=(1, 1), stride=(1, 1), bias=False)
        (bn3): BatchNorm2d(512, eps=1e-05, momentum=0.1, affine=True, track_running_stats=True)
        (relu): ReLU(inplace=True)
      )
      init_cfg={'type': 'Constant', 'val': 0, 'override': {'name': 'norm3'}}
      (3): Bottleneck(
        (conv1): Conv2d(512, 128, kernel_size=(1, 1), stride=(1, 1), bias=False)
        (bn1): BatchNorm2d(128, eps=1e-05, momentum=0.1, affine=True, track_running_stats=True)
        (conv2): Conv2d(128, 128, kernel_size=(3, 3), stride=(1, 1), padding=(1, 1), bias=False)
        (bn2): BatchNorm2d(128, eps=1e-05, momentum=0.1, affine=True, track_running_stats=True)
        (conv3): Conv2d(128, 512, kernel_size=(1, 1), stride=(1, 1), bias=False)
        (bn3): BatchNorm2d(512, eps=1e-05, momentum=0.1, affine=True, track_running_stats=True)
        (relu): ReLU(inplace=True)
      )
      init_cfg={'type': 'Constant', 'val': 0, 'override': {'name': 'norm3'}}
    )
    (layer3): ResLayer(
      (0): Bottleneck(
        (conv1): Conv2d(512, 256, kernel_size=(1, 1), stride=(2, 2), bias=False)
        (bn1): BatchNorm2d(256, eps=1e-05, momentum=0.1, affine=True, track_running_stats=True)
        (conv2): ModulatedDeformConv2dPack(
          (conv_offset): Conv2d(256, 27, kernel_size=(3, 3), stride=(1, 1), padding=(1, 1))
        )
        (bn2): BatchNorm2d(256, eps=1e-05, momentum=0.1, affine=True, track_running_stats=True)
        (conv3): Conv2d(256, 1024, kernel_size=(1, 1), stride=(1, 1), bias=False)
        (bn3): BatchNorm2d(1024, eps=1e-05, momentum=0.1, affine=True, track_running_stats=True)
        (relu): ReLU(inplace=True)
        (downsample): Sequential(
          (0): Conv2d(512, 1024, kernel_size=(1, 1), stride=(2, 2), bias=False)
          (1): BatchNorm2d(1024, eps=1e-05, momentum=0.1, affine=True, track_running_stats=True)
        )
      )
      init_cfg={'type': 'Constant', 'val': 0, 'override': {'name': 'norm3'}}
      (1): Bottleneck(
        (conv1): Conv2d(1024, 256, kernel_size=(1, 1), stride=(1, 1), bias=False)
        (bn1): BatchNorm2d(256, eps=1e-05, momentum=0.1, affine=True, track_running_stats=True)
        (conv2): ModulatedDeformConv2dPack(
          (conv_offset): Conv2d(256, 27, kernel_size=(3, 3), stride=(1, 1), padding=(1, 1))
        )
        (bn2): BatchNorm2d(256, eps=1e-05, momentum=0.1, affine=True, track_running_stats=True)
        (conv3): Conv2d(256, 1024, kernel_size=(1, 1), stride=(1, 1), bias=False)
        (bn3): BatchNorm2d(1024, eps=1e-05, momentum=0.1, affine=True, track_running_stats=True)
        (relu): ReLU(inplace=True)
      )
      init_cfg={'type': 'Constant', 'val': 0, 'override': {'name': 'norm3'}}
      (2): Bottleneck(
        (conv1): Conv2d(1024, 256, kernel_size=(1, 1), stride=(1, 1), bias=False)
        (bn1): BatchNorm2d(256, eps=1e-05, momentum=0.1, affine=True, track_running_stats=True)
        (conv2): ModulatedDeformConv2dPack(
          (conv_offset): Conv2d(256, 27, kernel_size=(3, 3), stride=(1, 1), padding=(1, 1))
        )
        (bn2): BatchNorm2d(256, eps=1e-05, momentum=0.1, affine=True, track_running_stats=True)
        (conv3): Conv2d(256, 1024, kernel_size=(1, 1), stride=(1, 1), bias=False)
        (bn3): BatchNorm2d(1024, eps=1e-05, momentum=0.1, affine=True, track_running_stats=True)
        (relu): ReLU(inplace=True)
      )
      init_cfg={'type': 'Constant', 'val': 0, 'override': {'name': 'norm3'}}
      (3): Bottleneck(
        (conv1): Conv2d(1024, 256, kernel_size=(1, 1), stride=(1, 1), bias=False)
        (bn1): BatchNorm2d(256, eps=1e-05, momentum=0.1, affine=True, track_running_stats=True)
        (conv2): ModulatedDeformConv2dPack(
          (conv_offset): Conv2d(256, 27, kernel_size=(3, 3), stride=(1, 1), padding=(1, 1))
        )
        (bn2): BatchNorm2d(256, eps=1e-05, momentum=0.1, affine=True, track_running_stats=True)
        (conv3): Conv2d(256, 1024, kernel_size=(1, 1), stride=(1, 1), bias=False)
        (bn3): BatchNorm2d(1024, eps=1e-05, momentum=0.1, affine=True, track_running_stats=True)
        (relu): ReLU(inplace=True)
      )
      init_cfg={'type': 'Constant', 'val': 0, 'override': {'name': 'norm3'}}
      (4): Bottleneck(
        (conv1): Conv2d(1024, 256, kernel_size=(1, 1), stride=(1, 1), bias=False)
        (bn1): BatchNorm2d(256, eps=1e-05, momentum=0.1, affine=True, track_running_stats=True)
        (conv2): ModulatedDeformConv2dPack(
          (conv_offset): Conv2d(256, 27, kernel_size=(3, 3), stride=(1, 1), padding=(1, 1))
        )
        (bn2): BatchNorm2d(256, eps=1e-05, momentum=0.1, affine=True, track_running_stats=True)
        (conv3): Conv2d(256, 1024, kernel_size=(1, 1), stride=(1, 1), bias=False)
        (bn3): BatchNorm2d(1024, eps=1e-05, momentum=0.1, affine=True, track_running_stats=True)
        (relu): ReLU(inplace=True)
      )
      init_cfg={'type': 'Constant', 'val': 0, 'override': {'name': 'norm3'}}
      (5): Bottleneck(
        (conv1): Conv2d(1024, 256, kernel_size=(1, 1), stride=(1, 1), bias=False)
        (bn1): BatchNorm2d(256, eps=1e-05, momentum=0.1, affine=True, track_running_stats=True)
        (conv2): ModulatedDeformConv2dPack(
          (conv_offset): Conv2d(256, 27, kernel_size=(3, 3), stride=(1, 1), padding=(1, 1))
        )
        (bn2): BatchNorm2d(256, eps=1e-05, momentum=0.1, affine=True, track_running_stats=True)
        (conv3): Conv2d(256, 1024, kernel_size=(1, 1), stride=(1, 1), bias=False)
        (bn3): BatchNorm2d(1024, eps=1e-05, momentum=0.1, affine=True, track_running_stats=True)
        (relu): ReLU(inplace=True)
      )
      init_cfg={'type': 'Constant', 'val': 0, 'override': {'name': 'norm3'}}
      (6): Bottleneck(
        (conv1): Conv2d(1024, 256, kernel_size=(1, 1), stride=(1, 1), bias=False)
        (bn1): BatchNorm2d(256, eps=1e-05, momentum=0.1, affine=True, track_running_stats=True)
        (conv2): ModulatedDeformConv2dPack(
          (conv_offset): Conv2d(256, 27, kernel_size=(3, 3), stride=(1, 1), padding=(1, 1))
        )
        (bn2): BatchNorm2d(256, eps=1e-05, momentum=0.1, affine=True, track_running_stats=True)
        (conv3): Conv2d(256, 1024, kernel_size=(1, 1), stride=(1, 1), bias=False)
        (bn3): BatchNorm2d(1024, eps=1e-05, momentum=0.1, affine=True, track_running_stats=True)
        (relu): ReLU(inplace=True)
      )
      init_cfg={'type': 'Constant', 'val': 0, 'override': {'name': 'norm3'}}
      (7): Bottleneck(
        (conv1): Conv2d(1024, 256, kernel_size=(1, 1), stride=(1, 1), bias=False)
        (bn1): BatchNorm2d(256, eps=1e-05, momentum=0.1, affine=True, track_running_stats=True)
        (conv2): ModulatedDeformConv2dPack(
          (conv_offset): Conv2d(256, 27, kernel_size=(3, 3), stride=(1, 1), padding=(1, 1))
        )
        (bn2): BatchNorm2d(256, eps=1e-05, momentum=0.1, affine=True, track_running_stats=True)
        (conv3): Conv2d(256, 1024, kernel_size=(1, 1), stride=(1, 1), bias=False)
        (bn3): BatchNorm2d(1024, eps=1e-05, momentum=0.1, affine=True, track_running_stats=True)
        (relu): ReLU(inplace=True)
      )
      init_cfg={'type': 'Constant', 'val': 0, 'override': {'name': 'norm3'}}
      (8): Bottleneck(
        (conv1): Conv2d(1024, 256, kernel_size=(1, 1), stride=(1, 1), bias=False)
        (bn1): BatchNorm2d(256, eps=1e-05, momentum=0.1, affine=True, track_running_stats=True)
        (conv2): ModulatedDeformConv2dPack(
          (conv_offset): Conv2d(256, 27, kernel_size=(3, 3), stride=(1, 1), padding=(1, 1))
        )
        (bn2): BatchNorm2d(256, eps=1e-05, momentum=0.1, affine=True, track_running_stats=True)
        (conv3): Conv2d(256, 1024, kernel_size=(1, 1), stride=(1, 1), bias=False)
        (bn3): BatchNorm2d(1024, eps=1e-05, momentum=0.1, affine=True, track_running_stats=True)
        (relu): ReLU(inplace=True)
      )
      init_cfg={'type': 'Constant', 'val': 0, 'override': {'name': 'norm3'}}
      (9): Bottleneck(
        (conv1): Conv2d(1024, 256, kernel_size=(1, 1), stride=(1, 1), bias=False)
        (bn1): BatchNorm2d(256, eps=1e-05, momentum=0.1, affine=True, track_running_stats=True)
        (conv2): ModulatedDeformConv2dPack(
          (conv_offset): Conv2d(256, 27, kernel_size=(3, 3), stride=(1, 1), padding=(1, 1))
        )
        (bn2): BatchNorm2d(256, eps=1e-05, momentum=0.1, affine=True, track_running_stats=True)
        (conv3): Conv2d(256, 1024, kernel_size=(1, 1), stride=(1, 1), bias=False)
        (bn3): BatchNorm2d(1024, eps=1e-05, momentum=0.1, affine=True, track_running_stats=True)
        (relu): ReLU(inplace=True)
      )
      init_cfg={'type': 'Constant', 'val': 0, 'override': {'name': 'norm3'}}
      (10): Bottleneck(
        (conv1): Conv2d(1024, 256, kernel_size=(1, 1), stride=(1, 1), bias=False)
        (bn1): BatchNorm2d(256, eps=1e-05, momentum=0.1, affine=True, track_running_stats=True)
        (conv2): ModulatedDeformConv2dPack(
          (conv_offset): Conv2d(256, 27, kernel_size=(3, 3), stride=(1, 1), padding=(1, 1))
        )
        (bn2): BatchNorm2d(256, eps=1e-05, momentum=0.1, affine=True, track_running_stats=True)
        (conv3): Conv2d(256, 1024, kernel_size=(1, 1), stride=(1, 1), bias=False)
        (bn3): BatchNorm2d(1024, eps=1e-05, momentum=0.1, affine=True, track_running_stats=True)
        (relu): ReLU(inplace=True)
      )
      init_cfg={'type': 'Constant', 'val': 0, 'override': {'name': 'norm3'}}
      (11): Bottleneck(
        (conv1): Conv2d(1024, 256, kernel_size=(1, 1), stride=(1, 1), bias=False)
        (bn1): BatchNorm2d(256, eps=1e-05, momentum=0.1, affine=True, track_running_stats=True)
        (conv2): ModulatedDeformConv2dPack(
          (conv_offset): Conv2d(256, 27, kernel_size=(3, 3), stride=(1, 1), padding=(1, 1))
        )
        (bn2): BatchNorm2d(256, eps=1e-05, momentum=0.1, affine=True, track_running_stats=True)
        (conv3): Conv2d(256, 1024, kernel_size=(1, 1), stride=(1, 1), bias=False)
        (bn3): BatchNorm2d(1024, eps=1e-05, momentum=0.1, affine=True, track_running_stats=True)
        (relu): ReLU(inplace=True)
      )
      init_cfg={'type': 'Constant', 'val': 0, 'override': {'name': 'norm3'}}
      (12): Bottleneck(
        (conv1): Conv2d(1024, 256, kernel_size=(1, 1), stride=(1, 1), bias=False)
        (bn1): BatchNorm2d(256, eps=1e-05, momentum=0.1, affine=True, track_running_stats=True)
        (conv2): ModulatedDeformConv2dPack(
          (conv_offset): Conv2d(256, 27, kernel_size=(3, 3), stride=(1, 1), padding=(1, 1))
        )
        (bn2): BatchNorm2d(256, eps=1e-05, momentum=0.1, affine=True, track_running_stats=True)
        (conv3): Conv2d(256, 1024, kernel_size=(1, 1), stride=(1, 1), bias=False)
        (bn3): BatchNorm2d(1024, eps=1e-05, momentum=0.1, affine=True, track_running_stats=True)
        (relu): ReLU(inplace=True)
      )
      init_cfg={'type': 'Constant', 'val': 0, 'override': {'name': 'norm3'}}
      (13): Bottleneck(
        (conv1): Conv2d(1024, 256, kernel_size=(1, 1), stride=(1, 1), bias=False)
        (bn1): BatchNorm2d(256, eps=1e-05, momentum=0.1, affine=True, track_running_stats=True)
        (conv2): ModulatedDeformConv2dPack(
          (conv_offset): Conv2d(256, 27, kernel_size=(3, 3), stride=(1, 1), padding=(1, 1))
        )
        (bn2): BatchNorm2d(256, eps=1e-05, momentum=0.1, affine=True, track_running_stats=True)
        (conv3): Conv2d(256, 1024, kernel_size=(1, 1), stride=(1, 1), bias=False)
        (bn3): BatchNorm2d(1024, eps=1e-05, momentum=0.1, affine=True, track_running_stats=True)
        (relu): ReLU(inplace=True)
      )
      init_cfg={'type': 'Constant', 'val': 0, 'override': {'name': 'norm3'}}
      (14): Bottleneck(
        (conv1): Conv2d(1024, 256, kernel_size=(1, 1), stride=(1, 1), bias=False)
        (bn1): BatchNorm2d(256, eps=1e-05, momentum=0.1, affine=True, track_running_stats=True)
        (conv2): ModulatedDeformConv2dPack(
          (conv_offset): Conv2d(256, 27, kernel_size=(3, 3), stride=(1, 1), padding=(1, 1))
        )
        (bn2): BatchNorm2d(256, eps=1e-05, momentum=0.1, affine=True, track_running_stats=True)
        (conv3): Conv2d(256, 1024, kernel_size=(1, 1), stride=(1, 1), bias=False)
        (bn3): BatchNorm2d(1024, eps=1e-05, momentum=0.1, affine=True, track_running_stats=True)
        (relu): ReLU(inplace=True)
      )
      init_cfg={'type': 'Constant', 'val': 0, 'override': {'name': 'norm3'}}
      (15): Bottleneck(
        (conv1): Conv2d(1024, 256, kernel_size=(1, 1), stride=(1, 1), bias=False)
        (bn1): BatchNorm2d(256, eps=1e-05, momentum=0.1, affine=True, track_running_stats=True)
        (conv2): ModulatedDeformConv2dPack(
          (conv_offset): Conv2d(256, 27, kernel_size=(3, 3), stride=(1, 1), padding=(1, 1))
        )
        (bn2): BatchNorm2d(256, eps=1e-05, momentum=0.1, affine=True, track_running_stats=True)
        (conv3): Conv2d(256, 1024, kernel_size=(1, 1), stride=(1, 1), bias=False)
        (bn3): BatchNorm2d(1024, eps=1e-05, momentum=0.1, affine=True, track_running_stats=True)
        (relu): ReLU(inplace=True)
      )
      init_cfg={'type': 'Constant', 'val': 0, 'override': {'name': 'norm3'}}
      (16): Bottleneck(
        (conv1): Conv2d(1024, 256, kernel_size=(1, 1), stride=(1, 1), bias=False)
        (bn1): BatchNorm2d(256, eps=1e-05, momentum=0.1, affine=True, track_running_stats=True)
        (conv2): ModulatedDeformConv2dPack(
          (conv_offset): Conv2d(256, 27, kernel_size=(3, 3), stride=(1, 1), padding=(1, 1))
        )
        (bn2): BatchNorm2d(256, eps=1e-05, momentum=0.1, affine=True, track_running_stats=True)
        (conv3): Conv2d(256, 1024, kernel_size=(1, 1), stride=(1, 1), bias=False)
        (bn3): BatchNorm2d(1024, eps=1e-05, momentum=0.1, affine=True, track_running_stats=True)
        (relu): ReLU(inplace=True)
      )
      init_cfg={'type': 'Constant', 'val': 0, 'override': {'name': 'norm3'}}
      (17): Bottleneck(
        (conv1): Conv2d(1024, 256, kernel_size=(1, 1), stride=(1, 1), bias=False)
        (bn1): BatchNorm2d(256, eps=1e-05, momentum=0.1, affine=True, track_running_stats=True)
        (conv2): ModulatedDeformConv2dPack(
          (conv_offset): Conv2d(256, 27, kernel_size=(3, 3), stride=(1, 1), padding=(1, 1))
        )
        (bn2): BatchNorm2d(256, eps=1e-05, momentum=0.1, affine=True, track_running_stats=True)
        (conv3): Conv2d(256, 1024, kernel_size=(1, 1), stride=(1, 1), bias=False)
        (bn3): BatchNorm2d(1024, eps=1e-05, momentum=0.1, affine=True, track_running_stats=True)
        (relu): ReLU(inplace=True)
      )
      init_cfg={'type': 'Constant', 'val': 0, 'override': {'name': 'norm3'}}
      (18): Bottleneck(
        (conv1): Conv2d(1024, 256, kernel_size=(1, 1), stride=(1, 1), bias=False)
        (bn1): BatchNorm2d(256, eps=1e-05, momentum=0.1, affine=True, track_running_stats=True)
        (conv2): ModulatedDeformConv2dPack(
          (conv_offset): Conv2d(256, 27, kernel_size=(3, 3), stride=(1, 1), padding=(1, 1))
        )
        (bn2): BatchNorm2d(256, eps=1e-05, momentum=0.1, affine=True, track_running_stats=True)
        (conv3): Conv2d(256, 1024, kernel_size=(1, 1), stride=(1, 1), bias=False)
        (bn3): BatchNorm2d(1024, eps=1e-05, momentum=0.1, affine=True, track_running_stats=True)
        (relu): ReLU(inplace=True)
      )
      init_cfg={'type': 'Constant', 'val': 0, 'override': {'name': 'norm3'}}
      (19): Bottleneck(
        (conv1): Conv2d(1024, 256, kernel_size=(1, 1), stride=(1, 1), bias=False)
        (bn1): BatchNorm2d(256, eps=1e-05, momentum=0.1, affine=True, track_running_stats=True)
        (conv2): ModulatedDeformConv2dPack(
          (conv_offset): Conv2d(256, 27, kernel_size=(3, 3), stride=(1, 1), padding=(1, 1))
        )
        (bn2): BatchNorm2d(256, eps=1e-05, momentum=0.1, affine=True, track_running_stats=True)
        (conv3): Conv2d(256, 1024, kernel_size=(1, 1), stride=(1, 1), bias=False)
        (bn3): BatchNorm2d(1024, eps=1e-05, momentum=0.1, affine=True, track_running_stats=True)
        (relu): ReLU(inplace=True)
      )
      init_cfg={'type': 'Constant', 'val': 0, 'override': {'name': 'norm3'}}
      (20): Bottleneck(
        (conv1): Conv2d(1024, 256, kernel_size=(1, 1), stride=(1, 1), bias=False)
        (bn1): BatchNorm2d(256, eps=1e-05, momentum=0.1, affine=True, track_running_stats=True)
        (conv2): ModulatedDeformConv2dPack(
          (conv_offset): Conv2d(256, 27, kernel_size=(3, 3), stride=(1, 1), padding=(1, 1))
        )
        (bn2): BatchNorm2d(256, eps=1e-05, momentum=0.1, affine=True, track_running_stats=True)
        (conv3): Conv2d(256, 1024, kernel_size=(1, 1), stride=(1, 1), bias=False)
        (bn3): BatchNorm2d(1024, eps=1e-05, momentum=0.1, affine=True, track_running_stats=True)
        (relu): ReLU(inplace=True)
      )
      init_cfg={'type': 'Constant', 'val': 0, 'override': {'name': 'norm3'}}
      (21): Bottleneck(
        (conv1): Conv2d(1024, 256, kernel_size=(1, 1), stride=(1, 1), bias=False)
        (bn1): BatchNorm2d(256, eps=1e-05, momentum=0.1, affine=True, track_running_stats=True)
        (conv2): ModulatedDeformConv2dPack(
          (conv_offset): Conv2d(256, 27, kernel_size=(3, 3), stride=(1, 1), padding=(1, 1))
        )
        (bn2): BatchNorm2d(256, eps=1e-05, momentum=0.1, affine=True, track_running_stats=True)
        (conv3): Conv2d(256, 1024, kernel_size=(1, 1), stride=(1, 1), bias=False)
        (bn3): BatchNorm2d(1024, eps=1e-05, momentum=0.1, affine=True, track_running_stats=True)
        (relu): ReLU(inplace=True)
      )
      init_cfg={'type': 'Constant', 'val': 0, 'override': {'name': 'norm3'}}
      (22): Bottleneck(
        (conv1): Conv2d(1024, 256, kernel_size=(1, 1), stride=(1, 1), bias=False)
        (bn1): BatchNorm2d(256, eps=1e-05, momentum=0.1, affine=True, track_running_stats=True)
        (conv2): ModulatedDeformConv2dPack(
          (conv_offset): Conv2d(256, 27, kernel_size=(3, 3), stride=(1, 1), padding=(1, 1))
        )
        (bn2): BatchNorm2d(256, eps=1e-05, momentum=0.1, affine=True, track_running_stats=True)
        (conv3): Conv2d(256, 1024, kernel_size=(1, 1), stride=(1, 1), bias=False)
        (bn3): BatchNorm2d(1024, eps=1e-05, momentum=0.1, affine=True, track_running_stats=True)
        (relu): ReLU(inplace=True)
      )
      init_cfg={'type': 'Constant', 'val': 0, 'override': {'name': 'norm3'}}
    )
    (layer4): ResLayer(
      (0): Bottleneck(
        (conv1): Conv2d(1024, 512, kernel_size=(1, 1), stride=(2, 2), bias=False)
        (bn1): BatchNorm2d(512, eps=1e-05, momentum=0.1, affine=True, track_running_stats=True)
        (conv2): ModulatedDeformConv2dPack(
          (conv_offset): Conv2d(512, 27, kernel_size=(3, 3), stride=(1, 1), padding=(1, 1))
        )
        (bn2): BatchNorm2d(512, eps=1e-05, momentum=0.1, affine=True, track_running_stats=True)
        (conv3): Conv2d(512, 2048, kernel_size=(1, 1), stride=(1, 1), bias=False)
        (bn3): BatchNorm2d(2048, eps=1e-05, momentum=0.1, affine=True, track_running_stats=True)
        (relu): ReLU(inplace=True)
        (downsample): Sequential(
          (0): Conv2d(1024, 2048, kernel_size=(1, 1), stride=(2, 2), bias=False)
          (1): BatchNorm2d(2048, eps=1e-05, momentum=0.1, affine=True, track_running_stats=True)
        )
      )
      init_cfg={'type': 'Constant', 'val': 0, 'override': {'name': 'norm3'}}
      (1): Bottleneck(
        (conv1): Conv2d(2048, 512, kernel_size=(1, 1), stride=(1, 1), bias=False)
        (bn1): BatchNorm2d(512, eps=1e-05, momentum=0.1, affine=True, track_running_stats=True)
        (conv2): ModulatedDeformConv2dPack(
          (conv_offset): Conv2d(512, 27, kernel_size=(3, 3), stride=(1, 1), padding=(1, 1))
        )
        (bn2): BatchNorm2d(512, eps=1e-05, momentum=0.1, affine=True, track_running_stats=True)
        (conv3): Conv2d(512, 2048, kernel_size=(1, 1), stride=(1, 1), bias=False)
        (bn3): BatchNorm2d(2048, eps=1e-05, momentum=0.1, affine=True, track_running_stats=True)
        (relu): ReLU(inplace=True)
      )
      init_cfg={'type': 'Constant', 'val': 0, 'override': {'name': 'norm3'}}
      (2): Bottleneck(
        (conv1): Conv2d(2048, 512, kernel_size=(1, 1), stride=(1, 1), bias=False)
        (bn1): BatchNorm2d(512, eps=1e-05, momentum=0.1, affine=True, track_running_stats=True)
        (conv2): ModulatedDeformConv2dPack(
          (conv_offset): Conv2d(512, 27, kernel_size=(3, 3), stride=(1, 1), padding=(1, 1))
        )
        (bn2): BatchNorm2d(512, eps=1e-05, momentum=0.1, affine=True, track_running_stats=True)
        (conv3): Conv2d(512, 2048, kernel_size=(1, 1), stride=(1, 1), bias=False)
        (bn3): BatchNorm2d(2048, eps=1e-05, momentum=0.1, affine=True, track_running_stats=True)
        (relu): ReLU(inplace=True)
      )
      init_cfg={'type': 'Constant', 'val': 0, 'override': {'name': 'norm3'}}
    )
  )
  init_cfg=[{'type': 'Kaiming', 'layer': 'Conv2d'}, {'type': 'Constant', 'val': 1, 'layer': ['_BatchNorm', 'GroupNorm']}]
  (img_neck): FPN(
    (lateral_convs): ModuleList(
      (0): ConvModule(
        (conv): Conv2d(512, 256, kernel_size=(1, 1), stride=(1, 1))
      )
      (1): ConvModule(
        (conv): Conv2d(1024, 256, kernel_size=(1, 1), stride=(1, 1))
      )
      (2): ConvModule(
        (conv): Conv2d(2048, 256, kernel_size=(1, 1), stride=(1, 1))
      )
    )
    (fpn_convs): ModuleList(
      (0): ConvModule(
        (conv): Conv2d(256, 256, kernel_size=(3, 3), stride=(1, 1), padding=(1, 1))
      )
      (1): ConvModule(
        (conv): Conv2d(256, 256, kernel_size=(3, 3), stride=(1, 1), padding=(1, 1))
      )
      (2): ConvModule(
        (conv): Conv2d(256, 256, kernel_size=(3, 3), stride=(1, 1), padding=(1, 1))
      )
      (3): ConvModule(
        (conv): Conv2d(256, 256, kernel_size=(3, 3), stride=(2, 2), padding=(1, 1))
      )
    )
  )
  init_cfg={'type': 'Xavier', 'layer': 'Conv2d', 'distribution': 'uniform'}
)
2025-06-25 15:59:54,877 - mmdet - INFO - load checkpoint from local path: pretrained/lidar_0075_cam_res101_900q_fused.pth
2025-06-25 16:00:00,962 - mmdet - WARNING - The model and loaded state dict do not match exactly

unexpected key in source state_dict: pts_bbox_head.code_weights, pts_bbox_head.query_embedding.weight, pts_bbox_head.aux_head.shared_conv.conv.weight, pts_bbox_head.aux_head.shared_conv.bn.weight, pts_bbox_head.aux_head.shared_conv.bn.bias, pts_bbox_head.aux_head.shared_conv.bn.running_mean, pts_bbox_head.aux_head.shared_conv.bn.running_var, pts_bbox_head.aux_head.shared_conv.bn.num_batches_tracked, pts_bbox_head.aux_head.task_heads.0.reg.0.conv.weight, pts_bbox_head.aux_head.task_heads.0.reg.0.bn.weight, pts_bbox_head.aux_head.task_heads.0.reg.0.bn.bias, pts_bbox_head.aux_head.task_heads.0.reg.0.bn.running_mean, pts_bbox_head.aux_head.task_heads.0.reg.0.bn.running_var, pts_bbox_head.aux_head.task_heads.0.reg.0.bn.num_batches_tracked, pts_bbox_head.aux_head.task_heads.0.reg.1.weight, pts_bbox_head.aux_head.task_heads.0.reg.1.bias, pts_bbox_head.aux_head.task_heads.0.height.0.conv.weight, pts_bbox_head.aux_head.task_heads.0.height.0.bn.weight, pts_bbox_head.aux_head.task_heads.0.height.0.bn.bias, pts_bbox_head.aux_head.task_heads.0.height.0.bn.running_mean, pts_bbox_head.aux_head.task_heads.0.height.0.bn.running_var, pts_bbox_head.aux_head.task_heads.0.height.0.bn.num_batches_tracked, pts_bbox_head.aux_head.task_heads.0.height.1.weight, pts_bbox_head.aux_head.task_heads.0.height.1.bias, pts_bbox_head.aux_head.task_heads.0.dim.0.conv.weight, pts_bbox_head.aux_head.task_heads.0.dim.0.bn.weight, pts_bbox_head.aux_head.task_heads.0.dim.0.bn.bias, pts_bbox_head.aux_head.task_heads.0.dim.0.bn.running_mean, pts_bbox_head.aux_head.task_heads.0.dim.0.bn.running_var, pts_bbox_head.aux_head.task_heads.0.dim.0.bn.num_batches_tracked, pts_bbox_head.aux_head.task_heads.0.dim.1.weight, pts_bbox_head.aux_head.task_heads.0.dim.1.bias, pts_bbox_head.aux_head.task_heads.0.rot.0.conv.weight, pts_bbox_head.aux_head.task_heads.0.rot.0.bn.weight, pts_bbox_head.aux_head.task_heads.0.rot.0.bn.bias, pts_bbox_head.aux_head.task_heads.0.rot.0.bn.running_mean, pts_bbox_head.aux_head.task_heads.0.rot.0.bn.running_var, pts_bbox_head.aux_head.task_heads.0.rot.0.bn.num_batches_tracked, pts_bbox_head.aux_head.task_heads.0.rot.1.weight, pts_bbox_head.aux_head.task_heads.0.rot.1.bias, pts_bbox_head.aux_head.task_heads.0.vel.0.conv.weight, pts_bbox_head.aux_head.task_heads.0.vel.0.bn.weight, pts_bbox_head.aux_head.task_heads.0.vel.0.bn.bias, pts_bbox_head.aux_head.task_heads.0.vel.0.bn.running_mean, pts_bbox_head.aux_head.task_heads.0.vel.0.bn.running_var, pts_bbox_head.aux_head.task_heads.0.vel.0.bn.num_batches_tracked, pts_bbox_head.aux_head.task_heads.0.vel.1.weight, pts_bbox_head.aux_head.task_heads.0.vel.1.bias, pts_bbox_head.aux_head.task_heads.0.heatmap.0.conv.weight, pts_bbox_head.aux_head.task_heads.0.heatmap.0.bn.weight, pts_bbox_head.aux_head.task_heads.0.heatmap.0.bn.bias, pts_bbox_head.aux_head.task_heads.0.heatmap.0.bn.running_mean, pts_bbox_head.aux_head.task_heads.0.heatmap.0.bn.running_var, pts_bbox_head.aux_head.task_heads.0.heatmap.0.bn.num_batches_tracked, pts_bbox_head.aux_head.task_heads.0.heatmap.1.weight, pts_bbox_head.aux_head.task_heads.0.heatmap.1.bias, pts_bbox_head.aux_head.task_heads.1.reg.0.conv.weight, pts_bbox_head.aux_head.task_heads.1.reg.0.bn.weight, pts_bbox_head.aux_head.task_heads.1.reg.0.bn.bias, pts_bbox_head.aux_head.task_heads.1.reg.0.bn.running_mean, pts_bbox_head.aux_head.task_heads.1.reg.0.bn.running_var, pts_bbox_head.aux_head.task_heads.1.reg.0.bn.num_batches_tracked, pts_bbox_head.aux_head.task_heads.1.reg.1.weight, pts_bbox_head.aux_head.task_heads.1.reg.1.bias, pts_bbox_head.aux_head.task_heads.1.height.0.conv.weight, pts_bbox_head.aux_head.task_heads.1.height.0.bn.weight, pts_bbox_head.aux_head.task_heads.1.height.0.bn.bias, pts_bbox_head.aux_head.task_heads.1.height.0.bn.running_mean, pts_bbox_head.aux_head.task_heads.1.height.0.bn.running_var, pts_bbox_head.aux_head.task_heads.1.height.0.bn.num_batches_tracked, pts_bbox_head.aux_head.task_heads.1.height.1.weight, pts_bbox_head.aux_head.task_heads.1.height.1.bias, pts_bbox_head.aux_head.task_heads.1.dim.0.conv.weight, pts_bbox_head.aux_head.task_heads.1.dim.0.bn.weight, pts_bbox_head.aux_head.task_heads.1.dim.0.bn.bias, pts_bbox_head.aux_head.task_heads.1.dim.0.bn.running_mean, pts_bbox_head.aux_head.task_heads.1.dim.0.bn.running_var, pts_bbox_head.aux_head.task_heads.1.dim.0.bn.num_batches_tracked, pts_bbox_head.aux_head.task_heads.1.dim.1.weight, pts_bbox_head.aux_head.task_heads.1.dim.1.bias, pts_bbox_head.aux_head.task_heads.1.rot.0.conv.weight, pts_bbox_head.aux_head.task_heads.1.rot.0.bn.weight, pts_bbox_head.aux_head.task_heads.1.rot.0.bn.bias, pts_bbox_head.aux_head.task_heads.1.rot.0.bn.running_mean, pts_bbox_head.aux_head.task_heads.1.rot.0.bn.running_var, pts_bbox_head.aux_head.task_heads.1.rot.0.bn.num_batches_tracked, pts_bbox_head.aux_head.task_heads.1.rot.1.weight, pts_bbox_head.aux_head.task_heads.1.rot.1.bias, pts_bbox_head.aux_head.task_heads.1.vel.0.conv.weight, pts_bbox_head.aux_head.task_heads.1.vel.0.bn.weight, pts_bbox_head.aux_head.task_heads.1.vel.0.bn.bias, pts_bbox_head.aux_head.task_heads.1.vel.0.bn.running_mean, pts_bbox_head.aux_head.task_heads.1.vel.0.bn.running_var, pts_bbox_head.aux_head.task_heads.1.vel.0.bn.num_batches_tracked, pts_bbox_head.aux_head.task_heads.1.vel.1.weight, pts_bbox_head.aux_head.task_heads.1.vel.1.bias, pts_bbox_head.aux_head.task_heads.1.heatmap.0.conv.weight, pts_bbox_head.aux_head.task_heads.1.heatmap.0.bn.weight, pts_bbox_head.aux_head.task_heads.1.heatmap.0.bn.bias, pts_bbox_head.aux_head.task_heads.1.heatmap.0.bn.running_mean, pts_bbox_head.aux_head.task_heads.1.heatmap.0.bn.running_var, pts_bbox_head.aux_head.task_heads.1.heatmap.0.bn.num_batches_tracked, pts_bbox_head.aux_head.task_heads.1.heatmap.1.weight, pts_bbox_head.aux_head.task_heads.1.heatmap.1.bias, pts_bbox_head.aux_head.task_heads.2.reg.0.conv.weight, pts_bbox_head.aux_head.task_heads.2.reg.0.bn.weight, pts_bbox_head.aux_head.task_heads.2.reg.0.bn.bias, pts_bbox_head.aux_head.task_heads.2.reg.0.bn.running_mean, pts_bbox_head.aux_head.task_heads.2.reg.0.bn.running_var, pts_bbox_head.aux_head.task_heads.2.reg.0.bn.num_batches_tracked, pts_bbox_head.aux_head.task_heads.2.reg.1.weight, pts_bbox_head.aux_head.task_heads.2.reg.1.bias, pts_bbox_head.aux_head.task_heads.2.height.0.conv.weight, pts_bbox_head.aux_head.task_heads.2.height.0.bn.weight, pts_bbox_head.aux_head.task_heads.2.height.0.bn.bias, pts_bbox_head.aux_head.task_heads.2.height.0.bn.running_mean, pts_bbox_head.aux_head.task_heads.2.height.0.bn.running_var, pts_bbox_head.aux_head.task_heads.2.height.0.bn.num_batches_tracked, pts_bbox_head.aux_head.task_heads.2.height.1.weight, pts_bbox_head.aux_head.task_heads.2.height.1.bias, pts_bbox_head.aux_head.task_heads.2.dim.0.conv.weight, pts_bbox_head.aux_head.task_heads.2.dim.0.bn.weight, pts_bbox_head.aux_head.task_heads.2.dim.0.bn.bias, pts_bbox_head.aux_head.task_heads.2.dim.0.bn.running_mean, pts_bbox_head.aux_head.task_heads.2.dim.0.bn.running_var, pts_bbox_head.aux_head.task_heads.2.dim.0.bn.num_batches_tracked, pts_bbox_head.aux_head.task_heads.2.dim.1.weight, pts_bbox_head.aux_head.task_heads.2.dim.1.bias, pts_bbox_head.aux_head.task_heads.2.rot.0.conv.weight, pts_bbox_head.aux_head.task_heads.2.rot.0.bn.weight, pts_bbox_head.aux_head.task_heads.2.rot.0.bn.bias, pts_bbox_head.aux_head.task_heads.2.rot.0.bn.running_mean, pts_bbox_head.aux_head.task_heads.2.rot.0.bn.running_var, pts_bbox_head.aux_head.task_heads.2.rot.0.bn.num_batches_tracked, pts_bbox_head.aux_head.task_heads.2.rot.1.weight, pts_bbox_head.aux_head.task_heads.2.rot.1.bias, pts_bbox_head.aux_head.task_heads.2.vel.0.conv.weight, pts_bbox_head.aux_head.task_heads.2.vel.0.bn.weight, pts_bbox_head.aux_head.task_heads.2.vel.0.bn.bias, pts_bbox_head.aux_head.task_heads.2.vel.0.bn.running_mean, pts_bbox_head.aux_head.task_heads.2.vel.0.bn.running_var, pts_bbox_head.aux_head.task_heads.2.vel.0.bn.num_batches_tracked, pts_bbox_head.aux_head.task_heads.2.vel.1.weight, pts_bbox_head.aux_head.task_heads.2.vel.1.bias, pts_bbox_head.aux_head.task_heads.2.heatmap.0.conv.weight, pts_bbox_head.aux_head.task_heads.2.heatmap.0.bn.weight, pts_bbox_head.aux_head.task_heads.2.heatmap.0.bn.bias, pts_bbox_head.aux_head.task_heads.2.heatmap.0.bn.running_mean, pts_bbox_head.aux_head.task_heads.2.heatmap.0.bn.running_var, pts_bbox_head.aux_head.task_heads.2.heatmap.0.bn.num_batches_tracked, pts_bbox_head.aux_head.task_heads.2.heatmap.1.weight, pts_bbox_head.aux_head.task_heads.2.heatmap.1.bias, pts_bbox_head.aux_head.task_heads.3.reg.0.conv.weight, pts_bbox_head.aux_head.task_heads.3.reg.0.bn.weight, pts_bbox_head.aux_head.task_heads.3.reg.0.bn.bias, pts_bbox_head.aux_head.task_heads.3.reg.0.bn.running_mean, pts_bbox_head.aux_head.task_heads.3.reg.0.bn.running_var, pts_bbox_head.aux_head.task_heads.3.reg.0.bn.num_batches_tracked, pts_bbox_head.aux_head.task_heads.3.reg.1.weight, pts_bbox_head.aux_head.task_heads.3.reg.1.bias, pts_bbox_head.aux_head.task_heads.3.height.0.conv.weight, pts_bbox_head.aux_head.task_heads.3.height.0.bn.weight, pts_bbox_head.aux_head.task_heads.3.height.0.bn.bias, pts_bbox_head.aux_head.task_heads.3.height.0.bn.running_mean, pts_bbox_head.aux_head.task_heads.3.height.0.bn.running_var, pts_bbox_head.aux_head.task_heads.3.height.0.bn.num_batches_tracked, pts_bbox_head.aux_head.task_heads.3.height.1.weight, pts_bbox_head.aux_head.task_heads.3.height.1.bias, pts_bbox_head.aux_head.task_heads.3.dim.0.conv.weight, pts_bbox_head.aux_head.task_heads.3.dim.0.bn.weight, pts_bbox_head.aux_head.task_heads.3.dim.0.bn.bias, pts_bbox_head.aux_head.task_heads.3.dim.0.bn.running_mean, pts_bbox_head.aux_head.task_heads.3.dim.0.bn.running_var, pts_bbox_head.aux_head.task_heads.3.dim.0.bn.num_batches_tracked, pts_bbox_head.aux_head.task_heads.3.dim.1.weight, pts_bbox_head.aux_head.task_heads.3.dim.1.bias, pts_bbox_head.aux_head.task_heads.3.rot.0.conv.weight, pts_bbox_head.aux_head.task_heads.3.rot.0.bn.weight, pts_bbox_head.aux_head.task_heads.3.rot.0.bn.bias, pts_bbox_head.aux_head.task_heads.3.rot.0.bn.running_mean, pts_bbox_head.aux_head.task_heads.3.rot.0.bn.running_var, pts_bbox_head.aux_head.task_heads.3.rot.0.bn.num_batches_tracked, pts_bbox_head.aux_head.task_heads.3.rot.1.weight, pts_bbox_head.aux_head.task_heads.3.rot.1.bias, pts_bbox_head.aux_head.task_heads.3.vel.0.conv.weight, pts_bbox_head.aux_head.task_heads.3.vel.0.bn.weight, pts_bbox_head.aux_head.task_heads.3.vel.0.bn.bias, pts_bbox_head.aux_head.task_heads.3.vel.0.bn.running_mean, pts_bbox_head.aux_head.task_heads.3.vel.0.bn.running_var, pts_bbox_head.aux_head.task_heads.3.vel.0.bn.num_batches_tracked, pts_bbox_head.aux_head.task_heads.3.vel.1.weight, pts_bbox_head.aux_head.task_heads.3.vel.1.bias, pts_bbox_head.aux_head.task_heads.3.heatmap.0.conv.weight, pts_bbox_head.aux_head.task_heads.3.heatmap.0.bn.weight, pts_bbox_head.aux_head.task_heads.3.heatmap.0.bn.bias, pts_bbox_head.aux_head.task_heads.3.heatmap.0.bn.running_mean, pts_bbox_head.aux_head.task_heads.3.heatmap.0.bn.running_var, pts_bbox_head.aux_head.task_heads.3.heatmap.0.bn.num_batches_tracked, pts_bbox_head.aux_head.task_heads.3.heatmap.1.weight, pts_bbox_head.aux_head.task_heads.3.heatmap.1.bias, pts_bbox_head.aux_head.task_heads.4.reg.0.conv.weight, pts_bbox_head.aux_head.task_heads.4.reg.0.bn.weight, pts_bbox_head.aux_head.task_heads.4.reg.0.bn.bias, pts_bbox_head.aux_head.task_heads.4.reg.0.bn.running_mean, pts_bbox_head.aux_head.task_heads.4.reg.0.bn.running_var, pts_bbox_head.aux_head.task_heads.4.reg.0.bn.num_batches_tracked, pts_bbox_head.aux_head.task_heads.4.reg.1.weight, pts_bbox_head.aux_head.task_heads.4.reg.1.bias, pts_bbox_head.aux_head.task_heads.4.height.0.conv.weight, pts_bbox_head.aux_head.task_heads.4.height.0.bn.weight, pts_bbox_head.aux_head.task_heads.4.height.0.bn.bias, pts_bbox_head.aux_head.task_heads.4.height.0.bn.running_mean, pts_bbox_head.aux_head.task_heads.4.height.0.bn.running_var, pts_bbox_head.aux_head.task_heads.4.height.0.bn.num_batches_tracked, pts_bbox_head.aux_head.task_heads.4.height.1.weight, pts_bbox_head.aux_head.task_heads.4.height.1.bias, pts_bbox_head.aux_head.task_heads.4.dim.0.conv.weight, pts_bbox_head.aux_head.task_heads.4.dim.0.bn.weight, pts_bbox_head.aux_head.task_heads.4.dim.0.bn.bias, pts_bbox_head.aux_head.task_heads.4.dim.0.bn.running_mean, pts_bbox_head.aux_head.task_heads.4.dim.0.bn.running_var, pts_bbox_head.aux_head.task_heads.4.dim.0.bn.num_batches_tracked, pts_bbox_head.aux_head.task_heads.4.dim.1.weight, pts_bbox_head.aux_head.task_heads.4.dim.1.bias, pts_bbox_head.aux_head.task_heads.4.rot.0.conv.weight, pts_bbox_head.aux_head.task_heads.4.rot.0.bn.weight, pts_bbox_head.aux_head.task_heads.4.rot.0.bn.bias, pts_bbox_head.aux_head.task_heads.4.rot.0.bn.running_mean, pts_bbox_head.aux_head.task_heads.4.rot.0.bn.running_var, pts_bbox_head.aux_head.task_heads.4.rot.0.bn.num_batches_tracked, pts_bbox_head.aux_head.task_heads.4.rot.1.weight, pts_bbox_head.aux_head.task_heads.4.rot.1.bias, pts_bbox_head.aux_head.task_heads.4.vel.0.conv.weight, pts_bbox_head.aux_head.task_heads.4.vel.0.bn.weight, pts_bbox_head.aux_head.task_heads.4.vel.0.bn.bias, pts_bbox_head.aux_head.task_heads.4.vel.0.bn.running_mean, pts_bbox_head.aux_head.task_heads.4.vel.0.bn.running_var, pts_bbox_head.aux_head.task_heads.4.vel.0.bn.num_batches_tracked, pts_bbox_head.aux_head.task_heads.4.vel.1.weight, pts_bbox_head.aux_head.task_heads.4.vel.1.bias, pts_bbox_head.aux_head.task_heads.4.heatmap.0.conv.weight, pts_bbox_head.aux_head.task_heads.4.heatmap.0.bn.weight, pts_bbox_head.aux_head.task_heads.4.heatmap.0.bn.bias, pts_bbox_head.aux_head.task_heads.4.heatmap.0.bn.running_mean, pts_bbox_head.aux_head.task_heads.4.heatmap.0.bn.running_var, pts_bbox_head.aux_head.task_heads.4.heatmap.0.bn.num_batches_tracked, pts_bbox_head.aux_head.task_heads.4.heatmap.1.weight, pts_bbox_head.aux_head.task_heads.4.heatmap.1.bias, pts_bbox_head.aux_head.task_heads.5.reg.0.conv.weight, pts_bbox_head.aux_head.task_heads.5.reg.0.bn.weight, pts_bbox_head.aux_head.task_heads.5.reg.0.bn.bias, pts_bbox_head.aux_head.task_heads.5.reg.0.bn.running_mean, pts_bbox_head.aux_head.task_heads.5.reg.0.bn.running_var, pts_bbox_head.aux_head.task_heads.5.reg.0.bn.num_batches_tracked, pts_bbox_head.aux_head.task_heads.5.reg.1.weight, pts_bbox_head.aux_head.task_heads.5.reg.1.bias, pts_bbox_head.aux_head.task_heads.5.height.0.conv.weight, pts_bbox_head.aux_head.task_heads.5.height.0.bn.weight, pts_bbox_head.aux_head.task_heads.5.height.0.bn.bias, pts_bbox_head.aux_head.task_heads.5.height.0.bn.running_mean, pts_bbox_head.aux_head.task_heads.5.height.0.bn.running_var, pts_bbox_head.aux_head.task_heads.5.height.0.bn.num_batches_tracked, pts_bbox_head.aux_head.task_heads.5.height.1.weight, pts_bbox_head.aux_head.task_heads.5.height.1.bias, pts_bbox_head.aux_head.task_heads.5.dim.0.conv.weight, pts_bbox_head.aux_head.task_heads.5.dim.0.bn.weight, pts_bbox_head.aux_head.task_heads.5.dim.0.bn.bias, pts_bbox_head.aux_head.task_heads.5.dim.0.bn.running_mean, pts_bbox_head.aux_head.task_heads.5.dim.0.bn.running_var, pts_bbox_head.aux_head.task_heads.5.dim.0.bn.num_batches_tracked, pts_bbox_head.aux_head.task_heads.5.dim.1.weight, pts_bbox_head.aux_head.task_heads.5.dim.1.bias, pts_bbox_head.aux_head.task_heads.5.rot.0.conv.weight, pts_bbox_head.aux_head.task_heads.5.rot.0.bn.weight, pts_bbox_head.aux_head.task_heads.5.rot.0.bn.bias, pts_bbox_head.aux_head.task_heads.5.rot.0.bn.running_mean, pts_bbox_head.aux_head.task_heads.5.rot.0.bn.running_var, pts_bbox_head.aux_head.task_heads.5.rot.0.bn.num_batches_tracked, pts_bbox_head.aux_head.task_heads.5.rot.1.weight, pts_bbox_head.aux_head.task_heads.5.rot.1.bias, pts_bbox_head.aux_head.task_heads.5.vel.0.conv.weight, pts_bbox_head.aux_head.task_heads.5.vel.0.bn.weight, pts_bbox_head.aux_head.task_heads.5.vel.0.bn.bias, pts_bbox_head.aux_head.task_heads.5.vel.0.bn.running_mean, pts_bbox_head.aux_head.task_heads.5.vel.0.bn.running_var, pts_bbox_head.aux_head.task_heads.5.vel.0.bn.num_batches_tracked, pts_bbox_head.aux_head.task_heads.5.vel.1.weight, pts_bbox_head.aux_head.task_heads.5.vel.1.bias, pts_bbox_head.aux_head.task_heads.5.heatmap.0.conv.weight, pts_bbox_head.aux_head.task_heads.5.heatmap.0.bn.weight, pts_bbox_head.aux_head.task_heads.5.heatmap.0.bn.bias, pts_bbox_head.aux_head.task_heads.5.heatmap.0.bn.running_mean, pts_bbox_head.aux_head.task_heads.5.heatmap.0.bn.running_var, pts_bbox_head.aux_head.task_heads.5.heatmap.0.bn.num_batches_tracked, pts_bbox_head.aux_head.task_heads.5.heatmap.1.weight, pts_bbox_head.aux_head.task_heads.5.heatmap.1.bias, pts_bbox_head.transformer.reference_points.weight, pts_bbox_head.transformer.reference_points.bias, pts_bbox_head.cls_branches.0.0.weight, pts_bbox_head.cls_branches.0.0.bias, pts_bbox_head.cls_branches.0.1.weight, pts_bbox_head.cls_branches.0.1.bias, pts_bbox_head.cls_branches.0.3.weight, pts_bbox_head.cls_branches.0.3.bias, pts_bbox_head.cls_branches.0.4.weight, pts_bbox_head.cls_branches.0.4.bias, pts_bbox_head.cls_branches.0.6.weight, pts_bbox_head.cls_branches.0.6.bias, pts_bbox_head.cls_branches.1.0.weight, pts_bbox_head.cls_branches.1.0.bias, pts_bbox_head.cls_branches.1.1.weight, pts_bbox_head.cls_branches.1.1.bias, pts_bbox_head.cls_branches.1.3.weight, pts_bbox_head.cls_branches.1.3.bias, pts_bbox_head.cls_branches.1.4.weight, pts_bbox_head.cls_branches.1.4.bias, pts_bbox_head.cls_branches.1.6.weight, pts_bbox_head.cls_branches.1.6.bias, pts_bbox_head.cls_branches.2.0.weight, pts_bbox_head.cls_branches.2.0.bias, pts_bbox_head.cls_branches.2.1.weight, pts_bbox_head.cls_branches.2.1.bias, pts_bbox_head.cls_branches.2.3.weight, pts_bbox_head.cls_branches.2.3.bias, pts_bbox_head.cls_branches.2.4.weight, pts_bbox_head.cls_branches.2.4.bias, pts_bbox_head.cls_branches.2.6.weight, pts_bbox_head.cls_branches.2.6.bias, pts_bbox_head.cls_branches.3.0.weight, pts_bbox_head.cls_branches.3.0.bias, pts_bbox_head.cls_branches.3.1.weight, pts_bbox_head.cls_branches.3.1.bias, pts_bbox_head.cls_branches.3.3.weight, pts_bbox_head.cls_branches.3.3.bias, pts_bbox_head.cls_branches.3.4.weight, pts_bbox_head.cls_branches.3.4.bias, pts_bbox_head.cls_branches.3.6.weight, pts_bbox_head.cls_branches.3.6.bias, pts_bbox_head.cls_branches.4.0.weight, pts_bbox_head.cls_branches.4.0.bias, pts_bbox_head.cls_branches.4.1.weight, pts_bbox_head.cls_branches.4.1.bias, pts_bbox_head.cls_branches.4.3.weight, pts_bbox_head.cls_branches.4.3.bias, pts_bbox_head.cls_branches.4.4.weight, pts_bbox_head.cls_branches.4.4.bias, pts_bbox_head.cls_branches.4.6.weight, pts_bbox_head.cls_branches.4.6.bias, pts_bbox_head.cls_branches.5.0.weight, pts_bbox_head.cls_branches.5.0.bias, pts_bbox_head.cls_branches.5.1.weight, pts_bbox_head.cls_branches.5.1.bias, pts_bbox_head.cls_branches.5.3.weight, pts_bbox_head.cls_branches.5.3.bias, pts_bbox_head.cls_branches.5.4.weight, pts_bbox_head.cls_branches.5.4.bias, pts_bbox_head.cls_branches.5.6.weight, pts_bbox_head.cls_branches.5.6.bias

missing keys in source state_dict: pts_bbox_head.transformer.decoder.layers.0.attentions.1.img_attention_weights.weight, pts_bbox_head.transformer.decoder.layers.0.attentions.1.img_attention_weights.bias, pts_bbox_head.transformer.decoder.layers.0.attentions.1.img_output_proj.weight, pts_bbox_head.transformer.decoder.layers.0.attentions.1.img_output_proj.bias, pts_bbox_head.transformer.decoder.layers.0.attentions.1.modality_fusion_layer.0.weight, pts_bbox_head.transformer.decoder.layers.0.attentions.1.modality_fusion_layer.0.bias, pts_bbox_head.transformer.decoder.layers.0.attentions.1.modality_fusion_layer.1.weight, pts_bbox_head.transformer.decoder.layers.0.attentions.1.modality_fusion_layer.1.bias, pts_bbox_head.transformer.decoder.layers.0.attentions.1.modality_fusion_layer.3.weight, pts_bbox_head.transformer.decoder.layers.0.attentions.1.modality_fusion_layer.3.bias, pts_bbox_head.transformer.decoder.layers.0.attentions.1.modality_fusion_layer.4.weight, pts_bbox_head.transformer.decoder.layers.0.attentions.1.modality_fusion_layer.4.bias, pts_bbox_head.transformer.decoder.layers.1.attentions.1.img_attention_weights.weight, pts_bbox_head.transformer.decoder.layers.1.attentions.1.img_attention_weights.bias, pts_bbox_head.transformer.decoder.layers.1.attentions.1.img_output_proj.weight, pts_bbox_head.transformer.decoder.layers.1.attentions.1.img_output_proj.bias, pts_bbox_head.transformer.decoder.layers.1.attentions.1.modality_fusion_layer.0.weight, pts_bbox_head.transformer.decoder.layers.1.attentions.1.modality_fusion_layer.0.bias, pts_bbox_head.transformer.decoder.layers.1.attentions.1.modality_fusion_layer.1.weight, pts_bbox_head.transformer.decoder.layers.1.attentions.1.modality_fusion_layer.1.bias, pts_bbox_head.transformer.decoder.layers.1.attentions.1.modality_fusion_layer.3.weight, pts_bbox_head.transformer.decoder.layers.1.attentions.1.modality_fusion_layer.3.bias, pts_bbox_head.transformer.decoder.layers.1.attentions.1.modality_fusion_layer.4.weight, pts_bbox_head.transformer.decoder.layers.1.attentions.1.modality_fusion_layer.4.bias, pts_bbox_head.transformer.decoder.layers.2.attentions.1.img_attention_weights.weight, pts_bbox_head.transformer.decoder.layers.2.attentions.1.img_attention_weights.bias, pts_bbox_head.transformer.decoder.layers.2.attentions.1.img_output_proj.weight, pts_bbox_head.transformer.decoder.layers.2.attentions.1.img_output_proj.bias, pts_bbox_head.transformer.decoder.layers.2.attentions.1.modality_fusion_layer.0.weight, pts_bbox_head.transformer.decoder.layers.2.attentions.1.modality_fusion_layer.0.bias, pts_bbox_head.transformer.decoder.layers.2.attentions.1.modality_fusion_layer.1.weight, pts_bbox_head.transformer.decoder.layers.2.attentions.1.modality_fusion_layer.1.bias, pts_bbox_head.transformer.decoder.layers.2.attentions.1.modality_fusion_layer.3.weight, pts_bbox_head.transformer.decoder.layers.2.attentions.1.modality_fusion_layer.3.bias, pts_bbox_head.transformer.decoder.layers.2.attentions.1.modality_fusion_layer.4.weight, pts_bbox_head.transformer.decoder.layers.2.attentions.1.modality_fusion_layer.4.bias, pts_bbox_head.transformer.decoder.layers.3.attentions.1.img_attention_weights.weight, pts_bbox_head.transformer.decoder.layers.3.attentions.1.img_attention_weights.bias, pts_bbox_head.transformer.decoder.layers.3.attentions.1.img_output_proj.weight, pts_bbox_head.transformer.decoder.layers.3.attentions.1.img_output_proj.bias, pts_bbox_head.transformer.decoder.layers.3.attentions.1.modality_fusion_layer.0.weight, pts_bbox_head.transformer.decoder.layers.3.attentions.1.modality_fusion_layer.0.bias, pts_bbox_head.transformer.decoder.layers.3.attentions.1.modality_fusion_layer.1.weight, pts_bbox_head.transformer.decoder.layers.3.attentions.1.modality_fusion_layer.1.bias, pts_bbox_head.transformer.decoder.layers.3.attentions.1.modality_fusion_layer.3.weight, pts_bbox_head.transformer.decoder.layers.3.attentions.1.modality_fusion_layer.3.bias, pts_bbox_head.transformer.decoder.layers.3.attentions.1.modality_fusion_layer.4.weight, pts_bbox_head.transformer.decoder.layers.3.attentions.1.modality_fusion_layer.4.bias, pts_bbox_head.transformer.decoder.layers.4.attentions.1.img_attention_weights.weight, pts_bbox_head.transformer.decoder.layers.4.attentions.1.img_attention_weights.bias, pts_bbox_head.transformer.decoder.layers.4.attentions.1.img_output_proj.weight, pts_bbox_head.transformer.decoder.layers.4.attentions.1.img_output_proj.bias, pts_bbox_head.transformer.decoder.layers.4.attentions.1.modality_fusion_layer.0.weight, pts_bbox_head.transformer.decoder.layers.4.attentions.1.modality_fusion_layer.0.bias, pts_bbox_head.transformer.decoder.layers.4.attentions.1.modality_fusion_layer.1.weight, pts_bbox_head.transformer.decoder.layers.4.attentions.1.modality_fusion_layer.1.bias, pts_bbox_head.transformer.decoder.layers.4.attentions.1.modality_fusion_layer.3.weight, pts_bbox_head.transformer.decoder.layers.4.attentions.1.modality_fusion_layer.3.bias, pts_bbox_head.transformer.decoder.layers.4.attentions.1.modality_fusion_layer.4.weight, pts_bbox_head.transformer.decoder.layers.4.attentions.1.modality_fusion_layer.4.bias, pts_bbox_head.transformer.decoder.layers.5.attentions.1.img_attention_weights.weight, pts_bbox_head.transformer.decoder.layers.5.attentions.1.img_attention_weights.bias, pts_bbox_head.transformer.decoder.layers.5.attentions.1.img_output_proj.weight, pts_bbox_head.transformer.decoder.layers.5.attentions.1.img_output_proj.bias, pts_bbox_head.transformer.decoder.layers.5.attentions.1.modality_fusion_layer.0.weight, pts_bbox_head.transformer.decoder.layers.5.attentions.1.modality_fusion_layer.0.bias, pts_bbox_head.transformer.decoder.layers.5.attentions.1.modality_fusion_layer.1.weight, pts_bbox_head.transformer.decoder.layers.5.attentions.1.modality_fusion_layer.1.bias, pts_bbox_head.transformer.decoder.layers.5.attentions.1.modality_fusion_layer.3.weight, pts_bbox_head.transformer.decoder.layers.5.attentions.1.modality_fusion_layer.3.bias, pts_bbox_head.transformer.decoder.layers.5.attentions.1.modality_fusion_layer.4.weight, pts_bbox_head.transformer.decoder.layers.5.attentions.1.modality_fusion_layer.4.bias

2025-06-25 16:00:00,963 - mmdet - INFO - Start running, host: ubuntu@ubuntu, work_dir: /mnt/sdc/FUTR3D/work_dirs/lidar_0075v_cam_res101/去掉sync以及sample1重排复现fusion结果
2025-06-25 16:00:00,963 - mmdet - INFO - Hooks will be executed in the following order:
before_run:
(VERY_HIGH   ) CosineAnnealingLrUpdaterHook       
(NORMAL      ) CheckpointHook                     
(LOW         ) DistEvalHook                       
(VERY_LOW    ) TextLoggerHook                     
(VERY_LOW    ) TensorboardLoggerHook              
 -------------------- 
before_train_epoch:
(VERY_HIGH   ) CosineAnnealingLrUpdaterHook       
(NORMAL      ) DistSamplerSeedHook                
(LOW         ) IterTimerHook                      
(LOW         ) DistEvalHook                       
(VERY_LOW    ) TextLoggerHook                     
(VERY_LOW    ) TensorboardLoggerHook              
 -------------------- 
before_train_iter:
(VERY_HIGH   ) CosineAnnealingLrUpdaterHook       
(LOW         ) IterTimerHook                      
(LOW         ) DistEvalHook                       
 -------------------- 
after_train_iter:
(ABOVE_NORMAL) OptimizerHook                      
(NORMAL      ) CheckpointHook                     
(LOW         ) IterTimerHook                      
(LOW         ) DistEvalHook                       
(VERY_LOW    ) TextLoggerHook                     
(VERY_LOW    ) TensorboardLoggerHook              
 -------------------- 
after_train_epoch:
(NORMAL      ) CheckpointHook                     
(LOW         ) DistEvalHook                       
(VERY_LOW    ) TextLoggerHook                     
(VERY_LOW    ) TensorboardLoggerHook              
 -------------------- 
before_val_epoch:
(NORMAL      ) DistSamplerSeedHook                
(LOW         ) IterTimerHook                      
(VERY_LOW    ) TextLoggerHook                     
(VERY_LOW    ) TensorboardLoggerHook              
 -------------------- 
before_val_iter:
(LOW         ) IterTimerHook                      
 -------------------- 
after_val_iter:
(LOW         ) IterTimerHook                      
 -------------------- 
after_val_epoch:
(VERY_LOW    ) TextLoggerHook                     
(VERY_LOW    ) TensorboardLoggerHook              
 -------------------- 
after_run:
(VERY_LOW    ) TextLoggerHook                     
(VERY_LOW    ) TensorboardLoggerHook              
 -------------------- 
2025-06-25 16:00:00,963 - mmdet - INFO - workflow: [('train', 1)], max: 6 epochs
2025-06-25 16:00:00,964 - mmdet - INFO - Checkpoints will be saved to /mnt/sdc/FUTR3D/work_dirs/lidar_0075v_cam_res101/去掉sync以及sample1重排复现fusion结果 by HardDiskBackend.
2025-06-25 16:01:05,535 - mmdet - INFO - Epoch [1][50/7033]	lr: 3.987e-05, eta: 14:53:48, time: 1.272, data_time: 0.151, memory: 4350, loss_cls: 1.3621, loss_bbox: 1.6308, d0.loss_cls: 1.2586, d0.loss_bbox: 1.6302, d1.loss_cls: 1.1742, d1.loss_bbox: 1.6547, d2.loss_cls: 1.2087, d2.loss_bbox: 1.6152, d3.loss_cls: 1.2469, d3.loss_bbox: 1.6679, d4.loss_cls: 1.2264, d4.loss_bbox: 1.5870, loss: 17.2626, grad_norm: 16.3070
2025-06-25 16:02:07,965 - mmdet - INFO - Epoch [1][100/7033]	lr: 4.653e-05, eta: 14:44:24, time: 1.249, data_time: 0.028, memory: 4350, loss_cls: 0.9637, loss_bbox: 1.3183, d0.loss_cls: 1.0306, d0.loss_bbox: 1.4135, d1.loss_cls: 0.9721, d1.loss_bbox: 1.3653, d2.loss_cls: 0.9789, d2.loss_bbox: 1.3472, d3.loss_cls: 0.9811, d3.loss_bbox: 1.3422, d4.loss_cls: 0.9540, d4.loss_bbox: 1.2876, loss: 13.9544, grad_norm: 11.5372
2025-06-25 16:03:02,395 - mmdet - INFO - Epoch [1][150/7033]	lr: 5.320e-05, eta: 14:03:11, time: 1.089, data_time: 0.304, memory: 4350, loss_cls: 0.8373, loss_bbox: 1.2275, d0.loss_cls: 0.9396, d0.loss_bbox: 1.3364, d1.loss_cls: 0.8893, d1.loss_bbox: 1.2729, d2.loss_cls: 0.8944, d2.loss_bbox: 1.2784, d3.loss_cls: 0.8766, d3.loss_bbox: 1.2599, d4.loss_cls: 0.8403, d4.loss_bbox: 1.2169, loss: 12.8694, grad_norm: 10.4894
2025-06-25 16:03:53,082 - mmdet - INFO - Epoch [1][200/7033]	lr: 5.987e-05, eta: 13:29:02, time: 1.014, data_time: 0.256, memory: 4350, loss_cls: 0.7736, loss_bbox: 1.1706, d0.loss_cls: 0.8842, d0.loss_bbox: 1.2826, d1.loss_cls: 0.8198, d1.loss_bbox: 1.2222, d2.loss_cls: 0.8166, d2.loss_bbox: 1.2154, d3.loss_cls: 0.8062, d3.loss_bbox: 1.2052, d4.loss_cls: 0.7852, d4.loss_bbox: 1.1732, loss: 12.1547, grad_norm: 9.3029
2025-06-25 16:04:51,876 - mmdet - INFO - Epoch [1][250/7033]	lr: 6.653e-05, eta: 13:30:52, time: 1.176, data_time: 0.028, memory: 4350, loss_cls: 0.7493, loss_bbox: 1.1029, d0.loss_cls: 0.8525, d0.loss_bbox: 1.2095, d1.loss_cls: 0.7748, d1.loss_bbox: 1.1521, d2.loss_cls: 0.7776, d2.loss_bbox: 1.1332, d3.loss_cls: 0.7757, d3.loss_bbox: 1.1306, d4.loss_cls: 0.7569, d4.loss_bbox: 1.1049, loss: 11.5199, grad_norm: 8.9712
2025-06-25 16:05:48,643 - mmdet - INFO - Epoch [1][300/7033]	lr: 7.320e-05, eta: 13:27:03, time: 1.135, data_time: 0.048, memory: 4350, loss_cls: 0.7154, loss_bbox: 1.0518, d0.loss_cls: 0.8193, d0.loss_bbox: 1.1595, d1.loss_cls: 0.7372, d1.loss_bbox: 1.1074, d2.loss_cls: 0.7352, d2.loss_bbox: 1.0778, d3.loss_cls: 0.7361, d3.loss_bbox: 1.0731, d4.loss_cls: 0.7234, d4.loss_bbox: 1.0558, loss: 10.9918, grad_norm: 8.6336
2025-06-25 16:06:42,759 - mmdet - INFO - Epoch [1][350/7033]	lr: 7.987e-05, eta: 13:18:46, time: 1.082, data_time: 0.337, memory: 4350, loss_cls: 0.6992, loss_bbox: 1.0647, d0.loss_cls: 0.8043, d0.loss_bbox: 1.1510, d1.loss_cls: 0.7054, d1.loss_bbox: 1.1104, d2.loss_cls: 0.7044, d2.loss_bbox: 1.0882, d3.loss_cls: 0.7089, d3.loss_bbox: 1.0783, d4.loss_cls: 0.7037, d4.loss_bbox: 1.0569, loss: 10.8755, grad_norm: 8.4521
2025-06-25 16:07:41,644 - mmdet - INFO - Epoch [1][400/7033]	lr: 8.653e-05, eta: 13:20:39, time: 1.178, data_time: 0.195, memory: 4350, loss_cls: 0.6562, loss_bbox: 1.0345, d0.loss_cls: 0.7733, d0.loss_bbox: 1.1347, d1.loss_cls: 0.6632, d1.loss_bbox: 1.0851, d2.loss_cls: 0.6553, d2.loss_bbox: 1.0658, d3.loss_cls: 0.6600, d3.loss_bbox: 1.0517, d4.loss_cls: 0.6594, d4.loss_bbox: 1.0314, loss: 10.4706, grad_norm: 7.7718
2025-06-25 16:08:38,853 - mmdet - INFO - Epoch [1][450/7033]	lr: 9.320e-05, eta: 13:19:17, time: 1.144, data_time: 0.386, memory: 4350, loss_cls: 0.6402, loss_bbox: 1.0092, d0.loss_cls: 0.7607, d0.loss_bbox: 1.1019, d1.loss_cls: 0.6393, d1.loss_bbox: 1.0649, d2.loss_cls: 0.6311, d2.loss_bbox: 1.0429, d3.loss_cls: 0.6371, d3.loss_bbox: 1.0220, d4.loss_cls: 0.6355, d4.loss_bbox: 1.0098, loss: 10.1947, grad_norm: 7.9028
2025-06-25 16:09:47,321 - mmdet - INFO - Epoch [1][500/7033]	lr: 9.987e-05, eta: 13:33:40, time: 1.369, data_time: 0.604, memory: 4350, loss_cls: 0.6105, loss_bbox: 0.9989, d0.loss_cls: 0.7484, d0.loss_bbox: 1.1024, d1.loss_cls: 0.6187, d1.loss_bbox: 1.0583, d2.loss_cls: 0.6012, d2.loss_bbox: 1.0409, d3.loss_cls: 0.6081, d3.loss_bbox: 1.0199, d4.loss_cls: 0.6049, d4.loss_bbox: 0.9984, loss: 10.0103, grad_norm: 8.2015
2025-06-25 16:10:51,561 - mmdet - INFO - Epoch [1][550/7033]	lr: 1.000e-04, eta: 13:39:53, time: 1.285, data_time: 0.183, memory: 4350, loss_cls: 0.5784, loss_bbox: 0.9705, d0.loss_cls: 0.7273, d0.loss_bbox: 1.0746, d1.loss_cls: 0.5845, d1.loss_bbox: 1.0273, d2.loss_cls: 0.5789, d2.loss_bbox: 1.0082, d3.loss_cls: 0.5853, d3.loss_bbox: 0.9888, d4.loss_cls: 0.5754, d4.loss_bbox: 0.9745, loss: 9.6738, grad_norm: 7.7602
2025-06-25 16:12:00,470 - mmdet - INFO - Epoch [1][600/7033]	lr: 1.000e-04, eta: 13:50:17, time: 1.378, data_time: 0.546, memory: 4350, loss_cls: 0.5367, loss_bbox: 0.9601, d0.loss_cls: 0.7028, d0.loss_bbox: 1.0674, d1.loss_cls: 0.5476, d1.loss_bbox: 1.0305, d2.loss_cls: 0.5351, d2.loss_bbox: 1.0097, d3.loss_cls: 0.5347, d3.loss_bbox: 0.9835, d4.loss_cls: 0.5261, d4.loss_bbox: 0.9718, loss: 9.4059, grad_norm: 7.9766
2025-06-25 16:13:05,290 - mmdet - INFO - Epoch [1][650/7033]	lr: 1.000e-04, eta: 13:54:33, time: 1.296, data_time: 0.567, memory: 4350, loss_cls: 0.4993, loss_bbox: 0.9470, d0.loss_cls: 0.6945, d0.loss_bbox: 1.0720, d1.loss_cls: 0.5236, d1.loss_bbox: 1.0184, d2.loss_cls: 0.5097, d2.loss_bbox: 0.9972, d3.loss_cls: 0.5072, d3.loss_bbox: 0.9734, d4.loss_cls: 0.4868, d4.loss_bbox: 0.9603, loss: 9.1894, grad_norm: 8.3742
2025-06-25 16:14:09,444 - mmdet - INFO - Epoch [1][700/7033]	lr: 1.000e-04, eta: 13:57:23, time: 1.283, data_time: 0.102, memory: 4350, loss_cls: 0.5108, loss_bbox: 0.9138, d0.loss_cls: 0.6809, d0.loss_bbox: 1.0377, d1.loss_cls: 0.5321, d1.loss_bbox: 0.9917, d2.loss_cls: 0.5288, d2.loss_bbox: 0.9681, d3.loss_cls: 0.5151, d3.loss_bbox: 0.9415, d4.loss_cls: 0.4988, d4.loss_bbox: 0.9266, loss: 9.0459, grad_norm: 9.6750
2025-06-25 16:15:08,020 - mmdet - INFO - Epoch [1][750/7033]	lr: 1.000e-04, eta: 13:54:34, time: 1.172, data_time: 0.309, memory: 4350, loss_cls: 0.4721, loss_bbox: 0.9295, d0.loss_cls: 0.6646, d0.loss_bbox: 1.0577, d1.loss_cls: 0.5059, d1.loss_bbox: 1.0091, d2.loss_cls: 0.4936, d2.loss_bbox: 0.9856, d3.loss_cls: 0.4819, d3.loss_bbox: 0.9505, d4.loss_cls: 0.4617, d4.loss_bbox: 0.9404, loss: 8.9525, grad_norm: 8.9711
2025-06-25 16:16:05,979 - mmdet - INFO - Epoch [1][800/7033]	lr: 1.000e-04, eta: 13:51:27, time: 1.159, data_time: 0.422, memory: 4350, loss_cls: 0.4438, loss_bbox: 0.8969, d0.loss_cls: 0.6006, d0.loss_bbox: 1.0200, d1.loss_cls: 0.4734, d1.loss_bbox: 0.9785, d2.loss_cls: 0.4608, d2.loss_bbox: 0.9494, d3.loss_cls: 0.4514, d3.loss_bbox: 0.9197, d4.loss_cls: 0.4359, d4.loss_bbox: 0.9092, loss: 8.5394, grad_norm: 9.4335
2025-06-25 16:16:57,606 - mmdet - INFO - Epoch [1][850/7033]	lr: 1.000e-04, eta: 13:43:27, time: 1.033, data_time: 0.302, memory: 4350, loss_cls: 0.4266, loss_bbox: 0.8969, d0.loss_cls: 0.5333, d0.loss_bbox: 1.0226, d1.loss_cls: 0.4466, d1.loss_bbox: 0.9808, d2.loss_cls: 0.4287, d2.loss_bbox: 0.9626, d3.loss_cls: 0.4259, d3.loss_bbox: 0.9175, d4.loss_cls: 0.4194, d4.loss_bbox: 0.9089, loss: 8.3698, grad_norm: 9.7514
2025-06-25 16:17:51,821 - mmdet - INFO - Epoch [1][900/7033]	lr: 1.000e-04, eta: 13:38:14, time: 1.084, data_time: 0.350, memory: 4350, loss_cls: 0.4170, loss_bbox: 0.8746, d0.loss_cls: 0.4584, d0.loss_bbox: 1.0109, d1.loss_cls: 0.4109, d1.loss_bbox: 0.9645, d2.loss_cls: 0.4026, d2.loss_bbox: 0.9455, d3.loss_cls: 0.4032, d3.loss_bbox: 0.8964, d4.loss_cls: 0.4054, d4.loss_bbox: 0.8868, loss: 8.0763, grad_norm: 9.8734
2025-06-25 16:18:47,463 - mmdet - INFO - Epoch [1][950/7033]	lr: 1.000e-04, eta: 13:34:29, time: 1.113, data_time: 0.377, memory: 4350, loss_cls: 0.3767, loss_bbox: 0.8353, d0.loss_cls: 0.4262, d0.loss_bbox: 0.9852, d1.loss_cls: 0.3635, d1.loss_bbox: 0.9408, d2.loss_cls: 0.3563, d2.loss_bbox: 0.9220, d3.loss_cls: 0.3586, d3.loss_bbox: 0.8623, d4.loss_cls: 0.3681, d4.loss_bbox: 0.8471, loss: 7.6423, grad_norm: 12.1360
2025-06-25 16:19:40,901 - mmdet - INFO - Exp name: lidar_0075v_cam_res101.py
2025-06-25 16:19:40,901 - mmdet - INFO - Epoch [1][1000/7033]	lr: 1.000e-04, eta: 13:29:31, time: 1.069, data_time: 0.338, memory: 4350, loss_cls: 0.3408, loss_bbox: 0.8299, d0.loss_cls: 0.3882, d0.loss_bbox: 0.9670, d1.loss_cls: 0.3282, d1.loss_bbox: 0.9207, d2.loss_cls: 0.3204, d2.loss_bbox: 0.9034, d3.loss_cls: 0.3285, d3.loss_bbox: 0.8452, d4.loss_cls: 0.3285, d4.loss_bbox: 0.8336, loss: 7.3345, grad_norm: 12.4591
2025-06-25 16:20:34,847 - mmdet - INFO - Epoch [1][1050/7033]	lr: 1.000e-04, eta: 13:25:16, time: 1.079, data_time: 0.263, memory: 4350, loss_cls: 0.3276, loss_bbox: 0.8369, d0.loss_cls: 0.3878, d0.loss_bbox: 0.9807, d1.loss_cls: 0.3252, d1.loss_bbox: 0.9343, d2.loss_cls: 0.3203, d2.loss_bbox: 0.9130, d3.loss_cls: 0.3170, d3.loss_bbox: 0.8573, d4.loss_cls: 0.3186, d4.loss_bbox: 0.8457, loss: 7.3644, grad_norm: 12.9100
2025-06-25 16:21:34,509 - mmdet - INFO - Epoch [1][1100/7033]	lr: 1.000e-04, eta: 13:24:53, time: 1.193, data_time: 0.389, memory: 4350, loss_cls: 0.3183, loss_bbox: 0.7712, d0.loss_cls: 0.3774, d0.loss_bbox: 0.9159, d1.loss_cls: 0.3102, d1.loss_bbox: 0.8764, d2.loss_cls: 0.3038, d2.loss_bbox: 0.8511, d3.loss_cls: 0.3037, d3.loss_bbox: 0.7809, d4.loss_cls: 0.3095, d4.loss_bbox: 0.7704, loss: 6.8887, grad_norm: 12.8844
2025-06-25 16:22:48,254 - mmdet - INFO - Epoch [1][1150/7033]	lr: 1.000e-04, eta: 13:32:49, time: 1.475, data_time: 0.740, memory: 4350, loss_cls: 0.3115, loss_bbox: 0.7405, d0.loss_cls: 0.3592, d0.loss_bbox: 0.8864, d1.loss_cls: 0.3072, d1.loss_bbox: 0.8364, d2.loss_cls: 0.3047, d2.loss_bbox: 0.8167, d3.loss_cls: 0.3109, d3.loss_bbox: 0.7452, d4.loss_cls: 0.3089, d4.loss_bbox: 0.7333, loss: 6.6608, grad_norm: 12.4608
2025-06-25 16:23:47,458 - mmdet - INFO - Epoch [1][1200/7033]	lr: 1.000e-04, eta: 13:31:43, time: 1.184, data_time: 0.377, memory: 4350, loss_cls: 0.2987, loss_bbox: 0.7351, d0.loss_cls: 0.3519, d0.loss_bbox: 0.8828, d1.loss_cls: 0.2999, d1.loss_bbox: 0.8263, d2.loss_cls: 0.2951, d2.loss_bbox: 0.8067, d3.loss_cls: 0.2967, d3.loss_bbox: 0.7374, d4.loss_cls: 0.2991, d4.loss_bbox: 0.7290, loss: 6.5586, grad_norm: 11.3120
2025-06-25 16:24:41,439 - mmdet - INFO - Epoch [1][1250/7033]	lr: 1.000e-04, eta: 13:27:46, time: 1.080, data_time: 0.108, memory: 4350, loss_cls: 0.2875, loss_bbox: 0.6952, d0.loss_cls: 0.3433, d0.loss_bbox: 0.8485, d1.loss_cls: 0.2873, d1.loss_bbox: 0.7940, d2.loss_cls: 0.2817, d2.loss_bbox: 0.7757, d3.loss_cls: 0.2824, d3.loss_bbox: 0.7024, d4.loss_cls: 0.2872, d4.loss_bbox: 0.6923, loss: 6.2775, grad_norm: 11.6487
2025-06-25 16:25:39,011 - mmdet - INFO - Epoch [1][1300/7033]	lr: 1.000e-04, eta: 13:25:56, time: 1.151, data_time: 0.258, memory: 4350, loss_cls: 0.2682, loss_bbox: 0.6336, d0.loss_cls: 0.3239, d0.loss_bbox: 0.7869, d1.loss_cls: 0.2704, d1.loss_bbox: 0.7227, d2.loss_cls: 0.2615, d2.loss_bbox: 0.6988, d3.loss_cls: 0.2677, d3.loss_bbox: 0.6342, d4.loss_cls: 0.2668, d4.loss_bbox: 0.6275, loss: 5.7622, grad_norm: 12.5760
2025-06-25 16:26:43,654 - mmdet - INFO - Epoch [1][1350/7033]	lr: 1.000e-04, eta: 13:27:44, time: 1.293, data_time: 0.464, memory: 4350, loss_cls: 0.2488, loss_bbox: 0.6170, d0.loss_cls: 0.3038, d0.loss_bbox: 0.7619, d1.loss_cls: 0.2583, d1.loss_bbox: 0.7036, d2.loss_cls: 0.2500, d2.loss_bbox: 0.6839, d3.loss_cls: 0.2485, d3.loss_bbox: 0.6221, d4.loss_cls: 0.2490, d4.loss_bbox: 0.6110, loss: 5.5578, grad_norm: 12.4857
2025-06-25 16:27:35,485 - mmdet - INFO - Epoch [1][1400/7033]	lr: 1.000e-04, eta: 13:23:06, time: 1.037, data_time: 0.211, memory: 4350, loss_cls: 0.2542, loss_bbox: 0.5893, d0.loss_cls: 0.3158, d0.loss_bbox: 0.7301, d1.loss_cls: 0.2641, d1.loss_bbox: 0.6725, d2.loss_cls: 0.2581, d2.loss_bbox: 0.6500, d3.loss_cls: 0.2554, d3.loss_bbox: 0.5936, d4.loss_cls: 0.2559, d4.loss_bbox: 0.5821, loss: 5.4211, grad_norm: 14.3863
2025-06-25 16:28:31,998 - mmdet - INFO - Epoch [1][1450/7033]	lr: 1.000e-04, eta: 13:20:56, time: 1.130, data_time: 0.389, memory: 4350, loss_cls: 0.2403, loss_bbox: 0.5927, d0.loss_cls: 0.2947, d0.loss_bbox: 0.7226, d1.loss_cls: 0.2482, d1.loss_bbox: 0.6736, d2.loss_cls: 0.2454, d2.loss_bbox: 0.6520, d3.loss_cls: 0.2464, d3.loss_bbox: 0.5954, d4.loss_cls: 0.2443, d4.loss_bbox: 0.5845, loss: 5.3401, grad_norm: 13.9702
2025-06-25 16:29:29,483 - mmdet - INFO - Epoch [1][1500/7033]	lr: 1.000e-04, eta: 13:19:17, time: 1.150, data_time: 0.428, memory: 4350, loss_cls: 0.2408, loss_bbox: 0.5886, d0.loss_cls: 0.3023, d0.loss_bbox: 0.7159, d1.loss_cls: 0.2529, d1.loss_bbox: 0.6580, d2.loss_cls: 0.2444, d2.loss_bbox: 0.6371, d3.loss_cls: 0.2453, d3.loss_bbox: 0.5855, d4.loss_cls: 0.2445, d4.loss_bbox: 0.5751, loss: 5.2903, grad_norm: 14.1471
2025-06-25 16:30:27,754 - mmdet - INFO - Epoch [1][1550/7033]	lr: 1.000e-04, eta: 13:18:01, time: 1.165, data_time: 0.441, memory: 4350, loss_cls: 0.2454, loss_bbox: 0.5448, d0.loss_cls: 0.3035, d0.loss_bbox: 0.6880, d1.loss_cls: 0.2528, d1.loss_bbox: 0.6196, d2.loss_cls: 0.2455, d2.loss_bbox: 0.6010, d3.loss_cls: 0.2486, d3.loss_bbox: 0.5487, d4.loss_cls: 0.2496, d4.loss_bbox: 0.5354, loss: 5.0828, grad_norm: 14.3496
2025-06-25 16:31:18,722 - mmdet - INFO - Epoch [1][1600/7033]	lr: 1.000e-04, eta: 13:13:41, time: 1.019, data_time: 0.300, memory: 4350, loss_cls: 0.2380, loss_bbox: 0.5401, d0.loss_cls: 0.2867, d0.loss_bbox: 0.6668, d1.loss_cls: 0.2413, d1.loss_bbox: 0.6023, d2.loss_cls: 0.2377, d2.loss_bbox: 0.5879, d3.loss_cls: 0.2391, d3.loss_bbox: 0.5448, d4.loss_cls: 0.2401, d4.loss_bbox: 0.5342, loss: 4.9591, grad_norm: 12.5363
2025-06-25 16:32:12,648 - mmdet - INFO - Epoch [1][1650/7033]	lr: 1.000e-04, eta: 13:10:46, time: 1.078, data_time: 0.366, memory: 4350, loss_cls: 0.2192, loss_bbox: 0.5097, d0.loss_cls: 0.2683, d0.loss_bbox: 0.6420, d1.loss_cls: 0.2247, d1.loss_bbox: 0.5745, d2.loss_cls: 0.2210, d2.loss_bbox: 0.5583, d3.loss_cls: 0.2216, d3.loss_bbox: 0.5155, d4.loss_cls: 0.2192, d4.loss_bbox: 0.5042, loss: 4.6783, grad_norm: 13.3939
2025-06-25 16:33:05,870 - mmdet - INFO - Epoch [1][1700/7033]	lr: 1.000e-04, eta: 13:07:42, time: 1.064, data_time: 0.301, memory: 4350, loss_cls: 0.2271, loss_bbox: 0.5233, d0.loss_cls: 0.2896, d0.loss_bbox: 0.6396, d1.loss_cls: 0.2339, d1.loss_bbox: 0.5896, d2.loss_cls: 0.2257, d2.loss_bbox: 0.5760, d3.loss_cls: 0.2270, d3.loss_bbox: 0.5304, d4.loss_cls: 0.2237, d4.loss_bbox: 0.5175, loss: 4.8034, grad_norm: 13.9362
2025-06-25 16:33:57,505 - mmdet - INFO - Epoch [1][1750/7033]	lr: 1.000e-04, eta: 13:04:08, time: 1.033, data_time: 0.094, memory: 4350, loss_cls: 0.2190, loss_bbox: 0.5160, d0.loss_cls: 0.2856, d0.loss_bbox: 0.6138, d1.loss_cls: 0.2330, d1.loss_bbox: 0.5662, d2.loss_cls: 0.2222, d2.loss_bbox: 0.5625, d3.loss_cls: 0.2210, d3.loss_bbox: 0.5243, d4.loss_cls: 0.2186, d4.loss_bbox: 0.5070, loss: 4.6892, grad_norm: 15.0721
2025-06-25 16:34:41,838 - mmdet - INFO - Epoch [1][1800/7033]	lr: 1.000e-04, eta: 12:58:00, time: 0.887, data_time: 0.049, memory: 4350, loss_cls: 0.2097, loss_bbox: 0.4973, d0.loss_cls: 0.2793, d0.loss_bbox: 0.6024, d1.loss_cls: 0.2265, d1.loss_bbox: 0.5519, d2.loss_cls: 0.2168, d2.loss_bbox: 0.5497, d3.loss_cls: 0.2171, d3.loss_bbox: 0.5050, d4.loss_cls: 0.2135, d4.loss_bbox: 0.4900, loss: 4.5594, grad_norm: 13.2562
2025-06-25 16:35:26,386 - mmdet - INFO - Epoch [1][1850/7033]	lr: 1.000e-04, eta: 12:52:13, time: 0.891, data_time: 0.140, memory: 4350, loss_cls: 0.2112, loss_bbox: 0.4827, d0.loss_cls: 0.2736, d0.loss_bbox: 0.5776, d1.loss_cls: 0.2259, d1.loss_bbox: 0.5255, d2.loss_cls: 0.2148, d2.loss_bbox: 0.5257, d3.loss_cls: 0.2150, d3.loss_bbox: 0.4856, d4.loss_cls: 0.2122, d4.loss_bbox: 0.4758, loss: 4.4256, grad_norm: 14.9803
2025-06-25 16:36:12,573 - mmdet - INFO - Epoch [1][1900/7033]	lr: 1.000e-04, eta: 12:47:18, time: 0.924, data_time: 0.181, memory: 4350, loss_cls: 0.2117, loss_bbox: 0.4759, d0.loss_cls: 0.2724, d0.loss_bbox: 0.5594, d1.loss_cls: 0.2279, d1.loss_bbox: 0.5154, d2.loss_cls: 0.2183, d2.loss_bbox: 0.5161, d3.loss_cls: 0.2168, d3.loss_bbox: 0.4825, d4.loss_cls: 0.2118, d4.loss_bbox: 0.4710, loss: 4.3793, grad_norm: 14.4290
2025-06-25 16:36:57,223 - mmdet - INFO - Epoch [1][1950/7033]	lr: 1.000e-04, eta: 12:42:03, time: 0.893, data_time: 0.090, memory: 4350, loss_cls: 0.2055, loss_bbox: 0.4813, d0.loss_cls: 0.2765, d0.loss_bbox: 0.5764, d1.loss_cls: 0.2230, d1.loss_bbox: 0.5168, d2.loss_cls: 0.2153, d2.loss_bbox: 0.5255, d3.loss_cls: 0.2106, d3.loss_bbox: 0.4893, d4.loss_cls: 0.2086, d4.loss_bbox: 0.4736, loss: 4.4025, grad_norm: 15.4917
2025-06-25 16:37:40,269 - mmdet - INFO - Exp name: lidar_0075v_cam_res101.py
2025-06-25 16:37:40,269 - mmdet - INFO - Epoch [1][2000/7033]	lr: 1.000e-04, eta: 12:36:30, time: 0.861, data_time: 0.028, memory: 4350, loss_cls: 0.2149, loss_bbox: 0.4909, d0.loss_cls: 0.2891, d0.loss_bbox: 0.5823, d1.loss_cls: 0.2326, d1.loss_bbox: 0.5346, d2.loss_cls: 0.2222, d2.loss_bbox: 0.5433, d3.loss_cls: 0.2202, d3.loss_bbox: 0.5031, d4.loss_cls: 0.2157, d4.loss_bbox: 0.4855, loss: 4.5345, grad_norm: 14.5391
2025-06-25 16:38:25,904 - mmdet - INFO - Epoch [1][2050/7033]	lr: 1.000e-04, eta: 12:32:01, time: 0.913, data_time: 0.122, memory: 4350, loss_cls: 0.1992, loss_bbox: 0.4626, d0.loss_cls: 0.2670, d0.loss_bbox: 0.5336, d1.loss_cls: 0.2205, d1.loss_bbox: 0.4968, d2.loss_cls: 0.2052, d2.loss_bbox: 0.5030, d3.loss_cls: 0.2044, d3.loss_bbox: 0.4707, d4.loss_cls: 0.2008, d4.loss_bbox: 0.4571, loss: 4.2208, grad_norm: 15.6572
2025-06-25 16:39:12,070 - mmdet - INFO - Epoch [1][2100/7033]	lr: 1.000e-04, eta: 12:27:54, time: 0.923, data_time: 0.145, memory: 4350, loss_cls: 0.2094, loss_bbox: 0.4594, d0.loss_cls: 0.2782, d0.loss_bbox: 0.5492, d1.loss_cls: 0.2250, d1.loss_bbox: 0.4905, d2.loss_cls: 0.2134, d2.loss_bbox: 0.4972, d3.loss_cls: 0.2122, d3.loss_bbox: 0.4702, d4.loss_cls: 0.2119, d4.loss_bbox: 0.4565, loss: 4.2733, grad_norm: 16.0889
2025-06-25 16:39:56,588 - mmdet - INFO - Epoch [1][2150/7033]	lr: 1.000e-04, eta: 12:23:25, time: 0.890, data_time: 0.142, memory: 4350, loss_cls: 0.2020, loss_bbox: 0.4779, d0.loss_cls: 0.2722, d0.loss_bbox: 0.5449, d1.loss_cls: 0.2155, d1.loss_bbox: 0.5037, d2.loss_cls: 0.2068, d2.loss_bbox: 0.5062, d3.loss_cls: 0.2070, d3.loss_bbox: 0.4805, d4.loss_cls: 0.2033, d4.loss_bbox: 0.4709, loss: 4.2911, grad_norm: 16.5240
2025-06-25 16:40:39,701 - mmdet - INFO - Epoch [1][2200/7033]	lr: 1.000e-04, eta: 12:18:40, time: 0.862, data_time: 0.110, memory: 4350, loss_cls: 0.1961, loss_bbox: 0.4504, d0.loss_cls: 0.2588, d0.loss_bbox: 0.5275, d1.loss_cls: 0.2055, d1.loss_bbox: 0.4820, d2.loss_cls: 0.1974, d2.loss_bbox: 0.4870, d3.loss_cls: 0.1958, d3.loss_bbox: 0.4621, d4.loss_cls: 0.1978, d4.loss_bbox: 0.4471, loss: 4.1075, grad_norm: 14.8121
2025-06-25 16:41:25,291 - mmdet - INFO - Epoch [1][2250/7033]	lr: 1.000e-04, eta: 12:14:51, time: 0.912, data_time: 0.167, memory: 4350, loss_cls: 0.1957, loss_bbox: 0.4614, d0.loss_cls: 0.2653, d0.loss_bbox: 0.5294, d1.loss_cls: 0.2072, d1.loss_bbox: 0.4824, d2.loss_cls: 0.1981, d2.loss_bbox: 0.4903, d3.loss_cls: 0.1969, d3.loss_bbox: 0.4720, d4.loss_cls: 0.1951, d4.loss_bbox: 0.4573, loss: 4.1509, grad_norm: 15.9170
2025-06-25 16:42:07,923 - mmdet - INFO - Epoch [1][2300/7033]	lr: 1.000e-04, eta: 12:10:18, time: 0.853, data_time: 0.105, memory: 4350, loss_cls: 0.1817, loss_bbox: 0.4442, d0.loss_cls: 0.2736, d0.loss_bbox: 0.5173, d1.loss_cls: 0.2092, d1.loss_bbox: 0.4674, d2.loss_cls: 0.1950, d2.loss_bbox: 0.4710, d3.loss_cls: 0.1924, d3.loss_bbox: 0.4506, d4.loss_cls: 0.1885, d4.loss_bbox: 0.4371, loss: 4.0281, grad_norm: 15.9193
2025-06-25 16:42:52,700 - mmdet - INFO - Epoch [1][2350/7033]	lr: 1.000e-04, eta: 12:06:31, time: 0.896, data_time: 0.094, memory: 4350, loss_cls: 0.1940, loss_bbox: 0.4532, d0.loss_cls: 0.2733, d0.loss_bbox: 0.5249, d1.loss_cls: 0.2082, d1.loss_bbox: 0.4697, d2.loss_cls: 0.1975, d2.loss_bbox: 0.4764, d3.loss_cls: 0.1980, d3.loss_bbox: 0.4564, d4.loss_cls: 0.1950, d4.loss_bbox: 0.4491, loss: 4.0957, grad_norm: 17.1819
2025-06-25 16:43:37,279 - mmdet - INFO - Epoch [1][2400/7033]	lr: 1.000e-04, eta: 12:02:49, time: 0.892, data_time: 0.121, memory: 4350, loss_cls: 0.1853, loss_bbox: 0.4387, d0.loss_cls: 0.2642, d0.loss_bbox: 0.5154, d1.loss_cls: 0.2037, d1.loss_bbox: 0.4607, d2.loss_cls: 0.1928, d2.loss_bbox: 0.4655, d3.loss_cls: 0.1889, d3.loss_bbox: 0.4450, d4.loss_cls: 0.1869, d4.loss_bbox: 0.4349, loss: 3.9819, grad_norm: 16.9753
2025-06-25 16:44:29,760 - mmdet - INFO - Epoch [1][2450/7033]	lr: 1.000e-04, eta: 12:01:22, time: 1.050, data_time: 0.315, memory: 4350, loss_cls: 0.1806, loss_bbox: 0.4436, d0.loss_cls: 0.2617, d0.loss_bbox: 0.5109, d1.loss_cls: 0.2022, d1.loss_bbox: 0.4571, d2.loss_cls: 0.1911, d2.loss_bbox: 0.4661, d3.loss_cls: 0.1887, d3.loss_bbox: 0.4450, d4.loss_cls: 0.1840, d4.loss_bbox: 0.4374, loss: 3.9684, grad_norm: 15.8457
2025-06-25 16:45:40,000 - mmdet - INFO - Epoch [1][2500/7033]	lr: 1.000e-04, eta: 12:04:38, time: 1.405, data_time: 0.703, memory: 4350, loss_cls: 0.1785, loss_bbox: 0.4506, d0.loss_cls: 0.2574, d0.loss_bbox: 0.5129, d1.loss_cls: 0.1993, d1.loss_bbox: 0.4556, d2.loss_cls: 0.1859, d2.loss_bbox: 0.4657, d3.loss_cls: 0.1832, d3.loss_bbox: 0.4502, d4.loss_cls: 0.1793, d4.loss_bbox: 0.4456, loss: 3.9641, grad_norm: 16.0617
2025-06-25 16:46:44,075 - mmdet - INFO - Epoch [1][2550/7033]	lr: 1.000e-04, eta: 12:06:08, time: 1.281, data_time: 0.556, memory: 4350, loss_cls: 0.1751, loss_bbox: 0.4363, d0.loss_cls: 0.2579, d0.loss_bbox: 0.4993, d1.loss_cls: 0.1971, d1.loss_bbox: 0.4501, d2.loss_cls: 0.1843, d2.loss_bbox: 0.4523, d3.loss_cls: 0.1813, d3.loss_bbox: 0.4356, d4.loss_cls: 0.1771, d4.loss_bbox: 0.4303, loss: 3.8767, grad_norm: 16.4374
2025-06-25 16:47:49,521 - mmdet - INFO - Epoch [1][2600/7033]	lr: 1.000e-04, eta: 12:07:53, time: 1.309, data_time: 0.552, memory: 4350, loss_cls: 0.1767, loss_bbox: 0.4315, d0.loss_cls: 0.2580, d0.loss_bbox: 0.5020, d1.loss_cls: 0.2005, d1.loss_bbox: 0.4434, d2.loss_cls: 0.1869, d2.loss_bbox: 0.4476, d3.loss_cls: 0.1828, d3.loss_bbox: 0.4362, d4.loss_cls: 0.1784, d4.loss_bbox: 0.4266, loss: 3.8706, grad_norm: 17.0187
2025-06-25 16:48:54,879 - mmdet - INFO - Epoch [1][2650/7033]	lr: 1.000e-04, eta: 12:09:30, time: 1.307, data_time: 0.093, memory: 4350, loss_cls: 0.1783, loss_bbox: 0.4548, d0.loss_cls: 0.2538, d0.loss_bbox: 0.5084, d1.loss_cls: 0.2014, d1.loss_bbox: 0.4521, d2.loss_cls: 0.1889, d2.loss_bbox: 0.4611, d3.loss_cls: 0.1831, d3.loss_bbox: 0.4507, d4.loss_cls: 0.1781, d4.loss_bbox: 0.4491, loss: 3.9597, grad_norm: 16.3039
2025-06-25 16:50:18,235 - mmdet - INFO - Epoch [1][2700/7033]	lr: 1.000e-04, eta: 12:15:25, time: 1.667, data_time: 0.062, memory: 4350, loss_cls: 0.1843, loss_bbox: 0.4225, d0.loss_cls: 0.2662, d0.loss_bbox: 0.4874, d1.loss_cls: 0.2050, d1.loss_bbox: 0.4377, d2.loss_cls: 0.1908, d2.loss_bbox: 0.4382, d3.loss_cls: 0.1874, d3.loss_bbox: 0.4269, d4.loss_cls: 0.1844, d4.loss_bbox: 0.4181, loss: 3.8488, grad_norm: 16.6405
2025-06-25 16:51:35,698 - mmdet - INFO - Epoch [1][2750/7033]	lr: 1.000e-04, eta: 12:19:39, time: 1.549, data_time: 0.643, memory: 4350, loss_cls: 0.1756, loss_bbox: 0.4402, d0.loss_cls: 0.2684, d0.loss_bbox: 0.5059, d1.loss_cls: 0.2000, d1.loss_bbox: 0.4433, d2.loss_cls: 0.1865, d2.loss_bbox: 0.4459, d3.loss_cls: 0.1809, d3.loss_bbox: 0.4387, d4.loss_cls: 0.1775, d4.loss_bbox: 0.4333, loss: 3.8963, grad_norm: 17.9627
2025-06-25 16:52:46,604 - mmdet - INFO - Epoch [1][2800/7033]	lr: 1.000e-04, eta: 12:22:09, time: 1.418, data_time: 0.686, memory: 4350, loss_cls: 0.1698, loss_bbox: 0.4204, d0.loss_cls: 0.2555, d0.loss_bbox: 0.4895, d1.loss_cls: 0.1924, d1.loss_bbox: 0.4330, d2.loss_cls: 0.1800, d2.loss_bbox: 0.4339, d3.loss_cls: 0.1733, d3.loss_bbox: 0.4234, d4.loss_cls: 0.1712, d4.loss_bbox: 0.4181, loss: 3.7604, grad_norm: 17.4876
2025-06-25 16:53:48,195 - mmdet - INFO - Epoch [1][2850/7033]	lr: 1.000e-04, eta: 12:22:22, time: 1.232, data_time: 0.399, memory: 4350, loss_cls: 0.1664, loss_bbox: 0.4191, d0.loss_cls: 0.2489, d0.loss_bbox: 0.4857, d1.loss_cls: 0.1859, d1.loss_bbox: 0.4324, d2.loss_cls: 0.1731, d2.loss_bbox: 0.4316, d3.loss_cls: 0.1667, d3.loss_bbox: 0.4213, d4.loss_cls: 0.1668, d4.loss_bbox: 0.4148, loss: 3.7127, grad_norm: 16.7856
2025-06-25 16:55:03,055 - mmdet - INFO - Epoch [1][2900/7033]	lr: 1.000e-04, eta: 12:25:33, time: 1.497, data_time: 0.438, memory: 4350, loss_cls: 0.1655, loss_bbox: 0.4113, d0.loss_cls: 0.2475, d0.loss_bbox: 0.4730, d1.loss_cls: 0.1840, d1.loss_bbox: 0.4221, d2.loss_cls: 0.1734, d2.loss_bbox: 0.4206, d3.loss_cls: 0.1683, d3.loss_bbox: 0.4107, d4.loss_cls: 0.1659, d4.loss_bbox: 0.4065, loss: 3.6488, grad_norm: 17.1503
2025-06-25 16:55:51,610 - mmdet - INFO - Epoch [1][2950/7033]	lr: 1.000e-04, eta: 12:22:45, time: 0.971, data_time: 0.144, memory: 4350, loss_cls: 0.1763, loss_bbox: 0.4458, d0.loss_cls: 0.2597, d0.loss_bbox: 0.4985, d1.loss_cls: 0.1931, d1.loss_bbox: 0.4474, d2.loss_cls: 0.1873, d2.loss_bbox: 0.4459, d3.loss_cls: 0.1801, d3.loss_bbox: 0.4403, d4.loss_cls: 0.1779, d4.loss_bbox: 0.4398, loss: 3.8920, grad_norm: 18.5872
2025-06-25 16:56:34,295 - mmdet - INFO - Exp name: lidar_0075v_cam_res101.py
2025-06-25 16:56:34,295 - mmdet - INFO - Epoch [1][3000/7033]	lr: 1.000e-04, eta: 12:18:44, time: 0.854, data_time: 0.109, memory: 4350, loss_cls: 0.1665, loss_bbox: 0.4396, d0.loss_cls: 0.2537, d0.loss_bbox: 0.5102, d1.loss_cls: 0.1902, d1.loss_bbox: 0.4481, d2.loss_cls: 0.1745, d2.loss_bbox: 0.4484, d3.loss_cls: 0.1724, d3.loss_bbox: 0.4396, d4.loss_cls: 0.1677, d4.loss_bbox: 0.4350, loss: 3.8459, grad_norm: 17.6382
2025-06-25 16:57:16,661 - mmdet - INFO - Epoch [1][3050/7033]	lr: 1.000e-04, eta: 12:14:46, time: 0.847, data_time: 0.101, memory: 4350, loss_cls: 0.1667, loss_bbox: 0.4136, d0.loss_cls: 0.2548, d0.loss_bbox: 0.4917, d1.loss_cls: 0.1934, d1.loss_bbox: 0.4282, d2.loss_cls: 0.1770, d2.loss_bbox: 0.4238, d3.loss_cls: 0.1729, d3.loss_bbox: 0.4138, d4.loss_cls: 0.1674, d4.loss_bbox: 0.4090, loss: 3.7123, grad_norm: 15.8918
2025-06-25 16:57:58,092 - mmdet - INFO - Epoch [1][3100/7033]	lr: 1.000e-04, eta: 12:10:42, time: 0.829, data_time: 0.077, memory: 4350, loss_cls: 0.1630, loss_bbox: 0.4105, d0.loss_cls: 0.2475, d0.loss_bbox: 0.4839, d1.loss_cls: 0.1849, d1.loss_bbox: 0.4234, d2.loss_cls: 0.1736, d2.loss_bbox: 0.4214, d3.loss_cls: 0.1680, d3.loss_bbox: 0.4142, d4.loss_cls: 0.1655, d4.loss_bbox: 0.4073, loss: 3.6632, grad_norm: 16.4015
2025-06-25 16:58:38,835 - mmdet - INFO - Epoch [1][3150/7033]	lr: 1.000e-04, eta: 12:06:36, time: 0.815, data_time: 0.038, memory: 4350, loss_cls: 0.1686, loss_bbox: 0.4428, d0.loss_cls: 0.2572, d0.loss_bbox: 0.5174, d1.loss_cls: 0.1992, d1.loss_bbox: 0.4490, d2.loss_cls: 0.1810, d2.loss_bbox: 0.4472, d3.loss_cls: 0.1768, d3.loss_bbox: 0.4373, d4.loss_cls: 0.1726, d4.loss_bbox: 0.4344, loss: 3.8835, grad_norm: 18.0065
2025-06-25 16:59:21,010 - mmdet - INFO - Epoch [1][3200/7033]	lr: 1.000e-04, eta: 12:02:54, time: 0.844, data_time: 0.100, memory: 4350, loss_cls: 0.1659, loss_bbox: 0.4271, d0.loss_cls: 0.2628, d0.loss_bbox: 0.5050, d1.loss_cls: 0.1942, d1.loss_bbox: 0.4433, d2.loss_cls: 0.1769, d2.loss_bbox: 0.4337, d3.loss_cls: 0.1745, d3.loss_bbox: 0.4288, d4.loss_cls: 0.1683, d4.loss_bbox: 0.4246, loss: 3.8050, grad_norm: 18.7112
2025-06-25 17:00:04,364 - mmdet - INFO - Epoch [1][3250/7033]	lr: 1.000e-04, eta: 11:59:31, time: 0.867, data_time: 0.091, memory: 4350, loss_cls: 0.1553, loss_bbox: 0.4178, d0.loss_cls: 0.2454, d0.loss_bbox: 0.4840, d1.loss_cls: 0.1813, d1.loss_bbox: 0.4241, d2.loss_cls: 0.1680, d2.loss_bbox: 0.4165, d3.loss_cls: 0.1609, d3.loss_bbox: 0.4135, d4.loss_cls: 0.1559, d4.loss_bbox: 0.4146, loss: 3.6372, grad_norm: 17.2488
2025-06-25 17:00:47,946 - mmdet - INFO - Epoch [1][3300/7033]	lr: 1.000e-04, eta: 11:56:16, time: 0.872, data_time: 0.029, memory: 4350, loss_cls: 0.1512, loss_bbox: 0.4144, d0.loss_cls: 0.2413, d0.loss_bbox: 0.4882, d1.loss_cls: 0.1806, d1.loss_bbox: 0.4246, d2.loss_cls: 0.1643, d2.loss_bbox: 0.4186, d3.loss_cls: 0.1600, d3.loss_bbox: 0.4129, d4.loss_cls: 0.1545, d4.loss_bbox: 0.4094, loss: 3.6198, grad_norm: 17.8973
2025-06-25 17:01:31,747 - mmdet - INFO - Epoch [1][3350/7033]	lr: 1.000e-04, eta: 11:53:08, time: 0.876, data_time: 0.061, memory: 4350, loss_cls: 0.1638, loss_bbox: 0.4179, d0.loss_cls: 0.2510, d0.loss_bbox: 0.4833, d1.loss_cls: 0.1877, d1.loss_bbox: 0.4263, d2.loss_cls: 0.1771, d2.loss_bbox: 0.4210, d3.loss_cls: 0.1703, d3.loss_bbox: 0.4150, d4.loss_cls: 0.1625, d4.loss_bbox: 0.4157, loss: 3.6916, grad_norm: 18.1583
2025-06-25 17:02:13,641 - mmdet - INFO - Epoch [1][3400/7033]	lr: 1.000e-04, eta: 11:49:43, time: 0.838, data_time: 0.084, memory: 4350, loss_cls: 0.1659, loss_bbox: 0.4111, d0.loss_cls: 0.2598, d0.loss_bbox: 0.4833, d1.loss_cls: 0.1903, d1.loss_bbox: 0.4197, d2.loss_cls: 0.1780, d2.loss_bbox: 0.4137, d3.loss_cls: 0.1707, d3.loss_bbox: 0.4070, d4.loss_cls: 0.1643, d4.loss_bbox: 0.4049, loss: 3.6687, grad_norm: 18.9097
2025-06-25 17:02:58,537 - mmdet - INFO - Epoch [1][3450/7033]	lr: 1.000e-04, eta: 11:46:55, time: 0.898, data_time: 0.088, memory: 4350, loss_cls: 0.1510, loss_bbox: 0.4069, d0.loss_cls: 0.2385, d0.loss_bbox: 0.4714, d1.loss_cls: 0.1754, d1.loss_bbox: 0.4108, d2.loss_cls: 0.1626, d2.loss_bbox: 0.4076, d3.loss_cls: 0.1573, d3.loss_bbox: 0.4023, d4.loss_cls: 0.1531, d4.loss_bbox: 0.4012, loss: 3.5381, grad_norm: 17.7725
2025-06-25 17:03:45,625 - mmdet - INFO - Epoch [1][3500/7033]	lr: 1.000e-04, eta: 11:44:36, time: 0.942, data_time: 0.207, memory: 4350, loss_cls: 0.1603, loss_bbox: 0.4019, d0.loss_cls: 0.2565, d0.loss_bbox: 0.4724, d1.loss_cls: 0.1898, d1.loss_bbox: 0.4102, d2.loss_cls: 0.1727, d2.loss_bbox: 0.4055, d3.loss_cls: 0.1654, d3.loss_bbox: 0.3991, d4.loss_cls: 0.1598, d4.loss_bbox: 0.3972, loss: 3.5908, grad_norm: 20.1349
2025-06-25 17:04:31,931 - mmdet - INFO - Epoch [1][3550/7033]	lr: 1.000e-04, eta: 11:42:11, time: 0.926, data_time: 0.191, memory: 4350, loss_cls: 0.1510, loss_bbox: 0.3971, d0.loss_cls: 0.2580, d0.loss_bbox: 0.4615, d1.loss_cls: 0.1875, d1.loss_bbox: 0.3991, d2.loss_cls: 0.1683, d2.loss_bbox: 0.3941, d3.loss_cls: 0.1607, d3.loss_bbox: 0.3880, d4.loss_cls: 0.1532, d4.loss_bbox: 0.3903, loss: 3.5089, grad_norm: 21.3115
2025-06-25 17:05:17,306 - mmdet - INFO - Epoch [1][3600/7033]	lr: 1.000e-04, eta: 11:39:39, time: 0.907, data_time: 0.097, memory: 4350, loss_cls: 0.1484, loss_bbox: 0.4109, d0.loss_cls: 0.2395, d0.loss_bbox: 0.4718, d1.loss_cls: 0.1745, d1.loss_bbox: 0.4147, d2.loss_cls: 0.1590, d2.loss_bbox: 0.4102, d3.loss_cls: 0.1524, d3.loss_bbox: 0.4054, d4.loss_cls: 0.1487, d4.loss_bbox: 0.4060, loss: 3.5415, grad_norm: 19.9441
2025-06-25 17:06:05,792 - mmdet - INFO - Epoch [1][3650/7033]	lr: 1.000e-04, eta: 11:37:42, time: 0.970, data_time: 0.089, memory: 4350, loss_cls: 0.1589, loss_bbox: 0.3842, d0.loss_cls: 0.2520, d0.loss_bbox: 0.4697, d1.loss_cls: 0.1895, d1.loss_bbox: 0.4024, d2.loss_cls: 0.1731, d2.loss_bbox: 0.3935, d3.loss_cls: 0.1668, d3.loss_bbox: 0.3869, d4.loss_cls: 0.1626, d4.loss_bbox: 0.3811, loss: 3.5207, grad_norm: 18.7965
2025-06-25 17:06:53,472 - mmdet - INFO - Epoch [1][3700/7033]	lr: 1.000e-04, eta: 11:35:39, time: 0.954, data_time: 0.029, memory: 4350, loss_cls: 0.1494, loss_bbox: 0.4012, d0.loss_cls: 0.2417, d0.loss_bbox: 0.4709, d1.loss_cls: 0.1800, d1.loss_bbox: 0.4101, d2.loss_cls: 0.1628, d2.loss_bbox: 0.4039, d3.loss_cls: 0.1559, d3.loss_bbox: 0.3982, d4.loss_cls: 0.1532, d4.loss_bbox: 0.3976, loss: 3.5248, grad_norm: 16.1109
2025-06-25 17:08:00,728 - mmdet - INFO - Epoch [1][3750/7033]	lr: 1.000e-04, eta: 11:36:59, time: 1.345, data_time: 0.327, memory: 4350, loss_cls: 0.1582, loss_bbox: 0.3915, d0.loss_cls: 0.2472, d0.loss_bbox: 0.4578, d1.loss_cls: 0.1846, d1.loss_bbox: 0.3991, d2.loss_cls: 0.1703, d2.loss_bbox: 0.3918, d3.loss_cls: 0.1618, d3.loss_bbox: 0.3884, d4.loss_cls: 0.1589, d4.loss_bbox: 0.3872, loss: 3.4968, grad_norm: 19.3350
2025-06-25 17:09:09,209 - mmdet - INFO - Epoch [1][3800/7033]	lr: 1.000e-04, eta: 11:38:27, time: 1.370, data_time: 0.651, memory: 4350, loss_cls: 0.1495, loss_bbox: 0.3856, d0.loss_cls: 0.2518, d0.loss_bbox: 0.4536, d1.loss_cls: 0.1824, d1.loss_bbox: 0.3919, d2.loss_cls: 0.1638, d2.loss_bbox: 0.3876, d3.loss_cls: 0.1571, d3.loss_bbox: 0.3825, d4.loss_cls: 0.1498, d4.loss_bbox: 0.3801, loss: 3.4357, grad_norm: 18.9815
2025-06-25 17:10:18,157 - mmdet - INFO - Epoch [1][3850/7033]	lr: 1.000e-04, eta: 11:39:55, time: 1.379, data_time: 0.652, memory: 4350, loss_cls: 0.1480, loss_bbox: 0.3920, d0.loss_cls: 0.2365, d0.loss_bbox: 0.4667, d1.loss_cls: 0.1763, d1.loss_bbox: 0.4029, d2.loss_cls: 0.1596, d2.loss_bbox: 0.3976, d3.loss_cls: 0.1540, d3.loss_bbox: 0.3908, d4.loss_cls: 0.1499, d4.loss_bbox: 0.3888, loss: 3.4633, grad_norm: 20.1256
2025-06-25 17:11:20,014 - mmdet - INFO - Epoch [1][3900/7033]	lr: 1.000e-04, eta: 11:40:10, time: 1.237, data_time: 0.379, memory: 4350, loss_cls: 0.1499, loss_bbox: 0.3966, d0.loss_cls: 0.2477, d0.loss_bbox: 0.4645, d1.loss_cls: 0.1816, d1.loss_bbox: 0.4015, d2.loss_cls: 0.1655, d2.loss_bbox: 0.3958, d3.loss_cls: 0.1594, d3.loss_bbox: 0.3893, d4.loss_cls: 0.1529, d4.loss_bbox: 0.3892, loss: 3.4940, grad_norm: 19.3549
2025-06-25 17:12:24,449 - mmdet - INFO - Epoch [1][3950/7033]	lr: 1.000e-04, eta: 11:40:48, time: 1.289, data_time: 0.265, memory: 4350, loss_cls: 0.1446, loss_bbox: 0.3942, d0.loss_cls: 0.2485, d0.loss_bbox: 0.4734, d1.loss_cls: 0.1792, d1.loss_bbox: 0.4068, d2.loss_cls: 0.1619, d2.loss_bbox: 0.3979, d3.loss_cls: 0.1517, d3.loss_bbox: 0.3895, d4.loss_cls: 0.1451, d4.loss_bbox: 0.3890, loss: 3.4818, grad_norm: 18.1820
2025-06-25 17:13:56,875 - mmdet - INFO - Exp name: lidar_0075v_cam_res101.py
2025-06-25 17:13:56,875 - mmdet - INFO - Epoch [1][4000/7033]	lr: 1.000e-04, eta: 11:45:51, time: 1.849, data_time: 0.459, memory: 4350, loss_cls: 0.1543, loss_bbox: 0.3789, d0.loss_cls: 0.2420, d0.loss_bbox: 0.4519, d1.loss_cls: 0.1811, d1.loss_bbox: 0.3875, d2.loss_cls: 0.1677, d2.loss_bbox: 0.3816, d3.loss_cls: 0.1617, d3.loss_bbox: 0.3767, d4.loss_cls: 0.1547, d4.loss_bbox: 0.3738, loss: 3.4117, grad_norm: 18.9934
2025-06-25 17:16:29,589 - mmdet - INFO - Epoch [1][4050/7033]	lr: 1.000e-04, eta: 12:00:12, time: 3.054, data_time: 1.144, memory: 4350, loss_cls: 0.1554, loss_bbox: 0.3863, d0.loss_cls: 0.2446, d0.loss_bbox: 0.4655, d1.loss_cls: 0.1840, d1.loss_bbox: 0.3965, d2.loss_cls: 0.1704, d2.loss_bbox: 0.3898, d3.loss_cls: 0.1618, d3.loss_bbox: 0.3831, d4.loss_cls: 0.1554, d4.loss_bbox: 0.3821, loss: 3.4750, grad_norm: 22.6837
2025-06-25 17:17:54,518 - mmdet - INFO - Epoch [1][4100/7033]	lr: 1.000e-04, eta: 12:03:38, time: 1.699, data_time: 0.891, memory: 4350, loss_cls: 0.1478, loss_bbox: 0.3950, d0.loss_cls: 0.2497, d0.loss_bbox: 0.4723, d1.loss_cls: 0.1778, d1.loss_bbox: 0.4087, d2.loss_cls: 0.1589, d2.loss_bbox: 0.4020, d3.loss_cls: 0.1527, d3.loss_bbox: 0.3953, d4.loss_cls: 0.1493, d4.loss_bbox: 0.3915, loss: 3.5012, grad_norm: 19.0253
2025-06-25 17:19:46,155 - mmdet - INFO - Epoch [1][4150/7033]	lr: 1.000e-04, eta: 12:11:02, time: 2.232, data_time: 0.862, memory: 4350, loss_cls: 0.1455, loss_bbox: 0.3788, d0.loss_cls: 0.2421, d0.loss_bbox: 0.4531, d1.loss_cls: 0.1747, d1.loss_bbox: 0.3921, d2.loss_cls: 0.1590, d2.loss_bbox: 0.3800, d3.loss_cls: 0.1522, d3.loss_bbox: 0.3772, d4.loss_cls: 0.1473, d4.loss_bbox: 0.3749, loss: 3.3768, grad_norm: 25.4130
2025-06-25 17:21:22,566 - mmdet - INFO - Epoch [1][4200/7033]	lr: 1.000e-04, eta: 12:15:55, time: 1.929, data_time: 0.709, memory: 4350, loss_cls: 0.1501, loss_bbox: 0.3919, d0.loss_cls: 0.2473, d0.loss_bbox: 0.4655, d1.loss_cls: 0.1776, d1.loss_bbox: 0.4006, d2.loss_cls: 0.1599, d2.loss_bbox: 0.3948, d3.loss_cls: 0.1552, d3.loss_bbox: 0.3869, d4.loss_cls: 0.1494, d4.loss_bbox: 0.3886, loss: 3.4678, grad_norm: 25.9293
2025-06-25 17:22:32,005 - mmdet - INFO - Epoch [1][4250/7033]	lr: 1.000e-04, eta: 12:16:38, time: 1.389, data_time: 0.683, memory: 4350, loss_cls: 0.1460, loss_bbox: 0.3719, d0.loss_cls: 0.2382, d0.loss_bbox: 0.4524, d1.loss_cls: 0.1786, d1.loss_bbox: 0.3890, d2.loss_cls: 0.1565, d2.loss_bbox: 0.3802, d3.loss_cls: 0.1519, d3.loss_bbox: 0.3696, d4.loss_cls: 0.1469, d4.loss_bbox: 0.3692, loss: 3.3504, grad_norm: 18.2184
2025-06-25 17:23:32,885 - mmdet - INFO - Epoch [1][4300/7033]	lr: 1.000e-04, eta: 12:16:03, time: 1.217, data_time: 0.465, memory: 4350, loss_cls: 0.1476, loss_bbox: 0.3964, d0.loss_cls: 0.2549, d0.loss_bbox: 0.4748, d1.loss_cls: 0.1749, d1.loss_bbox: 0.4074, d2.loss_cls: 0.1581, d2.loss_bbox: 0.3975, d3.loss_cls: 0.1518, d3.loss_bbox: 0.3912, d4.loss_cls: 0.1493, d4.loss_bbox: 0.3904, loss: 3.4943, grad_norm: 17.0769
2025-06-25 17:24:41,474 - mmdet - INFO - Epoch [1][4350/7033]	lr: 1.000e-04, eta: 12:16:35, time: 1.372, data_time: 0.638, memory: 4350, loss_cls: 0.1415, loss_bbox: 0.3873, d0.loss_cls: 0.2322, d0.loss_bbox: 0.4621, d1.loss_cls: 0.1696, d1.loss_bbox: 0.3928, d2.loss_cls: 0.1535, d2.loss_bbox: 0.3872, d3.loss_cls: 0.1463, d3.loss_bbox: 0.3820, d4.loss_cls: 0.1415, d4.loss_bbox: 0.3796, loss: 3.3754, grad_norm: 19.7558
2025-06-25 17:25:34,440 - mmdet - INFO - Epoch [1][4400/7033]	lr: 1.000e-04, eta: 12:14:50, time: 1.059, data_time: 0.162, memory: 4350, loss_cls: 0.1421, loss_bbox: 0.3808, d0.loss_cls: 0.2513, d0.loss_bbox: 0.4678, d1.loss_cls: 0.1749, d1.loss_bbox: 0.3973, d2.loss_cls: 0.1562, d2.loss_bbox: 0.3871, d3.loss_cls: 0.1510, d3.loss_bbox: 0.3789, d4.loss_cls: 0.1444, d4.loss_bbox: 0.3777, loss: 3.4096, grad_norm: 19.0800
2025-06-25 17:26:32,837 - mmdet - INFO - Epoch [1][4450/7033]	lr: 1.000e-04, eta: 12:13:52, time: 1.168, data_time: 0.306, memory: 4350, loss_cls: 0.1447, loss_bbox: 0.3748, d0.loss_cls: 0.2421, d0.loss_bbox: 0.4557, d1.loss_cls: 0.1764, d1.loss_bbox: 0.3873, d2.loss_cls: 0.1574, d2.loss_bbox: 0.3758, d3.loss_cls: 0.1520, d3.loss_bbox: 0.3688, d4.loss_cls: 0.1457, d4.loss_bbox: 0.3686, loss: 3.3493, grad_norm: 18.2291
2025-06-25 17:27:33,959 - mmdet - INFO - Epoch [1][4500/7033]	lr: 1.000e-04, eta: 12:13:17, time: 1.222, data_time: 0.423, memory: 4350, loss_cls: 0.1481, loss_bbox: 0.3802, d0.loss_cls: 0.2402, d0.loss_bbox: 0.4487, d1.loss_cls: 0.1729, d1.loss_bbox: 0.3889, d2.loss_cls: 0.1580, d2.loss_bbox: 0.3831, d3.loss_cls: 0.1487, d3.loss_bbox: 0.3796, d4.loss_cls: 0.1483, d4.loss_bbox: 0.3752, loss: 3.3722, grad_norm: 18.5126
2025-06-25 17:28:30,901 - mmdet - INFO - Epoch [1][4550/7033]	lr: 1.000e-04, eta: 12:12:07, time: 1.139, data_time: 0.410, memory: 4350, loss_cls: 0.1498, loss_bbox: 0.3840, d0.loss_cls: 0.2533, d0.loss_bbox: 0.4677, d1.loss_cls: 0.1790, d1.loss_bbox: 0.3996, d2.loss_cls: 0.1611, d2.loss_bbox: 0.3901, d3.loss_cls: 0.1528, d3.loss_bbox: 0.3825, d4.loss_cls: 0.1508, d4.loss_bbox: 0.3801, loss: 3.4509, grad_norm: 19.8764
2025-06-25 17:29:28,313 - mmdet - INFO - Epoch [1][4600/7033]	lr: 1.000e-04, eta: 12:11:01, time: 1.148, data_time: 0.432, memory: 4350, loss_cls: 0.1452, loss_bbox: 0.3891, d0.loss_cls: 0.2357, d0.loss_bbox: 0.4613, d1.loss_cls: 0.1754, d1.loss_bbox: 0.3928, d2.loss_cls: 0.1589, d2.loss_bbox: 0.3863, d3.loss_cls: 0.1490, d3.loss_bbox: 0.3843, d4.loss_cls: 0.1455, d4.loss_bbox: 0.3844, loss: 3.4078, grad_norm: 21.6468
2025-06-25 17:30:28,523 - mmdet - INFO - Epoch [1][4650/7033]	lr: 1.000e-04, eta: 12:10:18, time: 1.204, data_time: 0.318, memory: 4350, loss_cls: 0.1409, loss_bbox: 0.3709, d0.loss_cls: 0.2411, d0.loss_bbox: 0.4482, d1.loss_cls: 0.1676, d1.loss_bbox: 0.3820, d2.loss_cls: 0.1512, d2.loss_bbox: 0.3746, d3.loss_cls: 0.1451, d3.loss_bbox: 0.3670, d4.loss_cls: 0.1413, d4.loss_bbox: 0.3659, loss: 3.2959, grad_norm: 16.1650
2025-06-25 17:31:29,495 - mmdet - INFO - Epoch [1][4700/7033]	lr: 1.000e-04, eta: 12:09:41, time: 1.219, data_time: 0.392, memory: 4350, loss_cls: 0.1406, loss_bbox: 0.3676, d0.loss_cls: 0.2388, d0.loss_bbox: 0.4528, d1.loss_cls: 0.1734, d1.loss_bbox: 0.3852, d2.loss_cls: 0.1556, d2.loss_bbox: 0.3719, d3.loss_cls: 0.1499, d3.loss_bbox: 0.3672, d4.loss_cls: 0.1417, d4.loss_bbox: 0.3663, loss: 3.3109, grad_norm: 23.2647
2025-06-25 17:32:23,492 - mmdet - INFO - Epoch [1][4750/7033]	lr: 1.000e-04, eta: 12:08:08, time: 1.080, data_time: 0.231, memory: 4350, loss_cls: 0.1318, loss_bbox: 0.3598, d0.loss_cls: 0.2292, d0.loss_bbox: 0.4337, d1.loss_cls: 0.1629, d1.loss_bbox: 0.3750, d2.loss_cls: 0.1449, d2.loss_bbox: 0.3647, d3.loss_cls: 0.1364, d3.loss_bbox: 0.3588, d4.loss_cls: 0.1303, d4.loss_bbox: 0.3565, loss: 3.1839, grad_norm: 24.4717
2025-06-25 17:33:23,271 - mmdet - INFO - Epoch [1][4800/7033]	lr: 1.000e-04, eta: 12:07:21, time: 1.196, data_time: 0.477, memory: 4350, loss_cls: 0.1338, loss_bbox: 0.3626, d0.loss_cls: 0.2469, d0.loss_bbox: 0.4328, d1.loss_cls: 0.1683, d1.loss_bbox: 0.3717, d2.loss_cls: 0.1468, d2.loss_bbox: 0.3657, d3.loss_cls: 0.1383, d3.loss_bbox: 0.3590, d4.loss_cls: 0.1331, d4.loss_bbox: 0.3587, loss: 3.2179, grad_norm: 26.7927
2025-06-25 17:34:29,130 - mmdet - INFO - Epoch [1][4850/7033]	lr: 1.000e-04, eta: 12:07:20, time: 1.317, data_time: 0.586, memory: 4350, loss_cls: 0.1512, loss_bbox: 0.3702, d0.loss_cls: 0.2518, d0.loss_bbox: 0.4441, d1.loss_cls: 0.1797, d1.loss_bbox: 0.3842, d2.loss_cls: 0.1639, d2.loss_bbox: 0.3771, d3.loss_cls: 0.1571, d3.loss_bbox: 0.3671, d4.loss_cls: 0.1526, d4.loss_bbox: 0.3663, loss: 3.3653, grad_norm: 23.3488
2025-06-25 17:35:25,406 - mmdet - INFO - Epoch [1][4900/7033]	lr: 1.000e-04, eta: 12:06:06, time: 1.126, data_time: 0.354, memory: 4350, loss_cls: 0.1449, loss_bbox: 0.3699, d0.loss_cls: 0.2394, d0.loss_bbox: 0.4556, d1.loss_cls: 0.1738, d1.loss_bbox: 0.3830, d2.loss_cls: 0.1553, d2.loss_bbox: 0.3736, d3.loss_cls: 0.1516, d3.loss_bbox: 0.3668, d4.loss_cls: 0.1456, d4.loss_bbox: 0.3669, loss: 3.3264, grad_norm: 18.2998
2025-06-25 17:36:32,194 - mmdet - INFO - Epoch [1][4950/7033]	lr: 1.000e-04, eta: 12:06:10, time: 1.336, data_time: 0.575, memory: 4350, loss_cls: 0.1494, loss_bbox: 0.3809, d0.loss_cls: 0.2548, d0.loss_bbox: 0.4701, d1.loss_cls: 0.1825, d1.loss_bbox: 0.3956, d2.loss_cls: 0.1640, d2.loss_bbox: 0.3851, d3.loss_cls: 0.1550, d3.loss_bbox: 0.3788, d4.loss_cls: 0.1490, d4.loss_bbox: 0.3764, loss: 3.4418, grad_norm: 23.9029
2025-06-25 17:37:34,401 - mmdet - INFO - Exp name: lidar_0075v_cam_res101.py
2025-06-25 17:37:34,401 - mmdet - INFO - Epoch [1][5000/7033]	lr: 1.000e-04, eta: 12:05:39, time: 1.244, data_time: 0.406, memory: 4350, loss_cls: 0.1247, loss_bbox: 0.3552, d0.loss_cls: 0.2271, d0.loss_bbox: 0.4349, d1.loss_cls: 0.1617, d1.loss_bbox: 0.3675, d2.loss_cls: 0.1397, d2.loss_bbox: 0.3583, d3.loss_cls: 0.1319, d3.loss_bbox: 0.3525, d4.loss_cls: 0.1271, d4.loss_bbox: 0.3502, loss: 3.1306, grad_norm: 18.9396
2025-06-25 17:38:32,823 - mmdet - INFO - Epoch [1][5050/7033]	lr: 1.000e-04, eta: 12:04:40, time: 1.168, data_time: 0.130, memory: 4350, loss_cls: 0.1445, loss_bbox: 0.3571, d0.loss_cls: 0.2480, d0.loss_bbox: 0.4370, d1.loss_cls: 0.1794, d1.loss_bbox: 0.3688, d2.loss_cls: 0.1615, d2.loss_bbox: 0.3608, d3.loss_cls: 0.1527, d3.loss_bbox: 0.3538, d4.loss_cls: 0.1472, d4.loss_bbox: 0.3519, loss: 3.2626, grad_norm: 22.4836
2025-06-25 17:39:33,664 - mmdet - INFO - Epoch [1][5100/7033]	lr: 1.000e-04, eta: 12:03:59, time: 1.217, data_time: 0.139, memory: 4350, loss_cls: 0.1366, loss_bbox: 0.3727, d0.loss_cls: 0.2443, d0.loss_bbox: 0.4467, d1.loss_cls: 0.1744, d1.loss_bbox: 0.3793, d2.loss_cls: 0.1535, d2.loss_bbox: 0.3690, d3.loss_cls: 0.1458, d3.loss_bbox: 0.3614, d4.loss_cls: 0.1393, d4.loss_bbox: 0.3646, loss: 3.2876, grad_norm: 19.6617
2025-06-25 17:40:31,316 - mmdet - INFO - Epoch [1][5150/7033]	lr: 1.000e-04, eta: 12:02:54, time: 1.153, data_time: 0.222, memory: 4350, loss_cls: 0.1525, loss_bbox: 0.3776, d0.loss_cls: 0.2483, d0.loss_bbox: 0.4597, d1.loss_cls: 0.1848, d1.loss_bbox: 0.3900, d2.loss_cls: 0.1680, d2.loss_bbox: 0.3830, d3.loss_cls: 0.1596, d3.loss_bbox: 0.3716, d4.loss_cls: 0.1539, d4.loss_bbox: 0.3720, loss: 3.4210, grad_norm: 20.2379
2025-06-25 17:41:27,631 - mmdet - INFO - Epoch [1][5200/7033]	lr: 1.000e-04, eta: 12:01:39, time: 1.126, data_time: 0.290, memory: 4350, loss_cls: 0.1434, loss_bbox: 0.3672, d0.loss_cls: 0.2462, d0.loss_bbox: 0.4534, d1.loss_cls: 0.1735, d1.loss_bbox: 0.3800, d2.loss_cls: 0.1547, d2.loss_bbox: 0.3717, d3.loss_cls: 0.1470, d3.loss_bbox: 0.3651, d4.loss_cls: 0.1442, d4.loss_bbox: 0.3631, loss: 3.3094, grad_norm: 21.1496
2025-06-25 17:42:25,177 - mmdet - INFO - Epoch [1][5250/7033]	lr: 1.000e-04, eta: 12:00:34, time: 1.151, data_time: 0.228, memory: 4350, loss_cls: 0.1306, loss_bbox: 0.3557, d0.loss_cls: 0.2403, d0.loss_bbox: 0.4311, d1.loss_cls: 0.1679, d1.loss_bbox: 0.3667, d2.loss_cls: 0.1456, d2.loss_bbox: 0.3568, d3.loss_cls: 0.1353, d3.loss_bbox: 0.3512, d4.loss_cls: 0.1309, d4.loss_bbox: 0.3500, loss: 3.1622, grad_norm: 26.5125
2025-06-25 17:43:22,486 - mmdet - INFO - Epoch [1][5300/7033]	lr: 1.000e-04, eta: 11:59:27, time: 1.146, data_time: 0.371, memory: 4350, loss_cls: 0.1376, loss_bbox: 0.3500, d0.loss_cls: 0.2382, d0.loss_bbox: 0.4406, d1.loss_cls: 0.1687, d1.loss_bbox: 0.3663, d2.loss_cls: 0.1489, d2.loss_bbox: 0.3560, d3.loss_cls: 0.1446, d3.loss_bbox: 0.3470, d4.loss_cls: 0.1378, d4.loss_bbox: 0.3467, loss: 3.1826, grad_norm: 21.1817
2025-06-25 17:44:21,966 - mmdet - INFO - Epoch [1][5350/7033]	lr: 1.000e-04, eta: 11:58:35, time: 1.190, data_time: 0.460, memory: 4350, loss_cls: 0.1419, loss_bbox: 0.3724, d0.loss_cls: 0.2487, d0.loss_bbox: 0.4601, d1.loss_cls: 0.1769, d1.loss_bbox: 0.3848, d2.loss_cls: 0.1569, d2.loss_bbox: 0.3759, d3.loss_cls: 0.1496, d3.loss_bbox: 0.3684, d4.loss_cls: 0.1446, d4.loss_bbox: 0.3681, loss: 3.3483, grad_norm: 20.6780
2025-06-25 17:45:17,795 - mmdet - INFO - Epoch [1][5400/7033]	lr: 1.000e-04, eta: 11:57:19, time: 1.117, data_time: 0.385, memory: 4350, loss_cls: 0.1394, loss_bbox: 0.3583, d0.loss_cls: 0.2453, d0.loss_bbox: 0.4441, d1.loss_cls: 0.1759, d1.loss_bbox: 0.3740, d2.loss_cls: 0.1522, d2.loss_bbox: 0.3644, d3.loss_cls: 0.1448, d3.loss_bbox: 0.3572, d4.loss_cls: 0.1410, d4.loss_bbox: 0.3540, loss: 3.2505, grad_norm: 23.4254
2025-06-25 17:46:08,281 - mmdet - INFO - Epoch [1][5450/7033]	lr: 1.000e-04, eta: 11:55:26, time: 1.010, data_time: 0.268, memory: 4350, loss_cls: 0.1405, loss_bbox: 0.3705, d0.loss_cls: 0.2437, d0.loss_bbox: 0.4567, d1.loss_cls: 0.1768, d1.loss_bbox: 0.3792, d2.loss_cls: 0.1554, d2.loss_bbox: 0.3735, d3.loss_cls: 0.1485, d3.loss_bbox: 0.3652, d4.loss_cls: 0.1421, d4.loss_bbox: 0.3634, loss: 3.3156, grad_norm: 25.0170
2025-06-25 17:46:47,799 - mmdet - INFO - Epoch [1][5500/7033]	lr: 1.000e-04, eta: 11:52:22, time: 0.790, data_time: 0.026, memory: 4350, loss_cls: 0.1378, loss_bbox: 0.3520, d0.loss_cls: 0.2392, d0.loss_bbox: 0.4274, d1.loss_cls: 0.1733, d1.loss_bbox: 0.3612, d2.loss_cls: 0.1538, d2.loss_bbox: 0.3548, d3.loss_cls: 0.1436, d3.loss_bbox: 0.3450, d4.loss_cls: 0.1394, d4.loss_bbox: 0.3461, loss: 3.1736, grad_norm: 21.5765
2025-06-25 17:47:27,424 - mmdet - INFO - Epoch [1][5550/7033]	lr: 1.000e-04, eta: 11:49:21, time: 0.792, data_time: 0.028, memory: 4350, loss_cls: 0.1354, loss_bbox: 0.3567, d0.loss_cls: 0.2457, d0.loss_bbox: 0.4446, d1.loss_cls: 0.1751, d1.loss_bbox: 0.3731, d2.loss_cls: 0.1512, d2.loss_bbox: 0.3635, d3.loss_cls: 0.1449, d3.loss_bbox: 0.3536, d4.loss_cls: 0.1380, d4.loss_bbox: 0.3507, loss: 3.2325, grad_norm: 22.6955
2025-06-25 17:48:07,031 - mmdet - INFO - Epoch [1][5600/7033]	lr: 1.000e-04, eta: 11:46:22, time: 0.792, data_time: 0.029, memory: 4350, loss_cls: 0.1389, loss_bbox: 0.3629, d0.loss_cls: 0.2337, d0.loss_bbox: 0.4441, d1.loss_cls: 0.1693, d1.loss_bbox: 0.3771, d2.loss_cls: 0.1511, d2.loss_bbox: 0.3672, d3.loss_cls: 0.1467, d3.loss_bbox: 0.3585, d4.loss_cls: 0.1419, d4.loss_bbox: 0.3571, loss: 3.2484, grad_norm: 22.1297
2025-06-25 17:48:46,623 - mmdet - INFO - Epoch [1][5650/7033]	lr: 1.000e-04, eta: 11:43:26, time: 0.792, data_time: 0.026, memory: 4350, loss_cls: 0.1436, loss_bbox: 0.3644, d0.loss_cls: 0.2406, d0.loss_bbox: 0.4437, d1.loss_cls: 0.1747, d1.loss_bbox: 0.3747, d2.loss_cls: 0.1558, d2.loss_bbox: 0.3685, d3.loss_cls: 0.1493, d3.loss_bbox: 0.3587, d4.loss_cls: 0.1437, d4.loss_bbox: 0.3580, loss: 3.2758, grad_norm: 22.6958
2025-06-25 17:49:34,921 - mmdet - INFO - Epoch [1][5700/7033]	lr: 1.000e-04, eta: 11:41:27, time: 0.966, data_time: 0.223, memory: 4350, loss_cls: 0.1312, loss_bbox: 0.3563, d0.loss_cls: 0.2309, d0.loss_bbox: 0.4370, d1.loss_cls: 0.1637, d1.loss_bbox: 0.3720, d2.loss_cls: 0.1452, d2.loss_bbox: 0.3618, d3.loss_cls: 0.1357, d3.loss_bbox: 0.3525, d4.loss_cls: 0.1309, d4.loss_bbox: 0.3535, loss: 3.1706, grad_norm: 17.9453
2025-06-25 17:50:19,801 - mmdet - INFO - Epoch [1][5750/7033]	lr: 1.000e-04, eta: 11:39:09, time: 0.898, data_time: 0.128, memory: 4350, loss_cls: 0.1259, loss_bbox: 0.3586, d0.loss_cls: 0.2305, d0.loss_bbox: 0.4364, d1.loss_cls: 0.1594, d1.loss_bbox: 0.3629, d2.loss_cls: 0.1360, d2.loss_bbox: 0.3592, d3.loss_cls: 0.1293, d3.loss_bbox: 0.3521, d4.loss_cls: 0.1270, d4.loss_bbox: 0.3527, loss: 3.1300, grad_norm: 26.9433
2025-06-25 17:51:13,282 - mmdet - INFO - Epoch [1][5800/7033]	lr: 1.000e-04, eta: 11:37:46, time: 1.070, data_time: 0.027, memory: 4350, loss_cls: 0.1372, loss_bbox: 0.3534, d0.loss_cls: 0.2387, d0.loss_bbox: 0.4443, d1.loss_cls: 0.1691, d1.loss_bbox: 0.3677, d2.loss_cls: 0.1518, d2.loss_bbox: 0.3583, d3.loss_cls: 0.1444, d3.loss_bbox: 0.3498, d4.loss_cls: 0.1378, d4.loss_bbox: 0.3502, loss: 3.2027, grad_norm: 29.8877
2025-06-25 17:51:58,251 - mmdet - INFO - Epoch [1][5850/7033]	lr: 1.000e-04, eta: 11:35:30, time: 0.899, data_time: 0.096, memory: 4350, loss_cls: 0.1309, loss_bbox: 0.3526, d0.loss_cls: 0.2410, d0.loss_bbox: 0.4422, d1.loss_cls: 0.1644, d1.loss_bbox: 0.3708, d2.loss_cls: 0.1438, d2.loss_bbox: 0.3610, d3.loss_cls: 0.1360, d3.loss_bbox: 0.3507, d4.loss_cls: 0.1313, d4.loss_bbox: 0.3493, loss: 3.1741, grad_norm: 18.8055
2025-06-25 17:52:58,668 - mmdet - INFO - Epoch [1][5900/7033]	lr: 1.000e-04, eta: 11:34:51, time: 1.208, data_time: 0.287, memory: 4350, loss_cls: 0.1380, loss_bbox: 0.3567, d0.loss_cls: 0.2454, d0.loss_bbox: 0.4521, d1.loss_cls: 0.1694, d1.loss_bbox: 0.3781, d2.loss_cls: 0.1513, d2.loss_bbox: 0.3672, d3.loss_cls: 0.1439, d3.loss_bbox: 0.3561, d4.loss_cls: 0.1378, d4.loss_bbox: 0.3554, loss: 3.2514, grad_norm: 17.9453
2025-06-25 17:53:49,423 - mmdet - INFO - Epoch [1][5950/7033]	lr: 1.000e-04, eta: 11:33:13, time: 1.015, data_time: 0.273, memory: 4350, loss_cls: 0.1376, loss_bbox: 0.3497, d0.loss_cls: 0.2334, d0.loss_bbox: 0.4395, d1.loss_cls: 0.1674, d1.loss_bbox: 0.3689, d2.loss_cls: 0.1486, d2.loss_bbox: 0.3598, d3.loss_cls: 0.1439, d3.loss_bbox: 0.3475, d4.loss_cls: 0.1388, d4.loss_bbox: 0.3456, loss: 3.1808, grad_norm: 18.3002
2025-06-25 17:54:41,838 - mmdet - INFO - Exp name: lidar_0075v_cam_res101.py
2025-06-25 17:54:41,838 - mmdet - INFO - Epoch [1][6000/7033]	lr: 1.000e-04, eta: 11:31:46, time: 1.048, data_time: 0.238, memory: 4350, loss_cls: 0.1344, loss_bbox: 0.3554, d0.loss_cls: 0.2413, d0.loss_bbox: 0.4410, d1.loss_cls: 0.1683, d1.loss_bbox: 0.3691, d2.loss_cls: 0.1480, d2.loss_bbox: 0.3611, d3.loss_cls: 0.1404, d3.loss_bbox: 0.3499, d4.loss_cls: 0.1363, d4.loss_bbox: 0.3509, loss: 3.1961, grad_norm: 25.5215
2025-06-25 17:55:26,335 - mmdet - INFO - Epoch [1][6050/7033]	lr: 1.000e-04, eta: 11:29:32, time: 0.890, data_time: 0.136, memory: 4350, loss_cls: 0.1292, loss_bbox: 0.3326, d0.loss_cls: 0.2348, d0.loss_bbox: 0.4275, d1.loss_cls: 0.1659, d1.loss_bbox: 0.3535, d2.loss_cls: 0.1461, d2.loss_bbox: 0.3430, d3.loss_cls: 0.1357, d3.loss_bbox: 0.3341, d4.loss_cls: 0.1326, d4.loss_bbox: 0.3296, loss: 3.0645, grad_norm: 21.3799
2025-06-25 17:56:07,099 - mmdet - INFO - Epoch [1][6100/7033]	lr: 1.000e-04, eta: 11:26:57, time: 0.815, data_time: 0.053, memory: 4350, loss_cls: 0.1399, loss_bbox: 0.3367, d0.loss_cls: 0.2430, d0.loss_bbox: 0.4251, d1.loss_cls: 0.1704, d1.loss_bbox: 0.3571, d2.loss_cls: 0.1528, d2.loss_bbox: 0.3470, d3.loss_cls: 0.1462, d3.loss_bbox: 0.3364, d4.loss_cls: 0.1406, d4.loss_bbox: 0.3331, loss: 3.1282, grad_norm: 18.5455
2025-06-25 17:56:46,729 - mmdet - INFO - Epoch [1][6150/7033]	lr: 1.000e-04, eta: 11:24:18, time: 0.793, data_time: 0.026, memory: 4350, loss_cls: 0.1396, loss_bbox: 0.3608, d0.loss_cls: 0.2380, d0.loss_bbox: 0.4403, d1.loss_cls: 0.1735, d1.loss_bbox: 0.3706, d2.loss_cls: 0.1557, d2.loss_bbox: 0.3640, d3.loss_cls: 0.1475, d3.loss_bbox: 0.3537, d4.loss_cls: 0.1408, d4.loss_bbox: 0.3561, loss: 3.2405, grad_norm: 21.0332
2025-06-25 17:57:44,279 - mmdet - INFO - Epoch [1][6200/7033]	lr: 1.000e-04, eta: 11:23:24, time: 1.151, data_time: 0.172, memory: 4350, loss_cls: 0.1269, loss_bbox: 0.3366, d0.loss_cls: 0.2372, d0.loss_bbox: 0.4261, d1.loss_cls: 0.1630, d1.loss_bbox: 0.3506, d2.loss_cls: 0.1437, d2.loss_bbox: 0.3431, d3.loss_cls: 0.1305, d3.loss_bbox: 0.3345, d4.loss_cls: 0.1277, d4.loss_bbox: 0.3327, loss: 3.0525, grad_norm: 29.6485
2025-06-25 17:58:37,618 - mmdet - INFO - Epoch [1][6250/7033]	lr: 1.000e-04, eta: 11:22:07, time: 1.067, data_time: 0.308, memory: 4350, loss_cls: 0.1326, loss_bbox: 0.3435, d0.loss_cls: 0.2399, d0.loss_bbox: 0.4332, d1.loss_cls: 0.1646, d1.loss_bbox: 0.3632, d2.loss_cls: 0.1434, d2.loss_bbox: 0.3500, d3.loss_cls: 0.1367, d3.loss_bbox: 0.3427, d4.loss_cls: 0.1329, d4.loss_bbox: 0.3415, loss: 3.1243, grad_norm: 30.0446
2025-06-25 17:59:32,752 - mmdet - INFO - Epoch [1][6300/7033]	lr: 1.000e-04, eta: 11:20:59, time: 1.103, data_time: 0.361, memory: 4350, loss_cls: 0.1339, loss_bbox: 0.3572, d0.loss_cls: 0.2388, d0.loss_bbox: 0.4541, d1.loss_cls: 0.1687, d1.loss_bbox: 0.3755, d2.loss_cls: 0.1496, d2.loss_bbox: 0.3666, d3.loss_cls: 0.1415, d3.loss_bbox: 0.3520, d4.loss_cls: 0.1375, d4.loss_bbox: 0.3508, loss: 3.2264, grad_norm: 21.7029
2025-06-25 18:00:30,583 - mmdet - INFO - Epoch [1][6350/7033]	lr: 1.000e-04, eta: 11:20:08, time: 1.157, data_time: 0.391, memory: 4350, loss_cls: 0.1414, loss_bbox: 0.3499, d0.loss_cls: 0.2405, d0.loss_bbox: 0.4371, d1.loss_cls: 0.1783, d1.loss_bbox: 0.3667, d2.loss_cls: 0.1578, d2.loss_bbox: 0.3543, d3.loss_cls: 0.1482, d3.loss_bbox: 0.3456, d4.loss_cls: 0.1432, d4.loss_bbox: 0.3438, loss: 3.2068, grad_norm: 21.6092
2025-06-25 18:01:30,454 - mmdet - INFO - Epoch [1][6400/7033]	lr: 1.000e-04, eta: 11:19:27, time: 1.197, data_time: 0.320, memory: 4350, loss_cls: 0.1384, loss_bbox: 0.3505, d0.loss_cls: 0.2480, d0.loss_bbox: 0.4463, d1.loss_cls: 0.1769, d1.loss_bbox: 0.3721, d2.loss_cls: 0.1552, d2.loss_bbox: 0.3636, d3.loss_cls: 0.1480, d3.loss_bbox: 0.3495, d4.loss_cls: 0.1394, d4.loss_bbox: 0.3492, loss: 3.2370, grad_norm: 22.5844
2025-06-25 18:02:29,290 - mmdet - INFO - Epoch [1][6450/7033]	lr: 1.000e-04, eta: 11:18:41, time: 1.177, data_time: 0.294, memory: 4350, loss_cls: 0.1263, loss_bbox: 0.3341, d0.loss_cls: 0.2270, d0.loss_bbox: 0.4216, d1.loss_cls: 0.1601, d1.loss_bbox: 0.3565, d2.loss_cls: 0.1387, d2.loss_bbox: 0.3490, d3.loss_cls: 0.1317, d3.loss_bbox: 0.3352, d4.loss_cls: 0.1280, d4.loss_bbox: 0.3310, loss: 3.0391, grad_norm: 20.4537
2025-06-25 18:03:30,639 - mmdet - INFO - Epoch [1][6500/7033]	lr: 1.000e-04, eta: 11:18:08, time: 1.227, data_time: 0.030, memory: 4350, loss_cls: 0.1408, loss_bbox: 0.3434, d0.loss_cls: 0.2512, d0.loss_bbox: 0.4330, d1.loss_cls: 0.1762, d1.loss_bbox: 0.3589, d2.loss_cls: 0.1565, d2.loss_bbox: 0.3510, d3.loss_cls: 0.1470, d3.loss_bbox: 0.3391, d4.loss_cls: 0.1432, d4.loss_bbox: 0.3382, loss: 3.1786, grad_norm: 23.8532
2025-06-25 18:04:32,335 - mmdet - INFO - Epoch [1][6550/7033]	lr: 1.000e-04, eta: 11:17:37, time: 1.234, data_time: 0.362, memory: 4350, loss_cls: 0.1352, loss_bbox: 0.3385, d0.loss_cls: 0.2373, d0.loss_bbox: 0.4330, d1.loss_cls: 0.1722, d1.loss_bbox: 0.3590, d2.loss_cls: 0.1542, d2.loss_bbox: 0.3467, d3.loss_cls: 0.1427, d3.loss_bbox: 0.3356, d4.loss_cls: 0.1357, d4.loss_bbox: 0.3341, loss: 3.1242, grad_norm: 22.1210
2025-06-25 18:05:30,514 - mmdet - INFO - Epoch [1][6600/7033]	lr: 1.000e-04, eta: 11:16:46, time: 1.164, data_time: 0.421, memory: 4350, loss_cls: 0.1269, loss_bbox: 0.3287, d0.loss_cls: 0.2302, d0.loss_bbox: 0.4185, d1.loss_cls: 0.1604, d1.loss_bbox: 0.3475, d2.loss_cls: 0.1405, d2.loss_bbox: 0.3370, d3.loss_cls: 0.1354, d3.loss_bbox: 0.3238, d4.loss_cls: 0.1292, d4.loss_bbox: 0.3224, loss: 3.0006, grad_norm: 21.7220
2025-06-25 18:06:32,043 - mmdet - INFO - Epoch [1][6650/7033]	lr: 1.000e-04, eta: 11:16:13, time: 1.231, data_time: 0.486, memory: 4350, loss_cls: 0.1284, loss_bbox: 0.3429, d0.loss_cls: 0.2305, d0.loss_bbox: 0.4340, d1.loss_cls: 0.1630, d1.loss_bbox: 0.3616, d2.loss_cls: 0.1440, d2.loss_bbox: 0.3527, d3.loss_cls: 0.1361, d3.loss_bbox: 0.3364, d4.loss_cls: 0.1297, d4.loss_bbox: 0.3381, loss: 3.0974, grad_norm: 20.8591
2025-06-25 18:07:29,785 - mmdet - INFO - Epoch [1][6700/7033]	lr: 1.000e-04, eta: 11:15:19, time: 1.155, data_time: 0.359, memory: 4350, loss_cls: 0.1220, loss_bbox: 0.3282, d0.loss_cls: 0.2347, d0.loss_bbox: 0.4229, d1.loss_cls: 0.1653, d1.loss_bbox: 0.3494, d2.loss_cls: 0.1405, d2.loss_bbox: 0.3405, d3.loss_cls: 0.1311, d3.loss_bbox: 0.3264, d4.loss_cls: 0.1229, d4.loss_bbox: 0.3260, loss: 3.0099, grad_norm: 29.4144
2025-06-25 18:08:29,257 - mmdet - INFO - Epoch [1][6750/7033]	lr: 1.000e-04, eta: 11:14:35, time: 1.189, data_time: 0.471, memory: 4350, loss_cls: 0.1290, loss_bbox: 0.3232, d0.loss_cls: 0.2391, d0.loss_bbox: 0.4297, d1.loss_cls: 0.1704, d1.loss_bbox: 0.3491, d2.loss_cls: 0.1456, d2.loss_bbox: 0.3406, d3.loss_cls: 0.1361, d3.loss_bbox: 0.3235, d4.loss_cls: 0.1303, d4.loss_bbox: 0.3212, loss: 3.0377, grad_norm: 22.6500
2025-06-25 18:09:25,182 - mmdet - INFO - Epoch [1][6800/7033]	lr: 1.000e-04, eta: 11:13:32, time: 1.118, data_time: 0.363, memory: 4350, loss_cls: 0.1342, loss_bbox: 0.3282, d0.loss_cls: 0.2460, d0.loss_bbox: 0.4307, d1.loss_cls: 0.1711, d1.loss_bbox: 0.3531, d2.loss_cls: 0.1487, d2.loss_bbox: 0.3415, d3.loss_cls: 0.1404, d3.loss_bbox: 0.3252, d4.loss_cls: 0.1362, d4.loss_bbox: 0.3239, loss: 3.0794, grad_norm: 22.3616
2025-06-25 18:10:20,366 - mmdet - INFO - Epoch [1][6850/7033]	lr: 1.000e-04, eta: 11:12:25, time: 1.104, data_time: 0.043, memory: 4350, loss_cls: 0.1174, loss_bbox: 0.3195, d0.loss_cls: 0.2270, d0.loss_bbox: 0.4210, d1.loss_cls: 0.1578, d1.loss_bbox: 0.3437, d2.loss_cls: 0.1353, d2.loss_bbox: 0.3332, d3.loss_cls: 0.1275, d3.loss_bbox: 0.3183, d4.loss_cls: 0.1190, d4.loss_bbox: 0.3159, loss: 2.9357, grad_norm: 17.9887
2025-06-25 18:11:11,723 - mmdet - INFO - Epoch [1][6900/7033]	lr: 1.000e-04, eta: 11:10:59, time: 1.027, data_time: 0.198, memory: 4350, loss_cls: 0.1247, loss_bbox: 0.3309, d0.loss_cls: 0.2316, d0.loss_bbox: 0.4381, d1.loss_cls: 0.1627, d1.loss_bbox: 0.3588, d2.loss_cls: 0.1418, d2.loss_bbox: 0.3456, d3.loss_cls: 0.1330, d3.loss_bbox: 0.3291, d4.loss_cls: 0.1273, d4.loss_bbox: 0.3275, loss: 3.0511, grad_norm: 20.6594
2025-06-25 18:12:11,690 - mmdet - INFO - Epoch [1][6950/7033]	lr: 1.000e-04, eta: 11:10:16, time: 1.199, data_time: 0.356, memory: 4350, loss_cls: 0.1227, loss_bbox: 0.3183, d0.loss_cls: 0.2328, d0.loss_bbox: 0.4295, d1.loss_cls: 0.1632, d1.loss_bbox: 0.3443, d2.loss_cls: 0.1416, d2.loss_bbox: 0.3350, d3.loss_cls: 0.1310, d3.loss_bbox: 0.3180, d4.loss_cls: 0.1238, d4.loss_bbox: 0.3158, loss: 2.9760, grad_norm: 20.5047
2025-06-25 18:13:10,916 - mmdet - INFO - Exp name: lidar_0075v_cam_res101.py
2025-06-25 18:13:10,916 - mmdet - INFO - Epoch [1][7000/7033]	lr: 1.000e-04, eta: 11:09:30, time: 1.185, data_time: 0.246, memory: 4350, loss_cls: 0.1309, loss_bbox: 0.3224, d0.loss_cls: 0.2410, d0.loss_bbox: 0.4245, d1.loss_cls: 0.1709, d1.loss_bbox: 0.3468, d2.loss_cls: 0.1458, d2.loss_bbox: 0.3346, d3.loss_cls: 0.1381, d3.loss_bbox: 0.3178, d4.loss_cls: 0.1319, d4.loss_bbox: 0.3170, loss: 3.0217, grad_norm: 20.0083
2025-06-25 18:13:49,367 - mmdet - INFO - Saving checkpoint at 1 epochs
2025-06-25 18:50:11,018 - mmdet - INFO - Exp name: lidar_0075v_cam_res101.py
2025-06-25 18:50:11,018 - mmdet - INFO - Epoch(val) [1][3010]	pts_bbox_NuScenes/car_AP_dist_0.5: 0.6958, pts_bbox_NuScenes/car_AP_dist_1.0: 0.8340, pts_bbox_NuScenes/car_AP_dist_2.0: 0.8835, pts_bbox_NuScenes/car_AP_dist_4.0: 0.9056, pts_bbox_NuScenes/car_trans_err: 0.2216, pts_bbox_NuScenes/car_scale_err: 0.1530, pts_bbox_NuScenes/car_orient_err: 0.0875, pts_bbox_NuScenes/car_vel_err: 0.7783, pts_bbox_NuScenes/car_attr_err: 0.1872, pts_bbox_NuScenes/mATE: 0.4198, pts_bbox_NuScenes/mASE: 0.2745, pts_bbox_NuScenes/mAOE: 0.3443, pts_bbox_NuScenes/mAVE: 0.7510, pts_bbox_NuScenes/mAAE: 0.1908, pts_bbox_NuScenes/truck_AP_dist_0.5: 0.2555, pts_bbox_NuScenes/truck_AP_dist_1.0: 0.5417, pts_bbox_NuScenes/truck_AP_dist_2.0: 0.6791, pts_bbox_NuScenes/truck_AP_dist_4.0: 0.7247, pts_bbox_NuScenes/truck_trans_err: 0.4544, pts_bbox_NuScenes/truck_scale_err: 0.2179, pts_bbox_NuScenes/truck_orient_err: 0.1428, pts_bbox_NuScenes/truck_vel_err: 0.8929, pts_bbox_NuScenes/truck_attr_err: 0.2320, pts_bbox_NuScenes/construction_vehicle_AP_dist_0.5: 0.0051, pts_bbox_NuScenes/construction_vehicle_AP_dist_1.0: 0.1157, pts_bbox_NuScenes/construction_vehicle_AP_dist_2.0: 0.3782, pts_bbox_NuScenes/construction_vehicle_AP_dist_4.0: 0.4414, pts_bbox_NuScenes/construction_vehicle_trans_err: 0.8400, pts_bbox_NuScenes/construction_vehicle_scale_err: 0.4966, pts_bbox_NuScenes/construction_vehicle_orient_err: 0.8896, pts_bbox_NuScenes/construction_vehicle_vel_err: 0.1300, pts_bbox_NuScenes/construction_vehicle_attr_err: 0.3019, pts_bbox_NuScenes/bus_AP_dist_0.5: 0.3066, pts_bbox_NuScenes/bus_AP_dist_1.0: 0.6485, pts_bbox_NuScenes/bus_AP_dist_2.0: 0.8318, pts_bbox_NuScenes/bus_AP_dist_4.0: 0.8800, pts_bbox_NuScenes/bus_trans_err: 0.4558, pts_bbox_NuScenes/bus_scale_err: 0.1921, pts_bbox_NuScenes/bus_orient_err: 0.1169, pts_bbox_NuScenes/bus_vel_err: 1.4698, pts_bbox_NuScenes/bus_attr_err: 0.3067, pts_bbox_NuScenes/trailer_AP_dist_0.5: 0.0637, pts_bbox_NuScenes/trailer_AP_dist_1.0: 0.2614, pts_bbox_NuScenes/trailer_AP_dist_2.0: 0.4654, pts_bbox_NuScenes/trailer_AP_dist_4.0: 0.5949, pts_bbox_NuScenes/trailer_trans_err: 0.6619, pts_bbox_NuScenes/trailer_scale_err: 0.2266, pts_bbox_NuScenes/trailer_orient_err: 0.5828, pts_bbox_NuScenes/trailer_vel_err: 0.8353, pts_bbox_NuScenes/trailer_attr_err: 0.1517, pts_bbox_NuScenes/barrier_AP_dist_0.5: 0.3736, pts_bbox_NuScenes/barrier_AP_dist_1.0: 0.6336, pts_bbox_NuScenes/barrier_AP_dist_2.0: 0.7203, pts_bbox_NuScenes/barrier_AP_dist_4.0: 0.7488, pts_bbox_NuScenes/barrier_trans_err: 0.4190, pts_bbox_NuScenes/barrier_scale_err: 0.2907, pts_bbox_NuScenes/barrier_orient_err: 0.2028, pts_bbox_NuScenes/barrier_vel_err: nan, pts_bbox_NuScenes/barrier_attr_err: nan, pts_bbox_NuScenes/motorcycle_AP_dist_0.5: 0.4863, pts_bbox_NuScenes/motorcycle_AP_dist_1.0: 0.6772, pts_bbox_NuScenes/motorcycle_AP_dist_2.0: 0.7476, pts_bbox_NuScenes/motorcycle_AP_dist_4.0: 0.7652, pts_bbox_NuScenes/motorcycle_trans_err: 0.3122, pts_bbox_NuScenes/motorcycle_scale_err: 0.2541, pts_bbox_NuScenes/motorcycle_orient_err: 0.3116, pts_bbox_NuScenes/motorcycle_vel_err: 1.1759, pts_bbox_NuScenes/motorcycle_attr_err: 0.1968, pts_bbox_NuScenes/bicycle_AP_dist_0.5: 0.4494, pts_bbox_NuScenes/bicycle_AP_dist_1.0: 0.5573, pts_bbox_NuScenes/bicycle_AP_dist_2.0: 0.5834, pts_bbox_NuScenes/bicycle_AP_dist_4.0: 0.5960, pts_bbox_NuScenes/bicycle_trans_err: 0.2851, pts_bbox_NuScenes/bicycle_scale_err: 0.2795, pts_bbox_NuScenes/bicycle_orient_err: 0.4003, pts_bbox_NuScenes/bicycle_vel_err: 0.3812, pts_bbox_NuScenes/bicycle_attr_err: 0.0113, pts_bbox_NuScenes/pedestrian_AP_dist_0.5: 0.6815, pts_bbox_NuScenes/pedestrian_AP_dist_1.0: 0.8030, pts_bbox_NuScenes/pedestrian_AP_dist_2.0: 0.8463, pts_bbox_NuScenes/pedestrian_AP_dist_4.0: 0.8658, pts_bbox_NuScenes/pedestrian_trans_err: 0.2650, pts_bbox_NuScenes/pedestrian_scale_err: 0.3034, pts_bbox_NuScenes/pedestrian_orient_err: 0.3648, pts_bbox_NuScenes/pedestrian_vel_err: 0.3448, pts_bbox_NuScenes/pedestrian_attr_err: 0.1391, pts_bbox_NuScenes/traffic_cone_AP_dist_0.5: 0.5784, pts_bbox_NuScenes/traffic_cone_AP_dist_1.0: 0.6855, pts_bbox_NuScenes/traffic_cone_AP_dist_2.0: 0.7368, pts_bbox_NuScenes/traffic_cone_AP_dist_4.0: 0.7760, pts_bbox_NuScenes/traffic_cone_trans_err: 0.2828, pts_bbox_NuScenes/traffic_cone_scale_err: 0.3313, pts_bbox_NuScenes/traffic_cone_orient_err: nan, pts_bbox_NuScenes/traffic_cone_vel_err: nan, pts_bbox_NuScenes/traffic_cone_attr_err: nan, pts_bbox_NuScenes/NDS: 0.5998, pts_bbox_NuScenes/mAP: 0.5956
2025-06-25 18:51:21,228 - mmdet - INFO - Epoch [2][50/7033]	lr: 9.331e-05, eta: 11:05:29, time: 1.301, data_time: 0.457, memory: 4350, loss_cls: 0.1232, loss_bbox: 0.3183, d0.loss_cls: 0.2299, d0.loss_bbox: 0.4153, d1.loss_cls: 0.1594, d1.loss_bbox: 0.3404, d2.loss_cls: 0.1379, d2.loss_bbox: 0.3338, d3.loss_cls: 0.1321, d3.loss_bbox: 0.3160, d4.loss_cls: 0.1265, d4.loss_bbox: 0.3150, loss: 2.9478, grad_norm: 23.1684
2025-06-25 18:52:07,173 - mmdet - INFO - Epoch [2][100/7033]	lr: 9.331e-05, eta: 11:03:38, time: 0.919, data_time: 0.046, memory: 4350, loss_cls: 0.1279, loss_bbox: 0.3239, d0.loss_cls: 0.2427, d0.loss_bbox: 0.4306, d1.loss_cls: 0.1638, d1.loss_bbox: 0.3525, d2.loss_cls: 0.1449, d2.loss_bbox: 0.3416, d3.loss_cls: 0.1371, d3.loss_bbox: 0.3206, d4.loss_cls: 0.1300, d4.loss_bbox: 0.3204, loss: 3.0359, grad_norm: 21.9347
2025-06-25 18:53:02,273 - mmdet - INFO - Epoch [2][150/7033]	lr: 9.331e-05, eta: 11:02:33, time: 1.102, data_time: 0.101, memory: 4350, loss_cls: 0.1194, loss_bbox: 0.3087, d0.loss_cls: 0.2227, d0.loss_bbox: 0.4189, d1.loss_cls: 0.1558, d1.loss_bbox: 0.3347, d2.loss_cls: 0.1346, d2.loss_bbox: 0.3263, d3.loss_cls: 0.1259, d3.loss_bbox: 0.3083, d4.loss_cls: 0.1204, d4.loss_bbox: 0.3072, loss: 2.8830, grad_norm: 23.2101
2025-06-25 18:53:42,870 - mmdet - INFO - Epoch [2][200/7033]	lr: 9.331e-05, eta: 11:00:18, time: 0.812, data_time: 0.028, memory: 4350, loss_cls: 0.1289, loss_bbox: 0.3327, d0.loss_cls: 0.2355, d0.loss_bbox: 0.4483, d1.loss_cls: 0.1736, d1.loss_bbox: 0.3618, d2.loss_cls: 0.1483, d2.loss_bbox: 0.3514, d3.loss_cls: 0.1392, d3.loss_bbox: 0.3334, d4.loss_cls: 0.1304, d4.loss_bbox: 0.3308, loss: 3.1143, grad_norm: 17.1384
2025-06-25 18:54:29,982 - mmdet - INFO - Epoch [2][250/7033]	lr: 9.331e-05, eta: 10:58:36, time: 0.942, data_time: 0.073, memory: 4350, loss_cls: 0.1254, loss_bbox: 0.3168, d0.loss_cls: 0.2274, d0.loss_bbox: 0.4174, d1.loss_cls: 0.1641, d1.loss_bbox: 0.3442, d2.loss_cls: 0.1402, d2.loss_bbox: 0.3362, d3.loss_cls: 0.1332, d3.loss_bbox: 0.3165, d4.loss_cls: 0.1244, d4.loss_bbox: 0.3166, loss: 2.9624, grad_norm: 18.9170
2025-06-25 18:55:12,909 - mmdet - INFO - Epoch [2][300/7033]	lr: 9.331e-05, eta: 10:56:34, time: 0.859, data_time: 0.094, memory: 4350, loss_cls: 0.1154, loss_bbox: 0.3177, d0.loss_cls: 0.2273, d0.loss_bbox: 0.4216, d1.loss_cls: 0.1547, d1.loss_bbox: 0.3467, d2.loss_cls: 0.1322, d2.loss_bbox: 0.3371, d3.loss_cls: 0.1224, d3.loss_bbox: 0.3178, d4.loss_cls: 0.1177, d4.loss_bbox: 0.3147, loss: 2.9252, grad_norm: 28.5104
2025-06-25 18:55:54,145 - mmdet - INFO - Epoch [2][350/7033]	lr: 9.331e-05, eta: 10:54:26, time: 0.825, data_time: 0.068, memory: 4350, loss_cls: 0.1312, loss_bbox: 0.3302, d0.loss_cls: 0.2373, d0.loss_bbox: 0.4380, d1.loss_cls: 0.1653, d1.loss_bbox: 0.3584, d2.loss_cls: 0.1462, d2.loss_bbox: 0.3481, d3.loss_cls: 0.1370, d3.loss_bbox: 0.3296, d4.loss_cls: 0.1332, d4.loss_bbox: 0.3267, loss: 3.0814, grad_norm: 23.7323
2025-06-25 18:56:48,378 - mmdet - INFO - Epoch [2][400/7033]	lr: 9.331e-05, eta: 10:53:19, time: 1.085, data_time: 0.028, memory: 4350, loss_cls: 0.1263, loss_bbox: 0.3105, d0.loss_cls: 0.2280, d0.loss_bbox: 0.4182, d1.loss_cls: 0.1678, d1.loss_bbox: 0.3430, d2.loss_cls: 0.1454, d2.loss_bbox: 0.3332, d3.loss_cls: 0.1351, d3.loss_bbox: 0.3104, d4.loss_cls: 0.1288, d4.loss_bbox: 0.3076, loss: 2.9543, grad_norm: 26.7498
2025-06-25 18:57:43,871 - mmdet - INFO - Epoch [2][450/7033]	lr: 9.331e-05, eta: 10:52:19, time: 1.110, data_time: 0.277, memory: 4350, loss_cls: 0.1324, loss_bbox: 0.3342, d0.loss_cls: 0.2395, d0.loss_bbox: 0.4528, d1.loss_cls: 0.1684, d1.loss_bbox: 0.3654, d2.loss_cls: 0.1461, d2.loss_bbox: 0.3554, d3.loss_cls: 0.1394, d3.loss_bbox: 0.3311, d4.loss_cls: 0.1329, d4.loss_bbox: 0.3306, loss: 3.1280, grad_norm: 20.8282
2025-06-25 18:58:33,184 - mmdet - INFO - Epoch [2][500/7033]	lr: 9.331e-05, eta: 10:50:50, time: 0.986, data_time: 0.152, memory: 4350, loss_cls: 0.1261, loss_bbox: 0.3077, d0.loss_cls: 0.2372, d0.loss_bbox: 0.4186, d1.loss_cls: 0.1640, d1.loss_bbox: 0.3370, d2.loss_cls: 0.1408, d2.loss_bbox: 0.3292, d3.loss_cls: 0.1328, d3.loss_bbox: 0.3056, d4.loss_cls: 0.1269, d4.loss_bbox: 0.3048, loss: 2.9306, grad_norm: 23.1932
2025-06-25 18:59:20,217 - mmdet - INFO - Epoch [2][550/7033]	lr: 9.331e-05, eta: 10:49:11, time: 0.941, data_time: 0.095, memory: 4350, loss_cls: 0.1284, loss_bbox: 0.3229, d0.loss_cls: 0.2442, d0.loss_bbox: 0.4366, d1.loss_cls: 0.1684, d1.loss_bbox: 0.3524, d2.loss_cls: 0.1448, d2.loss_bbox: 0.3419, d3.loss_cls: 0.1361, d3.loss_bbox: 0.3198, d4.loss_cls: 0.1300, d4.loss_bbox: 0.3186, loss: 3.0441, grad_norm: 20.9369
2025-06-25 19:00:08,833 - mmdet - INFO - Epoch [2][600/7033]	lr: 9.331e-05, eta: 10:47:40, time: 0.972, data_time: 0.044, memory: 4350, loss_cls: 0.1285, loss_bbox: 0.3254, d0.loss_cls: 0.2384, d0.loss_bbox: 0.4324, d1.loss_cls: 0.1645, d1.loss_bbox: 0.3536, d2.loss_cls: 0.1436, d2.loss_bbox: 0.3453, d3.loss_cls: 0.1333, d3.loss_bbox: 0.3252, d4.loss_cls: 0.1298, d4.loss_bbox: 0.3225, loss: 3.0426, grad_norm: 26.7453
2025-06-25 19:01:02,633 - mmdet - INFO - Epoch [2][650/7033]	lr: 9.331e-05, eta: 10:46:33, time: 1.076, data_time: 0.028, memory: 4350, loss_cls: 0.1272, loss_bbox: 0.3296, d0.loss_cls: 0.2346, d0.loss_bbox: 0.4379, d1.loss_cls: 0.1690, d1.loss_bbox: 0.3544, d2.loss_cls: 0.1476, d2.loss_bbox: 0.3443, d3.loss_cls: 0.1373, d3.loss_bbox: 0.3237, d4.loss_cls: 0.1281, d4.loss_bbox: 0.3257, loss: 3.0595, grad_norm: 19.1991
2025-06-25 19:01:48,939 - mmdet - INFO - Epoch [2][700/7033]	lr: 9.331e-05, eta: 10:44:53, time: 0.926, data_time: 0.041, memory: 4350, loss_cls: 0.1332, loss_bbox: 0.3286, d0.loss_cls: 0.2405, d0.loss_bbox: 0.4341, d1.loss_cls: 0.1718, d1.loss_bbox: 0.3553, d2.loss_cls: 0.1491, d2.loss_bbox: 0.3471, d3.loss_cls: 0.1391, d3.loss_bbox: 0.3281, d4.loss_cls: 0.1339, d4.loss_bbox: 0.3262, loss: 3.0871, grad_norm: 21.5343
2025-06-25 19:02:44,087 - mmdet - INFO - Epoch [2][750/7033]	lr: 9.331e-05, eta: 10:43:52, time: 1.103, data_time: 0.042, memory: 4350, loss_cls: 0.1336, loss_bbox: 0.3176, d0.loss_cls: 0.2426, d0.loss_bbox: 0.4332, d1.loss_cls: 0.1694, d1.loss_bbox: 0.3534, d2.loss_cls: 0.1475, d2.loss_bbox: 0.3440, d3.loss_cls: 0.1387, d3.loss_bbox: 0.3183, d4.loss_cls: 0.1346, d4.loss_bbox: 0.3163, loss: 3.0493, grad_norm: 25.6921
2025-06-25 19:03:39,768 - mmdet - INFO - Epoch [2][800/7033]	lr: 9.331e-05, eta: 10:42:54, time: 1.114, data_time: 0.026, memory: 4350, loss_cls: 0.1330, loss_bbox: 0.3020, d0.loss_cls: 0.2340, d0.loss_bbox: 0.4139, d1.loss_cls: 0.1659, d1.loss_bbox: 0.3328, d2.loss_cls: 0.1479, d2.loss_bbox: 0.3232, d3.loss_cls: 0.1412, d3.loss_bbox: 0.3014, d4.loss_cls: 0.1348, d4.loss_bbox: 0.2992, loss: 2.9293, grad_norm: 23.0592
2025-06-25 19:04:41,809 - mmdet - INFO - Epoch [2][850/7033]	lr: 9.331e-05, eta: 10:42:24, time: 1.241, data_time: 0.026, memory: 4350, loss_cls: 0.1219, loss_bbox: 0.3024, d0.loss_cls: 0.2366, d0.loss_bbox: 0.4100, d1.loss_cls: 0.1655, d1.loss_bbox: 0.3347, d2.loss_cls: 0.1402, d2.loss_bbox: 0.3254, d3.loss_cls: 0.1299, d3.loss_bbox: 0.3016, d4.loss_cls: 0.1244, d4.loss_bbox: 0.2989, loss: 2.8916, grad_norm: 27.8829
2025-06-25 19:05:39,009 - mmdet - INFO - Epoch [2][900/7033]	lr: 9.331e-05, eta: 10:41:32, time: 1.144, data_time: 0.029, memory: 4350, loss_cls: 0.1186, loss_bbox: 0.3107, d0.loss_cls: 0.2342, d0.loss_bbox: 0.4196, d1.loss_cls: 0.1609, d1.loss_bbox: 0.3398, d2.loss_cls: 0.1386, d2.loss_bbox: 0.3316, d3.loss_cls: 0.1261, d3.loss_bbox: 0.3093, d4.loss_cls: 0.1203, d4.loss_bbox: 0.3080, loss: 2.9175, grad_norm: 21.2704
2025-06-25 19:06:34,851 - mmdet - INFO - Epoch [2][950/7033]	lr: 9.331e-05, eta: 10:40:35, time: 1.117, data_time: 0.029, memory: 4350, loss_cls: 0.1164, loss_bbox: 0.2924, d0.loss_cls: 0.2339, d0.loss_bbox: 0.4107, d1.loss_cls: 0.1604, d1.loss_bbox: 0.3287, d2.loss_cls: 0.1346, d2.loss_bbox: 0.3175, d3.loss_cls: 0.1243, d3.loss_bbox: 0.2920, d4.loss_cls: 0.1174, d4.loss_bbox: 0.2901, loss: 2.8186, grad_norm: 27.0689
2025-06-25 19:07:33,333 - mmdet - INFO - Epoch [2][1000/7033]	lr: 9.331e-05, eta: 10:39:48, time: 1.170, data_time: 0.030, memory: 4350, loss_cls: 0.1240, loss_bbox: 0.3073, d0.loss_cls: 0.2297, d0.loss_bbox: 0.4216, d1.loss_cls: 0.1642, d1.loss_bbox: 0.3382, d2.loss_cls: 0.1414, d2.loss_bbox: 0.3285, d3.loss_cls: 0.1329, d3.loss_bbox: 0.3051, d4.loss_cls: 0.1261, d4.loss_bbox: 0.3043, loss: 2.9232, grad_norm: 32.0217
2025-06-25 19:08:30,386 - mmdet - INFO - Epoch [2][1050/7033]	lr: 9.331e-05, eta: 10:38:56, time: 1.141, data_time: 0.081, memory: 4350, loss_cls: 0.1211, loss_bbox: 0.3059, d0.loss_cls: 0.2336, d0.loss_bbox: 0.4221, d1.loss_cls: 0.1626, d1.loss_bbox: 0.3372, d2.loss_cls: 0.1390, d2.loss_bbox: 0.3268, d3.loss_cls: 0.1269, d3.loss_bbox: 0.3065, d4.loss_cls: 0.1219, d4.loss_bbox: 0.3034, loss: 2.9070, grad_norm: 19.6507
2025-06-25 19:09:26,791 - mmdet - INFO - Epoch [2][1100/7033]	lr: 9.331e-05, eta: 10:38:01, time: 1.128, data_time: 0.092, memory: 4350, loss_cls: 0.1254, loss_bbox: 0.3062, d0.loss_cls: 0.2315, d0.loss_bbox: 0.4229, d1.loss_cls: 0.1664, d1.loss_bbox: 0.3399, d2.loss_cls: 0.1440, d2.loss_bbox: 0.3314, d3.loss_cls: 0.1356, d3.loss_bbox: 0.3056, d4.loss_cls: 0.1269, d4.loss_bbox: 0.3033, loss: 2.9390, grad_norm: 33.7555
2025-06-25 19:10:23,014 - mmdet - INFO - Epoch [2][1150/7033]	lr: 9.331e-05, eta: 10:37:05, time: 1.124, data_time: 0.297, memory: 4350, loss_cls: 0.1174, loss_bbox: 0.3125, d0.loss_cls: 0.2264, d0.loss_bbox: 0.4234, d1.loss_cls: 0.1566, d1.loss_bbox: 0.3471, d2.loss_cls: 0.1362, d2.loss_bbox: 0.3357, d3.loss_cls: 0.1256, d3.loss_bbox: 0.3115, d4.loss_cls: 0.1196, d4.loss_bbox: 0.3097, loss: 2.9218, grad_norm: 19.9935
2025-06-25 19:11:15,141 - mmdet - INFO - Epoch [2][1200/7033]	lr: 9.331e-05, eta: 10:35:52, time: 1.043, data_time: 0.199, memory: 4350, loss_cls: 0.1271, loss_bbox: 0.3054, d0.loss_cls: 0.2275, d0.loss_bbox: 0.4251, d1.loss_cls: 0.1657, d1.loss_bbox: 0.3398, d2.loss_cls: 0.1412, d2.loss_bbox: 0.3291, d3.loss_cls: 0.1320, d3.loss_bbox: 0.3069, d4.loss_cls: 0.1291, d4.loss_bbox: 0.3021, loss: 2.9311, grad_norm: 31.5243
2025-06-25 19:12:18,049 - mmdet - INFO - Epoch [2][1250/7033]	lr: 9.331e-05, eta: 10:35:23, time: 1.258, data_time: 0.092, memory: 4350, loss_cls: 0.1135, loss_bbox: 0.3075, d0.loss_cls: 0.2273, d0.loss_bbox: 0.4149, d1.loss_cls: 0.1513, d1.loss_bbox: 0.3345, d2.loss_cls: 0.1298, d2.loss_bbox: 0.3264, d3.loss_cls: 0.1203, d3.loss_bbox: 0.3055, d4.loss_cls: 0.1144, d4.loss_bbox: 0.3040, loss: 2.8494, grad_norm: 29.0404
2025-06-25 19:13:14,587 - mmdet - INFO - Epoch [2][1300/7033]	lr: 9.331e-05, eta: 10:34:28, time: 1.131, data_time: 0.029, memory: 4350, loss_cls: 0.1183, loss_bbox: 0.2982, d0.loss_cls: 0.2233, d0.loss_bbox: 0.4111, d1.loss_cls: 0.1512, d1.loss_bbox: 0.3288, d2.loss_cls: 0.1328, d2.loss_bbox: 0.3185, d3.loss_cls: 0.1244, d3.loss_bbox: 0.2960, d4.loss_cls: 0.1198, d4.loss_bbox: 0.2950, loss: 2.8174, grad_norm: 21.3014
2025-06-25 19:14:09,643 - mmdet - INFO - Epoch [2][1350/7033]	lr: 9.331e-05, eta: 10:33:27, time: 1.101, data_time: 0.118, memory: 4350, loss_cls: 0.1285, loss_bbox: 0.3063, d0.loss_cls: 0.2382, d0.loss_bbox: 0.4208, d1.loss_cls: 0.1675, d1.loss_bbox: 0.3405, d2.loss_cls: 0.1468, d2.loss_bbox: 0.3310, d3.loss_cls: 0.1357, d3.loss_bbox: 0.3067, d4.loss_cls: 0.1304, d4.loss_bbox: 0.3050, loss: 2.9575, grad_norm: 19.9107
2025-06-25 19:14:55,840 - mmdet - INFO - Epoch [2][1400/7033]	lr: 9.331e-05, eta: 10:31:51, time: 0.924, data_time: 0.181, memory: 4350, loss_cls: 0.1227, loss_bbox: 0.2913, d0.loss_cls: 0.2387, d0.loss_bbox: 0.4125, d1.loss_cls: 0.1693, d1.loss_bbox: 0.3239, d2.loss_cls: 0.1444, d2.loss_bbox: 0.3113, d3.loss_cls: 0.1331, d3.loss_bbox: 0.2910, d4.loss_cls: 0.1247, d4.loss_bbox: 0.2899, loss: 2.8526, grad_norm: 18.4611
2025-06-25 19:15:55,894 - mmdet - INFO - Epoch [2][1450/7033]	lr: 9.331e-05, eta: 10:31:10, time: 1.201, data_time: 0.436, memory: 4350, loss_cls: 0.1200, loss_bbox: 0.2997, d0.loss_cls: 0.2259, d0.loss_bbox: 0.4195, d1.loss_cls: 0.1606, d1.loss_bbox: 0.3312, d2.loss_cls: 0.1397, d2.loss_bbox: 0.3183, d3.loss_cls: 0.1265, d3.loss_bbox: 0.2987, d4.loss_cls: 0.1214, d4.loss_bbox: 0.2968, loss: 2.8583, grad_norm: 26.0276
2025-06-25 19:16:50,978 - mmdet - INFO - Epoch [2][1500/7033]	lr: 9.331e-05, eta: 10:30:10, time: 1.102, data_time: 0.362, memory: 4350, loss_cls: 0.1206, loss_bbox: 0.3050, d0.loss_cls: 0.2328, d0.loss_bbox: 0.4205, d1.loss_cls: 0.1624, d1.loss_bbox: 0.3361, d2.loss_cls: 0.1403, d2.loss_bbox: 0.3283, d3.loss_cls: 0.1279, d3.loss_bbox: 0.3055, d4.loss_cls: 0.1227, d4.loss_bbox: 0.3020, loss: 2.9040, grad_norm: 21.7569
2025-06-25 19:17:40,610 - mmdet - INFO - Epoch [2][1550/7033]	lr: 9.331e-05, eta: 10:28:48, time: 0.993, data_time: 0.210, memory: 4350, loss_cls: 0.1196, loss_bbox: 0.3000, d0.loss_cls: 0.2310, d0.loss_bbox: 0.4173, d1.loss_cls: 0.1612, d1.loss_bbox: 0.3256, d2.loss_cls: 0.1400, d2.loss_bbox: 0.3169, d3.loss_cls: 0.1289, d3.loss_bbox: 0.2983, d4.loss_cls: 0.1208, d4.loss_bbox: 0.2970, loss: 2.8565, grad_norm: 23.5277
2025-06-25 19:18:41,936 - mmdet - INFO - Epoch [2][1600/7033]	lr: 9.331e-05, eta: 10:28:12, time: 1.227, data_time: 0.060, memory: 4350, loss_cls: 0.1180, loss_bbox: 0.2879, d0.loss_cls: 0.2176, d0.loss_bbox: 0.4042, d1.loss_cls: 0.1545, d1.loss_bbox: 0.3198, d2.loss_cls: 0.1340, d2.loss_bbox: 0.3063, d3.loss_cls: 0.1227, d3.loss_bbox: 0.2874, d4.loss_cls: 0.1172, d4.loss_bbox: 0.2868, loss: 2.7564, grad_norm: 16.2842
2025-06-25 19:19:30,261 - mmdet - INFO - Epoch [2][1650/7033]	lr: 9.331e-05, eta: 10:26:46, time: 0.966, data_time: 0.029, memory: 4350, loss_cls: 0.1215, loss_bbox: 0.2991, d0.loss_cls: 0.2378, d0.loss_bbox: 0.4281, d1.loss_cls: 0.1639, d1.loss_bbox: 0.3359, d2.loss_cls: 0.1409, d2.loss_bbox: 0.3241, d3.loss_cls: 0.1310, d3.loss_bbox: 0.3010, d4.loss_cls: 0.1225, d4.loss_bbox: 0.2969, loss: 2.9028, grad_norm: 32.0384
2025-06-25 19:20:15,750 - mmdet - INFO - Epoch [2][1700/7033]	lr: 9.331e-05, eta: 10:25:09, time: 0.910, data_time: 0.029, memory: 4350, loss_cls: 0.1174, loss_bbox: 0.3027, d0.loss_cls: 0.2298, d0.loss_bbox: 0.4269, d1.loss_cls: 0.1599, d1.loss_bbox: 0.3362, d2.loss_cls: 0.1370, d2.loss_bbox: 0.3272, d3.loss_cls: 0.1259, d3.loss_bbox: 0.3028, d4.loss_cls: 0.1193, d4.loss_bbox: 0.2997, loss: 2.8847, grad_norm: 25.8177
2025-06-25 19:21:10,097 - mmdet - INFO - Epoch [2][1750/7033]	lr: 9.331e-05, eta: 10:24:07, time: 1.087, data_time: 0.028, memory: 4350, loss_cls: 0.1238, loss_bbox: 0.2960, d0.loss_cls: 0.2329, d0.loss_bbox: 0.4178, d1.loss_cls: 0.1631, d1.loss_bbox: 0.3295, d2.loss_cls: 0.1427, d2.loss_bbox: 0.3182, d3.loss_cls: 0.1306, d3.loss_bbox: 0.2954, d4.loss_cls: 0.1248, d4.loss_bbox: 0.2924, loss: 2.8672, grad_norm: 31.6659
2025-06-25 19:21:55,001 - mmdet - INFO - Epoch [2][1800/7033]	lr: 9.331e-05, eta: 10:22:29, time: 0.898, data_time: 0.033, memory: 4350, loss_cls: 0.1180, loss_bbox: 0.2860, d0.loss_cls: 0.2364, d0.loss_bbox: 0.4100, d1.loss_cls: 0.1624, d1.loss_bbox: 0.3183, d2.loss_cls: 0.1379, d2.loss_bbox: 0.3087, d3.loss_cls: 0.1254, d3.loss_bbox: 0.2848, d4.loss_cls: 0.1186, d4.loss_bbox: 0.2833, loss: 2.7898, grad_norm: 24.4756
2025-06-25 19:22:42,023 - mmdet - INFO - Epoch [2][1850/7033]	lr: 9.331e-05, eta: 10:20:59, time: 0.940, data_time: 0.156, memory: 4350, loss_cls: 0.1197, loss_bbox: 0.2870, d0.loss_cls: 0.2294, d0.loss_bbox: 0.4082, d1.loss_cls: 0.1579, d1.loss_bbox: 0.3226, d2.loss_cls: 0.1378, d2.loss_bbox: 0.3118, d3.loss_cls: 0.1282, d3.loss_bbox: 0.2874, d4.loss_cls: 0.1212, d4.loss_bbox: 0.2839, loss: 2.7950, grad_norm: 20.6060
2025-06-25 19:23:23,043 - mmdet - INFO - Epoch [2][1900/7033]	lr: 9.331e-05, eta: 10:19:08, time: 0.820, data_time: 0.064, memory: 4350, loss_cls: 0.1171, loss_bbox: 0.2907, d0.loss_cls: 0.2344, d0.loss_bbox: 0.4146, d1.loss_cls: 0.1617, d1.loss_bbox: 0.3241, d2.loss_cls: 0.1380, d2.loss_bbox: 0.3125, d3.loss_cls: 0.1245, d3.loss_bbox: 0.2917, d4.loss_cls: 0.1187, d4.loss_bbox: 0.2886, loss: 2.8166, grad_norm: 20.2032
2025-06-25 19:24:09,315 - mmdet - INFO - Epoch [2][1950/7033]	lr: 9.331e-05, eta: 10:17:37, time: 0.925, data_time: 0.121, memory: 4350, loss_cls: 0.1150, loss_bbox: 0.2935, d0.loss_cls: 0.2280, d0.loss_bbox: 0.4118, d1.loss_cls: 0.1561, d1.loss_bbox: 0.3239, d2.loss_cls: 0.1322, d2.loss_bbox: 0.3143, d3.loss_cls: 0.1225, d3.loss_bbox: 0.2919, d4.loss_cls: 0.1166, d4.loss_bbox: 0.2907, loss: 2.7967, grad_norm: 22.8314
2025-06-25 19:25:04,014 - mmdet - INFO - Epoch [2][2000/7033]	lr: 9.331e-05, eta: 10:16:37, time: 1.094, data_time: 0.027, memory: 4350, loss_cls: 0.1180, loss_bbox: 0.2920, d0.loss_cls: 0.2338, d0.loss_bbox: 0.4141, d1.loss_cls: 0.1646, d1.loss_bbox: 0.3260, d2.loss_cls: 0.1398, d2.loss_bbox: 0.3184, d3.loss_cls: 0.1271, d3.loss_bbox: 0.2918, d4.loss_cls: 0.1197, d4.loss_bbox: 0.2899, loss: 2.8353, grad_norm: 29.6620
2025-06-25 19:25:54,745 - mmdet - INFO - Epoch [2][2050/7033]	lr: 9.331e-05, eta: 10:15:23, time: 1.015, data_time: 0.042, memory: 4350, loss_cls: 0.1163, loss_bbox: 0.3087, d0.loss_cls: 0.2310, d0.loss_bbox: 0.4334, d1.loss_cls: 0.1565, d1.loss_bbox: 0.3404, d2.loss_cls: 0.1362, d2.loss_bbox: 0.3292, d3.loss_cls: 0.1267, d3.loss_bbox: 0.3061, d4.loss_cls: 0.1189, d4.loss_bbox: 0.3053, loss: 2.9088, grad_norm: 17.4812
2025-06-25 19:26:52,440 - mmdet - INFO - Epoch [2][2100/7033]	lr: 9.331e-05, eta: 10:14:34, time: 1.154, data_time: 0.274, memory: 4350, loss_cls: 0.1132, loss_bbox: 0.2857, d0.loss_cls: 0.2278, d0.loss_bbox: 0.4065, d1.loss_cls: 0.1561, d1.loss_bbox: 0.3173, d2.loss_cls: 0.1336, d2.loss_bbox: 0.3061, d3.loss_cls: 0.1234, d3.loss_bbox: 0.2853, d4.loss_cls: 0.1171, d4.loss_bbox: 0.2819, loss: 2.7540, grad_norm: 24.1100
2025-06-25 19:27:49,934 - mmdet - INFO - Epoch [2][2150/7033]	lr: 9.331e-05, eta: 10:13:44, time: 1.150, data_time: 0.413, memory: 4350, loss_cls: 0.1201, loss_bbox: 0.2960, d0.loss_cls: 0.2308, d0.loss_bbox: 0.4169, d1.loss_cls: 0.1596, d1.loss_bbox: 0.3302, d2.loss_cls: 0.1389, d2.loss_bbox: 0.3174, d3.loss_cls: 0.1272, d3.loss_bbox: 0.2959, d4.loss_cls: 0.1233, d4.loss_bbox: 0.2935, loss: 2.8497, grad_norm: 21.0757
2025-06-25 19:28:40,394 - mmdet - INFO - Epoch [2][2200/7033]	lr: 9.331e-05, eta: 10:12:30, time: 1.009, data_time: 0.086, memory: 4350, loss_cls: 0.1160, loss_bbox: 0.2945, d0.loss_cls: 0.2315, d0.loss_bbox: 0.4143, d1.loss_cls: 0.1641, d1.loss_bbox: 0.3221, d2.loss_cls: 0.1381, d2.loss_bbox: 0.3145, d3.loss_cls: 0.1258, d3.loss_bbox: 0.2951, d4.loss_cls: 0.1189, d4.loss_bbox: 0.2909, loss: 2.8257, grad_norm: 24.1913
2025-06-25 19:29:32,800 - mmdet - INFO - Epoch [2][2250/7033]	lr: 9.331e-05, eta: 10:11:22, time: 1.048, data_time: 0.272, memory: 4350, loss_cls: 0.1232, loss_bbox: 0.2993, d0.loss_cls: 0.2270, d0.loss_bbox: 0.4287, d1.loss_cls: 0.1591, d1.loss_bbox: 0.3365, d2.loss_cls: 0.1413, d2.loss_bbox: 0.3239, d3.loss_cls: 0.1310, d3.loss_bbox: 0.3011, d4.loss_cls: 0.1247, d4.loss_bbox: 0.2970, loss: 2.8929, grad_norm: 21.3938
2025-06-25 19:30:31,273 - mmdet - INFO - Epoch [2][2300/7033]	lr: 9.331e-05, eta: 10:10:36, time: 1.169, data_time: 0.044, memory: 4350, loss_cls: 0.1255, loss_bbox: 0.3032, d0.loss_cls: 0.2330, d0.loss_bbox: 0.4194, d1.loss_cls: 0.1661, d1.loss_bbox: 0.3341, d2.loss_cls: 0.1436, d2.loss_bbox: 0.3213, d3.loss_cls: 0.1319, d3.loss_bbox: 0.3014, d4.loss_cls: 0.1267, d4.loss_bbox: 0.3003, loss: 2.9064, grad_norm: 17.6787
2025-06-25 19:31:21,192 - mmdet - INFO - Epoch [2][2350/7033]	lr: 9.331e-05, eta: 10:09:20, time: 0.998, data_time: 0.028, memory: 4350, loss_cls: 0.1281, loss_bbox: 0.2980, d0.loss_cls: 0.2317, d0.loss_bbox: 0.4108, d1.loss_cls: 0.1599, d1.loss_bbox: 0.3239, d2.loss_cls: 0.1397, d2.loss_bbox: 0.3169, d3.loss_cls: 0.1307, d3.loss_bbox: 0.2960, d4.loss_cls: 0.1276, d4.loss_bbox: 0.2947, loss: 2.8580, grad_norm: 21.1799
2025-06-25 19:32:11,916 - mmdet - INFO - Epoch [2][2400/7033]	lr: 9.331e-05, eta: 10:08:07, time: 1.014, data_time: 0.137, memory: 4350, loss_cls: 0.1269, loss_bbox: 0.3060, d0.loss_cls: 0.2357, d0.loss_bbox: 0.4204, d1.loss_cls: 0.1655, d1.loss_bbox: 0.3343, d2.loss_cls: 0.1435, d2.loss_bbox: 0.3233, d3.loss_cls: 0.1329, d3.loss_bbox: 0.3051, d4.loss_cls: 0.1266, d4.loss_bbox: 0.3037, loss: 2.9238, grad_norm: 24.2480
2025-06-25 19:33:08,545 - mmdet - INFO - Epoch [2][2450/7033]	lr: 9.331e-05, eta: 10:07:15, time: 1.133, data_time: 0.200, memory: 4350, loss_cls: 0.1214, loss_bbox: 0.2960, d0.loss_cls: 0.2301, d0.loss_bbox: 0.4166, d1.loss_cls: 0.1612, d1.loss_bbox: 0.3272, d2.loss_cls: 0.1420, d2.loss_bbox: 0.3144, d3.loss_cls: 0.1300, d3.loss_bbox: 0.2930, d4.loss_cls: 0.1236, d4.loss_bbox: 0.2919, loss: 2.8472, grad_norm: 17.0177
2025-06-25 19:34:02,004 - mmdet - INFO - Epoch [2][2500/7033]	lr: 9.331e-05, eta: 10:06:11, time: 1.069, data_time: 0.323, memory: 4350, loss_cls: 0.1161, loss_bbox: 0.2911, d0.loss_cls: 0.2281, d0.loss_bbox: 0.4068, d1.loss_cls: 0.1538, d1.loss_bbox: 0.3218, d2.loss_cls: 0.1343, d2.loss_bbox: 0.3124, d3.loss_cls: 0.1252, d3.loss_bbox: 0.2904, d4.loss_cls: 0.1183, d4.loss_bbox: 0.2883, loss: 2.7865, grad_norm: 21.9086
2025-06-25 19:35:37,471 - mmdet - INFO - Epoch [2][2550/7033]	lr: 9.331e-05, eta: 10:07:31, time: 1.909, data_time: 1.173, memory: 4350, loss_cls: 0.1302, loss_bbox: 0.3062, d0.loss_cls: 0.2329, d0.loss_bbox: 0.4289, d1.loss_cls: 0.1668, d1.loss_bbox: 0.3384, d2.loss_cls: 0.1488, d2.loss_bbox: 0.3274, d3.loss_cls: 0.1394, d3.loss_bbox: 0.3063, d4.loss_cls: 0.1331, d4.loss_bbox: 0.3037, loss: 2.9622, grad_norm: 30.3397
2025-06-25 19:36:27,477 - mmdet - INFO - Epoch [2][2600/7033]	lr: 9.331e-05, eta: 10:06:15, time: 1.000, data_time: 0.229, memory: 4350, loss_cls: 0.1325, loss_bbox: 0.3060, d0.loss_cls: 0.2370, d0.loss_bbox: 0.4279, d1.loss_cls: 0.1719, d1.loss_bbox: 0.3409, d2.loss_cls: 0.1530, d2.loss_bbox: 0.3266, d3.loss_cls: 0.1408, d3.loss_bbox: 0.3055, d4.loss_cls: 0.1356, d4.loss_bbox: 0.3024, loss: 2.9801, grad_norm: 23.1886
2025-06-25 19:37:17,200 - mmdet - INFO - Epoch [2][2650/7033]	lr: 9.331e-05, eta: 10:04:59, time: 0.994, data_time: 0.157, memory: 4350, loss_cls: 0.1165, loss_bbox: 0.2860, d0.loss_cls: 0.2300, d0.loss_bbox: 0.4125, d1.loss_cls: 0.1600, d1.loss_bbox: 0.3172, d2.loss_cls: 0.1369, d2.loss_bbox: 0.3086, d3.loss_cls: 0.1240, d3.loss_bbox: 0.2857, d4.loss_cls: 0.1190, d4.loss_bbox: 0.2830, loss: 2.7794, grad_norm: 23.6283
2025-06-25 19:38:11,950 - mmdet - INFO - Epoch [2][2700/7033]	lr: 9.331e-05, eta: 10:03:59, time: 1.095, data_time: 0.031, memory: 4350, loss_cls: 0.1235, loss_bbox: 0.3058, d0.loss_cls: 0.2343, d0.loss_bbox: 0.4254, d1.loss_cls: 0.1693, d1.loss_bbox: 0.3350, d2.loss_cls: 0.1447, d2.loss_bbox: 0.3289, d3.loss_cls: 0.1307, d3.loss_bbox: 0.3054, d4.loss_cls: 0.1255, d4.loss_bbox: 0.3022, loss: 2.9308, grad_norm: 20.5450
2025-06-25 19:38:55,889 - mmdet - INFO - Epoch [2][2750/7033]	lr: 9.331e-05, eta: 10:02:24, time: 0.879, data_time: 0.030, memory: 4350, loss_cls: 0.1233, loss_bbox: 0.2954, d0.loss_cls: 0.2324, d0.loss_bbox: 0.4180, d1.loss_cls: 0.1615, d1.loss_bbox: 0.3266, d2.loss_cls: 0.1393, d2.loss_bbox: 0.3170, d3.loss_cls: 0.1325, d3.loss_bbox: 0.2949, d4.loss_cls: 0.1245, d4.loss_bbox: 0.2935, loss: 2.8587, grad_norm: 16.8635
2025-06-25 19:39:43,387 - mmdet - INFO - Epoch [2][2800/7033]	lr: 9.331e-05, eta: 10:01:01, time: 0.950, data_time: 0.105, memory: 4350, loss_cls: 0.1151, loss_bbox: 0.2964, d0.loss_cls: 0.2180, d0.loss_bbox: 0.4190, d1.loss_cls: 0.1539, d1.loss_bbox: 0.3262, d2.loss_cls: 0.1339, d2.loss_bbox: 0.3163, d3.loss_cls: 0.1214, d3.loss_bbox: 0.2969, d4.loss_cls: 0.1166, d4.loss_bbox: 0.2951, loss: 2.8087, grad_norm: 23.5549
2025-06-25 19:40:40,952 - mmdet - INFO - Epoch [2][2850/7033]	lr: 9.331e-05, eta: 10:00:12, time: 1.151, data_time: 0.324, memory: 4350, loss_cls: 0.1242, loss_bbox: 0.2970, d0.loss_cls: 0.2292, d0.loss_bbox: 0.4183, d1.loss_cls: 0.1598, d1.loss_bbox: 0.3286, d2.loss_cls: 0.1387, d2.loss_bbox: 0.3203, d3.loss_cls: 0.1320, d3.loss_bbox: 0.2986, d4.loss_cls: 0.1259, d4.loss_bbox: 0.2940, loss: 2.8668, grad_norm: 23.5239
2025-06-25 19:41:28,520 - mmdet - INFO - Epoch [2][2900/7033]	lr: 9.331e-05, eta: 9:58:50, time: 0.951, data_time: 0.091, memory: 4350, loss_cls: 0.1177, loss_bbox: 0.2853, d0.loss_cls: 0.2281, d0.loss_bbox: 0.4137, d1.loss_cls: 0.1583, d1.loss_bbox: 0.3182, d2.loss_cls: 0.1325, d2.loss_bbox: 0.3090, d3.loss_cls: 0.1254, d3.loss_bbox: 0.2844, d4.loss_cls: 0.1203, d4.loss_bbox: 0.2831, loss: 2.7759, grad_norm: 21.6070
2025-06-25 19:42:16,354 - mmdet - INFO - Epoch [2][2950/7033]	lr: 9.331e-05, eta: 9:57:29, time: 0.957, data_time: 0.217, memory: 4350, loss_cls: 0.1106, loss_bbox: 0.2802, d0.loss_cls: 0.2217, d0.loss_bbox: 0.4114, d1.loss_cls: 0.1538, d1.loss_bbox: 0.3127, d2.loss_cls: 0.1307, d2.loss_bbox: 0.3008, d3.loss_cls: 0.1184, d3.loss_bbox: 0.2798, d4.loss_cls: 0.1130, d4.loss_bbox: 0.2765, loss: 2.7097, grad_norm: 25.7024
2025-06-25 19:43:06,099 - mmdet - INFO - Epoch [2][3000/7033]	lr: 9.331e-05, eta: 9:56:14, time: 0.995, data_time: 0.176, memory: 4350, loss_cls: 0.1071, loss_bbox: 0.2789, d0.loss_cls: 0.2245, d0.loss_bbox: 0.4090, d1.loss_cls: 0.1504, d1.loss_bbox: 0.3167, d2.loss_cls: 0.1267, d2.loss_bbox: 0.3037, d3.loss_cls: 0.1169, d3.loss_bbox: 0.2797, d4.loss_cls: 0.1090, d4.loss_bbox: 0.2769, loss: 2.6996, grad_norm: 41.9061
2025-06-25 19:44:00,552 - mmdet - INFO - Epoch [2][3050/7033]	lr: 9.331e-05, eta: 9:55:15, time: 1.089, data_time: 0.235, memory: 4350, loss_cls: 0.1163, loss_bbox: 0.2926, d0.loss_cls: 0.2308, d0.loss_bbox: 0.4194, d1.loss_cls: 0.1590, d1.loss_bbox: 0.3280, d2.loss_cls: 0.1350, d2.loss_bbox: 0.3151, d3.loss_cls: 0.1227, d3.loss_bbox: 0.2944, d4.loss_cls: 0.1190, d4.loss_bbox: 0.2913, loss: 2.8236, grad_norm: 30.3280
2025-06-25 19:44:42,205 - mmdet - INFO - Epoch [2][3100/7033]	lr: 9.331e-05, eta: 9:53:35, time: 0.833, data_time: 0.067, memory: 4350, loss_cls: 0.1205, loss_bbox: 0.3036, d0.loss_cls: 0.2287, d0.loss_bbox: 0.4365, d1.loss_cls: 0.1643, d1.loss_bbox: 0.3400, d2.loss_cls: 0.1420, d2.loss_bbox: 0.3321, d3.loss_cls: 0.1263, d3.loss_bbox: 0.3051, d4.loss_cls: 0.1220, d4.loss_bbox: 0.3021, loss: 2.9232, grad_norm: 23.3444
2025-06-25 19:45:26,132 - mmdet - INFO - Epoch [2][3150/7033]	lr: 9.331e-05, eta: 9:52:03, time: 0.879, data_time: 0.126, memory: 4350, loss_cls: 0.1243, loss_bbox: 0.2852, d0.loss_cls: 0.2254, d0.loss_bbox: 0.4139, d1.loss_cls: 0.1635, d1.loss_bbox: 0.3165, d2.loss_cls: 0.1426, d2.loss_bbox: 0.3040, d3.loss_cls: 0.1319, d3.loss_bbox: 0.2848, d4.loss_cls: 0.1259, d4.loss_bbox: 0.2831, loss: 2.8012, grad_norm: 19.7216
2025-06-25 19:46:06,365 - mmdet - INFO - Epoch [2][3200/7033]	lr: 9.331e-05, eta: 9:50:20, time: 0.805, data_time: 0.041, memory: 4350, loss_cls: 0.1259, loss_bbox: 0.3002, d0.loss_cls: 0.2334, d0.loss_bbox: 0.4257, d1.loss_cls: 0.1651, d1.loss_bbox: 0.3302, d2.loss_cls: 0.1443, d2.loss_bbox: 0.3200, d3.loss_cls: 0.1342, d3.loss_bbox: 0.2996, d4.loss_cls: 0.1282, d4.loss_bbox: 0.2989, loss: 2.9058, grad_norm: 23.1606
2025-06-25 19:46:51,167 - mmdet - INFO - Epoch [2][3250/7033]	lr: 9.331e-05, eta: 9:48:51, time: 0.896, data_time: 0.044, memory: 4350, loss_cls: 0.1152, loss_bbox: 0.2875, d0.loss_cls: 0.2310, d0.loss_bbox: 0.4092, d1.loss_cls: 0.1601, d1.loss_bbox: 0.3190, d2.loss_cls: 0.1373, d2.loss_bbox: 0.3100, d3.loss_cls: 0.1235, d3.loss_bbox: 0.2896, d4.loss_cls: 0.1166, d4.loss_bbox: 0.2864, loss: 2.7853, grad_norm: 24.5188
2025-06-25 19:47:41,350 - mmdet - INFO - Epoch [2][3300/7033]	lr: 9.331e-05, eta: 9:47:40, time: 1.004, data_time: 0.028, memory: 4350, loss_cls: 0.1190, loss_bbox: 0.2859, d0.loss_cls: 0.2332, d0.loss_bbox: 0.4126, d1.loss_cls: 0.1619, d1.loss_bbox: 0.3207, d2.loss_cls: 0.1364, d2.loss_bbox: 0.3109, d3.loss_cls: 0.1269, d3.loss_bbox: 0.2893, d4.loss_cls: 0.1192, d4.loss_bbox: 0.2866, loss: 2.8026, grad_norm: 29.4339
2025-06-25 19:48:27,928 - mmdet - INFO - Epoch [2][3350/7033]	lr: 9.331e-05, eta: 9:46:18, time: 0.932, data_time: 0.028, memory: 4350, loss_cls: 0.1083, loss_bbox: 0.2776, d0.loss_cls: 0.2272, d0.loss_bbox: 0.4078, d1.loss_cls: 0.1543, d1.loss_bbox: 0.3078, d2.loss_cls: 0.1290, d2.loss_bbox: 0.2996, d3.loss_cls: 0.1158, d3.loss_bbox: 0.2786, d4.loss_cls: 0.1114, d4.loss_bbox: 0.2748, loss: 2.6922, grad_norm: 27.1069
2025-06-25 19:49:12,413 - mmdet - INFO - Epoch [2][3400/7033]	lr: 9.331e-05, eta: 9:44:50, time: 0.890, data_time: 0.026, memory: 4350, loss_cls: 0.1130, loss_bbox: 0.2855, d0.loss_cls: 0.2251, d0.loss_bbox: 0.4192, d1.loss_cls: 0.1539, d1.loss_bbox: 0.3209, d2.loss_cls: 0.1303, d2.loss_bbox: 0.3092, d3.loss_cls: 0.1212, d3.loss_bbox: 0.2853, d4.loss_cls: 0.1141, d4.loss_bbox: 0.2843, loss: 2.7618, grad_norm: 19.4872
2025-06-25 19:49:58,085 - mmdet - INFO - Epoch [2][3450/7033]	lr: 9.331e-05, eta: 9:43:26, time: 0.913, data_time: 0.154, memory: 4350, loss_cls: 0.1117, loss_bbox: 0.2820, d0.loss_cls: 0.2272, d0.loss_bbox: 0.4076, d1.loss_cls: 0.1565, d1.loss_bbox: 0.3108, d2.loss_cls: 0.1338, d2.loss_bbox: 0.2994, d3.loss_cls: 0.1210, d3.loss_bbox: 0.2813, d4.loss_cls: 0.1138, d4.loss_bbox: 0.2807, loss: 2.7255, grad_norm: 22.7839
2025-06-25 19:50:38,355 - mmdet - INFO - Epoch [2][3500/7033]	lr: 9.331e-05, eta: 9:41:46, time: 0.806, data_time: 0.025, memory: 4350, loss_cls: 0.1198, loss_bbox: 0.2839, d0.loss_cls: 0.2240, d0.loss_bbox: 0.4156, d1.loss_cls: 0.1628, d1.loss_bbox: 0.3159, d2.loss_cls: 0.1373, d2.loss_bbox: 0.3044, d3.loss_cls: 0.1257, d3.loss_bbox: 0.2840, d4.loss_cls: 0.1219, d4.loss_bbox: 0.2819, loss: 2.7770, grad_norm: 23.7051
2025-06-25 19:51:22,469 - mmdet - INFO - Epoch [2][3550/7033]	lr: 9.331e-05, eta: 9:40:18, time: 0.882, data_time: 0.028, memory: 4350, loss_cls: 0.1211, loss_bbox: 0.2791, d0.loss_cls: 0.2203, d0.loss_bbox: 0.4035, d1.loss_cls: 0.1569, d1.loss_bbox: 0.3089, d2.loss_cls: 0.1352, d2.loss_bbox: 0.3037, d3.loss_cls: 0.1248, d3.loss_bbox: 0.2792, d4.loss_cls: 0.1209, d4.loss_bbox: 0.2782, loss: 2.7318, grad_norm: 46.2660
2025-06-25 19:52:07,682 - mmdet - INFO - Epoch [2][3600/7033]	lr: 9.331e-05, eta: 9:38:53, time: 0.904, data_time: 0.034, memory: 4350, loss_cls: 0.1135, loss_bbox: 0.2832, d0.loss_cls: 0.2210, d0.loss_bbox: 0.4108, d1.loss_cls: 0.1528, d1.loss_bbox: 0.3153, d2.loss_cls: 0.1278, d2.loss_bbox: 0.3064, d3.loss_cls: 0.1192, d3.loss_bbox: 0.2837, d4.loss_cls: 0.1136, d4.loss_bbox: 0.2822, loss: 2.7297, grad_norm: 25.1971
2025-06-25 19:52:56,917 - mmdet - INFO - Epoch [2][3650/7033]	lr: 9.331e-05, eta: 9:37:41, time: 0.985, data_time: 0.029, memory: 4350, loss_cls: 0.1121, loss_bbox: 0.2842, d0.loss_cls: 0.2203, d0.loss_bbox: 0.4139, d1.loss_cls: 0.1557, d1.loss_bbox: 0.3189, d2.loss_cls: 0.1302, d2.loss_bbox: 0.3061, d3.loss_cls: 0.1181, d3.loss_bbox: 0.2848, d4.loss_cls: 0.1139, d4.loss_bbox: 0.2818, loss: 2.7399, grad_norm: 20.0777
2025-06-25 19:53:41,026 - mmdet - INFO - Epoch [2][3700/7033]	lr: 9.331e-05, eta: 9:36:14, time: 0.882, data_time: 0.033, memory: 4350, loss_cls: 0.1193, loss_bbox: 0.2910, d0.loss_cls: 0.2213, d0.loss_bbox: 0.4143, d1.loss_cls: 0.1545, d1.loss_bbox: 0.3203, d2.loss_cls: 0.1328, d2.loss_bbox: 0.3112, d3.loss_cls: 0.1244, d3.loss_bbox: 0.2901, d4.loss_cls: 0.1199, d4.loss_bbox: 0.2885, loss: 2.7875, grad_norm: 29.6071
2025-06-25 19:54:21,698 - mmdet - INFO - Epoch [2][3750/7033]	lr: 9.331e-05, eta: 9:34:38, time: 0.813, data_time: 0.052, memory: 4350, loss_cls: 0.1118, loss_bbox: 0.2786, d0.loss_cls: 0.2230, d0.loss_bbox: 0.4047, d1.loss_cls: 0.1527, d1.loss_bbox: 0.3095, d2.loss_cls: 0.1309, d2.loss_bbox: 0.3003, d3.loss_cls: 0.1191, d3.loss_bbox: 0.2802, d4.loss_cls: 0.1138, d4.loss_bbox: 0.2778, loss: 2.7022, grad_norm: 22.5483
2025-06-25 19:55:14,140 - mmdet - INFO - Epoch [2][3800/7033]	lr: 9.331e-05, eta: 9:33:36, time: 1.049, data_time: 0.041, memory: 4350, loss_cls: 0.1109, loss_bbox: 0.2861, d0.loss_cls: 0.2278, d0.loss_bbox: 0.4211, d1.loss_cls: 0.1575, d1.loss_bbox: 0.3208, d2.loss_cls: 0.1295, d2.loss_bbox: 0.3093, d3.loss_cls: 0.1201, d3.loss_bbox: 0.2876, d4.loss_cls: 0.1135, d4.loss_bbox: 0.2828, loss: 2.7672, grad_norm: 23.5853
2025-06-25 19:55:59,462 - mmdet - INFO - Epoch [2][3850/7033]	lr: 9.331e-05, eta: 9:32:14, time: 0.906, data_time: 0.030, memory: 4350, loss_cls: 0.1174, loss_bbox: 0.2958, d0.loss_cls: 0.2286, d0.loss_bbox: 0.4177, d1.loss_cls: 0.1630, d1.loss_bbox: 0.3253, d2.loss_cls: 0.1395, d2.loss_bbox: 0.3181, d3.loss_cls: 0.1251, d3.loss_bbox: 0.2964, d4.loss_cls: 0.1202, d4.loss_bbox: 0.2940, loss: 2.8412, grad_norm: 19.8198
2025-06-25 19:56:45,826 - mmdet - INFO - Epoch [2][3900/7033]	lr: 9.331e-05, eta: 9:30:55, time: 0.927, data_time: 0.030, memory: 4350, loss_cls: 0.1104, loss_bbox: 0.2842, d0.loss_cls: 0.2318, d0.loss_bbox: 0.4052, d1.loss_cls: 0.1572, d1.loss_bbox: 0.3118, d2.loss_cls: 0.1339, d2.loss_bbox: 0.3024, d3.loss_cls: 0.1202, d3.loss_bbox: 0.2833, d4.loss_cls: 0.1126, d4.loss_bbox: 0.2821, loss: 2.7352, grad_norm: 21.3554
2025-06-25 19:57:30,790 - mmdet - INFO - Epoch [2][3950/7033]	lr: 9.331e-05, eta: 9:29:32, time: 0.899, data_time: 0.030, memory: 4350, loss_cls: 0.1152, loss_bbox: 0.2819, d0.loss_cls: 0.2230, d0.loss_bbox: 0.4089, d1.loss_cls: 0.1539, d1.loss_bbox: 0.3173, d2.loss_cls: 0.1311, d2.loss_bbox: 0.3039, d3.loss_cls: 0.1229, d3.loss_bbox: 0.2833, d4.loss_cls: 0.1164, d4.loss_bbox: 0.2801, loss: 2.7378, grad_norm: 20.3023
2025-06-25 19:58:12,071 - mmdet - INFO - Epoch [2][4000/7033]	lr: 9.331e-05, eta: 9:27:59, time: 0.826, data_time: 0.030, memory: 4350, loss_cls: 0.1219, loss_bbox: 0.2981, d0.loss_cls: 0.2420, d0.loss_bbox: 0.4325, d1.loss_cls: 0.1712, d1.loss_bbox: 0.3347, d2.loss_cls: 0.1462, d2.loss_bbox: 0.3206, d3.loss_cls: 0.1317, d3.loss_bbox: 0.2993, d4.loss_cls: 0.1248, d4.loss_bbox: 0.2943, loss: 2.9171, grad_norm: 38.3165
2025-06-25 19:58:54,904 - mmdet - INFO - Epoch [2][4050/7033]	lr: 9.331e-05, eta: 9:26:31, time: 0.857, data_time: 0.027, memory: 4350, loss_cls: 0.1126, loss_bbox: 0.2911, d0.loss_cls: 0.2314, d0.loss_bbox: 0.4230, d1.loss_cls: 0.1592, d1.loss_bbox: 0.3235, d2.loss_cls: 0.1334, d2.loss_bbox: 0.3125, d3.loss_cls: 0.1232, d3.loss_bbox: 0.2900, d4.loss_cls: 0.1156, d4.loss_bbox: 0.2891, loss: 2.8046, grad_norm: 35.2340
2025-06-25 19:59:42,824 - mmdet - INFO - Epoch [2][4100/7033]	lr: 9.331e-05, eta: 9:25:18, time: 0.958, data_time: 0.026, memory: 4350, loss_cls: 0.1136, loss_bbox: 0.2856, d0.loss_cls: 0.2246, d0.loss_bbox: 0.4269, d1.loss_cls: 0.1599, d1.loss_bbox: 0.3220, d2.loss_cls: 0.1336, d2.loss_bbox: 0.3111, d3.loss_cls: 0.1239, d3.loss_bbox: 0.2875, d4.loss_cls: 0.1156, d4.loss_bbox: 0.2841, loss: 2.7883, grad_norm: 28.2867
2025-06-25 20:00:34,820 - mmdet - INFO - Epoch [2][4150/7033]	lr: 9.331e-05, eta: 9:24:16, time: 1.040, data_time: 0.041, memory: 4350, loss_cls: 0.1150, loss_bbox: 0.2853, d0.loss_cls: 0.2361, d0.loss_bbox: 0.4192, d1.loss_cls: 0.1565, d1.loss_bbox: 0.3204, d2.loss_cls: 0.1361, d2.loss_bbox: 0.3079, d3.loss_cls: 0.1237, d3.loss_bbox: 0.2852, d4.loss_cls: 0.1158, d4.loss_bbox: 0.2848, loss: 2.7861, grad_norm: 20.5558
2025-06-25 20:01:20,789 - mmdet - INFO - Epoch [2][4200/7033]	lr: 9.331e-05, eta: 9:22:58, time: 0.919, data_time: 0.028, memory: 4350, loss_cls: 0.1153, loss_bbox: 0.2921, d0.loss_cls: 0.2345, d0.loss_bbox: 0.4247, d1.loss_cls: 0.1603, d1.loss_bbox: 0.3210, d2.loss_cls: 0.1315, d2.loss_bbox: 0.3118, d3.loss_cls: 0.1215, d3.loss_bbox: 0.2921, d4.loss_cls: 0.1175, d4.loss_bbox: 0.2882, loss: 2.8106, grad_norm: 26.2051
2025-06-25 20:02:20,269 - mmdet - INFO - Epoch [2][4250/7033]	lr: 9.331e-05, eta: 9:22:17, time: 1.190, data_time: 0.248, memory: 4350, loss_cls: 0.1173, loss_bbox: 0.2863, d0.loss_cls: 0.2296, d0.loss_bbox: 0.4110, d1.loss_cls: 0.1599, d1.loss_bbox: 0.3159, d2.loss_cls: 0.1339, d2.loss_bbox: 0.3030, d3.loss_cls: 0.1231, d3.loss_bbox: 0.2858, d4.loss_cls: 0.1182, d4.loss_bbox: 0.2834, loss: 2.7675, grad_norm: 23.2663
2025-06-25 20:02:59,700 - mmdet - INFO - Epoch [2][4300/7033]	lr: 9.331e-05, eta: 9:20:41, time: 0.788, data_time: 0.028, memory: 4350, loss_cls: 0.1152, loss_bbox: 0.2837, d0.loss_cls: 0.2283, d0.loss_bbox: 0.4191, d1.loss_cls: 0.1566, d1.loss_bbox: 0.3139, d2.loss_cls: 0.1342, d2.loss_bbox: 0.3020, d3.loss_cls: 0.1220, d3.loss_bbox: 0.2822, d4.loss_cls: 0.1145, d4.loss_bbox: 0.2826, loss: 2.7545, grad_norm: 18.4248
2025-06-25 20:03:43,309 - mmdet - INFO - Epoch [2][4350/7033]	lr: 9.331e-05, eta: 9:19:17, time: 0.872, data_time: 0.044, memory: 4350, loss_cls: 0.1171, loss_bbox: 0.2786, d0.loss_cls: 0.2364, d0.loss_bbox: 0.4133, d1.loss_cls: 0.1629, d1.loss_bbox: 0.3145, d2.loss_cls: 0.1381, d2.loss_bbox: 0.3023, d3.loss_cls: 0.1245, d3.loss_bbox: 0.2805, d4.loss_cls: 0.1191, d4.loss_bbox: 0.2766, loss: 2.7638, grad_norm: 34.6345
2025-06-25 20:04:34,497 - mmdet - INFO - Epoch [2][4400/7033]	lr: 9.331e-05, eta: 9:18:14, time: 1.024, data_time: 0.282, memory: 4350, loss_cls: 0.1088, loss_bbox: 0.2722, d0.loss_cls: 0.2231, d0.loss_bbox: 0.4019, d1.loss_cls: 0.1516, d1.loss_bbox: 0.3028, d2.loss_cls: 0.1274, d2.loss_bbox: 0.2927, d3.loss_cls: 0.1161, d3.loss_bbox: 0.2737, d4.loss_cls: 0.1093, d4.loss_bbox: 0.2719, loss: 2.6514, grad_norm: 23.5203
2025-06-25 20:05:28,645 - mmdet - INFO - Epoch [2][4450/7033]	lr: 9.331e-05, eta: 9:17:19, time: 1.083, data_time: 0.330, memory: 4350, loss_cls: 0.1146, loss_bbox: 0.2813, d0.loss_cls: 0.2337, d0.loss_bbox: 0.4199, d1.loss_cls: 0.1614, d1.loss_bbox: 0.3204, d2.loss_cls: 0.1367, d2.loss_bbox: 0.3061, d3.loss_cls: 0.1256, d3.loss_bbox: 0.2828, d4.loss_cls: 0.1164, d4.loss_bbox: 0.2802, loss: 2.7790, grad_norm: 17.7436
2025-06-25 20:06:14,027 - mmdet - INFO - Epoch [2][4500/7033]	lr: 9.331e-05, eta: 9:16:00, time: 0.908, data_time: 0.155, memory: 4350, loss_cls: 0.1159, loss_bbox: 0.2846, d0.loss_cls: 0.2342, d0.loss_bbox: 0.4089, d1.loss_cls: 0.1591, d1.loss_bbox: 0.3115, d2.loss_cls: 0.1342, d2.loss_bbox: 0.3011, d3.loss_cls: 0.1229, d3.loss_bbox: 0.2801, d4.loss_cls: 0.1175, d4.loss_bbox: 0.2793, loss: 2.7491, grad_norm: 18.4345
2025-06-25 20:07:08,593 - mmdet - INFO - Epoch [2][4550/7033]	lr: 9.331e-05, eta: 9:15:06, time: 1.091, data_time: 0.324, memory: 4350, loss_cls: 0.1137, loss_bbox: 0.2778, d0.loss_cls: 0.2292, d0.loss_bbox: 0.4086, d1.loss_cls: 0.1585, d1.loss_bbox: 0.3096, d2.loss_cls: 0.1303, d2.loss_bbox: 0.3021, d3.loss_cls: 0.1192, d3.loss_bbox: 0.2794, d4.loss_cls: 0.1156, d4.loss_bbox: 0.2764, loss: 2.7205, grad_norm: 21.7473
2025-06-25 20:07:58,131 - mmdet - INFO - Epoch [2][4600/7033]	lr: 9.331e-05, eta: 9:13:59, time: 0.991, data_time: 0.188, memory: 4350, loss_cls: 0.1109, loss_bbox: 0.2785, d0.loss_cls: 0.2249, d0.loss_bbox: 0.4105, d1.loss_cls: 0.1549, d1.loss_bbox: 0.3122, d2.loss_cls: 0.1302, d2.loss_bbox: 0.3032, d3.loss_cls: 0.1196, d3.loss_bbox: 0.2811, d4.loss_cls: 0.1137, d4.loss_bbox: 0.2775, loss: 2.7170, grad_norm: 25.6562
2025-06-25 20:08:46,129 - mmdet - INFO - Epoch [2][4650/7033]	lr: 9.331e-05, eta: 9:12:48, time: 0.960, data_time: 0.028, memory: 4350, loss_cls: 0.1149, loss_bbox: 0.2796, d0.loss_cls: 0.2324, d0.loss_bbox: 0.4096, d1.loss_cls: 0.1631, d1.loss_bbox: 0.3081, d2.loss_cls: 0.1382, d2.loss_bbox: 0.2977, d3.loss_cls: 0.1244, d3.loss_bbox: 0.2788, d4.loss_cls: 0.1172, d4.loss_bbox: 0.2770, loss: 2.7412, grad_norm: 34.0879
2025-06-25 20:09:33,629 - mmdet - INFO - Epoch [2][4700/7033]	lr: 9.331e-05, eta: 9:11:36, time: 0.950, data_time: 0.027, memory: 4350, loss_cls: 0.1162, loss_bbox: 0.2704, d0.loss_cls: 0.2240, d0.loss_bbox: 0.3989, d1.loss_cls: 0.1626, d1.loss_bbox: 0.3052, d2.loss_cls: 0.1372, d2.loss_bbox: 0.2952, d3.loss_cls: 0.1225, d3.loss_bbox: 0.2714, d4.loss_cls: 0.1168, d4.loss_bbox: 0.2689, loss: 2.6893, grad_norm: 32.7730
2025-06-25 20:10:26,898 - mmdet - INFO - Epoch [2][4750/7033]	lr: 9.331e-05, eta: 9:10:39, time: 1.065, data_time: 0.033, memory: 4350, loss_cls: 0.1085, loss_bbox: 0.2772, d0.loss_cls: 0.2230, d0.loss_bbox: 0.4131, d1.loss_cls: 0.1548, d1.loss_bbox: 0.3115, d2.loss_cls: 0.1291, d2.loss_bbox: 0.2969, d3.loss_cls: 0.1192, d3.loss_bbox: 0.2770, d4.loss_cls: 0.1109, d4.loss_bbox: 0.2750, loss: 2.6963, grad_norm: 29.5803
2025-06-25 20:11:12,161 - mmdet - INFO - Epoch [2][4800/7033]	lr: 9.331e-05, eta: 9:09:21, time: 0.905, data_time: 0.080, memory: 4350, loss_cls: 0.1140, loss_bbox: 0.2750, d0.loss_cls: 0.2229, d0.loss_bbox: 0.4086, d1.loss_cls: 0.1538, d1.loss_bbox: 0.3091, d2.loss_cls: 0.1314, d2.loss_bbox: 0.2986, d3.loss_cls: 0.1205, d3.loss_bbox: 0.2770, d4.loss_cls: 0.1150, d4.loss_bbox: 0.2734, loss: 2.6992, grad_norm: 19.0552
2025-06-25 20:11:55,233 - mmdet - INFO - Epoch [2][4850/7033]	lr: 9.331e-05, eta: 9:07:58, time: 0.861, data_time: 0.039, memory: 4350, loss_cls: 0.1048, loss_bbox: 0.2660, d0.loss_cls: 0.2114, d0.loss_bbox: 0.4045, d1.loss_cls: 0.1445, d1.loss_bbox: 0.3019, d2.loss_cls: 0.1232, d2.loss_bbox: 0.2910, d3.loss_cls: 0.1124, d3.loss_bbox: 0.2674, d4.loss_cls: 0.1056, d4.loss_bbox: 0.2658, loss: 2.5984, grad_norm: 107.2296
2025-06-25 20:12:46,056 - mmdet - INFO - Epoch [2][4900/7033]	lr: 9.331e-05, eta: 9:06:56, time: 1.016, data_time: 0.078, memory: 4350, loss_cls: 0.1187, loss_bbox: 0.2873, d0.loss_cls: 0.2284, d0.loss_bbox: 0.4177, d1.loss_cls: 0.1628, d1.loss_bbox: 0.3164, d2.loss_cls: 0.1398, d2.loss_bbox: 0.3060, d3.loss_cls: 0.1275, d3.loss_bbox: 0.2831, d4.loss_cls: 0.1194, d4.loss_bbox: 0.2839, loss: 2.7910, grad_norm: 23.8204
2025-06-25 20:13:32,366 - mmdet - INFO - Epoch [2][4950/7033]	lr: 9.331e-05, eta: 9:05:41, time: 0.926, data_time: 0.079, memory: 4350, loss_cls: 0.1080, loss_bbox: 0.2752, d0.loss_cls: 0.2234, d0.loss_bbox: 0.4041, d1.loss_cls: 0.1530, d1.loss_bbox: 0.3066, d2.loss_cls: 0.1269, d2.loss_bbox: 0.2953, d3.loss_cls: 0.1172, d3.loss_bbox: 0.2759, d4.loss_cls: 0.1105, d4.loss_bbox: 0.2729, loss: 2.6691, grad_norm: 32.8684
2025-06-25 20:14:20,607 - mmdet - INFO - Epoch [2][5000/7033]	lr: 9.331e-05, eta: 9:04:32, time: 0.965, data_time: 0.114, memory: 4350, loss_cls: 0.1160, loss_bbox: 0.2662, d0.loss_cls: 0.2242, d0.loss_bbox: 0.4097, d1.loss_cls: 0.1582, d1.loss_bbox: 0.3044, d2.loss_cls: 0.1335, d2.loss_bbox: 0.2895, d3.loss_cls: 0.1211, d3.loss_bbox: 0.2685, d4.loss_cls: 0.1181, d4.loss_bbox: 0.2642, loss: 2.6737, grad_norm: 17.5356
2025-06-25 20:15:02,840 - mmdet - INFO - Epoch [2][5050/7033]	lr: 9.331e-05, eta: 9:03:08, time: 0.845, data_time: 0.043, memory: 4350, loss_cls: 0.1163, loss_bbox: 0.2744, d0.loss_cls: 0.2315, d0.loss_bbox: 0.4122, d1.loss_cls: 0.1623, d1.loss_bbox: 0.3076, d2.loss_cls: 0.1382, d2.loss_bbox: 0.2953, d3.loss_cls: 0.1278, d3.loss_bbox: 0.2729, d4.loss_cls: 0.1177, d4.loss_bbox: 0.2728, loss: 2.7289, grad_norm: 18.7822
2025-06-25 20:15:44,999 - mmdet - INFO - Epoch [2][5100/7033]	lr: 9.331e-05, eta: 9:01:45, time: 0.843, data_time: 0.030, memory: 4350, loss_cls: 0.1112, loss_bbox: 0.2677, d0.loss_cls: 0.2201, d0.loss_bbox: 0.4004, d1.loss_cls: 0.1521, d1.loss_bbox: 0.3001, d2.loss_cls: 0.1278, d2.loss_bbox: 0.2903, d3.loss_cls: 0.1174, d3.loss_bbox: 0.2685, d4.loss_cls: 0.1116, d4.loss_bbox: 0.2665, loss: 2.6337, grad_norm: 27.4677
2025-06-25 20:16:33,772 - mmdet - INFO - Epoch [2][5150/7033]	lr: 9.331e-05, eta: 9:00:38, time: 0.975, data_time: 0.188, memory: 4350, loss_cls: 0.1115, loss_bbox: 0.2811, d0.loss_cls: 0.2253, d0.loss_bbox: 0.4151, d1.loss_cls: 0.1553, d1.loss_bbox: 0.3134, d2.loss_cls: 0.1303, d2.loss_bbox: 0.3062, d3.loss_cls: 0.1201, d3.loss_bbox: 0.2831, d4.loss_cls: 0.1136, d4.loss_bbox: 0.2792, loss: 2.7343, grad_norm: 19.2914
2025-06-25 20:17:22,028 - mmdet - INFO - Epoch [2][5200/7033]	lr: 9.331e-05, eta: 8:59:29, time: 0.965, data_time: 0.194, memory: 4350, loss_cls: 0.1185, loss_bbox: 0.2756, d0.loss_cls: 0.2343, d0.loss_bbox: 0.3966, d1.loss_cls: 0.1619, d1.loss_bbox: 0.3067, d2.loss_cls: 0.1381, d2.loss_bbox: 0.2957, d3.loss_cls: 0.1270, d3.loss_bbox: 0.2739, d4.loss_cls: 0.1199, d4.loss_bbox: 0.2734, loss: 2.7215, grad_norm: 21.5432
2025-06-25 20:18:26,611 - mmdet - INFO - Epoch [2][5250/7033]	lr: 9.331e-05, eta: 8:59:01, time: 1.292, data_time: 0.350, memory: 4350, loss_cls: 0.1164, loss_bbox: 0.2758, d0.loss_cls: 0.2303, d0.loss_bbox: 0.4149, d1.loss_cls: 0.1600, d1.loss_bbox: 0.3061, d2.loss_cls: 0.1356, d2.loss_bbox: 0.2968, d3.loss_cls: 0.1230, d3.loss_bbox: 0.2748, d4.loss_cls: 0.1178, d4.loss_bbox: 0.2725, loss: 2.7240, grad_norm: 19.6147
2025-06-25 20:19:11,393 - mmdet - INFO - Epoch [2][5300/7033]	lr: 9.331e-05, eta: 8:57:45, time: 0.896, data_time: 0.027, memory: 4350, loss_cls: 0.1114, loss_bbox: 0.2832, d0.loss_cls: 0.2303, d0.loss_bbox: 0.4161, d1.loss_cls: 0.1583, d1.loss_bbox: 0.3122, d2.loss_cls: 0.1311, d2.loss_bbox: 0.3069, d3.loss_cls: 0.1192, d3.loss_bbox: 0.2839, d4.loss_cls: 0.1118, d4.loss_bbox: 0.2813, loss: 2.7457, grad_norm: 20.4901
2025-06-25 20:20:00,530 - mmdet - INFO - Epoch [2][5350/7033]	lr: 9.331e-05, eta: 8:56:39, time: 0.983, data_time: 0.199, memory: 4350, loss_cls: 0.1072, loss_bbox: 0.2682, d0.loss_cls: 0.2233, d0.loss_bbox: 0.3964, d1.loss_cls: 0.1540, d1.loss_bbox: 0.2965, d2.loss_cls: 0.1259, d2.loss_bbox: 0.2865, d3.loss_cls: 0.1163, d3.loss_bbox: 0.2666, d4.loss_cls: 0.1107, d4.loss_bbox: 0.2654, loss: 2.6170, grad_norm: 23.9937
2025-06-25 20:20:50,576 - mmdet - INFO - Epoch [2][5400/7033]	lr: 9.331e-05, eta: 8:55:35, time: 1.001, data_time: 0.155, memory: 4350, loss_cls: 0.1068, loss_bbox: 0.2647, d0.loss_cls: 0.2234, d0.loss_bbox: 0.4050, d1.loss_cls: 0.1515, d1.loss_bbox: 0.3003, d2.loss_cls: 0.1270, d2.loss_bbox: 0.2859, d3.loss_cls: 0.1155, d3.loss_bbox: 0.2658, d4.loss_cls: 0.1086, d4.loss_bbox: 0.2641, loss: 2.6184, grad_norm: 23.7700
2025-06-25 20:21:38,054 - mmdet - INFO - Epoch [2][5450/7033]	lr: 9.331e-05, eta: 8:54:26, time: 0.950, data_time: 0.033, memory: 4350, loss_cls: 0.1079, loss_bbox: 0.2838, d0.loss_cls: 0.2187, d0.loss_bbox: 0.4134, d1.loss_cls: 0.1569, d1.loss_bbox: 0.3115, d2.loss_cls: 0.1280, d2.loss_bbox: 0.3014, d3.loss_cls: 0.1148, d3.loss_bbox: 0.2834, d4.loss_cls: 0.1081, d4.loss_bbox: 0.2814, loss: 2.7092, grad_norm: 23.4882
2025-06-25 20:22:32,066 - mmdet - INFO - Epoch [2][5500/7033]	lr: 9.331e-05, eta: 8:53:32, time: 1.080, data_time: 0.268, memory: 4350, loss_cls: 0.1145, loss_bbox: 0.2795, d0.loss_cls: 0.2320, d0.loss_bbox: 0.4061, d1.loss_cls: 0.1627, d1.loss_bbox: 0.3099, d2.loss_cls: 0.1367, d2.loss_bbox: 0.2994, d3.loss_cls: 0.1231, d3.loss_bbox: 0.2781, d4.loss_cls: 0.1163, d4.loss_bbox: 0.2773, loss: 2.7357, grad_norm: 25.1548
2025-06-25 20:23:22,672 - mmdet - INFO - Epoch [2][5550/7033]	lr: 9.331e-05, eta: 8:52:30, time: 1.012, data_time: 0.036, memory: 4350, loss_cls: 0.1101, loss_bbox: 0.2796, d0.loss_cls: 0.2238, d0.loss_bbox: 0.4158, d1.loss_cls: 0.1594, d1.loss_bbox: 0.3102, d2.loss_cls: 0.1330, d2.loss_bbox: 0.2997, d3.loss_cls: 0.1196, d3.loss_bbox: 0.2800, d4.loss_cls: 0.1116, d4.loss_bbox: 0.2783, loss: 2.7210, grad_norm: 28.4855
2025-06-25 20:24:11,487 - mmdet - INFO - Epoch [2][5600/7033]	lr: 9.331e-05, eta: 8:51:24, time: 0.976, data_time: 0.032, memory: 4350, loss_cls: 0.1188, loss_bbox: 0.2703, d0.loss_cls: 0.2313, d0.loss_bbox: 0.4045, d1.loss_cls: 0.1625, d1.loss_bbox: 0.3046, d2.loss_cls: 0.1369, d2.loss_bbox: 0.2902, d3.loss_cls: 0.1249, d3.loss_bbox: 0.2707, d4.loss_cls: 0.1200, d4.loss_bbox: 0.2688, loss: 2.7035, grad_norm: 23.4657
2025-06-25 20:24:59,192 - mmdet - INFO - Epoch [2][5650/7033]	lr: 9.331e-05, eta: 8:50:16, time: 0.954, data_time: 0.100, memory: 4350, loss_cls: 0.1138, loss_bbox: 0.2829, d0.loss_cls: 0.2256, d0.loss_bbox: 0.4180, d1.loss_cls: 0.1572, d1.loss_bbox: 0.3171, d2.loss_cls: 0.1321, d2.loss_bbox: 0.3063, d3.loss_cls: 0.1220, d3.loss_bbox: 0.2842, d4.loss_cls: 0.1141, d4.loss_bbox: 0.2836, loss: 2.7568, grad_norm: 33.8182
2025-06-25 20:25:41,115 - mmdet - INFO - Epoch [2][5700/7033]	lr: 9.331e-05, eta: 8:48:54, time: 0.838, data_time: 0.079, memory: 4350, loss_cls: 0.1063, loss_bbox: 0.2718, d0.loss_cls: 0.2233, d0.loss_bbox: 0.3983, d1.loss_cls: 0.1535, d1.loss_bbox: 0.2981, d2.loss_cls: 0.1268, d2.loss_bbox: 0.2904, d3.loss_cls: 0.1155, d3.loss_bbox: 0.2711, d4.loss_cls: 0.1073, d4.loss_bbox: 0.2691, loss: 2.6314, grad_norm: 25.6105
2025-06-25 20:26:32,123 - mmdet - INFO - Epoch [2][5750/7033]	lr: 9.331e-05, eta: 8:47:54, time: 1.020, data_time: 0.280, memory: 4350, loss_cls: 0.1259, loss_bbox: 0.2748, d0.loss_cls: 0.2374, d0.loss_bbox: 0.4107, d1.loss_cls: 0.1652, d1.loss_bbox: 0.3075, d2.loss_cls: 0.1392, d2.loss_bbox: 0.2971, d3.loss_cls: 0.1317, d3.loss_bbox: 0.2766, d4.loss_cls: 0.1267, d4.loss_bbox: 0.2742, loss: 2.7670, grad_norm: 38.7826
2025-06-25 20:27:31,728 - mmdet - INFO - Epoch [2][5800/7033]	lr: 9.331e-05, eta: 8:47:13, time: 1.192, data_time: 0.413, memory: 4350, loss_cls: 0.1062, loss_bbox: 0.2692, d0.loss_cls: 0.2215, d0.loss_bbox: 0.3996, d1.loss_cls: 0.1505, d1.loss_bbox: 0.2998, d2.loss_cls: 0.1268, d2.loss_bbox: 0.2913, d3.loss_cls: 0.1148, d3.loss_bbox: 0.2683, d4.loss_cls: 0.1068, d4.loss_bbox: 0.2667, loss: 2.6214, grad_norm: 33.4203
2025-06-25 20:28:21,272 - mmdet - INFO - Epoch [2][5850/7033]	lr: 9.331e-05, eta: 8:46:10, time: 0.991, data_time: 0.104, memory: 4350, loss_cls: 0.1188, loss_bbox: 0.2753, d0.loss_cls: 0.2312, d0.loss_bbox: 0.4104, d1.loss_cls: 0.1644, d1.loss_bbox: 0.3074, d2.loss_cls: 0.1370, d2.loss_bbox: 0.2978, d3.loss_cls: 0.1283, d3.loss_bbox: 0.2756, d4.loss_cls: 0.1196, d4.loss_bbox: 0.2746, loss: 2.7404, grad_norm: 27.6678
2025-06-25 20:29:03,551 - mmdet - INFO - Epoch [2][5900/7033]	lr: 9.331e-05, eta: 8:44:50, time: 0.846, data_time: 0.039, memory: 4350, loss_cls: 0.1093, loss_bbox: 0.2702, d0.loss_cls: 0.2246, d0.loss_bbox: 0.4034, d1.loss_cls: 0.1578, d1.loss_bbox: 0.3029, d2.loss_cls: 0.1293, d2.loss_bbox: 0.2934, d3.loss_cls: 0.1178, d3.loss_bbox: 0.2706, d4.loss_cls: 0.1127, d4.loss_bbox: 0.2680, loss: 2.6599, grad_norm: 23.0383
2025-06-25 20:29:48,981 - mmdet - INFO - Epoch [2][5950/7033]	lr: 9.331e-05, eta: 8:43:37, time: 0.909, data_time: 0.116, memory: 4350, loss_cls: 0.1092, loss_bbox: 0.2796, d0.loss_cls: 0.2318, d0.loss_bbox: 0.4184, d1.loss_cls: 0.1584, d1.loss_bbox: 0.3131, d2.loss_cls: 0.1292, d2.loss_bbox: 0.3050, d3.loss_cls: 0.1181, d3.loss_bbox: 0.2811, d4.loss_cls: 0.1113, d4.loss_bbox: 0.2781, loss: 2.7332, grad_norm: 17.4617
2025-06-25 20:30:37,851 - mmdet - INFO - Epoch [2][6000/7033]	lr: 9.331e-05, eta: 8:42:32, time: 0.977, data_time: 0.069, memory: 4350, loss_cls: 0.1016, loss_bbox: 0.2670, d0.loss_cls: 0.2196, d0.loss_bbox: 0.3984, d1.loss_cls: 0.1438, d1.loss_bbox: 0.3007, d2.loss_cls: 0.1183, d2.loss_bbox: 0.2874, d3.loss_cls: 0.1090, d3.loss_bbox: 0.2667, d4.loss_cls: 0.1016, d4.loss_bbox: 0.2643, loss: 2.5783, grad_norm: 25.7782
2025-06-25 20:31:28,153 - mmdet - INFO - Epoch [2][6050/7033]	lr: 9.331e-05, eta: 8:41:31, time: 1.006, data_time: 0.096, memory: 4350, loss_cls: 0.1131, loss_bbox: 0.2808, d0.loss_cls: 0.2296, d0.loss_bbox: 0.4104, d1.loss_cls: 0.1584, d1.loss_bbox: 0.3100, d2.loss_cls: 0.1350, d2.loss_bbox: 0.3004, d3.loss_cls: 0.1226, d3.loss_bbox: 0.2806, d4.loss_cls: 0.1146, d4.loss_bbox: 0.2795, loss: 2.7351, grad_norm: 27.7073
2025-06-25 20:32:09,763 - mmdet - INFO - Epoch [2][6100/7033]	lr: 9.331e-05, eta: 8:40:10, time: 0.833, data_time: 0.033, memory: 4350, loss_cls: 0.1035, loss_bbox: 0.2627, d0.loss_cls: 0.2213, d0.loss_bbox: 0.3961, d1.loss_cls: 0.1504, d1.loss_bbox: 0.2959, d2.loss_cls: 0.1238, d2.loss_bbox: 0.2840, d3.loss_cls: 0.1124, d3.loss_bbox: 0.2656, d4.loss_cls: 0.1053, d4.loss_bbox: 0.2617, loss: 2.5828, grad_norm: 20.8593
2025-06-25 20:32:51,878 - mmdet - INFO - Epoch [2][6150/7033]	lr: 9.331e-05, eta: 8:38:51, time: 0.842, data_time: 0.032, memory: 4350, loss_cls: 0.1097, loss_bbox: 0.2708, d0.loss_cls: 0.2259, d0.loss_bbox: 0.4010, d1.loss_cls: 0.1546, d1.loss_bbox: 0.3031, d2.loss_cls: 0.1306, d2.loss_bbox: 0.2915, d3.loss_cls: 0.1206, d3.loss_bbox: 0.2701, d4.loss_cls: 0.1130, d4.loss_bbox: 0.2682, loss: 2.6591, grad_norm: 32.3815
2025-06-25 20:33:40,521 - mmdet - INFO - Epoch [2][6200/7033]	lr: 9.331e-05, eta: 8:37:46, time: 0.973, data_time: 0.158, memory: 4350, loss_cls: 0.1073, loss_bbox: 0.2655, d0.loss_cls: 0.2265, d0.loss_bbox: 0.4038, d1.loss_cls: 0.1567, d1.loss_bbox: 0.2997, d2.loss_cls: 0.1301, d2.loss_bbox: 0.2893, d3.loss_cls: 0.1174, d3.loss_bbox: 0.2671, d4.loss_cls: 0.1099, d4.loss_bbox: 0.2638, loss: 2.6371, grad_norm: 21.3974
2025-06-25 20:34:27,515 - mmdet - INFO - Epoch [2][6250/7033]	lr: 9.331e-05, eta: 8:36:38, time: 0.940, data_time: 0.146, memory: 4350, loss_cls: 0.1125, loss_bbox: 0.2708, d0.loss_cls: 0.2254, d0.loss_bbox: 0.4103, d1.loss_cls: 0.1590, d1.loss_bbox: 0.3053, d2.loss_cls: 0.1341, d2.loss_bbox: 0.2959, d3.loss_cls: 0.1207, d3.loss_bbox: 0.2747, d4.loss_cls: 0.1150, d4.loss_bbox: 0.2707, loss: 2.6946, grad_norm: 28.0238
2025-06-25 20:35:19,739 - mmdet - INFO - Epoch [2][6300/7033]	lr: 9.331e-05, eta: 8:35:42, time: 1.044, data_time: 0.075, memory: 4350, loss_cls: 0.1124, loss_bbox: 0.2645, d0.loss_cls: 0.2277, d0.loss_bbox: 0.4038, d1.loss_cls: 0.1589, d1.loss_bbox: 0.3001, d2.loss_cls: 0.1339, d2.loss_bbox: 0.2867, d3.loss_cls: 0.1194, d3.loss_bbox: 0.2685, d4.loss_cls: 0.1143, d4.loss_bbox: 0.2637, loss: 2.6541, grad_norm: 31.8149
2025-06-25 20:36:14,404 - mmdet - INFO - Epoch [2][6350/7033]	lr: 9.331e-05, eta: 8:34:50, time: 1.093, data_time: 0.033, memory: 4350, loss_cls: 0.1162, loss_bbox: 0.2778, d0.loss_cls: 0.2267, d0.loss_bbox: 0.4200, d1.loss_cls: 0.1621, d1.loss_bbox: 0.3134, d2.loss_cls: 0.1395, d2.loss_bbox: 0.3018, d3.loss_cls: 0.1254, d3.loss_bbox: 0.2783, d4.loss_cls: 0.1195, d4.loss_bbox: 0.2767, loss: 2.7574, grad_norm: 17.3353
2025-06-25 20:37:01,440 - mmdet - INFO - Epoch [2][6400/7033]	lr: 9.331e-05, eta: 8:33:43, time: 0.941, data_time: 0.034, memory: 4350, loss_cls: 0.1111, loss_bbox: 0.2791, d0.loss_cls: 0.2323, d0.loss_bbox: 0.4123, d1.loss_cls: 0.1549, d1.loss_bbox: 0.3084, d2.loss_cls: 0.1314, d2.loss_bbox: 0.2990, d3.loss_cls: 0.1199, d3.loss_bbox: 0.2783, d4.loss_cls: 0.1133, d4.loss_bbox: 0.2767, loss: 2.7166, grad_norm: 22.4314
2025-06-25 20:37:51,529 - mmdet - INFO - Epoch [2][6450/7033]	lr: 9.331e-05, eta: 8:32:42, time: 1.002, data_time: 0.029, memory: 4350, loss_cls: 0.1090, loss_bbox: 0.2682, d0.loss_cls: 0.2309, d0.loss_bbox: 0.4092, d1.loss_cls: 0.1514, d1.loss_bbox: 0.3052, d2.loss_cls: 0.1260, d2.loss_bbox: 0.2924, d3.loss_cls: 0.1153, d3.loss_bbox: 0.2714, d4.loss_cls: 0.1094, d4.loss_bbox: 0.2684, loss: 2.6568, grad_norm: 18.6156
2025-06-25 20:38:33,340 - mmdet - INFO - Epoch [2][6500/7033]	lr: 9.331e-05, eta: 8:31:23, time: 0.836, data_time: 0.029, memory: 4350, loss_cls: 0.1065, loss_bbox: 0.2622, d0.loss_cls: 0.2231, d0.loss_bbox: 0.3903, d1.loss_cls: 0.1488, d1.loss_bbox: 0.2936, d2.loss_cls: 0.1229, d2.loss_bbox: 0.2851, d3.loss_cls: 0.1148, d3.loss_bbox: 0.2639, d4.loss_cls: 0.1088, d4.loss_bbox: 0.2597, loss: 2.5797, grad_norm: 31.6609
2025-06-25 20:39:15,317 - mmdet - INFO - Epoch [2][6550/7033]	lr: 9.331e-05, eta: 8:30:05, time: 0.840, data_time: 0.031, memory: 4350, loss_cls: 0.0988, loss_bbox: 0.2674, d0.loss_cls: 0.2156, d0.loss_bbox: 0.3936, d1.loss_cls: 0.1478, d1.loss_bbox: 0.2985, d2.loss_cls: 0.1213, d2.loss_bbox: 0.2883, d3.loss_cls: 0.1097, d3.loss_bbox: 0.2666, d4.loss_cls: 0.1019, d4.loss_bbox: 0.2645, loss: 2.5740, grad_norm: 19.2730
2025-06-25 20:40:00,878 - mmdet - INFO - Epoch [2][6600/7033]	lr: 9.331e-05, eta: 8:28:55, time: 0.911, data_time: 0.054, memory: 4350, loss_cls: 0.1099, loss_bbox: 0.2611, d0.loss_cls: 0.2277, d0.loss_bbox: 0.4107, d1.loss_cls: 0.1545, d1.loss_bbox: 0.2974, d2.loss_cls: 0.1313, d2.loss_bbox: 0.2854, d3.loss_cls: 0.1183, d3.loss_bbox: 0.2639, d4.loss_cls: 0.1122, d4.loss_bbox: 0.2589, loss: 2.6312, grad_norm: 19.5000
2025-06-25 20:40:41,894 - mmdet - INFO - Epoch [2][6650/7033]	lr: 9.331e-05, eta: 8:27:36, time: 0.820, data_time: 0.046, memory: 4350, loss_cls: 0.1137, loss_bbox: 0.2752, d0.loss_cls: 0.2275, d0.loss_bbox: 0.4107, d1.loss_cls: 0.1605, d1.loss_bbox: 0.3119, d2.loss_cls: 0.1368, d2.loss_bbox: 0.2971, d3.loss_cls: 0.1228, d3.loss_bbox: 0.2769, d4.loss_cls: 0.1158, d4.loss_bbox: 0.2735, loss: 2.7225, grad_norm: 35.0564
2025-06-25 20:41:21,589 - mmdet - INFO - Epoch [2][6700/7033]	lr: 9.331e-05, eta: 8:26:14, time: 0.794, data_time: 0.029, memory: 4350, loss_cls: 0.1080, loss_bbox: 0.2673, d0.loss_cls: 0.2229, d0.loss_bbox: 0.4012, d1.loss_cls: 0.1529, d1.loss_bbox: 0.2998, d2.loss_cls: 0.1296, d2.loss_bbox: 0.2881, d3.loss_cls: 0.1170, d3.loss_bbox: 0.2694, d4.loss_cls: 0.1105, d4.loss_bbox: 0.2657, loss: 2.6326, grad_norm: 23.4011
2025-06-25 20:42:01,227 - mmdet - INFO - Epoch [2][6750/7033]	lr: 9.331e-05, eta: 8:24:53, time: 0.793, data_time: 0.027, memory: 4350, loss_cls: 0.1103, loss_bbox: 0.2709, d0.loss_cls: 0.2161, d0.loss_bbox: 0.4052, d1.loss_cls: 0.1497, d1.loss_bbox: 0.3058, d2.loss_cls: 0.1268, d2.loss_bbox: 0.2950, d3.loss_cls: 0.1162, d3.loss_bbox: 0.2710, d4.loss_cls: 0.1114, d4.loss_bbox: 0.2687, loss: 2.6471, grad_norm: 21.7425
2025-06-25 20:42:40,794 - mmdet - INFO - Epoch [2][6800/7033]	lr: 9.331e-05, eta: 8:23:31, time: 0.791, data_time: 0.028, memory: 4350, loss_cls: 0.1064, loss_bbox: 0.2678, d0.loss_cls: 0.2245, d0.loss_bbox: 0.4035, d1.loss_cls: 0.1501, d1.loss_bbox: 0.3006, d2.loss_cls: 0.1238, d2.loss_bbox: 0.2912, d3.loss_cls: 0.1130, d3.loss_bbox: 0.2656, d4.loss_cls: 0.1069, d4.loss_bbox: 0.2649, loss: 2.6183, grad_norm: 20.4014
2025-06-25 20:43:20,424 - mmdet - INFO - Epoch [2][6850/7033]	lr: 9.331e-05, eta: 8:22:10, time: 0.793, data_time: 0.028, memory: 4350, loss_cls: 0.1145, loss_bbox: 0.2791, d0.loss_cls: 0.2269, d0.loss_bbox: 0.4135, d1.loss_cls: 0.1587, d1.loss_bbox: 0.3114, d2.loss_cls: 0.1330, d2.loss_bbox: 0.3038, d3.loss_cls: 0.1219, d3.loss_bbox: 0.2804, d4.loss_cls: 0.1169, d4.loss_bbox: 0.2774, loss: 2.7375, grad_norm: 18.4974
2025-06-25 20:44:00,036 - mmdet - INFO - Epoch [2][6900/7033]	lr: 9.331e-05, eta: 8:20:49, time: 0.792, data_time: 0.028, memory: 4350, loss_cls: 0.1103, loss_bbox: 0.2829, d0.loss_cls: 0.2318, d0.loss_bbox: 0.4152, d1.loss_cls: 0.1555, d1.loss_bbox: 0.3146, d2.loss_cls: 0.1278, d2.loss_bbox: 0.3045, d3.loss_cls: 0.1176, d3.loss_bbox: 0.2813, d4.loss_cls: 0.1119, d4.loss_bbox: 0.2802, loss: 2.7335, grad_norm: 23.7940
2025-06-25 20:44:39,516 - mmdet - INFO - Epoch [2][6950/7033]	lr: 9.331e-05, eta: 8:19:29, time: 0.790, data_time: 0.026, memory: 4350, loss_cls: 0.1051, loss_bbox: 0.2693, d0.loss_cls: 0.2306, d0.loss_bbox: 0.4080, d1.loss_cls: 0.1544, d1.loss_bbox: 0.2996, d2.loss_cls: 0.1300, d2.loss_bbox: 0.2893, d3.loss_cls: 0.1134, d3.loss_bbox: 0.2687, d4.loss_cls: 0.1074, d4.loss_bbox: 0.2671, loss: 2.6428, grad_norm: 36.4197
2025-06-25 20:45:18,985 - mmdet - INFO - Epoch [2][7000/7033]	lr: 9.331e-05, eta: 8:18:08, time: 0.789, data_time: 0.024, memory: 4350, loss_cls: 0.1047, loss_bbox: 0.2670, d0.loss_cls: 0.2213, d0.loss_bbox: 0.3976, d1.loss_cls: 0.1522, d1.loss_bbox: 0.2984, d2.loss_cls: 0.1269, d2.loss_bbox: 0.2893, d3.loss_cls: 0.1159, d3.loss_bbox: 0.2674, d4.loss_cls: 0.1071, d4.loss_bbox: 0.2648, loss: 2.6127, grad_norm: 30.9679
2025-06-25 20:45:45,344 - mmdet - INFO - Saving checkpoint at 2 epochs
2025-06-25 21:14:45,529 - mmdet - INFO - Exp name: lidar_0075v_cam_res101.py
2025-06-25 21:14:45,529 - mmdet - INFO - Epoch(val) [2][3010]	pts_bbox_NuScenes/car_AP_dist_0.5: 0.7340, pts_bbox_NuScenes/car_AP_dist_1.0: 0.8502, pts_bbox_NuScenes/car_AP_dist_2.0: 0.8880, pts_bbox_NuScenes/car_AP_dist_4.0: 0.9074, pts_bbox_NuScenes/car_trans_err: 0.2098, pts_bbox_NuScenes/car_scale_err: 0.1531, pts_bbox_NuScenes/car_orient_err: 0.0567, pts_bbox_NuScenes/car_vel_err: 0.4993, pts_bbox_NuScenes/car_attr_err: 0.1710, pts_bbox_NuScenes/mATE: 0.3509, pts_bbox_NuScenes/mASE: 0.2718, pts_bbox_NuScenes/mAOE: 0.2851, pts_bbox_NuScenes/mAVE: 0.4603, pts_bbox_NuScenes/mAAE: 0.1769, pts_bbox_NuScenes/truck_AP_dist_0.5: 0.3657, pts_bbox_NuScenes/truck_AP_dist_1.0: 0.5866, pts_bbox_NuScenes/truck_AP_dist_2.0: 0.6850, pts_bbox_NuScenes/truck_AP_dist_4.0: 0.7315, pts_bbox_NuScenes/truck_trans_err: 0.3640, pts_bbox_NuScenes/truck_scale_err: 0.2136, pts_bbox_NuScenes/truck_orient_err: 0.0704, pts_bbox_NuScenes/truck_vel_err: 0.4285, pts_bbox_NuScenes/truck_attr_err: 0.2187, pts_bbox_NuScenes/construction_vehicle_AP_dist_0.5: 0.0091, pts_bbox_NuScenes/construction_vehicle_AP_dist_1.0: 0.1312, pts_bbox_NuScenes/construction_vehicle_AP_dist_2.0: 0.3888, pts_bbox_NuScenes/construction_vehicle_AP_dist_4.0: 0.4377, pts_bbox_NuScenes/construction_vehicle_trans_err: 0.8458, pts_bbox_NuScenes/construction_vehicle_scale_err: 0.4850, pts_bbox_NuScenes/construction_vehicle_orient_err: 0.8829, pts_bbox_NuScenes/construction_vehicle_vel_err: 0.1167, pts_bbox_NuScenes/construction_vehicle_attr_err: 0.3022, pts_bbox_NuScenes/bus_AP_dist_0.5: 0.4188, pts_bbox_NuScenes/bus_AP_dist_1.0: 0.7115, pts_bbox_NuScenes/bus_AP_dist_2.0: 0.8482, pts_bbox_NuScenes/bus_AP_dist_4.0: 0.8871, pts_bbox_NuScenes/bus_trans_err: 0.3901, pts_bbox_NuScenes/bus_scale_err: 0.1975, pts_bbox_NuScenes/bus_orient_err: 0.0791, pts_bbox_NuScenes/bus_vel_err: 0.7824, pts_bbox_NuScenes/bus_attr_err: 0.2661, pts_bbox_NuScenes/trailer_AP_dist_0.5: 0.1059, pts_bbox_NuScenes/trailer_AP_dist_1.0: 0.2899, pts_bbox_NuScenes/trailer_AP_dist_2.0: 0.4824, pts_bbox_NuScenes/trailer_AP_dist_4.0: 0.6113, pts_bbox_NuScenes/trailer_trans_err: 0.6048, pts_bbox_NuScenes/trailer_scale_err: 0.2412, pts_bbox_NuScenes/trailer_orient_err: 0.4910, pts_bbox_NuScenes/trailer_vel_err: 0.3758, pts_bbox_NuScenes/trailer_attr_err: 0.1631, pts_bbox_NuScenes/barrier_AP_dist_0.5: 0.5248, pts_bbox_NuScenes/barrier_AP_dist_1.0: 0.6514, pts_bbox_NuScenes/barrier_AP_dist_2.0: 0.7269, pts_bbox_NuScenes/barrier_AP_dist_4.0: 0.7522, pts_bbox_NuScenes/barrier_trans_err: 0.2578, pts_bbox_NuScenes/barrier_scale_err: 0.2820, pts_bbox_NuScenes/barrier_orient_err: 0.1005, pts_bbox_NuScenes/barrier_vel_err: nan, pts_bbox_NuScenes/barrier_attr_err: nan, pts_bbox_NuScenes/motorcycle_AP_dist_0.5: 0.5667, pts_bbox_NuScenes/motorcycle_AP_dist_1.0: 0.7171, pts_bbox_NuScenes/motorcycle_AP_dist_2.0: 0.7677, pts_bbox_NuScenes/motorcycle_AP_dist_4.0: 0.7802, pts_bbox_NuScenes/motorcycle_trans_err: 0.2555, pts_bbox_NuScenes/motorcycle_scale_err: 0.2463, pts_bbox_NuScenes/motorcycle_orient_err: 0.2363, pts_bbox_NuScenes/motorcycle_vel_err: 0.9094, pts_bbox_NuScenes/motorcycle_attr_err: 0.1748, pts_bbox_NuScenes/bicycle_AP_dist_0.5: 0.4878, pts_bbox_NuScenes/bicycle_AP_dist_1.0: 0.5554, pts_bbox_NuScenes/bicycle_AP_dist_2.0: 0.5726, pts_bbox_NuScenes/bicycle_AP_dist_4.0: 0.5830, pts_bbox_NuScenes/bicycle_trans_err: 0.2146, pts_bbox_NuScenes/bicycle_scale_err: 0.2743, pts_bbox_NuScenes/bicycle_orient_err: 0.3140, pts_bbox_NuScenes/bicycle_vel_err: 0.3048, pts_bbox_NuScenes/bicycle_attr_err: 0.0118, pts_bbox_NuScenes/pedestrian_AP_dist_0.5: 0.7461, pts_bbox_NuScenes/pedestrian_AP_dist_1.0: 0.8148, pts_bbox_NuScenes/pedestrian_AP_dist_2.0: 0.8488, pts_bbox_NuScenes/pedestrian_AP_dist_4.0: 0.8673, pts_bbox_NuScenes/pedestrian_trans_err: 0.1861, pts_bbox_NuScenes/pedestrian_scale_err: 0.2997, pts_bbox_NuScenes/pedestrian_orient_err: 0.3355, pts_bbox_NuScenes/pedestrian_vel_err: 0.2652, pts_bbox_NuScenes/pedestrian_attr_err: 0.1075, pts_bbox_NuScenes/traffic_cone_AP_dist_0.5: 0.6530, pts_bbox_NuScenes/traffic_cone_AP_dist_1.0: 0.7078, pts_bbox_NuScenes/traffic_cone_AP_dist_2.0: 0.7516, pts_bbox_NuScenes/traffic_cone_AP_dist_4.0: 0.7856, pts_bbox_NuScenes/traffic_cone_trans_err: 0.1800, pts_bbox_NuScenes/traffic_cone_scale_err: 0.3249, pts_bbox_NuScenes/traffic_cone_orient_err: nan, pts_bbox_NuScenes/traffic_cone_vel_err: nan, pts_bbox_NuScenes/traffic_cone_attr_err: nan, pts_bbox_NuScenes/NDS: 0.6571, pts_bbox_NuScenes/mAP: 0.6233
2025-06-25 21:15:36,635 - mmdet - INFO - Epoch [3][50/7033]	lr: 7.503e-05, eta: 8:15:18, time: 0.938, data_time: 0.158, memory: 4350, loss_cls: 0.1094, loss_bbox: 0.2625, d0.loss_cls: 0.2240, d0.loss_bbox: 0.3981, d1.loss_cls: 0.1520, d1.loss_bbox: 0.2976, d2.loss_cls: 0.1291, d2.loss_bbox: 0.2820, d3.loss_cls: 0.1193, d3.loss_bbox: 0.2628, d4.loss_cls: 0.1123, d4.loss_bbox: 0.2611, loss: 2.6101, grad_norm: 18.7138
2025-06-25 21:16:16,125 - mmdet - INFO - Epoch [3][100/7033]	lr: 7.503e-05, eta: 8:13:59, time: 0.790, data_time: 0.029, memory: 4350, loss_cls: 0.1119, loss_bbox: 0.2681, d0.loss_cls: 0.2186, d0.loss_bbox: 0.4113, d1.loss_cls: 0.1552, d1.loss_bbox: 0.3012, d2.loss_cls: 0.1309, d2.loss_bbox: 0.2910, d3.loss_cls: 0.1204, d3.loss_bbox: 0.2692, d4.loss_cls: 0.1137, d4.loss_bbox: 0.2669, loss: 2.6584, grad_norm: 18.0817
2025-06-25 21:16:55,649 - mmdet - INFO - Epoch [3][150/7033]	lr: 7.503e-05, eta: 8:12:39, time: 0.790, data_time: 0.028, memory: 4350, loss_cls: 0.1006, loss_bbox: 0.2625, d0.loss_cls: 0.2284, d0.loss_bbox: 0.3983, d1.loss_cls: 0.1554, d1.loss_bbox: 0.2968, d2.loss_cls: 0.1248, d2.loss_bbox: 0.2860, d3.loss_cls: 0.1109, d3.loss_bbox: 0.2630, d4.loss_cls: 0.1039, d4.loss_bbox: 0.2617, loss: 2.5923, grad_norm: 37.8607
2025-06-25 21:17:35,023 - mmdet - INFO - Epoch [3][200/7033]	lr: 7.503e-05, eta: 8:11:20, time: 0.787, data_time: 0.028, memory: 4350, loss_cls: 0.1080, loss_bbox: 0.2729, d0.loss_cls: 0.2272, d0.loss_bbox: 0.4126, d1.loss_cls: 0.1509, d1.loss_bbox: 0.3102, d2.loss_cls: 0.1245, d2.loss_bbox: 0.2993, d3.loss_cls: 0.1168, d3.loss_bbox: 0.2747, d4.loss_cls: 0.1096, d4.loss_bbox: 0.2718, loss: 2.6786, grad_norm: 19.2852
2025-06-25 21:18:14,825 - mmdet - INFO - Epoch [3][250/7033]	lr: 7.503e-05, eta: 8:10:02, time: 0.796, data_time: 0.029, memory: 4350, loss_cls: 0.1066, loss_bbox: 0.2611, d0.loss_cls: 0.2232, d0.loss_bbox: 0.3978, d1.loss_cls: 0.1508, d1.loss_bbox: 0.2950, d2.loss_cls: 0.1231, d2.loss_bbox: 0.2846, d3.loss_cls: 0.1128, d3.loss_bbox: 0.2634, d4.loss_cls: 0.1084, d4.loss_bbox: 0.2606, loss: 2.5873, grad_norm: 26.9249
2025-06-25 21:18:54,460 - mmdet - INFO - Epoch [3][300/7033]	lr: 7.503e-05, eta: 8:08:44, time: 0.793, data_time: 0.029, memory: 4350, loss_cls: 0.1046, loss_bbox: 0.2619, d0.loss_cls: 0.2277, d0.loss_bbox: 0.4001, d1.loss_cls: 0.1565, d1.loss_bbox: 0.2982, d2.loss_cls: 0.1277, d2.loss_bbox: 0.2876, d3.loss_cls: 0.1134, d3.loss_bbox: 0.2657, d4.loss_cls: 0.1069, d4.loss_bbox: 0.2611, loss: 2.6113, grad_norm: 28.9019
2025-06-25 21:19:33,903 - mmdet - INFO - Epoch [3][350/7033]	lr: 7.503e-05, eta: 8:07:26, time: 0.789, data_time: 0.026, memory: 4350, loss_cls: 0.1082, loss_bbox: 0.2766, d0.loss_cls: 0.2290, d0.loss_bbox: 0.4134, d1.loss_cls: 0.1568, d1.loss_bbox: 0.3101, d2.loss_cls: 0.1319, d2.loss_bbox: 0.2999, d3.loss_cls: 0.1196, d3.loss_bbox: 0.2768, d4.loss_cls: 0.1122, d4.loss_bbox: 0.2747, loss: 2.7092, grad_norm: 34.2930
2025-06-25 21:20:13,526 - mmdet - INFO - Epoch [3][400/7033]	lr: 7.503e-05, eta: 8:06:08, time: 0.792, data_time: 0.029, memory: 4350, loss_cls: 0.1071, loss_bbox: 0.2641, d0.loss_cls: 0.2282, d0.loss_bbox: 0.3898, d1.loss_cls: 0.1586, d1.loss_bbox: 0.2910, d2.loss_cls: 0.1316, d2.loss_bbox: 0.2829, d3.loss_cls: 0.1173, d3.loss_bbox: 0.2614, d4.loss_cls: 0.1091, d4.loss_bbox: 0.2627, loss: 2.6037, grad_norm: 24.1646
2025-06-25 21:20:53,022 - mmdet - INFO - Epoch [3][450/7033]	lr: 7.503e-05, eta: 8:04:51, time: 0.790, data_time: 0.027, memory: 4350, loss_cls: 0.1081, loss_bbox: 0.2647, d0.loss_cls: 0.2264, d0.loss_bbox: 0.3949, d1.loss_cls: 0.1589, d1.loss_bbox: 0.2973, d2.loss_cls: 0.1306, d2.loss_bbox: 0.2899, d3.loss_cls: 0.1187, d3.loss_bbox: 0.2651, d4.loss_cls: 0.1099, d4.loss_bbox: 0.2631, loss: 2.6277, grad_norm: 31.7251
2025-06-25 21:21:32,488 - mmdet - INFO - Epoch [3][500/7033]	lr: 7.503e-05, eta: 8:03:33, time: 0.789, data_time: 0.027, memory: 4350, loss_cls: 0.1082, loss_bbox: 0.2590, d0.loss_cls: 0.2246, d0.loss_bbox: 0.3907, d1.loss_cls: 0.1572, d1.loss_bbox: 0.2930, d2.loss_cls: 0.1294, d2.loss_bbox: 0.2818, d3.loss_cls: 0.1155, d3.loss_bbox: 0.2603, d4.loss_cls: 0.1102, d4.loss_bbox: 0.2569, loss: 2.5866, grad_norm: 31.0830
2025-06-25 21:22:12,075 - mmdet - INFO - Epoch [3][550/7033]	lr: 7.503e-05, eta: 8:02:17, time: 0.792, data_time: 0.029, memory: 4350, loss_cls: 0.0980, loss_bbox: 0.2673, d0.loss_cls: 0.2170, d0.loss_bbox: 0.3965, d1.loss_cls: 0.1457, d1.loss_bbox: 0.2981, d2.loss_cls: 0.1164, d2.loss_bbox: 0.2903, d3.loss_cls: 0.1059, d3.loss_bbox: 0.2695, d4.loss_cls: 0.0988, d4.loss_bbox: 0.2671, loss: 2.5706, grad_norm: 29.6525
2025-06-25 21:22:51,756 - mmdet - INFO - Epoch [3][600/7033]	lr: 7.503e-05, eta: 8:01:00, time: 0.794, data_time: 0.028, memory: 4350, loss_cls: 0.1072, loss_bbox: 0.2634, d0.loss_cls: 0.2255, d0.loss_bbox: 0.3985, d1.loss_cls: 0.1538, d1.loss_bbox: 0.2990, d2.loss_cls: 0.1285, d2.loss_bbox: 0.2872, d3.loss_cls: 0.1157, d3.loss_bbox: 0.2657, d4.loss_cls: 0.1103, d4.loss_bbox: 0.2620, loss: 2.6169, grad_norm: 43.9640
2025-06-25 21:23:31,369 - mmdet - INFO - Epoch [3][650/7033]	lr: 7.503e-05, eta: 7:59:44, time: 0.792, data_time: 0.029, memory: 4350, loss_cls: 0.0990, loss_bbox: 0.2590, d0.loss_cls: 0.2159, d0.loss_bbox: 0.4016, d1.loss_cls: 0.1484, d1.loss_bbox: 0.2928, d2.loss_cls: 0.1240, d2.loss_bbox: 0.2830, d3.loss_cls: 0.1073, d3.loss_bbox: 0.2620, d4.loss_cls: 0.1016, d4.loss_bbox: 0.2579, loss: 2.5524, grad_norm: 17.7101
2025-06-25 21:24:11,524 - mmdet - INFO - Epoch [3][700/7033]	lr: 7.503e-05, eta: 7:58:29, time: 0.803, data_time: 0.031, memory: 4350, loss_cls: 0.1131, loss_bbox: 0.2704, d0.loss_cls: 0.2274, d0.loss_bbox: 0.4119, d1.loss_cls: 0.1587, d1.loss_bbox: 0.3025, d2.loss_cls: 0.1366, d2.loss_bbox: 0.2926, d3.loss_cls: 0.1217, d3.loss_bbox: 0.2709, d4.loss_cls: 0.1148, d4.loss_bbox: 0.2684, loss: 2.6889, grad_norm: 20.3432
2025-06-25 21:24:51,409 - mmdet - INFO - Epoch [3][750/7033]	lr: 7.503e-05, eta: 7:57:13, time: 0.798, data_time: 0.033, memory: 4350, loss_cls: 0.1055, loss_bbox: 0.2652, d0.loss_cls: 0.2223, d0.loss_bbox: 0.4062, d1.loss_cls: 0.1503, d1.loss_bbox: 0.3011, d2.loss_cls: 0.1253, d2.loss_bbox: 0.2877, d3.loss_cls: 0.1163, d3.loss_bbox: 0.2669, d4.loss_cls: 0.1080, d4.loss_bbox: 0.2636, loss: 2.6183, grad_norm: 27.0965
2025-06-25 21:25:31,197 - mmdet - INFO - Epoch [3][800/7033]	lr: 7.503e-05, eta: 7:55:58, time: 0.796, data_time: 0.029, memory: 4350, loss_cls: 0.1144, loss_bbox: 0.2662, d0.loss_cls: 0.2287, d0.loss_bbox: 0.4062, d1.loss_cls: 0.1606, d1.loss_bbox: 0.2963, d2.loss_cls: 0.1336, d2.loss_bbox: 0.2859, d3.loss_cls: 0.1244, d3.loss_bbox: 0.2663, d4.loss_cls: 0.1163, d4.loss_bbox: 0.2651, loss: 2.6639, grad_norm: 22.4566
2025-06-25 21:26:11,755 - mmdet - INFO - Epoch [3][850/7033]	lr: 7.503e-05, eta: 7:54:45, time: 0.811, data_time: 0.033, memory: 4350, loss_cls: 0.1022, loss_bbox: 0.2690, d0.loss_cls: 0.2155, d0.loss_bbox: 0.4017, d1.loss_cls: 0.1504, d1.loss_bbox: 0.2972, d2.loss_cls: 0.1230, d2.loss_bbox: 0.2884, d3.loss_cls: 0.1116, d3.loss_bbox: 0.2692, d4.loss_cls: 0.1038, d4.loss_bbox: 0.2669, loss: 2.5992, grad_norm: 16.9384
2025-06-25 21:26:51,578 - mmdet - INFO - Epoch [3][900/7033]	lr: 7.503e-05, eta: 7:53:30, time: 0.796, data_time: 0.032, memory: 4350, loss_cls: 0.1076, loss_bbox: 0.2704, d0.loss_cls: 0.2286, d0.loss_bbox: 0.4130, d1.loss_cls: 0.1568, d1.loss_bbox: 0.3054, d2.loss_cls: 0.1286, d2.loss_bbox: 0.2960, d3.loss_cls: 0.1186, d3.loss_bbox: 0.2720, d4.loss_cls: 0.1106, d4.loss_bbox: 0.2696, loss: 2.6772, grad_norm: 31.3628
2025-06-25 21:27:31,009 - mmdet - INFO - Epoch [3][950/7033]	lr: 7.503e-05, eta: 7:52:15, time: 0.788, data_time: 0.029, memory: 4350, loss_cls: 0.1037, loss_bbox: 0.2640, d0.loss_cls: 0.2205, d0.loss_bbox: 0.4043, d1.loss_cls: 0.1550, d1.loss_bbox: 0.2959, d2.loss_cls: 0.1273, d2.loss_bbox: 0.2830, d3.loss_cls: 0.1130, d3.loss_bbox: 0.2632, d4.loss_cls: 0.1041, d4.loss_bbox: 0.2628, loss: 2.5969, grad_norm: 25.9545
2025-06-25 21:28:10,949 - mmdet - INFO - Epoch [3][1000/7033]	lr: 7.503e-05, eta: 7:51:01, time: 0.799, data_time: 0.031, memory: 4350, loss_cls: 0.0990, loss_bbox: 0.2528, d0.loss_cls: 0.2135, d0.loss_bbox: 0.3905, d1.loss_cls: 0.1475, d1.loss_bbox: 0.2837, d2.loss_cls: 0.1188, d2.loss_bbox: 0.2734, d3.loss_cls: 0.1061, d3.loss_bbox: 0.2549, d4.loss_cls: 0.1010, d4.loss_bbox: 0.2524, loss: 2.4937, grad_norm: 29.8898
2025-06-25 21:28:50,693 - mmdet - INFO - Epoch [3][1050/7033]	lr: 7.503e-05, eta: 7:49:46, time: 0.795, data_time: 0.031, memory: 4350, loss_cls: 0.0959, loss_bbox: 0.2576, d0.loss_cls: 0.2228, d0.loss_bbox: 0.3821, d1.loss_cls: 0.1514, d1.loss_bbox: 0.2848, d2.loss_cls: 0.1191, d2.loss_bbox: 0.2777, d3.loss_cls: 0.1070, d3.loss_bbox: 0.2584, d4.loss_cls: 0.0989, d4.loss_bbox: 0.2559, loss: 2.5117, grad_norm: 25.6236
2025-06-25 21:29:30,584 - mmdet - INFO - Epoch [3][1100/7033]	lr: 7.503e-05, eta: 7:48:33, time: 0.798, data_time: 0.029, memory: 4350, loss_cls: 0.1044, loss_bbox: 0.2601, d0.loss_cls: 0.2162, d0.loss_bbox: 0.3933, d1.loss_cls: 0.1501, d1.loss_bbox: 0.2951, d2.loss_cls: 0.1221, d2.loss_bbox: 0.2844, d3.loss_cls: 0.1115, d3.loss_bbox: 0.2625, d4.loss_cls: 0.1069, d4.loss_bbox: 0.2591, loss: 2.5656, grad_norm: 24.4010
2025-06-25 21:30:10,432 - mmdet - INFO - Epoch [3][1150/7033]	lr: 7.503e-05, eta: 7:47:19, time: 0.797, data_time: 0.030, memory: 4350, loss_cls: 0.1130, loss_bbox: 0.2742, d0.loss_cls: 0.2319, d0.loss_bbox: 0.4083, d1.loss_cls: 0.1619, d1.loss_bbox: 0.3054, d2.loss_cls: 0.1318, d2.loss_bbox: 0.2983, d3.loss_cls: 0.1209, d3.loss_bbox: 0.2753, d4.loss_cls: 0.1139, d4.loss_bbox: 0.2727, loss: 2.7077, grad_norm: 24.2025
2025-06-25 21:30:50,308 - mmdet - INFO - Epoch [3][1200/7033]	lr: 7.503e-05, eta: 7:46:06, time: 0.798, data_time: 0.030, memory: 4350, loss_cls: 0.1016, loss_bbox: 0.2623, d0.loss_cls: 0.2238, d0.loss_bbox: 0.4051, d1.loss_cls: 0.1491, d1.loss_bbox: 0.3000, d2.loss_cls: 0.1235, d2.loss_bbox: 0.2885, d3.loss_cls: 0.1087, d3.loss_bbox: 0.2651, d4.loss_cls: 0.1031, d4.loss_bbox: 0.2609, loss: 2.5917, grad_norm: 57.9073
2025-06-25 21:31:29,997 - mmdet - INFO - Epoch [3][1250/7033]	lr: 7.503e-05, eta: 7:44:52, time: 0.794, data_time: 0.029, memory: 4350, loss_cls: 0.1046, loss_bbox: 0.2677, d0.loss_cls: 0.2221, d0.loss_bbox: 0.4122, d1.loss_cls: 0.1526, d1.loss_bbox: 0.3049, d2.loss_cls: 0.1266, d2.loss_bbox: 0.2914, d3.loss_cls: 0.1151, d3.loss_bbox: 0.2669, d4.loss_cls: 0.1063, d4.loss_bbox: 0.2655, loss: 2.6360, grad_norm: 23.0710
2025-06-25 21:32:09,824 - mmdet - INFO - Epoch [3][1300/7033]	lr: 7.503e-05, eta: 7:43:40, time: 0.797, data_time: 0.030, memory: 4350, loss_cls: 0.1049, loss_bbox: 0.2574, d0.loss_cls: 0.2214, d0.loss_bbox: 0.3964, d1.loss_cls: 0.1504, d1.loss_bbox: 0.2921, d2.loss_cls: 0.1247, d2.loss_bbox: 0.2811, d3.loss_cls: 0.1133, d3.loss_bbox: 0.2582, d4.loss_cls: 0.1068, d4.loss_bbox: 0.2560, loss: 2.5626, grad_norm: 20.8011
2025-06-25 21:32:49,355 - mmdet - INFO - Epoch [3][1350/7033]	lr: 7.503e-05, eta: 7:42:26, time: 0.791, data_time: 0.028, memory: 4350, loss_cls: 0.1096, loss_bbox: 0.2676, d0.loss_cls: 0.2252, d0.loss_bbox: 0.4021, d1.loss_cls: 0.1577, d1.loss_bbox: 0.3002, d2.loss_cls: 0.1324, d2.loss_bbox: 0.2891, d3.loss_cls: 0.1198, d3.loss_bbox: 0.2671, d4.loss_cls: 0.1130, d4.loss_bbox: 0.2657, loss: 2.6496, grad_norm: 24.2047
2025-06-25 21:33:28,898 - mmdet - INFO - Epoch [3][1400/7033]	lr: 7.503e-05, eta: 7:41:13, time: 0.791, data_time: 0.027, memory: 4350, loss_cls: 0.1088, loss_bbox: 0.2647, d0.loss_cls: 0.2276, d0.loss_bbox: 0.4031, d1.loss_cls: 0.1634, d1.loss_bbox: 0.2995, d2.loss_cls: 0.1328, d2.loss_bbox: 0.2868, d3.loss_cls: 0.1204, d3.loss_bbox: 0.2657, d4.loss_cls: 0.1125, d4.loss_bbox: 0.2624, loss: 2.6478, grad_norm: 24.8532
2025-06-25 21:34:08,396 - mmdet - INFO - Epoch [3][1450/7033]	lr: 7.503e-05, eta: 7:40:00, time: 0.790, data_time: 0.028, memory: 4350, loss_cls: 0.1139, loss_bbox: 0.2754, d0.loss_cls: 0.2311, d0.loss_bbox: 0.4125, d1.loss_cls: 0.1565, d1.loss_bbox: 0.3073, d2.loss_cls: 0.1332, d2.loss_bbox: 0.2960, d3.loss_cls: 0.1210, d3.loss_bbox: 0.2748, d4.loss_cls: 0.1165, d4.loss_bbox: 0.2719, loss: 2.7102, grad_norm: 28.5350
2025-06-25 21:34:48,045 - mmdet - INFO - Epoch [3][1500/7033]	lr: 7.503e-05, eta: 7:38:48, time: 0.793, data_time: 0.029, memory: 4350, loss_cls: 0.1113, loss_bbox: 0.2642, d0.loss_cls: 0.2230, d0.loss_bbox: 0.4035, d1.loss_cls: 0.1565, d1.loss_bbox: 0.2970, d2.loss_cls: 0.1335, d2.loss_bbox: 0.2901, d3.loss_cls: 0.1221, d3.loss_bbox: 0.2659, d4.loss_cls: 0.1129, d4.loss_bbox: 0.2646, loss: 2.6445, grad_norm: 23.6773
2025-06-25 21:35:27,263 - mmdet - INFO - Epoch [3][1550/7033]	lr: 7.503e-05, eta: 7:37:35, time: 0.784, data_time: 0.026, memory: 4350, loss_cls: 0.1035, loss_bbox: 0.2615, d0.loss_cls: 0.2235, d0.loss_bbox: 0.4048, d1.loss_cls: 0.1535, d1.loss_bbox: 0.2974, d2.loss_cls: 0.1251, d2.loss_bbox: 0.2861, d3.loss_cls: 0.1131, d3.loss_bbox: 0.2628, d4.loss_cls: 0.1060, d4.loss_bbox: 0.2590, loss: 2.5963, grad_norm: 22.1534
2025-06-25 21:36:06,948 - mmdet - INFO - Epoch [3][1600/7033]	lr: 7.503e-05, eta: 7:36:23, time: 0.794, data_time: 0.029, memory: 4350, loss_cls: 0.1050, loss_bbox: 0.2638, d0.loss_cls: 0.2240, d0.loss_bbox: 0.3999, d1.loss_cls: 0.1544, d1.loss_bbox: 0.2945, d2.loss_cls: 0.1282, d2.loss_bbox: 0.2847, d3.loss_cls: 0.1135, d3.loss_bbox: 0.2661, d4.loss_cls: 0.1059, d4.loss_bbox: 0.2629, loss: 2.6028, grad_norm: 27.3582
2025-06-25 21:36:46,355 - mmdet - INFO - Epoch [3][1650/7033]	lr: 7.503e-05, eta: 7:35:11, time: 0.788, data_time: 0.027, memory: 4350, loss_cls: 0.1001, loss_bbox: 0.2590, d0.loss_cls: 0.2184, d0.loss_bbox: 0.3951, d1.loss_cls: 0.1508, d1.loss_bbox: 0.2905, d2.loss_cls: 0.1214, d2.loss_bbox: 0.2816, d3.loss_cls: 0.1090, d3.loss_bbox: 0.2602, d4.loss_cls: 0.1036, d4.loss_bbox: 0.2571, loss: 2.5468, grad_norm: 22.7522
2025-06-25 21:37:25,899 - mmdet - INFO - Epoch [3][1700/7033]	lr: 7.503e-05, eta: 7:33:59, time: 0.791, data_time: 0.029, memory: 4350, loss_cls: 0.0987, loss_bbox: 0.2481, d0.loss_cls: 0.2098, d0.loss_bbox: 0.3841, d1.loss_cls: 0.1450, d1.loss_bbox: 0.2795, d2.loss_cls: 0.1194, d2.loss_bbox: 0.2706, d3.loss_cls: 0.1069, d3.loss_bbox: 0.2500, d4.loss_cls: 0.1011, d4.loss_bbox: 0.2464, loss: 2.4597, grad_norm: 19.8877
2025-06-25 21:38:05,609 - mmdet - INFO - Epoch [3][1750/7033]	lr: 7.503e-05, eta: 7:32:48, time: 0.794, data_time: 0.028, memory: 4350, loss_cls: 0.1030, loss_bbox: 0.2537, d0.loss_cls: 0.2279, d0.loss_bbox: 0.3983, d1.loss_cls: 0.1560, d1.loss_bbox: 0.2922, d2.loss_cls: 0.1243, d2.loss_bbox: 0.2805, d3.loss_cls: 0.1117, d3.loss_bbox: 0.2562, d4.loss_cls: 0.1045, d4.loss_bbox: 0.2531, loss: 2.5613, grad_norm: 18.9386
2025-06-25 21:38:45,053 - mmdet - INFO - Epoch [3][1800/7033]	lr: 7.503e-05, eta: 7:31:37, time: 0.789, data_time: 0.025, memory: 4350, loss_cls: 0.1017, loss_bbox: 0.2611, d0.loss_cls: 0.2184, d0.loss_bbox: 0.3950, d1.loss_cls: 0.1490, d1.loss_bbox: 0.2961, d2.loss_cls: 0.1230, d2.loss_bbox: 0.2851, d3.loss_cls: 0.1106, d3.loss_bbox: 0.2637, d4.loss_cls: 0.1035, d4.loss_bbox: 0.2608, loss: 2.5681, grad_norm: 41.0196
2025-06-25 21:39:24,722 - mmdet - INFO - Epoch [3][1850/7033]	lr: 7.503e-05, eta: 7:30:26, time: 0.793, data_time: 0.027, memory: 4350, loss_cls: 0.1055, loss_bbox: 0.2600, d0.loss_cls: 0.2170, d0.loss_bbox: 0.4061, d1.loss_cls: 0.1535, d1.loss_bbox: 0.2967, d2.loss_cls: 0.1252, d2.loss_bbox: 0.2850, d3.loss_cls: 0.1146, d3.loss_bbox: 0.2590, d4.loss_cls: 0.1077, d4.loss_bbox: 0.2578, loss: 2.5879, grad_norm: 24.8815
2025-06-25 21:40:04,358 - mmdet - INFO - Epoch [3][1900/7033]	lr: 7.503e-05, eta: 7:29:15, time: 0.793, data_time: 0.029, memory: 4350, loss_cls: 0.1054, loss_bbox: 0.2636, d0.loss_cls: 0.2290, d0.loss_bbox: 0.4004, d1.loss_cls: 0.1517, d1.loss_bbox: 0.2969, d2.loss_cls: 0.1269, d2.loss_bbox: 0.2850, d3.loss_cls: 0.1138, d3.loss_bbox: 0.2640, d4.loss_cls: 0.1069, d4.loss_bbox: 0.2623, loss: 2.6060, grad_norm: 23.2039
2025-06-25 21:40:44,127 - mmdet - INFO - Epoch [3][1950/7033]	lr: 7.503e-05, eta: 7:28:05, time: 0.795, data_time: 0.030, memory: 4350, loss_cls: 0.1020, loss_bbox: 0.2701, d0.loss_cls: 0.2220, d0.loss_bbox: 0.4015, d1.loss_cls: 0.1541, d1.loss_bbox: 0.3037, d2.loss_cls: 0.1237, d2.loss_bbox: 0.2935, d3.loss_cls: 0.1118, d3.loss_bbox: 0.2729, d4.loss_cls: 0.1037, d4.loss_bbox: 0.2701, loss: 2.6291, grad_norm: 47.7465
2025-06-25 21:41:23,795 - mmdet - INFO - Epoch [3][2000/7033]	lr: 7.503e-05, eta: 7:26:54, time: 0.793, data_time: 0.031, memory: 4350, loss_cls: 0.0961, loss_bbox: 0.2480, d0.loss_cls: 0.2216, d0.loss_bbox: 0.3849, d1.loss_cls: 0.1469, d1.loss_bbox: 0.2807, d2.loss_cls: 0.1199, d2.loss_bbox: 0.2675, d3.loss_cls: 0.1052, d3.loss_bbox: 0.2499, d4.loss_cls: 0.0990, d4.loss_bbox: 0.2470, loss: 2.4668, grad_norm: 18.5377
2025-06-25 21:42:03,756 - mmdet - INFO - Epoch [3][2050/7033]	lr: 7.503e-05, eta: 7:25:45, time: 0.799, data_time: 0.032, memory: 4350, loss_cls: 0.0965, loss_bbox: 0.2571, d0.loss_cls: 0.2195, d0.loss_bbox: 0.3955, d1.loss_cls: 0.1466, d1.loss_bbox: 0.2920, d2.loss_cls: 0.1205, d2.loss_bbox: 0.2796, d3.loss_cls: 0.1054, d3.loss_bbox: 0.2609, d4.loss_cls: 0.0981, d4.loss_bbox: 0.2565, loss: 2.5282, grad_norm: 22.4883
2025-06-25 21:42:43,296 - mmdet - INFO - Epoch [3][2100/7033]	lr: 7.503e-05, eta: 7:24:34, time: 0.791, data_time: 0.029, memory: 4350, loss_cls: 0.1036, loss_bbox: 0.2706, d0.loss_cls: 0.2251, d0.loss_bbox: 0.4084, d1.loss_cls: 0.1550, d1.loss_bbox: 0.3046, d2.loss_cls: 0.1291, d2.loss_bbox: 0.2922, d3.loss_cls: 0.1158, d3.loss_bbox: 0.2685, d4.loss_cls: 0.1061, d4.loss_bbox: 0.2681, loss: 2.6471, grad_norm: 25.9497
2025-06-25 21:43:23,125 - mmdet - INFO - Epoch [3][2150/7033]	lr: 7.503e-05, eta: 7:23:25, time: 0.797, data_time: 0.030, memory: 4350, loss_cls: 0.0969, loss_bbox: 0.2522, d0.loss_cls: 0.2220, d0.loss_bbox: 0.3929, d1.loss_cls: 0.1476, d1.loss_bbox: 0.2870, d2.loss_cls: 0.1174, d2.loss_bbox: 0.2769, d3.loss_cls: 0.1078, d3.loss_bbox: 0.2534, d4.loss_cls: 0.0990, d4.loss_bbox: 0.2504, loss: 2.5036, grad_norm: 31.1749
2025-06-25 21:44:02,978 - mmdet - INFO - Epoch [3][2200/7033]	lr: 7.503e-05, eta: 7:22:16, time: 0.797, data_time: 0.030, memory: 4350, loss_cls: 0.1077, loss_bbox: 0.2549, d0.loss_cls: 0.2188, d0.loss_bbox: 0.3965, d1.loss_cls: 0.1549, d1.loss_bbox: 0.2907, d2.loss_cls: 0.1290, d2.loss_bbox: 0.2787, d3.loss_cls: 0.1162, d3.loss_bbox: 0.2573, d4.loss_cls: 0.1086, d4.loss_bbox: 0.2559, loss: 2.5691, grad_norm: 23.5381
2025-06-25 21:44:42,531 - mmdet - INFO - Epoch [3][2250/7033]	lr: 7.503e-05, eta: 7:21:06, time: 0.791, data_time: 0.027, memory: 4350, loss_cls: 0.1009, loss_bbox: 0.2485, d0.loss_cls: 0.2209, d0.loss_bbox: 0.3947, d1.loss_cls: 0.1489, d1.loss_bbox: 0.2891, d2.loss_cls: 0.1234, d2.loss_bbox: 0.2743, d3.loss_cls: 0.1111, d3.loss_bbox: 0.2525, d4.loss_cls: 0.1028, d4.loss_bbox: 0.2489, loss: 2.5160, grad_norm: 24.1636
2025-06-25 21:45:22,117 - mmdet - INFO - Epoch [3][2300/7033]	lr: 7.503e-05, eta: 7:19:57, time: 0.792, data_time: 0.030, memory: 4350, loss_cls: 0.1132, loss_bbox: 0.2626, d0.loss_cls: 0.2278, d0.loss_bbox: 0.3973, d1.loss_cls: 0.1594, d1.loss_bbox: 0.2959, d2.loss_cls: 0.1319, d2.loss_bbox: 0.2842, d3.loss_cls: 0.1223, d3.loss_bbox: 0.2635, d4.loss_cls: 0.1150, d4.loss_bbox: 0.2612, loss: 2.6344, grad_norm: 31.5887
2025-06-25 21:46:01,694 - mmdet - INFO - Epoch [3][2350/7033]	lr: 7.503e-05, eta: 7:18:48, time: 0.792, data_time: 0.029, memory: 4350, loss_cls: 0.1145, loss_bbox: 0.2681, d0.loss_cls: 0.2363, d0.loss_bbox: 0.4091, d1.loss_cls: 0.1619, d1.loss_bbox: 0.3028, d2.loss_cls: 0.1335, d2.loss_bbox: 0.2913, d3.loss_cls: 0.1220, d3.loss_bbox: 0.2690, d4.loss_cls: 0.1154, d4.loss_bbox: 0.2671, loss: 2.6911, grad_norm: 40.3898
2025-06-25 21:46:41,667 - mmdet - INFO - Epoch [3][2400/7033]	lr: 7.503e-05, eta: 7:17:39, time: 0.799, data_time: 0.029, memory: 4350, loss_cls: 0.1089, loss_bbox: 0.2617, d0.loss_cls: 0.2291, d0.loss_bbox: 0.4056, d1.loss_cls: 0.1570, d1.loss_bbox: 0.2954, d2.loss_cls: 0.1311, d2.loss_bbox: 0.2842, d3.loss_cls: 0.1186, d3.loss_bbox: 0.2620, d4.loss_cls: 0.1106, d4.loss_bbox: 0.2611, loss: 2.6252, grad_norm: 25.4398
2025-06-25 21:47:21,686 - mmdet - INFO - Epoch [3][2450/7033]	lr: 7.503e-05, eta: 7:16:31, time: 0.800, data_time: 0.031, memory: 4350, loss_cls: 0.0997, loss_bbox: 0.2594, d0.loss_cls: 0.2229, d0.loss_bbox: 0.3955, d1.loss_cls: 0.1516, d1.loss_bbox: 0.2909, d2.loss_cls: 0.1230, d2.loss_bbox: 0.2781, d3.loss_cls: 0.1091, d3.loss_bbox: 0.2592, d4.loss_cls: 0.1008, d4.loss_bbox: 0.2583, loss: 2.5487, grad_norm: 20.3606
2025-06-25 21:48:01,262 - mmdet - INFO - Epoch [3][2500/7033]	lr: 7.503e-05, eta: 7:15:22, time: 0.792, data_time: 0.031, memory: 4350, loss_cls: 0.1038, loss_bbox: 0.2580, d0.loss_cls: 0.2288, d0.loss_bbox: 0.4000, d1.loss_cls: 0.1496, d1.loss_bbox: 0.2938, d2.loss_cls: 0.1233, d2.loss_bbox: 0.2809, d3.loss_cls: 0.1124, d3.loss_bbox: 0.2621, d4.loss_cls: 0.1058, d4.loss_bbox: 0.2579, loss: 2.5765, grad_norm: 21.6776
2025-06-25 21:48:41,102 - mmdet - INFO - Epoch [3][2550/7033]	lr: 7.503e-05, eta: 7:14:14, time: 0.796, data_time: 0.029, memory: 4350, loss_cls: 0.1052, loss_bbox: 0.2681, d0.loss_cls: 0.2177, d0.loss_bbox: 0.4022, d1.loss_cls: 0.1486, d1.loss_bbox: 0.2976, d2.loss_cls: 0.1232, d2.loss_bbox: 0.2891, d3.loss_cls: 0.1136, d3.loss_bbox: 0.2675, d4.loss_cls: 0.1065, d4.loss_bbox: 0.2660, loss: 2.6053, grad_norm: 34.7466
2025-06-25 21:49:21,912 - mmdet - INFO - Epoch [3][2600/7033]	lr: 7.503e-05, eta: 7:13:08, time: 0.817, data_time: 0.032, memory: 4350, loss_cls: 0.1067, loss_bbox: 0.2582, d0.loss_cls: 0.2244, d0.loss_bbox: 0.3900, d1.loss_cls: 0.1519, d1.loss_bbox: 0.2878, d2.loss_cls: 0.1286, d2.loss_bbox: 0.2765, d3.loss_cls: 0.1174, d3.loss_bbox: 0.2553, d4.loss_cls: 0.1084, d4.loss_bbox: 0.2560, loss: 2.5611, grad_norm: 25.1972
2025-06-25 21:50:01,610 - mmdet - INFO - Epoch [3][2650/7033]	lr: 7.503e-05, eta: 7:12:00, time: 0.794, data_time: 0.030, memory: 4350, loss_cls: 0.1036, loss_bbox: 0.2575, d0.loss_cls: 0.2168, d0.loss_bbox: 0.3893, d1.loss_cls: 0.1514, d1.loss_bbox: 0.2860, d2.loss_cls: 0.1251, d2.loss_bbox: 0.2781, d3.loss_cls: 0.1128, d3.loss_bbox: 0.2568, d4.loss_cls: 0.1058, d4.loss_bbox: 0.2556, loss: 2.5388, grad_norm: 39.4057
2025-06-25 21:50:41,080 - mmdet - INFO - Epoch [3][2700/7033]	lr: 7.503e-05, eta: 7:10:52, time: 0.789, data_time: 0.027, memory: 4350, loss_cls: 0.1042, loss_bbox: 0.2660, d0.loss_cls: 0.2161, d0.loss_bbox: 0.4035, d1.loss_cls: 0.1522, d1.loss_bbox: 0.3000, d2.loss_cls: 0.1234, d2.loss_bbox: 0.2897, d3.loss_cls: 0.1132, d3.loss_bbox: 0.2673, d4.loss_cls: 0.1062, d4.loss_bbox: 0.2648, loss: 2.6066, grad_norm: 26.9895
2025-06-25 21:51:20,930 - mmdet - INFO - Epoch [3][2750/7033]	lr: 7.503e-05, eta: 7:09:44, time: 0.797, data_time: 0.030, memory: 4350, loss_cls: 0.1009, loss_bbox: 0.2568, d0.loss_cls: 0.2139, d0.loss_bbox: 0.3974, d1.loss_cls: 0.1485, d1.loss_bbox: 0.2896, d2.loss_cls: 0.1220, d2.loss_bbox: 0.2799, d3.loss_cls: 0.1093, d3.loss_bbox: 0.2584, d4.loss_cls: 0.1022, d4.loss_bbox: 0.2571, loss: 2.5361, grad_norm: 25.7897
2025-06-25 21:52:00,734 - mmdet - INFO - Epoch [3][2800/7033]	lr: 7.503e-05, eta: 7:08:37, time: 0.796, data_time: 0.028, memory: 4350, loss_cls: 0.1089, loss_bbox: 0.2673, d0.loss_cls: 0.2248, d0.loss_bbox: 0.4080, d1.loss_cls: 0.1555, d1.loss_bbox: 0.3016, d2.loss_cls: 0.1308, d2.loss_bbox: 0.2913, d3.loss_cls: 0.1162, d3.loss_bbox: 0.2705, d4.loss_cls: 0.1106, d4.loss_bbox: 0.2671, loss: 2.6525, grad_norm: 25.6732
2025-06-25 21:52:40,308 - mmdet - INFO - Epoch [3][2850/7033]	lr: 7.503e-05, eta: 7:07:30, time: 0.791, data_time: 0.026, memory: 4350, loss_cls: 0.1085, loss_bbox: 0.2651, d0.loss_cls: 0.2215, d0.loss_bbox: 0.4048, d1.loss_cls: 0.1560, d1.loss_bbox: 0.2955, d2.loss_cls: 0.1270, d2.loss_bbox: 0.2893, d3.loss_cls: 0.1144, d3.loss_bbox: 0.2671, d4.loss_cls: 0.1089, d4.loss_bbox: 0.2653, loss: 2.6234, grad_norm: 20.1834
2025-06-25 21:53:19,783 - mmdet - INFO - Epoch [3][2900/7033]	lr: 7.503e-05, eta: 7:06:22, time: 0.790, data_time: 0.028, memory: 4350, loss_cls: 0.1026, loss_bbox: 0.2563, d0.loss_cls: 0.2209, d0.loss_bbox: 0.3885, d1.loss_cls: 0.1525, d1.loss_bbox: 0.2884, d2.loss_cls: 0.1273, d2.loss_bbox: 0.2785, d3.loss_cls: 0.1117, d3.loss_bbox: 0.2595, d4.loss_cls: 0.1040, d4.loss_bbox: 0.2563, loss: 2.5464, grad_norm: 26.3954
2025-06-25 21:53:59,355 - mmdet - INFO - Epoch [3][2950/7033]	lr: 7.503e-05, eta: 7:05:15, time: 0.791, data_time: 0.027, memory: 4350, loss_cls: 0.0959, loss_bbox: 0.2500, d0.loss_cls: 0.2114, d0.loss_bbox: 0.3844, d1.loss_cls: 0.1445, d1.loss_bbox: 0.2781, d2.loss_cls: 0.1174, d2.loss_bbox: 0.2667, d3.loss_cls: 0.1035, d3.loss_bbox: 0.2485, d4.loss_cls: 0.0989, d4.loss_bbox: 0.2466, loss: 2.4460, grad_norm: 27.1044
2025-06-25 21:54:38,735 - mmdet - INFO - Epoch [3][3000/7033]	lr: 7.503e-05, eta: 7:04:08, time: 0.788, data_time: 0.026, memory: 4350, loss_cls: 0.0975, loss_bbox: 0.2567, d0.loss_cls: 0.2195, d0.loss_bbox: 0.3969, d1.loss_cls: 0.1428, d1.loss_bbox: 0.2917, d2.loss_cls: 0.1182, d2.loss_bbox: 0.2797, d3.loss_cls: 0.1077, d3.loss_bbox: 0.2591, d4.loss_cls: 0.1003, d4.loss_bbox: 0.2547, loss: 2.5247, grad_norm: 25.1160
2025-06-25 21:55:18,236 - mmdet - INFO - Epoch [3][3050/7033]	lr: 7.503e-05, eta: 7:03:01, time: 0.790, data_time: 0.027, memory: 4350, loss_cls: 0.1005, loss_bbox: 0.2636, d0.loss_cls: 0.2154, d0.loss_bbox: 0.3919, d1.loss_cls: 0.1431, d1.loss_bbox: 0.2947, d2.loss_cls: 0.1193, d2.loss_bbox: 0.2870, d3.loss_cls: 0.1085, d3.loss_bbox: 0.2657, d4.loss_cls: 0.1033, d4.loss_bbox: 0.2625, loss: 2.5554, grad_norm: 23.3531
2025-06-25 21:55:57,666 - mmdet - INFO - Epoch [3][3100/7033]	lr: 7.503e-05, eta: 7:01:54, time: 0.789, data_time: 0.027, memory: 4350, loss_cls: 0.1081, loss_bbox: 0.2606, d0.loss_cls: 0.2282, d0.loss_bbox: 0.3995, d1.loss_cls: 0.1559, d1.loss_bbox: 0.2925, d2.loss_cls: 0.1247, d2.loss_bbox: 0.2824, d3.loss_cls: 0.1159, d3.loss_bbox: 0.2607, d4.loss_cls: 0.1088, d4.loss_bbox: 0.2594, loss: 2.5968, grad_norm: 24.5659
2025-06-25 21:56:37,118 - mmdet - INFO - Epoch [3][3150/7033]	lr: 7.503e-05, eta: 7:00:47, time: 0.789, data_time: 0.027, memory: 4350, loss_cls: 0.1014, loss_bbox: 0.2487, d0.loss_cls: 0.2130, d0.loss_bbox: 0.3801, d1.loss_cls: 0.1441, d1.loss_bbox: 0.2819, d2.loss_cls: 0.1193, d2.loss_bbox: 0.2700, d3.loss_cls: 0.1079, d3.loss_bbox: 0.2502, d4.loss_cls: 0.1028, d4.loss_bbox: 0.2478, loss: 2.4672, grad_norm: 32.8271
2025-06-25 21:57:16,704 - mmdet - INFO - Epoch [3][3200/7033]	lr: 7.503e-05, eta: 6:59:41, time: 0.792, data_time: 0.027, memory: 4350, loss_cls: 0.1107, loss_bbox: 0.2532, d0.loss_cls: 0.2259, d0.loss_bbox: 0.3975, d1.loss_cls: 0.1532, d1.loss_bbox: 0.2876, d2.loss_cls: 0.1286, d2.loss_bbox: 0.2793, d3.loss_cls: 0.1169, d3.loss_bbox: 0.2568, d4.loss_cls: 0.1114, d4.loss_bbox: 0.2531, loss: 2.5741, grad_norm: 22.4396
2025-06-25 21:57:56,285 - mmdet - INFO - Epoch [3][3250/7033]	lr: 7.503e-05, eta: 6:58:35, time: 0.792, data_time: 0.027, memory: 4350, loss_cls: 0.1030, loss_bbox: 0.2453, d0.loss_cls: 0.2229, d0.loss_bbox: 0.3735, d1.loss_cls: 0.1508, d1.loss_bbox: 0.2776, d2.loss_cls: 0.1240, d2.loss_bbox: 0.2662, d3.loss_cls: 0.1105, d3.loss_bbox: 0.2466, d4.loss_cls: 0.1048, d4.loss_bbox: 0.2434, loss: 2.4687, grad_norm: 18.5940
2025-06-25 21:58:35,690 - mmdet - INFO - Epoch [3][3300/7033]	lr: 7.503e-05, eta: 6:57:28, time: 0.788, data_time: 0.027, memory: 4350, loss_cls: 0.1069, loss_bbox: 0.2581, d0.loss_cls: 0.2241, d0.loss_bbox: 0.4016, d1.loss_cls: 0.1551, d1.loss_bbox: 0.2917, d2.loss_cls: 0.1262, d2.loss_bbox: 0.2828, d3.loss_cls: 0.1147, d3.loss_bbox: 0.2610, d4.loss_cls: 0.1086, d4.loss_bbox: 0.2572, loss: 2.5879, grad_norm: 26.4488
2025-06-25 21:59:16,596 - mmdet - INFO - Epoch [3][3350/7033]	lr: 7.503e-05, eta: 6:56:24, time: 0.818, data_time: 0.033, memory: 4350, loss_cls: 0.0968, loss_bbox: 0.2570, d0.loss_cls: 0.2206, d0.loss_bbox: 0.3966, d1.loss_cls: 0.1487, d1.loss_bbox: 0.2920, d2.loss_cls: 0.1203, d2.loss_bbox: 0.2797, d3.loss_cls: 0.1070, d3.loss_bbox: 0.2582, d4.loss_cls: 0.0999, d4.loss_bbox: 0.2553, loss: 2.5321, grad_norm: 25.0499
2025-06-25 21:59:56,908 - mmdet - INFO - Epoch [3][3400/7033]	lr: 7.503e-05, eta: 6:55:20, time: 0.806, data_time: 0.033, memory: 4350, loss_cls: 0.1008, loss_bbox: 0.2531, d0.loss_cls: 0.2148, d0.loss_bbox: 0.3955, d1.loss_cls: 0.1454, d1.loss_bbox: 0.2888, d2.loss_cls: 0.1197, d2.loss_bbox: 0.2748, d3.loss_cls: 0.1090, d3.loss_bbox: 0.2552, d4.loss_cls: 0.1027, d4.loss_bbox: 0.2530, loss: 2.5130, grad_norm: 28.3530
2025-06-25 22:00:36,748 - mmdet - INFO - Epoch [3][3450/7033]	lr: 7.503e-05, eta: 6:54:14, time: 0.797, data_time: 0.030, memory: 4350, loss_cls: 0.1063, loss_bbox: 0.2651, d0.loss_cls: 0.2156, d0.loss_bbox: 0.4074, d1.loss_cls: 0.1526, d1.loss_bbox: 0.3014, d2.loss_cls: 0.1233, d2.loss_bbox: 0.2908, d3.loss_cls: 0.1125, d3.loss_bbox: 0.2680, d4.loss_cls: 0.1075, d4.loss_bbox: 0.2646, loss: 2.6150, grad_norm: 28.2089
2025-06-25 22:01:16,352 - mmdet - INFO - Epoch [3][3500/7033]	lr: 7.503e-05, eta: 6:53:09, time: 0.792, data_time: 0.029, memory: 4350, loss_cls: 0.1026, loss_bbox: 0.2531, d0.loss_cls: 0.2131, d0.loss_bbox: 0.3888, d1.loss_cls: 0.1487, d1.loss_bbox: 0.2851, d2.loss_cls: 0.1230, d2.loss_bbox: 0.2757, d3.loss_cls: 0.1095, d3.loss_bbox: 0.2552, d4.loss_cls: 0.1038, d4.loss_bbox: 0.2530, loss: 2.5116, grad_norm: 24.6226
2025-06-25 22:01:55,646 - mmdet - INFO - Epoch [3][3550/7033]	lr: 7.503e-05, eta: 6:52:03, time: 0.786, data_time: 0.026, memory: 4350, loss_cls: 0.0984, loss_bbox: 0.2497, d0.loss_cls: 0.2158, d0.loss_bbox: 0.3880, d1.loss_cls: 0.1453, d1.loss_bbox: 0.2858, d2.loss_cls: 0.1182, d2.loss_bbox: 0.2735, d3.loss_cls: 0.1071, d3.loss_bbox: 0.2525, d4.loss_cls: 0.1003, d4.loss_bbox: 0.2492, loss: 2.4838, grad_norm: 25.6047
2025-06-25 22:02:35,182 - mmdet - INFO - Epoch [3][3600/7033]	lr: 7.503e-05, eta: 6:50:58, time: 0.791, data_time: 0.026, memory: 4350, loss_cls: 0.1014, loss_bbox: 0.2586, d0.loss_cls: 0.2174, d0.loss_bbox: 0.4052, d1.loss_cls: 0.1512, d1.loss_bbox: 0.2949, d2.loss_cls: 0.1223, d2.loss_bbox: 0.2845, d3.loss_cls: 0.1121, d3.loss_bbox: 0.2612, d4.loss_cls: 0.1034, d4.loss_bbox: 0.2570, loss: 2.5692, grad_norm: 44.3956
2025-06-25 22:03:15,011 - mmdet - INFO - Epoch [3][3650/7033]	lr: 7.503e-05, eta: 6:49:53, time: 0.797, data_time: 0.029, memory: 4350, loss_cls: 0.1007, loss_bbox: 0.2595, d0.loss_cls: 0.2198, d0.loss_bbox: 0.4027, d1.loss_cls: 0.1467, d1.loss_bbox: 0.2978, d2.loss_cls: 0.1233, d2.loss_bbox: 0.2841, d3.loss_cls: 0.1115, d3.loss_bbox: 0.2613, d4.loss_cls: 0.1018, d4.loss_bbox: 0.2599, loss: 2.5691, grad_norm: 34.7555
2025-06-25 22:03:54,627 - mmdet - INFO - Epoch [3][3700/7033]	lr: 7.503e-05, eta: 6:48:49, time: 0.792, data_time: 0.027, memory: 4350, loss_cls: 0.1156, loss_bbox: 0.2636, d0.loss_cls: 0.2353, d0.loss_bbox: 0.3972, d1.loss_cls: 0.1601, d1.loss_bbox: 0.2964, d2.loss_cls: 0.1351, d2.loss_bbox: 0.2843, d3.loss_cls: 0.1249, d3.loss_bbox: 0.2640, d4.loss_cls: 0.1188, d4.loss_bbox: 0.2621, loss: 2.6574, grad_norm: 22.5347
2025-06-25 22:04:34,265 - mmdet - INFO - Epoch [3][3750/7033]	lr: 7.503e-05, eta: 6:47:44, time: 0.793, data_time: 0.027, memory: 4350, loss_cls: 0.1090, loss_bbox: 0.2670, d0.loss_cls: 0.2294, d0.loss_bbox: 0.4022, d1.loss_cls: 0.1593, d1.loss_bbox: 0.2983, d2.loss_cls: 0.1299, d2.loss_bbox: 0.2886, d3.loss_cls: 0.1169, d3.loss_bbox: 0.2680, d4.loss_cls: 0.1105, d4.loss_bbox: 0.2661, loss: 2.6452, grad_norm: 18.9471
2025-06-25 22:05:13,969 - mmdet - INFO - Epoch [3][3800/7033]	lr: 7.503e-05, eta: 6:46:40, time: 0.794, data_time: 0.026, memory: 4350, loss_cls: 0.1034, loss_bbox: 0.2619, d0.loss_cls: 0.2200, d0.loss_bbox: 0.3948, d1.loss_cls: 0.1519, d1.loss_bbox: 0.2928, d2.loss_cls: 0.1261, d2.loss_bbox: 0.2857, d3.loss_cls: 0.1132, d3.loss_bbox: 0.2625, d4.loss_cls: 0.1049, d4.loss_bbox: 0.2605, loss: 2.5778, grad_norm: 34.2876
2025-06-25 22:05:53,707 - mmdet - INFO - Epoch [3][3850/7033]	lr: 7.503e-05, eta: 6:45:35, time: 0.795, data_time: 0.027, memory: 4350, loss_cls: 0.1134, loss_bbox: 0.2670, d0.loss_cls: 0.2325, d0.loss_bbox: 0.4007, d1.loss_cls: 0.1602, d1.loss_bbox: 0.3006, d2.loss_cls: 0.1332, d2.loss_bbox: 0.2900, d3.loss_cls: 0.1192, d3.loss_bbox: 0.2685, d4.loss_cls: 0.1145, d4.loss_bbox: 0.2658, loss: 2.6657, grad_norm: 30.1803
2025-06-25 22:06:33,320 - mmdet - INFO - Epoch [3][3900/7033]	lr: 7.503e-05, eta: 6:44:31, time: 0.792, data_time: 0.026, memory: 4350, loss_cls: 0.1032, loss_bbox: 0.2667, d0.loss_cls: 0.2329, d0.loss_bbox: 0.3937, d1.loss_cls: 0.1545, d1.loss_bbox: 0.2952, d2.loss_cls: 0.1241, d2.loss_bbox: 0.2846, d3.loss_cls: 0.1139, d3.loss_bbox: 0.2646, d4.loss_cls: 0.1069, d4.loss_bbox: 0.2643, loss: 2.6045, grad_norm: 41.7865
2025-06-25 22:07:12,787 - mmdet - INFO - Epoch [3][3950/7033]	lr: 7.503e-05, eta: 6:43:27, time: 0.789, data_time: 0.028, memory: 4350, loss_cls: 0.1023, loss_bbox: 0.2635, d0.loss_cls: 0.2156, d0.loss_bbox: 0.4109, d1.loss_cls: 0.1477, d1.loss_bbox: 0.3000, d2.loss_cls: 0.1217, d2.loss_bbox: 0.2876, d3.loss_cls: 0.1102, d3.loss_bbox: 0.2651, d4.loss_cls: 0.1031, d4.loss_bbox: 0.2621, loss: 2.5898, grad_norm: 20.6220
2025-06-25 22:07:52,309 - mmdet - INFO - Epoch [3][4000/7033]	lr: 7.503e-05, eta: 6:42:23, time: 0.790, data_time: 0.027, memory: 4350, loss_cls: 0.0993, loss_bbox: 0.2595, d0.loss_cls: 0.2147, d0.loss_bbox: 0.3975, d1.loss_cls: 0.1477, d1.loss_bbox: 0.2926, d2.loss_cls: 0.1205, d2.loss_bbox: 0.2816, d3.loss_cls: 0.1077, d3.loss_bbox: 0.2610, d4.loss_cls: 0.1012, d4.loss_bbox: 0.2590, loss: 2.5424, grad_norm: 40.4968
2025-06-25 22:08:32,507 - mmdet - INFO - Epoch [3][4050/7033]	lr: 7.503e-05, eta: 6:41:19, time: 0.804, data_time: 0.029, memory: 4350, loss_cls: 0.0919, loss_bbox: 0.2537, d0.loss_cls: 0.2178, d0.loss_bbox: 0.3871, d1.loss_cls: 0.1417, d1.loss_bbox: 0.2841, d2.loss_cls: 0.1108, d2.loss_bbox: 0.2754, d3.loss_cls: 0.1007, d3.loss_bbox: 0.2552, d4.loss_cls: 0.0947, d4.loss_bbox: 0.2521, loss: 2.4651, grad_norm: 26.7517
2025-06-25 22:09:12,244 - mmdet - INFO - Epoch [3][4100/7033]	lr: 7.503e-05, eta: 6:40:16, time: 0.795, data_time: 0.031, memory: 4350, loss_cls: 0.1048, loss_bbox: 0.2654, d0.loss_cls: 0.2225, d0.loss_bbox: 0.4051, d1.loss_cls: 0.1517, d1.loss_bbox: 0.3029, d2.loss_cls: 0.1234, d2.loss_bbox: 0.2913, d3.loss_cls: 0.1128, d3.loss_bbox: 0.2673, d4.loss_cls: 0.1058, d4.loss_bbox: 0.2644, loss: 2.6173, grad_norm: 54.4915
2025-06-25 22:09:51,679 - mmdet - INFO - Epoch [3][4150/7033]	lr: 7.503e-05, eta: 6:39:12, time: 0.789, data_time: 0.028, memory: 4350, loss_cls: 0.0964, loss_bbox: 0.2569, d0.loss_cls: 0.2223, d0.loss_bbox: 0.3900, d1.loss_cls: 0.1443, d1.loss_bbox: 0.2892, d2.loss_cls: 0.1189, d2.loss_bbox: 0.2815, d3.loss_cls: 0.1036, d3.loss_bbox: 0.2578, d4.loss_cls: 0.0975, d4.loss_bbox: 0.2568, loss: 2.5153, grad_norm: 20.2329
2025-06-25 22:10:31,156 - mmdet - INFO - Epoch [3][4200/7033]	lr: 7.503e-05, eta: 6:38:08, time: 0.790, data_time: 0.027, memory: 4350, loss_cls: 0.0948, loss_bbox: 0.2548, d0.loss_cls: 0.2214, d0.loss_bbox: 0.3862, d1.loss_cls: 0.1475, d1.loss_bbox: 0.2843, d2.loss_cls: 0.1177, d2.loss_bbox: 0.2765, d3.loss_cls: 0.1052, d3.loss_bbox: 0.2555, d4.loss_cls: 0.0966, d4.loss_bbox: 0.2544, loss: 2.4947, grad_norm: 41.1319
2025-06-25 22:11:10,807 - mmdet - INFO - Epoch [3][4250/7033]	lr: 7.503e-05, eta: 6:37:05, time: 0.793, data_time: 0.028, memory: 4350, loss_cls: 0.1141, loss_bbox: 0.2715, d0.loss_cls: 0.2303, d0.loss_bbox: 0.4082, d1.loss_cls: 0.1636, d1.loss_bbox: 0.3045, d2.loss_cls: 0.1351, d2.loss_bbox: 0.2941, d3.loss_cls: 0.1231, d3.loss_bbox: 0.2736, d4.loss_cls: 0.1155, d4.loss_bbox: 0.2712, loss: 2.7048, grad_norm: 33.4719
2025-06-25 22:11:50,127 - mmdet - INFO - Epoch [3][4300/7033]	lr: 7.503e-05, eta: 6:36:02, time: 0.786, data_time: 0.025, memory: 4350, loss_cls: 0.1096, loss_bbox: 0.2735, d0.loss_cls: 0.2254, d0.loss_bbox: 0.4161, d1.loss_cls: 0.1538, d1.loss_bbox: 0.3098, d2.loss_cls: 0.1280, d2.loss_bbox: 0.2994, d3.loss_cls: 0.1183, d3.loss_bbox: 0.2771, d4.loss_cls: 0.1105, d4.loss_bbox: 0.2736, loss: 2.6952, grad_norm: 26.5468
2025-06-25 22:12:29,526 - mmdet - INFO - Epoch [3][4350/7033]	lr: 7.503e-05, eta: 6:34:58, time: 0.788, data_time: 0.027, memory: 4350, loss_cls: 0.1068, loss_bbox: 0.2609, d0.loss_cls: 0.2275, d0.loss_bbox: 0.3950, d1.loss_cls: 0.1530, d1.loss_bbox: 0.2925, d2.loss_cls: 0.1268, d2.loss_bbox: 0.2835, d3.loss_cls: 0.1134, d3.loss_bbox: 0.2610, d4.loss_cls: 0.1078, d4.loss_bbox: 0.2593, loss: 2.5873, grad_norm: 21.0399
2025-06-25 22:13:09,087 - mmdet - INFO - Epoch [3][4400/7033]	lr: 7.503e-05, eta: 6:33:55, time: 0.791, data_time: 0.026, memory: 4350, loss_cls: 0.0965, loss_bbox: 0.2661, d0.loss_cls: 0.2139, d0.loss_bbox: 0.3981, d1.loss_cls: 0.1442, d1.loss_bbox: 0.2988, d2.loss_cls: 0.1190, d2.loss_bbox: 0.2874, d3.loss_cls: 0.1062, d3.loss_bbox: 0.2667, d4.loss_cls: 0.0981, d4.loss_bbox: 0.2650, loss: 2.5598, grad_norm: 19.9886
2025-06-25 22:13:48,452 - mmdet - INFO - Epoch [3][4450/7033]	lr: 7.503e-05, eta: 6:32:52, time: 0.787, data_time: 0.024, memory: 4350, loss_cls: 0.1002, loss_bbox: 0.2474, d0.loss_cls: 0.2118, d0.loss_bbox: 0.3843, d1.loss_cls: 0.1432, d1.loss_bbox: 0.2860, d2.loss_cls: 0.1187, d2.loss_bbox: 0.2723, d3.loss_cls: 0.1076, d3.loss_bbox: 0.2529, d4.loss_cls: 0.1018, d4.loss_bbox: 0.2466, loss: 2.4729, grad_norm: 27.1739
2025-06-25 22:14:27,651 - mmdet - INFO - Epoch [3][4500/7033]	lr: 7.503e-05, eta: 6:31:49, time: 0.784, data_time: 0.026, memory: 4350, loss_cls: 0.1006, loss_bbox: 0.2534, d0.loss_cls: 0.2139, d0.loss_bbox: 0.3898, d1.loss_cls: 0.1461, d1.loss_bbox: 0.2857, d2.loss_cls: 0.1191, d2.loss_bbox: 0.2759, d3.loss_cls: 0.1103, d3.loss_bbox: 0.2549, d4.loss_cls: 0.1030, d4.loss_bbox: 0.2524, loss: 2.5052, grad_norm: 31.9181
2025-06-25 22:15:06,964 - mmdet - INFO - Epoch [3][4550/7033]	lr: 7.503e-05, eta: 6:30:46, time: 0.786, data_time: 0.026, memory: 4350, loss_cls: 0.1071, loss_bbox: 0.2638, d0.loss_cls: 0.2268, d0.loss_bbox: 0.3994, d1.loss_cls: 0.1519, d1.loss_bbox: 0.2988, d2.loss_cls: 0.1271, d2.loss_bbox: 0.2890, d3.loss_cls: 0.1162, d3.loss_bbox: 0.2644, d4.loss_cls: 0.1098, d4.loss_bbox: 0.2622, loss: 2.6165, grad_norm: 27.3680
2025-06-25 22:15:46,673 - mmdet - INFO - Epoch [3][4600/7033]	lr: 7.503e-05, eta: 6:29:44, time: 0.794, data_time: 0.029, memory: 4350, loss_cls: 0.0952, loss_bbox: 0.2580, d0.loss_cls: 0.2127, d0.loss_bbox: 0.3881, d1.loss_cls: 0.1435, d1.loss_bbox: 0.2891, d2.loss_cls: 0.1146, d2.loss_bbox: 0.2799, d3.loss_cls: 0.1047, d3.loss_bbox: 0.2570, d4.loss_cls: 0.0979, d4.loss_bbox: 0.2562, loss: 2.4970, grad_norm: 21.4981
2025-06-25 22:16:26,898 - mmdet - INFO - Epoch [3][4650/7033]	lr: 7.503e-05, eta: 6:28:42, time: 0.804, data_time: 0.031, memory: 4350, loss_cls: 0.1087, loss_bbox: 0.2634, d0.loss_cls: 0.2196, d0.loss_bbox: 0.3900, d1.loss_cls: 0.1533, d1.loss_bbox: 0.2960, d2.loss_cls: 0.1308, d2.loss_bbox: 0.2841, d3.loss_cls: 0.1163, d3.loss_bbox: 0.2641, d4.loss_cls: 0.1103, d4.loss_bbox: 0.2620, loss: 2.5985, grad_norm: 18.3549
2025-06-25 22:17:06,555 - mmdet - INFO - Epoch [3][4700/7033]	lr: 7.503e-05, eta: 6:27:40, time: 0.793, data_time: 0.028, memory: 4350, loss_cls: 0.1019, loss_bbox: 0.2670, d0.loss_cls: 0.2199, d0.loss_bbox: 0.3936, d1.loss_cls: 0.1537, d1.loss_bbox: 0.2991, d2.loss_cls: 0.1257, d2.loss_bbox: 0.2880, d3.loss_cls: 0.1119, d3.loss_bbox: 0.2677, d4.loss_cls: 0.1048, d4.loss_bbox: 0.2644, loss: 2.5978, grad_norm: 26.3143
2025-06-25 22:17:45,825 - mmdet - INFO - Epoch [3][4750/7033]	lr: 7.503e-05, eta: 6:26:37, time: 0.785, data_time: 0.025, memory: 4350, loss_cls: 0.1023, loss_bbox: 0.2479, d0.loss_cls: 0.2247, d0.loss_bbox: 0.3913, d1.loss_cls: 0.1504, d1.loss_bbox: 0.2854, d2.loss_cls: 0.1227, d2.loss_bbox: 0.2740, d3.loss_cls: 0.1117, d3.loss_bbox: 0.2506, d4.loss_cls: 0.1045, d4.loss_bbox: 0.2471, loss: 2.5127, grad_norm: 17.7004
2025-06-25 22:18:25,250 - mmdet - INFO - Epoch [3][4800/7033]	lr: 7.503e-05, eta: 6:25:35, time: 0.788, data_time: 0.027, memory: 4350, loss_cls: 0.1060, loss_bbox: 0.2588, d0.loss_cls: 0.2239, d0.loss_bbox: 0.3902, d1.loss_cls: 0.1549, d1.loss_bbox: 0.2915, d2.loss_cls: 0.1276, d2.loss_bbox: 0.2808, d3.loss_cls: 0.1157, d3.loss_bbox: 0.2606, d4.loss_cls: 0.1075, d4.loss_bbox: 0.2580, loss: 2.5756, grad_norm: 32.9566
2025-06-25 22:19:04,707 - mmdet - INFO - Epoch [3][4850/7033]	lr: 7.503e-05, eta: 6:24:33, time: 0.789, data_time: 0.026, memory: 4350, loss_cls: 0.0912, loss_bbox: 0.2443, d0.loss_cls: 0.2106, d0.loss_bbox: 0.3738, d1.loss_cls: 0.1372, d1.loss_bbox: 0.2750, d2.loss_cls: 0.1106, d2.loss_bbox: 0.2660, d3.loss_cls: 0.0997, d3.loss_bbox: 0.2461, d4.loss_cls: 0.0923, d4.loss_bbox: 0.2442, loss: 2.3910, grad_norm: 36.0386
2025-06-25 22:19:44,215 - mmdet - INFO - Epoch [3][4900/7033]	lr: 7.503e-05, eta: 6:23:31, time: 0.790, data_time: 0.024, memory: 4350, loss_cls: 0.0951, loss_bbox: 0.2473, d0.loss_cls: 0.2243, d0.loss_bbox: 0.3870, d1.loss_cls: 0.1437, d1.loss_bbox: 0.2819, d2.loss_cls: 0.1156, d2.loss_bbox: 0.2709, d3.loss_cls: 0.1049, d3.loss_bbox: 0.2474, d4.loss_cls: 0.0972, d4.loss_bbox: 0.2459, loss: 2.4611, grad_norm: 38.2548
2025-06-25 22:20:23,873 - mmdet - INFO - Epoch [3][4950/7033]	lr: 7.503e-05, eta: 6:22:30, time: 0.793, data_time: 0.030, memory: 4350, loss_cls: 0.0925, loss_bbox: 0.2443, d0.loss_cls: 0.2164, d0.loss_bbox: 0.3755, d1.loss_cls: 0.1399, d1.loss_bbox: 0.2761, d2.loss_cls: 0.1141, d2.loss_bbox: 0.2626, d3.loss_cls: 0.1022, d3.loss_bbox: 0.2432, d4.loss_cls: 0.0945, d4.loss_bbox: 0.2426, loss: 2.4039, grad_norm: 28.3626
2025-06-25 22:21:03,582 - mmdet - INFO - Epoch [3][5000/7033]	lr: 7.503e-05, eta: 6:21:28, time: 0.794, data_time: 0.030, memory: 4350, loss_cls: 0.1024, loss_bbox: 0.2566, d0.loss_cls: 0.2206, d0.loss_bbox: 0.3900, d1.loss_cls: 0.1489, d1.loss_bbox: 0.2879, d2.loss_cls: 0.1205, d2.loss_bbox: 0.2778, d3.loss_cls: 0.1084, d3.loss_bbox: 0.2578, d4.loss_cls: 0.1033, d4.loss_bbox: 0.2563, loss: 2.5304, grad_norm: 18.8009
2025-06-25 22:21:43,090 - mmdet - INFO - Epoch [3][5050/7033]	lr: 7.503e-05, eta: 6:20:27, time: 0.790, data_time: 0.028, memory: 4350, loss_cls: 0.1071, loss_bbox: 0.2526, d0.loss_cls: 0.2187, d0.loss_bbox: 0.3900, d1.loss_cls: 0.1544, d1.loss_bbox: 0.2853, d2.loss_cls: 0.1276, d2.loss_bbox: 0.2752, d3.loss_cls: 0.1156, d3.loss_bbox: 0.2546, d4.loss_cls: 0.1078, d4.loss_bbox: 0.2524, loss: 2.5413, grad_norm: 22.0717
2025-06-25 22:22:23,047 - mmdet - INFO - Epoch [3][5100/7033]	lr: 7.503e-05, eta: 6:19:26, time: 0.799, data_time: 0.030, memory: 4350, loss_cls: 0.0904, loss_bbox: 0.2510, d0.loss_cls: 0.2152, d0.loss_bbox: 0.3937, d1.loss_cls: 0.1436, d1.loss_bbox: 0.2834, d2.loss_cls: 0.1149, d2.loss_bbox: 0.2748, d3.loss_cls: 0.1002, d3.loss_bbox: 0.2519, d4.loss_cls: 0.0930, d4.loss_bbox: 0.2493, loss: 2.4613, grad_norm: 32.5550
2025-06-25 22:23:02,867 - mmdet - INFO - Epoch [3][5150/7033]	lr: 7.503e-05, eta: 6:18:25, time: 0.796, data_time: 0.031, memory: 4350, loss_cls: 0.0950, loss_bbox: 0.2509, d0.loss_cls: 0.2158, d0.loss_bbox: 0.3841, d1.loss_cls: 0.1454, d1.loss_bbox: 0.2814, d2.loss_cls: 0.1187, d2.loss_bbox: 0.2694, d3.loss_cls: 0.1038, d3.loss_bbox: 0.2518, d4.loss_cls: 0.0969, d4.loss_bbox: 0.2491, loss: 2.4623, grad_norm: 25.2503
2025-06-25 22:23:42,672 - mmdet - INFO - Epoch [3][5200/7033]	lr: 7.503e-05, eta: 6:17:24, time: 0.796, data_time: 0.029, memory: 4350, loss_cls: 0.0953, loss_bbox: 0.2557, d0.loss_cls: 0.2203, d0.loss_bbox: 0.3940, d1.loss_cls: 0.1476, d1.loss_bbox: 0.2879, d2.loss_cls: 0.1170, d2.loss_bbox: 0.2783, d3.loss_cls: 0.1039, d3.loss_bbox: 0.2551, d4.loss_cls: 0.0970, d4.loss_bbox: 0.2539, loss: 2.5061, grad_norm: 23.6527
2025-06-25 22:24:22,213 - mmdet - INFO - Epoch [3][5250/7033]	lr: 7.503e-05, eta: 6:16:23, time: 0.791, data_time: 0.030, memory: 4350, loss_cls: 0.0980, loss_bbox: 0.2495, d0.loss_cls: 0.2185, d0.loss_bbox: 0.3801, d1.loss_cls: 0.1484, d1.loss_bbox: 0.2816, d2.loss_cls: 0.1169, d2.loss_bbox: 0.2740, d3.loss_cls: 0.1062, d3.loss_bbox: 0.2491, d4.loss_cls: 0.1000, d4.loss_bbox: 0.2468, loss: 2.4690, grad_norm: 44.4826
2025-06-25 22:25:02,108 - mmdet - INFO - Epoch [3][5300/7033]	lr: 7.503e-05, eta: 6:15:23, time: 0.798, data_time: 0.030, memory: 4350, loss_cls: 0.0995, loss_bbox: 0.2526, d0.loss_cls: 0.2256, d0.loss_bbox: 0.3940, d1.loss_cls: 0.1507, d1.loss_bbox: 0.2898, d2.loss_cls: 0.1218, d2.loss_bbox: 0.2780, d3.loss_cls: 0.1093, d3.loss_bbox: 0.2559, d4.loss_cls: 0.1009, d4.loss_bbox: 0.2529, loss: 2.5309, grad_norm: 23.6985
2025-06-25 22:25:42,085 - mmdet - INFO - Epoch [3][5350/7033]	lr: 7.503e-05, eta: 6:14:22, time: 0.800, data_time: 0.031, memory: 4350, loss_cls: 0.0983, loss_bbox: 0.2476, d0.loss_cls: 0.2151, d0.loss_bbox: 0.3850, d1.loss_cls: 0.1528, d1.loss_bbox: 0.2834, d2.loss_cls: 0.1233, d2.loss_bbox: 0.2701, d3.loss_cls: 0.1070, d3.loss_bbox: 0.2488, d4.loss_cls: 0.1000, d4.loss_bbox: 0.2476, loss: 2.4790, grad_norm: 23.3527
2025-06-25 22:26:21,885 - mmdet - INFO - Epoch [3][5400/7033]	lr: 7.503e-05, eta: 6:13:22, time: 0.796, data_time: 0.029, memory: 4350, loss_cls: 0.1053, loss_bbox: 0.2593, d0.loss_cls: 0.2277, d0.loss_bbox: 0.3927, d1.loss_cls: 0.1566, d1.loss_bbox: 0.2909, d2.loss_cls: 0.1316, d2.loss_bbox: 0.2792, d3.loss_cls: 0.1135, d3.loss_bbox: 0.2607, d4.loss_cls: 0.1089, d4.loss_bbox: 0.2573, loss: 2.5837, grad_norm: 40.4243
2025-06-25 22:27:01,442 - mmdet - INFO - Epoch [3][5450/7033]	lr: 7.503e-05, eta: 6:12:21, time: 0.791, data_time: 0.029, memory: 4350, loss_cls: 0.1039, loss_bbox: 0.2574, d0.loss_cls: 0.2245, d0.loss_bbox: 0.3871, d1.loss_cls: 0.1543, d1.loss_bbox: 0.2917, d2.loss_cls: 0.1281, d2.loss_bbox: 0.2787, d3.loss_cls: 0.1136, d3.loss_bbox: 0.2577, d4.loss_cls: 0.1066, d4.loss_bbox: 0.2559, loss: 2.5595, grad_norm: 23.8628
2025-06-25 22:27:40,787 - mmdet - INFO - Epoch [3][5500/7033]	lr: 7.503e-05, eta: 6:11:21, time: 0.787, data_time: 0.026, memory: 4350, loss_cls: 0.0957, loss_bbox: 0.2538, d0.loss_cls: 0.2143, d0.loss_bbox: 0.3912, d1.loss_cls: 0.1505, d1.loss_bbox: 0.2850, d2.loss_cls: 0.1212, d2.loss_bbox: 0.2739, d3.loss_cls: 0.1067, d3.loss_bbox: 0.2541, d4.loss_cls: 0.0978, d4.loss_bbox: 0.2524, loss: 2.4967, grad_norm: 20.5447
2025-06-25 22:28:20,239 - mmdet - INFO - Epoch [3][5550/7033]	lr: 7.503e-05, eta: 6:10:20, time: 0.789, data_time: 0.028, memory: 4350, loss_cls: 0.0936, loss_bbox: 0.2507, d0.loss_cls: 0.2134, d0.loss_bbox: 0.3824, d1.loss_cls: 0.1409, d1.loss_bbox: 0.2826, d2.loss_cls: 0.1157, d2.loss_bbox: 0.2724, d3.loss_cls: 0.1033, d3.loss_bbox: 0.2533, d4.loss_cls: 0.0959, d4.loss_bbox: 0.2502, loss: 2.4543, grad_norm: 28.0319
2025-06-25 22:28:59,776 - mmdet - INFO - Epoch [3][5600/7033]	lr: 7.503e-05, eta: 6:09:20, time: 0.791, data_time: 0.027, memory: 4350, loss_cls: 0.0948, loss_bbox: 0.2524, d0.loss_cls: 0.2189, d0.loss_bbox: 0.3907, d1.loss_cls: 0.1456, d1.loss_bbox: 0.2887, d2.loss_cls: 0.1178, d2.loss_bbox: 0.2753, d3.loss_cls: 0.1058, d3.loss_bbox: 0.2542, d4.loss_cls: 0.0973, d4.loss_bbox: 0.2529, loss: 2.4943, grad_norm: 30.6264
2025-06-25 22:29:39,662 - mmdet - INFO - Epoch [3][5650/7033]	lr: 7.503e-05, eta: 6:08:20, time: 0.798, data_time: 0.032, memory: 4350, loss_cls: 0.0921, loss_bbox: 0.2464, d0.loss_cls: 0.2104, d0.loss_bbox: 0.3833, d1.loss_cls: 0.1376, d1.loss_bbox: 0.2819, d2.loss_cls: 0.1115, d2.loss_bbox: 0.2687, d3.loss_cls: 0.1009, d3.loss_bbox: 0.2469, d4.loss_cls: 0.0946, d4.loss_bbox: 0.2451, loss: 2.4194, grad_norm: 60.5491
2025-06-25 22:30:32,801 - mmdet - INFO - Epoch [3][5700/7033]	lr: 7.503e-05, eta: 6:07:36, time: 1.063, data_time: 0.303, memory: 4350, loss_cls: 0.0938, loss_bbox: 0.2540, d0.loss_cls: 0.2182, d0.loss_bbox: 0.3949, d1.loss_cls: 0.1456, d1.loss_bbox: 0.2877, d2.loss_cls: 0.1151, d2.loss_bbox: 0.2777, d3.loss_cls: 0.1035, d3.loss_bbox: 0.2542, d4.loss_cls: 0.0959, d4.loss_bbox: 0.2521, loss: 2.4927, grad_norm: 36.0936
2025-06-25 22:31:12,442 - mmdet - INFO - Epoch [3][5750/7033]	lr: 7.503e-05, eta: 6:06:36, time: 0.793, data_time: 0.028, memory: 4350, loss_cls: 0.1001, loss_bbox: 0.2512, d0.loss_cls: 0.2152, d0.loss_bbox: 0.3930, d1.loss_cls: 0.1502, d1.loss_bbox: 0.2821, d2.loss_cls: 0.1194, d2.loss_bbox: 0.2737, d3.loss_cls: 0.1079, d3.loss_bbox: 0.2533, d4.loss_cls: 0.1008, d4.loss_bbox: 0.2511, loss: 2.4981, grad_norm: 28.0740
2025-06-25 22:31:51,997 - mmdet - INFO - Epoch [3][5800/7033]	lr: 7.503e-05, eta: 6:05:36, time: 0.791, data_time: 0.026, memory: 4350, loss_cls: 0.1011, loss_bbox: 0.2584, d0.loss_cls: 0.2182, d0.loss_bbox: 0.4023, d1.loss_cls: 0.1528, d1.loss_bbox: 0.2933, d2.loss_cls: 0.1228, d2.loss_bbox: 0.2812, d3.loss_cls: 0.1096, d3.loss_bbox: 0.2595, d4.loss_cls: 0.1024, d4.loss_bbox: 0.2574, loss: 2.5590, grad_norm: 30.7067
2025-06-25 22:32:31,485 - mmdet - INFO - Epoch [3][5850/7033]	lr: 7.503e-05, eta: 6:04:36, time: 0.790, data_time: 0.027, memory: 4350, loss_cls: 0.0978, loss_bbox: 0.2654, d0.loss_cls: 0.2287, d0.loss_bbox: 0.4027, d1.loss_cls: 0.1536, d1.loss_bbox: 0.2976, d2.loss_cls: 0.1231, d2.loss_bbox: 0.2895, d3.loss_cls: 0.1084, d3.loss_bbox: 0.2672, d4.loss_cls: 0.0997, d4.loss_bbox: 0.2649, loss: 2.5987, grad_norm: 24.2977
2025-06-25 22:33:11,132 - mmdet - INFO - Epoch [3][5900/7033]	lr: 7.503e-05, eta: 6:03:36, time: 0.793, data_time: 0.029, memory: 4350, loss_cls: 0.0973, loss_bbox: 0.2638, d0.loss_cls: 0.2211, d0.loss_bbox: 0.4103, d1.loss_cls: 0.1484, d1.loss_bbox: 0.2988, d2.loss_cls: 0.1207, d2.loss_bbox: 0.2873, d3.loss_cls: 0.1078, d3.loss_bbox: 0.2645, d4.loss_cls: 0.0999, d4.loss_bbox: 0.2624, loss: 2.5823, grad_norm: 55.7593
2025-06-25 22:33:50,699 - mmdet - INFO - Epoch [3][5950/7033]	lr: 7.503e-05, eta: 6:02:37, time: 0.791, data_time: 0.026, memory: 4350, loss_cls: 0.0952, loss_bbox: 0.2567, d0.loss_cls: 0.2252, d0.loss_bbox: 0.3945, d1.loss_cls: 0.1481, d1.loss_bbox: 0.2853, d2.loss_cls: 0.1186, d2.loss_bbox: 0.2784, d3.loss_cls: 0.1069, d3.loss_bbox: 0.2568, d4.loss_cls: 0.0969, d4.loss_bbox: 0.2557, loss: 2.5184, grad_norm: 31.5487
2025-06-25 22:34:30,362 - mmdet - INFO - Epoch [3][6000/7033]	lr: 7.503e-05, eta: 6:01:37, time: 0.793, data_time: 0.027, memory: 4350, loss_cls: 0.1034, loss_bbox: 0.2593, d0.loss_cls: 0.2230, d0.loss_bbox: 0.3964, d1.loss_cls: 0.1561, d1.loss_bbox: 0.2936, d2.loss_cls: 0.1279, d2.loss_bbox: 0.2833, d3.loss_cls: 0.1147, d3.loss_bbox: 0.2590, d4.loss_cls: 0.1070, d4.loss_bbox: 0.2581, loss: 2.5819, grad_norm: 25.2862
2025-06-25 22:35:10,075 - mmdet - INFO - Epoch [3][6050/7033]	lr: 7.503e-05, eta: 6:00:38, time: 0.794, data_time: 0.027, memory: 4350, loss_cls: 0.1034, loss_bbox: 0.2526, d0.loss_cls: 0.2104, d0.loss_bbox: 0.3870, d1.loss_cls: 0.1476, d1.loss_bbox: 0.2833, d2.loss_cls: 0.1196, d2.loss_bbox: 0.2761, d3.loss_cls: 0.1094, d3.loss_bbox: 0.2560, d4.loss_cls: 0.1045, d4.loss_bbox: 0.2507, loss: 2.5006, grad_norm: 23.3477
2025-06-25 22:35:49,527 - mmdet - INFO - Epoch [3][6100/7033]	lr: 7.503e-05, eta: 5:59:39, time: 0.789, data_time: 0.026, memory: 4350, loss_cls: 0.1009, loss_bbox: 0.2482, d0.loss_cls: 0.2134, d0.loss_bbox: 0.3839, d1.loss_cls: 0.1479, d1.loss_bbox: 0.2824, d2.loss_cls: 0.1207, d2.loss_bbox: 0.2703, d3.loss_cls: 0.1086, d3.loss_bbox: 0.2500, d4.loss_cls: 0.1021, d4.loss_bbox: 0.2481, loss: 2.4767, grad_norm: 46.1298
2025-06-25 22:36:29,207 - mmdet - INFO - Epoch [3][6150/7033]	lr: 7.503e-05, eta: 5:58:40, time: 0.793, data_time: 0.027, memory: 4350, loss_cls: 0.1111, loss_bbox: 0.2603, d0.loss_cls: 0.2183, d0.loss_bbox: 0.4020, d1.loss_cls: 0.1546, d1.loss_bbox: 0.2979, d2.loss_cls: 0.1319, d2.loss_bbox: 0.2859, d3.loss_cls: 0.1193, d3.loss_bbox: 0.2615, d4.loss_cls: 0.1126, d4.loss_bbox: 0.2602, loss: 2.6156, grad_norm: 27.5814
2025-06-25 22:37:08,552 - mmdet - INFO - Epoch [3][6200/7033]	lr: 7.503e-05, eta: 5:57:40, time: 0.787, data_time: 0.027, memory: 4350, loss_cls: 0.1009, loss_bbox: 0.2537, d0.loss_cls: 0.2284, d0.loss_bbox: 0.3864, d1.loss_cls: 0.1528, d1.loss_bbox: 0.2862, d2.loss_cls: 0.1216, d2.loss_bbox: 0.2769, d3.loss_cls: 0.1095, d3.loss_bbox: 0.2525, d4.loss_cls: 0.1031, d4.loss_bbox: 0.2518, loss: 2.5238, grad_norm: 23.7852
2025-06-25 22:37:47,911 - mmdet - INFO - Epoch [3][6250/7033]	lr: 7.503e-05, eta: 5:56:41, time: 0.787, data_time: 0.024, memory: 4350, loss_cls: 0.1025, loss_bbox: 0.2608, d0.loss_cls: 0.2233, d0.loss_bbox: 0.3982, d1.loss_cls: 0.1541, d1.loss_bbox: 0.2936, d2.loss_cls: 0.1250, d2.loss_bbox: 0.2853, d3.loss_cls: 0.1124, d3.loss_bbox: 0.2627, d4.loss_cls: 0.1044, d4.loss_bbox: 0.2595, loss: 2.5818, grad_norm: 30.8013
2025-06-25 22:38:27,420 - mmdet - INFO - Epoch [3][6300/7033]	lr: 7.503e-05, eta: 5:55:42, time: 0.790, data_time: 0.028, memory: 4350, loss_cls: 0.0942, loss_bbox: 0.2520, d0.loss_cls: 0.2193, d0.loss_bbox: 0.3978, d1.loss_cls: 0.1501, d1.loss_bbox: 0.2853, d2.loss_cls: 0.1193, d2.loss_bbox: 0.2755, d3.loss_cls: 0.1043, d3.loss_bbox: 0.2547, d4.loss_cls: 0.0972, d4.loss_bbox: 0.2512, loss: 2.5008, grad_norm: 30.0294
2025-06-25 22:39:06,891 - mmdet - INFO - Epoch [3][6350/7033]	lr: 7.503e-05, eta: 5:54:43, time: 0.789, data_time: 0.030, memory: 4350, loss_cls: 0.1023, loss_bbox: 0.2713, d0.loss_cls: 0.2297, d0.loss_bbox: 0.4035, d1.loss_cls: 0.1578, d1.loss_bbox: 0.2996, d2.loss_cls: 0.1264, d2.loss_bbox: 0.2925, d3.loss_cls: 0.1113, d3.loss_bbox: 0.2711, d4.loss_cls: 0.1044, d4.loss_bbox: 0.2700, loss: 2.6399, grad_norm: 36.7424
2025-06-25 22:39:46,490 - mmdet - INFO - Epoch [3][6400/7033]	lr: 7.503e-05, eta: 5:53:44, time: 0.792, data_time: 0.028, memory: 4350, loss_cls: 0.0965, loss_bbox: 0.2604, d0.loss_cls: 0.2119, d0.loss_bbox: 0.3935, d1.loss_cls: 0.1448, d1.loss_bbox: 0.2948, d2.loss_cls: 0.1166, d2.loss_bbox: 0.2840, d3.loss_cls: 0.1068, d3.loss_bbox: 0.2627, d4.loss_cls: 0.0986, d4.loss_bbox: 0.2592, loss: 2.5298, grad_norm: 17.7731
2025-06-25 22:40:26,276 - mmdet - INFO - Epoch [3][6450/7033]	lr: 7.503e-05, eta: 5:52:46, time: 0.796, data_time: 0.030, memory: 4350, loss_cls: 0.1050, loss_bbox: 0.2582, d0.loss_cls: 0.2239, d0.loss_bbox: 0.4025, d1.loss_cls: 0.1557, d1.loss_bbox: 0.2932, d2.loss_cls: 0.1266, d2.loss_bbox: 0.2819, d3.loss_cls: 0.1130, d3.loss_bbox: 0.2598, d4.loss_cls: 0.1066, d4.loss_bbox: 0.2579, loss: 2.5843, grad_norm: 50.5714
2025-06-25 22:41:05,809 - mmdet - INFO - Epoch [3][6500/7033]	lr: 7.503e-05, eta: 5:51:47, time: 0.791, data_time: 0.029, memory: 4350, loss_cls: 0.1048, loss_bbox: 0.2585, d0.loss_cls: 0.2189, d0.loss_bbox: 0.3947, d1.loss_cls: 0.1512, d1.loss_bbox: 0.2922, d2.loss_cls: 0.1234, d2.loss_bbox: 0.2818, d3.loss_cls: 0.1100, d3.loss_bbox: 0.2619, d4.loss_cls: 0.1072, d4.loss_bbox: 0.2574, loss: 2.5622, grad_norm: 20.9850
2025-06-25 22:41:45,516 - mmdet - INFO - Epoch [3][6550/7033]	lr: 7.503e-05, eta: 5:50:49, time: 0.794, data_time: 0.028, memory: 4350, loss_cls: 0.1028, loss_bbox: 0.2671, d0.loss_cls: 0.2221, d0.loss_bbox: 0.4058, d1.loss_cls: 0.1521, d1.loss_bbox: 0.3029, d2.loss_cls: 0.1258, d2.loss_bbox: 0.2894, d3.loss_cls: 0.1120, d3.loss_bbox: 0.2677, d4.loss_cls: 0.1049, d4.loss_bbox: 0.2658, loss: 2.6184, grad_norm: 26.7843
2025-06-25 22:42:25,154 - mmdet - INFO - Epoch [3][6600/7033]	lr: 7.503e-05, eta: 5:49:51, time: 0.793, data_time: 0.029, memory: 4350, loss_cls: 0.0934, loss_bbox: 0.2549, d0.loss_cls: 0.2200, d0.loss_bbox: 0.3983, d1.loss_cls: 0.1425, d1.loss_bbox: 0.2888, d2.loss_cls: 0.1161, d2.loss_bbox: 0.2768, d3.loss_cls: 0.1042, d3.loss_bbox: 0.2550, d4.loss_cls: 0.0973, d4.loss_bbox: 0.2543, loss: 2.5016, grad_norm: 26.2707
2025-06-25 22:43:04,877 - mmdet - INFO - Epoch [3][6650/7033]	lr: 7.503e-05, eta: 5:48:53, time: 0.794, data_time: 0.030, memory: 4350, loss_cls: 0.0951, loss_bbox: 0.2572, d0.loss_cls: 0.2173, d0.loss_bbox: 0.3992, d1.loss_cls: 0.1490, d1.loss_bbox: 0.2883, d2.loss_cls: 0.1218, d2.loss_bbox: 0.2781, d3.loss_cls: 0.1066, d3.loss_bbox: 0.2568, d4.loss_cls: 0.0977, d4.loss_bbox: 0.2555, loss: 2.5227, grad_norm: 25.4530
2025-06-25 22:43:44,613 - mmdet - INFO - Epoch [3][6700/7033]	lr: 7.503e-05, eta: 5:47:55, time: 0.795, data_time: 0.029, memory: 4350, loss_cls: 0.0978, loss_bbox: 0.2525, d0.loss_cls: 0.2140, d0.loss_bbox: 0.3844, d1.loss_cls: 0.1455, d1.loss_bbox: 0.2855, d2.loss_cls: 0.1188, d2.loss_bbox: 0.2743, d3.loss_cls: 0.1057, d3.loss_bbox: 0.2553, d4.loss_cls: 0.0999, d4.loss_bbox: 0.2521, loss: 2.4858, grad_norm: 21.8336
2025-06-25 22:44:24,449 - mmdet - INFO - Epoch [3][6750/7033]	lr: 7.503e-05, eta: 5:46:57, time: 0.797, data_time: 0.031, memory: 4350, loss_cls: 0.1026, loss_bbox: 0.2547, d0.loss_cls: 0.2215, d0.loss_bbox: 0.3977, d1.loss_cls: 0.1530, d1.loss_bbox: 0.2916, d2.loss_cls: 0.1237, d2.loss_bbox: 0.2817, d3.loss_cls: 0.1104, d3.loss_bbox: 0.2585, d4.loss_cls: 0.1055, d4.loss_bbox: 0.2541, loss: 2.5550, grad_norm: 19.8523
2025-06-25 22:45:04,295 - mmdet - INFO - Epoch [3][6800/7033]	lr: 7.503e-05, eta: 5:45:59, time: 0.797, data_time: 0.030, memory: 4350, loss_cls: 0.0989, loss_bbox: 0.2493, d0.loss_cls: 0.2112, d0.loss_bbox: 0.3864, d1.loss_cls: 0.1459, d1.loss_bbox: 0.2826, d2.loss_cls: 0.1211, d2.loss_bbox: 0.2722, d3.loss_cls: 0.1099, d3.loss_bbox: 0.2500, d4.loss_cls: 0.1017, d4.loss_bbox: 0.2473, loss: 2.4766, grad_norm: 28.0361
2025-06-25 22:45:44,000 - mmdet - INFO - Epoch [3][6850/7033]	lr: 7.503e-05, eta: 5:45:01, time: 0.794, data_time: 0.029, memory: 4350, loss_cls: 0.1069, loss_bbox: 0.2659, d0.loss_cls: 0.2263, d0.loss_bbox: 0.4080, d1.loss_cls: 0.1564, d1.loss_bbox: 0.2998, d2.loss_cls: 0.1283, d2.loss_bbox: 0.2888, d3.loss_cls: 0.1170, d3.loss_bbox: 0.2672, d4.loss_cls: 0.1088, d4.loss_bbox: 0.2643, loss: 2.6379, grad_norm: 22.1026
2025-06-25 22:46:23,756 - mmdet - INFO - Epoch [3][6900/7033]	lr: 7.503e-05, eta: 5:44:04, time: 0.795, data_time: 0.030, memory: 4350, loss_cls: 0.1074, loss_bbox: 0.2623, d0.loss_cls: 0.2219, d0.loss_bbox: 0.4023, d1.loss_cls: 0.1526, d1.loss_bbox: 0.2948, d2.loss_cls: 0.1290, d2.loss_bbox: 0.2847, d3.loss_cls: 0.1166, d3.loss_bbox: 0.2648, d4.loss_cls: 0.1095, d4.loss_bbox: 0.2614, loss: 2.6073, grad_norm: 35.0103
2025-06-25 22:47:03,352 - mmdet - INFO - Epoch [3][6950/7033]	lr: 7.503e-05, eta: 5:43:06, time: 0.792, data_time: 0.029, memory: 4350, loss_cls: 0.0971, loss_bbox: 0.2546, d0.loss_cls: 0.2134, d0.loss_bbox: 0.3894, d1.loss_cls: 0.1442, d1.loss_bbox: 0.2879, d2.loss_cls: 0.1184, d2.loss_bbox: 0.2820, d3.loss_cls: 0.1049, d3.loss_bbox: 0.2577, d4.loss_cls: 0.0986, d4.loss_bbox: 0.2544, loss: 2.5025, grad_norm: 23.8344
2025-06-25 22:47:42,755 - mmdet - INFO - Epoch [3][7000/7033]	lr: 7.503e-05, eta: 5:42:08, time: 0.788, data_time: 0.026, memory: 4350, loss_cls: 0.0964, loss_bbox: 0.2472, d0.loss_cls: 0.2150, d0.loss_bbox: 0.3826, d1.loss_cls: 0.1440, d1.loss_bbox: 0.2844, d2.loss_cls: 0.1187, d2.loss_bbox: 0.2710, d3.loss_cls: 0.1072, d3.loss_bbox: 0.2482, d4.loss_cls: 0.1004, d4.loss_bbox: 0.2462, loss: 2.4613, grad_norm: 22.5181
2025-06-25 22:48:09,214 - mmdet - INFO - Saving checkpoint at 3 epochs
2025-06-25 23:13:43,977 - mmdet - INFO - Exp name: lidar_0075v_cam_res101.py
2025-06-25 23:13:43,978 - mmdet - INFO - Epoch(val) [3][3010]	pts_bbox_NuScenes/car_AP_dist_0.5: 0.7428, pts_bbox_NuScenes/car_AP_dist_1.0: 0.8541, pts_bbox_NuScenes/car_AP_dist_2.0: 0.8885, pts_bbox_NuScenes/car_AP_dist_4.0: 0.9090, pts_bbox_NuScenes/car_trans_err: 0.1979, pts_bbox_NuScenes/car_scale_err: 0.1527, pts_bbox_NuScenes/car_orient_err: 0.0549, pts_bbox_NuScenes/car_vel_err: 0.4339, pts_bbox_NuScenes/car_attr_err: 0.1825, pts_bbox_NuScenes/mATE: 0.3451, pts_bbox_NuScenes/mASE: 0.2701, pts_bbox_NuScenes/mAOE: 0.2893, pts_bbox_NuScenes/mAVE: 0.4153, pts_bbox_NuScenes/mAAE: 0.1810, pts_bbox_NuScenes/truck_AP_dist_0.5: 0.3934, pts_bbox_NuScenes/truck_AP_dist_1.0: 0.5912, pts_bbox_NuScenes/truck_AP_dist_2.0: 0.7001, pts_bbox_NuScenes/truck_AP_dist_4.0: 0.7413, pts_bbox_NuScenes/truck_trans_err: 0.3473, pts_bbox_NuScenes/truck_scale_err: 0.2130, pts_bbox_NuScenes/truck_orient_err: 0.0747, pts_bbox_NuScenes/truck_vel_err: 0.3920, pts_bbox_NuScenes/truck_attr_err: 0.2061, pts_bbox_NuScenes/construction_vehicle_AP_dist_0.5: 0.0104, pts_bbox_NuScenes/construction_vehicle_AP_dist_1.0: 0.1266, pts_bbox_NuScenes/construction_vehicle_AP_dist_2.0: 0.3789, pts_bbox_NuScenes/construction_vehicle_AP_dist_4.0: 0.4443, pts_bbox_NuScenes/construction_vehicle_trans_err: 0.8605, pts_bbox_NuScenes/construction_vehicle_scale_err: 0.4716, pts_bbox_NuScenes/construction_vehicle_orient_err: 0.9336, pts_bbox_NuScenes/construction_vehicle_vel_err: 0.1214, pts_bbox_NuScenes/construction_vehicle_attr_err: 0.2976, pts_bbox_NuScenes/bus_AP_dist_0.5: 0.4666, pts_bbox_NuScenes/bus_AP_dist_1.0: 0.7217, pts_bbox_NuScenes/bus_AP_dist_2.0: 0.8508, pts_bbox_NuScenes/bus_AP_dist_4.0: 0.8944, pts_bbox_NuScenes/bus_trans_err: 0.3609, pts_bbox_NuScenes/bus_scale_err: 0.2015, pts_bbox_NuScenes/bus_orient_err: 0.0616, pts_bbox_NuScenes/bus_vel_err: 0.7196, pts_bbox_NuScenes/bus_attr_err: 0.3019, pts_bbox_NuScenes/trailer_AP_dist_0.5: 0.0988, pts_bbox_NuScenes/trailer_AP_dist_1.0: 0.2984, pts_bbox_NuScenes/trailer_AP_dist_2.0: 0.5077, pts_bbox_NuScenes/trailer_AP_dist_4.0: 0.6421, pts_bbox_NuScenes/trailer_trans_err: 0.6132, pts_bbox_NuScenes/trailer_scale_err: 0.2384, pts_bbox_NuScenes/trailer_orient_err: 0.5038, pts_bbox_NuScenes/trailer_vel_err: 0.3607, pts_bbox_NuScenes/trailer_attr_err: 0.1432, pts_bbox_NuScenes/barrier_AP_dist_0.5: 0.5237, pts_bbox_NuScenes/barrier_AP_dist_1.0: 0.6484, pts_bbox_NuScenes/barrier_AP_dist_2.0: 0.7244, pts_bbox_NuScenes/barrier_AP_dist_4.0: 0.7479, pts_bbox_NuScenes/barrier_trans_err: 0.2607, pts_bbox_NuScenes/barrier_scale_err: 0.2786, pts_bbox_NuScenes/barrier_orient_err: 0.0828, pts_bbox_NuScenes/barrier_vel_err: nan, pts_bbox_NuScenes/barrier_attr_err: nan, pts_bbox_NuScenes/motorcycle_AP_dist_0.5: 0.5521, pts_bbox_NuScenes/motorcycle_AP_dist_1.0: 0.7159, pts_bbox_NuScenes/motorcycle_AP_dist_2.0: 0.7647, pts_bbox_NuScenes/motorcycle_AP_dist_4.0: 0.7764, pts_bbox_NuScenes/motorcycle_trans_err: 0.2551, pts_bbox_NuScenes/motorcycle_scale_err: 0.2486, pts_bbox_NuScenes/motorcycle_orient_err: 0.2457, pts_bbox_NuScenes/motorcycle_vel_err: 0.7704, pts_bbox_NuScenes/motorcycle_attr_err: 0.1875, pts_bbox_NuScenes/bicycle_AP_dist_0.5: 0.4954, pts_bbox_NuScenes/bicycle_AP_dist_1.0: 0.5688, pts_bbox_NuScenes/bicycle_AP_dist_2.0: 0.5824, pts_bbox_NuScenes/bicycle_AP_dist_4.0: 0.5938, pts_bbox_NuScenes/bicycle_trans_err: 0.1994, pts_bbox_NuScenes/bicycle_scale_err: 0.2681, pts_bbox_NuScenes/bicycle_orient_err: 0.3127, pts_bbox_NuScenes/bicycle_vel_err: 0.2602, pts_bbox_NuScenes/bicycle_attr_err: 0.0102, pts_bbox_NuScenes/pedestrian_AP_dist_0.5: 0.7474, pts_bbox_NuScenes/pedestrian_AP_dist_1.0: 0.8111, pts_bbox_NuScenes/pedestrian_AP_dist_2.0: 0.8442, pts_bbox_NuScenes/pedestrian_AP_dist_4.0: 0.8623, pts_bbox_NuScenes/pedestrian_trans_err: 0.1854, pts_bbox_NuScenes/pedestrian_scale_err: 0.3017, pts_bbox_NuScenes/pedestrian_orient_err: 0.3342, pts_bbox_NuScenes/pedestrian_vel_err: 0.2640, pts_bbox_NuScenes/pedestrian_attr_err: 0.1189, pts_bbox_NuScenes/traffic_cone_AP_dist_0.5: 0.6696, pts_bbox_NuScenes/traffic_cone_AP_dist_1.0: 0.7145, pts_bbox_NuScenes/traffic_cone_AP_dist_2.0: 0.7529, pts_bbox_NuScenes/traffic_cone_AP_dist_4.0: 0.7868, pts_bbox_NuScenes/traffic_cone_trans_err: 0.1711, pts_bbox_NuScenes/traffic_cone_scale_err: 0.3266, pts_bbox_NuScenes/traffic_cone_orient_err: nan, pts_bbox_NuScenes/traffic_cone_vel_err: nan, pts_bbox_NuScenes/traffic_cone_attr_err: nan, pts_bbox_NuScenes/NDS: 0.6642, pts_bbox_NuScenes/mAP: 0.6286
2025-06-25 23:14:32,019 - mmdet - INFO - Epoch [4][50/7033]	lr: 5.005e-05, eta: 5:40:11, time: 0.877, data_time: 0.115, memory: 4350, loss_cls: 0.1012, loss_bbox: 0.2507, d0.loss_cls: 0.2104, d0.loss_bbox: 0.3941, d1.loss_cls: 0.1486, d1.loss_bbox: 0.2866, d2.loss_cls: 0.1226, d2.loss_bbox: 0.2750, d3.loss_cls: 0.1086, d3.loss_bbox: 0.2535, d4.loss_cls: 0.1020, d4.loss_bbox: 0.2505, loss: 2.5038, grad_norm: 24.7100
2025-06-25 23:15:11,610 - mmdet - INFO - Epoch [4][100/7033]	lr: 5.005e-05, eta: 5:39:14, time: 0.792, data_time: 0.026, memory: 4350, loss_cls: 0.0965, loss_bbox: 0.2464, d0.loss_cls: 0.2158, d0.loss_bbox: 0.3869, d1.loss_cls: 0.1463, d1.loss_bbox: 0.2822, d2.loss_cls: 0.1175, d2.loss_bbox: 0.2722, d3.loss_cls: 0.1042, d3.loss_bbox: 0.2502, d4.loss_cls: 0.0969, d4.loss_bbox: 0.2473, loss: 2.4624, grad_norm: 20.3666
2025-06-25 23:15:51,214 - mmdet - INFO - Epoch [4][150/7033]	lr: 5.005e-05, eta: 5:38:17, time: 0.792, data_time: 0.026, memory: 4350, loss_cls: 0.0905, loss_bbox: 0.2476, d0.loss_cls: 0.2048, d0.loss_bbox: 0.3878, d1.loss_cls: 0.1392, d1.loss_bbox: 0.2837, d2.loss_cls: 0.1111, d2.loss_bbox: 0.2737, d3.loss_cls: 0.0968, d3.loss_bbox: 0.2508, d4.loss_cls: 0.0923, d4.loss_bbox: 0.2463, loss: 2.4246, grad_norm: 26.5402
2025-06-25 23:16:30,516 - mmdet - INFO - Epoch [4][200/7033]	lr: 5.005e-05, eta: 5:37:19, time: 0.786, data_time: 0.024, memory: 4350, loss_cls: 0.0913, loss_bbox: 0.2494, d0.loss_cls: 0.2170, d0.loss_bbox: 0.3867, d1.loss_cls: 0.1445, d1.loss_bbox: 0.2823, d2.loss_cls: 0.1171, d2.loss_bbox: 0.2718, d3.loss_cls: 0.1018, d3.loss_bbox: 0.2529, d4.loss_cls: 0.0936, d4.loss_bbox: 0.2488, loss: 2.4572, grad_norm: 30.0604
2025-06-25 23:17:09,838 - mmdet - INFO - Epoch [4][250/7033]	lr: 5.005e-05, eta: 5:36:22, time: 0.786, data_time: 0.026, memory: 4350, loss_cls: 0.0974, loss_bbox: 0.2440, d0.loss_cls: 0.2153, d0.loss_bbox: 0.3882, d1.loss_cls: 0.1466, d1.loss_bbox: 0.2814, d2.loss_cls: 0.1173, d2.loss_bbox: 0.2708, d3.loss_cls: 0.1037, d3.loss_bbox: 0.2481, d4.loss_cls: 0.0982, d4.loss_bbox: 0.2455, loss: 2.4564, grad_norm: 29.4275
2025-06-25 23:17:49,357 - mmdet - INFO - Epoch [4][300/7033]	lr: 5.005e-05, eta: 5:35:25, time: 0.790, data_time: 0.025, memory: 4350, loss_cls: 0.0990, loss_bbox: 0.2564, d0.loss_cls: 0.2110, d0.loss_bbox: 0.3985, d1.loss_cls: 0.1481, d1.loss_bbox: 0.2920, d2.loss_cls: 0.1206, d2.loss_bbox: 0.2766, d3.loss_cls: 0.1089, d3.loss_bbox: 0.2579, d4.loss_cls: 0.1012, d4.loss_bbox: 0.2548, loss: 2.5249, grad_norm: 56.9046
2025-06-25 23:18:28,872 - mmdet - INFO - Epoch [4][350/7033]	lr: 5.005e-05, eta: 5:34:28, time: 0.790, data_time: 0.026, memory: 4350, loss_cls: 0.0966, loss_bbox: 0.2525, d0.loss_cls: 0.2113, d0.loss_bbox: 0.3837, d1.loss_cls: 0.1444, d1.loss_bbox: 0.2834, d2.loss_cls: 0.1195, d2.loss_bbox: 0.2733, d3.loss_cls: 0.1059, d3.loss_bbox: 0.2545, d4.loss_cls: 0.0996, d4.loss_bbox: 0.2510, loss: 2.4757, grad_norm: 34.7405
2025-06-25 23:19:08,683 - mmdet - INFO - Epoch [4][400/7033]	lr: 5.005e-05, eta: 5:33:31, time: 0.796, data_time: 0.029, memory: 4350, loss_cls: 0.0971, loss_bbox: 0.2529, d0.loss_cls: 0.2145, d0.loss_bbox: 0.4000, d1.loss_cls: 0.1504, d1.loss_bbox: 0.2894, d2.loss_cls: 0.1207, d2.loss_bbox: 0.2768, d3.loss_cls: 0.1080, d3.loss_bbox: 0.2557, d4.loss_cls: 0.0998, d4.loss_bbox: 0.2527, loss: 2.5179, grad_norm: 22.9590
2025-06-25 23:19:48,352 - mmdet - INFO - Epoch [4][450/7033]	lr: 5.005e-05, eta: 5:32:35, time: 0.793, data_time: 0.030, memory: 4350, loss_cls: 0.0929, loss_bbox: 0.2511, d0.loss_cls: 0.2152, d0.loss_bbox: 0.3879, d1.loss_cls: 0.1454, d1.loss_bbox: 0.2854, d2.loss_cls: 0.1181, d2.loss_bbox: 0.2738, d3.loss_cls: 0.1032, d3.loss_bbox: 0.2532, d4.loss_cls: 0.0957, d4.loss_bbox: 0.2499, loss: 2.4718, grad_norm: 21.8181
2025-06-25 23:20:27,724 - mmdet - INFO - Epoch [4][500/7033]	lr: 5.005e-05, eta: 5:31:38, time: 0.787, data_time: 0.027, memory: 4350, loss_cls: 0.0969, loss_bbox: 0.2447, d0.loss_cls: 0.2215, d0.loss_bbox: 0.3883, d1.loss_cls: 0.1511, d1.loss_bbox: 0.2816, d2.loss_cls: 0.1188, d2.loss_bbox: 0.2719, d3.loss_cls: 0.1050, d3.loss_bbox: 0.2495, d4.loss_cls: 0.0991, d4.loss_bbox: 0.2451, loss: 2.4736, grad_norm: 29.9179
2025-06-25 23:21:07,360 - mmdet - INFO - Epoch [4][550/7033]	lr: 5.005e-05, eta: 5:30:41, time: 0.793, data_time: 0.031, memory: 4350, loss_cls: 0.0984, loss_bbox: 0.2518, d0.loss_cls: 0.2145, d0.loss_bbox: 0.3911, d1.loss_cls: 0.1483, d1.loss_bbox: 0.2867, d2.loss_cls: 0.1191, d2.loss_bbox: 0.2767, d3.loss_cls: 0.1070, d3.loss_bbox: 0.2557, d4.loss_cls: 0.0998, d4.loss_bbox: 0.2528, loss: 2.5018, grad_norm: 20.1006
2025-06-25 23:21:47,183 - mmdet - INFO - Epoch [4][600/7033]	lr: 5.005e-05, eta: 5:29:45, time: 0.796, data_time: 0.029, memory: 4350, loss_cls: 0.0994, loss_bbox: 0.2424, d0.loss_cls: 0.2155, d0.loss_bbox: 0.3759, d1.loss_cls: 0.1520, d1.loss_bbox: 0.2761, d2.loss_cls: 0.1242, d2.loss_bbox: 0.2635, d3.loss_cls: 0.1097, d3.loss_bbox: 0.2433, d4.loss_cls: 0.1028, d4.loss_bbox: 0.2407, loss: 2.4454, grad_norm: 17.8455
2025-06-25 23:22:27,232 - mmdet - INFO - Epoch [4][650/7033]	lr: 5.005e-05, eta: 5:28:49, time: 0.801, data_time: 0.031, memory: 4350, loss_cls: 0.0964, loss_bbox: 0.2530, d0.loss_cls: 0.2183, d0.loss_bbox: 0.3928, d1.loss_cls: 0.1487, d1.loss_bbox: 0.2866, d2.loss_cls: 0.1218, d2.loss_bbox: 0.2736, d3.loss_cls: 0.1058, d3.loss_bbox: 0.2549, d4.loss_cls: 0.0984, d4.loss_bbox: 0.2526, loss: 2.5027, grad_norm: 42.6985
2025-06-25 23:23:06,925 - mmdet - INFO - Epoch [4][700/7033]	lr: 5.005e-05, eta: 5:27:53, time: 0.794, data_time: 0.031, memory: 4350, loss_cls: 0.0989, loss_bbox: 0.2521, d0.loss_cls: 0.2212, d0.loss_bbox: 0.3977, d1.loss_cls: 0.1471, d1.loss_bbox: 0.2912, d2.loss_cls: 0.1209, d2.loss_bbox: 0.2763, d3.loss_cls: 0.1084, d3.loss_bbox: 0.2542, d4.loss_cls: 0.1004, d4.loss_bbox: 0.2520, loss: 2.5203, grad_norm: 21.3625
2025-06-25 23:23:46,599 - mmdet - INFO - Epoch [4][750/7033]	lr: 5.005e-05, eta: 5:26:57, time: 0.793, data_time: 0.032, memory: 4350, loss_cls: 0.0964, loss_bbox: 0.2473, d0.loss_cls: 0.2181, d0.loss_bbox: 0.3856, d1.loss_cls: 0.1458, d1.loss_bbox: 0.2829, d2.loss_cls: 0.1163, d2.loss_bbox: 0.2714, d3.loss_cls: 0.1058, d3.loss_bbox: 0.2505, d4.loss_cls: 0.0989, d4.loss_bbox: 0.2462, loss: 2.4651, grad_norm: 21.7911
2025-06-25 23:24:26,512 - mmdet - INFO - Epoch [4][800/7033]	lr: 5.005e-05, eta: 5:26:01, time: 0.799, data_time: 0.029, memory: 4350, loss_cls: 0.1003, loss_bbox: 0.2496, d0.loss_cls: 0.2138, d0.loss_bbox: 0.3849, d1.loss_cls: 0.1542, d1.loss_bbox: 0.2846, d2.loss_cls: 0.1253, d2.loss_bbox: 0.2731, d3.loss_cls: 0.1102, d3.loss_bbox: 0.2523, d4.loss_cls: 0.1029, d4.loss_bbox: 0.2488, loss: 2.5000, grad_norm: 23.4333
2025-06-25 23:25:06,148 - mmdet - INFO - Epoch [4][850/7033]	lr: 5.005e-05, eta: 5:25:05, time: 0.793, data_time: 0.030, memory: 4350, loss_cls: 0.0952, loss_bbox: 0.2480, d0.loss_cls: 0.2171, d0.loss_bbox: 0.3899, d1.loss_cls: 0.1477, d1.loss_bbox: 0.2842, d2.loss_cls: 0.1169, d2.loss_bbox: 0.2719, d3.loss_cls: 0.1043, d3.loss_bbox: 0.2509, d4.loss_cls: 0.0981, d4.loss_bbox: 0.2468, loss: 2.4711, grad_norm: 15.4631
2025-06-25 23:25:45,778 - mmdet - INFO - Epoch [4][900/7033]	lr: 5.005e-05, eta: 5:24:09, time: 0.793, data_time: 0.030, memory: 4350, loss_cls: 0.0903, loss_bbox: 0.2469, d0.loss_cls: 0.2093, d0.loss_bbox: 0.3826, d1.loss_cls: 0.1399, d1.loss_bbox: 0.2815, d2.loss_cls: 0.1129, d2.loss_bbox: 0.2723, d3.loss_cls: 0.0999, d3.loss_bbox: 0.2491, d4.loss_cls: 0.0913, d4.loss_bbox: 0.2479, loss: 2.4239, grad_norm: 28.7762
2025-06-25 23:26:25,258 - mmdet - INFO - Epoch [4][950/7033]	lr: 5.005e-05, eta: 5:23:13, time: 0.790, data_time: 0.027, memory: 4350, loss_cls: 0.0987, loss_bbox: 0.2588, d0.loss_cls: 0.2232, d0.loss_bbox: 0.4008, d1.loss_cls: 0.1509, d1.loss_bbox: 0.2947, d2.loss_cls: 0.1238, d2.loss_bbox: 0.2836, d3.loss_cls: 0.1098, d3.loss_bbox: 0.2614, d4.loss_cls: 0.1012, d4.loss_bbox: 0.2580, loss: 2.5648, grad_norm: 24.6793
2025-06-25 23:27:04,964 - mmdet - INFO - Epoch [4][1000/7033]	lr: 5.005e-05, eta: 5:22:17, time: 0.794, data_time: 0.028, memory: 4350, loss_cls: 0.0982, loss_bbox: 0.2526, d0.loss_cls: 0.2116, d0.loss_bbox: 0.3773, d1.loss_cls: 0.1437, d1.loss_bbox: 0.2847, d2.loss_cls: 0.1151, d2.loss_bbox: 0.2761, d3.loss_cls: 0.1048, d3.loss_bbox: 0.2555, d4.loss_cls: 0.0991, d4.loss_bbox: 0.2529, loss: 2.4716, grad_norm: 56.4416
2025-06-25 23:27:44,650 - mmdet - INFO - Epoch [4][1050/7033]	lr: 5.005e-05, eta: 5:21:21, time: 0.794, data_time: 0.029, memory: 4350, loss_cls: 0.0891, loss_bbox: 0.2395, d0.loss_cls: 0.2083, d0.loss_bbox: 0.3700, d1.loss_cls: 0.1387, d1.loss_bbox: 0.2716, d2.loss_cls: 0.1110, d2.loss_bbox: 0.2618, d3.loss_cls: 0.0988, d3.loss_bbox: 0.2392, d4.loss_cls: 0.0920, d4.loss_bbox: 0.2378, loss: 2.3579, grad_norm: 39.0447
2025-06-25 23:28:24,049 - mmdet - INFO - Epoch [4][1100/7033]	lr: 5.005e-05, eta: 5:20:25, time: 0.788, data_time: 0.028, memory: 4350, loss_cls: 0.0972, loss_bbox: 0.2560, d0.loss_cls: 0.2093, d0.loss_bbox: 0.3923, d1.loss_cls: 0.1456, d1.loss_bbox: 0.2872, d2.loss_cls: 0.1180, d2.loss_bbox: 0.2786, d3.loss_cls: 0.1029, d3.loss_bbox: 0.2590, d4.loss_cls: 0.0975, d4.loss_bbox: 0.2558, loss: 2.4994, grad_norm: 26.8744
2025-06-25 23:29:03,794 - mmdet - INFO - Epoch [4][1150/7033]	lr: 5.005e-05, eta: 5:19:30, time: 0.795, data_time: 0.032, memory: 4350, loss_cls: 0.0975, loss_bbox: 0.2497, d0.loss_cls: 0.2125, d0.loss_bbox: 0.3887, d1.loss_cls: 0.1460, d1.loss_bbox: 0.2858, d2.loss_cls: 0.1180, d2.loss_bbox: 0.2751, d3.loss_cls: 0.1060, d3.loss_bbox: 0.2549, d4.loss_cls: 0.0992, d4.loss_bbox: 0.2509, loss: 2.4843, grad_norm: 23.0659
2025-06-25 23:29:43,187 - mmdet - INFO - Epoch [4][1200/7033]	lr: 5.005e-05, eta: 5:18:34, time: 0.788, data_time: 0.028, memory: 4350, loss_cls: 0.1000, loss_bbox: 0.2476, d0.loss_cls: 0.2173, d0.loss_bbox: 0.3849, d1.loss_cls: 0.1484, d1.loss_bbox: 0.2841, d2.loss_cls: 0.1242, d2.loss_bbox: 0.2722, d3.loss_cls: 0.1110, d3.loss_bbox: 0.2502, d4.loss_cls: 0.1022, d4.loss_bbox: 0.2484, loss: 2.4903, grad_norm: 45.2529
2025-06-25 23:30:22,752 - mmdet - INFO - Epoch [4][1250/7033]	lr: 5.005e-05, eta: 5:17:38, time: 0.791, data_time: 0.029, memory: 4350, loss_cls: 0.1042, loss_bbox: 0.2534, d0.loss_cls: 0.2245, d0.loss_bbox: 0.3994, d1.loss_cls: 0.1563, d1.loss_bbox: 0.2887, d2.loss_cls: 0.1265, d2.loss_bbox: 0.2806, d3.loss_cls: 0.1135, d3.loss_bbox: 0.2566, d4.loss_cls: 0.1057, d4.loss_bbox: 0.2534, loss: 2.5626, grad_norm: 19.3896
2025-06-25 23:31:02,337 - mmdet - INFO - Epoch [4][1300/7033]	lr: 5.005e-05, eta: 5:16:43, time: 0.792, data_time: 0.027, memory: 4350, loss_cls: 0.1007, loss_bbox: 0.2461, d0.loss_cls: 0.2140, d0.loss_bbox: 0.3873, d1.loss_cls: 0.1481, d1.loss_bbox: 0.2826, d2.loss_cls: 0.1219, d2.loss_bbox: 0.2701, d3.loss_cls: 0.1115, d3.loss_bbox: 0.2489, d4.loss_cls: 0.1029, d4.loss_bbox: 0.2456, loss: 2.4797, grad_norm: 38.2976
2025-06-25 23:31:41,807 - mmdet - INFO - Epoch [4][1350/7033]	lr: 5.005e-05, eta: 5:15:47, time: 0.789, data_time: 0.028, memory: 4350, loss_cls: 0.0936, loss_bbox: 0.2441, d0.loss_cls: 0.2111, d0.loss_bbox: 0.3833, d1.loss_cls: 0.1444, d1.loss_bbox: 0.2807, d2.loss_cls: 0.1165, d2.loss_bbox: 0.2694, d3.loss_cls: 0.1033, d3.loss_bbox: 0.2470, d4.loss_cls: 0.0958, d4.loss_bbox: 0.2440, loss: 2.4333, grad_norm: 21.1836
2025-06-25 23:32:21,015 - mmdet - INFO - Epoch [4][1400/7033]	lr: 5.005e-05, eta: 5:14:52, time: 0.784, data_time: 0.027, memory: 4350, loss_cls: 0.0984, loss_bbox: 0.2494, d0.loss_cls: 0.2175, d0.loss_bbox: 0.3881, d1.loss_cls: 0.1460, d1.loss_bbox: 0.2836, d2.loss_cls: 0.1194, d2.loss_bbox: 0.2745, d3.loss_cls: 0.1063, d3.loss_bbox: 0.2523, d4.loss_cls: 0.1007, d4.loss_bbox: 0.2483, loss: 2.4845, grad_norm: 18.0818
2025-06-25 23:33:00,553 - mmdet - INFO - Epoch [4][1450/7033]	lr: 5.005e-05, eta: 5:13:56, time: 0.791, data_time: 0.027, memory: 4350, loss_cls: 0.0947, loss_bbox: 0.2475, d0.loss_cls: 0.2160, d0.loss_bbox: 0.3874, d1.loss_cls: 0.1528, d1.loss_bbox: 0.2804, d2.loss_cls: 0.1229, d2.loss_bbox: 0.2692, d3.loss_cls: 0.1045, d3.loss_bbox: 0.2513, d4.loss_cls: 0.0964, d4.loss_bbox: 0.2479, loss: 2.4708, grad_norm: 21.8838
2025-06-25 23:33:40,064 - mmdet - INFO - Epoch [4][1500/7033]	lr: 5.005e-05, eta: 5:13:01, time: 0.790, data_time: 0.028, memory: 4350, loss_cls: 0.0944, loss_bbox: 0.2534, d0.loss_cls: 0.2096, d0.loss_bbox: 0.4011, d1.loss_cls: 0.1465, d1.loss_bbox: 0.2924, d2.loss_cls: 0.1193, d2.loss_bbox: 0.2770, d3.loss_cls: 0.1040, d3.loss_bbox: 0.2564, d4.loss_cls: 0.0968, d4.loss_bbox: 0.2529, loss: 2.5037, grad_norm: 23.8353
2025-06-25 23:34:19,553 - mmdet - INFO - Epoch [4][1550/7033]	lr: 5.005e-05, eta: 5:12:06, time: 0.790, data_time: 0.028, memory: 4350, loss_cls: 0.0928, loss_bbox: 0.2534, d0.loss_cls: 0.2145, d0.loss_bbox: 0.3831, d1.loss_cls: 0.1483, d1.loss_bbox: 0.2833, d2.loss_cls: 0.1163, d2.loss_bbox: 0.2747, d3.loss_cls: 0.1019, d3.loss_bbox: 0.2552, d4.loss_cls: 0.0949, d4.loss_bbox: 0.2529, loss: 2.4713, grad_norm: 25.0219
2025-06-25 23:34:58,851 - mmdet - INFO - Epoch [4][1600/7033]	lr: 5.005e-05, eta: 5:11:11, time: 0.786, data_time: 0.027, memory: 4350, loss_cls: 0.0913, loss_bbox: 0.2448, d0.loss_cls: 0.2107, d0.loss_bbox: 0.3921, d1.loss_cls: 0.1441, d1.loss_bbox: 0.2780, d2.loss_cls: 0.1191, d2.loss_bbox: 0.2660, d3.loss_cls: 0.1029, d3.loss_bbox: 0.2467, d4.loss_cls: 0.0937, d4.loss_bbox: 0.2445, loss: 2.4338, grad_norm: 48.5327
2025-06-25 23:35:38,328 - mmdet - INFO - Epoch [4][1650/7033]	lr: 5.005e-05, eta: 5:10:16, time: 0.790, data_time: 0.026, memory: 4350, loss_cls: 0.0924, loss_bbox: 0.2439, d0.loss_cls: 0.2083, d0.loss_bbox: 0.3886, d1.loss_cls: 0.1402, d1.loss_bbox: 0.2826, d2.loss_cls: 0.1111, d2.loss_bbox: 0.2694, d3.loss_cls: 0.1005, d3.loss_bbox: 0.2473, d4.loss_cls: 0.0943, d4.loss_bbox: 0.2435, loss: 2.4220, grad_norm: 31.9271
2025-06-25 23:36:17,580 - mmdet - INFO - Epoch [4][1700/7033]	lr: 5.005e-05, eta: 5:09:20, time: 0.785, data_time: 0.028, memory: 4350, loss_cls: 0.0934, loss_bbox: 0.2543, d0.loss_cls: 0.2171, d0.loss_bbox: 0.3968, d1.loss_cls: 0.1487, d1.loss_bbox: 0.2893, d2.loss_cls: 0.1163, d2.loss_bbox: 0.2768, d3.loss_cls: 0.1032, d3.loss_bbox: 0.2557, d4.loss_cls: 0.0957, d4.loss_bbox: 0.2538, loss: 2.5011, grad_norm: 36.8106
2025-06-25 23:36:57,679 - mmdet - INFO - Epoch [4][1750/7033]	lr: 5.005e-05, eta: 5:08:26, time: 0.802, data_time: 0.033, memory: 4350, loss_cls: 0.0949, loss_bbox: 0.2488, d0.loss_cls: 0.2115, d0.loss_bbox: 0.3864, d1.loss_cls: 0.1446, d1.loss_bbox: 0.2794, d2.loss_cls: 0.1170, d2.loss_bbox: 0.2714, d3.loss_cls: 0.1057, d3.loss_bbox: 0.2489, d4.loss_cls: 0.0997, d4.loss_bbox: 0.2467, loss: 2.4549, grad_norm: 33.7826
2025-06-25 23:37:37,026 - mmdet - INFO - Epoch [4][1800/7033]	lr: 5.005e-05, eta: 5:07:31, time: 0.787, data_time: 0.028, memory: 4350, loss_cls: 0.0886, loss_bbox: 0.2394, d0.loss_cls: 0.2106, d0.loss_bbox: 0.3782, d1.loss_cls: 0.1395, d1.loss_bbox: 0.2749, d2.loss_cls: 0.1088, d2.loss_bbox: 0.2624, d3.loss_cls: 0.0967, d3.loss_bbox: 0.2423, d4.loss_cls: 0.0903, d4.loss_bbox: 0.2395, loss: 2.3711, grad_norm: 27.4226
2025-06-25 23:38:16,567 - mmdet - INFO - Epoch [4][1850/7033]	lr: 5.005e-05, eta: 5:06:36, time: 0.791, data_time: 0.030, memory: 4350, loss_cls: 0.0997, loss_bbox: 0.2441, d0.loss_cls: 0.2123, d0.loss_bbox: 0.3898, d1.loss_cls: 0.1402, d1.loss_bbox: 0.2826, d2.loss_cls: 0.1165, d2.loss_bbox: 0.2698, d3.loss_cls: 0.1067, d3.loss_bbox: 0.2481, d4.loss_cls: 0.1015, d4.loss_bbox: 0.2444, loss: 2.4557, grad_norm: 23.0818
2025-06-25 23:38:55,936 - mmdet - INFO - Epoch [4][1900/7033]	lr: 5.005e-05, eta: 5:05:42, time: 0.787, data_time: 0.026, memory: 4350, loss_cls: 0.1031, loss_bbox: 0.2497, d0.loss_cls: 0.2137, d0.loss_bbox: 0.3855, d1.loss_cls: 0.1487, d1.loss_bbox: 0.2882, d2.loss_cls: 0.1230, d2.loss_bbox: 0.2743, d3.loss_cls: 0.1107, d3.loss_bbox: 0.2542, d4.loss_cls: 0.1050, d4.loss_bbox: 0.2493, loss: 2.5055, grad_norm: 31.4424
2025-06-25 23:39:35,411 - mmdet - INFO - Epoch [4][1950/7033]	lr: 5.005e-05, eta: 5:04:47, time: 0.789, data_time: 0.028, memory: 4350, loss_cls: 0.1003, loss_bbox: 0.2508, d0.loss_cls: 0.2172, d0.loss_bbox: 0.3905, d1.loss_cls: 0.1525, d1.loss_bbox: 0.2898, d2.loss_cls: 0.1228, d2.loss_bbox: 0.2767, d3.loss_cls: 0.1109, d3.loss_bbox: 0.2520, d4.loss_cls: 0.1017, d4.loss_bbox: 0.2505, loss: 2.5157, grad_norm: 31.2858
2025-06-25 23:40:14,953 - mmdet - INFO - Epoch [4][2000/7033]	lr: 5.005e-05, eta: 5:03:52, time: 0.791, data_time: 0.030, memory: 4350, loss_cls: 0.0970, loss_bbox: 0.2525, d0.loss_cls: 0.2156, d0.loss_bbox: 0.3991, d1.loss_cls: 0.1550, d1.loss_bbox: 0.2904, d2.loss_cls: 0.1204, d2.loss_bbox: 0.2799, d3.loss_cls: 0.1062, d3.loss_bbox: 0.2571, d4.loss_cls: 0.0994, d4.loss_bbox: 0.2526, loss: 2.5251, grad_norm: 21.9171
2025-06-25 23:40:54,536 - mmdet - INFO - Epoch [4][2050/7033]	lr: 5.005e-05, eta: 5:02:58, time: 0.792, data_time: 0.030, memory: 4350, loss_cls: 0.0969, loss_bbox: 0.2528, d0.loss_cls: 0.2174, d0.loss_bbox: 0.3955, d1.loss_cls: 0.1491, d1.loss_bbox: 0.2909, d2.loss_cls: 0.1207, d2.loss_bbox: 0.2791, d3.loss_cls: 0.1070, d3.loss_bbox: 0.2552, d4.loss_cls: 0.0993, d4.loss_bbox: 0.2526, loss: 2.5165, grad_norm: 21.1709
2025-06-25 23:41:34,314 - mmdet - INFO - Epoch [4][2100/7033]	lr: 5.005e-05, eta: 5:02:04, time: 0.796, data_time: 0.030, memory: 4350, loss_cls: 0.0954, loss_bbox: 0.2465, d0.loss_cls: 0.2162, d0.loss_bbox: 0.3923, d1.loss_cls: 0.1494, d1.loss_bbox: 0.2838, d2.loss_cls: 0.1179, d2.loss_bbox: 0.2732, d3.loss_cls: 0.1030, d3.loss_bbox: 0.2521, d4.loss_cls: 0.0973, d4.loss_bbox: 0.2463, loss: 2.4733, grad_norm: 22.3187
2025-06-25 23:42:14,126 - mmdet - INFO - Epoch [4][2150/7033]	lr: 5.005e-05, eta: 5:01:10, time: 0.796, data_time: 0.031, memory: 4350, loss_cls: 0.1057, loss_bbox: 0.2574, d0.loss_cls: 0.2253, d0.loss_bbox: 0.3943, d1.loss_cls: 0.1590, d1.loss_bbox: 0.2884, d2.loss_cls: 0.1278, d2.loss_bbox: 0.2809, d3.loss_cls: 0.1146, d3.loss_bbox: 0.2590, d4.loss_cls: 0.1070, d4.loss_bbox: 0.2567, loss: 2.5760, grad_norm: 48.6317
2025-06-25 23:42:53,700 - mmdet - INFO - Epoch [4][2200/7033]	lr: 5.005e-05, eta: 5:00:15, time: 0.791, data_time: 0.030, memory: 4350, loss_cls: 0.0970, loss_bbox: 0.2454, d0.loss_cls: 0.2100, d0.loss_bbox: 0.3864, d1.loss_cls: 0.1459, d1.loss_bbox: 0.2830, d2.loss_cls: 0.1180, d2.loss_bbox: 0.2717, d3.loss_cls: 0.1042, d3.loss_bbox: 0.2503, d4.loss_cls: 0.0989, d4.loss_bbox: 0.2460, loss: 2.4567, grad_norm: 22.8538
2025-06-25 23:43:33,381 - mmdet - INFO - Epoch [4][2250/7033]	lr: 5.005e-05, eta: 4:59:21, time: 0.794, data_time: 0.030, memory: 4350, loss_cls: 0.0944, loss_bbox: 0.2366, d0.loss_cls: 0.2128, d0.loss_bbox: 0.3700, d1.loss_cls: 0.1410, d1.loss_bbox: 0.2704, d2.loss_cls: 0.1125, d2.loss_bbox: 0.2618, d3.loss_cls: 0.1025, d3.loss_bbox: 0.2395, d4.loss_cls: 0.0957, d4.loss_bbox: 0.2372, loss: 2.3742, grad_norm: 41.7389
2025-06-25 23:44:12,811 - mmdet - INFO - Epoch [4][2300/7033]	lr: 5.005e-05, eta: 4:58:27, time: 0.789, data_time: 0.026, memory: 4350, loss_cls: 0.1014, loss_bbox: 0.2535, d0.loss_cls: 0.2235, d0.loss_bbox: 0.3873, d1.loss_cls: 0.1507, d1.loss_bbox: 0.2885, d2.loss_cls: 0.1213, d2.loss_bbox: 0.2775, d3.loss_cls: 0.1073, d3.loss_bbox: 0.2575, d4.loss_cls: 0.1008, d4.loss_bbox: 0.2546, loss: 2.5238, grad_norm: 20.5319
2025-06-25 23:44:52,181 - mmdet - INFO - Epoch [4][2350/7033]	lr: 5.005e-05, eta: 4:57:33, time: 0.787, data_time: 0.027, memory: 4350, loss_cls: 0.0926, loss_bbox: 0.2398, d0.loss_cls: 0.2056, d0.loss_bbox: 0.3834, d1.loss_cls: 0.1396, d1.loss_bbox: 0.2740, d2.loss_cls: 0.1129, d2.loss_bbox: 0.2631, d3.loss_cls: 0.1018, d3.loss_bbox: 0.2419, d4.loss_cls: 0.0950, d4.loss_bbox: 0.2383, loss: 2.3878, grad_norm: 39.6334
2025-06-25 23:45:31,656 - mmdet - INFO - Epoch [4][2400/7033]	lr: 5.005e-05, eta: 4:56:39, time: 0.789, data_time: 0.027, memory: 4350, loss_cls: 0.0943, loss_bbox: 0.2496, d0.loss_cls: 0.2172, d0.loss_bbox: 0.3765, d1.loss_cls: 0.1462, d1.loss_bbox: 0.2803, d2.loss_cls: 0.1155, d2.loss_bbox: 0.2680, d3.loss_cls: 0.1024, d3.loss_bbox: 0.2501, d4.loss_cls: 0.0968, d4.loss_bbox: 0.2482, loss: 2.4451, grad_norm: 30.9411
2025-06-25 23:46:11,200 - mmdet - INFO - Epoch [4][2450/7033]	lr: 5.005e-05, eta: 4:55:45, time: 0.791, data_time: 0.027, memory: 4350, loss_cls: 0.0997, loss_bbox: 0.2517, d0.loss_cls: 0.2189, d0.loss_bbox: 0.3882, d1.loss_cls: 0.1511, d1.loss_bbox: 0.2850, d2.loss_cls: 0.1204, d2.loss_bbox: 0.2755, d3.loss_cls: 0.1091, d3.loss_bbox: 0.2542, d4.loss_cls: 0.1013, d4.loss_bbox: 0.2515, loss: 2.5067, grad_norm: 25.1391
2025-06-25 23:46:50,544 - mmdet - INFO - Epoch [4][2500/7033]	lr: 5.005e-05, eta: 4:54:51, time: 0.787, data_time: 0.026, memory: 4350, loss_cls: 0.0964, loss_bbox: 0.2507, d0.loss_cls: 0.2139, d0.loss_bbox: 0.3921, d1.loss_cls: 0.1472, d1.loss_bbox: 0.2859, d2.loss_cls: 0.1183, d2.loss_bbox: 0.2764, d3.loss_cls: 0.1045, d3.loss_bbox: 0.2540, d4.loss_cls: 0.0975, d4.loss_bbox: 0.2512, loss: 2.4882, grad_norm: 20.5697
2025-06-25 23:47:29,890 - mmdet - INFO - Epoch [4][2550/7033]	lr: 5.005e-05, eta: 4:53:57, time: 0.787, data_time: 0.026, memory: 4350, loss_cls: 0.0973, loss_bbox: 0.2558, d0.loss_cls: 0.2170, d0.loss_bbox: 0.3965, d1.loss_cls: 0.1512, d1.loss_bbox: 0.2868, d2.loss_cls: 0.1225, d2.loss_bbox: 0.2742, d3.loss_cls: 0.1085, d3.loss_bbox: 0.2575, d4.loss_cls: 0.0993, d4.loss_bbox: 0.2549, loss: 2.5215, grad_norm: 22.3755
2025-06-25 23:48:09,361 - mmdet - INFO - Epoch [4][2600/7033]	lr: 5.005e-05, eta: 4:53:03, time: 0.789, data_time: 0.026, memory: 4350, loss_cls: 0.0990, loss_bbox: 0.2524, d0.loss_cls: 0.2269, d0.loss_bbox: 0.3936, d1.loss_cls: 0.1505, d1.loss_bbox: 0.2866, d2.loss_cls: 0.1198, d2.loss_bbox: 0.2759, d3.loss_cls: 0.1080, d3.loss_bbox: 0.2557, d4.loss_cls: 0.1019, d4.loss_bbox: 0.2518, loss: 2.5221, grad_norm: 23.9373
2025-06-25 23:48:48,694 - mmdet - INFO - Epoch [4][2650/7033]	lr: 5.005e-05, eta: 4:52:09, time: 0.787, data_time: 0.028, memory: 4350, loss_cls: 0.0954, loss_bbox: 0.2509, d0.loss_cls: 0.2203, d0.loss_bbox: 0.3814, d1.loss_cls: 0.1452, d1.loss_bbox: 0.2851, d2.loss_cls: 0.1175, d2.loss_bbox: 0.2735, d3.loss_cls: 0.1038, d3.loss_bbox: 0.2528, d4.loss_cls: 0.0970, d4.loss_bbox: 0.2516, loss: 2.4745, grad_norm: 25.5211
2025-06-25 23:49:28,336 - mmdet - INFO - Epoch [4][2700/7033]	lr: 5.005e-05, eta: 4:51:15, time: 0.793, data_time: 0.028, memory: 4350, loss_cls: 0.0975, loss_bbox: 0.2425, d0.loss_cls: 0.2092, d0.loss_bbox: 0.3796, d1.loss_cls: 0.1449, d1.loss_bbox: 0.2764, d2.loss_cls: 0.1183, d2.loss_bbox: 0.2663, d3.loss_cls: 0.1068, d3.loss_bbox: 0.2449, d4.loss_cls: 0.1000, d4.loss_bbox: 0.2418, loss: 2.4282, grad_norm: 32.6059
2025-06-25 23:50:07,889 - mmdet - INFO - Epoch [4][2750/7033]	lr: 5.005e-05, eta: 4:50:22, time: 0.791, data_time: 0.030, memory: 4350, loss_cls: 0.0968, loss_bbox: 0.2512, d0.loss_cls: 0.2157, d0.loss_bbox: 0.3929, d1.loss_cls: 0.1494, d1.loss_bbox: 0.2839, d2.loss_cls: 0.1214, d2.loss_bbox: 0.2737, d3.loss_cls: 0.1069, d3.loss_bbox: 0.2525, d4.loss_cls: 0.0990, d4.loss_bbox: 0.2508, loss: 2.4943, grad_norm: 24.0020
2025-06-25 23:50:47,423 - mmdet - INFO - Epoch [4][2800/7033]	lr: 5.005e-05, eta: 4:49:28, time: 0.791, data_time: 0.027, memory: 4350, loss_cls: 0.0942, loss_bbox: 0.2478, d0.loss_cls: 0.2146, d0.loss_bbox: 0.3906, d1.loss_cls: 0.1464, d1.loss_bbox: 0.2826, d2.loss_cls: 0.1172, d2.loss_bbox: 0.2706, d3.loss_cls: 0.1023, d3.loss_bbox: 0.2511, d4.loss_cls: 0.0947, d4.loss_bbox: 0.2493, loss: 2.4615, grad_norm: 21.9037
2025-06-25 23:51:26,909 - mmdet - INFO - Epoch [4][2850/7033]	lr: 5.005e-05, eta: 4:48:35, time: 0.790, data_time: 0.028, memory: 4350, loss_cls: 0.0925, loss_bbox: 0.2568, d0.loss_cls: 0.2202, d0.loss_bbox: 0.3988, d1.loss_cls: 0.1513, d1.loss_bbox: 0.2884, d2.loss_cls: 0.1180, d2.loss_bbox: 0.2802, d3.loss_cls: 0.1037, d3.loss_bbox: 0.2588, d4.loss_cls: 0.0945, d4.loss_bbox: 0.2570, loss: 2.5202, grad_norm: 39.4632
2025-06-25 23:52:06,302 - mmdet - INFO - Epoch [4][2900/7033]	lr: 5.005e-05, eta: 4:47:41, time: 0.788, data_time: 0.027, memory: 4350, loss_cls: 0.0903, loss_bbox: 0.2518, d0.loss_cls: 0.2124, d0.loss_bbox: 0.3909, d1.loss_cls: 0.1456, d1.loss_bbox: 0.2866, d2.loss_cls: 0.1171, d2.loss_bbox: 0.2751, d3.loss_cls: 0.1011, d3.loss_bbox: 0.2547, d4.loss_cls: 0.0927, d4.loss_bbox: 0.2516, loss: 2.4699, grad_norm: 19.0509
2025-06-25 23:52:45,658 - mmdet - INFO - Epoch [4][2950/7033]	lr: 5.005e-05, eta: 4:46:48, time: 0.787, data_time: 0.028, memory: 4350, loss_cls: 0.0963, loss_bbox: 0.2512, d0.loss_cls: 0.2138, d0.loss_bbox: 0.3869, d1.loss_cls: 0.1482, d1.loss_bbox: 0.2850, d2.loss_cls: 0.1165, d2.loss_bbox: 0.2733, d3.loss_cls: 0.1043, d3.loss_bbox: 0.2547, d4.loss_cls: 0.0975, d4.loss_bbox: 0.2512, loss: 2.4790, grad_norm: 24.3733
2025-06-25 23:53:25,424 - mmdet - INFO - Epoch [4][3000/7033]	lr: 5.005e-05, eta: 4:45:54, time: 0.795, data_time: 0.029, memory: 4350, loss_cls: 0.0996, loss_bbox: 0.2529, d0.loss_cls: 0.2181, d0.loss_bbox: 0.3965, d1.loss_cls: 0.1459, d1.loss_bbox: 0.2911, d2.loss_cls: 0.1191, d2.loss_bbox: 0.2799, d3.loss_cls: 0.1087, d3.loss_bbox: 0.2562, d4.loss_cls: 0.1019, d4.loss_bbox: 0.2531, loss: 2.5231, grad_norm: 33.2324
2025-06-25 23:54:04,887 - mmdet - INFO - Epoch [4][3050/7033]	lr: 5.005e-05, eta: 4:45:01, time: 0.789, data_time: 0.028, memory: 4350, loss_cls: 0.1079, loss_bbox: 0.2556, d0.loss_cls: 0.2269, d0.loss_bbox: 0.3923, d1.loss_cls: 0.1579, d1.loss_bbox: 0.2893, d2.loss_cls: 0.1296, d2.loss_bbox: 0.2799, d3.loss_cls: 0.1162, d3.loss_bbox: 0.2588, d4.loss_cls: 0.1086, d4.loss_bbox: 0.2557, loss: 2.5787, grad_norm: 38.7387
2025-06-25 23:54:44,250 - mmdet - INFO - Epoch [4][3100/7033]	lr: 5.005e-05, eta: 4:44:08, time: 0.787, data_time: 0.025, memory: 4350, loss_cls: 0.0933, loss_bbox: 0.2434, d0.loss_cls: 0.2152, d0.loss_bbox: 0.3870, d1.loss_cls: 0.1442, d1.loss_bbox: 0.2788, d2.loss_cls: 0.1148, d2.loss_bbox: 0.2662, d3.loss_cls: 0.1036, d3.loss_bbox: 0.2447, d4.loss_cls: 0.0959, d4.loss_bbox: 0.2425, loss: 2.4297, grad_norm: 24.1468
2025-06-25 23:55:23,821 - mmdet - INFO - Epoch [4][3150/7033]	lr: 5.005e-05, eta: 4:43:15, time: 0.791, data_time: 0.028, memory: 4350, loss_cls: 0.0961, loss_bbox: 0.2539, d0.loss_cls: 0.2137, d0.loss_bbox: 0.3899, d1.loss_cls: 0.1449, d1.loss_bbox: 0.2874, d2.loss_cls: 0.1195, d2.loss_bbox: 0.2748, d3.loss_cls: 0.1055, d3.loss_bbox: 0.2542, d4.loss_cls: 0.0993, d4.loss_bbox: 0.2511, loss: 2.4904, grad_norm: 27.8631
2025-06-25 23:56:03,556 - mmdet - INFO - Epoch [4][3200/7033]	lr: 5.005e-05, eta: 4:42:22, time: 0.795, data_time: 0.027, memory: 4350, loss_cls: 0.0937, loss_bbox: 0.2515, d0.loss_cls: 0.2134, d0.loss_bbox: 0.3876, d1.loss_cls: 0.1459, d1.loss_bbox: 0.2852, d2.loss_cls: 0.1184, d2.loss_bbox: 0.2733, d3.loss_cls: 0.1047, d3.loss_bbox: 0.2529, d4.loss_cls: 0.0961, d4.loss_bbox: 0.2511, loss: 2.4738, grad_norm: 30.3529
2025-06-25 23:56:43,166 - mmdet - INFO - Epoch [4][3250/7033]	lr: 5.005e-05, eta: 4:41:29, time: 0.792, data_time: 0.029, memory: 4350, loss_cls: 0.0980, loss_bbox: 0.2536, d0.loss_cls: 0.2253, d0.loss_bbox: 0.4039, d1.loss_cls: 0.1522, d1.loss_bbox: 0.2893, d2.loss_cls: 0.1204, d2.loss_bbox: 0.2766, d3.loss_cls: 0.1070, d3.loss_bbox: 0.2573, d4.loss_cls: 0.1006, d4.loss_bbox: 0.2539, loss: 2.5382, grad_norm: 18.4981
2025-06-25 23:57:22,701 - mmdet - INFO - Epoch [4][3300/7033]	lr: 5.005e-05, eta: 4:40:36, time: 0.791, data_time: 0.027, memory: 4350, loss_cls: 0.0906, loss_bbox: 0.2411, d0.loss_cls: 0.2142, d0.loss_bbox: 0.3780, d1.loss_cls: 0.1423, d1.loss_bbox: 0.2733, d2.loss_cls: 0.1118, d2.loss_bbox: 0.2639, d3.loss_cls: 0.0989, d3.loss_bbox: 0.2423, d4.loss_cls: 0.0919, d4.loss_bbox: 0.2397, loss: 2.3881, grad_norm: 43.4682
2025-06-25 23:58:02,196 - mmdet - INFO - Epoch [4][3350/7033]	lr: 5.005e-05, eta: 4:39:43, time: 0.790, data_time: 0.026, memory: 4350, loss_cls: 0.1014, loss_bbox: 0.2478, d0.loss_cls: 0.2208, d0.loss_bbox: 0.3898, d1.loss_cls: 0.1523, d1.loss_bbox: 0.2791, d2.loss_cls: 0.1213, d2.loss_bbox: 0.2699, d3.loss_cls: 0.1091, d3.loss_bbox: 0.2511, d4.loss_cls: 0.1040, d4.loss_bbox: 0.2469, loss: 2.4936, grad_norm: 35.3533
2025-06-25 23:58:41,657 - mmdet - INFO - Epoch [4][3400/7033]	lr: 5.005e-05, eta: 4:38:50, time: 0.789, data_time: 0.026, memory: 4350, loss_cls: 0.0914, loss_bbox: 0.2499, d0.loss_cls: 0.2109, d0.loss_bbox: 0.3904, d1.loss_cls: 0.1423, d1.loss_bbox: 0.2831, d2.loss_cls: 0.1128, d2.loss_bbox: 0.2731, d3.loss_cls: 0.0992, d3.loss_bbox: 0.2540, d4.loss_cls: 0.0937, d4.loss_bbox: 0.2496, loss: 2.4503, grad_norm: 26.1501
2025-06-25 23:59:21,033 - mmdet - INFO - Epoch [4][3450/7033]	lr: 5.005e-05, eta: 4:37:57, time: 0.788, data_time: 0.027, memory: 4350, loss_cls: 0.0967, loss_bbox: 0.2454, d0.loss_cls: 0.2130, d0.loss_bbox: 0.3900, d1.loss_cls: 0.1413, d1.loss_bbox: 0.2846, d2.loss_cls: 0.1157, d2.loss_bbox: 0.2717, d3.loss_cls: 0.1051, d3.loss_bbox: 0.2485, d4.loss_cls: 0.0981, d4.loss_bbox: 0.2456, loss: 2.4557, grad_norm: 21.2753
2025-06-26 00:00:00,334 - mmdet - INFO - Epoch [4][3500/7033]	lr: 5.005e-05, eta: 4:37:04, time: 0.786, data_time: 0.026, memory: 4350, loss_cls: 0.0989, loss_bbox: 0.2503, d0.loss_cls: 0.2163, d0.loss_bbox: 0.3896, d1.loss_cls: 0.1436, d1.loss_bbox: 0.2891, d2.loss_cls: 0.1172, d2.loss_bbox: 0.2746, d3.loss_cls: 0.1075, d3.loss_bbox: 0.2529, d4.loss_cls: 0.0999, d4.loss_bbox: 0.2506, loss: 2.4905, grad_norm: 37.1676
2025-06-26 00:00:39,697 - mmdet - INFO - Epoch [4][3550/7033]	lr: 5.005e-05, eta: 4:36:11, time: 0.787, data_time: 0.025, memory: 4350, loss_cls: 0.1075, loss_bbox: 0.2566, d0.loss_cls: 0.2199, d0.loss_bbox: 0.3983, d1.loss_cls: 0.1533, d1.loss_bbox: 0.2936, d2.loss_cls: 0.1272, d2.loss_bbox: 0.2827, d3.loss_cls: 0.1158, d3.loss_bbox: 0.2607, d4.loss_cls: 0.1097, d4.loss_bbox: 0.2568, loss: 2.5822, grad_norm: 27.3988
2025-06-26 00:01:19,555 - mmdet - INFO - Epoch [4][3600/7033]	lr: 5.005e-05, eta: 4:35:19, time: 0.797, data_time: 0.031, memory: 4350, loss_cls: 0.1005, loss_bbox: 0.2525, d0.loss_cls: 0.2246, d0.loss_bbox: 0.3886, d1.loss_cls: 0.1501, d1.loss_bbox: 0.2863, d2.loss_cls: 0.1238, d2.loss_bbox: 0.2744, d3.loss_cls: 0.1095, d3.loss_bbox: 0.2575, d4.loss_cls: 0.1042, d4.loss_bbox: 0.2513, loss: 2.5233, grad_norm: 17.9634
2025-06-26 00:01:59,377 - mmdet - INFO - Epoch [4][3650/7033]	lr: 5.005e-05, eta: 4:34:26, time: 0.796, data_time: 0.032, memory: 4350, loss_cls: 0.0997, loss_bbox: 0.2432, d0.loss_cls: 0.2147, d0.loss_bbox: 0.3862, d1.loss_cls: 0.1514, d1.loss_bbox: 0.2814, d2.loss_cls: 0.1254, d2.loss_bbox: 0.2675, d3.loss_cls: 0.1101, d3.loss_bbox: 0.2455, d4.loss_cls: 0.1008, d4.loss_bbox: 0.2441, loss: 2.4700, grad_norm: 25.4092
2025-06-26 00:02:38,904 - mmdet - INFO - Epoch [4][3700/7033]	lr: 5.005e-05, eta: 4:33:34, time: 0.791, data_time: 0.029, memory: 4350, loss_cls: 0.0954, loss_bbox: 0.2479, d0.loss_cls: 0.2265, d0.loss_bbox: 0.3860, d1.loss_cls: 0.1491, d1.loss_bbox: 0.2820, d2.loss_cls: 0.1177, d2.loss_bbox: 0.2719, d3.loss_cls: 0.1044, d3.loss_bbox: 0.2499, d4.loss_cls: 0.0974, d4.loss_bbox: 0.2481, loss: 2.4763, grad_norm: 23.8949
2025-06-26 00:03:18,754 - mmdet - INFO - Epoch [4][3750/7033]	lr: 5.005e-05, eta: 4:32:41, time: 0.797, data_time: 0.033, memory: 4350, loss_cls: 0.0971, loss_bbox: 0.2392, d0.loss_cls: 0.2186, d0.loss_bbox: 0.3868, d1.loss_cls: 0.1481, d1.loss_bbox: 0.2788, d2.loss_cls: 0.1166, d2.loss_bbox: 0.2649, d3.loss_cls: 0.1044, d3.loss_bbox: 0.2435, d4.loss_cls: 0.0991, d4.loss_bbox: 0.2393, loss: 2.4367, grad_norm: 26.9151
2025-06-26 00:03:58,441 - mmdet - INFO - Epoch [4][3800/7033]	lr: 5.005e-05, eta: 4:31:49, time: 0.794, data_time: 0.028, memory: 4350, loss_cls: 0.0990, loss_bbox: 0.2446, d0.loss_cls: 0.2188, d0.loss_bbox: 0.3800, d1.loss_cls: 0.1483, d1.loss_bbox: 0.2814, d2.loss_cls: 0.1213, d2.loss_bbox: 0.2707, d3.loss_cls: 0.1057, d3.loss_bbox: 0.2481, d4.loss_cls: 0.1015, d4.loss_bbox: 0.2449, loss: 2.4644, grad_norm: 53.5922
2025-06-26 00:04:38,101 - mmdet - INFO - Epoch [4][3850/7033]	lr: 5.005e-05, eta: 4:30:57, time: 0.793, data_time: 0.030, memory: 4350, loss_cls: 0.0896, loss_bbox: 0.2410, d0.loss_cls: 0.2063, d0.loss_bbox: 0.3666, d1.loss_cls: 0.1358, d1.loss_bbox: 0.2765, d2.loss_cls: 0.1125, d2.loss_bbox: 0.2634, d3.loss_cls: 0.1021, d3.loss_bbox: 0.2423, d4.loss_cls: 0.0925, d4.loss_bbox: 0.2407, loss: 2.3693, grad_norm: 18.4393
2025-06-26 00:05:17,718 - mmdet - INFO - Epoch [4][3900/7033]	lr: 5.005e-05, eta: 4:30:05, time: 0.792, data_time: 0.028, memory: 4350, loss_cls: 0.0913, loss_bbox: 0.2389, d0.loss_cls: 0.2121, d0.loss_bbox: 0.3886, d1.loss_cls: 0.1473, d1.loss_bbox: 0.2752, d2.loss_cls: 0.1151, d2.loss_bbox: 0.2653, d3.loss_cls: 0.0994, d3.loss_bbox: 0.2436, d4.loss_cls: 0.0946, d4.loss_bbox: 0.2385, loss: 2.4099, grad_norm: 26.9312
2025-06-26 00:05:57,276 - mmdet - INFO - Epoch [4][3950/7033]	lr: 5.005e-05, eta: 4:29:12, time: 0.791, data_time: 0.027, memory: 4350, loss_cls: 0.0982, loss_bbox: 0.2477, d0.loss_cls: 0.2178, d0.loss_bbox: 0.3876, d1.loss_cls: 0.1482, d1.loss_bbox: 0.2855, d2.loss_cls: 0.1177, d2.loss_bbox: 0.2730, d3.loss_cls: 0.1047, d3.loss_bbox: 0.2514, d4.loss_cls: 0.1000, d4.loss_bbox: 0.2474, loss: 2.4792, grad_norm: 17.5377
2025-06-26 00:06:36,591 - mmdet - INFO - Epoch [4][4000/7033]	lr: 5.005e-05, eta: 4:28:20, time: 0.786, data_time: 0.027, memory: 4350, loss_cls: 0.0991, loss_bbox: 0.2504, d0.loss_cls: 0.2188, d0.loss_bbox: 0.3963, d1.loss_cls: 0.1471, d1.loss_bbox: 0.2876, d2.loss_cls: 0.1172, d2.loss_bbox: 0.2771, d3.loss_cls: 0.1057, d3.loss_bbox: 0.2560, d4.loss_cls: 0.1010, d4.loss_bbox: 0.2503, loss: 2.5066, grad_norm: 24.8873
2025-06-26 00:07:16,013 - mmdet - INFO - Epoch [4][4050/7033]	lr: 5.005e-05, eta: 4:27:28, time: 0.788, data_time: 0.025, memory: 4350, loss_cls: 0.0955, loss_bbox: 0.2507, d0.loss_cls: 0.2137, d0.loss_bbox: 0.3935, d1.loss_cls: 0.1435, d1.loss_bbox: 0.2856, d2.loss_cls: 0.1159, d2.loss_bbox: 0.2737, d3.loss_cls: 0.1052, d3.loss_bbox: 0.2530, d4.loss_cls: 0.0985, d4.loss_bbox: 0.2498, loss: 2.4786, grad_norm: 27.8460
2025-06-26 00:07:55,759 - mmdet - INFO - Epoch [4][4100/7033]	lr: 5.005e-05, eta: 4:26:36, time: 0.795, data_time: 0.028, memory: 4350, loss_cls: 0.0966, loss_bbox: 0.2487, d0.loss_cls: 0.2181, d0.loss_bbox: 0.3871, d1.loss_cls: 0.1467, d1.loss_bbox: 0.2858, d2.loss_cls: 0.1168, d2.loss_bbox: 0.2756, d3.loss_cls: 0.1065, d3.loss_bbox: 0.2518, d4.loss_cls: 0.0995, d4.loss_bbox: 0.2487, loss: 2.4819, grad_norm: 26.5896
2025-06-26 00:08:35,364 - mmdet - INFO - Epoch [4][4150/7033]	lr: 5.005e-05, eta: 4:25:44, time: 0.792, data_time: 0.031, memory: 4350, loss_cls: 0.0950, loss_bbox: 0.2465, d0.loss_cls: 0.2209, d0.loss_bbox: 0.3703, d1.loss_cls: 0.1486, d1.loss_bbox: 0.2768, d2.loss_cls: 0.1181, d2.loss_bbox: 0.2676, d3.loss_cls: 0.1052, d3.loss_bbox: 0.2468, d4.loss_cls: 0.0984, d4.loss_bbox: 0.2452, loss: 2.4394, grad_norm: 28.5765
2025-06-26 00:09:14,861 - mmdet - INFO - Epoch [4][4200/7033]	lr: 5.005e-05, eta: 4:24:51, time: 0.790, data_time: 0.028, memory: 4350, loss_cls: 0.0936, loss_bbox: 0.2490, d0.loss_cls: 0.2115, d0.loss_bbox: 0.3867, d1.loss_cls: 0.1409, d1.loss_bbox: 0.2841, d2.loss_cls: 0.1152, d2.loss_bbox: 0.2726, d3.loss_cls: 0.1044, d3.loss_bbox: 0.2497, d4.loss_cls: 0.0949, d4.loss_bbox: 0.2480, loss: 2.4505, grad_norm: 26.1040
2025-06-26 00:09:54,342 - mmdet - INFO - Epoch [4][4250/7033]	lr: 5.005e-05, eta: 4:23:59, time: 0.790, data_time: 0.027, memory: 4350, loss_cls: 0.0974, loss_bbox: 0.2472, d0.loss_cls: 0.2227, d0.loss_bbox: 0.3853, d1.loss_cls: 0.1474, d1.loss_bbox: 0.2795, d2.loss_cls: 0.1199, d2.loss_bbox: 0.2667, d3.loss_cls: 0.1071, d3.loss_bbox: 0.2470, d4.loss_cls: 0.1006, d4.loss_bbox: 0.2449, loss: 2.4657, grad_norm: 38.2733
2025-06-26 00:10:33,830 - mmdet - INFO - Epoch [4][4300/7033]	lr: 5.005e-05, eta: 4:23:07, time: 0.790, data_time: 0.027, memory: 4350, loss_cls: 0.1064, loss_bbox: 0.2479, d0.loss_cls: 0.2212, d0.loss_bbox: 0.3944, d1.loss_cls: 0.1553, d1.loss_bbox: 0.2846, d2.loss_cls: 0.1277, d2.loss_bbox: 0.2709, d3.loss_cls: 0.1148, d3.loss_bbox: 0.2510, d4.loss_cls: 0.1088, d4.loss_bbox: 0.2481, loss: 2.5312, grad_norm: 31.7570
2025-06-26 00:11:13,383 - mmdet - INFO - Epoch [4][4350/7033]	lr: 5.005e-05, eta: 4:22:16, time: 0.791, data_time: 0.028, memory: 4350, loss_cls: 0.0938, loss_bbox: 0.2433, d0.loss_cls: 0.2164, d0.loss_bbox: 0.3886, d1.loss_cls: 0.1507, d1.loss_bbox: 0.2779, d2.loss_cls: 0.1174, d2.loss_bbox: 0.2675, d3.loss_cls: 0.1052, d3.loss_bbox: 0.2455, d4.loss_cls: 0.0963, d4.loss_bbox: 0.2425, loss: 2.4452, grad_norm: 33.7252
2025-06-26 00:11:52,644 - mmdet - INFO - Epoch [4][4400/7033]	lr: 5.005e-05, eta: 4:21:24, time: 0.785, data_time: 0.024, memory: 4350, loss_cls: 0.1039, loss_bbox: 0.2551, d0.loss_cls: 0.2241, d0.loss_bbox: 0.3969, d1.loss_cls: 0.1562, d1.loss_bbox: 0.2907, d2.loss_cls: 0.1278, d2.loss_bbox: 0.2796, d3.loss_cls: 0.1150, d3.loss_bbox: 0.2572, d4.loss_cls: 0.1067, d4.loss_bbox: 0.2549, loss: 2.5682, grad_norm: 47.6530
2025-06-26 00:12:31,956 - mmdet - INFO - Epoch [4][4450/7033]	lr: 5.005e-05, eta: 4:20:32, time: 0.786, data_time: 0.025, memory: 4350, loss_cls: 0.0930, loss_bbox: 0.2368, d0.loss_cls: 0.2120, d0.loss_bbox: 0.3722, d1.loss_cls: 0.1387, d1.loss_bbox: 0.2734, d2.loss_cls: 0.1133, d2.loss_bbox: 0.2598, d3.loss_cls: 0.1012, d3.loss_bbox: 0.2397, d4.loss_cls: 0.0959, d4.loss_bbox: 0.2359, loss: 2.3721, grad_norm: 22.7899
2025-06-26 00:13:12,242 - mmdet - INFO - Epoch [4][4500/7033]	lr: 5.005e-05, eta: 4:19:40, time: 0.806, data_time: 0.034, memory: 4350, loss_cls: 0.0906, loss_bbox: 0.2418, d0.loss_cls: 0.2075, d0.loss_bbox: 0.3753, d1.loss_cls: 0.1424, d1.loss_bbox: 0.2723, d2.loss_cls: 0.1138, d2.loss_bbox: 0.2638, d3.loss_cls: 0.1002, d3.loss_bbox: 0.2437, d4.loss_cls: 0.0930, d4.loss_bbox: 0.2411, loss: 2.3854, grad_norm: 32.0357
2025-06-26 00:13:51,934 - mmdet - INFO - Epoch [4][4550/7033]	lr: 5.005e-05, eta: 4:18:49, time: 0.794, data_time: 0.029, memory: 4350, loss_cls: 0.0931, loss_bbox: 0.2462, d0.loss_cls: 0.2166, d0.loss_bbox: 0.3905, d1.loss_cls: 0.1480, d1.loss_bbox: 0.2787, d2.loss_cls: 0.1171, d2.loss_bbox: 0.2683, d3.loss_cls: 0.1023, d3.loss_bbox: 0.2504, d4.loss_cls: 0.0950, d4.loss_bbox: 0.2459, loss: 2.4522, grad_norm: 41.6155
2025-06-26 00:14:31,446 - mmdet - INFO - Epoch [4][4600/7033]	lr: 5.005e-05, eta: 4:17:57, time: 0.790, data_time: 0.028, memory: 4350, loss_cls: 0.1000, loss_bbox: 0.2590, d0.loss_cls: 0.2171, d0.loss_bbox: 0.4028, d1.loss_cls: 0.1501, d1.loss_bbox: 0.2976, d2.loss_cls: 0.1252, d2.loss_bbox: 0.2849, d3.loss_cls: 0.1093, d3.loss_bbox: 0.2633, d4.loss_cls: 0.1024, d4.loss_bbox: 0.2584, loss: 2.5701, grad_norm: 25.7525
2025-06-26 00:15:10,956 - mmdet - INFO - Epoch [4][4650/7033]	lr: 5.005e-05, eta: 4:17:05, time: 0.789, data_time: 0.029, memory: 4350, loss_cls: 0.1005, loss_bbox: 0.2429, d0.loss_cls: 0.2170, d0.loss_bbox: 0.3906, d1.loss_cls: 0.1505, d1.loss_bbox: 0.2817, d2.loss_cls: 0.1223, d2.loss_bbox: 0.2681, d3.loss_cls: 0.1085, d3.loss_bbox: 0.2463, d4.loss_cls: 0.1022, d4.loss_bbox: 0.2421, loss: 2.4726, grad_norm: 25.6576
2025-06-26 00:15:50,405 - mmdet - INFO - Epoch [4][4700/7033]	lr: 5.005e-05, eta: 4:16:14, time: 0.790, data_time: 0.028, memory: 4350, loss_cls: 0.0966, loss_bbox: 0.2458, d0.loss_cls: 0.2202, d0.loss_bbox: 0.3883, d1.loss_cls: 0.1523, d1.loss_bbox: 0.2808, d2.loss_cls: 0.1193, d2.loss_bbox: 0.2706, d3.loss_cls: 0.1055, d3.loss_bbox: 0.2499, d4.loss_cls: 0.0975, d4.loss_bbox: 0.2476, loss: 2.4744, grad_norm: 52.1530
2025-06-26 00:16:29,771 - mmdet - INFO - Epoch [4][4750/7033]	lr: 5.005e-05, eta: 4:15:22, time: 0.787, data_time: 0.028, memory: 4350, loss_cls: 0.0976, loss_bbox: 0.2464, d0.loss_cls: 0.2225, d0.loss_bbox: 0.3843, d1.loss_cls: 0.1469, d1.loss_bbox: 0.2822, d2.loss_cls: 0.1166, d2.loss_bbox: 0.2726, d3.loss_cls: 0.1066, d3.loss_bbox: 0.2495, d4.loss_cls: 0.0986, d4.loss_bbox: 0.2472, loss: 2.4708, grad_norm: 19.9979
2025-06-26 00:17:09,456 - mmdet - INFO - Epoch [4][4800/7033]	lr: 5.005e-05, eta: 4:14:31, time: 0.794, data_time: 0.029, memory: 4350, loss_cls: 0.1016, loss_bbox: 0.2493, d0.loss_cls: 0.2260, d0.loss_bbox: 0.3844, d1.loss_cls: 0.1558, d1.loss_bbox: 0.2843, d2.loss_cls: 0.1234, d2.loss_bbox: 0.2708, d3.loss_cls: 0.1096, d3.loss_bbox: 0.2526, d4.loss_cls: 0.1023, d4.loss_bbox: 0.2509, loss: 2.5109, grad_norm: 30.0549
2025-06-26 00:17:48,954 - mmdet - INFO - Epoch [4][4850/7033]	lr: 5.005e-05, eta: 4:13:39, time: 0.790, data_time: 0.028, memory: 4350, loss_cls: 0.0956, loss_bbox: 0.2391, d0.loss_cls: 0.2121, d0.loss_bbox: 0.3788, d1.loss_cls: 0.1433, d1.loss_bbox: 0.2763, d2.loss_cls: 0.1169, d2.loss_bbox: 0.2620, d3.loss_cls: 0.1036, d3.loss_bbox: 0.2412, d4.loss_cls: 0.0976, d4.loss_bbox: 0.2387, loss: 2.4051, grad_norm: 24.8429
2025-06-26 00:18:28,517 - mmdet - INFO - Epoch [4][4900/7033]	lr: 5.005e-05, eta: 4:12:48, time: 0.791, data_time: 0.028, memory: 4350, loss_cls: 0.1041, loss_bbox: 0.2521, d0.loss_cls: 0.2203, d0.loss_bbox: 0.3952, d1.loss_cls: 0.1556, d1.loss_bbox: 0.2847, d2.loss_cls: 0.1261, d2.loss_bbox: 0.2776, d3.loss_cls: 0.1143, d3.loss_bbox: 0.2526, d4.loss_cls: 0.1052, d4.loss_bbox: 0.2520, loss: 2.5400, grad_norm: 27.5347
2025-06-26 00:19:07,946 - mmdet - INFO - Epoch [4][4950/7033]	lr: 5.005e-05, eta: 4:11:57, time: 0.789, data_time: 0.028, memory: 4350, loss_cls: 0.0932, loss_bbox: 0.2458, d0.loss_cls: 0.2139, d0.loss_bbox: 0.3949, d1.loss_cls: 0.1472, d1.loss_bbox: 0.2843, d2.loss_cls: 0.1188, d2.loss_bbox: 0.2699, d3.loss_cls: 0.1055, d3.loss_bbox: 0.2485, d4.loss_cls: 0.0946, d4.loss_bbox: 0.2472, loss: 2.4638, grad_norm: 24.5972
2025-06-26 00:19:47,478 - mmdet - INFO - Epoch [4][5000/7033]	lr: 5.005e-05, eta: 4:11:05, time: 0.791, data_time: 0.027, memory: 4350, loss_cls: 0.1014, loss_bbox: 0.2546, d0.loss_cls: 0.2246, d0.loss_bbox: 0.3926, d1.loss_cls: 0.1515, d1.loss_bbox: 0.2881, d2.loss_cls: 0.1245, d2.loss_bbox: 0.2787, d3.loss_cls: 0.1103, d3.loss_bbox: 0.2562, d4.loss_cls: 0.1041, d4.loss_bbox: 0.2546, loss: 2.5413, grad_norm: 21.0354
2025-06-26 00:20:27,023 - mmdet - INFO - Epoch [4][5050/7033]	lr: 5.005e-05, eta: 4:10:14, time: 0.791, data_time: 0.026, memory: 4350, loss_cls: 0.0926, loss_bbox: 0.2399, d0.loss_cls: 0.2111, d0.loss_bbox: 0.3721, d1.loss_cls: 0.1410, d1.loss_bbox: 0.2728, d2.loss_cls: 0.1125, d2.loss_bbox: 0.2628, d3.loss_cls: 0.1028, d3.loss_bbox: 0.2424, d4.loss_cls: 0.0943, d4.loss_bbox: 0.2400, loss: 2.3841, grad_norm: 25.0546
2025-06-26 00:21:06,559 - mmdet - INFO - Epoch [4][5100/7033]	lr: 5.005e-05, eta: 4:09:23, time: 0.791, data_time: 0.028, memory: 4350, loss_cls: 0.1048, loss_bbox: 0.2629, d0.loss_cls: 0.2294, d0.loss_bbox: 0.4088, d1.loss_cls: 0.1593, d1.loss_bbox: 0.2976, d2.loss_cls: 0.1286, d2.loss_bbox: 0.2856, d3.loss_cls: 0.1136, d3.loss_bbox: 0.2654, d4.loss_cls: 0.1065, d4.loss_bbox: 0.2620, loss: 2.6244, grad_norm: 25.2487
2025-06-26 00:21:46,135 - mmdet - INFO - Epoch [4][5150/7033]	lr: 5.005e-05, eta: 4:08:32, time: 0.792, data_time: 0.024, memory: 4350, loss_cls: 0.0985, loss_bbox: 0.2434, d0.loss_cls: 0.2184, d0.loss_bbox: 0.3854, d1.loss_cls: 0.1516, d1.loss_bbox: 0.2747, d2.loss_cls: 0.1181, d2.loss_bbox: 0.2657, d3.loss_cls: 0.1042, d3.loss_bbox: 0.2460, d4.loss_cls: 0.0993, d4.loss_bbox: 0.2427, loss: 2.4480, grad_norm: 26.7422
2025-06-26 00:22:25,421 - mmdet - INFO - Epoch [4][5200/7033]	lr: 5.005e-05, eta: 4:07:40, time: 0.786, data_time: 0.026, memory: 4350, loss_cls: 0.0894, loss_bbox: 0.2417, d0.loss_cls: 0.2164, d0.loss_bbox: 0.3784, d1.loss_cls: 0.1448, d1.loss_bbox: 0.2733, d2.loss_cls: 0.1132, d2.loss_bbox: 0.2638, d3.loss_cls: 0.0986, d3.loss_bbox: 0.2421, d4.loss_cls: 0.0932, d4.loss_bbox: 0.2398, loss: 2.3948, grad_norm: 22.1610
2025-06-26 00:23:05,040 - mmdet - INFO - Epoch [4][5250/7033]	lr: 5.005e-05, eta: 4:06:49, time: 0.792, data_time: 0.025, memory: 4350, loss_cls: 0.0911, loss_bbox: 0.2429, d0.loss_cls: 0.2134, d0.loss_bbox: 0.3649, d1.loss_cls: 0.1405, d1.loss_bbox: 0.2729, d2.loss_cls: 0.1118, d2.loss_bbox: 0.2641, d3.loss_cls: 0.0982, d3.loss_bbox: 0.2464, d4.loss_cls: 0.0943, d4.loss_bbox: 0.2417, loss: 2.3822, grad_norm: 20.5631
2025-06-26 00:23:44,978 - mmdet - INFO - Epoch [4][5300/7033]	lr: 5.005e-05, eta: 4:05:59, time: 0.799, data_time: 0.028, memory: 4350, loss_cls: 0.0991, loss_bbox: 0.2431, d0.loss_cls: 0.2188, d0.loss_bbox: 0.3812, d1.loss_cls: 0.1498, d1.loss_bbox: 0.2765, d2.loss_cls: 0.1196, d2.loss_bbox: 0.2683, d3.loss_cls: 0.1070, d3.loss_bbox: 0.2474, d4.loss_cls: 0.1004, d4.loss_bbox: 0.2439, loss: 2.4551, grad_norm: 24.7149
2025-06-26 00:24:24,591 - mmdet - INFO - Epoch [4][5350/7033]	lr: 5.005e-05, eta: 4:05:08, time: 0.792, data_time: 0.031, memory: 4350, loss_cls: 0.0895, loss_bbox: 0.2355, d0.loss_cls: 0.2112, d0.loss_bbox: 0.3815, d1.loss_cls: 0.1425, d1.loss_bbox: 0.2724, d2.loss_cls: 0.1105, d2.loss_bbox: 0.2609, d3.loss_cls: 0.0965, d3.loss_bbox: 0.2373, d4.loss_cls: 0.0905, d4.loss_bbox: 0.2347, loss: 2.3630, grad_norm: 34.4075
2025-06-26 00:25:04,237 - mmdet - INFO - Epoch [4][5400/7033]	lr: 5.005e-05, eta: 4:04:17, time: 0.793, data_time: 0.031, memory: 4350, loss_cls: 0.1009, loss_bbox: 0.2496, d0.loss_cls: 0.2162, d0.loss_bbox: 0.3879, d1.loss_cls: 0.1487, d1.loss_bbox: 0.2848, d2.loss_cls: 0.1223, d2.loss_bbox: 0.2747, d3.loss_cls: 0.1086, d3.loss_bbox: 0.2531, d4.loss_cls: 0.1038, d4.loss_bbox: 0.2491, loss: 2.4996, grad_norm: 17.9625
2025-06-26 00:25:43,572 - mmdet - INFO - Epoch [4][5450/7033]	lr: 5.005e-05, eta: 4:03:26, time: 0.787, data_time: 0.027, memory: 4350, loss_cls: 0.0866, loss_bbox: 0.2321, d0.loss_cls: 0.2070, d0.loss_bbox: 0.3631, d1.loss_cls: 0.1419, d1.loss_bbox: 0.2634, d2.loss_cls: 0.1094, d2.loss_bbox: 0.2518, d3.loss_cls: 0.0952, d3.loss_bbox: 0.2328, d4.loss_cls: 0.0878, d4.loss_bbox: 0.2319, loss: 2.3030, grad_norm: 28.6275
2025-06-26 00:26:23,362 - mmdet - INFO - Epoch [4][5500/7033]	lr: 5.005e-05, eta: 4:02:35, time: 0.796, data_time: 0.030, memory: 4350, loss_cls: 0.0938, loss_bbox: 0.2425, d0.loss_cls: 0.2112, d0.loss_bbox: 0.3810, d1.loss_cls: 0.1427, d1.loss_bbox: 0.2792, d2.loss_cls: 0.1150, d2.loss_bbox: 0.2677, d3.loss_cls: 0.1039, d3.loss_bbox: 0.2445, d4.loss_cls: 0.0961, d4.loss_bbox: 0.2432, loss: 2.4208, grad_norm: 17.0709
2025-06-26 00:27:02,911 - mmdet - INFO - Epoch [4][5550/7033]	lr: 5.005e-05, eta: 4:01:44, time: 0.791, data_time: 0.030, memory: 4350, loss_cls: 0.0962, loss_bbox: 0.2447, d0.loss_cls: 0.2212, d0.loss_bbox: 0.3882, d1.loss_cls: 0.1474, d1.loss_bbox: 0.2798, d2.loss_cls: 0.1206, d2.loss_bbox: 0.2654, d3.loss_cls: 0.1057, d3.loss_bbox: 0.2473, d4.loss_cls: 0.0986, d4.loss_bbox: 0.2447, loss: 2.4599, grad_norm: 17.2418
2025-06-26 00:27:42,329 - mmdet - INFO - Epoch [4][5600/7033]	lr: 5.005e-05, eta: 4:00:53, time: 0.788, data_time: 0.025, memory: 4350, loss_cls: 0.0894, loss_bbox: 0.2367, d0.loss_cls: 0.2081, d0.loss_bbox: 0.3714, d1.loss_cls: 0.1347, d1.loss_bbox: 0.2728, d2.loss_cls: 0.1110, d2.loss_bbox: 0.2616, d3.loss_cls: 0.0972, d3.loss_bbox: 0.2426, d4.loss_cls: 0.0916, d4.loss_bbox: 0.2370, loss: 2.3541, grad_norm: 27.7279
2025-06-26 00:28:25,477 - mmdet - INFO - Epoch [4][5650/7033]	lr: 5.005e-05, eta: 4:00:05, time: 0.863, data_time: 0.060, memory: 4350, loss_cls: 0.1006, loss_bbox: 0.2562, d0.loss_cls: 0.2219, d0.loss_bbox: 0.3972, d1.loss_cls: 0.1490, d1.loss_bbox: 0.2917, d2.loss_cls: 0.1225, d2.loss_bbox: 0.2783, d3.loss_cls: 0.1087, d3.loss_bbox: 0.2586, d4.loss_cls: 0.1007, d4.loss_bbox: 0.2567, loss: 2.5422, grad_norm: 30.0640
2025-06-26 00:29:05,064 - mmdet - INFO - Epoch [4][5700/7033]	lr: 5.005e-05, eta: 3:59:14, time: 0.792, data_time: 0.031, memory: 4350, loss_cls: 0.0977, loss_bbox: 0.2497, d0.loss_cls: 0.2205, d0.loss_bbox: 0.3942, d1.loss_cls: 0.1477, d1.loss_bbox: 0.2873, d2.loss_cls: 0.1186, d2.loss_bbox: 0.2737, d3.loss_cls: 0.1073, d3.loss_bbox: 0.2520, d4.loss_cls: 0.1007, d4.loss_bbox: 0.2494, loss: 2.4990, grad_norm: 20.9127
2025-06-26 00:29:44,731 - mmdet - INFO - Epoch [4][5750/7033]	lr: 5.005e-05, eta: 3:58:24, time: 0.793, data_time: 0.030, memory: 4350, loss_cls: 0.0962, loss_bbox: 0.2507, d0.loss_cls: 0.2151, d0.loss_bbox: 0.3945, d1.loss_cls: 0.1462, d1.loss_bbox: 0.2868, d2.loss_cls: 0.1182, d2.loss_bbox: 0.2763, d3.loss_cls: 0.1037, d3.loss_bbox: 0.2558, d4.loss_cls: 0.0977, d4.loss_bbox: 0.2519, loss: 2.4930, grad_norm: 29.5826
2025-06-26 00:30:24,384 - mmdet - INFO - Epoch [4][5800/7033]	lr: 5.005e-05, eta: 3:57:33, time: 0.793, data_time: 0.030, memory: 4350, loss_cls: 0.1005, loss_bbox: 0.2441, d0.loss_cls: 0.2098, d0.loss_bbox: 0.3788, d1.loss_cls: 0.1457, d1.loss_bbox: 0.2793, d2.loss_cls: 0.1184, d2.loss_bbox: 0.2698, d3.loss_cls: 0.1068, d3.loss_bbox: 0.2485, d4.loss_cls: 0.1014, d4.loss_bbox: 0.2451, loss: 2.4483, grad_norm: 39.7626
2025-06-26 00:31:04,014 - mmdet - INFO - Epoch [4][5850/7033]	lr: 5.005e-05, eta: 3:56:43, time: 0.793, data_time: 0.028, memory: 4350, loss_cls: 0.0985, loss_bbox: 0.2550, d0.loss_cls: 0.2093, d0.loss_bbox: 0.3951, d1.loss_cls: 0.1486, d1.loss_bbox: 0.2880, d2.loss_cls: 0.1190, d2.loss_bbox: 0.2780, d3.loss_cls: 0.1078, d3.loss_bbox: 0.2558, d4.loss_cls: 0.1026, d4.loss_bbox: 0.2534, loss: 2.5111, grad_norm: 30.3864
2025-06-26 00:31:43,616 - mmdet - INFO - Epoch [4][5900/7033]	lr: 5.005e-05, eta: 3:55:52, time: 0.792, data_time: 0.027, memory: 4350, loss_cls: 0.0928, loss_bbox: 0.2455, d0.loss_cls: 0.2173, d0.loss_bbox: 0.3836, d1.loss_cls: 0.1469, d1.loss_bbox: 0.2817, d2.loss_cls: 0.1143, d2.loss_bbox: 0.2700, d3.loss_cls: 0.1015, d3.loss_bbox: 0.2484, d4.loss_cls: 0.0934, d4.loss_bbox: 0.2461, loss: 2.4414, grad_norm: 58.9449
2025-06-26 00:32:23,139 - mmdet - INFO - Epoch [4][5950/7033]	lr: 5.005e-05, eta: 3:55:02, time: 0.790, data_time: 0.027, memory: 4350, loss_cls: 0.0979, loss_bbox: 0.2437, d0.loss_cls: 0.2144, d0.loss_bbox: 0.3916, d1.loss_cls: 0.1451, d1.loss_bbox: 0.2848, d2.loss_cls: 0.1181, d2.loss_bbox: 0.2724, d3.loss_cls: 0.1074, d3.loss_bbox: 0.2474, d4.loss_cls: 0.0996, d4.loss_bbox: 0.2445, loss: 2.4672, grad_norm: 40.7063
2025-06-26 00:33:02,654 - mmdet - INFO - Epoch [4][6000/7033]	lr: 5.005e-05, eta: 3:54:11, time: 0.790, data_time: 0.027, memory: 4350, loss_cls: 0.0918, loss_bbox: 0.2466, d0.loss_cls: 0.2216, d0.loss_bbox: 0.3836, d1.loss_cls: 0.1432, d1.loss_bbox: 0.2799, d2.loss_cls: 0.1139, d2.loss_bbox: 0.2698, d3.loss_cls: 0.0997, d3.loss_bbox: 0.2495, d4.loss_cls: 0.0944, d4.loss_bbox: 0.2466, loss: 2.4405, grad_norm: 21.3054
2025-06-26 00:33:41,967 - mmdet - INFO - Epoch [4][6050/7033]	lr: 5.005e-05, eta: 3:53:21, time: 0.786, data_time: 0.027, memory: 4350, loss_cls: 0.0908, loss_bbox: 0.2460, d0.loss_cls: 0.2109, d0.loss_bbox: 0.3884, d1.loss_cls: 0.1394, d1.loss_bbox: 0.2871, d2.loss_cls: 0.1144, d2.loss_bbox: 0.2737, d3.loss_cls: 0.1012, d3.loss_bbox: 0.2489, d4.loss_cls: 0.0930, d4.loss_bbox: 0.2455, loss: 2.4393, grad_norm: 26.4884
2025-06-26 00:34:21,482 - mmdet - INFO - Epoch [4][6100/7033]	lr: 5.005e-05, eta: 3:52:30, time: 0.790, data_time: 0.027, memory: 4350, loss_cls: 0.0932, loss_bbox: 0.2390, d0.loss_cls: 0.2056, d0.loss_bbox: 0.3814, d1.loss_cls: 0.1365, d1.loss_bbox: 0.2768, d2.loss_cls: 0.1119, d2.loss_bbox: 0.2661, d3.loss_cls: 0.1013, d3.loss_bbox: 0.2422, d4.loss_cls: 0.0950, d4.loss_bbox: 0.2398, loss: 2.3888, grad_norm: 22.2465
2025-06-26 00:35:00,882 - mmdet - INFO - Epoch [4][6150/7033]	lr: 5.005e-05, eta: 3:51:40, time: 0.788, data_time: 0.028, memory: 4350, loss_cls: 0.1028, loss_bbox: 0.2602, d0.loss_cls: 0.2153, d0.loss_bbox: 0.3904, d1.loss_cls: 0.1438, d1.loss_bbox: 0.2941, d2.loss_cls: 0.1208, d2.loss_bbox: 0.2837, d3.loss_cls: 0.1104, d3.loss_bbox: 0.2630, d4.loss_cls: 0.1045, d4.loss_bbox: 0.2600, loss: 2.5491, grad_norm: 38.3174
2025-06-26 00:35:40,273 - mmdet - INFO - Epoch [4][6200/7033]	lr: 5.005e-05, eta: 3:50:49, time: 0.788, data_time: 0.026, memory: 4350, loss_cls: 0.0953, loss_bbox: 0.2489, d0.loss_cls: 0.2124, d0.loss_bbox: 0.3872, d1.loss_cls: 0.1453, d1.loss_bbox: 0.2832, d2.loss_cls: 0.1176, d2.loss_bbox: 0.2751, d3.loss_cls: 0.1058, d3.loss_bbox: 0.2506, d4.loss_cls: 0.0977, d4.loss_bbox: 0.2481, loss: 2.4671, grad_norm: 21.7264
2025-06-26 00:36:19,886 - mmdet - INFO - Epoch [4][6250/7033]	lr: 5.005e-05, eta: 3:49:59, time: 0.792, data_time: 0.029, memory: 4350, loss_cls: 0.0948, loss_bbox: 0.2437, d0.loss_cls: 0.2210, d0.loss_bbox: 0.3814, d1.loss_cls: 0.1442, d1.loss_bbox: 0.2781, d2.loss_cls: 0.1161, d2.loss_bbox: 0.2689, d3.loss_cls: 0.1047, d3.loss_bbox: 0.2468, d4.loss_cls: 0.0967, d4.loss_bbox: 0.2433, loss: 2.4398, grad_norm: 21.1345
2025-06-26 00:36:59,665 - mmdet - INFO - Epoch [4][6300/7033]	lr: 5.005e-05, eta: 3:49:09, time: 0.796, data_time: 0.029, memory: 4350, loss_cls: 0.0971, loss_bbox: 0.2583, d0.loss_cls: 0.2174, d0.loss_bbox: 0.3958, d1.loss_cls: 0.1496, d1.loss_bbox: 0.2893, d2.loss_cls: 0.1157, d2.loss_bbox: 0.2844, d3.loss_cls: 0.1054, d3.loss_bbox: 0.2589, d4.loss_cls: 0.0989, d4.loss_bbox: 0.2578, loss: 2.5286, grad_norm: 24.2610
2025-06-26 00:37:39,290 - mmdet - INFO - Epoch [4][6350/7033]	lr: 5.005e-05, eta: 3:48:19, time: 0.793, data_time: 0.030, memory: 4350, loss_cls: 0.0877, loss_bbox: 0.2509, d0.loss_cls: 0.2092, d0.loss_bbox: 0.3934, d1.loss_cls: 0.1361, d1.loss_bbox: 0.2879, d2.loss_cls: 0.1076, d2.loss_bbox: 0.2771, d3.loss_cls: 0.0954, d3.loss_bbox: 0.2537, d4.loss_cls: 0.0901, d4.loss_bbox: 0.2505, loss: 2.4395, grad_norm: 24.5610
2025-06-26 00:38:18,828 - mmdet - INFO - Epoch [4][6400/7033]	lr: 5.005e-05, eta: 3:47:29, time: 0.791, data_time: 0.029, memory: 4350, loss_cls: 0.0939, loss_bbox: 0.2439, d0.loss_cls: 0.2097, d0.loss_bbox: 0.3796, d1.loss_cls: 0.1440, d1.loss_bbox: 0.2791, d2.loss_cls: 0.1160, d2.loss_bbox: 0.2677, d3.loss_cls: 0.1016, d3.loss_bbox: 0.2468, d4.loss_cls: 0.0951, d4.loss_bbox: 0.2440, loss: 2.4216, grad_norm: 23.9184
2025-06-26 00:38:58,284 - mmdet - INFO - Epoch [4][6450/7033]	lr: 5.005e-05, eta: 3:46:39, time: 0.789, data_time: 0.029, memory: 4350, loss_cls: 0.0954, loss_bbox: 0.2493, d0.loss_cls: 0.2129, d0.loss_bbox: 0.3776, d1.loss_cls: 0.1409, d1.loss_bbox: 0.2816, d2.loss_cls: 0.1149, d2.loss_bbox: 0.2679, d3.loss_cls: 0.1038, d3.loss_bbox: 0.2507, d4.loss_cls: 0.0988, d4.loss_bbox: 0.2479, loss: 2.4416, grad_norm: 24.7547
2025-06-26 00:39:37,855 - mmdet - INFO - Epoch [4][6500/7033]	lr: 5.005e-05, eta: 3:45:49, time: 0.791, data_time: 0.026, memory: 4350, loss_cls: 0.0983, loss_bbox: 0.2640, d0.loss_cls: 0.2175, d0.loss_bbox: 0.3982, d1.loss_cls: 0.1466, d1.loss_bbox: 0.2967, d2.loss_cls: 0.1171, d2.loss_bbox: 0.2862, d3.loss_cls: 0.1076, d3.loss_bbox: 0.2640, d4.loss_cls: 0.1005, d4.loss_bbox: 0.2619, loss: 2.5585, grad_norm: 35.3824
2025-06-26 00:40:17,403 - mmdet - INFO - Epoch [4][6550/7033]	lr: 5.005e-05, eta: 3:44:59, time: 0.791, data_time: 0.029, memory: 4350, loss_cls: 0.0945, loss_bbox: 0.2446, d0.loss_cls: 0.2027, d0.loss_bbox: 0.3757, d1.loss_cls: 0.1401, d1.loss_bbox: 0.2783, d2.loss_cls: 0.1144, d2.loss_bbox: 0.2694, d3.loss_cls: 0.1019, d3.loss_bbox: 0.2479, d4.loss_cls: 0.0959, d4.loss_bbox: 0.2443, loss: 2.4098, grad_norm: 33.3649
2025-06-26 00:40:57,027 - mmdet - INFO - Epoch [4][6600/7033]	lr: 5.005e-05, eta: 3:44:09, time: 0.792, data_time: 0.029, memory: 4350, loss_cls: 0.0969, loss_bbox: 0.2478, d0.loss_cls: 0.2119, d0.loss_bbox: 0.3738, d1.loss_cls: 0.1419, d1.loss_bbox: 0.2820, d2.loss_cls: 0.1166, d2.loss_bbox: 0.2714, d3.loss_cls: 0.1055, d3.loss_bbox: 0.2502, d4.loss_cls: 0.0991, d4.loss_bbox: 0.2474, loss: 2.4444, grad_norm: 28.8782
2025-06-26 00:41:36,736 - mmdet - INFO - Epoch [4][6650/7033]	lr: 5.005e-05, eta: 3:43:19, time: 0.794, data_time: 0.028, memory: 4350, loss_cls: 0.0925, loss_bbox: 0.2510, d0.loss_cls: 0.2155, d0.loss_bbox: 0.3874, d1.loss_cls: 0.1437, d1.loss_bbox: 0.2835, d2.loss_cls: 0.1141, d2.loss_bbox: 0.2720, d3.loss_cls: 0.1002, d3.loss_bbox: 0.2523, d4.loss_cls: 0.0943, d4.loss_bbox: 0.2497, loss: 2.4564, grad_norm: 18.5643
2025-06-26 00:42:16,383 - mmdet - INFO - Epoch [4][6700/7033]	lr: 5.005e-05, eta: 3:42:29, time: 0.793, data_time: 0.030, memory: 4350, loss_cls: 0.1073, loss_bbox: 0.2525, d0.loss_cls: 0.2300, d0.loss_bbox: 0.3864, d1.loss_cls: 0.1596, d1.loss_bbox: 0.2848, d2.loss_cls: 0.1305, d2.loss_bbox: 0.2756, d3.loss_cls: 0.1152, d3.loss_bbox: 0.2554, d4.loss_cls: 0.1082, d4.loss_bbox: 0.2534, loss: 2.5589, grad_norm: 24.7047
2025-06-26 00:42:55,905 - mmdet - INFO - Epoch [4][6750/7033]	lr: 5.005e-05, eta: 3:41:39, time: 0.790, data_time: 0.029, memory: 4350, loss_cls: 0.1033, loss_bbox: 0.2570, d0.loss_cls: 0.2269, d0.loss_bbox: 0.3969, d1.loss_cls: 0.1558, d1.loss_bbox: 0.2879, d2.loss_cls: 0.1249, d2.loss_bbox: 0.2818, d3.loss_cls: 0.1127, d3.loss_bbox: 0.2577, d4.loss_cls: 0.1059, d4.loss_bbox: 0.2560, loss: 2.5667, grad_norm: 36.9306
2025-06-26 00:43:35,377 - mmdet - INFO - Epoch [4][6800/7033]	lr: 5.005e-05, eta: 3:40:49, time: 0.789, data_time: 0.025, memory: 4350, loss_cls: 0.0889, loss_bbox: 0.2432, d0.loss_cls: 0.2094, d0.loss_bbox: 0.3765, d1.loss_cls: 0.1390, d1.loss_bbox: 0.2764, d2.loss_cls: 0.1097, d2.loss_bbox: 0.2673, d3.loss_cls: 0.0953, d3.loss_bbox: 0.2463, d4.loss_cls: 0.0901, d4.loss_bbox: 0.2431, loss: 2.3853, grad_norm: 41.8458
2025-06-26 00:44:14,534 - mmdet - INFO - Epoch [4][6850/7033]	lr: 5.005e-05, eta: 3:39:59, time: 0.783, data_time: 0.025, memory: 4350, loss_cls: 0.0875, loss_bbox: 0.2464, d0.loss_cls: 0.2075, d0.loss_bbox: 0.3814, d1.loss_cls: 0.1362, d1.loss_bbox: 0.2789, d2.loss_cls: 0.1056, d2.loss_bbox: 0.2709, d3.loss_cls: 0.0954, d3.loss_bbox: 0.2497, d4.loss_cls: 0.0878, d4.loss_bbox: 0.2473, loss: 2.3945, grad_norm: 28.5257
2025-06-26 00:44:53,985 - mmdet - INFO - Epoch [4][6900/7033]	lr: 5.005e-05, eta: 3:39:10, time: 0.789, data_time: 0.027, memory: 4350, loss_cls: 0.0961, loss_bbox: 0.2477, d0.loss_cls: 0.2098, d0.loss_bbox: 0.3923, d1.loss_cls: 0.1418, d1.loss_bbox: 0.2834, d2.loss_cls: 0.1155, d2.loss_bbox: 0.2730, d3.loss_cls: 0.1049, d3.loss_bbox: 0.2505, d4.loss_cls: 0.0982, d4.loss_bbox: 0.2478, loss: 2.4610, grad_norm: 20.5089
2025-06-26 00:45:33,528 - mmdet - INFO - Epoch [4][6950/7033]	lr: 5.005e-05, eta: 3:38:20, time: 0.791, data_time: 0.027, memory: 4350, loss_cls: 0.0923, loss_bbox: 0.2500, d0.loss_cls: 0.2110, d0.loss_bbox: 0.3789, d1.loss_cls: 0.1381, d1.loss_bbox: 0.2816, d2.loss_cls: 0.1123, d2.loss_bbox: 0.2709, d3.loss_cls: 0.1021, d3.loss_bbox: 0.2514, d4.loss_cls: 0.0942, d4.loss_bbox: 0.2503, loss: 2.4330, grad_norm: 27.7416
2025-06-26 00:46:13,308 - mmdet - INFO - Epoch [4][7000/7033]	lr: 5.005e-05, eta: 3:37:30, time: 0.796, data_time: 0.029, memory: 4350, loss_cls: 0.0908, loss_bbox: 0.2449, d0.loss_cls: 0.2100, d0.loss_bbox: 0.3800, d1.loss_cls: 0.1378, d1.loss_bbox: 0.2791, d2.loss_cls: 0.1117, d2.loss_bbox: 0.2686, d3.loss_cls: 0.0994, d3.loss_bbox: 0.2473, d4.loss_cls: 0.0930, d4.loss_bbox: 0.2443, loss: 2.4068, grad_norm: 68.3818
2025-06-26 00:46:39,584 - mmdet - INFO - Saving checkpoint at 4 epochs
2025-06-26 01:13:29,055 - mmdet - INFO - Exp name: lidar_0075v_cam_res101.py
2025-06-26 01:13:29,055 - mmdet - INFO - Epoch(val) [4][3010]	pts_bbox_NuScenes/car_AP_dist_0.5: 0.7485, pts_bbox_NuScenes/car_AP_dist_1.0: 0.8546, pts_bbox_NuScenes/car_AP_dist_2.0: 0.8891, pts_bbox_NuScenes/car_AP_dist_4.0: 0.9092, pts_bbox_NuScenes/car_trans_err: 0.1957, pts_bbox_NuScenes/car_scale_err: 0.1518, pts_bbox_NuScenes/car_orient_err: 0.0517, pts_bbox_NuScenes/car_vel_err: 0.4139, pts_bbox_NuScenes/car_attr_err: 0.1808, pts_bbox_NuScenes/mATE: 0.3396, pts_bbox_NuScenes/mASE: 0.2680, pts_bbox_NuScenes/mAOE: 0.2845, pts_bbox_NuScenes/mAVE: 0.3951, pts_bbox_NuScenes/mAAE: 0.1830, pts_bbox_NuScenes/truck_AP_dist_0.5: 0.3878, pts_bbox_NuScenes/truck_AP_dist_1.0: 0.5945, pts_bbox_NuScenes/truck_AP_dist_2.0: 0.7020, pts_bbox_NuScenes/truck_AP_dist_4.0: 0.7430, pts_bbox_NuScenes/truck_trans_err: 0.3615, pts_bbox_NuScenes/truck_scale_err: 0.2140, pts_bbox_NuScenes/truck_orient_err: 0.0621, pts_bbox_NuScenes/truck_vel_err: 0.3994, pts_bbox_NuScenes/truck_attr_err: 0.2093, pts_bbox_NuScenes/construction_vehicle_AP_dist_0.5: 0.0152, pts_bbox_NuScenes/construction_vehicle_AP_dist_1.0: 0.1387, pts_bbox_NuScenes/construction_vehicle_AP_dist_2.0: 0.3771, pts_bbox_NuScenes/construction_vehicle_AP_dist_4.0: 0.4406, pts_bbox_NuScenes/construction_vehicle_trans_err: 0.8157, pts_bbox_NuScenes/construction_vehicle_scale_err: 0.4663, pts_bbox_NuScenes/construction_vehicle_orient_err: 0.9385, pts_bbox_NuScenes/construction_vehicle_vel_err: 0.1127, pts_bbox_NuScenes/construction_vehicle_attr_err: 0.2899, pts_bbox_NuScenes/bus_AP_dist_0.5: 0.4459, pts_bbox_NuScenes/bus_AP_dist_1.0: 0.7150, pts_bbox_NuScenes/bus_AP_dist_2.0: 0.8551, pts_bbox_NuScenes/bus_AP_dist_4.0: 0.8912, pts_bbox_NuScenes/bus_trans_err: 0.3699, pts_bbox_NuScenes/bus_scale_err: 0.1953, pts_bbox_NuScenes/bus_orient_err: 0.0669, pts_bbox_NuScenes/bus_vel_err: 0.7201, pts_bbox_NuScenes/bus_attr_err: 0.2809, pts_bbox_NuScenes/trailer_AP_dist_0.5: 0.0867, pts_bbox_NuScenes/trailer_AP_dist_1.0: 0.2966, pts_bbox_NuScenes/trailer_AP_dist_2.0: 0.5035, pts_bbox_NuScenes/trailer_AP_dist_4.0: 0.6262, pts_bbox_NuScenes/trailer_trans_err: 0.6331, pts_bbox_NuScenes/trailer_scale_err: 0.2286, pts_bbox_NuScenes/trailer_orient_err: 0.5146, pts_bbox_NuScenes/trailer_vel_err: 0.3743, pts_bbox_NuScenes/trailer_attr_err: 0.1467, pts_bbox_NuScenes/barrier_AP_dist_0.5: 0.5357, pts_bbox_NuScenes/barrier_AP_dist_1.0: 0.6547, pts_bbox_NuScenes/barrier_AP_dist_2.0: 0.7282, pts_bbox_NuScenes/barrier_AP_dist_4.0: 0.7538, pts_bbox_NuScenes/barrier_trans_err: 0.2482, pts_bbox_NuScenes/barrier_scale_err: 0.2805, pts_bbox_NuScenes/barrier_orient_err: 0.0681, pts_bbox_NuScenes/barrier_vel_err: nan, pts_bbox_NuScenes/barrier_attr_err: nan, pts_bbox_NuScenes/motorcycle_AP_dist_0.5: 0.5781, pts_bbox_NuScenes/motorcycle_AP_dist_1.0: 0.7279, pts_bbox_NuScenes/motorcycle_AP_dist_2.0: 0.7708, pts_bbox_NuScenes/motorcycle_AP_dist_4.0: 0.7859, pts_bbox_NuScenes/motorcycle_trans_err: 0.2379, pts_bbox_NuScenes/motorcycle_scale_err: 0.2485, pts_bbox_NuScenes/motorcycle_orient_err: 0.2286, pts_bbox_NuScenes/motorcycle_vel_err: 0.6227, pts_bbox_NuScenes/motorcycle_attr_err: 0.2346, pts_bbox_NuScenes/bicycle_AP_dist_0.5: 0.5004, pts_bbox_NuScenes/bicycle_AP_dist_1.0: 0.5661, pts_bbox_NuScenes/bicycle_AP_dist_2.0: 0.5810, pts_bbox_NuScenes/bicycle_AP_dist_4.0: 0.5932, pts_bbox_NuScenes/bicycle_trans_err: 0.1956, pts_bbox_NuScenes/bicycle_scale_err: 0.2694, pts_bbox_NuScenes/bicycle_orient_err: 0.2993, pts_bbox_NuScenes/bicycle_vel_err: 0.2663, pts_bbox_NuScenes/bicycle_attr_err: 0.0084, pts_bbox_NuScenes/pedestrian_AP_dist_0.5: 0.7533, pts_bbox_NuScenes/pedestrian_AP_dist_1.0: 0.8115, pts_bbox_NuScenes/pedestrian_AP_dist_2.0: 0.8442, pts_bbox_NuScenes/pedestrian_AP_dist_4.0: 0.8615, pts_bbox_NuScenes/pedestrian_trans_err: 0.1737, pts_bbox_NuScenes/pedestrian_scale_err: 0.2983, pts_bbox_NuScenes/pedestrian_orient_err: 0.3304, pts_bbox_NuScenes/pedestrian_vel_err: 0.2517, pts_bbox_NuScenes/pedestrian_attr_err: 0.1133, pts_bbox_NuScenes/traffic_cone_AP_dist_0.5: 0.6732, pts_bbox_NuScenes/traffic_cone_AP_dist_1.0: 0.7192, pts_bbox_NuScenes/traffic_cone_AP_dist_2.0: 0.7594, pts_bbox_NuScenes/traffic_cone_AP_dist_4.0: 0.7936, pts_bbox_NuScenes/traffic_cone_trans_err: 0.1641, pts_bbox_NuScenes/traffic_cone_scale_err: 0.3273, pts_bbox_NuScenes/traffic_cone_orient_err: nan, pts_bbox_NuScenes/traffic_cone_vel_err: nan, pts_bbox_NuScenes/traffic_cone_attr_err: nan, pts_bbox_NuScenes/NDS: 0.6681, pts_bbox_NuScenes/mAP: 0.6303
2025-06-26 01:14:19,260 - mmdet - INFO - Epoch [5][50/7033]	lr: 2.508e-05, eta: 3:35:57, time: 0.874, data_time: 0.112, memory: 4350, loss_cls: 0.0927, loss_bbox: 0.2534, d0.loss_cls: 0.2115, d0.loss_bbox: 0.3895, d1.loss_cls: 0.1408, d1.loss_bbox: 0.2837, d2.loss_cls: 0.1127, d2.loss_bbox: 0.2764, d3.loss_cls: 0.1026, d3.loss_bbox: 0.2562, d4.loss_cls: 0.0952, d4.loss_bbox: 0.2535, loss: 2.4682, grad_norm: 19.4934
2025-06-26 01:14:58,713 - mmdet - INFO - Epoch [5][100/7033]	lr: 2.508e-05, eta: 3:35:07, time: 0.789, data_time: 0.028, memory: 4350, loss_cls: 0.0897, loss_bbox: 0.2475, d0.loss_cls: 0.2084, d0.loss_bbox: 0.3811, d1.loss_cls: 0.1344, d1.loss_bbox: 0.2813, d2.loss_cls: 0.1115, d2.loss_bbox: 0.2693, d3.loss_cls: 0.0978, d3.loss_bbox: 0.2515, d4.loss_cls: 0.0908, d4.loss_bbox: 0.2481, loss: 2.4113, grad_norm: 25.1507
2025-06-26 01:15:39,169 - mmdet - INFO - Epoch [5][150/7033]	lr: 2.508e-05, eta: 3:34:18, time: 0.809, data_time: 0.047, memory: 4350, loss_cls: 0.1013, loss_bbox: 0.2486, d0.loss_cls: 0.2132, d0.loss_bbox: 0.3937, d1.loss_cls: 0.1465, d1.loss_bbox: 0.2860, d2.loss_cls: 0.1230, d2.loss_bbox: 0.2739, d3.loss_cls: 0.1099, d3.loss_bbox: 0.2525, d4.loss_cls: 0.1029, d4.loss_bbox: 0.2493, loss: 2.5008, grad_norm: 17.1476
2025-06-26 01:16:18,491 - mmdet - INFO - Epoch [5][200/7033]	lr: 2.508e-05, eta: 3:33:29, time: 0.786, data_time: 0.023, memory: 4350, loss_cls: 0.0940, loss_bbox: 0.2476, d0.loss_cls: 0.2104, d0.loss_bbox: 0.3786, d1.loss_cls: 0.1409, d1.loss_bbox: 0.2831, d2.loss_cls: 0.1144, d2.loss_bbox: 0.2706, d3.loss_cls: 0.1033, d3.loss_bbox: 0.2502, d4.loss_cls: 0.0966, d4.loss_bbox: 0.2467, loss: 2.4366, grad_norm: 35.1130
2025-06-26 01:16:58,076 - mmdet - INFO - Epoch [5][250/7033]	lr: 2.508e-05, eta: 3:32:39, time: 0.792, data_time: 0.028, memory: 4350, loss_cls: 0.0964, loss_bbox: 0.2458, d0.loss_cls: 0.2105, d0.loss_bbox: 0.3826, d1.loss_cls: 0.1424, d1.loss_bbox: 0.2846, d2.loss_cls: 0.1184, d2.loss_bbox: 0.2734, d3.loss_cls: 0.1056, d3.loss_bbox: 0.2487, d4.loss_cls: 0.0986, d4.loss_bbox: 0.2456, loss: 2.4525, grad_norm: 29.3830
2025-06-26 01:17:38,712 - mmdet - INFO - Epoch [5][300/7033]	lr: 2.508e-05, eta: 3:31:50, time: 0.813, data_time: 0.050, memory: 4350, loss_cls: 0.0975, loss_bbox: 0.2432, d0.loss_cls: 0.2126, d0.loss_bbox: 0.3751, d1.loss_cls: 0.1446, d1.loss_bbox: 0.2777, d2.loss_cls: 0.1188, d2.loss_bbox: 0.2672, d3.loss_cls: 0.1066, d3.loss_bbox: 0.2474, d4.loss_cls: 0.1006, d4.loss_bbox: 0.2437, loss: 2.4350, grad_norm: 50.6391
2025-06-26 01:18:18,611 - mmdet - INFO - Epoch [5][350/7033]	lr: 2.508e-05, eta: 3:31:01, time: 0.798, data_time: 0.031, memory: 4350, loss_cls: 0.0911, loss_bbox: 0.2480, d0.loss_cls: 0.2130, d0.loss_bbox: 0.3893, d1.loss_cls: 0.1406, d1.loss_bbox: 0.2834, d2.loss_cls: 0.1131, d2.loss_bbox: 0.2729, d3.loss_cls: 0.0999, d3.loss_bbox: 0.2516, d4.loss_cls: 0.0936, d4.loss_bbox: 0.2479, loss: 2.4445, grad_norm: 30.4562
2025-06-26 01:18:58,442 - mmdet - INFO - Epoch [5][400/7033]	lr: 2.508e-05, eta: 3:30:12, time: 0.797, data_time: 0.032, memory: 4350, loss_cls: 0.0792, loss_bbox: 0.2325, d0.loss_cls: 0.1997, d0.loss_bbox: 0.3775, d1.loss_cls: 0.1303, d1.loss_bbox: 0.2710, d2.loss_cls: 0.1008, d2.loss_bbox: 0.2593, d3.loss_cls: 0.0894, d3.loss_bbox: 0.2363, d4.loss_cls: 0.0811, d4.loss_bbox: 0.2343, loss: 2.2913, grad_norm: 40.7593
2025-06-26 01:19:38,289 - mmdet - INFO - Epoch [5][450/7033]	lr: 2.508e-05, eta: 3:29:23, time: 0.797, data_time: 0.032, memory: 4350, loss_cls: 0.0940, loss_bbox: 0.2442, d0.loss_cls: 0.2101, d0.loss_bbox: 0.3720, d1.loss_cls: 0.1435, d1.loss_bbox: 0.2757, d2.loss_cls: 0.1161, d2.loss_bbox: 0.2674, d3.loss_cls: 0.1025, d3.loss_bbox: 0.2477, d4.loss_cls: 0.0964, d4.loss_bbox: 0.2446, loss: 2.4141, grad_norm: 25.2651
2025-06-26 01:20:18,228 - mmdet - INFO - Epoch [5][500/7033]	lr: 2.508e-05, eta: 3:28:34, time: 0.799, data_time: 0.032, memory: 4350, loss_cls: 0.0994, loss_bbox: 0.2558, d0.loss_cls: 0.2218, d0.loss_bbox: 0.3891, d1.loss_cls: 0.1439, d1.loss_bbox: 0.2911, d2.loss_cls: 0.1195, d2.loss_bbox: 0.2809, d3.loss_cls: 0.1074, d3.loss_bbox: 0.2602, d4.loss_cls: 0.1005, d4.loss_bbox: 0.2567, loss: 2.5264, grad_norm: 31.9824
2025-06-26 01:20:58,112 - mmdet - INFO - Epoch [5][550/7033]	lr: 2.508e-05, eta: 3:27:45, time: 0.798, data_time: 0.033, memory: 4350, loss_cls: 0.0949, loss_bbox: 0.2421, d0.loss_cls: 0.2087, d0.loss_bbox: 0.3766, d1.loss_cls: 0.1437, d1.loss_bbox: 0.2773, d2.loss_cls: 0.1130, d2.loss_bbox: 0.2662, d3.loss_cls: 0.1044, d3.loss_bbox: 0.2452, d4.loss_cls: 0.0982, d4.loss_bbox: 0.2414, loss: 2.4115, grad_norm: 27.5523
2025-06-26 01:21:37,786 - mmdet - INFO - Epoch [5][600/7033]	lr: 2.508e-05, eta: 3:26:56, time: 0.793, data_time: 0.032, memory: 4350, loss_cls: 0.0949, loss_bbox: 0.2394, d0.loss_cls: 0.2130, d0.loss_bbox: 0.3810, d1.loss_cls: 0.1426, d1.loss_bbox: 0.2783, d2.loss_cls: 0.1162, d2.loss_bbox: 0.2666, d3.loss_cls: 0.1023, d3.loss_bbox: 0.2448, d4.loss_cls: 0.0961, d4.loss_bbox: 0.2407, loss: 2.4159, grad_norm: 24.5803
2025-06-26 01:22:17,595 - mmdet - INFO - Epoch [5][650/7033]	lr: 2.508e-05, eta: 3:26:07, time: 0.796, data_time: 0.031, memory: 4350, loss_cls: 0.0934, loss_bbox: 0.2457, d0.loss_cls: 0.2060, d0.loss_bbox: 0.3815, d1.loss_cls: 0.1370, d1.loss_bbox: 0.2849, d2.loss_cls: 0.1101, d2.loss_bbox: 0.2733, d3.loss_cls: 0.1005, d3.loss_bbox: 0.2505, d4.loss_cls: 0.0951, d4.loss_bbox: 0.2460, loss: 2.4240, grad_norm: 17.2083
2025-06-26 01:22:57,198 - mmdet - INFO - Epoch [5][700/7033]	lr: 2.508e-05, eta: 3:25:18, time: 0.792, data_time: 0.030, memory: 4350, loss_cls: 0.0825, loss_bbox: 0.2386, d0.loss_cls: 0.2031, d0.loss_bbox: 0.3781, d1.loss_cls: 0.1342, d1.loss_bbox: 0.2760, d2.loss_cls: 0.1038, d2.loss_bbox: 0.2624, d3.loss_cls: 0.0923, d3.loss_bbox: 0.2422, d4.loss_cls: 0.0851, d4.loss_bbox: 0.2388, loss: 2.3372, grad_norm: 20.5857
2025-06-26 01:23:37,090 - mmdet - INFO - Epoch [5][750/7033]	lr: 2.508e-05, eta: 3:24:29, time: 0.798, data_time: 0.031, memory: 4350, loss_cls: 0.0903, loss_bbox: 0.2367, d0.loss_cls: 0.2074, d0.loss_bbox: 0.3773, d1.loss_cls: 0.1355, d1.loss_bbox: 0.2739, d2.loss_cls: 0.1087, d2.loss_bbox: 0.2618, d3.loss_cls: 0.0997, d3.loss_bbox: 0.2413, d4.loss_cls: 0.0937, d4.loss_bbox: 0.2369, loss: 2.3632, grad_norm: 27.8340
2025-06-26 01:24:16,835 - mmdet - INFO - Epoch [5][800/7033]	lr: 2.508e-05, eta: 3:23:40, time: 0.795, data_time: 0.029, memory: 4350, loss_cls: 0.0900, loss_bbox: 0.2418, d0.loss_cls: 0.2094, d0.loss_bbox: 0.3816, d1.loss_cls: 0.1383, d1.loss_bbox: 0.2782, d2.loss_cls: 0.1101, d2.loss_bbox: 0.2684, d3.loss_cls: 0.0989, d3.loss_bbox: 0.2458, d4.loss_cls: 0.0921, d4.loss_bbox: 0.2422, loss: 2.3968, grad_norm: 44.2384
2025-06-26 01:24:56,521 - mmdet - INFO - Epoch [5][850/7033]	lr: 2.508e-05, eta: 3:22:51, time: 0.794, data_time: 0.032, memory: 4350, loss_cls: 0.0898, loss_bbox: 0.2485, d0.loss_cls: 0.2115, d0.loss_bbox: 0.3892, d1.loss_cls: 0.1374, d1.loss_bbox: 0.2848, d2.loss_cls: 0.1113, d2.loss_bbox: 0.2706, d3.loss_cls: 0.0985, d3.loss_bbox: 0.2502, d4.loss_cls: 0.0914, d4.loss_bbox: 0.2486, loss: 2.4318, grad_norm: 27.3845
2025-06-26 01:25:36,213 - mmdet - INFO - Epoch [5][900/7033]	lr: 2.508e-05, eta: 3:22:02, time: 0.794, data_time: 0.030, memory: 4350, loss_cls: 0.0879, loss_bbox: 0.2442, d0.loss_cls: 0.2061, d0.loss_bbox: 0.3761, d1.loss_cls: 0.1324, d1.loss_bbox: 0.2812, d2.loss_cls: 0.1060, d2.loss_bbox: 0.2681, d3.loss_cls: 0.0949, d3.loss_bbox: 0.2490, d4.loss_cls: 0.0890, d4.loss_bbox: 0.2448, loss: 2.3798, grad_norm: 30.2497
2025-06-26 01:26:15,690 - mmdet - INFO - Epoch [5][950/7033]	lr: 2.508e-05, eta: 3:21:13, time: 0.790, data_time: 0.029, memory: 4350, loss_cls: 0.0752, loss_bbox: 0.2304, d0.loss_cls: 0.2064, d0.loss_bbox: 0.3729, d1.loss_cls: 0.1292, d1.loss_bbox: 0.2666, d2.loss_cls: 0.0992, d2.loss_bbox: 0.2526, d3.loss_cls: 0.0853, d3.loss_bbox: 0.2334, d4.loss_cls: 0.0790, d4.loss_bbox: 0.2297, loss: 2.2600, grad_norm: 39.1533
2025-06-26 01:26:55,193 - mmdet - INFO - Epoch [5][1000/7033]	lr: 2.508e-05, eta: 3:20:24, time: 0.790, data_time: 0.028, memory: 4350, loss_cls: 0.0954, loss_bbox: 0.2518, d0.loss_cls: 0.2132, d0.loss_bbox: 0.3843, d1.loss_cls: 0.1422, d1.loss_bbox: 0.2872, d2.loss_cls: 0.1173, d2.loss_bbox: 0.2751, d3.loss_cls: 0.1049, d3.loss_bbox: 0.2538, d4.loss_cls: 0.0980, d4.loss_bbox: 0.2514, loss: 2.4747, grad_norm: 48.2931
2025-06-26 01:27:34,650 - mmdet - INFO - Epoch [5][1050/7033]	lr: 2.508e-05, eta: 3:19:35, time: 0.789, data_time: 0.028, memory: 4350, loss_cls: 0.0844, loss_bbox: 0.2433, d0.loss_cls: 0.2104, d0.loss_bbox: 0.3876, d1.loss_cls: 0.1360, d1.loss_bbox: 0.2791, d2.loss_cls: 0.1074, d2.loss_bbox: 0.2655, d3.loss_cls: 0.0967, d3.loss_bbox: 0.2452, d4.loss_cls: 0.0871, d4.loss_bbox: 0.2432, loss: 2.3859, grad_norm: 28.3699
2025-06-26 01:28:13,919 - mmdet - INFO - Epoch [5][1100/7033]	lr: 2.508e-05, eta: 3:18:46, time: 0.785, data_time: 0.024, memory: 4350, loss_cls: 0.0857, loss_bbox: 0.2408, d0.loss_cls: 0.2003, d0.loss_bbox: 0.3810, d1.loss_cls: 0.1348, d1.loss_bbox: 0.2775, d2.loss_cls: 0.1073, d2.loss_bbox: 0.2651, d3.loss_cls: 0.0942, d3.loss_bbox: 0.2439, d4.loss_cls: 0.0879, d4.loss_bbox: 0.2404, loss: 2.3589, grad_norm: 41.5345
2025-06-26 01:28:53,647 - mmdet - INFO - Epoch [5][1150/7033]	lr: 2.508e-05, eta: 3:17:57, time: 0.795, data_time: 0.027, memory: 4350, loss_cls: 0.0894, loss_bbox: 0.2433, d0.loss_cls: 0.2035, d0.loss_bbox: 0.3761, d1.loss_cls: 0.1382, d1.loss_bbox: 0.2764, d2.loss_cls: 0.1117, d2.loss_bbox: 0.2667, d3.loss_cls: 0.0979, d3.loss_bbox: 0.2479, d4.loss_cls: 0.0915, d4.loss_bbox: 0.2436, loss: 2.3862, grad_norm: 31.0325
2025-06-26 01:29:33,144 - mmdet - INFO - Epoch [5][1200/7033]	lr: 2.508e-05, eta: 3:17:08, time: 0.790, data_time: 0.027, memory: 4350, loss_cls: 0.0924, loss_bbox: 0.2353, d0.loss_cls: 0.2134, d0.loss_bbox: 0.3761, d1.loss_cls: 0.1394, d1.loss_bbox: 0.2742, d2.loss_cls: 0.1161, d2.loss_bbox: 0.2610, d3.loss_cls: 0.1020, d3.loss_bbox: 0.2396, d4.loss_cls: 0.0948, d4.loss_bbox: 0.2365, loss: 2.3811, grad_norm: 21.5883
2025-06-26 01:30:12,350 - mmdet - INFO - Epoch [5][1250/7033]	lr: 2.508e-05, eta: 3:16:19, time: 0.784, data_time: 0.025, memory: 4350, loss_cls: 0.0861, loss_bbox: 0.2413, d0.loss_cls: 0.2129, d0.loss_bbox: 0.3858, d1.loss_cls: 0.1359, d1.loss_bbox: 0.2777, d2.loss_cls: 0.1100, d2.loss_bbox: 0.2653, d3.loss_cls: 0.0976, d3.loss_bbox: 0.2450, d4.loss_cls: 0.0881, d4.loss_bbox: 0.2422, loss: 2.3878, grad_norm: 21.5814
2025-06-26 01:30:51,911 - mmdet - INFO - Epoch [5][1300/7033]	lr: 2.508e-05, eta: 3:15:31, time: 0.791, data_time: 0.030, memory: 4350, loss_cls: 0.0861, loss_bbox: 0.2434, d0.loss_cls: 0.2065, d0.loss_bbox: 0.3776, d1.loss_cls: 0.1360, d1.loss_bbox: 0.2748, d2.loss_cls: 0.1056, d2.loss_bbox: 0.2628, d3.loss_cls: 0.0954, d3.loss_bbox: 0.2447, d4.loss_cls: 0.0880, d4.loss_bbox: 0.2431, loss: 2.3640, grad_norm: 39.3803
2025-06-26 01:31:31,598 - mmdet - INFO - Epoch [5][1350/7033]	lr: 2.508e-05, eta: 3:14:42, time: 0.794, data_time: 0.030, memory: 4350, loss_cls: 0.0973, loss_bbox: 0.2535, d0.loss_cls: 0.2143, d0.loss_bbox: 0.3848, d1.loss_cls: 0.1397, d1.loss_bbox: 0.2892, d2.loss_cls: 0.1181, d2.loss_bbox: 0.2772, d3.loss_cls: 0.1076, d3.loss_bbox: 0.2562, d4.loss_cls: 0.0993, d4.loss_bbox: 0.2540, loss: 2.4912, grad_norm: 26.3043
2025-06-26 01:32:11,139 - mmdet - INFO - Epoch [5][1400/7033]	lr: 2.508e-05, eta: 3:13:53, time: 0.791, data_time: 0.027, memory: 4350, loss_cls: 0.0840, loss_bbox: 0.2376, d0.loss_cls: 0.2027, d0.loss_bbox: 0.3729, d1.loss_cls: 0.1299, d1.loss_bbox: 0.2743, d2.loss_cls: 0.1060, d2.loss_bbox: 0.2627, d3.loss_cls: 0.0932, d3.loss_bbox: 0.2429, d4.loss_cls: 0.0854, d4.loss_bbox: 0.2394, loss: 2.3310, grad_norm: 18.4959
2025-06-26 01:32:51,228 - mmdet - INFO - Epoch [5][1450/7033]	lr: 2.508e-05, eta: 3:13:05, time: 0.802, data_time: 0.033, memory: 4350, loss_cls: 0.0963, loss_bbox: 0.2521, d0.loss_cls: 0.2139, d0.loss_bbox: 0.3941, d1.loss_cls: 0.1420, d1.loss_bbox: 0.2913, d2.loss_cls: 0.1149, d2.loss_bbox: 0.2786, d3.loss_cls: 0.1044, d3.loss_bbox: 0.2553, d4.loss_cls: 0.0975, d4.loss_bbox: 0.2529, loss: 2.4933, grad_norm: 23.9304
2025-06-26 01:33:30,883 - mmdet - INFO - Epoch [5][1500/7033]	lr: 2.508e-05, eta: 3:12:16, time: 0.793, data_time: 0.032, memory: 4350, loss_cls: 0.0899, loss_bbox: 0.2439, d0.loss_cls: 0.2053, d0.loss_bbox: 0.3750, d1.loss_cls: 0.1397, d1.loss_bbox: 0.2796, d2.loss_cls: 0.1114, d2.loss_bbox: 0.2685, d3.loss_cls: 0.1009, d3.loss_bbox: 0.2459, d4.loss_cls: 0.0928, d4.loss_bbox: 0.2431, loss: 2.3960, grad_norm: 25.5648
2025-06-26 01:34:10,557 - mmdet - INFO - Epoch [5][1550/7033]	lr: 2.508e-05, eta: 3:11:28, time: 0.793, data_time: 0.031, memory: 4350, loss_cls: 0.0911, loss_bbox: 0.2444, d0.loss_cls: 0.2146, d0.loss_bbox: 0.3814, d1.loss_cls: 0.1409, d1.loss_bbox: 0.2788, d2.loss_cls: 0.1109, d2.loss_bbox: 0.2677, d3.loss_cls: 0.0998, d3.loss_bbox: 0.2475, d4.loss_cls: 0.0928, d4.loss_bbox: 0.2457, loss: 2.4155, grad_norm: 29.0096
2025-06-26 01:34:50,502 - mmdet - INFO - Epoch [5][1600/7033]	lr: 2.508e-05, eta: 3:10:39, time: 0.799, data_time: 0.032, memory: 4350, loss_cls: 0.0954, loss_bbox: 0.2446, d0.loss_cls: 0.2185, d0.loss_bbox: 0.3835, d1.loss_cls: 0.1449, d1.loss_bbox: 0.2792, d2.loss_cls: 0.1189, d2.loss_bbox: 0.2673, d3.loss_cls: 0.1056, d3.loss_bbox: 0.2473, d4.loss_cls: 0.0973, d4.loss_bbox: 0.2463, loss: 2.4490, grad_norm: 23.7725
2025-06-26 01:35:30,234 - mmdet - INFO - Epoch [5][1650/7033]	lr: 2.508e-05, eta: 3:09:51, time: 0.795, data_time: 0.031, memory: 4350, loss_cls: 0.0877, loss_bbox: 0.2439, d0.loss_cls: 0.2101, d0.loss_bbox: 0.3792, d1.loss_cls: 0.1395, d1.loss_bbox: 0.2784, d2.loss_cls: 0.1102, d2.loss_bbox: 0.2689, d3.loss_cls: 0.0977, d3.loss_bbox: 0.2466, d4.loss_cls: 0.0898, d4.loss_bbox: 0.2439, loss: 2.3959, grad_norm: 23.6774
2025-06-26 01:36:09,883 - mmdet - INFO - Epoch [5][1700/7033]	lr: 2.508e-05, eta: 3:09:03, time: 0.793, data_time: 0.031, memory: 4350, loss_cls: 0.0844, loss_bbox: 0.2434, d0.loss_cls: 0.2114, d0.loss_bbox: 0.3760, d1.loss_cls: 0.1351, d1.loss_bbox: 0.2762, d2.loss_cls: 0.1064, d2.loss_bbox: 0.2664, d3.loss_cls: 0.0955, d3.loss_bbox: 0.2462, d4.loss_cls: 0.0879, d4.loss_bbox: 0.2427, loss: 2.3715, grad_norm: 19.9392
2025-06-26 01:36:49,641 - mmdet - INFO - Epoch [5][1750/7033]	lr: 2.508e-05, eta: 3:08:14, time: 0.795, data_time: 0.031, memory: 4350, loss_cls: 0.0971, loss_bbox: 0.2384, d0.loss_cls: 0.2138, d0.loss_bbox: 0.3732, d1.loss_cls: 0.1472, d1.loss_bbox: 0.2735, d2.loss_cls: 0.1153, d2.loss_bbox: 0.2626, d3.loss_cls: 0.1065, d3.loss_bbox: 0.2411, d4.loss_cls: 0.0991, d4.loss_bbox: 0.2378, loss: 2.4057, grad_norm: 23.6356
2025-06-26 01:37:29,529 - mmdet - INFO - Epoch [5][1800/7033]	lr: 2.508e-05, eta: 3:07:26, time: 0.798, data_time: 0.030, memory: 4350, loss_cls: 0.0957, loss_bbox: 0.2507, d0.loss_cls: 0.2131, d0.loss_bbox: 0.3871, d1.loss_cls: 0.1398, d1.loss_bbox: 0.2882, d2.loss_cls: 0.1172, d2.loss_bbox: 0.2771, d3.loss_cls: 0.1065, d3.loss_bbox: 0.2538, d4.loss_cls: 0.0985, d4.loss_bbox: 0.2510, loss: 2.4786, grad_norm: 18.6125
2025-06-26 01:38:09,325 - mmdet - INFO - Epoch [5][1850/7033]	lr: 2.508e-05, eta: 3:06:38, time: 0.796, data_time: 0.031, memory: 4350, loss_cls: 0.0859, loss_bbox: 0.2403, d0.loss_cls: 0.2016, d0.loss_bbox: 0.3687, d1.loss_cls: 0.1331, d1.loss_bbox: 0.2721, d2.loss_cls: 0.1053, d2.loss_bbox: 0.2619, d3.loss_cls: 0.0963, d3.loss_bbox: 0.2414, d4.loss_cls: 0.0883, d4.loss_bbox: 0.2407, loss: 2.3357, grad_norm: 14.6728
2025-06-26 01:38:49,575 - mmdet - INFO - Epoch [5][1900/7033]	lr: 2.508e-05, eta: 3:05:49, time: 0.805, data_time: 0.033, memory: 4350, loss_cls: 0.0906, loss_bbox: 0.2496, d0.loss_cls: 0.2132, d0.loss_bbox: 0.3862, d1.loss_cls: 0.1434, d1.loss_bbox: 0.2839, d2.loss_cls: 0.1128, d2.loss_bbox: 0.2695, d3.loss_cls: 0.0999, d3.loss_bbox: 0.2508, d4.loss_cls: 0.0930, d4.loss_bbox: 0.2487, loss: 2.4415, grad_norm: 53.7157
2025-06-26 01:39:29,475 - mmdet - INFO - Epoch [5][1950/7033]	lr: 2.508e-05, eta: 3:05:01, time: 0.798, data_time: 0.031, memory: 4350, loss_cls: 0.0909, loss_bbox: 0.2510, d0.loss_cls: 0.2134, d0.loss_bbox: 0.3823, d1.loss_cls: 0.1418, d1.loss_bbox: 0.2841, d2.loss_cls: 0.1108, d2.loss_bbox: 0.2735, d3.loss_cls: 0.1020, d3.loss_bbox: 0.2534, d4.loss_cls: 0.0922, d4.loss_bbox: 0.2511, loss: 2.4465, grad_norm: 26.0138
2025-06-26 01:40:09,570 - mmdet - INFO - Epoch [5][2000/7033]	lr: 2.508e-05, eta: 3:04:13, time: 0.802, data_time: 0.034, memory: 4350, loss_cls: 0.0908, loss_bbox: 0.2440, d0.loss_cls: 0.2058, d0.loss_bbox: 0.3822, d1.loss_cls: 0.1426, d1.loss_bbox: 0.2783, d2.loss_cls: 0.1133, d2.loss_bbox: 0.2676, d3.loss_cls: 0.0990, d3.loss_bbox: 0.2481, d4.loss_cls: 0.0928, d4.loss_bbox: 0.2441, loss: 2.4085, grad_norm: 32.0843
2025-06-26 01:40:50,058 - mmdet - INFO - Epoch [5][2050/7033]	lr: 2.508e-05, eta: 3:03:25, time: 0.810, data_time: 0.035, memory: 4350, loss_cls: 0.0912, loss_bbox: 0.2445, d0.loss_cls: 0.2032, d0.loss_bbox: 0.3793, d1.loss_cls: 0.1403, d1.loss_bbox: 0.2777, d2.loss_cls: 0.1141, d2.loss_bbox: 0.2667, d3.loss_cls: 0.1031, d3.loss_bbox: 0.2466, d4.loss_cls: 0.0941, d4.loss_bbox: 0.2446, loss: 2.4055, grad_norm: 35.2407
2025-06-26 01:41:29,804 - mmdet - INFO - Epoch [5][2100/7033]	lr: 2.508e-05, eta: 3:02:37, time: 0.795, data_time: 0.031, memory: 4350, loss_cls: 0.0897, loss_bbox: 0.2449, d0.loss_cls: 0.2058, d0.loss_bbox: 0.3943, d1.loss_cls: 0.1388, d1.loss_bbox: 0.2825, d2.loss_cls: 0.1120, d2.loss_bbox: 0.2694, d3.loss_cls: 0.1002, d3.loss_bbox: 0.2480, d4.loss_cls: 0.0920, d4.loss_bbox: 0.2456, loss: 2.4231, grad_norm: 53.2509
2025-06-26 01:42:09,501 - mmdet - INFO - Epoch [5][2150/7033]	lr: 2.508e-05, eta: 3:01:49, time: 0.794, data_time: 0.030, memory: 4350, loss_cls: 0.0914, loss_bbox: 0.2458, d0.loss_cls: 0.2138, d0.loss_bbox: 0.3878, d1.loss_cls: 0.1435, d1.loss_bbox: 0.2780, d2.loss_cls: 0.1126, d2.loss_bbox: 0.2684, d3.loss_cls: 0.1007, d3.loss_bbox: 0.2496, d4.loss_cls: 0.0937, d4.loss_bbox: 0.2471, loss: 2.4324, grad_norm: 33.8343
2025-06-26 01:42:49,017 - mmdet - INFO - Epoch [5][2200/7033]	lr: 2.508e-05, eta: 3:01:01, time: 0.790, data_time: 0.029, memory: 4350, loss_cls: 0.0885, loss_bbox: 0.2466, d0.loss_cls: 0.2131, d0.loss_bbox: 0.3826, d1.loss_cls: 0.1415, d1.loss_bbox: 0.2794, d2.loss_cls: 0.1101, d2.loss_bbox: 0.2737, d3.loss_cls: 0.0973, d3.loss_bbox: 0.2491, d4.loss_cls: 0.0909, d4.loss_bbox: 0.2463, loss: 2.4190, grad_norm: 21.1996
2025-06-26 01:43:28,631 - mmdet - INFO - Epoch [5][2250/7033]	lr: 2.508e-05, eta: 3:00:12, time: 0.792, data_time: 0.028, memory: 4350, loss_cls: 0.0868, loss_bbox: 0.2437, d0.loss_cls: 0.2048, d0.loss_bbox: 0.3789, d1.loss_cls: 0.1362, d1.loss_bbox: 0.2757, d2.loss_cls: 0.1091, d2.loss_bbox: 0.2649, d3.loss_cls: 0.0965, d3.loss_bbox: 0.2467, d4.loss_cls: 0.0892, d4.loss_bbox: 0.2437, loss: 2.3762, grad_norm: 36.8337
2025-06-26 01:44:08,358 - mmdet - INFO - Epoch [5][2300/7033]	lr: 2.508e-05, eta: 2:59:24, time: 0.795, data_time: 0.029, memory: 4350, loss_cls: 0.0921, loss_bbox: 0.2450, d0.loss_cls: 0.2091, d0.loss_bbox: 0.3903, d1.loss_cls: 0.1425, d1.loss_bbox: 0.2815, d2.loss_cls: 0.1154, d2.loss_bbox: 0.2694, d3.loss_cls: 0.1013, d3.loss_bbox: 0.2483, d4.loss_cls: 0.0939, d4.loss_bbox: 0.2453, loss: 2.4342, grad_norm: 37.9657
2025-06-26 01:44:47,986 - mmdet - INFO - Epoch [5][2350/7033]	lr: 2.508e-05, eta: 2:58:36, time: 0.793, data_time: 0.027, memory: 4350, loss_cls: 0.0908, loss_bbox: 0.2381, d0.loss_cls: 0.2038, d0.loss_bbox: 0.3783, d1.loss_cls: 0.1332, d1.loss_bbox: 0.2746, d2.loss_cls: 0.1069, d2.loss_bbox: 0.2651, d3.loss_cls: 0.0965, d3.loss_bbox: 0.2428, d4.loss_cls: 0.0919, d4.loss_bbox: 0.2388, loss: 2.3608, grad_norm: 20.4944
2025-06-26 01:45:27,524 - mmdet - INFO - Epoch [5][2400/7033]	lr: 2.508e-05, eta: 2:57:48, time: 0.791, data_time: 0.028, memory: 4350, loss_cls: 0.0889, loss_bbox: 0.2356, d0.loss_cls: 0.2060, d0.loss_bbox: 0.3747, d1.loss_cls: 0.1365, d1.loss_bbox: 0.2713, d2.loss_cls: 0.1086, d2.loss_bbox: 0.2593, d3.loss_cls: 0.0971, d3.loss_bbox: 0.2395, d4.loss_cls: 0.0911, d4.loss_bbox: 0.2362, loss: 2.3448, grad_norm: 21.0777
2025-06-26 01:46:06,726 - mmdet - INFO - Epoch [5][2450/7033]	lr: 2.508e-05, eta: 2:57:00, time: 0.784, data_time: 0.025, memory: 4350, loss_cls: 0.0897, loss_bbox: 0.2416, d0.loss_cls: 0.2144, d0.loss_bbox: 0.3875, d1.loss_cls: 0.1387, d1.loss_bbox: 0.2796, d2.loss_cls: 0.1101, d2.loss_bbox: 0.2697, d3.loss_cls: 0.0992, d3.loss_bbox: 0.2457, d4.loss_cls: 0.0916, d4.loss_bbox: 0.2421, loss: 2.4099, grad_norm: 17.7645
2025-06-26 01:46:46,287 - mmdet - INFO - Epoch [5][2500/7033]	lr: 2.508e-05, eta: 2:56:12, time: 0.791, data_time: 0.026, memory: 4350, loss_cls: 0.0821, loss_bbox: 0.2356, d0.loss_cls: 0.2051, d0.loss_bbox: 0.3632, d1.loss_cls: 0.1343, d1.loss_bbox: 0.2654, d2.loss_cls: 0.1017, d2.loss_bbox: 0.2589, d3.loss_cls: 0.0911, d3.loss_bbox: 0.2384, d4.loss_cls: 0.0839, d4.loss_bbox: 0.2366, loss: 2.2963, grad_norm: 20.5414
2025-06-26 01:47:25,768 - mmdet - INFO - Epoch [5][2550/7033]	lr: 2.508e-05, eta: 2:55:24, time: 0.790, data_time: 0.029, memory: 4350, loss_cls: 0.0885, loss_bbox: 0.2331, d0.loss_cls: 0.2137, d0.loss_bbox: 0.3699, d1.loss_cls: 0.1430, d1.loss_bbox: 0.2698, d2.loss_cls: 0.1117, d2.loss_bbox: 0.2563, d3.loss_cls: 0.0983, d3.loss_bbox: 0.2365, d4.loss_cls: 0.0891, d4.loss_bbox: 0.2349, loss: 2.3447, grad_norm: 42.1640
2025-06-26 01:48:05,387 - mmdet - INFO - Epoch [5][2600/7033]	lr: 2.508e-05, eta: 2:54:36, time: 0.792, data_time: 0.029, memory: 4350, loss_cls: 0.0974, loss_bbox: 0.2465, d0.loss_cls: 0.2205, d0.loss_bbox: 0.3865, d1.loss_cls: 0.1434, d1.loss_bbox: 0.2808, d2.loss_cls: 0.1148, d2.loss_bbox: 0.2700, d3.loss_cls: 0.1070, d3.loss_bbox: 0.2488, d4.loss_cls: 0.0990, d4.loss_bbox: 0.2465, loss: 2.4612, grad_norm: 29.2568
2025-06-26 01:48:44,972 - mmdet - INFO - Epoch [5][2650/7033]	lr: 2.508e-05, eta: 2:53:48, time: 0.792, data_time: 0.026, memory: 4350, loss_cls: 0.0912, loss_bbox: 0.2421, d0.loss_cls: 0.2106, d0.loss_bbox: 0.3759, d1.loss_cls: 0.1364, d1.loss_bbox: 0.2772, d2.loss_cls: 0.1112, d2.loss_bbox: 0.2650, d3.loss_cls: 0.0995, d3.loss_bbox: 0.2457, d4.loss_cls: 0.0926, d4.loss_bbox: 0.2430, loss: 2.3905, grad_norm: 32.8582
2025-06-26 01:49:24,622 - mmdet - INFO - Epoch [5][2700/7033]	lr: 2.508e-05, eta: 2:53:00, time: 0.793, data_time: 0.026, memory: 4350, loss_cls: 0.0884, loss_bbox: 0.2418, d0.loss_cls: 0.2083, d0.loss_bbox: 0.3793, d1.loss_cls: 0.1348, d1.loss_bbox: 0.2781, d2.loss_cls: 0.1083, d2.loss_bbox: 0.2660, d3.loss_cls: 0.0975, d3.loss_bbox: 0.2448, d4.loss_cls: 0.0911, d4.loss_bbox: 0.2428, loss: 2.3810, grad_norm: 15.2936
2025-06-26 01:50:04,510 - mmdet - INFO - Epoch [5][2750/7033]	lr: 2.508e-05, eta: 2:52:12, time: 0.798, data_time: 0.030, memory: 4350, loss_cls: 0.0984, loss_bbox: 0.2450, d0.loss_cls: 0.2186, d0.loss_bbox: 0.3842, d1.loss_cls: 0.1497, d1.loss_bbox: 0.2821, d2.loss_cls: 0.1216, d2.loss_bbox: 0.2715, d3.loss_cls: 0.1080, d3.loss_bbox: 0.2498, d4.loss_cls: 0.1011, d4.loss_bbox: 0.2452, loss: 2.4752, grad_norm: 21.1523
2025-06-26 01:50:44,225 - mmdet - INFO - Epoch [5][2800/7033]	lr: 2.508e-05, eta: 2:51:24, time: 0.794, data_time: 0.029, memory: 4350, loss_cls: 0.0921, loss_bbox: 0.2442, d0.loss_cls: 0.2142, d0.loss_bbox: 0.3820, d1.loss_cls: 0.1439, d1.loss_bbox: 0.2783, d2.loss_cls: 0.1135, d2.loss_bbox: 0.2697, d3.loss_cls: 0.1005, d3.loss_bbox: 0.2477, d4.loss_cls: 0.0935, d4.loss_bbox: 0.2448, loss: 2.4243, grad_norm: 25.4223
2025-06-26 01:51:24,043 - mmdet - INFO - Epoch [5][2850/7033]	lr: 2.508e-05, eta: 2:50:37, time: 0.796, data_time: 0.028, memory: 4350, loss_cls: 0.0957, loss_bbox: 0.2528, d0.loss_cls: 0.2153, d0.loss_bbox: 0.3854, d1.loss_cls: 0.1475, d1.loss_bbox: 0.2867, d2.loss_cls: 0.1193, d2.loss_bbox: 0.2760, d3.loss_cls: 0.1049, d3.loss_bbox: 0.2557, d4.loss_cls: 0.0977, d4.loss_bbox: 0.2525, loss: 2.4896, grad_norm: 21.0350
2025-06-26 01:52:04,047 - mmdet - INFO - Epoch [5][2900/7033]	lr: 2.508e-05, eta: 2:49:49, time: 0.800, data_time: 0.031, memory: 4350, loss_cls: 0.0838, loss_bbox: 0.2373, d0.loss_cls: 0.1993, d0.loss_bbox: 0.3728, d1.loss_cls: 0.1338, d1.loss_bbox: 0.2725, d2.loss_cls: 0.1077, d2.loss_bbox: 0.2606, d3.loss_cls: 0.0937, d3.loss_bbox: 0.2405, d4.loss_cls: 0.0868, d4.loss_bbox: 0.2378, loss: 2.3265, grad_norm: 71.0450
2025-06-26 01:52:44,074 - mmdet - INFO - Epoch [5][2950/7033]	lr: 2.508e-05, eta: 2:49:01, time: 0.801, data_time: 0.033, memory: 4350, loss_cls: 0.0982, loss_bbox: 0.2586, d0.loss_cls: 0.2106, d0.loss_bbox: 0.3949, d1.loss_cls: 0.1485, d1.loss_bbox: 0.2938, d2.loss_cls: 0.1211, d2.loss_bbox: 0.2832, d3.loss_cls: 0.1066, d3.loss_bbox: 0.2624, d4.loss_cls: 0.1009, d4.loss_bbox: 0.2586, loss: 2.5375, grad_norm: 54.3945
2025-06-26 01:53:24,283 - mmdet - INFO - Epoch [5][3000/7033]	lr: 2.508e-05, eta: 2:48:14, time: 0.804, data_time: 0.033, memory: 4350, loss_cls: 0.0870, loss_bbox: 0.2406, d0.loss_cls: 0.2080, d0.loss_bbox: 0.3734, d1.loss_cls: 0.1394, d1.loss_bbox: 0.2763, d2.loss_cls: 0.1125, d2.loss_bbox: 0.2633, d3.loss_cls: 0.1001, d3.loss_bbox: 0.2410, d4.loss_cls: 0.0900, d4.loss_bbox: 0.2399, loss: 2.3715, grad_norm: 41.3367
2025-06-26 01:54:04,085 - mmdet - INFO - Epoch [5][3050/7033]	lr: 2.508e-05, eta: 2:47:26, time: 0.796, data_time: 0.030, memory: 4350, loss_cls: 0.0853, loss_bbox: 0.2455, d0.loss_cls: 0.2037, d0.loss_bbox: 0.3878, d1.loss_cls: 0.1363, d1.loss_bbox: 0.2803, d2.loss_cls: 0.1107, d2.loss_bbox: 0.2671, d3.loss_cls: 0.0982, d3.loss_bbox: 0.2484, d4.loss_cls: 0.0882, d4.loss_bbox: 0.2459, loss: 2.3974, grad_norm: 39.8919
2025-06-26 01:54:44,107 - mmdet - INFO - Epoch [5][3100/7033]	lr: 2.508e-05, eta: 2:46:39, time: 0.800, data_time: 0.033, memory: 4350, loss_cls: 0.0960, loss_bbox: 0.2491, d0.loss_cls: 0.2166, d0.loss_bbox: 0.3884, d1.loss_cls: 0.1438, d1.loss_bbox: 0.2855, d2.loss_cls: 0.1188, d2.loss_bbox: 0.2724, d3.loss_cls: 0.1067, d3.loss_bbox: 0.2507, d4.loss_cls: 0.0988, d4.loss_bbox: 0.2486, loss: 2.4754, grad_norm: 22.6959
2025-06-26 01:55:24,204 - mmdet - INFO - Epoch [5][3150/7033]	lr: 2.508e-05, eta: 2:45:51, time: 0.802, data_time: 0.031, memory: 4350, loss_cls: 0.0836, loss_bbox: 0.2466, d0.loss_cls: 0.2035, d0.loss_bbox: 0.3754, d1.loss_cls: 0.1321, d1.loss_bbox: 0.2792, d2.loss_cls: 0.1070, d2.loss_bbox: 0.2671, d3.loss_cls: 0.0945, d3.loss_bbox: 0.2486, d4.loss_cls: 0.0862, d4.loss_bbox: 0.2457, loss: 2.3695, grad_norm: 49.8670
2025-06-26 01:56:04,453 - mmdet - INFO - Epoch [5][3200/7033]	lr: 2.508e-05, eta: 2:45:04, time: 0.805, data_time: 0.033, memory: 4350, loss_cls: 0.0893, loss_bbox: 0.2367, d0.loss_cls: 0.2021, d0.loss_bbox: 0.3690, d1.loss_cls: 0.1393, d1.loss_bbox: 0.2708, d2.loss_cls: 0.1082, d2.loss_bbox: 0.2608, d3.loss_cls: 0.0967, d3.loss_bbox: 0.2422, d4.loss_cls: 0.0910, d4.loss_bbox: 0.2374, loss: 2.3435, grad_norm: 28.5406
2025-06-26 01:56:44,725 - mmdet - INFO - Epoch [5][3250/7033]	lr: 2.508e-05, eta: 2:44:16, time: 0.805, data_time: 0.034, memory: 4350, loss_cls: 0.0899, loss_bbox: 0.2453, d0.loss_cls: 0.2113, d0.loss_bbox: 0.3937, d1.loss_cls: 0.1388, d1.loss_bbox: 0.2827, d2.loss_cls: 0.1103, d2.loss_bbox: 0.2694, d3.loss_cls: 0.1010, d3.loss_bbox: 0.2465, d4.loss_cls: 0.0915, d4.loss_bbox: 0.2456, loss: 2.4259, grad_norm: 25.0565
2025-06-26 01:57:25,211 - mmdet - INFO - Epoch [5][3300/7033]	lr: 2.508e-05, eta: 2:43:29, time: 0.810, data_time: 0.032, memory: 4350, loss_cls: 0.0984, loss_bbox: 0.2504, d0.loss_cls: 0.2135, d0.loss_bbox: 0.3892, d1.loss_cls: 0.1449, d1.loss_bbox: 0.2836, d2.loss_cls: 0.1197, d2.loss_bbox: 0.2724, d3.loss_cls: 0.1073, d3.loss_bbox: 0.2535, d4.loss_cls: 0.1006, d4.loss_bbox: 0.2507, loss: 2.4842, grad_norm: 29.5450
2025-06-26 01:58:05,187 - mmdet - INFO - Epoch [5][3350/7033]	lr: 2.508e-05, eta: 2:42:42, time: 0.800, data_time: 0.033, memory: 4350, loss_cls: 0.0891, loss_bbox: 0.2402, d0.loss_cls: 0.2113, d0.loss_bbox: 0.3777, d1.loss_cls: 0.1377, d1.loss_bbox: 0.2742, d2.loss_cls: 0.1116, d2.loss_bbox: 0.2625, d3.loss_cls: 0.0978, d3.loss_bbox: 0.2427, d4.loss_cls: 0.0913, d4.loss_bbox: 0.2399, loss: 2.3760, grad_norm: 54.6770
2025-06-26 01:58:45,292 - mmdet - INFO - Epoch [5][3400/7033]	lr: 2.508e-05, eta: 2:41:54, time: 0.802, data_time: 0.035, memory: 4350, loss_cls: 0.0898, loss_bbox: 0.2387, d0.loss_cls: 0.2063, d0.loss_bbox: 0.3725, d1.loss_cls: 0.1401, d1.loss_bbox: 0.2710, d2.loss_cls: 0.1112, d2.loss_bbox: 0.2605, d3.loss_cls: 0.0990, d3.loss_bbox: 0.2418, d4.loss_cls: 0.0928, d4.loss_bbox: 0.2381, loss: 2.3618, grad_norm: 29.4623
2025-06-26 01:59:25,512 - mmdet - INFO - Epoch [5][3450/7033]	lr: 2.508e-05, eta: 2:41:07, time: 0.804, data_time: 0.031, memory: 4350, loss_cls: 0.0895, loss_bbox: 0.2439, d0.loss_cls: 0.2104, d0.loss_bbox: 0.3812, d1.loss_cls: 0.1373, d1.loss_bbox: 0.2798, d2.loss_cls: 0.1084, d2.loss_bbox: 0.2698, d3.loss_cls: 0.0994, d3.loss_bbox: 0.2466, d4.loss_cls: 0.0912, d4.loss_bbox: 0.2441, loss: 2.4017, grad_norm: 26.3569
2025-06-26 02:00:05,770 - mmdet - INFO - Epoch [5][3500/7033]	lr: 2.508e-05, eta: 2:40:20, time: 0.805, data_time: 0.031, memory: 4350, loss_cls: 0.0920, loss_bbox: 0.2396, d0.loss_cls: 0.2054, d0.loss_bbox: 0.3758, d1.loss_cls: 0.1409, d1.loss_bbox: 0.2752, d2.loss_cls: 0.1127, d2.loss_bbox: 0.2661, d3.loss_cls: 0.1006, d3.loss_bbox: 0.2434, d4.loss_cls: 0.0931, d4.loss_bbox: 0.2403, loss: 2.3851, grad_norm: 20.3958
2025-06-26 02:00:46,872 - mmdet - INFO - Epoch [5][3550/7033]	lr: 2.508e-05, eta: 2:39:33, time: 0.822, data_time: 0.054, memory: 4350, loss_cls: 0.0878, loss_bbox: 0.2422, d0.loss_cls: 0.2079, d0.loss_bbox: 0.3749, d1.loss_cls: 0.1369, d1.loss_bbox: 0.2742, d2.loss_cls: 0.1079, d2.loss_bbox: 0.2659, d3.loss_cls: 0.0968, d3.loss_bbox: 0.2463, d4.loss_cls: 0.0892, d4.loss_bbox: 0.2435, loss: 2.3736, grad_norm: 42.4240
2025-06-26 02:01:26,636 - mmdet - INFO - Epoch [5][3600/7033]	lr: 2.508e-05, eta: 2:38:45, time: 0.795, data_time: 0.027, memory: 4350, loss_cls: 0.0875, loss_bbox: 0.2383, d0.loss_cls: 0.1990, d0.loss_bbox: 0.3688, d1.loss_cls: 0.1287, d1.loss_bbox: 0.2732, d2.loss_cls: 0.1039, d2.loss_bbox: 0.2619, d3.loss_cls: 0.0970, d3.loss_bbox: 0.2404, d4.loss_cls: 0.0900, d4.loss_bbox: 0.2378, loss: 2.3264, grad_norm: 25.9762
2025-06-26 02:02:06,350 - mmdet - INFO - Epoch [5][3650/7033]	lr: 2.508e-05, eta: 2:37:58, time: 0.795, data_time: 0.027, memory: 4350, loss_cls: 0.0940, loss_bbox: 0.2421, d0.loss_cls: 0.2086, d0.loss_bbox: 0.3795, d1.loss_cls: 0.1371, d1.loss_bbox: 0.2763, d2.loss_cls: 0.1165, d2.loss_bbox: 0.2647, d3.loss_cls: 0.1032, d3.loss_bbox: 0.2459, d4.loss_cls: 0.0958, d4.loss_bbox: 0.2422, loss: 2.4061, grad_norm: 18.2058
2025-06-26 02:02:46,140 - mmdet - INFO - Epoch [5][3700/7033]	lr: 2.508e-05, eta: 2:37:10, time: 0.796, data_time: 0.032, memory: 4350, loss_cls: 0.0911, loss_bbox: 0.2374, d0.loss_cls: 0.2123, d0.loss_bbox: 0.3751, d1.loss_cls: 0.1371, d1.loss_bbox: 0.2753, d2.loss_cls: 0.1108, d2.loss_bbox: 0.2620, d3.loss_cls: 0.1005, d3.loss_bbox: 0.2419, d4.loss_cls: 0.0937, d4.loss_bbox: 0.2377, loss: 2.3749, grad_norm: 35.7253
2025-06-26 02:03:26,095 - mmdet - INFO - Epoch [5][3750/7033]	lr: 2.508e-05, eta: 2:36:23, time: 0.799, data_time: 0.028, memory: 4350, loss_cls: 0.0934, loss_bbox: 0.2453, d0.loss_cls: 0.2146, d0.loss_bbox: 0.3884, d1.loss_cls: 0.1392, d1.loss_bbox: 0.2824, d2.loss_cls: 0.1136, d2.loss_bbox: 0.2698, d3.loss_cls: 0.1011, d3.loss_bbox: 0.2494, d4.loss_cls: 0.0949, d4.loss_bbox: 0.2448, loss: 2.4367, grad_norm: 23.7710
2025-06-26 02:04:05,992 - mmdet - INFO - Epoch [5][3800/7033]	lr: 2.508e-05, eta: 2:35:36, time: 0.798, data_time: 0.030, memory: 4350, loss_cls: 0.0945, loss_bbox: 0.2365, d0.loss_cls: 0.2116, d0.loss_bbox: 0.3702, d1.loss_cls: 0.1421, d1.loss_bbox: 0.2720, d2.loss_cls: 0.1163, d2.loss_bbox: 0.2604, d3.loss_cls: 0.1041, d3.loss_bbox: 0.2410, d4.loss_cls: 0.0963, d4.loss_bbox: 0.2375, loss: 2.3826, grad_norm: 20.2746
2025-06-26 02:04:46,127 - mmdet - INFO - Epoch [5][3850/7033]	lr: 2.508e-05, eta: 2:34:49, time: 0.803, data_time: 0.030, memory: 4350, loss_cls: 0.0873, loss_bbox: 0.2322, d0.loss_cls: 0.2031, d0.loss_bbox: 0.3650, d1.loss_cls: 0.1337, d1.loss_bbox: 0.2696, d2.loss_cls: 0.1051, d2.loss_bbox: 0.2607, d3.loss_cls: 0.0942, d3.loss_bbox: 0.2397, d4.loss_cls: 0.0881, d4.loss_bbox: 0.2338, loss: 2.3125, grad_norm: 27.1158
2025-06-26 02:05:26,407 - mmdet - INFO - Epoch [5][3900/7033]	lr: 2.508e-05, eta: 2:34:02, time: 0.806, data_time: 0.030, memory: 4350, loss_cls: 0.0943, loss_bbox: 0.2459, d0.loss_cls: 0.2088, d0.loss_bbox: 0.3850, d1.loss_cls: 0.1391, d1.loss_bbox: 0.2811, d2.loss_cls: 0.1169, d2.loss_bbox: 0.2700, d3.loss_cls: 0.1020, d3.loss_bbox: 0.2513, d4.loss_cls: 0.0956, d4.loss_bbox: 0.2468, loss: 2.4368, grad_norm: 24.4267
2025-06-26 02:06:06,574 - mmdet - INFO - Epoch [5][3950/7033]	lr: 2.508e-05, eta: 2:33:14, time: 0.803, data_time: 0.028, memory: 4350, loss_cls: 0.0877, loss_bbox: 0.2401, d0.loss_cls: 0.2029, d0.loss_bbox: 0.3759, d1.loss_cls: 0.1370, d1.loss_bbox: 0.2761, d2.loss_cls: 0.1097, d2.loss_bbox: 0.2628, d3.loss_cls: 0.0960, d3.loss_bbox: 0.2427, d4.loss_cls: 0.0887, d4.loss_bbox: 0.2412, loss: 2.3608, grad_norm: 31.7074
2025-06-26 02:06:46,726 - mmdet - INFO - Epoch [5][4000/7033]	lr: 2.508e-05, eta: 2:32:27, time: 0.803, data_time: 0.031, memory: 4350, loss_cls: 0.0902, loss_bbox: 0.2398, d0.loss_cls: 0.2123, d0.loss_bbox: 0.3743, d1.loss_cls: 0.1393, d1.loss_bbox: 0.2716, d2.loss_cls: 0.1113, d2.loss_bbox: 0.2624, d3.loss_cls: 0.0983, d3.loss_bbox: 0.2427, d4.loss_cls: 0.0915, d4.loss_bbox: 0.2406, loss: 2.3742, grad_norm: 33.9968
2025-06-26 02:07:27,799 - mmdet - INFO - Epoch [5][4050/7033]	lr: 2.508e-05, eta: 2:31:41, time: 0.821, data_time: 0.035, memory: 4350, loss_cls: 0.0923, loss_bbox: 0.2425, d0.loss_cls: 0.2088, d0.loss_bbox: 0.3730, d1.loss_cls: 0.1408, d1.loss_bbox: 0.2747, d2.loss_cls: 0.1134, d2.loss_bbox: 0.2646, d3.loss_cls: 0.0986, d3.loss_bbox: 0.2451, d4.loss_cls: 0.0936, d4.loss_bbox: 0.2425, loss: 2.3899, grad_norm: 25.8963
2025-06-26 02:08:10,182 - mmdet - INFO - Epoch [5][4100/7033]	lr: 2.508e-05, eta: 2:30:54, time: 0.848, data_time: 0.075, memory: 4350, loss_cls: 0.0930, loss_bbox: 0.2425, d0.loss_cls: 0.2069, d0.loss_bbox: 0.3867, d1.loss_cls: 0.1426, d1.loss_bbox: 0.2814, d2.loss_cls: 0.1154, d2.loss_bbox: 0.2680, d3.loss_cls: 0.1009, d3.loss_bbox: 0.2461, d4.loss_cls: 0.0956, d4.loss_bbox: 0.2425, loss: 2.4217, grad_norm: 34.2766
2025-06-26 02:08:51,065 - mmdet - INFO - Epoch [5][4150/7033]	lr: 2.508e-05, eta: 2:30:07, time: 0.818, data_time: 0.036, memory: 4350, loss_cls: 0.0883, loss_bbox: 0.2403, d0.loss_cls: 0.2064, d0.loss_bbox: 0.3833, d1.loss_cls: 0.1415, d1.loss_bbox: 0.2769, d2.loss_cls: 0.1122, d2.loss_bbox: 0.2658, d3.loss_cls: 0.0974, d3.loss_bbox: 0.2449, d4.loss_cls: 0.0916, d4.loss_bbox: 0.2398, loss: 2.3883, grad_norm: 41.2052
2025-06-26 02:09:31,657 - mmdet - INFO - Epoch [5][4200/7033]	lr: 2.508e-05, eta: 2:29:20, time: 0.812, data_time: 0.034, memory: 4350, loss_cls: 0.1017, loss_bbox: 0.2453, d0.loss_cls: 0.2183, d0.loss_bbox: 0.3900, d1.loss_cls: 0.1530, d1.loss_bbox: 0.2804, d2.loss_cls: 0.1238, d2.loss_bbox: 0.2699, d3.loss_cls: 0.1115, d3.loss_bbox: 0.2499, d4.loss_cls: 0.1036, d4.loss_bbox: 0.2457, loss: 2.4930, grad_norm: 41.7704
2025-06-26 02:10:12,294 - mmdet - INFO - Epoch [5][4250/7033]	lr: 2.508e-05, eta: 2:28:34, time: 0.813, data_time: 0.036, memory: 4350, loss_cls: 0.0935, loss_bbox: 0.2434, d0.loss_cls: 0.2061, d0.loss_bbox: 0.3751, d1.loss_cls: 0.1409, d1.loss_bbox: 0.2785, d2.loss_cls: 0.1146, d2.loss_bbox: 0.2672, d3.loss_cls: 0.1029, d3.loss_bbox: 0.2469, d4.loss_cls: 0.0949, d4.loss_bbox: 0.2449, loss: 2.4090, grad_norm: 36.5796
2025-06-26 02:10:53,022 - mmdet - INFO - Epoch [5][4300/7033]	lr: 2.508e-05, eta: 2:27:47, time: 0.815, data_time: 0.034, memory: 4350, loss_cls: 0.0879, loss_bbox: 0.2401, d0.loss_cls: 0.2092, d0.loss_bbox: 0.3732, d1.loss_cls: 0.1396, d1.loss_bbox: 0.2707, d2.loss_cls: 0.1066, d2.loss_bbox: 0.2610, d3.loss_cls: 0.0956, d3.loss_bbox: 0.2448, d4.loss_cls: 0.0897, d4.loss_bbox: 0.2411, loss: 2.3594, grad_norm: 22.8530
2025-06-26 02:11:33,217 - mmdet - INFO - Epoch [5][4350/7033]	lr: 2.508e-05, eta: 2:27:00, time: 0.804, data_time: 0.032, memory: 4350, loss_cls: 0.0824, loss_bbox: 0.2307, d0.loss_cls: 0.1980, d0.loss_bbox: 0.3666, d1.loss_cls: 0.1312, d1.loss_bbox: 0.2647, d2.loss_cls: 0.1047, d2.loss_bbox: 0.2544, d3.loss_cls: 0.0912, d3.loss_bbox: 0.2345, d4.loss_cls: 0.0840, d4.loss_bbox: 0.2314, loss: 2.2738, grad_norm: 46.1356
2025-06-26 02:12:13,546 - mmdet - INFO - Epoch [5][4400/7033]	lr: 2.508e-05, eta: 2:26:13, time: 0.807, data_time: 0.031, memory: 4350, loss_cls: 0.1005, loss_bbox: 0.2375, d0.loss_cls: 0.2144, d0.loss_bbox: 0.3730, d1.loss_cls: 0.1458, d1.loss_bbox: 0.2753, d2.loss_cls: 0.1187, d2.loss_bbox: 0.2634, d3.loss_cls: 0.1072, d3.loss_bbox: 0.2424, d4.loss_cls: 0.1024, d4.loss_bbox: 0.2382, loss: 2.4187, grad_norm: 16.7071
2025-06-26 02:12:53,826 - mmdet - INFO - Epoch [5][4450/7033]	lr: 2.508e-05, eta: 2:25:26, time: 0.805, data_time: 0.030, memory: 4350, loss_cls: 0.0927, loss_bbox: 0.2446, d0.loss_cls: 0.2069, d0.loss_bbox: 0.3780, d1.loss_cls: 0.1398, d1.loss_bbox: 0.2785, d2.loss_cls: 0.1119, d2.loss_bbox: 0.2684, d3.loss_cls: 0.0998, d3.loss_bbox: 0.2478, d4.loss_cls: 0.0943, d4.loss_bbox: 0.2443, loss: 2.4070, grad_norm: 26.9353
2025-06-26 02:13:34,261 - mmdet - INFO - Epoch [5][4500/7033]	lr: 2.508e-05, eta: 2:24:39, time: 0.809, data_time: 0.031, memory: 4350, loss_cls: 0.0868, loss_bbox: 0.2365, d0.loss_cls: 0.2032, d0.loss_bbox: 0.3713, d1.loss_cls: 0.1378, d1.loss_bbox: 0.2728, d2.loss_cls: 0.1088, d2.loss_bbox: 0.2622, d3.loss_cls: 0.0957, d3.loss_bbox: 0.2402, d4.loss_cls: 0.0889, d4.loss_bbox: 0.2380, loss: 2.3421, grad_norm: 34.8585
2025-06-26 02:14:14,677 - mmdet - INFO - Epoch [5][4550/7033]	lr: 2.508e-05, eta: 2:23:52, time: 0.808, data_time: 0.031, memory: 4350, loss_cls: 0.0898, loss_bbox: 0.2451, d0.loss_cls: 0.2116, d0.loss_bbox: 0.3845, d1.loss_cls: 0.1434, d1.loss_bbox: 0.2763, d2.loss_cls: 0.1123, d2.loss_bbox: 0.2684, d3.loss_cls: 0.0993, d3.loss_bbox: 0.2481, d4.loss_cls: 0.0924, d4.loss_bbox: 0.2445, loss: 2.4158, grad_norm: 51.3515
2025-06-26 02:14:54,919 - mmdet - INFO - Epoch [5][4600/7033]	lr: 2.508e-05, eta: 2:23:06, time: 0.805, data_time: 0.031, memory: 4350, loss_cls: 0.0904, loss_bbox: 0.2401, d0.loss_cls: 0.2047, d0.loss_bbox: 0.3772, d1.loss_cls: 0.1407, d1.loss_bbox: 0.2733, d2.loss_cls: 0.1105, d2.loss_bbox: 0.2646, d3.loss_cls: 0.1004, d3.loss_bbox: 0.2429, d4.loss_cls: 0.0923, d4.loss_bbox: 0.2402, loss: 2.3772, grad_norm: 19.0036
2025-06-26 02:15:35,259 - mmdet - INFO - Epoch [5][4650/7033]	lr: 2.508e-05, eta: 2:22:19, time: 0.807, data_time: 0.031, memory: 4350, loss_cls: 0.0867, loss_bbox: 0.2365, d0.loss_cls: 0.2086, d0.loss_bbox: 0.3690, d1.loss_cls: 0.1385, d1.loss_bbox: 0.2665, d2.loss_cls: 0.1085, d2.loss_bbox: 0.2555, d3.loss_cls: 0.0973, d3.loss_bbox: 0.2376, d4.loss_cls: 0.0896, d4.loss_bbox: 0.2361, loss: 2.3304, grad_norm: 31.1905
2025-06-26 02:16:15,299 - mmdet - INFO - Epoch [5][4700/7033]	lr: 2.508e-05, eta: 2:21:32, time: 0.801, data_time: 0.028, memory: 4350, loss_cls: 0.0881, loss_bbox: 0.2429, d0.loss_cls: 0.2040, d0.loss_bbox: 0.3753, d1.loss_cls: 0.1389, d1.loss_bbox: 0.2741, d2.loss_cls: 0.1113, d2.loss_bbox: 0.2631, d3.loss_cls: 0.0977, d3.loss_bbox: 0.2460, d4.loss_cls: 0.0907, d4.loss_bbox: 0.2433, loss: 2.3753, grad_norm: 48.1495
2025-06-26 02:16:55,575 - mmdet - INFO - Epoch [5][4750/7033]	lr: 2.508e-05, eta: 2:20:45, time: 0.806, data_time: 0.031, memory: 4350, loss_cls: 0.0884, loss_bbox: 0.2380, d0.loss_cls: 0.2049, d0.loss_bbox: 0.3667, d1.loss_cls: 0.1391, d1.loss_bbox: 0.2709, d2.loss_cls: 0.1101, d2.loss_bbox: 0.2612, d3.loss_cls: 0.0990, d3.loss_bbox: 0.2409, d4.loss_cls: 0.0916, d4.loss_bbox: 0.2380, loss: 2.3487, grad_norm: 26.7109
2025-06-26 02:17:35,961 - mmdet - INFO - Epoch [5][4800/7033]	lr: 2.508e-05, eta: 2:19:58, time: 0.808, data_time: 0.031, memory: 4350, loss_cls: 0.0928, loss_bbox: 0.2402, d0.loss_cls: 0.2020, d0.loss_bbox: 0.3746, d1.loss_cls: 0.1379, d1.loss_bbox: 0.2720, d2.loss_cls: 0.1126, d2.loss_bbox: 0.2620, d3.loss_cls: 0.1004, d3.loss_bbox: 0.2434, d4.loss_cls: 0.0949, d4.loss_bbox: 0.2409, loss: 2.3739, grad_norm: 23.1582
2025-06-26 02:18:15,918 - mmdet - INFO - Epoch [5][4850/7033]	lr: 2.508e-05, eta: 2:19:12, time: 0.799, data_time: 0.029, memory: 4350, loss_cls: 0.0898, loss_bbox: 0.2411, d0.loss_cls: 0.2114, d0.loss_bbox: 0.3798, d1.loss_cls: 0.1408, d1.loss_bbox: 0.2771, d2.loss_cls: 0.1130, d2.loss_bbox: 0.2659, d3.loss_cls: 0.0997, d3.loss_bbox: 0.2441, d4.loss_cls: 0.0920, d4.loss_bbox: 0.2418, loss: 2.3964, grad_norm: 21.9759
2025-06-26 02:18:56,486 - mmdet - INFO - Epoch [5][4900/7033]	lr: 2.508e-05, eta: 2:18:25, time: 0.811, data_time: 0.033, memory: 4350, loss_cls: 0.0907, loss_bbox: 0.2449, d0.loss_cls: 0.2089, d0.loss_bbox: 0.3826, d1.loss_cls: 0.1427, d1.loss_bbox: 0.2787, d2.loss_cls: 0.1130, d2.loss_bbox: 0.2691, d3.loss_cls: 0.1010, d3.loss_bbox: 0.2474, d4.loss_cls: 0.0930, d4.loss_bbox: 0.2463, loss: 2.4182, grad_norm: 38.4691
2025-06-26 02:19:36,522 - mmdet - INFO - Epoch [5][4950/7033]	lr: 2.508e-05, eta: 2:17:38, time: 0.801, data_time: 0.030, memory: 4350, loss_cls: 0.0917, loss_bbox: 0.2317, d0.loss_cls: 0.2075, d0.loss_bbox: 0.3725, d1.loss_cls: 0.1364, d1.loss_bbox: 0.2701, d2.loss_cls: 0.1095, d2.loss_bbox: 0.2580, d3.loss_cls: 0.0983, d3.loss_bbox: 0.2383, d4.loss_cls: 0.0926, d4.loss_bbox: 0.2337, loss: 2.3405, grad_norm: 21.4833
2025-06-26 02:20:16,917 - mmdet - INFO - Epoch [5][5000/7033]	lr: 2.508e-05, eta: 2:16:52, time: 0.808, data_time: 0.032, memory: 4350, loss_cls: 0.0792, loss_bbox: 0.2290, d0.loss_cls: 0.2013, d0.loss_bbox: 0.3734, d1.loss_cls: 0.1297, d1.loss_bbox: 0.2669, d2.loss_cls: 0.1024, d2.loss_bbox: 0.2558, d3.loss_cls: 0.0893, d3.loss_bbox: 0.2340, d4.loss_cls: 0.0814, d4.loss_bbox: 0.2301, loss: 2.2725, grad_norm: 24.4646
2025-06-26 02:20:57,527 - mmdet - INFO - Epoch [5][5050/7033]	lr: 2.508e-05, eta: 2:16:05, time: 0.812, data_time: 0.034, memory: 4350, loss_cls: 0.0821, loss_bbox: 0.2316, d0.loss_cls: 0.2050, d0.loss_bbox: 0.3668, d1.loss_cls: 0.1325, d1.loss_bbox: 0.2652, d2.loss_cls: 0.1051, d2.loss_bbox: 0.2544, d3.loss_cls: 0.0919, d3.loss_bbox: 0.2344, d4.loss_cls: 0.0863, d4.loss_bbox: 0.2305, loss: 2.2857, grad_norm: 29.2853
2025-06-26 02:21:37,876 - mmdet - INFO - Epoch [5][5100/7033]	lr: 2.508e-05, eta: 2:15:18, time: 0.807, data_time: 0.033, memory: 4350, loss_cls: 0.0945, loss_bbox: 0.2464, d0.loss_cls: 0.2086, d0.loss_bbox: 0.3896, d1.loss_cls: 0.1391, d1.loss_bbox: 0.2858, d2.loss_cls: 0.1151, d2.loss_bbox: 0.2709, d3.loss_cls: 0.1003, d3.loss_bbox: 0.2532, d4.loss_cls: 0.0951, d4.loss_bbox: 0.2480, loss: 2.4467, grad_norm: 25.2202
2025-06-26 02:22:18,091 - mmdet - INFO - Epoch [5][5150/7033]	lr: 2.508e-05, eta: 2:14:32, time: 0.804, data_time: 0.028, memory: 4350, loss_cls: 0.0970, loss_bbox: 0.2425, d0.loss_cls: 0.2101, d0.loss_bbox: 0.3801, d1.loss_cls: 0.1475, d1.loss_bbox: 0.2798, d2.loss_cls: 0.1186, d2.loss_bbox: 0.2674, d3.loss_cls: 0.1070, d3.loss_bbox: 0.2470, d4.loss_cls: 0.0983, d4.loss_bbox: 0.2427, loss: 2.4380, grad_norm: 40.4534
2025-06-26 02:22:58,184 - mmdet - INFO - Epoch [5][5200/7033]	lr: 2.508e-05, eta: 2:13:45, time: 0.802, data_time: 0.029, memory: 4350, loss_cls: 0.0877, loss_bbox: 0.2374, d0.loss_cls: 0.2055, d0.loss_bbox: 0.3734, d1.loss_cls: 0.1395, d1.loss_bbox: 0.2728, d2.loss_cls: 0.1095, d2.loss_bbox: 0.2605, d3.loss_cls: 0.0974, d3.loss_bbox: 0.2408, d4.loss_cls: 0.0903, d4.loss_bbox: 0.2375, loss: 2.3523, grad_norm: 57.7773
2025-06-26 02:23:38,390 - mmdet - INFO - Epoch [5][5250/7033]	lr: 2.508e-05, eta: 2:12:58, time: 0.804, data_time: 0.032, memory: 4350, loss_cls: 0.0881, loss_bbox: 0.2381, d0.loss_cls: 0.2101, d0.loss_bbox: 0.3773, d1.loss_cls: 0.1380, d1.loss_bbox: 0.2760, d2.loss_cls: 0.1088, d2.loss_bbox: 0.2639, d3.loss_cls: 0.0971, d3.loss_bbox: 0.2425, d4.loss_cls: 0.0901, d4.loss_bbox: 0.2386, loss: 2.3685, grad_norm: 21.5378
2025-06-26 02:24:18,884 - mmdet - INFO - Epoch [5][5300/7033]	lr: 2.508e-05, eta: 2:12:12, time: 0.810, data_time: 0.028, memory: 4350, loss_cls: 0.0918, loss_bbox: 0.2388, d0.loss_cls: 0.2058, d0.loss_bbox: 0.3742, d1.loss_cls: 0.1414, d1.loss_bbox: 0.2722, d2.loss_cls: 0.1147, d2.loss_bbox: 0.2612, d3.loss_cls: 0.1011, d3.loss_bbox: 0.2406, d4.loss_cls: 0.0939, d4.loss_bbox: 0.2381, loss: 2.3739, grad_norm: 25.3026
2025-06-26 02:24:59,425 - mmdet - INFO - Epoch [5][5350/7033]	lr: 2.508e-05, eta: 2:11:26, time: 0.811, data_time: 0.034, memory: 4350, loss_cls: 0.0994, loss_bbox: 0.2538, d0.loss_cls: 0.2183, d0.loss_bbox: 0.3912, d1.loss_cls: 0.1501, d1.loss_bbox: 0.2894, d2.loss_cls: 0.1204, d2.loss_bbox: 0.2799, d3.loss_cls: 0.1090, d3.loss_bbox: 0.2559, d4.loss_cls: 0.1013, d4.loss_bbox: 0.2556, loss: 2.5242, grad_norm: 45.8568
2025-06-26 02:25:39,975 - mmdet - INFO - Epoch [5][5400/7033]	lr: 2.508e-05, eta: 2:10:39, time: 0.811, data_time: 0.031, memory: 4350, loss_cls: 0.0872, loss_bbox: 0.2433, d0.loss_cls: 0.2032, d0.loss_bbox: 0.3760, d1.loss_cls: 0.1349, d1.loss_bbox: 0.2741, d2.loss_cls: 0.1080, d2.loss_bbox: 0.2650, d3.loss_cls: 0.0951, d3.loss_bbox: 0.2470, d4.loss_cls: 0.0883, d4.loss_bbox: 0.2437, loss: 2.3658, grad_norm: 39.3937
2025-06-26 02:26:20,283 - mmdet - INFO - Epoch [5][5450/7033]	lr: 2.508e-05, eta: 2:09:53, time: 0.806, data_time: 0.030, memory: 4350, loss_cls: 0.0962, loss_bbox: 0.2468, d0.loss_cls: 0.2107, d0.loss_bbox: 0.3870, d1.loss_cls: 0.1475, d1.loss_bbox: 0.2812, d2.loss_cls: 0.1193, d2.loss_bbox: 0.2704, d3.loss_cls: 0.1072, d3.loss_bbox: 0.2487, d4.loss_cls: 0.0986, d4.loss_bbox: 0.2461, loss: 2.4597, grad_norm: 24.2688
2025-06-26 02:27:00,495 - mmdet - INFO - Epoch [5][5500/7033]	lr: 2.508e-05, eta: 2:09:06, time: 0.804, data_time: 0.033, memory: 4350, loss_cls: 0.0912, loss_bbox: 0.2482, d0.loss_cls: 0.2127, d0.loss_bbox: 0.3857, d1.loss_cls: 0.1390, d1.loss_bbox: 0.2846, d2.loss_cls: 0.1124, d2.loss_bbox: 0.2727, d3.loss_cls: 0.1008, d3.loss_bbox: 0.2503, d4.loss_cls: 0.0936, d4.loss_bbox: 0.2485, loss: 2.4399, grad_norm: 20.9277
2025-06-26 02:27:40,811 - mmdet - INFO - Epoch [5][5550/7033]	lr: 2.508e-05, eta: 2:08:20, time: 0.806, data_time: 0.030, memory: 4350, loss_cls: 0.0891, loss_bbox: 0.2363, d0.loss_cls: 0.2120, d0.loss_bbox: 0.3722, d1.loss_cls: 0.1397, d1.loss_bbox: 0.2703, d2.loss_cls: 0.1086, d2.loss_bbox: 0.2597, d3.loss_cls: 0.0970, d3.loss_bbox: 0.2402, d4.loss_cls: 0.0905, d4.loss_bbox: 0.2368, loss: 2.3525, grad_norm: 57.0931
2025-06-26 02:28:22,566 - mmdet - INFO - Epoch [5][5600/7033]	lr: 2.508e-05, eta: 2:07:34, time: 0.835, data_time: 0.043, memory: 4350, loss_cls: 0.0883, loss_bbox: 0.2364, d0.loss_cls: 0.2114, d0.loss_bbox: 0.3752, d1.loss_cls: 0.1423, d1.loss_bbox: 0.2693, d2.loss_cls: 0.1114, d2.loss_bbox: 0.2587, d3.loss_cls: 0.0974, d3.loss_bbox: 0.2407, d4.loss_cls: 0.0915, d4.loss_bbox: 0.2355, loss: 2.3580, grad_norm: 28.7481
2025-06-26 02:29:02,971 - mmdet - INFO - Epoch [5][5650/7033]	lr: 2.508e-05, eta: 2:06:47, time: 0.808, data_time: 0.033, memory: 4350, loss_cls: 0.0913, loss_bbox: 0.2382, d0.loss_cls: 0.2143, d0.loss_bbox: 0.3776, d1.loss_cls: 0.1385, d1.loss_bbox: 0.2708, d2.loss_cls: 0.1134, d2.loss_bbox: 0.2605, d3.loss_cls: 0.1001, d3.loss_bbox: 0.2398, d4.loss_cls: 0.0945, d4.loss_bbox: 0.2376, loss: 2.3767, grad_norm: 25.0789
2025-06-26 02:29:43,083 - mmdet - INFO - Epoch [5][5700/7033]	lr: 2.508e-05, eta: 2:06:01, time: 0.802, data_time: 0.029, memory: 4350, loss_cls: 0.0895, loss_bbox: 0.2511, d0.loss_cls: 0.2075, d0.loss_bbox: 0.3732, d1.loss_cls: 0.1398, d1.loss_bbox: 0.2816, d2.loss_cls: 0.1122, d2.loss_bbox: 0.2723, d3.loss_cls: 0.0995, d3.loss_bbox: 0.2530, d4.loss_cls: 0.0922, d4.loss_bbox: 0.2509, loss: 2.4229, grad_norm: 18.7928
2025-06-26 02:30:23,470 - mmdet - INFO - Epoch [5][5750/7033]	lr: 2.508e-05, eta: 2:05:14, time: 0.808, data_time: 0.031, memory: 4350, loss_cls: 0.0973, loss_bbox: 0.2461, d0.loss_cls: 0.2158, d0.loss_bbox: 0.3825, d1.loss_cls: 0.1433, d1.loss_bbox: 0.2807, d2.loss_cls: 0.1177, d2.loss_bbox: 0.2698, d3.loss_cls: 0.1071, d3.loss_bbox: 0.2502, d4.loss_cls: 0.1005, d4.loss_bbox: 0.2468, loss: 2.4579, grad_norm: 27.8678
2025-06-26 02:31:03,789 - mmdet - INFO - Epoch [5][5800/7033]	lr: 2.508e-05, eta: 2:04:28, time: 0.806, data_time: 0.031, memory: 4350, loss_cls: 0.0869, loss_bbox: 0.2317, d0.loss_cls: 0.2022, d0.loss_bbox: 0.3727, d1.loss_cls: 0.1317, d1.loss_bbox: 0.2687, d2.loss_cls: 0.1051, d2.loss_bbox: 0.2583, d3.loss_cls: 0.0941, d3.loss_bbox: 0.2363, d4.loss_cls: 0.0878, d4.loss_bbox: 0.2335, loss: 2.3089, grad_norm: 24.8118
2025-06-26 02:31:43,966 - mmdet - INFO - Epoch [5][5850/7033]	lr: 2.508e-05, eta: 2:03:42, time: 0.804, data_time: 0.029, memory: 4350, loss_cls: 0.0930, loss_bbox: 0.2469, d0.loss_cls: 0.2198, d0.loss_bbox: 0.3932, d1.loss_cls: 0.1480, d1.loss_bbox: 0.2832, d2.loss_cls: 0.1183, d2.loss_bbox: 0.2713, d3.loss_cls: 0.1026, d3.loss_bbox: 0.2516, d4.loss_cls: 0.0964, d4.loss_bbox: 0.2475, loss: 2.4718, grad_norm: 25.3404
2025-06-26 02:32:24,433 - mmdet - INFO - Epoch [5][5900/7033]	lr: 2.508e-05, eta: 2:02:55, time: 0.809, data_time: 0.031, memory: 4350, loss_cls: 0.0924, loss_bbox: 0.2443, d0.loss_cls: 0.2072, d0.loss_bbox: 0.3825, d1.loss_cls: 0.1405, d1.loss_bbox: 0.2801, d2.loss_cls: 0.1150, d2.loss_bbox: 0.2671, d3.loss_cls: 0.1026, d3.loss_bbox: 0.2465, d4.loss_cls: 0.0943, d4.loss_bbox: 0.2444, loss: 2.4168, grad_norm: 34.0339
2025-06-26 02:33:04,886 - mmdet - INFO - Epoch [5][5950/7033]	lr: 2.508e-05, eta: 2:02:09, time: 0.809, data_time: 0.034, memory: 4350, loss_cls: 0.0879, loss_bbox: 0.2349, d0.loss_cls: 0.2040, d0.loss_bbox: 0.3755, d1.loss_cls: 0.1363, d1.loss_bbox: 0.2704, d2.loss_cls: 0.1080, d2.loss_bbox: 0.2591, d3.loss_cls: 0.0956, d3.loss_bbox: 0.2398, d4.loss_cls: 0.0893, d4.loss_bbox: 0.2358, loss: 2.3367, grad_norm: 54.9848
2025-06-26 02:33:45,257 - mmdet - INFO - Epoch [5][6000/7033]	lr: 2.508e-05, eta: 2:01:23, time: 0.807, data_time: 0.031, memory: 4350, loss_cls: 0.0887, loss_bbox: 0.2395, d0.loss_cls: 0.2014, d0.loss_bbox: 0.3725, d1.loss_cls: 0.1340, d1.loss_bbox: 0.2752, d2.loss_cls: 0.1097, d2.loss_bbox: 0.2630, d3.loss_cls: 0.0972, d3.loss_bbox: 0.2432, d4.loss_cls: 0.0900, d4.loss_bbox: 0.2403, loss: 2.3547, grad_norm: 25.2745
2025-06-26 02:34:25,380 - mmdet - INFO - Epoch [5][6050/7033]	lr: 2.508e-05, eta: 2:00:36, time: 0.803, data_time: 0.029, memory: 4350, loss_cls: 0.0804, loss_bbox: 0.2339, d0.loss_cls: 0.1968, d0.loss_bbox: 0.3769, d1.loss_cls: 0.1294, d1.loss_bbox: 0.2684, d2.loss_cls: 0.1009, d2.loss_bbox: 0.2574, d3.loss_cls: 0.0908, d3.loss_bbox: 0.2372, d4.loss_cls: 0.0815, d4.loss_bbox: 0.2346, loss: 2.2882, grad_norm: 31.9435
2025-06-26 02:35:05,586 - mmdet - INFO - Epoch [5][6100/7033]	lr: 2.508e-05, eta: 1:59:50, time: 0.804, data_time: 0.030, memory: 4350, loss_cls: 0.0896, loss_bbox: 0.2430, d0.loss_cls: 0.2044, d0.loss_bbox: 0.3752, d1.loss_cls: 0.1331, d1.loss_bbox: 0.2781, d2.loss_cls: 0.1078, d2.loss_bbox: 0.2674, d3.loss_cls: 0.0955, d3.loss_bbox: 0.2471, d4.loss_cls: 0.0911, d4.loss_bbox: 0.2428, loss: 2.3750, grad_norm: 24.0350
2025-06-26 02:35:45,811 - mmdet - INFO - Epoch [5][6150/7033]	lr: 2.508e-05, eta: 1:59:04, time: 0.804, data_time: 0.030, memory: 4350, loss_cls: 0.0986, loss_bbox: 0.2520, d0.loss_cls: 0.2161, d0.loss_bbox: 0.3918, d1.loss_cls: 0.1449, d1.loss_bbox: 0.2895, d2.loss_cls: 0.1173, d2.loss_bbox: 0.2771, d3.loss_cls: 0.1065, d3.loss_bbox: 0.2536, d4.loss_cls: 0.1005, d4.loss_bbox: 0.2513, loss: 2.4991, grad_norm: 19.8660
2025-06-26 02:36:25,942 - mmdet - INFO - Epoch [5][6200/7033]	lr: 2.508e-05, eta: 1:58:18, time: 0.803, data_time: 0.033, memory: 4350, loss_cls: 0.0849, loss_bbox: 0.2370, d0.loss_cls: 0.2071, d0.loss_bbox: 0.3711, d1.loss_cls: 0.1293, d1.loss_bbox: 0.2746, d2.loss_cls: 0.1054, d2.loss_bbox: 0.2604, d3.loss_cls: 0.0935, d3.loss_bbox: 0.2414, d4.loss_cls: 0.0866, d4.loss_bbox: 0.2379, loss: 2.3292, grad_norm: 21.4467
2025-06-26 02:37:06,556 - mmdet - INFO - Epoch [5][6250/7033]	lr: 2.508e-05, eta: 1:57:31, time: 0.812, data_time: 0.030, memory: 4350, loss_cls: 0.0911, loss_bbox: 0.2439, d0.loss_cls: 0.2073, d0.loss_bbox: 0.3807, d1.loss_cls: 0.1369, d1.loss_bbox: 0.2797, d2.loss_cls: 0.1102, d2.loss_bbox: 0.2682, d3.loss_cls: 0.0985, d3.loss_bbox: 0.2481, d4.loss_cls: 0.0932, d4.loss_bbox: 0.2438, loss: 2.4017, grad_norm: 36.9292
2025-06-26 02:37:46,365 - mmdet - INFO - Epoch [5][6300/7033]	lr: 2.508e-05, eta: 1:56:45, time: 0.796, data_time: 0.030, memory: 4350, loss_cls: 0.0916, loss_bbox: 0.2433, d0.loss_cls: 0.2027, d0.loss_bbox: 0.3688, d1.loss_cls: 0.1344, d1.loss_bbox: 0.2753, d2.loss_cls: 0.1107, d2.loss_bbox: 0.2658, d3.loss_cls: 0.1004, d3.loss_bbox: 0.2457, d4.loss_cls: 0.0935, d4.loss_bbox: 0.2441, loss: 2.3763, grad_norm: 24.7372
2025-06-26 02:38:26,509 - mmdet - INFO - Epoch [5][6350/7033]	lr: 2.508e-05, eta: 1:55:59, time: 0.803, data_time: 0.031, memory: 4350, loss_cls: 0.0870, loss_bbox: 0.2386, d0.loss_cls: 0.2105, d0.loss_bbox: 0.3786, d1.loss_cls: 0.1334, d1.loss_bbox: 0.2738, d2.loss_cls: 0.1079, d2.loss_bbox: 0.2615, d3.loss_cls: 0.0963, d3.loss_bbox: 0.2427, d4.loss_cls: 0.0892, d4.loss_bbox: 0.2394, loss: 2.3590, grad_norm: 21.4123
2025-06-26 02:39:06,771 - mmdet - INFO - Epoch [5][6400/7033]	lr: 2.508e-05, eta: 1:55:13, time: 0.805, data_time: 0.033, memory: 4350, loss_cls: 0.0916, loss_bbox: 0.2317, d0.loss_cls: 0.2089, d0.loss_bbox: 0.3690, d1.loss_cls: 0.1383, d1.loss_bbox: 0.2679, d2.loss_cls: 0.1112, d2.loss_bbox: 0.2563, d3.loss_cls: 0.0993, d3.loss_bbox: 0.2348, d4.loss_cls: 0.0934, d4.loss_bbox: 0.2327, loss: 2.3352, grad_norm: 21.8592
2025-06-26 02:39:47,015 - mmdet - INFO - Epoch [5][6450/7033]	lr: 2.508e-05, eta: 1:54:27, time: 0.805, data_time: 0.032, memory: 4350, loss_cls: 0.0893, loss_bbox: 0.2373, d0.loss_cls: 0.2040, d0.loss_bbox: 0.3827, d1.loss_cls: 0.1347, d1.loss_bbox: 0.2786, d2.loss_cls: 0.1101, d2.loss_bbox: 0.2645, d3.loss_cls: 0.0971, d3.loss_bbox: 0.2418, d4.loss_cls: 0.0915, d4.loss_bbox: 0.2374, loss: 2.3690, grad_norm: 26.8559
2025-06-26 02:40:27,332 - mmdet - INFO - Epoch [5][6500/7033]	lr: 2.508e-05, eta: 1:53:40, time: 0.806, data_time: 0.030, memory: 4350, loss_cls: 0.0900, loss_bbox: 0.2385, d0.loss_cls: 0.2053, d0.loss_bbox: 0.3788, d1.loss_cls: 0.1385, d1.loss_bbox: 0.2758, d2.loss_cls: 0.1097, d2.loss_bbox: 0.2637, d3.loss_cls: 0.0997, d3.loss_bbox: 0.2432, d4.loss_cls: 0.0919, d4.loss_bbox: 0.2401, loss: 2.3752, grad_norm: 27.6345
2025-06-26 02:41:07,471 - mmdet - INFO - Epoch [5][6550/7033]	lr: 2.508e-05, eta: 1:52:54, time: 0.803, data_time: 0.031, memory: 4350, loss_cls: 0.0828, loss_bbox: 0.2372, d0.loss_cls: 0.1969, d0.loss_bbox: 0.3749, d1.loss_cls: 0.1333, d1.loss_bbox: 0.2707, d2.loss_cls: 0.1060, d2.loss_bbox: 0.2599, d3.loss_cls: 0.0925, d3.loss_bbox: 0.2412, d4.loss_cls: 0.0846, d4.loss_bbox: 0.2382, loss: 2.3182, grad_norm: 22.4692
2025-06-26 02:41:48,219 - mmdet - INFO - Epoch [5][6600/7033]	lr: 2.508e-05, eta: 1:52:08, time: 0.815, data_time: 0.036, memory: 4350, loss_cls: 0.0805, loss_bbox: 0.2447, d0.loss_cls: 0.2080, d0.loss_bbox: 0.3843, d1.loss_cls: 0.1322, d1.loss_bbox: 0.2796, d2.loss_cls: 0.1050, d2.loss_bbox: 0.2672, d3.loss_cls: 0.0908, d3.loss_bbox: 0.2475, d4.loss_cls: 0.0818, d4.loss_bbox: 0.2459, loss: 2.3675, grad_norm: 25.2613
2025-06-26 02:42:28,294 - mmdet - INFO - Epoch [5][6650/7033]	lr: 2.508e-05, eta: 1:51:22, time: 0.802, data_time: 0.031, memory: 4350, loss_cls: 0.0877, loss_bbox: 0.2360, d0.loss_cls: 0.2097, d0.loss_bbox: 0.3750, d1.loss_cls: 0.1361, d1.loss_bbox: 0.2718, d2.loss_cls: 0.1071, d2.loss_bbox: 0.2603, d3.loss_cls: 0.0960, d3.loss_bbox: 0.2408, d4.loss_cls: 0.0887, d4.loss_bbox: 0.2379, loss: 2.3471, grad_norm: 20.5568
2025-06-26 02:43:08,692 - mmdet - INFO - Epoch [5][6700/7033]	lr: 2.508e-05, eta: 1:50:36, time: 0.808, data_time: 0.030, memory: 4350, loss_cls: 0.0914, loss_bbox: 0.2389, d0.loss_cls: 0.2138, d0.loss_bbox: 0.3771, d1.loss_cls: 0.1417, d1.loss_bbox: 0.2741, d2.loss_cls: 0.1124, d2.loss_bbox: 0.2642, d3.loss_cls: 0.0997, d3.loss_bbox: 0.2435, d4.loss_cls: 0.0942, d4.loss_bbox: 0.2396, loss: 2.3908, grad_norm: 17.0278
2025-06-26 02:43:49,058 - mmdet - INFO - Epoch [5][6750/7033]	lr: 2.508e-05, eta: 1:49:50, time: 0.807, data_time: 0.031, memory: 4350, loss_cls: 0.0755, loss_bbox: 0.2342, d0.loss_cls: 0.2053, d0.loss_bbox: 0.3656, d1.loss_cls: 0.1300, d1.loss_bbox: 0.2656, d2.loss_cls: 0.1007, d2.loss_bbox: 0.2554, d3.loss_cls: 0.0872, d3.loss_bbox: 0.2366, d4.loss_cls: 0.0787, d4.loss_bbox: 0.2346, loss: 2.2695, grad_norm: 26.3506
2025-06-26 02:44:29,252 - mmdet - INFO - Epoch [5][6800/7033]	lr: 2.508e-05, eta: 1:49:04, time: 0.804, data_time: 0.031, memory: 4350, loss_cls: 0.0895, loss_bbox: 0.2427, d0.loss_cls: 0.2118, d0.loss_bbox: 0.3814, d1.loss_cls: 0.1374, d1.loss_bbox: 0.2777, d2.loss_cls: 0.1119, d2.loss_bbox: 0.2637, d3.loss_cls: 0.1008, d3.loss_bbox: 0.2448, d4.loss_cls: 0.0924, d4.loss_bbox: 0.2421, loss: 2.3961, grad_norm: 20.9069
2025-06-26 02:45:09,557 - mmdet - INFO - Epoch [5][6850/7033]	lr: 2.508e-05, eta: 1:48:18, time: 0.806, data_time: 0.030, memory: 4350, loss_cls: 0.0961, loss_bbox: 0.2443, d0.loss_cls: 0.2099, d0.loss_bbox: 0.3827, d1.loss_cls: 0.1411, d1.loss_bbox: 0.2832, d2.loss_cls: 0.1163, d2.loss_bbox: 0.2711, d3.loss_cls: 0.1047, d3.loss_bbox: 0.2495, d4.loss_cls: 0.0981, d4.loss_bbox: 0.2447, loss: 2.4416, grad_norm: 23.1831
2025-06-26 02:45:49,788 - mmdet - INFO - Epoch [5][6900/7033]	lr: 2.508e-05, eta: 1:47:32, time: 0.804, data_time: 0.034, memory: 4350, loss_cls: 0.0857, loss_bbox: 0.2428, d0.loss_cls: 0.2106, d0.loss_bbox: 0.3678, d1.loss_cls: 0.1324, d1.loss_bbox: 0.2731, d2.loss_cls: 0.1080, d2.loss_bbox: 0.2622, d3.loss_cls: 0.0952, d3.loss_bbox: 0.2457, d4.loss_cls: 0.0875, d4.loss_bbox: 0.2438, loss: 2.3547, grad_norm: 33.8072
2025-06-26 02:46:30,197 - mmdet - INFO - Epoch [5][6950/7033]	lr: 2.508e-05, eta: 1:46:46, time: 0.808, data_time: 0.032, memory: 4350, loss_cls: 0.0907, loss_bbox: 0.2420, d0.loss_cls: 0.2090, d0.loss_bbox: 0.3769, d1.loss_cls: 0.1389, d1.loss_bbox: 0.2761, d2.loss_cls: 0.1139, d2.loss_bbox: 0.2631, d3.loss_cls: 0.0994, d3.loss_bbox: 0.2451, d4.loss_cls: 0.0932, d4.loss_bbox: 0.2417, loss: 2.3901, grad_norm: 35.3225
2025-06-26 02:47:10,402 - mmdet - INFO - Epoch [5][7000/7033]	lr: 2.508e-05, eta: 1:46:00, time: 0.804, data_time: 0.031, memory: 4350, loss_cls: 0.0945, loss_bbox: 0.2420, d0.loss_cls: 0.2063, d0.loss_bbox: 0.3753, d1.loss_cls: 0.1424, d1.loss_bbox: 0.2734, d2.loss_cls: 0.1152, d2.loss_bbox: 0.2620, d3.loss_cls: 0.1043, d3.loss_bbox: 0.2436, d4.loss_cls: 0.0977, d4.loss_bbox: 0.2417, loss: 2.3985, grad_norm: 19.7200
2025-06-26 02:47:37,178 - mmdet - INFO - Saving checkpoint at 5 epochs
2025-06-26 03:13:41,731 - mmdet - INFO - Exp name: lidar_0075v_cam_res101.py
2025-06-26 03:13:41,731 - mmdet - INFO - Epoch(val) [5][3010]	pts_bbox_NuScenes/car_AP_dist_0.5: 0.7565, pts_bbox_NuScenes/car_AP_dist_1.0: 0.8594, pts_bbox_NuScenes/car_AP_dist_2.0: 0.8916, pts_bbox_NuScenes/car_AP_dist_4.0: 0.9101, pts_bbox_NuScenes/car_trans_err: 0.1883, pts_bbox_NuScenes/car_scale_err: 0.1526, pts_bbox_NuScenes/car_orient_err: 0.0503, pts_bbox_NuScenes/car_vel_err: 0.3954, pts_bbox_NuScenes/car_attr_err: 0.1841, pts_bbox_NuScenes/mATE: 0.3302, pts_bbox_NuScenes/mASE: 0.2694, pts_bbox_NuScenes/mAOE: 0.2765, pts_bbox_NuScenes/mAVE: 0.3836, pts_bbox_NuScenes/mAAE: 0.1852, pts_bbox_NuScenes/truck_AP_dist_0.5: 0.3976, pts_bbox_NuScenes/truck_AP_dist_1.0: 0.5880, pts_bbox_NuScenes/truck_AP_dist_2.0: 0.7058, pts_bbox_NuScenes/truck_AP_dist_4.0: 0.7456, pts_bbox_NuScenes/truck_trans_err: 0.3569, pts_bbox_NuScenes/truck_scale_err: 0.2122, pts_bbox_NuScenes/truck_orient_err: 0.0597, pts_bbox_NuScenes/truck_vel_err: 0.3820, pts_bbox_NuScenes/truck_attr_err: 0.2111, pts_bbox_NuScenes/construction_vehicle_AP_dist_0.5: 0.0178, pts_bbox_NuScenes/construction_vehicle_AP_dist_1.0: 0.1383, pts_bbox_NuScenes/construction_vehicle_AP_dist_2.0: 0.3858, pts_bbox_NuScenes/construction_vehicle_AP_dist_4.0: 0.4475, pts_bbox_NuScenes/construction_vehicle_trans_err: 0.8186, pts_bbox_NuScenes/construction_vehicle_scale_err: 0.4642, pts_bbox_NuScenes/construction_vehicle_orient_err: 0.9053, pts_bbox_NuScenes/construction_vehicle_vel_err: 0.1146, pts_bbox_NuScenes/construction_vehicle_attr_err: 0.3005, pts_bbox_NuScenes/bus_AP_dist_0.5: 0.5082, pts_bbox_NuScenes/bus_AP_dist_1.0: 0.7284, pts_bbox_NuScenes/bus_AP_dist_2.0: 0.8577, pts_bbox_NuScenes/bus_AP_dist_4.0: 0.8961, pts_bbox_NuScenes/bus_trans_err: 0.3396, pts_bbox_NuScenes/bus_scale_err: 0.2007, pts_bbox_NuScenes/bus_orient_err: 0.0589, pts_bbox_NuScenes/bus_vel_err: 0.6477, pts_bbox_NuScenes/bus_attr_err: 0.2747, pts_bbox_NuScenes/trailer_AP_dist_0.5: 0.0953, pts_bbox_NuScenes/trailer_AP_dist_1.0: 0.3077, pts_bbox_NuScenes/trailer_AP_dist_2.0: 0.5146, pts_bbox_NuScenes/trailer_AP_dist_4.0: 0.6341, pts_bbox_NuScenes/trailer_trans_err: 0.5918, pts_bbox_NuScenes/trailer_scale_err: 0.2389, pts_bbox_NuScenes/trailer_orient_err: 0.4820, pts_bbox_NuScenes/trailer_vel_err: 0.3860, pts_bbox_NuScenes/trailer_attr_err: 0.1587, pts_bbox_NuScenes/barrier_AP_dist_0.5: 0.5393, pts_bbox_NuScenes/barrier_AP_dist_1.0: 0.6607, pts_bbox_NuScenes/barrier_AP_dist_2.0: 0.7302, pts_bbox_NuScenes/barrier_AP_dist_4.0: 0.7554, pts_bbox_NuScenes/barrier_trans_err: 0.2437, pts_bbox_NuScenes/barrier_scale_err: 0.2810, pts_bbox_NuScenes/barrier_orient_err: 0.0632, pts_bbox_NuScenes/barrier_vel_err: nan, pts_bbox_NuScenes/barrier_attr_err: nan, pts_bbox_NuScenes/motorcycle_AP_dist_0.5: 0.5927, pts_bbox_NuScenes/motorcycle_AP_dist_1.0: 0.7383, pts_bbox_NuScenes/motorcycle_AP_dist_2.0: 0.7731, pts_bbox_NuScenes/motorcycle_AP_dist_4.0: 0.7862, pts_bbox_NuScenes/motorcycle_trans_err: 0.2303, pts_bbox_NuScenes/motorcycle_scale_err: 0.2509, pts_bbox_NuScenes/motorcycle_orient_err: 0.2412, pts_bbox_NuScenes/motorcycle_vel_err: 0.6385, pts_bbox_NuScenes/motorcycle_attr_err: 0.2305, pts_bbox_NuScenes/bicycle_AP_dist_0.5: 0.5113, pts_bbox_NuScenes/bicycle_AP_dist_1.0: 0.5765, pts_bbox_NuScenes/bicycle_AP_dist_2.0: 0.5903, pts_bbox_NuScenes/bicycle_AP_dist_4.0: 0.6030, pts_bbox_NuScenes/bicycle_trans_err: 0.1946, pts_bbox_NuScenes/bicycle_scale_err: 0.2685, pts_bbox_NuScenes/bicycle_orient_err: 0.3034, pts_bbox_NuScenes/bicycle_vel_err: 0.2584, pts_bbox_NuScenes/bicycle_attr_err: 0.0075, pts_bbox_NuScenes/pedestrian_AP_dist_0.5: 0.7635, pts_bbox_NuScenes/pedestrian_AP_dist_1.0: 0.8194, pts_bbox_NuScenes/pedestrian_AP_dist_2.0: 0.8509, pts_bbox_NuScenes/pedestrian_AP_dist_4.0: 0.8687, pts_bbox_NuScenes/pedestrian_trans_err: 0.1703, pts_bbox_NuScenes/pedestrian_scale_err: 0.2991, pts_bbox_NuScenes/pedestrian_orient_err: 0.3248, pts_bbox_NuScenes/pedestrian_vel_err: 0.2459, pts_bbox_NuScenes/pedestrian_attr_err: 0.1143, pts_bbox_NuScenes/traffic_cone_AP_dist_0.5: 0.6753, pts_bbox_NuScenes/traffic_cone_AP_dist_1.0: 0.7189, pts_bbox_NuScenes/traffic_cone_AP_dist_2.0: 0.7608, pts_bbox_NuScenes/traffic_cone_AP_dist_4.0: 0.7954, pts_bbox_NuScenes/traffic_cone_trans_err: 0.1680, pts_bbox_NuScenes/traffic_cone_scale_err: 0.3260, pts_bbox_NuScenes/traffic_cone_orient_err: nan, pts_bbox_NuScenes/traffic_cone_vel_err: nan, pts_bbox_NuScenes/traffic_cone_attr_err: nan, pts_bbox_NuScenes/NDS: 0.6742, pts_bbox_NuScenes/mAP: 0.6374
2025-06-26 03:14:30,774 - mmdet - INFO - Epoch [6][50/7033]	lr: 6.792e-06, eta: 1:44:39, time: 0.894, data_time: 0.116, memory: 4350, loss_cls: 0.0858, loss_bbox: 0.2437, d0.loss_cls: 0.2007, d0.loss_bbox: 0.3848, d1.loss_cls: 0.1371, d1.loss_bbox: 0.2797, d2.loss_cls: 0.1065, d2.loss_bbox: 0.2693, d3.loss_cls: 0.0950, d3.loss_bbox: 0.2493, d4.loss_cls: 0.0874, d4.loss_bbox: 0.2455, loss: 2.3850, grad_norm: 18.2153
2025-06-26 03:15:10,897 - mmdet - INFO - Epoch [6][100/7033]	lr: 6.792e-06, eta: 1:43:53, time: 0.802, data_time: 0.030, memory: 4350, loss_cls: 0.0893, loss_bbox: 0.2437, d0.loss_cls: 0.2101, d0.loss_bbox: 0.3814, d1.loss_cls: 0.1382, d1.loss_bbox: 0.2785, d2.loss_cls: 0.1100, d2.loss_bbox: 0.2679, d3.loss_cls: 0.0979, d3.loss_bbox: 0.2476, d4.loss_cls: 0.0915, d4.loss_bbox: 0.2438, loss: 2.3997, grad_norm: 40.6490
2025-06-26 03:15:51,223 - mmdet - INFO - Epoch [6][150/7033]	lr: 6.792e-06, eta: 1:43:08, time: 0.806, data_time: 0.028, memory: 4350, loss_cls: 0.0900, loss_bbox: 0.2395, d0.loss_cls: 0.2090, d0.loss_bbox: 0.3792, d1.loss_cls: 0.1379, d1.loss_bbox: 0.2736, d2.loss_cls: 0.1089, d2.loss_bbox: 0.2635, d3.loss_cls: 0.0994, d3.loss_bbox: 0.2416, d4.loss_cls: 0.0921, d4.loss_bbox: 0.2393, loss: 2.3741, grad_norm: 21.2116
2025-06-26 03:16:31,134 - mmdet - INFO - Epoch [6][200/7033]	lr: 6.792e-06, eta: 1:42:22, time: 0.798, data_time: 0.027, memory: 4350, loss_cls: 0.0983, loss_bbox: 0.2463, d0.loss_cls: 0.2119, d0.loss_bbox: 0.3830, d1.loss_cls: 0.1415, d1.loss_bbox: 0.2823, d2.loss_cls: 0.1189, d2.loss_bbox: 0.2695, d3.loss_cls: 0.1045, d3.loss_bbox: 0.2521, d4.loss_cls: 0.0997, d4.loss_bbox: 0.2479, loss: 2.4559, grad_norm: 30.9657
2025-06-26 03:17:11,502 - mmdet - INFO - Epoch [6][250/7033]	lr: 6.792e-06, eta: 1:41:36, time: 0.807, data_time: 0.031, memory: 4350, loss_cls: 0.0849, loss_bbox: 0.2301, d0.loss_cls: 0.1933, d0.loss_bbox: 0.3655, d1.loss_cls: 0.1288, d1.loss_bbox: 0.2660, d2.loss_cls: 0.1040, d2.loss_bbox: 0.2528, d3.loss_cls: 0.0919, d3.loss_bbox: 0.2339, d4.loss_cls: 0.0871, d4.loss_bbox: 0.2302, loss: 2.2685, grad_norm: 18.6306
2025-06-26 03:17:52,127 - mmdet - INFO - Epoch [6][300/7033]	lr: 6.792e-06, eta: 1:40:50, time: 0.813, data_time: 0.031, memory: 4350, loss_cls: 0.0845, loss_bbox: 0.2337, d0.loss_cls: 0.2071, d0.loss_bbox: 0.3619, d1.loss_cls: 0.1329, d1.loss_bbox: 0.2664, d2.loss_cls: 0.1046, d2.loss_bbox: 0.2546, d3.loss_cls: 0.0947, d3.loss_bbox: 0.2359, d4.loss_cls: 0.0885, d4.loss_bbox: 0.2336, loss: 2.2983, grad_norm: 16.9564
2025-06-26 03:18:34,243 - mmdet - INFO - Epoch [6][350/7033]	lr: 6.792e-06, eta: 1:40:05, time: 0.842, data_time: 0.073, memory: 4350, loss_cls: 0.0832, loss_bbox: 0.2362, d0.loss_cls: 0.1986, d0.loss_bbox: 0.3770, d1.loss_cls: 0.1298, d1.loss_bbox: 0.2741, d2.loss_cls: 0.1029, d2.loss_bbox: 0.2617, d3.loss_cls: 0.0909, d3.loss_bbox: 0.2426, d4.loss_cls: 0.0857, d4.loss_bbox: 0.2372, loss: 2.3199, grad_norm: 17.1563
2025-06-26 03:19:14,681 - mmdet - INFO - Epoch [6][400/7033]	lr: 6.792e-06, eta: 1:39:19, time: 0.809, data_time: 0.034, memory: 4350, loss_cls: 0.0961, loss_bbox: 0.2428, d0.loss_cls: 0.2113, d0.loss_bbox: 0.3845, d1.loss_cls: 0.1421, d1.loss_bbox: 0.2817, d2.loss_cls: 0.1153, d2.loss_bbox: 0.2681, d3.loss_cls: 0.1048, d3.loss_bbox: 0.2461, d4.loss_cls: 0.0984, d4.loss_bbox: 0.2438, loss: 2.4350, grad_norm: 26.3273
2025-06-26 03:19:55,445 - mmdet - INFO - Epoch [6][450/7033]	lr: 6.792e-06, eta: 1:38:33, time: 0.815, data_time: 0.036, memory: 4350, loss_cls: 0.0965, loss_bbox: 0.2503, d0.loss_cls: 0.2154, d0.loss_bbox: 0.3929, d1.loss_cls: 0.1433, d1.loss_bbox: 0.2905, d2.loss_cls: 0.1152, d2.loss_bbox: 0.2766, d3.loss_cls: 0.1046, d3.loss_bbox: 0.2570, d4.loss_cls: 0.0988, d4.loss_bbox: 0.2516, loss: 2.4928, grad_norm: 38.6276
2025-06-26 03:20:36,067 - mmdet - INFO - Epoch [6][500/7033]	lr: 6.792e-06, eta: 1:37:48, time: 0.813, data_time: 0.035, memory: 4350, loss_cls: 0.0831, loss_bbox: 0.2409, d0.loss_cls: 0.2037, d0.loss_bbox: 0.3810, d1.loss_cls: 0.1356, d1.loss_bbox: 0.2738, d2.loss_cls: 0.1078, d2.loss_bbox: 0.2612, d3.loss_cls: 0.0936, d3.loss_bbox: 0.2442, d4.loss_cls: 0.0855, d4.loss_bbox: 0.2411, loss: 2.3515, grad_norm: 28.6049
2025-06-26 03:21:16,535 - mmdet - INFO - Epoch [6][550/7033]	lr: 6.792e-06, eta: 1:37:02, time: 0.809, data_time: 0.032, memory: 4350, loss_cls: 0.0986, loss_bbox: 0.2453, d0.loss_cls: 0.2146, d0.loss_bbox: 0.3828, d1.loss_cls: 0.1448, d1.loss_bbox: 0.2808, d2.loss_cls: 0.1181, d2.loss_bbox: 0.2686, d3.loss_cls: 0.1080, d3.loss_bbox: 0.2485, d4.loss_cls: 0.1011, d4.loss_bbox: 0.2452, loss: 2.4564, grad_norm: 50.5111
2025-06-26 03:21:56,868 - mmdet - INFO - Epoch [6][600/7033]	lr: 6.792e-06, eta: 1:36:16, time: 0.807, data_time: 0.033, memory: 4350, loss_cls: 0.0906, loss_bbox: 0.2408, d0.loss_cls: 0.2058, d0.loss_bbox: 0.3712, d1.loss_cls: 0.1419, d1.loss_bbox: 0.2750, d2.loss_cls: 0.1117, d2.loss_bbox: 0.2648, d3.loss_cls: 0.1001, d3.loss_bbox: 0.2447, d4.loss_cls: 0.0930, d4.loss_bbox: 0.2415, loss: 2.3813, grad_norm: 53.9277
2025-06-26 03:22:37,138 - mmdet - INFO - Epoch [6][650/7033]	lr: 6.792e-06, eta: 1:35:30, time: 0.806, data_time: 0.033, memory: 4350, loss_cls: 0.0825, loss_bbox: 0.2282, d0.loss_cls: 0.2061, d0.loss_bbox: 0.3648, d1.loss_cls: 0.1330, d1.loss_bbox: 0.2610, d2.loss_cls: 0.1051, d2.loss_bbox: 0.2503, d3.loss_cls: 0.0932, d3.loss_bbox: 0.2315, d4.loss_cls: 0.0859, d4.loss_bbox: 0.2278, loss: 2.2694, grad_norm: 59.9851
2025-06-26 03:23:17,832 - mmdet - INFO - Epoch [6][700/7033]	lr: 6.792e-06, eta: 1:34:45, time: 0.814, data_time: 0.035, memory: 4350, loss_cls: 0.0837, loss_bbox: 0.2297, d0.loss_cls: 0.2012, d0.loss_bbox: 0.3659, d1.loss_cls: 0.1309, d1.loss_bbox: 0.2646, d2.loss_cls: 0.1035, d2.loss_bbox: 0.2528, d3.loss_cls: 0.0925, d3.loss_bbox: 0.2338, d4.loss_cls: 0.0855, d4.loss_bbox: 0.2314, loss: 2.2755, grad_norm: 18.3446
2025-06-26 03:23:58,640 - mmdet - INFO - Epoch [6][750/7033]	lr: 6.792e-06, eta: 1:33:59, time: 0.816, data_time: 0.038, memory: 4350, loss_cls: 0.0843, loss_bbox: 0.2389, d0.loss_cls: 0.2000, d0.loss_bbox: 0.3714, d1.loss_cls: 0.1323, d1.loss_bbox: 0.2738, d2.loss_cls: 0.1052, d2.loss_bbox: 0.2628, d3.loss_cls: 0.0940, d3.loss_bbox: 0.2426, d4.loss_cls: 0.0875, d4.loss_bbox: 0.2381, loss: 2.3309, grad_norm: 23.8510
2025-06-26 03:24:39,289 - mmdet - INFO - Epoch [6][800/7033]	lr: 6.792e-06, eta: 1:33:13, time: 0.813, data_time: 0.035, memory: 4350, loss_cls: 0.0852, loss_bbox: 0.2377, d0.loss_cls: 0.1992, d0.loss_bbox: 0.3753, d1.loss_cls: 0.1324, d1.loss_bbox: 0.2730, d2.loss_cls: 0.1059, d2.loss_bbox: 0.2602, d3.loss_cls: 0.0944, d3.loss_bbox: 0.2423, d4.loss_cls: 0.0873, d4.loss_bbox: 0.2381, loss: 2.3310, grad_norm: 34.5434
2025-06-26 03:25:19,901 - mmdet - INFO - Epoch [6][850/7033]	lr: 6.792e-06, eta: 1:32:28, time: 0.812, data_time: 0.036, memory: 4350, loss_cls: 0.0855, loss_bbox: 0.2346, d0.loss_cls: 0.2155, d0.loss_bbox: 0.3612, d1.loss_cls: 0.1347, d1.loss_bbox: 0.2655, d2.loss_cls: 0.1077, d2.loss_bbox: 0.2568, d3.loss_cls: 0.0949, d3.loss_bbox: 0.2381, d4.loss_cls: 0.0875, d4.loss_bbox: 0.2352, loss: 2.3173, grad_norm: 29.2421
2025-06-26 03:26:01,061 - mmdet - INFO - Epoch [6][900/7033]	lr: 6.792e-06, eta: 1:31:42, time: 0.823, data_time: 0.039, memory: 4350, loss_cls: 0.0874, loss_bbox: 0.2321, d0.loss_cls: 0.2027, d0.loss_bbox: 0.3718, d1.loss_cls: 0.1346, d1.loss_bbox: 0.2704, d2.loss_cls: 0.1083, d2.loss_bbox: 0.2562, d3.loss_cls: 0.0964, d3.loss_bbox: 0.2372, d4.loss_cls: 0.0902, d4.loss_bbox: 0.2334, loss: 2.3208, grad_norm: 18.5648
2025-06-26 03:26:41,370 - mmdet - INFO - Epoch [6][950/7033]	lr: 6.792e-06, eta: 1:30:57, time: 0.806, data_time: 0.035, memory: 4350, loss_cls: 0.0903, loss_bbox: 0.2364, d0.loss_cls: 0.2080, d0.loss_bbox: 0.3744, d1.loss_cls: 0.1369, d1.loss_bbox: 0.2705, d2.loss_cls: 0.1110, d2.loss_bbox: 0.2604, d3.loss_cls: 0.0980, d3.loss_bbox: 0.2399, d4.loss_cls: 0.0928, d4.loss_bbox: 0.2372, loss: 2.3557, grad_norm: 16.1237
2025-06-26 03:27:22,031 - mmdet - INFO - Epoch [6][1000/7033]	lr: 6.792e-06, eta: 1:30:11, time: 0.813, data_time: 0.036, memory: 4350, loss_cls: 0.0780, loss_bbox: 0.2292, d0.loss_cls: 0.2013, d0.loss_bbox: 0.3610, d1.loss_cls: 0.1276, d1.loss_bbox: 0.2635, d2.loss_cls: 0.0995, d2.loss_bbox: 0.2523, d3.loss_cls: 0.0879, d3.loss_bbox: 0.2339, d4.loss_cls: 0.0800, d4.loss_bbox: 0.2297, loss: 2.2438, grad_norm: 16.6393
2025-06-26 03:28:02,705 - mmdet - INFO - Epoch [6][1050/7033]	lr: 6.792e-06, eta: 1:29:26, time: 0.813, data_time: 0.034, memory: 4350, loss_cls: 0.0857, loss_bbox: 0.2436, d0.loss_cls: 0.2066, d0.loss_bbox: 0.3810, d1.loss_cls: 0.1370, d1.loss_bbox: 0.2792, d2.loss_cls: 0.1079, d2.loss_bbox: 0.2672, d3.loss_cls: 0.0950, d3.loss_bbox: 0.2462, d4.loss_cls: 0.0886, d4.loss_bbox: 0.2440, loss: 2.3820, grad_norm: 21.2090
2025-06-26 03:28:43,099 - mmdet - INFO - Epoch [6][1100/7033]	lr: 6.792e-06, eta: 1:28:40, time: 0.808, data_time: 0.036, memory: 4350, loss_cls: 0.0815, loss_bbox: 0.2373, d0.loss_cls: 0.2052, d0.loss_bbox: 0.3797, d1.loss_cls: 0.1348, d1.loss_bbox: 0.2739, d2.loss_cls: 0.1031, d2.loss_bbox: 0.2612, d3.loss_cls: 0.0899, d3.loss_bbox: 0.2404, d4.loss_cls: 0.0847, d4.loss_bbox: 0.2373, loss: 2.3289, grad_norm: 39.0239
2025-06-26 03:29:23,575 - mmdet - INFO - Epoch [6][1150/7033]	lr: 6.792e-06, eta: 1:27:55, time: 0.810, data_time: 0.033, memory: 4350, loss_cls: 0.0913, loss_bbox: 0.2411, d0.loss_cls: 0.2036, d0.loss_bbox: 0.3709, d1.loss_cls: 0.1350, d1.loss_bbox: 0.2790, d2.loss_cls: 0.1100, d2.loss_bbox: 0.2680, d3.loss_cls: 0.0981, d3.loss_bbox: 0.2474, d4.loss_cls: 0.0924, d4.loss_bbox: 0.2425, loss: 2.3793, grad_norm: 21.5522
2025-06-26 03:30:04,293 - mmdet - INFO - Epoch [6][1200/7033]	lr: 6.792e-06, eta: 1:27:09, time: 0.814, data_time: 0.035, memory: 4350, loss_cls: 0.0909, loss_bbox: 0.2347, d0.loss_cls: 0.2119, d0.loss_bbox: 0.3723, d1.loss_cls: 0.1374, d1.loss_bbox: 0.2694, d2.loss_cls: 0.1115, d2.loss_bbox: 0.2577, d3.loss_cls: 0.0993, d3.loss_bbox: 0.2379, d4.loss_cls: 0.0930, d4.loss_bbox: 0.2353, loss: 2.3513, grad_norm: 17.0391
2025-06-26 03:30:45,983 - mmdet - INFO - Epoch [6][1250/7033]	lr: 6.792e-06, eta: 1:26:24, time: 0.834, data_time: 0.038, memory: 4350, loss_cls: 0.0878, loss_bbox: 0.2402, d0.loss_cls: 0.2010, d0.loss_bbox: 0.3732, d1.loss_cls: 0.1369, d1.loss_bbox: 0.2757, d2.loss_cls: 0.1060, d2.loss_bbox: 0.2649, d3.loss_cls: 0.0961, d3.loss_bbox: 0.2452, d4.loss_cls: 0.0891, d4.loss_bbox: 0.2414, loss: 2.3575, grad_norm: 36.1032
2025-06-26 03:31:26,201 - mmdet - INFO - Epoch [6][1300/7033]	lr: 6.792e-06, eta: 1:25:38, time: 0.804, data_time: 0.030, memory: 4350, loss_cls: 0.0846, loss_bbox: 0.2454, d0.loss_cls: 0.2072, d0.loss_bbox: 0.3838, d1.loss_cls: 0.1370, d1.loss_bbox: 0.2797, d2.loss_cls: 0.1056, d2.loss_bbox: 0.2706, d3.loss_cls: 0.0949, d3.loss_bbox: 0.2510, d4.loss_cls: 0.0869, d4.loss_bbox: 0.2466, loss: 2.3934, grad_norm: 30.4875
2025-06-26 03:32:06,585 - mmdet - INFO - Epoch [6][1350/7033]	lr: 6.792e-06, eta: 1:24:53, time: 0.808, data_time: 0.034, memory: 4350, loss_cls: 0.0860, loss_bbox: 0.2342, d0.loss_cls: 0.1996, d0.loss_bbox: 0.3712, d1.loss_cls: 0.1353, d1.loss_bbox: 0.2719, d2.loss_cls: 0.1061, d2.loss_bbox: 0.2582, d3.loss_cls: 0.0933, d3.loss_bbox: 0.2396, d4.loss_cls: 0.0876, d4.loss_bbox: 0.2352, loss: 2.3182, grad_norm: 14.0960
2025-06-26 03:32:47,724 - mmdet - INFO - Epoch [6][1400/7033]	lr: 6.792e-06, eta: 1:24:07, time: 0.823, data_time: 0.034, memory: 4350, loss_cls: 0.0848, loss_bbox: 0.2444, d0.loss_cls: 0.2053, d0.loss_bbox: 0.3792, d1.loss_cls: 0.1373, d1.loss_bbox: 0.2769, d2.loss_cls: 0.1061, d2.loss_bbox: 0.2690, d3.loss_cls: 0.0931, d3.loss_bbox: 0.2480, d4.loss_cls: 0.0869, d4.loss_bbox: 0.2451, loss: 2.3761, grad_norm: 41.1824
2025-06-26 03:33:27,904 - mmdet - INFO - Epoch [6][1450/7033]	lr: 6.792e-06, eta: 1:23:22, time: 0.804, data_time: 0.031, memory: 4350, loss_cls: 0.0800, loss_bbox: 0.2310, d0.loss_cls: 0.1951, d0.loss_bbox: 0.3708, d1.loss_cls: 0.1313, d1.loss_bbox: 0.2701, d2.loss_cls: 0.1037, d2.loss_bbox: 0.2588, d3.loss_cls: 0.0881, d3.loss_bbox: 0.2382, d4.loss_cls: 0.0819, d4.loss_bbox: 0.2320, loss: 2.2810, grad_norm: 30.3370
2025-06-26 03:34:08,274 - mmdet - INFO - Epoch [6][1500/7033]	lr: 6.792e-06, eta: 1:22:36, time: 0.807, data_time: 0.033, memory: 4350, loss_cls: 0.0841, loss_bbox: 0.2417, d0.loss_cls: 0.2031, d0.loss_bbox: 0.3765, d1.loss_cls: 0.1350, d1.loss_bbox: 0.2742, d2.loss_cls: 0.1072, d2.loss_bbox: 0.2641, d3.loss_cls: 0.0960, d3.loss_bbox: 0.2441, d4.loss_cls: 0.0865, d4.loss_bbox: 0.2420, loss: 2.3547, grad_norm: 55.8790
2025-06-26 03:34:48,488 - mmdet - INFO - Epoch [6][1550/7033]	lr: 6.792e-06, eta: 1:21:51, time: 0.804, data_time: 0.033, memory: 4350, loss_cls: 0.0938, loss_bbox: 0.2391, d0.loss_cls: 0.2064, d0.loss_bbox: 0.3683, d1.loss_cls: 0.1408, d1.loss_bbox: 0.2735, d2.loss_cls: 0.1144, d2.loss_bbox: 0.2619, d3.loss_cls: 0.1026, d3.loss_bbox: 0.2429, d4.loss_cls: 0.0958, d4.loss_bbox: 0.2397, loss: 2.3792, grad_norm: 34.8098
2025-06-26 03:35:29,219 - mmdet - INFO - Epoch [6][1600/7033]	lr: 6.792e-06, eta: 1:21:05, time: 0.815, data_time: 0.033, memory: 4350, loss_cls: 0.0853, loss_bbox: 0.2353, d0.loss_cls: 0.1994, d0.loss_bbox: 0.3753, d1.loss_cls: 0.1351, d1.loss_bbox: 0.2705, d2.loss_cls: 0.1076, d2.loss_bbox: 0.2586, d3.loss_cls: 0.0960, d3.loss_bbox: 0.2386, d4.loss_cls: 0.0885, d4.loss_bbox: 0.2349, loss: 2.3252, grad_norm: 15.6322
2025-06-26 03:36:09,351 - mmdet - INFO - Epoch [6][1650/7033]	lr: 6.792e-06, eta: 1:20:20, time: 0.803, data_time: 0.031, memory: 4350, loss_cls: 0.0930, loss_bbox: 0.2458, d0.loss_cls: 0.2092, d0.loss_bbox: 0.3779, d1.loss_cls: 0.1416, d1.loss_bbox: 0.2825, d2.loss_cls: 0.1141, d2.loss_bbox: 0.2709, d3.loss_cls: 0.1018, d3.loss_bbox: 0.2511, d4.loss_cls: 0.0958, d4.loss_bbox: 0.2472, loss: 2.4308, grad_norm: 20.1159
2025-06-26 03:36:49,692 - mmdet - INFO - Epoch [6][1700/7033]	lr: 6.792e-06, eta: 1:19:35, time: 0.807, data_time: 0.031, memory: 4350, loss_cls: 0.0890, loss_bbox: 0.2392, d0.loss_cls: 0.2101, d0.loss_bbox: 0.3846, d1.loss_cls: 0.1372, d1.loss_bbox: 0.2792, d2.loss_cls: 0.1124, d2.loss_bbox: 0.2639, d3.loss_cls: 0.0976, d3.loss_bbox: 0.2452, d4.loss_cls: 0.0907, d4.loss_bbox: 0.2403, loss: 2.3893, grad_norm: 32.8961
2025-06-26 03:37:30,354 - mmdet - INFO - Epoch [6][1750/7033]	lr: 6.792e-06, eta: 1:18:49, time: 0.813, data_time: 0.032, memory: 4350, loss_cls: 0.0891, loss_bbox: 0.2334, d0.loss_cls: 0.2013, d0.loss_bbox: 0.3692, d1.loss_cls: 0.1343, d1.loss_bbox: 0.2709, d2.loss_cls: 0.1089, d2.loss_bbox: 0.2580, d3.loss_cls: 0.0964, d3.loss_bbox: 0.2367, d4.loss_cls: 0.0924, d4.loss_bbox: 0.2333, loss: 2.3239, grad_norm: 28.5586
2025-06-26 03:38:10,507 - mmdet - INFO - Epoch [6][1800/7033]	lr: 6.792e-06, eta: 1:18:04, time: 0.803, data_time: 0.031, memory: 4350, loss_cls: 0.0868, loss_bbox: 0.2419, d0.loss_cls: 0.2095, d0.loss_bbox: 0.3807, d1.loss_cls: 0.1353, d1.loss_bbox: 0.2772, d2.loss_cls: 0.1081, d2.loss_bbox: 0.2631, d3.loss_cls: 0.0967, d3.loss_bbox: 0.2456, d4.loss_cls: 0.0903, d4.loss_bbox: 0.2422, loss: 2.3774, grad_norm: 18.8516
2025-06-26 03:38:50,939 - mmdet - INFO - Epoch [6][1850/7033]	lr: 6.792e-06, eta: 1:17:18, time: 0.808, data_time: 0.033, memory: 4350, loss_cls: 0.0998, loss_bbox: 0.2473, d0.loss_cls: 0.2141, d0.loss_bbox: 0.3893, d1.loss_cls: 0.1458, d1.loss_bbox: 0.2840, d2.loss_cls: 0.1184, d2.loss_bbox: 0.2722, d3.loss_cls: 0.1072, d3.loss_bbox: 0.2520, d4.loss_cls: 0.1010, d4.loss_bbox: 0.2484, loss: 2.4794, grad_norm: 58.0214
2025-06-26 03:39:31,069 - mmdet - INFO - Epoch [6][1900/7033]	lr: 6.792e-06, eta: 1:16:33, time: 0.803, data_time: 0.029, memory: 4350, loss_cls: 0.0889, loss_bbox: 0.2357, d0.loss_cls: 0.1991, d0.loss_bbox: 0.3765, d1.loss_cls: 0.1329, d1.loss_bbox: 0.2737, d2.loss_cls: 0.1058, d2.loss_bbox: 0.2634, d3.loss_cls: 0.0952, d3.loss_bbox: 0.2411, d4.loss_cls: 0.0905, d4.loss_bbox: 0.2365, loss: 2.3393, grad_norm: 18.2963
2025-06-26 03:40:12,219 - mmdet - INFO - Epoch [6][1950/7033]	lr: 6.792e-06, eta: 1:15:48, time: 0.823, data_time: 0.051, memory: 4350, loss_cls: 0.0847, loss_bbox: 0.2335, d0.loss_cls: 0.2083, d0.loss_bbox: 0.3697, d1.loss_cls: 0.1343, d1.loss_bbox: 0.2665, d2.loss_cls: 0.1087, d2.loss_bbox: 0.2531, d3.loss_cls: 0.0942, d3.loss_bbox: 0.2351, d4.loss_cls: 0.0882, d4.loss_bbox: 0.2326, loss: 2.3091, grad_norm: 28.9029
2025-06-26 03:40:52,279 - mmdet - INFO - Epoch [6][2000/7033]	lr: 6.792e-06, eta: 1:15:02, time: 0.801, data_time: 0.030, memory: 4350, loss_cls: 0.0853, loss_bbox: 0.2294, d0.loss_cls: 0.2025, d0.loss_bbox: 0.3702, d1.loss_cls: 0.1308, d1.loss_bbox: 0.2677, d2.loss_cls: 0.1052, d2.loss_bbox: 0.2558, d3.loss_cls: 0.0950, d3.loss_bbox: 0.2352, d4.loss_cls: 0.0873, d4.loss_bbox: 0.2317, loss: 2.2963, grad_norm: 24.0530
2025-06-26 03:41:32,739 - mmdet - INFO - Epoch [6][2050/7033]	lr: 6.792e-06, eta: 1:14:17, time: 0.809, data_time: 0.030, memory: 4350, loss_cls: 0.0848, loss_bbox: 0.2357, d0.loss_cls: 0.2036, d0.loss_bbox: 0.3778, d1.loss_cls: 0.1334, d1.loss_bbox: 0.2707, d2.loss_cls: 0.1051, d2.loss_bbox: 0.2583, d3.loss_cls: 0.0942, d3.loss_bbox: 0.2406, d4.loss_cls: 0.0878, d4.loss_bbox: 0.2362, loss: 2.3280, grad_norm: 25.1396
2025-06-26 03:42:13,253 - mmdet - INFO - Epoch [6][2100/7033]	lr: 6.792e-06, eta: 1:13:32, time: 0.810, data_time: 0.032, memory: 4350, loss_cls: 0.0896, loss_bbox: 0.2370, d0.loss_cls: 0.2061, d0.loss_bbox: 0.3764, d1.loss_cls: 0.1314, d1.loss_bbox: 0.2770, d2.loss_cls: 0.1071, d2.loss_bbox: 0.2628, d3.loss_cls: 0.0966, d3.loss_bbox: 0.2432, d4.loss_cls: 0.0909, d4.loss_bbox: 0.2379, loss: 2.3560, grad_norm: 24.5086
2025-06-26 03:42:53,421 - mmdet - INFO - Epoch [6][2150/7033]	lr: 6.792e-06, eta: 1:12:47, time: 0.803, data_time: 0.032, memory: 4350, loss_cls: 0.0887, loss_bbox: 0.2417, d0.loss_cls: 0.2118, d0.loss_bbox: 0.3804, d1.loss_cls: 0.1369, d1.loss_bbox: 0.2812, d2.loss_cls: 0.1102, d2.loss_bbox: 0.2671, d3.loss_cls: 0.0968, d3.loss_bbox: 0.2449, d4.loss_cls: 0.0912, d4.loss_bbox: 0.2417, loss: 2.3924, grad_norm: 25.6762
2025-06-26 03:43:34,251 - mmdet - INFO - Epoch [6][2200/7033]	lr: 6.792e-06, eta: 1:12:01, time: 0.817, data_time: 0.038, memory: 4350, loss_cls: 0.0940, loss_bbox: 0.2430, d0.loss_cls: 0.2069, d0.loss_bbox: 0.3870, d1.loss_cls: 0.1420, d1.loss_bbox: 0.2819, d2.loss_cls: 0.1151, d2.loss_bbox: 0.2725, d3.loss_cls: 0.1041, d3.loss_bbox: 0.2483, d4.loss_cls: 0.0951, d4.loss_bbox: 0.2451, loss: 2.4351, grad_norm: 41.2770
2025-06-26 03:44:14,601 - mmdet - INFO - Epoch [6][2250/7033]	lr: 6.792e-06, eta: 1:11:16, time: 0.807, data_time: 0.031, memory: 4350, loss_cls: 0.0856, loss_bbox: 0.2405, d0.loss_cls: 0.2118, d0.loss_bbox: 0.3775, d1.loss_cls: 0.1357, d1.loss_bbox: 0.2753, d2.loss_cls: 0.1067, d2.loss_bbox: 0.2638, d3.loss_cls: 0.0968, d3.loss_bbox: 0.2434, d4.loss_cls: 0.0881, d4.loss_bbox: 0.2412, loss: 2.3664, grad_norm: 40.5920
2025-06-26 03:44:54,890 - mmdet - INFO - Epoch [6][2300/7033]	lr: 6.792e-06, eta: 1:10:31, time: 0.806, data_time: 0.032, memory: 4350, loss_cls: 0.0880, loss_bbox: 0.2375, d0.loss_cls: 0.2104, d0.loss_bbox: 0.3746, d1.loss_cls: 0.1413, d1.loss_bbox: 0.2731, d2.loss_cls: 0.1123, d2.loss_bbox: 0.2626, d3.loss_cls: 0.0990, d3.loss_bbox: 0.2411, d4.loss_cls: 0.0902, d4.loss_bbox: 0.2381, loss: 2.3682, grad_norm: 17.1429
2025-06-26 03:45:35,167 - mmdet - INFO - Epoch [6][2350/7033]	lr: 6.792e-06, eta: 1:09:46, time: 0.806, data_time: 0.029, memory: 4350, loss_cls: 0.0912, loss_bbox: 0.2429, d0.loss_cls: 0.1996, d0.loss_bbox: 0.3761, d1.loss_cls: 0.1404, d1.loss_bbox: 0.2730, d2.loss_cls: 0.1130, d2.loss_bbox: 0.2617, d3.loss_cls: 0.1006, d3.loss_bbox: 0.2458, d4.loss_cls: 0.0932, d4.loss_bbox: 0.2425, loss: 2.3801, grad_norm: 59.5870
2025-06-26 03:46:15,317 - mmdet - INFO - Epoch [6][2400/7033]	lr: 6.792e-06, eta: 1:09:00, time: 0.803, data_time: 0.030, memory: 4350, loss_cls: 0.0803, loss_bbox: 0.2368, d0.loss_cls: 0.1995, d0.loss_bbox: 0.3740, d1.loss_cls: 0.1270, d1.loss_bbox: 0.2694, d2.loss_cls: 0.1031, d2.loss_bbox: 0.2575, d3.loss_cls: 0.0906, d3.loss_bbox: 0.2405, d4.loss_cls: 0.0833, d4.loss_bbox: 0.2366, loss: 2.2985, grad_norm: 15.7028
2025-06-26 03:46:55,814 - mmdet - INFO - Epoch [6][2450/7033]	lr: 6.792e-06, eta: 1:08:15, time: 0.810, data_time: 0.032, memory: 4350, loss_cls: 0.0834, loss_bbox: 0.2290, d0.loss_cls: 0.2052, d0.loss_bbox: 0.3605, d1.loss_cls: 0.1305, d1.loss_bbox: 0.2625, d2.loss_cls: 0.1023, d2.loss_bbox: 0.2528, d3.loss_cls: 0.0931, d3.loss_bbox: 0.2310, d4.loss_cls: 0.0863, d4.loss_bbox: 0.2291, loss: 2.2657, grad_norm: 38.4847
2025-06-26 03:47:35,856 - mmdet - INFO - Epoch [6][2500/7033]	lr: 6.792e-06, eta: 1:07:30, time: 0.801, data_time: 0.028, memory: 4350, loss_cls: 0.0923, loss_bbox: 0.2520, d0.loss_cls: 0.2085, d0.loss_bbox: 0.3836, d1.loss_cls: 0.1377, d1.loss_bbox: 0.2812, d2.loss_cls: 0.1112, d2.loss_bbox: 0.2743, d3.loss_cls: 0.0992, d3.loss_bbox: 0.2547, d4.loss_cls: 0.0935, d4.loss_bbox: 0.2527, loss: 2.4408, grad_norm: 23.0271
2025-06-26 03:48:16,376 - mmdet - INFO - Epoch [6][2550/7033]	lr: 6.792e-06, eta: 1:06:45, time: 0.810, data_time: 0.035, memory: 4350, loss_cls: 0.0922, loss_bbox: 0.2367, d0.loss_cls: 0.2091, d0.loss_bbox: 0.3695, d1.loss_cls: 0.1448, d1.loss_bbox: 0.2715, d2.loss_cls: 0.1132, d2.loss_bbox: 0.2599, d3.loss_cls: 0.1003, d3.loss_bbox: 0.2417, d4.loss_cls: 0.0935, d4.loss_bbox: 0.2375, loss: 2.3701, grad_norm: 17.0794
2025-06-26 03:48:57,163 - mmdet - INFO - Epoch [6][2600/7033]	lr: 6.792e-06, eta: 1:06:00, time: 0.816, data_time: 0.033, memory: 4350, loss_cls: 0.0881, loss_bbox: 0.2396, d0.loss_cls: 0.2066, d0.loss_bbox: 0.3781, d1.loss_cls: 0.1373, d1.loss_bbox: 0.2735, d2.loss_cls: 0.1084, d2.loss_bbox: 0.2619, d3.loss_cls: 0.0969, d3.loss_bbox: 0.2433, d4.loss_cls: 0.0887, d4.loss_bbox: 0.2415, loss: 2.3639, grad_norm: 24.3762
2025-06-26 03:49:37,319 - mmdet - INFO - Epoch [6][2650/7033]	lr: 6.792e-06, eta: 1:05:14, time: 0.803, data_time: 0.029, memory: 4350, loss_cls: 0.0935, loss_bbox: 0.2441, d0.loss_cls: 0.2008, d0.loss_bbox: 0.3853, d1.loss_cls: 0.1373, d1.loss_bbox: 0.2867, d2.loss_cls: 0.1136, d2.loss_bbox: 0.2735, d3.loss_cls: 0.1018, d3.loss_bbox: 0.2512, d4.loss_cls: 0.0949, d4.loss_bbox: 0.2451, loss: 2.4278, grad_norm: 25.2968
2025-06-26 03:50:17,724 - mmdet - INFO - Epoch [6][2700/7033]	lr: 6.792e-06, eta: 1:04:29, time: 0.808, data_time: 0.035, memory: 4350, loss_cls: 0.0810, loss_bbox: 0.2377, d0.loss_cls: 0.2046, d0.loss_bbox: 0.3754, d1.loss_cls: 0.1311, d1.loss_bbox: 0.2755, d2.loss_cls: 0.1021, d2.loss_bbox: 0.2618, d3.loss_cls: 0.0913, d3.loss_bbox: 0.2403, d4.loss_cls: 0.0836, d4.loss_bbox: 0.2380, loss: 2.3223, grad_norm: 22.1006
2025-06-26 03:50:57,947 - mmdet - INFO - Epoch [6][2750/7033]	lr: 6.792e-06, eta: 1:03:44, time: 0.805, data_time: 0.031, memory: 4350, loss_cls: 0.0891, loss_bbox: 0.2356, d0.loss_cls: 0.2019, d0.loss_bbox: 0.3711, d1.loss_cls: 0.1345, d1.loss_bbox: 0.2714, d2.loss_cls: 0.1070, d2.loss_bbox: 0.2598, d3.loss_cls: 0.0975, d3.loss_bbox: 0.2405, d4.loss_cls: 0.0913, d4.loss_bbox: 0.2365, loss: 2.3362, grad_norm: 41.9716
2025-06-26 03:51:38,282 - mmdet - INFO - Epoch [6][2800/7033]	lr: 6.792e-06, eta: 1:02:59, time: 0.807, data_time: 0.031, memory: 4350, loss_cls: 0.0858, loss_bbox: 0.2325, d0.loss_cls: 0.2095, d0.loss_bbox: 0.3735, d1.loss_cls: 0.1363, d1.loss_bbox: 0.2708, d2.loss_cls: 0.1080, d2.loss_bbox: 0.2597, d3.loss_cls: 0.0958, d3.loss_bbox: 0.2380, d4.loss_cls: 0.0881, d4.loss_bbox: 0.2342, loss: 2.3322, grad_norm: 53.0032
2025-06-26 03:52:19,018 - mmdet - INFO - Epoch [6][2850/7033]	lr: 6.792e-06, eta: 1:02:14, time: 0.815, data_time: 0.035, memory: 4350, loss_cls: 0.0837, loss_bbox: 0.2309, d0.loss_cls: 0.2065, d0.loss_bbox: 0.3721, d1.loss_cls: 0.1367, d1.loss_bbox: 0.2661, d2.loss_cls: 0.1083, d2.loss_bbox: 0.2550, d3.loss_cls: 0.0938, d3.loss_bbox: 0.2333, d4.loss_cls: 0.0850, d4.loss_bbox: 0.2315, loss: 2.3029, grad_norm: 34.9214
2025-06-26 03:52:59,519 - mmdet - INFO - Epoch [6][2900/7033]	lr: 6.792e-06, eta: 1:01:29, time: 0.810, data_time: 0.033, memory: 4350, loss_cls: 0.0962, loss_bbox: 0.2566, d0.loss_cls: 0.2167, d0.loss_bbox: 0.3986, d1.loss_cls: 0.1462, d1.loss_bbox: 0.2950, d2.loss_cls: 0.1169, d2.loss_bbox: 0.2816, d3.loss_cls: 0.1057, d3.loss_bbox: 0.2608, d4.loss_cls: 0.0993, d4.loss_bbox: 0.2577, loss: 2.5312, grad_norm: 20.6840
2025-06-26 03:53:40,001 - mmdet - INFO - Epoch [6][2950/7033]	lr: 6.792e-06, eta: 1:00:44, time: 0.810, data_time: 0.031, memory: 4350, loss_cls: 0.0834, loss_bbox: 0.2382, d0.loss_cls: 0.1948, d0.loss_bbox: 0.3754, d1.loss_cls: 0.1297, d1.loss_bbox: 0.2757, d2.loss_cls: 0.1028, d2.loss_bbox: 0.2637, d3.loss_cls: 0.0911, d3.loss_bbox: 0.2427, d4.loss_cls: 0.0848, d4.loss_bbox: 0.2394, loss: 2.3219, grad_norm: 22.4611
2025-06-26 03:54:20,493 - mmdet - INFO - Epoch [6][3000/7033]	lr: 6.792e-06, eta: 0:59:59, time: 0.810, data_time: 0.033, memory: 4350, loss_cls: 0.0906, loss_bbox: 0.2400, d0.loss_cls: 0.2025, d0.loss_bbox: 0.3736, d1.loss_cls: 0.1338, d1.loss_bbox: 0.2759, d2.loss_cls: 0.1103, d2.loss_bbox: 0.2647, d3.loss_cls: 0.0988, d3.loss_bbox: 0.2450, d4.loss_cls: 0.0930, d4.loss_bbox: 0.2409, loss: 2.3692, grad_norm: 27.4296
2025-06-26 03:55:01,029 - mmdet - INFO - Epoch [6][3050/7033]	lr: 6.792e-06, eta: 0:59:14, time: 0.811, data_time: 0.033, memory: 4350, loss_cls: 0.0824, loss_bbox: 0.2301, d0.loss_cls: 0.1996, d0.loss_bbox: 0.3593, d1.loss_cls: 0.1298, d1.loss_bbox: 0.2638, d2.loss_cls: 0.1055, d2.loss_bbox: 0.2517, d3.loss_cls: 0.0932, d3.loss_bbox: 0.2322, d4.loss_cls: 0.0846, d4.loss_bbox: 0.2305, loss: 2.2627, grad_norm: 26.6124
2025-06-26 03:55:41,426 - mmdet - INFO - Epoch [6][3100/7033]	lr: 6.792e-06, eta: 0:58:29, time: 0.808, data_time: 0.028, memory: 4350, loss_cls: 0.0837, loss_bbox: 0.2363, d0.loss_cls: 0.2067, d0.loss_bbox: 0.3671, d1.loss_cls: 0.1323, d1.loss_bbox: 0.2701, d2.loss_cls: 0.1039, d2.loss_bbox: 0.2604, d3.loss_cls: 0.0924, d3.loss_bbox: 0.2409, d4.loss_cls: 0.0860, d4.loss_bbox: 0.2372, loss: 2.3171, grad_norm: 27.9264
2025-06-26 03:56:21,633 - mmdet - INFO - Epoch [6][3150/7033]	lr: 6.792e-06, eta: 0:57:43, time: 0.804, data_time: 0.031, memory: 4350, loss_cls: 0.0855, loss_bbox: 0.2356, d0.loss_cls: 0.2070, d0.loss_bbox: 0.3716, d1.loss_cls: 0.1377, d1.loss_bbox: 0.2708, d2.loss_cls: 0.1086, d2.loss_bbox: 0.2592, d3.loss_cls: 0.0968, d3.loss_bbox: 0.2397, d4.loss_cls: 0.0896, d4.loss_bbox: 0.2359, loss: 2.3378, grad_norm: 18.9593
2025-06-26 03:57:02,077 - mmdet - INFO - Epoch [6][3200/7033]	lr: 6.792e-06, eta: 0:56:58, time: 0.809, data_time: 0.032, memory: 4350, loss_cls: 0.0799, loss_bbox: 0.2345, d0.loss_cls: 0.2083, d0.loss_bbox: 0.3631, d1.loss_cls: 0.1319, d1.loss_bbox: 0.2676, d2.loss_cls: 0.1016, d2.loss_bbox: 0.2566, d3.loss_cls: 0.0900, d3.loss_bbox: 0.2390, d4.loss_cls: 0.0825, d4.loss_bbox: 0.2344, loss: 2.2894, grad_norm: 62.5649
2025-06-26 03:57:42,332 - mmdet - INFO - Epoch [6][3250/7033]	lr: 6.792e-06, eta: 0:56:13, time: 0.805, data_time: 0.030, memory: 4350, loss_cls: 0.0903, loss_bbox: 0.2416, d0.loss_cls: 0.2059, d0.loss_bbox: 0.3810, d1.loss_cls: 0.1388, d1.loss_bbox: 0.2796, d2.loss_cls: 0.1086, d2.loss_bbox: 0.2676, d3.loss_cls: 0.0980, d3.loss_bbox: 0.2468, d4.loss_cls: 0.0920, d4.loss_bbox: 0.2421, loss: 2.3922, grad_norm: 34.4179
2025-06-26 03:58:24,912 - mmdet - INFO - Epoch [6][3300/7033]	lr: 6.792e-06, eta: 0:55:29, time: 0.852, data_time: 0.075, memory: 4350, loss_cls: 0.0857, loss_bbox: 0.2408, d0.loss_cls: 0.2016, d0.loss_bbox: 0.3701, d1.loss_cls: 0.1344, d1.loss_bbox: 0.2749, d2.loss_cls: 0.1089, d2.loss_bbox: 0.2628, d3.loss_cls: 0.0946, d3.loss_bbox: 0.2434, d4.loss_cls: 0.0877, d4.loss_bbox: 0.2419, loss: 2.3466, grad_norm: 60.3592
2025-06-26 03:59:05,376 - mmdet - INFO - Epoch [6][3350/7033]	lr: 6.792e-06, eta: 0:54:44, time: 0.809, data_time: 0.032, memory: 4350, loss_cls: 0.0934, loss_bbox: 0.2427, d0.loss_cls: 0.2112, d0.loss_bbox: 0.3708, d1.loss_cls: 0.1382, d1.loss_bbox: 0.2762, d2.loss_cls: 0.1147, d2.loss_bbox: 0.2661, d3.loss_cls: 0.1025, d3.loss_bbox: 0.2455, d4.loss_cls: 0.0953, d4.loss_bbox: 0.2425, loss: 2.3991, grad_norm: 34.2613
2025-06-26 03:59:45,705 - mmdet - INFO - Epoch [6][3400/7033]	lr: 6.792e-06, eta: 0:53:59, time: 0.806, data_time: 0.031, memory: 4350, loss_cls: 0.0849, loss_bbox: 0.2367, d0.loss_cls: 0.2007, d0.loss_bbox: 0.3770, d1.loss_cls: 0.1312, d1.loss_bbox: 0.2759, d2.loss_cls: 0.1048, d2.loss_bbox: 0.2627, d3.loss_cls: 0.0941, d3.loss_bbox: 0.2398, d4.loss_cls: 0.0873, d4.loss_bbox: 0.2372, loss: 2.3323, grad_norm: 28.9825
2025-06-26 04:00:26,248 - mmdet - INFO - Epoch [6][3450/7033]	lr: 6.792e-06, eta: 0:53:14, time: 0.811, data_time: 0.033, memory: 4350, loss_cls: 0.0957, loss_bbox: 0.2387, d0.loss_cls: 0.2130, d0.loss_bbox: 0.3780, d1.loss_cls: 0.1430, d1.loss_bbox: 0.2733, d2.loss_cls: 0.1159, d2.loss_bbox: 0.2618, d3.loss_cls: 0.1038, d3.loss_bbox: 0.2428, d4.loss_cls: 0.0979, d4.loss_bbox: 0.2393, loss: 2.4030, grad_norm: 23.7533
2025-06-26 04:01:06,421 - mmdet - INFO - Epoch [6][3500/7033]	lr: 6.792e-06, eta: 0:52:29, time: 0.803, data_time: 0.033, memory: 4350, loss_cls: 0.0868, loss_bbox: 0.2342, d0.loss_cls: 0.2108, d0.loss_bbox: 0.3650, d1.loss_cls: 0.1412, d1.loss_bbox: 0.2680, d2.loss_cls: 0.1097, d2.loss_bbox: 0.2583, d3.loss_cls: 0.0956, d3.loss_bbox: 0.2375, d4.loss_cls: 0.0891, d4.loss_bbox: 0.2348, loss: 2.3310, grad_norm: 19.6608
2025-06-26 04:01:46,700 - mmdet - INFO - Epoch [6][3550/7033]	lr: 6.792e-06, eta: 0:51:44, time: 0.806, data_time: 0.030, memory: 4350, loss_cls: 0.0786, loss_bbox: 0.2315, d0.loss_cls: 0.1975, d0.loss_bbox: 0.3696, d1.loss_cls: 0.1334, d1.loss_bbox: 0.2667, d2.loss_cls: 0.1042, d2.loss_bbox: 0.2568, d3.loss_cls: 0.0898, d3.loss_bbox: 0.2363, d4.loss_cls: 0.0819, d4.loss_bbox: 0.2326, loss: 2.2789, grad_norm: 41.9373
2025-06-26 04:02:27,195 - mmdet - INFO - Epoch [6][3600/7033]	lr: 6.792e-06, eta: 0:50:59, time: 0.810, data_time: 0.032, memory: 4350, loss_cls: 0.0871, loss_bbox: 0.2414, d0.loss_cls: 0.2090, d0.loss_bbox: 0.3817, d1.loss_cls: 0.1362, d1.loss_bbox: 0.2769, d2.loss_cls: 0.1092, d2.loss_bbox: 0.2647, d3.loss_cls: 0.0973, d3.loss_bbox: 0.2443, d4.loss_cls: 0.0903, d4.loss_bbox: 0.2411, loss: 2.3791, grad_norm: 19.5229
2025-06-26 04:03:07,350 - mmdet - INFO - Epoch [6][3650/7033]	lr: 6.792e-06, eta: 0:50:14, time: 0.803, data_time: 0.032, memory: 4350, loss_cls: 0.0979, loss_bbox: 0.2443, d0.loss_cls: 0.2149, d0.loss_bbox: 0.3802, d1.loss_cls: 0.1449, d1.loss_bbox: 0.2806, d2.loss_cls: 0.1191, d2.loss_bbox: 0.2711, d3.loss_cls: 0.1072, d3.loss_bbox: 0.2482, d4.loss_cls: 0.1002, d4.loss_bbox: 0.2452, loss: 2.4539, grad_norm: 26.9528
2025-06-26 04:03:47,695 - mmdet - INFO - Epoch [6][3700/7033]	lr: 6.792e-06, eta: 0:49:29, time: 0.807, data_time: 0.031, memory: 4350, loss_cls: 0.0850, loss_bbox: 0.2385, d0.loss_cls: 0.2036, d0.loss_bbox: 0.3749, d1.loss_cls: 0.1387, d1.loss_bbox: 0.2725, d2.loss_cls: 0.1084, d2.loss_bbox: 0.2618, d3.loss_cls: 0.0938, d3.loss_bbox: 0.2423, d4.loss_cls: 0.0878, d4.loss_bbox: 0.2391, loss: 2.3465, grad_norm: 20.9118
2025-06-26 04:04:28,105 - mmdet - INFO - Epoch [6][3750/7033]	lr: 6.792e-06, eta: 0:48:44, time: 0.808, data_time: 0.035, memory: 4350, loss_cls: 0.0852, loss_bbox: 0.2414, d0.loss_cls: 0.2054, d0.loss_bbox: 0.3700, d1.loss_cls: 0.1359, d1.loss_bbox: 0.2770, d2.loss_cls: 0.1080, d2.loss_bbox: 0.2650, d3.loss_cls: 0.0966, d3.loss_bbox: 0.2450, d4.loss_cls: 0.0882, d4.loss_bbox: 0.2418, loss: 2.3594, grad_norm: 14.4222
2025-06-26 04:05:08,370 - mmdet - INFO - Epoch [6][3800/7033]	lr: 6.792e-06, eta: 0:47:59, time: 0.805, data_time: 0.035, memory: 4350, loss_cls: 0.0954, loss_bbox: 0.2466, d0.loss_cls: 0.2133, d0.loss_bbox: 0.3834, d1.loss_cls: 0.1413, d1.loss_bbox: 0.2810, d2.loss_cls: 0.1139, d2.loss_bbox: 0.2713, d3.loss_cls: 0.1031, d3.loss_bbox: 0.2496, d4.loss_cls: 0.0978, d4.loss_bbox: 0.2469, loss: 2.4436, grad_norm: 26.5759
2025-06-26 04:05:48,689 - mmdet - INFO - Epoch [6][3850/7033]	lr: 6.792e-06, eta: 0:47:14, time: 0.806, data_time: 0.033, memory: 4350, loss_cls: 0.0791, loss_bbox: 0.2281, d0.loss_cls: 0.1954, d0.loss_bbox: 0.3613, d1.loss_cls: 0.1277, d1.loss_bbox: 0.2612, d2.loss_cls: 0.0996, d2.loss_bbox: 0.2494, d3.loss_cls: 0.0895, d3.loss_bbox: 0.2311, d4.loss_cls: 0.0815, d4.loss_bbox: 0.2278, loss: 2.2318, grad_norm: 41.3160
2025-06-26 04:06:28,981 - mmdet - INFO - Epoch [6][3900/7033]	lr: 6.792e-06, eta: 0:46:29, time: 0.806, data_time: 0.033, memory: 4350, loss_cls: 0.0809, loss_bbox: 0.2351, d0.loss_cls: 0.2013, d0.loss_bbox: 0.3787, d1.loss_cls: 0.1309, d1.loss_bbox: 0.2711, d2.loss_cls: 0.1035, d2.loss_bbox: 0.2599, d3.loss_cls: 0.0919, d3.loss_bbox: 0.2378, d4.loss_cls: 0.0854, d4.loss_bbox: 0.2343, loss: 2.3110, grad_norm: 52.1701
2025-06-26 04:07:09,118 - mmdet - INFO - Epoch [6][3950/7033]	lr: 6.792e-06, eta: 0:45:45, time: 0.803, data_time: 0.030, memory: 4350, loss_cls: 0.0826, loss_bbox: 0.2401, d0.loss_cls: 0.2025, d0.loss_bbox: 0.3750, d1.loss_cls: 0.1313, d1.loss_bbox: 0.2747, d2.loss_cls: 0.1045, d2.loss_bbox: 0.2644, d3.loss_cls: 0.0916, d3.loss_bbox: 0.2441, d4.loss_cls: 0.0841, d4.loss_bbox: 0.2406, loss: 2.3354, grad_norm: 24.7530
2025-06-26 04:07:49,129 - mmdet - INFO - Epoch [6][4000/7033]	lr: 6.792e-06, eta: 0:45:00, time: 0.800, data_time: 0.029, memory: 4350, loss_cls: 0.0777, loss_bbox: 0.2287, d0.loss_cls: 0.2031, d0.loss_bbox: 0.3642, d1.loss_cls: 0.1281, d1.loss_bbox: 0.2651, d2.loss_cls: 0.1004, d2.loss_bbox: 0.2541, d3.loss_cls: 0.0870, d3.loss_bbox: 0.2334, d4.loss_cls: 0.0805, d4.loss_bbox: 0.2288, loss: 2.2511, grad_norm: 20.0414
2025-06-26 04:08:30,014 - mmdet - INFO - Epoch [6][4050/7033]	lr: 6.792e-06, eta: 0:44:15, time: 0.818, data_time: 0.036, memory: 4350, loss_cls: 0.0845, loss_bbox: 0.2296, d0.loss_cls: 0.2081, d0.loss_bbox: 0.3612, d1.loss_cls: 0.1326, d1.loss_bbox: 0.2641, d2.loss_cls: 0.1044, d2.loss_bbox: 0.2543, d3.loss_cls: 0.0905, d3.loss_bbox: 0.2350, d4.loss_cls: 0.0855, d4.loss_bbox: 0.2308, loss: 2.2807, grad_norm: 24.0182
2025-06-26 04:09:12,504 - mmdet - INFO - Epoch [6][4100/7033]	lr: 6.792e-06, eta: 0:43:30, time: 0.849, data_time: 0.073, memory: 4350, loss_cls: 0.0780, loss_bbox: 0.2298, d0.loss_cls: 0.1975, d0.loss_bbox: 0.3623, d1.loss_cls: 0.1275, d1.loss_bbox: 0.2658, d2.loss_cls: 0.0996, d2.loss_bbox: 0.2527, d3.loss_cls: 0.0884, d3.loss_bbox: 0.2331, d4.loss_cls: 0.0803, d4.loss_bbox: 0.2307, loss: 2.2458, grad_norm: 16.3747
2025-06-26 04:09:52,901 - mmdet - INFO - Epoch [6][4150/7033]	lr: 6.792e-06, eta: 0:42:45, time: 0.808, data_time: 0.032, memory: 4350, loss_cls: 0.0818, loss_bbox: 0.2350, d0.loss_cls: 0.1999, d0.loss_bbox: 0.3715, d1.loss_cls: 0.1295, d1.loss_bbox: 0.2688, d2.loss_cls: 0.1016, d2.loss_bbox: 0.2591, d3.loss_cls: 0.0890, d3.loss_bbox: 0.2385, d4.loss_cls: 0.0843, d4.loss_bbox: 0.2349, loss: 2.2939, grad_norm: 16.8327
2025-06-26 04:10:33,251 - mmdet - INFO - Epoch [6][4200/7033]	lr: 6.792e-06, eta: 0:42:01, time: 0.807, data_time: 0.030, memory: 4350, loss_cls: 0.0827, loss_bbox: 0.2253, d0.loss_cls: 0.1953, d0.loss_bbox: 0.3554, d1.loss_cls: 0.1267, d1.loss_bbox: 0.2602, d2.loss_cls: 0.1002, d2.loss_bbox: 0.2511, d3.loss_cls: 0.0905, d3.loss_bbox: 0.2309, d4.loss_cls: 0.0844, d4.loss_bbox: 0.2260, loss: 2.2286, grad_norm: 17.0274
2025-06-26 04:11:13,569 - mmdet - INFO - Epoch [6][4250/7033]	lr: 6.792e-06, eta: 0:41:16, time: 0.806, data_time: 0.032, memory: 4350, loss_cls: 0.0853, loss_bbox: 0.2297, d0.loss_cls: 0.2080, d0.loss_bbox: 0.3597, d1.loss_cls: 0.1339, d1.loss_bbox: 0.2629, d2.loss_cls: 0.1069, d2.loss_bbox: 0.2529, d3.loss_cls: 0.0936, d3.loss_bbox: 0.2341, d4.loss_cls: 0.0868, d4.loss_bbox: 0.2314, loss: 2.2852, grad_norm: 20.2649
2025-06-26 04:11:54,092 - mmdet - INFO - Epoch [6][4300/7033]	lr: 6.792e-06, eta: 0:40:31, time: 0.810, data_time: 0.033, memory: 4350, loss_cls: 0.0831, loss_bbox: 0.2329, d0.loss_cls: 0.1997, d0.loss_bbox: 0.3697, d1.loss_cls: 0.1289, d1.loss_bbox: 0.2711, d2.loss_cls: 0.1006, d2.loss_bbox: 0.2569, d3.loss_cls: 0.0897, d3.loss_bbox: 0.2376, d4.loss_cls: 0.0846, d4.loss_bbox: 0.2339, loss: 2.2887, grad_norm: 25.3823
2025-06-26 04:12:34,477 - mmdet - INFO - Epoch [6][4350/7033]	lr: 6.792e-06, eta: 0:39:46, time: 0.808, data_time: 0.036, memory: 4350, loss_cls: 0.0880, loss_bbox: 0.2442, d0.loss_cls: 0.2045, d0.loss_bbox: 0.3745, d1.loss_cls: 0.1381, d1.loss_bbox: 0.2810, d2.loss_cls: 0.1086, d2.loss_bbox: 0.2679, d3.loss_cls: 0.0967, d3.loss_bbox: 0.2476, d4.loss_cls: 0.0895, d4.loss_bbox: 0.2453, loss: 2.3859, grad_norm: 47.4271
2025-06-26 04:13:15,288 - mmdet - INFO - Epoch [6][4400/7033]	lr: 6.792e-06, eta: 0:39:02, time: 0.816, data_time: 0.035, memory: 4350, loss_cls: 0.0892, loss_bbox: 0.2360, d0.loss_cls: 0.2102, d0.loss_bbox: 0.3722, d1.loss_cls: 0.1384, d1.loss_bbox: 0.2711, d2.loss_cls: 0.1109, d2.loss_bbox: 0.2586, d3.loss_cls: 0.0998, d3.loss_bbox: 0.2393, d4.loss_cls: 0.0909, d4.loss_bbox: 0.2360, loss: 2.3525, grad_norm: 25.3796
2025-06-26 04:13:56,203 - mmdet - INFO - Epoch [6][4450/7033]	lr: 6.792e-06, eta: 0:38:17, time: 0.818, data_time: 0.037, memory: 4350, loss_cls: 0.0932, loss_bbox: 0.2382, d0.loss_cls: 0.2059, d0.loss_bbox: 0.3747, d1.loss_cls: 0.1409, d1.loss_bbox: 0.2736, d2.loss_cls: 0.1127, d2.loss_bbox: 0.2647, d3.loss_cls: 0.1000, d3.loss_bbox: 0.2425, d4.loss_cls: 0.0944, d4.loss_bbox: 0.2397, loss: 2.3805, grad_norm: 49.8503
2025-06-26 04:14:36,410 - mmdet - INFO - Epoch [6][4500/7033]	lr: 6.792e-06, eta: 0:37:32, time: 0.804, data_time: 0.030, memory: 4350, loss_cls: 0.0861, loss_bbox: 0.2429, d0.loss_cls: 0.2039, d0.loss_bbox: 0.3806, d1.loss_cls: 0.1337, d1.loss_bbox: 0.2770, d2.loss_cls: 0.1070, d2.loss_bbox: 0.2648, d3.loss_cls: 0.0932, d3.loss_bbox: 0.2473, d4.loss_cls: 0.0874, d4.loss_bbox: 0.2437, loss: 2.3676, grad_norm: 35.2827
2025-06-26 04:15:16,773 - mmdet - INFO - Epoch [6][4550/7033]	lr: 6.792e-06, eta: 0:36:47, time: 0.807, data_time: 0.033, memory: 4350, loss_cls: 0.0890, loss_bbox: 0.2381, d0.loss_cls: 0.2082, d0.loss_bbox: 0.3653, d1.loss_cls: 0.1379, d1.loss_bbox: 0.2723, d2.loss_cls: 0.1068, d2.loss_bbox: 0.2619, d3.loss_cls: 0.0970, d3.loss_bbox: 0.2421, d4.loss_cls: 0.0928, d4.loss_bbox: 0.2374, loss: 2.3487, grad_norm: 18.9621
2025-06-26 04:15:57,191 - mmdet - INFO - Epoch [6][4600/7033]	lr: 6.792e-06, eta: 0:36:03, time: 0.808, data_time: 0.032, memory: 4350, loss_cls: 0.0899, loss_bbox: 0.2398, d0.loss_cls: 0.2077, d0.loss_bbox: 0.3724, d1.loss_cls: 0.1389, d1.loss_bbox: 0.2731, d2.loss_cls: 0.1129, d2.loss_bbox: 0.2609, d3.loss_cls: 0.0989, d3.loss_bbox: 0.2415, d4.loss_cls: 0.0924, d4.loss_bbox: 0.2404, loss: 2.3688, grad_norm: 23.4553
2025-06-26 04:16:37,379 - mmdet - INFO - Epoch [6][4650/7033]	lr: 6.792e-06, eta: 0:35:18, time: 0.804, data_time: 0.030, memory: 4350, loss_cls: 0.0871, loss_bbox: 0.2430, d0.loss_cls: 0.2130, d0.loss_bbox: 0.3764, d1.loss_cls: 0.1363, d1.loss_bbox: 0.2771, d2.loss_cls: 0.1064, d2.loss_bbox: 0.2671, d3.loss_cls: 0.0955, d3.loss_bbox: 0.2470, d4.loss_cls: 0.0885, d4.loss_bbox: 0.2443, loss: 2.3817, grad_norm: 32.6722
2025-06-26 04:17:17,928 - mmdet - INFO - Epoch [6][4700/7033]	lr: 6.792e-06, eta: 0:34:33, time: 0.811, data_time: 0.033, memory: 4350, loss_cls: 0.0874, loss_bbox: 0.2436, d0.loss_cls: 0.2096, d0.loss_bbox: 0.3741, d1.loss_cls: 0.1337, d1.loss_bbox: 0.2794, d2.loss_cls: 0.1071, d2.loss_bbox: 0.2672, d3.loss_cls: 0.0966, d3.loss_bbox: 0.2458, d4.loss_cls: 0.0899, d4.loss_bbox: 0.2434, loss: 2.3779, grad_norm: 15.9543
2025-06-26 04:17:59,111 - mmdet - INFO - Epoch [6][4750/7033]	lr: 6.792e-06, eta: 0:33:49, time: 0.824, data_time: 0.052, memory: 4350, loss_cls: 0.0838, loss_bbox: 0.2386, d0.loss_cls: 0.2108, d0.loss_bbox: 0.3695, d1.loss_cls: 0.1362, d1.loss_bbox: 0.2733, d2.loss_cls: 0.1085, d2.loss_bbox: 0.2595, d3.loss_cls: 0.0960, d3.loss_bbox: 0.2408, d4.loss_cls: 0.0868, d4.loss_bbox: 0.2391, loss: 2.3430, grad_norm: 30.3355
2025-06-26 04:18:39,367 - mmdet - INFO - Epoch [6][4800/7033]	lr: 6.792e-06, eta: 0:33:04, time: 0.805, data_time: 0.032, memory: 4350, loss_cls: 0.0852, loss_bbox: 0.2474, d0.loss_cls: 0.2085, d0.loss_bbox: 0.3836, d1.loss_cls: 0.1347, d1.loss_bbox: 0.2796, d2.loss_cls: 0.1057, d2.loss_bbox: 0.2686, d3.loss_cls: 0.0949, d3.loss_bbox: 0.2503, d4.loss_cls: 0.0862, d4.loss_bbox: 0.2487, loss: 2.3936, grad_norm: 30.6259
2025-06-26 04:19:19,704 - mmdet - INFO - Epoch [6][4850/7033]	lr: 6.792e-06, eta: 0:32:19, time: 0.807, data_time: 0.032, memory: 4350, loss_cls: 0.0881, loss_bbox: 0.2360, d0.loss_cls: 0.2052, d0.loss_bbox: 0.3669, d1.loss_cls: 0.1334, d1.loss_bbox: 0.2708, d2.loss_cls: 0.1086, d2.loss_bbox: 0.2596, d3.loss_cls: 0.0949, d3.loss_bbox: 0.2383, d4.loss_cls: 0.0915, d4.loss_bbox: 0.2347, loss: 2.3279, grad_norm: 53.7584
2025-06-26 04:20:00,163 - mmdet - INFO - Epoch [6][4900/7033]	lr: 6.792e-06, eta: 0:31:35, time: 0.809, data_time: 0.034, memory: 4350, loss_cls: 0.0915, loss_bbox: 0.2476, d0.loss_cls: 0.2087, d0.loss_bbox: 0.3885, d1.loss_cls: 0.1424, d1.loss_bbox: 0.2836, d2.loss_cls: 0.1109, d2.loss_bbox: 0.2717, d3.loss_cls: 0.0999, d3.loss_bbox: 0.2508, d4.loss_cls: 0.0938, d4.loss_bbox: 0.2482, loss: 2.4377, grad_norm: 40.0416
2025-06-26 04:20:40,866 - mmdet - INFO - Epoch [6][4950/7033]	lr: 6.792e-06, eta: 0:30:50, time: 0.814, data_time: 0.031, memory: 4350, loss_cls: 0.0808, loss_bbox: 0.2392, d0.loss_cls: 0.2017, d0.loss_bbox: 0.3762, d1.loss_cls: 0.1296, d1.loss_bbox: 0.2735, d2.loss_cls: 0.1025, d2.loss_bbox: 0.2603, d3.loss_cls: 0.0880, d3.loss_bbox: 0.2419, d4.loss_cls: 0.0832, d4.loss_bbox: 0.2393, loss: 2.3162, grad_norm: 23.7748
2025-06-26 04:21:21,079 - mmdet - INFO - Epoch [6][5000/7033]	lr: 6.792e-06, eta: 0:30:05, time: 0.804, data_time: 0.032, memory: 4350, loss_cls: 0.0889, loss_bbox: 0.2490, d0.loss_cls: 0.2197, d0.loss_bbox: 0.3907, d1.loss_cls: 0.1427, d1.loss_bbox: 0.2850, d2.loss_cls: 0.1130, d2.loss_bbox: 0.2704, d3.loss_cls: 0.0999, d3.loss_bbox: 0.2519, d4.loss_cls: 0.0915, d4.loss_bbox: 0.2490, loss: 2.4517, grad_norm: 42.9047
2025-06-26 04:22:01,555 - mmdet - INFO - Epoch [6][5050/7033]	lr: 6.792e-06, eta: 0:29:21, time: 0.810, data_time: 0.034, memory: 4350, loss_cls: 0.0823, loss_bbox: 0.2330, d0.loss_cls: 0.2008, d0.loss_bbox: 0.3709, d1.loss_cls: 0.1308, d1.loss_bbox: 0.2700, d2.loss_cls: 0.1037, d2.loss_bbox: 0.2562, d3.loss_cls: 0.0907, d3.loss_bbox: 0.2382, d4.loss_cls: 0.0838, d4.loss_bbox: 0.2338, loss: 2.2942, grad_norm: 50.2169
2025-06-26 04:22:41,707 - mmdet - INFO - Epoch [6][5100/7033]	lr: 6.792e-06, eta: 0:28:36, time: 0.803, data_time: 0.028, memory: 4350, loss_cls: 0.0837, loss_bbox: 0.2404, d0.loss_cls: 0.2152, d0.loss_bbox: 0.3767, d1.loss_cls: 0.1371, d1.loss_bbox: 0.2762, d2.loss_cls: 0.1081, d2.loss_bbox: 0.2634, d3.loss_cls: 0.0955, d3.loss_bbox: 0.2433, d4.loss_cls: 0.0864, d4.loss_bbox: 0.2403, loss: 2.3663, grad_norm: 22.4772
2025-06-26 04:23:21,951 - mmdet - INFO - Epoch [6][5150/7033]	lr: 6.792e-06, eta: 0:27:52, time: 0.805, data_time: 0.032, memory: 4350, loss_cls: 0.0857, loss_bbox: 0.2307, d0.loss_cls: 0.2033, d0.loss_bbox: 0.3618, d1.loss_cls: 0.1335, d1.loss_bbox: 0.2706, d2.loss_cls: 0.1082, d2.loss_bbox: 0.2557, d3.loss_cls: 0.0947, d3.loss_bbox: 0.2352, d4.loss_cls: 0.0874, d4.loss_bbox: 0.2320, loss: 2.2988, grad_norm: 28.4893
2025-06-26 04:24:02,255 - mmdet - INFO - Epoch [6][5200/7033]	lr: 6.792e-06, eta: 0:27:07, time: 0.806, data_time: 0.033, memory: 4350, loss_cls: 0.0880, loss_bbox: 0.2371, d0.loss_cls: 0.2013, d0.loss_bbox: 0.3760, d1.loss_cls: 0.1372, d1.loss_bbox: 0.2711, d2.loss_cls: 0.1077, d2.loss_bbox: 0.2627, d3.loss_cls: 0.0974, d3.loss_bbox: 0.2415, d4.loss_cls: 0.0895, d4.loss_bbox: 0.2391, loss: 2.3487, grad_norm: 20.4413
2025-06-26 04:24:42,427 - mmdet - INFO - Epoch [6][5250/7033]	lr: 6.792e-06, eta: 0:26:22, time: 0.803, data_time: 0.030, memory: 4350, loss_cls: 0.0822, loss_bbox: 0.2341, d0.loss_cls: 0.2037, d0.loss_bbox: 0.3666, d1.loss_cls: 0.1354, d1.loss_bbox: 0.2698, d2.loss_cls: 0.1066, d2.loss_bbox: 0.2574, d3.loss_cls: 0.0920, d3.loss_bbox: 0.2387, d4.loss_cls: 0.0852, d4.loss_bbox: 0.2343, loss: 2.3058, grad_norm: 23.1304
2025-06-26 04:25:24,027 - mmdet - INFO - Epoch [6][5300/7033]	lr: 6.792e-06, eta: 0:25:38, time: 0.832, data_time: 0.037, memory: 4350, loss_cls: 0.0800, loss_bbox: 0.2391, d0.loss_cls: 0.1989, d0.loss_bbox: 0.3676, d1.loss_cls: 0.1292, d1.loss_bbox: 0.2752, d2.loss_cls: 0.1028, d2.loss_bbox: 0.2639, d3.loss_cls: 0.0890, d3.loss_bbox: 0.2426, d4.loss_cls: 0.0819, d4.loss_bbox: 0.2398, loss: 2.3100, grad_norm: 20.8751
2025-06-26 04:26:07,159 - mmdet - INFO - Epoch [6][5350/7033]	lr: 6.792e-06, eta: 0:24:54, time: 0.862, data_time: 0.086, memory: 4350, loss_cls: 0.0831, loss_bbox: 0.2365, d0.loss_cls: 0.2030, d0.loss_bbox: 0.3779, d1.loss_cls: 0.1305, d1.loss_bbox: 0.2732, d2.loss_cls: 0.1027, d2.loss_bbox: 0.2601, d3.loss_cls: 0.0897, d3.loss_bbox: 0.2420, d4.loss_cls: 0.0850, d4.loss_bbox: 0.2376, loss: 2.3214, grad_norm: 15.6084
2025-06-26 04:26:49,077 - mmdet - INFO - Epoch [6][5400/7033]	lr: 6.792e-06, eta: 0:24:09, time: 0.839, data_time: 0.037, memory: 4350, loss_cls: 0.0974, loss_bbox: 0.2496, d0.loss_cls: 0.2159, d0.loss_bbox: 0.3842, d1.loss_cls: 0.1458, d1.loss_bbox: 0.2842, d2.loss_cls: 0.1180, d2.loss_bbox: 0.2724, d3.loss_cls: 0.1065, d3.loss_bbox: 0.2537, d4.loss_cls: 0.1007, d4.loss_bbox: 0.2506, loss: 2.4790, grad_norm: 26.0435
2025-06-26 04:27:29,700 - mmdet - INFO - Epoch [6][5450/7033]	lr: 6.792e-06, eta: 0:23:25, time: 0.812, data_time: 0.032, memory: 4350, loss_cls: 0.0839, loss_bbox: 0.2291, d0.loss_cls: 0.1973, d0.loss_bbox: 0.3635, d1.loss_cls: 0.1325, d1.loss_bbox: 0.2625, d2.loss_cls: 0.1073, d2.loss_bbox: 0.2499, d3.loss_cls: 0.0935, d3.loss_bbox: 0.2323, d4.loss_cls: 0.0861, d4.loss_bbox: 0.2295, loss: 2.2674, grad_norm: 43.6597
2025-06-26 04:28:10,066 - mmdet - INFO - Epoch [6][5500/7033]	lr: 6.792e-06, eta: 0:22:40, time: 0.807, data_time: 0.032, memory: 4350, loss_cls: 0.0928, loss_bbox: 0.2477, d0.loss_cls: 0.2116, d0.loss_bbox: 0.3862, d1.loss_cls: 0.1403, d1.loss_bbox: 0.2840, d2.loss_cls: 0.1149, d2.loss_bbox: 0.2753, d3.loss_cls: 0.1031, d3.loss_bbox: 0.2518, d4.loss_cls: 0.0946, d4.loss_bbox: 0.2488, loss: 2.4509, grad_norm: 57.0152
2025-06-26 04:28:50,599 - mmdet - INFO - Epoch [6][5550/7033]	lr: 6.792e-06, eta: 0:21:55, time: 0.811, data_time: 0.033, memory: 4350, loss_cls: 0.0933, loss_bbox: 0.2494, d0.loss_cls: 0.2159, d0.loss_bbox: 0.3877, d1.loss_cls: 0.1459, d1.loss_bbox: 0.2841, d2.loss_cls: 0.1174, d2.loss_bbox: 0.2709, d3.loss_cls: 0.1016, d3.loss_bbox: 0.2538, d4.loss_cls: 0.0958, d4.loss_bbox: 0.2493, loss: 2.4653, grad_norm: 35.6956
2025-06-26 04:29:31,020 - mmdet - INFO - Epoch [6][5600/7033]	lr: 6.792e-06, eta: 0:21:11, time: 0.808, data_time: 0.032, memory: 4350, loss_cls: 0.0906, loss_bbox: 0.2412, d0.loss_cls: 0.2108, d0.loss_bbox: 0.3775, d1.loss_cls: 0.1386, d1.loss_bbox: 0.2783, d2.loss_cls: 0.1111, d2.loss_bbox: 0.2637, d3.loss_cls: 0.0989, d3.loss_bbox: 0.2443, d4.loss_cls: 0.0927, d4.loss_bbox: 0.2408, loss: 2.3884, grad_norm: 29.8534
2025-06-26 04:30:11,421 - mmdet - INFO - Epoch [6][5650/7033]	lr: 6.792e-06, eta: 0:20:26, time: 0.808, data_time: 0.031, memory: 4350, loss_cls: 0.0866, loss_bbox: 0.2370, d0.loss_cls: 0.2018, d0.loss_bbox: 0.3788, d1.loss_cls: 0.1361, d1.loss_bbox: 0.2757, d2.loss_cls: 0.1064, d2.loss_bbox: 0.2635, d3.loss_cls: 0.0951, d3.loss_bbox: 0.2425, d4.loss_cls: 0.0889, d4.loss_bbox: 0.2385, loss: 2.3510, grad_norm: 16.7799
2025-06-26 04:30:51,772 - mmdet - INFO - Epoch [6][5700/7033]	lr: 6.792e-06, eta: 0:19:42, time: 0.807, data_time: 0.029, memory: 4350, loss_cls: 0.0842, loss_bbox: 0.2356, d0.loss_cls: 0.2097, d0.loss_bbox: 0.3747, d1.loss_cls: 0.1366, d1.loss_bbox: 0.2726, d2.loss_cls: 0.1068, d2.loss_bbox: 0.2601, d3.loss_cls: 0.0955, d3.loss_bbox: 0.2389, d4.loss_cls: 0.0889, d4.loss_bbox: 0.2349, loss: 2.3384, grad_norm: 34.6494
2025-06-26 04:31:32,222 - mmdet - INFO - Epoch [6][5750/7033]	lr: 6.792e-06, eta: 0:18:57, time: 0.809, data_time: 0.032, memory: 4350, loss_cls: 0.0839, loss_bbox: 0.2377, d0.loss_cls: 0.2050, d0.loss_bbox: 0.3765, d1.loss_cls: 0.1351, d1.loss_bbox: 0.2728, d2.loss_cls: 0.1091, d2.loss_bbox: 0.2590, d3.loss_cls: 0.0932, d3.loss_bbox: 0.2417, d4.loss_cls: 0.0863, d4.loss_bbox: 0.2379, loss: 2.3382, grad_norm: 28.4857
2025-06-26 04:32:12,606 - mmdet - INFO - Epoch [6][5800/7033]	lr: 6.792e-06, eta: 0:18:13, time: 0.807, data_time: 0.031, memory: 4350, loss_cls: 0.0830, loss_bbox: 0.2447, d0.loss_cls: 0.2021, d0.loss_bbox: 0.3855, d1.loss_cls: 0.1322, d1.loss_bbox: 0.2806, d2.loss_cls: 0.1036, d2.loss_bbox: 0.2690, d3.loss_cls: 0.0920, d3.loss_bbox: 0.2493, d4.loss_cls: 0.0856, d4.loss_bbox: 0.2452, loss: 2.3726, grad_norm: 30.6311
2025-06-26 04:32:52,942 - mmdet - INFO - Epoch [6][5850/7033]	lr: 6.792e-06, eta: 0:17:29, time: 0.807, data_time: 0.030, memory: 4350, loss_cls: 0.0902, loss_bbox: 0.2405, d0.loss_cls: 0.2057, d0.loss_bbox: 0.3828, d1.loss_cls: 0.1384, d1.loss_bbox: 0.2761, d2.loss_cls: 0.1126, d2.loss_bbox: 0.2662, d3.loss_cls: 0.0998, d3.loss_bbox: 0.2441, d4.loss_cls: 0.0924, d4.loss_bbox: 0.2412, loss: 2.3898, grad_norm: 30.9470
2025-06-26 04:33:33,134 - mmdet - INFO - Epoch [6][5900/7033]	lr: 6.792e-06, eta: 0:16:44, time: 0.804, data_time: 0.031, memory: 4350, loss_cls: 0.0856, loss_bbox: 0.2324, d0.loss_cls: 0.2004, d0.loss_bbox: 0.3657, d1.loss_cls: 0.1328, d1.loss_bbox: 0.2675, d2.loss_cls: 0.1075, d2.loss_bbox: 0.2555, d3.loss_cls: 0.0945, d3.loss_bbox: 0.2379, d4.loss_cls: 0.0871, d4.loss_bbox: 0.2342, loss: 2.3011, grad_norm: 31.6396
2025-06-26 04:34:13,405 - mmdet - INFO - Epoch [6][5950/7033]	lr: 6.792e-06, eta: 0:16:00, time: 0.806, data_time: 0.030, memory: 4350, loss_cls: 0.0820, loss_bbox: 0.2347, d0.loss_cls: 0.2001, d0.loss_bbox: 0.3626, d1.loss_cls: 0.1302, d1.loss_bbox: 0.2662, d2.loss_cls: 0.1035, d2.loss_bbox: 0.2573, d3.loss_cls: 0.0924, d3.loss_bbox: 0.2381, d4.loss_cls: 0.0847, d4.loss_bbox: 0.2357, loss: 2.2876, grad_norm: 35.9340
2025-06-26 04:34:53,485 - mmdet - INFO - Epoch [6][6000/7033]	lr: 6.792e-06, eta: 0:15:15, time: 0.802, data_time: 0.029, memory: 4350, loss_cls: 0.0892, loss_bbox: 0.2441, d0.loss_cls: 0.2106, d0.loss_bbox: 0.3760, d1.loss_cls: 0.1388, d1.loss_bbox: 0.2767, d2.loss_cls: 0.1126, d2.loss_bbox: 0.2675, d3.loss_cls: 0.0991, d3.loss_bbox: 0.2478, d4.loss_cls: 0.0918, d4.loss_bbox: 0.2441, loss: 2.3985, grad_norm: 28.2709
2025-06-26 04:35:34,183 - mmdet - INFO - Epoch [6][6050/7033]	lr: 6.792e-06, eta: 0:14:31, time: 0.814, data_time: 0.033, memory: 4350, loss_cls: 0.0862, loss_bbox: 0.2343, d0.loss_cls: 0.2096, d0.loss_bbox: 0.3720, d1.loss_cls: 0.1384, d1.loss_bbox: 0.2700, d2.loss_cls: 0.1090, d2.loss_bbox: 0.2584, d3.loss_cls: 0.0939, d3.loss_bbox: 0.2391, d4.loss_cls: 0.0876, d4.loss_bbox: 0.2350, loss: 2.3338, grad_norm: 25.2080
2025-06-26 04:36:14,707 - mmdet - INFO - Epoch [6][6100/7033]	lr: 6.792e-06, eta: 0:13:46, time: 0.810, data_time: 0.034, memory: 4350, loss_cls: 0.0820, loss_bbox: 0.2292, d0.loss_cls: 0.1978, d0.loss_bbox: 0.3688, d1.loss_cls: 0.1328, d1.loss_bbox: 0.2661, d2.loss_cls: 0.1030, d2.loss_bbox: 0.2539, d3.loss_cls: 0.0909, d3.loss_bbox: 0.2328, d4.loss_cls: 0.0833, d4.loss_bbox: 0.2296, loss: 2.2701, grad_norm: 116.4813
2025-06-26 04:36:55,277 - mmdet - INFO - Epoch [6][6150/7033]	lr: 6.792e-06, eta: 0:13:02, time: 0.811, data_time: 0.034, memory: 4350, loss_cls: 0.0840, loss_bbox: 0.2331, d0.loss_cls: 0.2038, d0.loss_bbox: 0.3754, d1.loss_cls: 0.1357, d1.loss_bbox: 0.2671, d2.loss_cls: 0.1066, d2.loss_bbox: 0.2564, d3.loss_cls: 0.0944, d3.loss_bbox: 0.2363, d4.loss_cls: 0.0870, d4.loss_bbox: 0.2328, loss: 2.3127, grad_norm: 34.3967
2025-06-26 04:37:35,652 - mmdet - INFO - Epoch [6][6200/7033]	lr: 6.792e-06, eta: 0:12:18, time: 0.807, data_time: 0.032, memory: 4350, loss_cls: 0.0874, loss_bbox: 0.2339, d0.loss_cls: 0.1998, d0.loss_bbox: 0.3747, d1.loss_cls: 0.1353, d1.loss_bbox: 0.2683, d2.loss_cls: 0.1111, d2.loss_bbox: 0.2567, d3.loss_cls: 0.0967, d3.loss_bbox: 0.2370, d4.loss_cls: 0.0905, d4.loss_bbox: 0.2340, loss: 2.3255, grad_norm: 19.8146
2025-06-26 04:38:16,036 - mmdet - INFO - Epoch [6][6250/7033]	lr: 6.792e-06, eta: 0:11:33, time: 0.808, data_time: 0.034, memory: 4350, loss_cls: 0.0888, loss_bbox: 0.2357, d0.loss_cls: 0.2066, d0.loss_bbox: 0.3725, d1.loss_cls: 0.1357, d1.loss_bbox: 0.2746, d2.loss_cls: 0.1135, d2.loss_bbox: 0.2609, d3.loss_cls: 0.1000, d3.loss_bbox: 0.2388, d4.loss_cls: 0.0907, d4.loss_bbox: 0.2364, loss: 2.3541, grad_norm: 18.8687
2025-06-26 04:38:56,340 - mmdet - INFO - Epoch [6][6300/7033]	lr: 6.792e-06, eta: 0:10:49, time: 0.806, data_time: 0.034, memory: 4350, loss_cls: 0.0866, loss_bbox: 0.2313, d0.loss_cls: 0.1984, d0.loss_bbox: 0.3719, d1.loss_cls: 0.1352, d1.loss_bbox: 0.2690, d2.loss_cls: 0.1040, d2.loss_bbox: 0.2561, d3.loss_cls: 0.0954, d3.loss_bbox: 0.2340, d4.loss_cls: 0.0887, d4.loss_bbox: 0.2319, loss: 2.3025, grad_norm: 33.4019
2025-06-26 04:39:36,641 - mmdet - INFO - Epoch [6][6350/7033]	lr: 6.792e-06, eta: 0:10:05, time: 0.806, data_time: 0.032, memory: 4350, loss_cls: 0.0847, loss_bbox: 0.2350, d0.loss_cls: 0.2034, d0.loss_bbox: 0.3693, d1.loss_cls: 0.1327, d1.loss_bbox: 0.2701, d2.loss_cls: 0.1048, d2.loss_bbox: 0.2602, d3.loss_cls: 0.0949, d3.loss_bbox: 0.2391, d4.loss_cls: 0.0864, d4.loss_bbox: 0.2363, loss: 2.3167, grad_norm: 33.6443
2025-06-26 04:40:17,212 - mmdet - INFO - Epoch [6][6400/7033]	lr: 6.792e-06, eta: 0:09:20, time: 0.811, data_time: 0.035, memory: 4350, loss_cls: 0.0870, loss_bbox: 0.2437, d0.loss_cls: 0.2017, d0.loss_bbox: 0.3796, d1.loss_cls: 0.1393, d1.loss_bbox: 0.2774, d2.loss_cls: 0.1088, d2.loss_bbox: 0.2684, d3.loss_cls: 0.0961, d3.loss_bbox: 0.2471, d4.loss_cls: 0.0885, d4.loss_bbox: 0.2444, loss: 2.3818, grad_norm: 38.7291
2025-06-26 04:40:57,751 - mmdet - INFO - Epoch [6][6450/7033]	lr: 6.792e-06, eta: 0:08:36, time: 0.811, data_time: 0.033, memory: 4350, loss_cls: 0.0845, loss_bbox: 0.2489, d0.loss_cls: 0.2059, d0.loss_bbox: 0.3836, d1.loss_cls: 0.1357, d1.loss_bbox: 0.2856, d2.loss_cls: 0.1030, d2.loss_bbox: 0.2740, d3.loss_cls: 0.0927, d3.loss_bbox: 0.2527, d4.loss_cls: 0.0865, d4.loss_bbox: 0.2511, loss: 2.4042, grad_norm: 31.9345
2025-06-26 04:41:38,055 - mmdet - INFO - Epoch [6][6500/7033]	lr: 6.792e-06, eta: 0:07:51, time: 0.806, data_time: 0.033, memory: 4350, loss_cls: 0.0884, loss_bbox: 0.2369, d0.loss_cls: 0.2102, d0.loss_bbox: 0.3768, d1.loss_cls: 0.1366, d1.loss_bbox: 0.2752, d2.loss_cls: 0.1080, d2.loss_bbox: 0.2625, d3.loss_cls: 0.0957, d3.loss_bbox: 0.2426, d4.loss_cls: 0.0903, d4.loss_bbox: 0.2371, loss: 2.3603, grad_norm: 15.0379
2025-06-26 04:42:18,788 - mmdet - INFO - Epoch [6][6550/7033]	lr: 6.792e-06, eta: 0:07:07, time: 0.815, data_time: 0.034, memory: 4350, loss_cls: 0.0905, loss_bbox: 0.2454, d0.loss_cls: 0.2085, d0.loss_bbox: 0.3804, d1.loss_cls: 0.1377, d1.loss_bbox: 0.2783, d2.loss_cls: 0.1100, d2.loss_bbox: 0.2683, d3.loss_cls: 0.0985, d3.loss_bbox: 0.2492, d4.loss_cls: 0.0932, d4.loss_bbox: 0.2453, loss: 2.4053, grad_norm: 21.8932
2025-06-26 04:42:58,997 - mmdet - INFO - Epoch [6][6600/7033]	lr: 6.792e-06, eta: 0:06:23, time: 0.804, data_time: 0.032, memory: 4350, loss_cls: 0.0917, loss_bbox: 0.2330, d0.loss_cls: 0.2076, d0.loss_bbox: 0.3789, d1.loss_cls: 0.1386, d1.loss_bbox: 0.2697, d2.loss_cls: 0.1140, d2.loss_bbox: 0.2571, d3.loss_cls: 0.0994, d3.loss_bbox: 0.2368, d4.loss_cls: 0.0936, d4.loss_bbox: 0.2342, loss: 2.3546, grad_norm: 40.5632
2025-06-26 04:43:39,308 - mmdet - INFO - Epoch [6][6650/7033]	lr: 6.792e-06, eta: 0:05:39, time: 0.806, data_time: 0.031, memory: 4350, loss_cls: 0.0897, loss_bbox: 0.2403, d0.loss_cls: 0.2100, d0.loss_bbox: 0.3705, d1.loss_cls: 0.1397, d1.loss_bbox: 0.2727, d2.loss_cls: 0.1082, d2.loss_bbox: 0.2638, d3.loss_cls: 0.0982, d3.loss_bbox: 0.2451, d4.loss_cls: 0.0916, d4.loss_bbox: 0.2406, loss: 2.3707, grad_norm: 24.3357
2025-06-26 04:44:19,734 - mmdet - INFO - Epoch [6][6700/7033]	lr: 6.792e-06, eta: 0:04:54, time: 0.809, data_time: 0.032, memory: 4350, loss_cls: 0.0864, loss_bbox: 0.2354, d0.loss_cls: 0.2060, d0.loss_bbox: 0.3710, d1.loss_cls: 0.1356, d1.loss_bbox: 0.2669, d2.loss_cls: 0.1090, d2.loss_bbox: 0.2577, d3.loss_cls: 0.0959, d3.loss_bbox: 0.2399, d4.loss_cls: 0.0879, d4.loss_bbox: 0.2370, loss: 2.3289, grad_norm: 19.7218
2025-06-26 04:45:00,060 - mmdet - INFO - Epoch [6][6750/7033]	lr: 6.792e-06, eta: 0:04:10, time: 0.807, data_time: 0.033, memory: 4350, loss_cls: 0.0897, loss_bbox: 0.2404, d0.loss_cls: 0.2078, d0.loss_bbox: 0.3727, d1.loss_cls: 0.1425, d1.loss_bbox: 0.2751, d2.loss_cls: 0.1126, d2.loss_bbox: 0.2635, d3.loss_cls: 0.0986, d3.loss_bbox: 0.2441, d4.loss_cls: 0.0908, d4.loss_bbox: 0.2418, loss: 2.3796, grad_norm: 23.0745
2025-06-26 04:45:40,678 - mmdet - INFO - Epoch [6][6800/7033]	lr: 6.792e-06, eta: 0:03:26, time: 0.812, data_time: 0.030, memory: 4350, loss_cls: 0.0859, loss_bbox: 0.2344, d0.loss_cls: 0.1989, d0.loss_bbox: 0.3678, d1.loss_cls: 0.1346, d1.loss_bbox: 0.2689, d2.loss_cls: 0.1084, d2.loss_bbox: 0.2568, d3.loss_cls: 0.0963, d3.loss_bbox: 0.2375, d4.loss_cls: 0.0888, d4.loss_bbox: 0.2341, loss: 2.3122, grad_norm: 16.8819
2025-06-26 04:46:20,999 - mmdet - INFO - Epoch [6][6850/7033]	lr: 6.792e-06, eta: 0:02:41, time: 0.806, data_time: 0.032, memory: 4350, loss_cls: 0.0936, loss_bbox: 0.2406, d0.loss_cls: 0.2106, d0.loss_bbox: 0.3758, d1.loss_cls: 0.1427, d1.loss_bbox: 0.2767, d2.loss_cls: 0.1149, d2.loss_bbox: 0.2652, d3.loss_cls: 0.1011, d3.loss_bbox: 0.2458, d4.loss_cls: 0.0946, d4.loss_bbox: 0.2421, loss: 2.4038, grad_norm: 23.1979
2025-06-26 04:47:01,223 - mmdet - INFO - Epoch [6][6900/7033]	lr: 6.792e-06, eta: 0:01:57, time: 0.804, data_time: 0.032, memory: 4350, loss_cls: 0.0822, loss_bbox: 0.2368, d0.loss_cls: 0.2045, d0.loss_bbox: 0.3732, d1.loss_cls: 0.1325, d1.loss_bbox: 0.2698, d2.loss_cls: 0.1040, d2.loss_bbox: 0.2585, d3.loss_cls: 0.0914, d3.loss_bbox: 0.2393, d4.loss_cls: 0.0854, d4.loss_bbox: 0.2359, loss: 2.3135, grad_norm: 27.1952
2025-06-26 04:47:41,385 - mmdet - INFO - Epoch [6][6950/7033]	lr: 6.792e-06, eta: 0:01:13, time: 0.803, data_time: 0.029, memory: 4350, loss_cls: 0.0875, loss_bbox: 0.2408, d0.loss_cls: 0.2079, d0.loss_bbox: 0.3767, d1.loss_cls: 0.1407, d1.loss_bbox: 0.2722, d2.loss_cls: 0.1098, d2.loss_bbox: 0.2611, d3.loss_cls: 0.0970, d3.loss_bbox: 0.2436, d4.loss_cls: 0.0909, d4.loss_bbox: 0.2411, loss: 2.3693, grad_norm: 16.4491
2025-06-26 04:48:21,813 - mmdet - INFO - Epoch [6][7000/7033]	lr: 6.792e-06, eta: 0:00:29, time: 0.809, data_time: 0.034, memory: 4350, loss_cls: 0.0865, loss_bbox: 0.2337, d0.loss_cls: 0.2026, d0.loss_bbox: 0.3738, d1.loss_cls: 0.1369, d1.loss_bbox: 0.2707, d2.loss_cls: 0.1075, d2.loss_bbox: 0.2585, d3.loss_cls: 0.0944, d3.loss_bbox: 0.2389, d4.loss_cls: 0.0895, d4.loss_bbox: 0.2350, loss: 2.3279, grad_norm: 15.3912
2025-06-26 04:48:48,817 - mmdet - INFO - Saving checkpoint at 6 epochs
2025-06-26 05:14:07,360 - mmdet - INFO - Exp name: lidar_0075v_cam_res101.py
2025-06-26 05:14:07,360 - mmdet - INFO - Epoch(val) [6][3010]	pts_bbox_NuScenes/car_AP_dist_0.5: 0.7537, pts_bbox_NuScenes/car_AP_dist_1.0: 0.8572, pts_bbox_NuScenes/car_AP_dist_2.0: 0.8895, pts_bbox_NuScenes/car_AP_dist_4.0: 0.9088, pts_bbox_NuScenes/car_trans_err: 0.1877, pts_bbox_NuScenes/car_scale_err: 0.1515, pts_bbox_NuScenes/car_orient_err: 0.0480, pts_bbox_NuScenes/car_vel_err: 0.4101, pts_bbox_NuScenes/car_attr_err: 0.1817, pts_bbox_NuScenes/mATE: 0.3314, pts_bbox_NuScenes/mASE: 0.2678, pts_bbox_NuScenes/mAOE: 0.2804, pts_bbox_NuScenes/mAVE: 0.3858, pts_bbox_NuScenes/mAAE: 0.1842, pts_bbox_NuScenes/truck_AP_dist_0.5: 0.3994, pts_bbox_NuScenes/truck_AP_dist_1.0: 0.5899, pts_bbox_NuScenes/truck_AP_dist_2.0: 0.7050, pts_bbox_NuScenes/truck_AP_dist_4.0: 0.7460, pts_bbox_NuScenes/truck_trans_err: 0.3548, pts_bbox_NuScenes/truck_scale_err: 0.2121, pts_bbox_NuScenes/truck_orient_err: 0.0592, pts_bbox_NuScenes/truck_vel_err: 0.3797, pts_bbox_NuScenes/truck_attr_err: 0.2123, pts_bbox_NuScenes/construction_vehicle_AP_dist_0.5: 0.0180, pts_bbox_NuScenes/construction_vehicle_AP_dist_1.0: 0.1367, pts_bbox_NuScenes/construction_vehicle_AP_dist_2.0: 0.3897, pts_bbox_NuScenes/construction_vehicle_AP_dist_4.0: 0.4472, pts_bbox_NuScenes/construction_vehicle_trans_err: 0.8289, pts_bbox_NuScenes/construction_vehicle_scale_err: 0.4657, pts_bbox_NuScenes/construction_vehicle_orient_err: 0.9381, pts_bbox_NuScenes/construction_vehicle_vel_err: 0.1161, pts_bbox_NuScenes/construction_vehicle_attr_err: 0.3002, pts_bbox_NuScenes/bus_AP_dist_0.5: 0.4754, pts_bbox_NuScenes/bus_AP_dist_1.0: 0.7278, pts_bbox_NuScenes/bus_AP_dist_2.0: 0.8601, pts_bbox_NuScenes/bus_AP_dist_4.0: 0.8947, pts_bbox_NuScenes/bus_trans_err: 0.3452, pts_bbox_NuScenes/bus_scale_err: 0.1986, pts_bbox_NuScenes/bus_orient_err: 0.0618, pts_bbox_NuScenes/bus_vel_err: 0.6838, pts_bbox_NuScenes/bus_attr_err: 0.2681, pts_bbox_NuScenes/trailer_AP_dist_0.5: 0.0910, pts_bbox_NuScenes/trailer_AP_dist_1.0: 0.3003, pts_bbox_NuScenes/trailer_AP_dist_2.0: 0.5160, pts_bbox_NuScenes/trailer_AP_dist_4.0: 0.6340, pts_bbox_NuScenes/trailer_trans_err: 0.6078, pts_bbox_NuScenes/trailer_scale_err: 0.2357, pts_bbox_NuScenes/trailer_orient_err: 0.4815, pts_bbox_NuScenes/trailer_vel_err: 0.3603, pts_bbox_NuScenes/trailer_attr_err: 0.1564, pts_bbox_NuScenes/barrier_AP_dist_0.5: 0.5388, pts_bbox_NuScenes/barrier_AP_dist_1.0: 0.6609, pts_bbox_NuScenes/barrier_AP_dist_2.0: 0.7282, pts_bbox_NuScenes/barrier_AP_dist_4.0: 0.7517, pts_bbox_NuScenes/barrier_trans_err: 0.2407, pts_bbox_NuScenes/barrier_scale_err: 0.2785, pts_bbox_NuScenes/barrier_orient_err: 0.0616, pts_bbox_NuScenes/barrier_vel_err: nan, pts_bbox_NuScenes/barrier_attr_err: nan, pts_bbox_NuScenes/motorcycle_AP_dist_0.5: 0.5824, pts_bbox_NuScenes/motorcycle_AP_dist_1.0: 0.7408, pts_bbox_NuScenes/motorcycle_AP_dist_2.0: 0.7766, pts_bbox_NuScenes/motorcycle_AP_dist_4.0: 0.7882, pts_bbox_NuScenes/motorcycle_trans_err: 0.2293, pts_bbox_NuScenes/motorcycle_scale_err: 0.2488, pts_bbox_NuScenes/motorcycle_orient_err: 0.2446, pts_bbox_NuScenes/motorcycle_vel_err: 0.6309, pts_bbox_NuScenes/motorcycle_attr_err: 0.2331, pts_bbox_NuScenes/bicycle_AP_dist_0.5: 0.4999, pts_bbox_NuScenes/bicycle_AP_dist_1.0: 0.5689, pts_bbox_NuScenes/bicycle_AP_dist_2.0: 0.5858, pts_bbox_NuScenes/bicycle_AP_dist_4.0: 0.5982, pts_bbox_NuScenes/bicycle_trans_err: 0.1898, pts_bbox_NuScenes/bicycle_scale_err: 0.2652, pts_bbox_NuScenes/bicycle_orient_err: 0.3074, pts_bbox_NuScenes/bicycle_vel_err: 0.2602, pts_bbox_NuScenes/bicycle_attr_err: 0.0076, pts_bbox_NuScenes/pedestrian_AP_dist_0.5: 0.7645, pts_bbox_NuScenes/pedestrian_AP_dist_1.0: 0.8210, pts_bbox_NuScenes/pedestrian_AP_dist_2.0: 0.8522, pts_bbox_NuScenes/pedestrian_AP_dist_4.0: 0.8698, pts_bbox_NuScenes/pedestrian_trans_err: 0.1670, pts_bbox_NuScenes/pedestrian_scale_err: 0.2979, pts_bbox_NuScenes/pedestrian_orient_err: 0.3217, pts_bbox_NuScenes/pedestrian_vel_err: 0.2455, pts_bbox_NuScenes/pedestrian_attr_err: 0.1141, pts_bbox_NuScenes/traffic_cone_AP_dist_0.5: 0.6745, pts_bbox_NuScenes/traffic_cone_AP_dist_1.0: 0.7184, pts_bbox_NuScenes/traffic_cone_AP_dist_2.0: 0.7586, pts_bbox_NuScenes/traffic_cone_AP_dist_4.0: 0.7929, pts_bbox_NuScenes/traffic_cone_trans_err: 0.1630, pts_bbox_NuScenes/traffic_cone_scale_err: 0.3238, pts_bbox_NuScenes/traffic_cone_orient_err: nan, pts_bbox_NuScenes/traffic_cone_vel_err: nan, pts_bbox_NuScenes/traffic_cone_attr_err: nan, pts_bbox_NuScenes/NDS: 0.6727, pts_bbox_NuScenes/mAP: 0.6353
