2025-06-22 00:56:23,647 - mmdet - INFO - Environment info:
------------------------------------------------------------
sys.platform: linux
Python: 3.8.20 (default, Oct  3 2024, 15:24:27) [GCC 11.2.0]
CUDA available: True
GPU 0,1: NVIDIA GeForce RTX 4090 D
CUDA_HOME: /usr/local/cuda
NVCC: Cuda compilation tools, release 11.8, V11.8.89
GCC: gcc (Ubuntu 9.4.0-1ubuntu1~20.04.2) 9.4.0
PyTorch: 1.13.0+cu116
PyTorch compiling details: PyTorch built with:
  - GCC 9.3
  - C++ Version: 201402
  - Intel(R) Math Kernel Library Version 2020.0.0 Product Build 20191122 for Intel(R) 64 architecture applications
  - Intel(R) MKL-DNN v2.6.0 (Git Hash 52b5f107dd9cf10910aaa19cb47f3abf9b349815)
  - OpenMP 201511 (a.k.a. OpenMP 4.5)
  - LAPACK is enabled (usually provided by MKL)
  - NNPACK is enabled
  - CPU capability usage: AVX2
  - CUDA Runtime 11.6
  - NVCC architecture flags: -gencode;arch=compute_37,code=sm_37;-gencode;arch=compute_50,code=sm_50;-gencode;arch=compute_60,code=sm_60;-gencode;arch=compute_70,code=sm_70;-gencode;arch=compute_75,code=sm_75;-gencode;arch=compute_80,code=sm_80;-gencode;arch=compute_86,code=sm_86
  - CuDNN 8.3.2  (built against CUDA 11.5)
  - Magma 2.6.1
  - Build settings: BLAS_INFO=mkl, BUILD_TYPE=Release, CUDA_VERSION=11.6, CUDNN_VERSION=8.3.2, CXX_COMPILER=/opt/rh/devtoolset-9/root/usr/bin/c++, CXX_FLAGS= -fabi-version=11 -Wno-deprecated -fvisibility-inlines-hidden -DUSE_PTHREADPOOL -fopenmp -DNDEBUG -DUSE_KINETO -DUSE_FBGEMM -DUSE_QNNPACK -DUSE_PYTORCH_QNNPACK -DUSE_XNNPACK -DSYMBOLICATE_MOBILE_DEBUG_HANDLE -DEDGE_PROFILER_USE_KINETO -O2 -fPIC -Wno-narrowing -Wall -Wextra -Werror=return-type -Werror=non-virtual-dtor -Wno-missing-field-initializers -Wno-type-limits -Wno-array-bounds -Wno-unknown-pragmas -Wunused-local-typedefs -Wno-unused-parameter -Wno-unused-function -Wno-unused-result -Wno-strict-overflow -Wno-strict-aliasing -Wno-error=deprecated-declarations -Wno-stringop-overflow -Wno-psabi -Wno-error=pedantic -Wno-error=redundant-decls -Wno-error=old-style-cast -fdiagnostics-color=always -faligned-new -Wno-unused-but-set-variable -Wno-maybe-uninitialized -fno-math-errno -fno-trapping-math -Werror=format -Werror=cast-function-type -Wno-stringop-overflow, LAPACK_INFO=mkl, PERF_WITH_AVX=1, PERF_WITH_AVX2=1, PERF_WITH_AVX512=1, TORCH_VERSION=1.13.0, USE_CUDA=ON, USE_CUDNN=ON, USE_EXCEPTION_PTR=1, USE_GFLAGS=OFF, USE_GLOG=OFF, USE_MKL=ON, USE_MKLDNN=ON, USE_MPI=OFF, USE_NCCL=ON, USE_NNPACK=ON, USE_OPENMP=ON, USE_ROCM=OFF, 

TorchVision: 0.14.0+cu116
OpenCV: 4.11.0
MMCV: 1.7.0
MMCV Compiler: GCC 9.3
MMCV CUDA Compiler: 11.6
MMDetection: 2.27.0
MMSegmentation: 0.30.0
MMDetection3D: 1.0.0rc6+7d27632
spconv2.0: True
------------------------------------------------------------

2025-06-22 00:56:24,207 - mmdet - INFO - 分布式训练: True
2025-06-22 00:56:24,762 - mmdet - INFO - 配置:
point_cloud_range = [-54, -54, -5.0, 54, 54, 3.0]
class_names = [
    'car', 'truck', 'construction_vehicle', 'bus', 'trailer', 'barrier',
    'motorcycle', 'bicycle', 'pedestrian', 'traffic_cone'
]
dataset_type = 'NuScenesDataset'
data_root = 'data/nuscenes/'
input_modality = dict(
    use_lidar=True,
    use_camera=True,
    use_radar=False,
    use_map=False,
    use_external=False)
file_client_args = dict(backend='disk')
train_pipeline = [
    dict(type='LoadMultiViewImageFromFiles', to_float32=True),
    dict(
        type='LoadPointsFromFile',
        coord_type='LIDAR',
        load_dim=5,
        use_dim=5,
        file_client_args=dict(backend='disk')),
    dict(
        type='LoadPointsFromMultiSweeps',
        sweeps_num=9,
        use_dim=[0, 1, 2, 3, 4],
        file_client_args=dict(backend='disk'),
        pad_empty_sweeps=True,
        remove_close=True),
    dict(type='PhotoMetricDistortionMultiViewImage'),
    dict(type='LoadAnnotations3D', with_bbox_3d=True, with_label_3d=True),
    dict(
        type='PointsRangeFilter',
        point_cloud_range=[-54, -54, -5.0, 54, 54, 3.0]),
    dict(
        type='ObjectRangeFilter',
        point_cloud_range=[-54, -54, -5.0, 54, 54, 3.0]),
    dict(
        type='ObjectNameFilter',
        classes=[
            'car', 'truck', 'construction_vehicle', 'bus', 'trailer',
            'barrier', 'motorcycle', 'bicycle', 'pedestrian', 'traffic_cone'
        ]),
    dict(
        type='NormalizeMultiviewImage',
        mean=[103.53, 116.28, 123.675],
        std=[1.0, 1.0, 1.0],
        to_rgb=False),
    dict(type='PadMultiViewImage', size_divisor=32),
    dict(type='PointShuffle'),
    dict(
        type='DefaultFormatBundle3D',
        class_names=[
            'car', 'truck', 'construction_vehicle', 'bus', 'trailer',
            'barrier', 'motorcycle', 'bicycle', 'pedestrian', 'traffic_cone'
        ]),
    dict(
        type='Collect3D',
        keys=['points', 'img', 'gt_bboxes_3d', 'gt_labels_3d'])
]
test_pipeline = [
    dict(type='LoadMultiViewImageFromFiles', to_float32=True),
    dict(
        type='LoadPointsFromFile',
        coord_type='LIDAR',
        load_dim=5,
        use_dim=5,
        file_client_args=dict(backend='disk')),
    dict(
        type='LoadPointsFromMultiSweeps',
        sweeps_num=9,
        use_dim=[0, 1, 2, 3, 4],
        file_client_args=dict(backend='disk'),
        pad_empty_sweeps=True,
        remove_close=True),
    dict(
        type='NormalizeMultiviewImage',
        mean=[103.53, 116.28, 123.675],
        std=[1.0, 1.0, 1.0],
        to_rgb=False),
    dict(type='PadMultiViewImage', size_divisor=32),
    dict(
        type='MultiScaleFlipAug3D',
        img_scale=(1333, 800),
        pts_scale_ratio=1,
        flip=False,
        transforms=[
            dict(
                type='GlobalRotScaleTrans',
                rot_range=[0, 0],
                scale_ratio_range=[1.0, 1.0],
                translation_std=[0, 0, 0]),
            dict(type='RandomFlip3D'),
            dict(
                type='PointsRangeFilter',
                point_cloud_range=[-54, -54, -5.0, 54, 54, 3.0]),
            dict(
                type='DefaultFormatBundle3D',
                class_names=[
                    'car', 'truck', 'construction_vehicle', 'bus', 'trailer',
                    'barrier', 'motorcycle', 'bicycle', 'pedestrian',
                    'traffic_cone'
                ],
                with_label=False),
            dict(type='Collect3D', keys=['points', 'img'])
        ])
]
eval_pipeline = [
    dict(
        type='LoadPointsFromFile',
        coord_type='LIDAR',
        load_dim=5,
        use_dim=5,
        file_client_args=dict(backend='disk')),
    dict(
        type='LoadPointsFromMultiSweeps',
        sweeps_num=9,
        use_dim=[0, 1, 2, 3, 4],
        file_client_args=dict(backend='disk'),
        pad_empty_sweeps=True,
        remove_close=True),
    dict(
        type='DefaultFormatBundle3D',
        class_names=[
            'car', 'truck', 'construction_vehicle', 'bus', 'trailer',
            'barrier', 'motorcycle', 'bicycle', 'pedestrian', 'traffic_cone'
        ],
        with_label=False),
    dict(type='Collect3D', keys=['points'])
]
data = dict(
    samples_per_gpu=2,
    workers_per_gpu=4,
    train=dict(
        type='NuScenesDataset',
        data_root='data/nuscenes/',
        ann_file='data/nuscenes/nuscenes_infos_train.pkl',
        pipeline=[
            dict(type='LoadMultiViewImageFromFiles', to_float32=True),
            dict(
                type='LoadPointsFromFile',
                coord_type='LIDAR',
                load_dim=5,
                use_dim=5,
                file_client_args=dict(backend='disk')),
            dict(
                type='LoadPointsFromMultiSweeps',
                sweeps_num=9,
                use_dim=[0, 1, 2, 3, 4],
                file_client_args=dict(backend='disk'),
                pad_empty_sweeps=True,
                remove_close=True),
            dict(type='PhotoMetricDistortionMultiViewImage'),
            dict(
                type='LoadAnnotations3D',
                with_bbox_3d=True,
                with_label_3d=True),
            dict(
                type='PointsRangeFilter',
                point_cloud_range=[-54, -54, -5.0, 54, 54, 3.0]),
            dict(
                type='ObjectRangeFilter',
                point_cloud_range=[-54, -54, -5.0, 54, 54, 3.0]),
            dict(
                type='ObjectNameFilter',
                classes=[
                    'car', 'truck', 'construction_vehicle', 'bus', 'trailer',
                    'barrier', 'motorcycle', 'bicycle', 'pedestrian',
                    'traffic_cone'
                ]),
            dict(
                type='NormalizeMultiviewImage',
                mean=[103.53, 116.28, 123.675],
                std=[1.0, 1.0, 1.0],
                to_rgb=False),
            dict(type='PadMultiViewImage', size_divisor=32),
            dict(type='PointShuffle'),
            dict(
                type='DefaultFormatBundle3D',
                class_names=[
                    'car', 'truck', 'construction_vehicle', 'bus', 'trailer',
                    'barrier', 'motorcycle', 'bicycle', 'pedestrian',
                    'traffic_cone'
                ]),
            dict(
                type='Collect3D',
                keys=['points', 'img', 'gt_bboxes_3d', 'gt_labels_3d'])
        ],
        classes=[
            'car', 'truck', 'construction_vehicle', 'bus', 'trailer',
            'barrier', 'motorcycle', 'bicycle', 'pedestrian', 'traffic_cone'
        ],
        modality=dict(
            use_lidar=True,
            use_camera=True,
            use_radar=False,
            use_map=False,
            use_external=False),
        test_mode=False,
        box_type_3d='LiDAR',
        use_valid_flag=True),
    val=dict(
        type='NuScenesDataset',
        data_root='data/nuscenes/',
        ann_file='data/nuscenes/nuscenes_infos_val.pkl',
        pipeline=[
            dict(type='LoadMultiViewImageFromFiles', to_float32=True),
            dict(
                type='LoadPointsFromFile',
                coord_type='LIDAR',
                load_dim=5,
                use_dim=5,
                file_client_args=dict(backend='disk')),
            dict(
                type='LoadPointsFromMultiSweeps',
                sweeps_num=9,
                use_dim=[0, 1, 2, 3, 4],
                file_client_args=dict(backend='disk'),
                pad_empty_sweeps=True,
                remove_close=True),
            dict(
                type='NormalizeMultiviewImage',
                mean=[103.53, 116.28, 123.675],
                std=[1.0, 1.0, 1.0],
                to_rgb=False),
            dict(type='PadMultiViewImage', size_divisor=32),
            dict(
                type='MultiScaleFlipAug3D',
                img_scale=(1333, 800),
                pts_scale_ratio=1,
                flip=False,
                transforms=[
                    dict(
                        type='GlobalRotScaleTrans',
                        rot_range=[0, 0],
                        scale_ratio_range=[1.0, 1.0],
                        translation_std=[0, 0, 0]),
                    dict(type='RandomFlip3D'),
                    dict(
                        type='PointsRangeFilter',
                        point_cloud_range=[-54, -54, -5.0, 54, 54, 3.0]),
                    dict(
                        type='DefaultFormatBundle3D',
                        class_names=[
                            'car', 'truck', 'construction_vehicle', 'bus',
                            'trailer', 'barrier', 'motorcycle', 'bicycle',
                            'pedestrian', 'traffic_cone'
                        ],
                        with_label=False),
                    dict(type='Collect3D', keys=['points', 'img'])
                ])
        ],
        classes=[
            'car', 'truck', 'construction_vehicle', 'bus', 'trailer',
            'barrier', 'motorcycle', 'bicycle', 'pedestrian', 'traffic_cone'
        ],
        modality=dict(
            use_lidar=True,
            use_camera=True,
            use_radar=False,
            use_map=False,
            use_external=False),
        test_mode=True,
        box_type_3d='LiDAR'),
    test=dict(
        type='NuScenesDataset',
        data_root='data/nuscenes/',
        ann_file='data/nuscenes/nuscenes_infos_test.pkl',
        pipeline=[
            dict(type='LoadMultiViewImageFromFiles', to_float32=True),
            dict(
                type='LoadPointsFromFile',
                coord_type='LIDAR',
                load_dim=5,
                use_dim=5,
                file_client_args=dict(backend='disk')),
            dict(
                type='LoadPointsFromMultiSweeps',
                sweeps_num=9,
                use_dim=[0, 1, 2, 3, 4],
                file_client_args=dict(backend='disk'),
                pad_empty_sweeps=True,
                remove_close=True),
            dict(
                type='NormalizeMultiviewImage',
                mean=[103.53, 116.28, 123.675],
                std=[1.0, 1.0, 1.0],
                to_rgb=False),
            dict(type='PadMultiViewImage', size_divisor=32),
            dict(
                type='MultiScaleFlipAug3D',
                img_scale=(1333, 800),
                pts_scale_ratio=1,
                flip=False,
                transforms=[
                    dict(
                        type='GlobalRotScaleTrans',
                        rot_range=[0, 0],
                        scale_ratio_range=[1.0, 1.0],
                        translation_std=[0, 0, 0]),
                    dict(type='RandomFlip3D'),
                    dict(
                        type='PointsRangeFilter',
                        point_cloud_range=[-54, -54, -5.0, 54, 54, 3.0]),
                    dict(
                        type='DefaultFormatBundle3D',
                        class_names=[
                            'car', 'truck', 'construction_vehicle', 'bus',
                            'trailer', 'barrier', 'motorcycle', 'bicycle',
                            'pedestrian', 'traffic_cone'
                        ],
                        with_label=False),
                    dict(type='Collect3D', keys=['points', 'img'])
                ])
        ],
        classes=[
            'car', 'truck', 'construction_vehicle', 'bus', 'trailer',
            'barrier', 'motorcycle', 'bicycle', 'pedestrian', 'traffic_cone'
        ],
        modality=dict(
            use_lidar=True,
            use_camera=True,
            use_radar=False,
            use_map=False,
            use_external=False),
        test_mode=True,
        box_type_3d='LiDAR'))
evaluation = dict(
    interval=1,
    pipeline=[
        dict(
            type='LoadPointsFromFile',
            coord_type='LIDAR',
            load_dim=5,
            use_dim=5,
            file_client_args=dict(backend='disk')),
        dict(
            type='LoadPointsFromMultiSweeps',
            sweeps_num=10,
            file_client_args=dict(backend='disk')),
        dict(
            type='DefaultFormatBundle3D',
            class_names=[
                'car', 'truck', 'trailer', 'bus', 'construction_vehicle',
                'bicycle', 'motorcycle', 'pedestrian', 'traffic_cone',
                'barrier'
            ],
            with_label=False),
        dict(type='Collect3D', keys=['points'])
    ])
checkpoint_config = dict(interval=1, max_keep_ckpts=1)
log_config = dict(
    interval=50,
    hooks=[dict(type='TextLoggerHook'),
           dict(type='TensorboardLoggerHook')])
dist_params = dict(backend='nccl')
log_level = 'INFO'
work_dir = './work_dirs/lidar_0075v_cam_res_2x2_hednetmiddleencoder_hednetbackbone4_dss0511_dp03_hugeep2_num2_morton_conv_xy_rope_bs2/Port4092_fusionv3layer2state32cllc'
load_from = 'pretrained/hedres_forced.pth'
resume_from = None
workflow = [('train', 1)]
opencv_num_threads = 0
mp_start_method = 'fork'
plugin = 'plugin/futr3d'
voxel_size = [0.075, 0.075, 0.2]
img_norm_cfg = dict(
    mean=[103.53, 116.28, 123.675], std=[1.0, 1.0, 1.0], to_rgb=False)
center_head = dict(
    type='CenterHead',
    in_channels=512,
    tasks=[
        dict(num_class=1, class_names=['car']),
        dict(num_class=2, class_names=['truck', 'construction_vehicle']),
        dict(num_class=2, class_names=['bus', 'trailer']),
        dict(num_class=1, class_names=['barrier']),
        dict(num_class=2, class_names=['motorcycle', 'bicycle']),
        dict(num_class=2, class_names=['pedestrian', 'traffic_cone'])
    ],
    common_heads=dict(
        reg=(2, 2), height=(1, 2), dim=(3, 2), rot=(2, 2), vel=(2, 2)),
    share_conv_channel=64,
    bbox_coder=dict(
        type='CenterPointBBoxCoder',
        pc_range=[-54, -54],
        post_center_range=[-61.2, -61.2, -10.0, 61.2, 61.2, 10.0],
        max_num=500,
        score_threshold=0.1,
        out_size_factor=8,
        voxel_size=[0.075, 0.075],
        code_size=9),
    separate_head=dict(type='SeparateHead', init_bias=-2.19, final_kernel=3),
    loss_cls=dict(type='GaussianFocalLoss', reduction='mean'),
    loss_bbox=dict(type='L1Loss', reduction='mean', loss_weight=0.25),
    norm_bbox=True)
model = dict(
    type='FUTR3D',
    use_lidar=True,
    use_camera=True,
    use_radar=False,
    use_grid_mask=True,
    freeze_backbone=True,
    img_backbone=dict(
        type='ResNet',
        depth=101,
        num_stages=4,
        out_indices=(0, 1, 2, 3),
        frozen_stages=1,
        norm_cfg=dict(type='BN2d', requires_grad=False),
        norm_eval=True,
        style='caffe',
        dcn=dict(type='DCNv2', deform_groups=1, fallback_on_stride=False),
        stage_with_dcn=(False, False, True, True)),
    img_neck=dict(
        type='FPN',
        in_channels=[256, 512, 1024, 2048],
        out_channels=256,
        start_level=1,
        add_extra_convs='on_output',
        num_outs=4,
        relu_before_extra_convs=True),
    pts_voxel_layer=dict(
        max_num_points=-1,
        voxel_size=[0.075, 0.075, 0.2],
        max_voxels=(-1, -1),
        point_cloud_range=[-54, -54, -5.0, 54, 54, 3.0]),
    pts_voxel_encoder=dict(
        type='DynamicVFE',
        in_channels=5,
        feat_channels=[64, 128],
        with_distance=False,
        with_cluster_center=True,
        with_voxel_center=True,
        voxel_size=[0.075, 0.075, 0.2],
        point_cloud_range=[-54, -54, -5.0, 54, 54, 3.0]),
    pts_middle_encoder=dict(
        type='HEDNet',
        in_channels=128,
        sparse_shape=[41, 1440, 1440],
        model_cfg=dict(
            FEATURE_DIM=128,
            NUM_LAYERS=2,
            NUM_SBB=[2, 1, 1],
            DOWN_STRIDE=[1, 2, 2],
            DOWN_KERNEL_SIZE=[3, 3, 3])),
    pts_backbone=dict(
        type='CascadeDEDBackbone',
        in_channels=256,
        model_cfg=dict(
            USE_SECONDMAMBA=False,
            FEATURE_DIM=256,
            NUM_LAYERS=4,
            NUM_SBB=[2, 1, 1],
            DOWN_STRIDES=[1, 2, 2])),
    pts_neck=dict(
        type='FPN',
        norm_cfg=dict(type='BN2d', eps=0.001, momentum=0.01),
        act_cfg=dict(type='ReLU', inplace=False),
        in_channels=[256],
        out_channels=256,
        start_level=0,
        add_extra_convs=True,
        num_outs=4,
        relu_before_extra_convs=True),
    pts_bbox_head=dict(
        type='FUTR3DHead',
        use_dab=True,
        use_dss=True,
        use_hybrid=False,
        dss_date_version='0511',
        dss_drop_prob=0.3,
        dss_mamba_version='DSSMamba_Huge_EP2',
        dss_num_layers=2,
        dss_use_morton=True,
        dss_use_conv=True,
        dss_use_xy=True,
        dss_use_rope=True,
        dss_stack=True,
        dss_strong_cls=True,
        anchor_size=3,
        num_query=900,
        num_classes=10,
        in_channels=256,
        pc_range=[-54, -54, -5.0, 54, 54, 3.0],
        sync_cls_avg_factor=True,
        with_box_refine=True,
        as_two_stage=False,
        code_weights=[1.0, 1.0, 1.0, 1.0, 1.0, 1.0, 1.0, 1.0, 0.2, 0.2],
        transformer=dict(
            type='FUTR3DTransformer',
            use_dab=True,
            decoder=dict(
                type='FUTR3DTransformerDecoder',
                num_layers=6,
                use_dab=True,
                anchor_size=3,
                return_intermediate=True,
                transformerlayers=dict(
                    type='DetrTransformerDecoderLayer',
                    attn_cfgs=[
                        dict(
                            type='MultiheadAttention',
                            embed_dims=256,
                            num_heads=8,
                            dropout=0.1),
                        dict(
                            type='FUTR3DAttention',
                            use_lidar=True,
                            use_camera=True,
                            use_radar=False,
                            pc_range=[-54, -54, -5.0, 54, 54, 3.0],
                            embed_dims=256)
                    ],
                    feedforward_channels=1024,
                    ffn_dropout=0.1,
                    operation_order=('self_attn', 'norm', 'cross_attn', 'norm',
                                     'ffn', 'norm')))),
        positional_encoding=dict(
            type='SinePositionalEncoding',
            num_feats=128,
            normalize=True,
            offset=-0.5),
        loss_cls=dict(
            type='FocalLoss',
            use_sigmoid=True,
            gamma=2.0,
            alpha=0.25,
            loss_weight=2.0),
        loss_bbox=dict(type='L1Loss', loss_weight=0.25),
        loss_iou=dict(type='GIoULoss', loss_weight=0)),
    train_cfg=dict(
        pts=dict(
            point_cloud_range=[-54, -54, -5.0, 54, 54, 3.0],
            pc_range=[-54, -54, -5.0, 54, 54, 3.0],
            grid_size=[1440, 1440, 40],
            voxel_size=[0.075, 0.075, 0.2],
            out_size_factor=8,
            dense_reg=1,
            gaussian_overlap=0.1,
            max_objs=500,
            min_radius=2,
            code_weights=[1.0, 1.0, 1.0, 1.0, 1.0, 1.0, 1.0, 1.0, 0.2, 0.2],
            assigner=dict(
                type='HungarianAssigner3D',
                cls_cost=dict(type='FocalLossCost', weight=2.0),
                reg_cost=dict(type='BBox3DL1Cost', weight=0.25),
                iou_cost=dict(type='IoUCost', weight=0)))),
    test_cfg=dict(
        pts=dict(
            pc_range=[-54, -54],
            post_center_limit_range=[-61.2, -61.2, -10.0, 61.2, 61.2, 10.0],
            max_per_img=500,
            max_pool_nms=False,
            min_radius=[4, 12, 10, 1, 0.85, 0.175],
            out_size_factor=8,
            voxel_size=[0.075, 0.075],
            nms_type='circle',
            pre_max_size=1000,
            post_max_size=83,
            nms_thr=0.2,
            max_num=300,
            score_threshold=0,
            post_center_range=[-61.2, -61.2, -10.0, 61.2, 61.2, 10.0])))
db_sampler = dict(
    data_root='data/nuscenes/',
    info_path='data/nuscenes/nuscenes_dbinfos_train.pkl',
    rate=1.0,
    prepare=dict(
        filter_by_difficulty=[-1],
        filter_by_min_points=dict(
            car=5,
            truck=5,
            bus=5,
            trailer=5,
            construction_vehicle=5,
            traffic_cone=5,
            barrier=5,
            motorcycle=5,
            bicycle=5,
            pedestrian=5)),
    classes=[
        'car', 'truck', 'construction_vehicle', 'bus', 'trailer', 'barrier',
        'motorcycle', 'bicycle', 'pedestrian', 'traffic_cone'
    ],
    sample_groups=dict(
        car=2,
        truck=3,
        construction_vehicle=7,
        bus=4,
        trailer=6,
        barrier=2,
        motorcycle=6,
        bicycle=6,
        pedestrian=2,
        traffic_cone=2),
    points_loader=dict(
        type='LoadPointsFromFile',
        coord_type='LIDAR',
        load_dim=5,
        use_dim=[0, 1, 2, 3, 4],
        file_client_args=dict(backend='disk')))
find_unused_parameters = True
runner = dict(type='EpochBasedRunner', max_epochs=6)
optimizer = dict(
    type='AdamW',
    lr=2.5e-05,
    paramwise_cfg=dict(
        custom_keys=dict(
            img_backbone=dict(lr_mult=0.1),
            img_neck=dict(lr_mult=0.1),
            pts_middle_encoder=dict(lr_mult=0.1),
            pts_backbone=dict(lr_mult=0.1),
            pts_neck=dict(lr_mult=0.1))),
    weight_decay=0.01)
optimizer_config = dict(grad_clip=dict(max_norm=35, norm_type=2))
lr_config = dict(
    policy='CosineAnnealing',
    warmup='linear',
    warmup_iters=500,
    warmup_ratio=0.3333333333333333,
    min_lr_ratio=0.001)
cudnn_benchmark = True
gpu_ids = range(0, 2)

2025-06-22 00:56:24,762 - mmdet - INFO - 设置随机种子为 0, deterministic: False
2025-06-22 00:56:25,731 - mmdet - INFO - initialize FPN with init_cfg {'type': 'Xavier', 'layer': 'Conv2d', 'distribution': 'uniform'}
2025-06-22 00:56:26,067 - mmdet - INFO - initialize ResNet with init_cfg [{'type': 'Kaiming', 'layer': 'Conv2d'}, {'type': 'Constant', 'val': 1, 'layer': ['_BatchNorm', 'GroupNorm']}]
2025-06-22 00:56:26,141 - mmdet - INFO - initialize Bottleneck with init_cfg {'type': 'Constant', 'val': 0, 'override': {'name': 'norm3'}}
2025-06-22 00:56:26,141 - mmdet - INFO - initialize Bottleneck with init_cfg {'type': 'Constant', 'val': 0, 'override': {'name': 'norm3'}}
2025-06-22 00:56:26,192 - mmdet - INFO - initialize Bottleneck with init_cfg {'type': 'Constant', 'val': 0, 'override': {'name': 'norm3'}}
2025-06-22 00:56:26,242 - mmdet - INFO - initialize Bottleneck with init_cfg {'type': 'Constant', 'val': 0, 'override': {'name': 'norm3'}}
2025-06-22 00:56:26,292 - mmdet - INFO - initialize Bottleneck with init_cfg {'type': 'Constant', 'val': 0, 'override': {'name': 'norm3'}}
2025-06-22 00:56:26,342 - mmdet - INFO - initialize Bottleneck with init_cfg {'type': 'Constant', 'val': 0, 'override': {'name': 'norm3'}}
2025-06-22 00:56:26,392 - mmdet - INFO - initialize Bottleneck with init_cfg {'type': 'Constant', 'val': 0, 'override': {'name': 'norm3'}}
2025-06-22 00:56:26,444 - mmdet - INFO - initialize Bottleneck with init_cfg {'type': 'Constant', 'val': 0, 'override': {'name': 'norm3'}}
2025-06-22 00:56:26,494 - mmdet - INFO - initialize Bottleneck with init_cfg {'type': 'Constant', 'val': 0, 'override': {'name': 'norm3'}}
2025-06-22 00:56:26,545 - mmdet - INFO - initialize Bottleneck with init_cfg {'type': 'Constant', 'val': 0, 'override': {'name': 'norm3'}}
2025-06-22 00:56:26,596 - mmdet - INFO - initialize Bottleneck with init_cfg {'type': 'Constant', 'val': 0, 'override': {'name': 'norm3'}}
2025-06-22 00:56:26,652 - mmdet - INFO - initialize Bottleneck with init_cfg {'type': 'Constant', 'val': 0, 'override': {'name': 'norm3'}}
2025-06-22 00:56:26,703 - mmdet - INFO - initialize Bottleneck with init_cfg {'type': 'Constant', 'val': 0, 'override': {'name': 'norm3'}}
2025-06-22 00:56:26,754 - mmdet - INFO - initialize Bottleneck with init_cfg {'type': 'Constant', 'val': 0, 'override': {'name': 'norm3'}}
2025-06-22 00:56:26,804 - mmdet - INFO - initialize Bottleneck with init_cfg {'type': 'Constant', 'val': 0, 'override': {'name': 'norm3'}}
2025-06-22 00:56:26,853 - mmdet - INFO - initialize Bottleneck with init_cfg {'type': 'Constant', 'val': 0, 'override': {'name': 'norm3'}}
2025-06-22 00:56:26,904 - mmdet - INFO - initialize Bottleneck with init_cfg {'type': 'Constant', 'val': 0, 'override': {'name': 'norm3'}}
2025-06-22 00:56:26,954 - mmdet - INFO - initialize Bottleneck with init_cfg {'type': 'Constant', 'val': 0, 'override': {'name': 'norm3'}}
2025-06-22 00:56:27,003 - mmdet - INFO - initialize Bottleneck with init_cfg {'type': 'Constant', 'val': 0, 'override': {'name': 'norm3'}}
2025-06-22 00:56:27,054 - mmdet - INFO - initialize Bottleneck with init_cfg {'type': 'Constant', 'val': 0, 'override': {'name': 'norm3'}}
2025-06-22 00:56:27,104 - mmdet - INFO - initialize Bottleneck with init_cfg {'type': 'Constant', 'val': 0, 'override': {'name': 'norm3'}}
2025-06-22 00:56:27,153 - mmdet - INFO - initialize Bottleneck with init_cfg {'type': 'Constant', 'val': 0, 'override': {'name': 'norm3'}}
2025-06-22 00:56:27,204 - mmdet - INFO - initialize Bottleneck with init_cfg {'type': 'Constant', 'val': 0, 'override': {'name': 'norm3'}}
2025-06-22 00:56:27,255 - mmdet - INFO - initialize Bottleneck with init_cfg {'type': 'Constant', 'val': 0, 'override': {'name': 'norm3'}}
2025-06-22 00:56:27,305 - mmdet - INFO - initialize Bottleneck with init_cfg {'type': 'Constant', 'val': 0, 'override': {'name': 'norm3'}}
2025-06-22 00:56:27,354 - mmdet - INFO - initialize Bottleneck with init_cfg {'type': 'Constant', 'val': 0, 'override': {'name': 'norm3'}}
2025-06-22 00:56:27,405 - mmdet - INFO - initialize Bottleneck with init_cfg {'type': 'Constant', 'val': 0, 'override': {'name': 'norm3'}}
2025-06-22 00:56:27,472 - mmdet - INFO - initialize Bottleneck with init_cfg {'type': 'Constant', 'val': 0, 'override': {'name': 'norm3'}}
2025-06-22 00:56:27,521 - mmdet - INFO - initialize Bottleneck with init_cfg {'type': 'Constant', 'val': 0, 'override': {'name': 'norm3'}}
2025-06-22 00:56:27,564 - mmdet - INFO - initialize Bottleneck with init_cfg {'type': 'Constant', 'val': 0, 'override': {'name': 'norm3'}}
2025-06-22 00:56:27,619 - mmdet - INFO - initialize Bottleneck with init_cfg {'type': 'Constant', 'val': 0, 'override': {'name': 'norm3'}}
2025-06-22 00:56:27,660 - mmdet - INFO - initialize Bottleneck with init_cfg {'type': 'Constant', 'val': 0, 'override': {'name': 'norm3'}}
2025-06-22 00:56:27,702 - mmdet - INFO - initialize Bottleneck with init_cfg {'type': 'Constant', 'val': 0, 'override': {'name': 'norm3'}}
2025-06-22 00:56:27,755 - mmdet - INFO - initialize FPN with init_cfg {'type': 'Xavier', 'layer': 'Conv2d', 'distribution': 'uniform'}
Name of parameter - Initialization information

pts_voxel_encoder.vfe_layers.0.0.weight - torch.Size([64, 11]): 
The value is the same before and after calling `init_weights` of FUTR3D  

pts_voxel_encoder.vfe_layers.0.1.weight - torch.Size([64]): 
The value is the same before and after calling `init_weights` of FUTR3D  

pts_voxel_encoder.vfe_layers.0.1.bias - torch.Size([64]): 
The value is the same before and after calling `init_weights` of FUTR3D  

pts_voxel_encoder.vfe_layers.1.0.weight - torch.Size([128, 128]): 
The value is the same before and after calling `init_weights` of FUTR3D  

pts_voxel_encoder.vfe_layers.1.1.weight - torch.Size([128]): 
The value is the same before and after calling `init_weights` of FUTR3D  

pts_voxel_encoder.vfe_layers.1.1.bias - torch.Size([128]): 
The value is the same before and after calling `init_weights` of FUTR3D  

pts_middle_encoder.conv1.0.0.weight - torch.Size([16, 3, 3, 3, 128]): 
Initialized by user-defined `init_weights` in HEDNet  

pts_middle_encoder.conv1.0.1.weight - torch.Size([16]): 
The value is the same before and after calling `init_weights` of FUTR3D  

pts_middle_encoder.conv1.0.1.bias - torch.Size([16]): 
The value is the same before and after calling `init_weights` of FUTR3D  

pts_middle_encoder.conv1.1.conv1.weight - torch.Size([16, 3, 3, 3, 16]): 
Initialized by user-defined `init_weights` in HEDNet  

pts_middle_encoder.conv1.1.conv1.bias - torch.Size([16]): 
The value is the same before and after calling `init_weights` of FUTR3D  

pts_middle_encoder.conv1.1.bn1.weight - torch.Size([16]): 
The value is the same before and after calling `init_weights` of FUTR3D  

pts_middle_encoder.conv1.1.bn1.bias - torch.Size([16]): 
The value is the same before and after calling `init_weights` of FUTR3D  

pts_middle_encoder.conv1.1.conv2.weight - torch.Size([16, 3, 3, 3, 16]): 
Initialized by user-defined `init_weights` in HEDNet  

pts_middle_encoder.conv1.1.conv2.bias - torch.Size([16]): 
The value is the same before and after calling `init_weights` of FUTR3D  

pts_middle_encoder.conv1.1.bn2.weight - torch.Size([16]): 
The value is the same before and after calling `init_weights` of FUTR3D  

pts_middle_encoder.conv1.1.bn2.bias - torch.Size([16]): 
The value is the same before and after calling `init_weights` of FUTR3D  

pts_middle_encoder.conv1.2.conv1.weight - torch.Size([16, 3, 3, 3, 16]): 
Initialized by user-defined `init_weights` in HEDNet  

pts_middle_encoder.conv1.2.conv1.bias - torch.Size([16]): 
The value is the same before and after calling `init_weights` of FUTR3D  

pts_middle_encoder.conv1.2.bn1.weight - torch.Size([16]): 
The value is the same before and after calling `init_weights` of FUTR3D  

pts_middle_encoder.conv1.2.bn1.bias - torch.Size([16]): 
The value is the same before and after calling `init_weights` of FUTR3D  

pts_middle_encoder.conv1.2.conv2.weight - torch.Size([16, 3, 3, 3, 16]): 
Initialized by user-defined `init_weights` in HEDNet  

pts_middle_encoder.conv1.2.conv2.bias - torch.Size([16]): 
The value is the same before and after calling `init_weights` of FUTR3D  

pts_middle_encoder.conv1.2.bn2.weight - torch.Size([16]): 
The value is the same before and after calling `init_weights` of FUTR3D  

pts_middle_encoder.conv1.2.bn2.bias - torch.Size([16]): 
The value is the same before and after calling `init_weights` of FUTR3D  

pts_middle_encoder.conv1.3.0.weight - torch.Size([32, 3, 3, 3, 16]): 
Initialized by user-defined `init_weights` in HEDNet  

pts_middle_encoder.conv1.3.1.weight - torch.Size([32]): 
The value is the same before and after calling `init_weights` of FUTR3D  

pts_middle_encoder.conv1.3.1.bias - torch.Size([32]): 
The value is the same before and after calling `init_weights` of FUTR3D  

pts_middle_encoder.conv2.0.encoder.0.blocks.1.conv1.weight - torch.Size([32, 3, 3, 3, 32]): 
Initialized by user-defined `init_weights` in HEDNet  

pts_middle_encoder.conv2.0.encoder.0.blocks.1.conv1.bias - torch.Size([32]): 
The value is the same before and after calling `init_weights` of FUTR3D  

pts_middle_encoder.conv2.0.encoder.0.blocks.1.bn1.weight - torch.Size([32]): 
The value is the same before and after calling `init_weights` of FUTR3D  

pts_middle_encoder.conv2.0.encoder.0.blocks.1.bn1.bias - torch.Size([32]): 
The value is the same before and after calling `init_weights` of FUTR3D  

pts_middle_encoder.conv2.0.encoder.0.blocks.1.conv2.weight - torch.Size([32, 3, 3, 3, 32]): 
Initialized by user-defined `init_weights` in HEDNet  

pts_middle_encoder.conv2.0.encoder.0.blocks.1.conv2.bias - torch.Size([32]): 
The value is the same before and after calling `init_weights` of FUTR3D  

pts_middle_encoder.conv2.0.encoder.0.blocks.1.bn2.weight - torch.Size([32]): 
The value is the same before and after calling `init_weights` of FUTR3D  

pts_middle_encoder.conv2.0.encoder.0.blocks.1.bn2.bias - torch.Size([32]): 
The value is the same before and after calling `init_weights` of FUTR3D  

pts_middle_encoder.conv2.0.encoder.0.blocks.2.conv1.weight - torch.Size([32, 3, 3, 3, 32]): 
Initialized by user-defined `init_weights` in HEDNet  

pts_middle_encoder.conv2.0.encoder.0.blocks.2.conv1.bias - torch.Size([32]): 
The value is the same before and after calling `init_weights` of FUTR3D  

pts_middle_encoder.conv2.0.encoder.0.blocks.2.bn1.weight - torch.Size([32]): 
The value is the same before and after calling `init_weights` of FUTR3D  

pts_middle_encoder.conv2.0.encoder.0.blocks.2.bn1.bias - torch.Size([32]): 
The value is the same before and after calling `init_weights` of FUTR3D  

pts_middle_encoder.conv2.0.encoder.0.blocks.2.conv2.weight - torch.Size([32, 3, 3, 3, 32]): 
Initialized by user-defined `init_weights` in HEDNet  

pts_middle_encoder.conv2.0.encoder.0.blocks.2.conv2.bias - torch.Size([32]): 
The value is the same before and after calling `init_weights` of FUTR3D  

pts_middle_encoder.conv2.0.encoder.0.blocks.2.bn2.weight - torch.Size([32]): 
The value is the same before and after calling `init_weights` of FUTR3D  

pts_middle_encoder.conv2.0.encoder.0.blocks.2.bn2.bias - torch.Size([32]): 
The value is the same before and after calling `init_weights` of FUTR3D  

pts_middle_encoder.conv2.0.encoder.1.blocks.0.0.weight - torch.Size([32, 3, 3, 3, 32]): 
Initialized by user-defined `init_weights` in HEDNet  

pts_middle_encoder.conv2.0.encoder.1.blocks.0.1.weight - torch.Size([32]): 
The value is the same before and after calling `init_weights` of FUTR3D  

pts_middle_encoder.conv2.0.encoder.1.blocks.0.1.bias - torch.Size([32]): 
The value is the same before and after calling `init_weights` of FUTR3D  

pts_middle_encoder.conv2.0.encoder.1.blocks.1.conv1.weight - torch.Size([32, 3, 3, 3, 32]): 
Initialized by user-defined `init_weights` in HEDNet  

pts_middle_encoder.conv2.0.encoder.1.blocks.1.conv1.bias - torch.Size([32]): 
The value is the same before and after calling `init_weights` of FUTR3D  

pts_middle_encoder.conv2.0.encoder.1.blocks.1.bn1.weight - torch.Size([32]): 
The value is the same before and after calling `init_weights` of FUTR3D  

pts_middle_encoder.conv2.0.encoder.1.blocks.1.bn1.bias - torch.Size([32]): 
The value is the same before and after calling `init_weights` of FUTR3D  

pts_middle_encoder.conv2.0.encoder.1.blocks.1.conv2.weight - torch.Size([32, 3, 3, 3, 32]): 
Initialized by user-defined `init_weights` in HEDNet  

pts_middle_encoder.conv2.0.encoder.1.blocks.1.conv2.bias - torch.Size([32]): 
The value is the same before and after calling `init_weights` of FUTR3D  

pts_middle_encoder.conv2.0.encoder.1.blocks.1.bn2.weight - torch.Size([32]): 
The value is the same before and after calling `init_weights` of FUTR3D  

pts_middle_encoder.conv2.0.encoder.1.blocks.1.bn2.bias - torch.Size([32]): 
The value is the same before and after calling `init_weights` of FUTR3D  

pts_middle_encoder.conv2.0.encoder.2.blocks.0.0.weight - torch.Size([32, 3, 3, 3, 32]): 
Initialized by user-defined `init_weights` in HEDNet  

pts_middle_encoder.conv2.0.encoder.2.blocks.0.1.weight - torch.Size([32]): 
The value is the same before and after calling `init_weights` of FUTR3D  

pts_middle_encoder.conv2.0.encoder.2.blocks.0.1.bias - torch.Size([32]): 
The value is the same before and after calling `init_weights` of FUTR3D  

pts_middle_encoder.conv2.0.encoder.2.blocks.1.conv1.weight - torch.Size([32, 3, 3, 3, 32]): 
Initialized by user-defined `init_weights` in HEDNet  

pts_middle_encoder.conv2.0.encoder.2.blocks.1.conv1.bias - torch.Size([32]): 
The value is the same before and after calling `init_weights` of FUTR3D  

pts_middle_encoder.conv2.0.encoder.2.blocks.1.bn1.weight - torch.Size([32]): 
The value is the same before and after calling `init_weights` of FUTR3D  

pts_middle_encoder.conv2.0.encoder.2.blocks.1.bn1.bias - torch.Size([32]): 
The value is the same before and after calling `init_weights` of FUTR3D  

pts_middle_encoder.conv2.0.encoder.2.blocks.1.conv2.weight - torch.Size([32, 3, 3, 3, 32]): 
Initialized by user-defined `init_weights` in HEDNet  

pts_middle_encoder.conv2.0.encoder.2.blocks.1.conv2.bias - torch.Size([32]): 
The value is the same before and after calling `init_weights` of FUTR3D  

pts_middle_encoder.conv2.0.encoder.2.blocks.1.bn2.weight - torch.Size([32]): 
The value is the same before and after calling `init_weights` of FUTR3D  

pts_middle_encoder.conv2.0.encoder.2.blocks.1.bn2.bias - torch.Size([32]): 
The value is the same before and after calling `init_weights` of FUTR3D  

pts_middle_encoder.conv2.0.decoder.0.0.weight - torch.Size([32, 3, 3, 3, 32]): 
The value is the same before and after calling `init_weights` of FUTR3D  

pts_middle_encoder.conv2.0.decoder.0.1.weight - torch.Size([32]): 
The value is the same before and after calling `init_weights` of FUTR3D  

pts_middle_encoder.conv2.0.decoder.0.1.bias - torch.Size([32]): 
The value is the same before and after calling `init_weights` of FUTR3D  

pts_middle_encoder.conv2.0.decoder.1.0.weight - torch.Size([32, 3, 3, 3, 32]): 
The value is the same before and after calling `init_weights` of FUTR3D  

pts_middle_encoder.conv2.0.decoder.1.1.weight - torch.Size([32]): 
The value is the same before and after calling `init_weights` of FUTR3D  

pts_middle_encoder.conv2.0.decoder.1.1.bias - torch.Size([32]): 
The value is the same before and after calling `init_weights` of FUTR3D  

pts_middle_encoder.conv2.0.decoder_norm.0.weight - torch.Size([32]): 
The value is the same before and after calling `init_weights` of FUTR3D  

pts_middle_encoder.conv2.0.decoder_norm.0.bias - torch.Size([32]): 
The value is the same before and after calling `init_weights` of FUTR3D  

pts_middle_encoder.conv2.0.decoder_norm.1.weight - torch.Size([32]): 
The value is the same before and after calling `init_weights` of FUTR3D  

pts_middle_encoder.conv2.0.decoder_norm.1.bias - torch.Size([32]): 
The value is the same before and after calling `init_weights` of FUTR3D  

pts_middle_encoder.conv2.1.0.weight - torch.Size([64, 3, 3, 3, 32]): 
Initialized by user-defined `init_weights` in HEDNet  

pts_middle_encoder.conv2.1.1.weight - torch.Size([64]): 
The value is the same before and after calling `init_weights` of FUTR3D  

pts_middle_encoder.conv2.1.1.bias - torch.Size([64]): 
The value is the same before and after calling `init_weights` of FUTR3D  

pts_middle_encoder.conv3.0.encoder.0.blocks.1.conv1.weight - torch.Size([64, 3, 3, 3, 64]): 
Initialized by user-defined `init_weights` in HEDNet  

pts_middle_encoder.conv3.0.encoder.0.blocks.1.conv1.bias - torch.Size([64]): 
The value is the same before and after calling `init_weights` of FUTR3D  

pts_middle_encoder.conv3.0.encoder.0.blocks.1.bn1.weight - torch.Size([64]): 
The value is the same before and after calling `init_weights` of FUTR3D  

pts_middle_encoder.conv3.0.encoder.0.blocks.1.bn1.bias - torch.Size([64]): 
The value is the same before and after calling `init_weights` of FUTR3D  

pts_middle_encoder.conv3.0.encoder.0.blocks.1.conv2.weight - torch.Size([64, 3, 3, 3, 64]): 
Initialized by user-defined `init_weights` in HEDNet  

pts_middle_encoder.conv3.0.encoder.0.blocks.1.conv2.bias - torch.Size([64]): 
The value is the same before and after calling `init_weights` of FUTR3D  

pts_middle_encoder.conv3.0.encoder.0.blocks.1.bn2.weight - torch.Size([64]): 
The value is the same before and after calling `init_weights` of FUTR3D  

pts_middle_encoder.conv3.0.encoder.0.blocks.1.bn2.bias - torch.Size([64]): 
The value is the same before and after calling `init_weights` of FUTR3D  

pts_middle_encoder.conv3.0.encoder.0.blocks.2.conv1.weight - torch.Size([64, 3, 3, 3, 64]): 
Initialized by user-defined `init_weights` in HEDNet  

pts_middle_encoder.conv3.0.encoder.0.blocks.2.conv1.bias - torch.Size([64]): 
The value is the same before and after calling `init_weights` of FUTR3D  

pts_middle_encoder.conv3.0.encoder.0.blocks.2.bn1.weight - torch.Size([64]): 
The value is the same before and after calling `init_weights` of FUTR3D  

pts_middle_encoder.conv3.0.encoder.0.blocks.2.bn1.bias - torch.Size([64]): 
The value is the same before and after calling `init_weights` of FUTR3D  

pts_middle_encoder.conv3.0.encoder.0.blocks.2.conv2.weight - torch.Size([64, 3, 3, 3, 64]): 
Initialized by user-defined `init_weights` in HEDNet  

pts_middle_encoder.conv3.0.encoder.0.blocks.2.conv2.bias - torch.Size([64]): 
The value is the same before and after calling `init_weights` of FUTR3D  

pts_middle_encoder.conv3.0.encoder.0.blocks.2.bn2.weight - torch.Size([64]): 
The value is the same before and after calling `init_weights` of FUTR3D  

pts_middle_encoder.conv3.0.encoder.0.blocks.2.bn2.bias - torch.Size([64]): 
The value is the same before and after calling `init_weights` of FUTR3D  

pts_middle_encoder.conv3.0.encoder.1.blocks.0.0.weight - torch.Size([64, 3, 3, 3, 64]): 
Initialized by user-defined `init_weights` in HEDNet  

pts_middle_encoder.conv3.0.encoder.1.blocks.0.1.weight - torch.Size([64]): 
The value is the same before and after calling `init_weights` of FUTR3D  

pts_middle_encoder.conv3.0.encoder.1.blocks.0.1.bias - torch.Size([64]): 
The value is the same before and after calling `init_weights` of FUTR3D  

pts_middle_encoder.conv3.0.encoder.1.blocks.1.conv1.weight - torch.Size([64, 3, 3, 3, 64]): 
Initialized by user-defined `init_weights` in HEDNet  

pts_middle_encoder.conv3.0.encoder.1.blocks.1.conv1.bias - torch.Size([64]): 
The value is the same before and after calling `init_weights` of FUTR3D  

pts_middle_encoder.conv3.0.encoder.1.blocks.1.bn1.weight - torch.Size([64]): 
The value is the same before and after calling `init_weights` of FUTR3D  

pts_middle_encoder.conv3.0.encoder.1.blocks.1.bn1.bias - torch.Size([64]): 
The value is the same before and after calling `init_weights` of FUTR3D  

pts_middle_encoder.conv3.0.encoder.1.blocks.1.conv2.weight - torch.Size([64, 3, 3, 3, 64]): 
Initialized by user-defined `init_weights` in HEDNet  

pts_middle_encoder.conv3.0.encoder.1.blocks.1.conv2.bias - torch.Size([64]): 
The value is the same before and after calling `init_weights` of FUTR3D  

pts_middle_encoder.conv3.0.encoder.1.blocks.1.bn2.weight - torch.Size([64]): 
The value is the same before and after calling `init_weights` of FUTR3D  

pts_middle_encoder.conv3.0.encoder.1.blocks.1.bn2.bias - torch.Size([64]): 
The value is the same before and after calling `init_weights` of FUTR3D  

pts_middle_encoder.conv3.0.encoder.2.blocks.0.0.weight - torch.Size([64, 3, 3, 3, 64]): 
Initialized by user-defined `init_weights` in HEDNet  

pts_middle_encoder.conv3.0.encoder.2.blocks.0.1.weight - torch.Size([64]): 
The value is the same before and after calling `init_weights` of FUTR3D  

pts_middle_encoder.conv3.0.encoder.2.blocks.0.1.bias - torch.Size([64]): 
The value is the same before and after calling `init_weights` of FUTR3D  

pts_middle_encoder.conv3.0.encoder.2.blocks.1.conv1.weight - torch.Size([64, 3, 3, 3, 64]): 
Initialized by user-defined `init_weights` in HEDNet  

pts_middle_encoder.conv3.0.encoder.2.blocks.1.conv1.bias - torch.Size([64]): 
The value is the same before and after calling `init_weights` of FUTR3D  

pts_middle_encoder.conv3.0.encoder.2.blocks.1.bn1.weight - torch.Size([64]): 
The value is the same before and after calling `init_weights` of FUTR3D  

pts_middle_encoder.conv3.0.encoder.2.blocks.1.bn1.bias - torch.Size([64]): 
The value is the same before and after calling `init_weights` of FUTR3D  

pts_middle_encoder.conv3.0.encoder.2.blocks.1.conv2.weight - torch.Size([64, 3, 3, 3, 64]): 
Initialized by user-defined `init_weights` in HEDNet  

pts_middle_encoder.conv3.0.encoder.2.blocks.1.conv2.bias - torch.Size([64]): 
The value is the same before and after calling `init_weights` of FUTR3D  

pts_middle_encoder.conv3.0.encoder.2.blocks.1.bn2.weight - torch.Size([64]): 
The value is the same before and after calling `init_weights` of FUTR3D  

pts_middle_encoder.conv3.0.encoder.2.blocks.1.bn2.bias - torch.Size([64]): 
The value is the same before and after calling `init_weights` of FUTR3D  

pts_middle_encoder.conv3.0.decoder.0.0.weight - torch.Size([64, 3, 3, 3, 64]): 
The value is the same before and after calling `init_weights` of FUTR3D  

pts_middle_encoder.conv3.0.decoder.0.1.weight - torch.Size([64]): 
The value is the same before and after calling `init_weights` of FUTR3D  

pts_middle_encoder.conv3.0.decoder.0.1.bias - torch.Size([64]): 
The value is the same before and after calling `init_weights` of FUTR3D  

pts_middle_encoder.conv3.0.decoder.1.0.weight - torch.Size([64, 3, 3, 3, 64]): 
The value is the same before and after calling `init_weights` of FUTR3D  

pts_middle_encoder.conv3.0.decoder.1.1.weight - torch.Size([64]): 
The value is the same before and after calling `init_weights` of FUTR3D  

pts_middle_encoder.conv3.0.decoder.1.1.bias - torch.Size([64]): 
The value is the same before and after calling `init_weights` of FUTR3D  

pts_middle_encoder.conv3.0.decoder_norm.0.weight - torch.Size([64]): 
The value is the same before and after calling `init_weights` of FUTR3D  

pts_middle_encoder.conv3.0.decoder_norm.0.bias - torch.Size([64]): 
The value is the same before and after calling `init_weights` of FUTR3D  

pts_middle_encoder.conv3.0.decoder_norm.1.weight - torch.Size([64]): 
The value is the same before and after calling `init_weights` of FUTR3D  

pts_middle_encoder.conv3.0.decoder_norm.1.bias - torch.Size([64]): 
The value is the same before and after calling `init_weights` of FUTR3D  

pts_middle_encoder.conv3.1.0.weight - torch.Size([128, 3, 3, 3, 64]): 
Initialized by user-defined `init_weights` in HEDNet  

pts_middle_encoder.conv3.1.1.weight - torch.Size([128]): 
The value is the same before and after calling `init_weights` of FUTR3D  

pts_middle_encoder.conv3.1.1.bias - torch.Size([128]): 
The value is the same before and after calling `init_weights` of FUTR3D  

pts_middle_encoder.layers.0.encoder.0.blocks.1.conv1.weight - torch.Size([128, 3, 3, 3, 128]): 
Initialized by user-defined `init_weights` in HEDNet  

pts_middle_encoder.layers.0.encoder.0.blocks.1.conv1.bias - torch.Size([128]): 
The value is the same before and after calling `init_weights` of FUTR3D  

pts_middle_encoder.layers.0.encoder.0.blocks.1.bn1.weight - torch.Size([128]): 
The value is the same before and after calling `init_weights` of FUTR3D  

pts_middle_encoder.layers.0.encoder.0.blocks.1.bn1.bias - torch.Size([128]): 
The value is the same before and after calling `init_weights` of FUTR3D  

pts_middle_encoder.layers.0.encoder.0.blocks.1.conv2.weight - torch.Size([128, 3, 3, 3, 128]): 
Initialized by user-defined `init_weights` in HEDNet  

pts_middle_encoder.layers.0.encoder.0.blocks.1.conv2.bias - torch.Size([128]): 
The value is the same before and after calling `init_weights` of FUTR3D  

pts_middle_encoder.layers.0.encoder.0.blocks.1.bn2.weight - torch.Size([128]): 
The value is the same before and after calling `init_weights` of FUTR3D  

pts_middle_encoder.layers.0.encoder.0.blocks.1.bn2.bias - torch.Size([128]): 
The value is the same before and after calling `init_weights` of FUTR3D  

pts_middle_encoder.layers.0.encoder.0.blocks.2.conv1.weight - torch.Size([128, 3, 3, 3, 128]): 
Initialized by user-defined `init_weights` in HEDNet  

pts_middle_encoder.layers.0.encoder.0.blocks.2.conv1.bias - torch.Size([128]): 
The value is the same before and after calling `init_weights` of FUTR3D  

pts_middle_encoder.layers.0.encoder.0.blocks.2.bn1.weight - torch.Size([128]): 
The value is the same before and after calling `init_weights` of FUTR3D  

pts_middle_encoder.layers.0.encoder.0.blocks.2.bn1.bias - torch.Size([128]): 
The value is the same before and after calling `init_weights` of FUTR3D  

pts_middle_encoder.layers.0.encoder.0.blocks.2.conv2.weight - torch.Size([128, 3, 3, 3, 128]): 
Initialized by user-defined `init_weights` in HEDNet  

pts_middle_encoder.layers.0.encoder.0.blocks.2.conv2.bias - torch.Size([128]): 
The value is the same before and after calling `init_weights` of FUTR3D  

pts_middle_encoder.layers.0.encoder.0.blocks.2.bn2.weight - torch.Size([128]): 
The value is the same before and after calling `init_weights` of FUTR3D  

pts_middle_encoder.layers.0.encoder.0.blocks.2.bn2.bias - torch.Size([128]): 
The value is the same before and after calling `init_weights` of FUTR3D  

pts_middle_encoder.layers.0.encoder.1.blocks.0.0.weight - torch.Size([128, 3, 3, 3, 128]): 
Initialized by user-defined `init_weights` in HEDNet  

pts_middle_encoder.layers.0.encoder.1.blocks.0.1.weight - torch.Size([128]): 
The value is the same before and after calling `init_weights` of FUTR3D  

pts_middle_encoder.layers.0.encoder.1.blocks.0.1.bias - torch.Size([128]): 
The value is the same before and after calling `init_weights` of FUTR3D  

pts_middle_encoder.layers.0.encoder.1.blocks.1.conv1.weight - torch.Size([128, 3, 3, 3, 128]): 
Initialized by user-defined `init_weights` in HEDNet  

pts_middle_encoder.layers.0.encoder.1.blocks.1.conv1.bias - torch.Size([128]): 
The value is the same before and after calling `init_weights` of FUTR3D  

pts_middle_encoder.layers.0.encoder.1.blocks.1.bn1.weight - torch.Size([128]): 
The value is the same before and after calling `init_weights` of FUTR3D  

pts_middle_encoder.layers.0.encoder.1.blocks.1.bn1.bias - torch.Size([128]): 
The value is the same before and after calling `init_weights` of FUTR3D  

pts_middle_encoder.layers.0.encoder.1.blocks.1.conv2.weight - torch.Size([128, 3, 3, 3, 128]): 
Initialized by user-defined `init_weights` in HEDNet  

pts_middle_encoder.layers.0.encoder.1.blocks.1.conv2.bias - torch.Size([128]): 
The value is the same before and after calling `init_weights` of FUTR3D  

pts_middle_encoder.layers.0.encoder.1.blocks.1.bn2.weight - torch.Size([128]): 
The value is the same before and after calling `init_weights` of FUTR3D  

pts_middle_encoder.layers.0.encoder.1.blocks.1.bn2.bias - torch.Size([128]): 
The value is the same before and after calling `init_weights` of FUTR3D  

pts_middle_encoder.layers.0.encoder.2.blocks.0.0.weight - torch.Size([128, 3, 3, 3, 128]): 
Initialized by user-defined `init_weights` in HEDNet  

pts_middle_encoder.layers.0.encoder.2.blocks.0.1.weight - torch.Size([128]): 
The value is the same before and after calling `init_weights` of FUTR3D  

pts_middle_encoder.layers.0.encoder.2.blocks.0.1.bias - torch.Size([128]): 
The value is the same before and after calling `init_weights` of FUTR3D  

pts_middle_encoder.layers.0.encoder.2.blocks.1.conv1.weight - torch.Size([128, 3, 3, 3, 128]): 
Initialized by user-defined `init_weights` in HEDNet  

pts_middle_encoder.layers.0.encoder.2.blocks.1.conv1.bias - torch.Size([128]): 
The value is the same before and after calling `init_weights` of FUTR3D  

pts_middle_encoder.layers.0.encoder.2.blocks.1.bn1.weight - torch.Size([128]): 
The value is the same before and after calling `init_weights` of FUTR3D  

pts_middle_encoder.layers.0.encoder.2.blocks.1.bn1.bias - torch.Size([128]): 
The value is the same before and after calling `init_weights` of FUTR3D  

pts_middle_encoder.layers.0.encoder.2.blocks.1.conv2.weight - torch.Size([128, 3, 3, 3, 128]): 
Initialized by user-defined `init_weights` in HEDNet  

pts_middle_encoder.layers.0.encoder.2.blocks.1.conv2.bias - torch.Size([128]): 
The value is the same before and after calling `init_weights` of FUTR3D  

pts_middle_encoder.layers.0.encoder.2.blocks.1.bn2.weight - torch.Size([128]): 
The value is the same before and after calling `init_weights` of FUTR3D  

pts_middle_encoder.layers.0.encoder.2.blocks.1.bn2.bias - torch.Size([128]): 
The value is the same before and after calling `init_weights` of FUTR3D  

pts_middle_encoder.layers.0.decoder.0.0.weight - torch.Size([128, 3, 3, 3, 128]): 
The value is the same before and after calling `init_weights` of FUTR3D  

pts_middle_encoder.layers.0.decoder.0.1.weight - torch.Size([128]): 
The value is the same before and after calling `init_weights` of FUTR3D  

pts_middle_encoder.layers.0.decoder.0.1.bias - torch.Size([128]): 
The value is the same before and after calling `init_weights` of FUTR3D  

pts_middle_encoder.layers.0.decoder.1.0.weight - torch.Size([128, 3, 3, 3, 128]): 
The value is the same before and after calling `init_weights` of FUTR3D  

pts_middle_encoder.layers.0.decoder.1.1.weight - torch.Size([128]): 
The value is the same before and after calling `init_weights` of FUTR3D  

pts_middle_encoder.layers.0.decoder.1.1.bias - torch.Size([128]): 
The value is the same before and after calling `init_weights` of FUTR3D  

pts_middle_encoder.layers.0.decoder_norm.0.weight - torch.Size([128]): 
The value is the same before and after calling `init_weights` of FUTR3D  

pts_middle_encoder.layers.0.decoder_norm.0.bias - torch.Size([128]): 
The value is the same before and after calling `init_weights` of FUTR3D  

pts_middle_encoder.layers.0.decoder_norm.1.weight - torch.Size([128]): 
The value is the same before and after calling `init_weights` of FUTR3D  

pts_middle_encoder.layers.0.decoder_norm.1.bias - torch.Size([128]): 
The value is the same before and after calling `init_weights` of FUTR3D  

pts_middle_encoder.layers.1.encoder.0.blocks.1.conv1.weight - torch.Size([128, 3, 3, 3, 128]): 
Initialized by user-defined `init_weights` in HEDNet  

pts_middle_encoder.layers.1.encoder.0.blocks.1.conv1.bias - torch.Size([128]): 
The value is the same before and after calling `init_weights` of FUTR3D  

pts_middle_encoder.layers.1.encoder.0.blocks.1.bn1.weight - torch.Size([128]): 
The value is the same before and after calling `init_weights` of FUTR3D  

pts_middle_encoder.layers.1.encoder.0.blocks.1.bn1.bias - torch.Size([128]): 
The value is the same before and after calling `init_weights` of FUTR3D  

pts_middle_encoder.layers.1.encoder.0.blocks.1.conv2.weight - torch.Size([128, 3, 3, 3, 128]): 
Initialized by user-defined `init_weights` in HEDNet  

pts_middle_encoder.layers.1.encoder.0.blocks.1.conv2.bias - torch.Size([128]): 
The value is the same before and after calling `init_weights` of FUTR3D  

pts_middle_encoder.layers.1.encoder.0.blocks.1.bn2.weight - torch.Size([128]): 
The value is the same before and after calling `init_weights` of FUTR3D  

pts_middle_encoder.layers.1.encoder.0.blocks.1.bn2.bias - torch.Size([128]): 
The value is the same before and after calling `init_weights` of FUTR3D  

pts_middle_encoder.layers.1.encoder.0.blocks.2.conv1.weight - torch.Size([128, 3, 3, 3, 128]): 
Initialized by user-defined `init_weights` in HEDNet  

pts_middle_encoder.layers.1.encoder.0.blocks.2.conv1.bias - torch.Size([128]): 
The value is the same before and after calling `init_weights` of FUTR3D  

pts_middle_encoder.layers.1.encoder.0.blocks.2.bn1.weight - torch.Size([128]): 
The value is the same before and after calling `init_weights` of FUTR3D  

pts_middle_encoder.layers.1.encoder.0.blocks.2.bn1.bias - torch.Size([128]): 
The value is the same before and after calling `init_weights` of FUTR3D  

pts_middle_encoder.layers.1.encoder.0.blocks.2.conv2.weight - torch.Size([128, 3, 3, 3, 128]): 
Initialized by user-defined `init_weights` in HEDNet  

pts_middle_encoder.layers.1.encoder.0.blocks.2.conv2.bias - torch.Size([128]): 
The value is the same before and after calling `init_weights` of FUTR3D  

pts_middle_encoder.layers.1.encoder.0.blocks.2.bn2.weight - torch.Size([128]): 
The value is the same before and after calling `init_weights` of FUTR3D  

pts_middle_encoder.layers.1.encoder.0.blocks.2.bn2.bias - torch.Size([128]): 
The value is the same before and after calling `init_weights` of FUTR3D  

pts_middle_encoder.layers.1.encoder.1.blocks.0.0.weight - torch.Size([128, 3, 3, 3, 128]): 
Initialized by user-defined `init_weights` in HEDNet  

pts_middle_encoder.layers.1.encoder.1.blocks.0.1.weight - torch.Size([128]): 
The value is the same before and after calling `init_weights` of FUTR3D  

pts_middle_encoder.layers.1.encoder.1.blocks.0.1.bias - torch.Size([128]): 
The value is the same before and after calling `init_weights` of FUTR3D  

pts_middle_encoder.layers.1.encoder.1.blocks.1.conv1.weight - torch.Size([128, 3, 3, 3, 128]): 
Initialized by user-defined `init_weights` in HEDNet  

pts_middle_encoder.layers.1.encoder.1.blocks.1.conv1.bias - torch.Size([128]): 
The value is the same before and after calling `init_weights` of FUTR3D  

pts_middle_encoder.layers.1.encoder.1.blocks.1.bn1.weight - torch.Size([128]): 
The value is the same before and after calling `init_weights` of FUTR3D  

pts_middle_encoder.layers.1.encoder.1.blocks.1.bn1.bias - torch.Size([128]): 
The value is the same before and after calling `init_weights` of FUTR3D  

pts_middle_encoder.layers.1.encoder.1.blocks.1.conv2.weight - torch.Size([128, 3, 3, 3, 128]): 
Initialized by user-defined `init_weights` in HEDNet  

pts_middle_encoder.layers.1.encoder.1.blocks.1.conv2.bias - torch.Size([128]): 
The value is the same before and after calling `init_weights` of FUTR3D  

pts_middle_encoder.layers.1.encoder.1.blocks.1.bn2.weight - torch.Size([128]): 
The value is the same before and after calling `init_weights` of FUTR3D  

pts_middle_encoder.layers.1.encoder.1.blocks.1.bn2.bias - torch.Size([128]): 
The value is the same before and after calling `init_weights` of FUTR3D  

pts_middle_encoder.layers.1.encoder.2.blocks.0.0.weight - torch.Size([128, 3, 3, 3, 128]): 
Initialized by user-defined `init_weights` in HEDNet  

pts_middle_encoder.layers.1.encoder.2.blocks.0.1.weight - torch.Size([128]): 
The value is the same before and after calling `init_weights` of FUTR3D  

pts_middle_encoder.layers.1.encoder.2.blocks.0.1.bias - torch.Size([128]): 
The value is the same before and after calling `init_weights` of FUTR3D  

pts_middle_encoder.layers.1.encoder.2.blocks.1.conv1.weight - torch.Size([128, 3, 3, 3, 128]): 
Initialized by user-defined `init_weights` in HEDNet  

pts_middle_encoder.layers.1.encoder.2.blocks.1.conv1.bias - torch.Size([128]): 
The value is the same before and after calling `init_weights` of FUTR3D  

pts_middle_encoder.layers.1.encoder.2.blocks.1.bn1.weight - torch.Size([128]): 
The value is the same before and after calling `init_weights` of FUTR3D  

pts_middle_encoder.layers.1.encoder.2.blocks.1.bn1.bias - torch.Size([128]): 
The value is the same before and after calling `init_weights` of FUTR3D  

pts_middle_encoder.layers.1.encoder.2.blocks.1.conv2.weight - torch.Size([128, 3, 3, 3, 128]): 
Initialized by user-defined `init_weights` in HEDNet  

pts_middle_encoder.layers.1.encoder.2.blocks.1.conv2.bias - torch.Size([128]): 
The value is the same before and after calling `init_weights` of FUTR3D  

pts_middle_encoder.layers.1.encoder.2.blocks.1.bn2.weight - torch.Size([128]): 
The value is the same before and after calling `init_weights` of FUTR3D  

pts_middle_encoder.layers.1.encoder.2.blocks.1.bn2.bias - torch.Size([128]): 
The value is the same before and after calling `init_weights` of FUTR3D  

pts_middle_encoder.layers.1.decoder.0.0.weight - torch.Size([128, 3, 3, 3, 128]): 
The value is the same before and after calling `init_weights` of FUTR3D  

pts_middle_encoder.layers.1.decoder.0.1.weight - torch.Size([128]): 
The value is the same before and after calling `init_weights` of FUTR3D  

pts_middle_encoder.layers.1.decoder.0.1.bias - torch.Size([128]): 
The value is the same before and after calling `init_weights` of FUTR3D  

pts_middle_encoder.layers.1.decoder.1.0.weight - torch.Size([128, 3, 3, 3, 128]): 
The value is the same before and after calling `init_weights` of FUTR3D  

pts_middle_encoder.layers.1.decoder.1.1.weight - torch.Size([128]): 
The value is the same before and after calling `init_weights` of FUTR3D  

pts_middle_encoder.layers.1.decoder.1.1.bias - torch.Size([128]): 
The value is the same before and after calling `init_weights` of FUTR3D  

pts_middle_encoder.layers.1.decoder_norm.0.weight - torch.Size([128]): 
The value is the same before and after calling `init_weights` of FUTR3D  

pts_middle_encoder.layers.1.decoder_norm.0.bias - torch.Size([128]): 
The value is the same before and after calling `init_weights` of FUTR3D  

pts_middle_encoder.layers.1.decoder_norm.1.weight - torch.Size([128]): 
The value is the same before and after calling `init_weights` of FUTR3D  

pts_middle_encoder.layers.1.decoder_norm.1.bias - torch.Size([128]): 
The value is the same before and after calling `init_weights` of FUTR3D  

pts_middle_encoder.conv_out.0.weight - torch.Size([128, 3, 1, 1, 128]): 
Initialized by user-defined `init_weights` in HEDNet  

pts_middle_encoder.conv_out.1.weight - torch.Size([128]): 
The value is the same before and after calling `init_weights` of FUTR3D  

pts_middle_encoder.conv_out.1.bias - torch.Size([128]): 
The value is the same before and after calling `init_weights` of FUTR3D  

pts_middle_encoder.conv_out.3.weight - torch.Size([128, 3, 1, 1, 128]): 
Initialized by user-defined `init_weights` in HEDNet  

pts_middle_encoder.conv_out.4.weight - torch.Size([128]): 
The value is the same before and after calling `init_weights` of FUTR3D  

pts_middle_encoder.conv_out.4.bias - torch.Size([128]): 
The value is the same before and after calling `init_weights` of FUTR3D  

pts_backbone.layers.0.encoder.0.0.conv1.weight - torch.Size([256, 256, 3, 3]): 
The value is the same before and after calling `init_weights` of FUTR3D  

pts_backbone.layers.0.encoder.0.0.bn1.weight - torch.Size([256]): 
The value is the same before and after calling `init_weights` of FUTR3D  

pts_backbone.layers.0.encoder.0.0.bn1.bias - torch.Size([256]): 
The value is the same before and after calling `init_weights` of FUTR3D  

pts_backbone.layers.0.encoder.0.0.conv2.weight - torch.Size([256, 256, 3, 3]): 
The value is the same before and after calling `init_weights` of FUTR3D  

pts_backbone.layers.0.encoder.0.0.bn2.weight - torch.Size([256]): 
The value is the same before and after calling `init_weights` of FUTR3D  

pts_backbone.layers.0.encoder.0.0.bn2.bias - torch.Size([256]): 
The value is the same before and after calling `init_weights` of FUTR3D  

pts_backbone.layers.0.encoder.0.1.conv1.weight - torch.Size([256, 256, 3, 3]): 
The value is the same before and after calling `init_weights` of FUTR3D  

pts_backbone.layers.0.encoder.0.1.bn1.weight - torch.Size([256]): 
The value is the same before and after calling `init_weights` of FUTR3D  

pts_backbone.layers.0.encoder.0.1.bn1.bias - torch.Size([256]): 
The value is the same before and after calling `init_weights` of FUTR3D  

pts_backbone.layers.0.encoder.0.1.conv2.weight - torch.Size([256, 256, 3, 3]): 
The value is the same before and after calling `init_weights` of FUTR3D  

pts_backbone.layers.0.encoder.0.1.bn2.weight - torch.Size([256]): 
The value is the same before and after calling `init_weights` of FUTR3D  

pts_backbone.layers.0.encoder.0.1.bn2.bias - torch.Size([256]): 
The value is the same before and after calling `init_weights` of FUTR3D  

pts_backbone.layers.0.encoder.1.0.conv1.weight - torch.Size([256, 256, 3, 3]): 
The value is the same before and after calling `init_weights` of FUTR3D  

pts_backbone.layers.0.encoder.1.0.bn1.weight - torch.Size([256]): 
The value is the same before and after calling `init_weights` of FUTR3D  

pts_backbone.layers.0.encoder.1.0.bn1.bias - torch.Size([256]): 
The value is the same before and after calling `init_weights` of FUTR3D  

pts_backbone.layers.0.encoder.1.0.conv2.weight - torch.Size([256, 256, 3, 3]): 
The value is the same before and after calling `init_weights` of FUTR3D  

pts_backbone.layers.0.encoder.1.0.bn2.weight - torch.Size([256]): 
The value is the same before and after calling `init_weights` of FUTR3D  

pts_backbone.layers.0.encoder.1.0.bn2.bias - torch.Size([256]): 
The value is the same before and after calling `init_weights` of FUTR3D  

pts_backbone.layers.0.encoder.1.0.downsample_layer.0.weight - torch.Size([256, 256, 1, 1]): 
The value is the same before and after calling `init_weights` of FUTR3D  

pts_backbone.layers.0.encoder.1.0.downsample_layer.1.weight - torch.Size([256]): 
The value is the same before and after calling `init_weights` of FUTR3D  

pts_backbone.layers.0.encoder.1.0.downsample_layer.1.bias - torch.Size([256]): 
The value is the same before and after calling `init_weights` of FUTR3D  

pts_backbone.layers.0.encoder.1.1.conv1.weight - torch.Size([256, 256, 3, 3]): 
The value is the same before and after calling `init_weights` of FUTR3D  

pts_backbone.layers.0.encoder.1.1.bn1.weight - torch.Size([256]): 
The value is the same before and after calling `init_weights` of FUTR3D  

pts_backbone.layers.0.encoder.1.1.bn1.bias - torch.Size([256]): 
The value is the same before and after calling `init_weights` of FUTR3D  

pts_backbone.layers.0.encoder.1.1.conv2.weight - torch.Size([256, 256, 3, 3]): 
The value is the same before and after calling `init_weights` of FUTR3D  

pts_backbone.layers.0.encoder.1.1.bn2.weight - torch.Size([256]): 
The value is the same before and after calling `init_weights` of FUTR3D  

pts_backbone.layers.0.encoder.1.1.bn2.bias - torch.Size([256]): 
The value is the same before and after calling `init_weights` of FUTR3D  

pts_backbone.layers.0.encoder.2.0.conv1.weight - torch.Size([256, 256, 3, 3]): 
The value is the same before and after calling `init_weights` of FUTR3D  

pts_backbone.layers.0.encoder.2.0.bn1.weight - torch.Size([256]): 
The value is the same before and after calling `init_weights` of FUTR3D  

pts_backbone.layers.0.encoder.2.0.bn1.bias - torch.Size([256]): 
The value is the same before and after calling `init_weights` of FUTR3D  

pts_backbone.layers.0.encoder.2.0.conv2.weight - torch.Size([256, 256, 3, 3]): 
The value is the same before and after calling `init_weights` of FUTR3D  

pts_backbone.layers.0.encoder.2.0.bn2.weight - torch.Size([256]): 
The value is the same before and after calling `init_weights` of FUTR3D  

pts_backbone.layers.0.encoder.2.0.bn2.bias - torch.Size([256]): 
The value is the same before and after calling `init_weights` of FUTR3D  

pts_backbone.layers.0.encoder.2.0.downsample_layer.0.weight - torch.Size([256, 256, 1, 1]): 
The value is the same before and after calling `init_weights` of FUTR3D  

pts_backbone.layers.0.encoder.2.0.downsample_layer.1.weight - torch.Size([256]): 
The value is the same before and after calling `init_weights` of FUTR3D  

pts_backbone.layers.0.encoder.2.0.downsample_layer.1.bias - torch.Size([256]): 
The value is the same before and after calling `init_weights` of FUTR3D  

pts_backbone.layers.0.encoder.2.1.conv1.weight - torch.Size([256, 256, 3, 3]): 
The value is the same before and after calling `init_weights` of FUTR3D  

pts_backbone.layers.0.encoder.2.1.bn1.weight - torch.Size([256]): 
The value is the same before and after calling `init_weights` of FUTR3D  

pts_backbone.layers.0.encoder.2.1.bn1.bias - torch.Size([256]): 
The value is the same before and after calling `init_weights` of FUTR3D  

pts_backbone.layers.0.encoder.2.1.conv2.weight - torch.Size([256, 256, 3, 3]): 
The value is the same before and after calling `init_weights` of FUTR3D  

pts_backbone.layers.0.encoder.2.1.bn2.weight - torch.Size([256]): 
The value is the same before and after calling `init_weights` of FUTR3D  

pts_backbone.layers.0.encoder.2.1.bn2.bias - torch.Size([256]): 
The value is the same before and after calling `init_weights` of FUTR3D  

pts_backbone.layers.0.decoder.0.0.weight - torch.Size([256, 256, 2, 2]): 
The value is the same before and after calling `init_weights` of FUTR3D  

pts_backbone.layers.0.decoder.0.1.weight - torch.Size([256]): 
The value is the same before and after calling `init_weights` of FUTR3D  

pts_backbone.layers.0.decoder.0.1.bias - torch.Size([256]): 
The value is the same before and after calling `init_weights` of FUTR3D  

pts_backbone.layers.0.decoder.1.0.weight - torch.Size([256, 256, 2, 2]): 
The value is the same before and after calling `init_weights` of FUTR3D  

pts_backbone.layers.0.decoder.1.1.weight - torch.Size([256]): 
The value is the same before and after calling `init_weights` of FUTR3D  

pts_backbone.layers.0.decoder.1.1.bias - torch.Size([256]): 
The value is the same before and after calling `init_weights` of FUTR3D  

pts_backbone.layers.0.decoder_norm.0.weight - torch.Size([256]): 
The value is the same before and after calling `init_weights` of FUTR3D  

pts_backbone.layers.0.decoder_norm.0.bias - torch.Size([256]): 
The value is the same before and after calling `init_weights` of FUTR3D  

pts_backbone.layers.0.decoder_norm.1.weight - torch.Size([256]): 
The value is the same before and after calling `init_weights` of FUTR3D  

pts_backbone.layers.0.decoder_norm.1.bias - torch.Size([256]): 
The value is the same before and after calling `init_weights` of FUTR3D  

pts_backbone.layers.1.encoder.0.0.conv1.weight - torch.Size([256, 256, 3, 3]): 
The value is the same before and after calling `init_weights` of FUTR3D  

pts_backbone.layers.1.encoder.0.0.bn1.weight - torch.Size([256]): 
The value is the same before and after calling `init_weights` of FUTR3D  

pts_backbone.layers.1.encoder.0.0.bn1.bias - torch.Size([256]): 
The value is the same before and after calling `init_weights` of FUTR3D  

pts_backbone.layers.1.encoder.0.0.conv2.weight - torch.Size([256, 256, 3, 3]): 
The value is the same before and after calling `init_weights` of FUTR3D  

pts_backbone.layers.1.encoder.0.0.bn2.weight - torch.Size([256]): 
The value is the same before and after calling `init_weights` of FUTR3D  

pts_backbone.layers.1.encoder.0.0.bn2.bias - torch.Size([256]): 
The value is the same before and after calling `init_weights` of FUTR3D  

pts_backbone.layers.1.encoder.0.1.conv1.weight - torch.Size([256, 256, 3, 3]): 
The value is the same before and after calling `init_weights` of FUTR3D  

pts_backbone.layers.1.encoder.0.1.bn1.weight - torch.Size([256]): 
The value is the same before and after calling `init_weights` of FUTR3D  

pts_backbone.layers.1.encoder.0.1.bn1.bias - torch.Size([256]): 
The value is the same before and after calling `init_weights` of FUTR3D  

pts_backbone.layers.1.encoder.0.1.conv2.weight - torch.Size([256, 256, 3, 3]): 
The value is the same before and after calling `init_weights` of FUTR3D  

pts_backbone.layers.1.encoder.0.1.bn2.weight - torch.Size([256]): 
The value is the same before and after calling `init_weights` of FUTR3D  

pts_backbone.layers.1.encoder.0.1.bn2.bias - torch.Size([256]): 
The value is the same before and after calling `init_weights` of FUTR3D  

pts_backbone.layers.1.encoder.1.0.conv1.weight - torch.Size([256, 256, 3, 3]): 
The value is the same before and after calling `init_weights` of FUTR3D  

pts_backbone.layers.1.encoder.1.0.bn1.weight - torch.Size([256]): 
The value is the same before and after calling `init_weights` of FUTR3D  

pts_backbone.layers.1.encoder.1.0.bn1.bias - torch.Size([256]): 
The value is the same before and after calling `init_weights` of FUTR3D  

pts_backbone.layers.1.encoder.1.0.conv2.weight - torch.Size([256, 256, 3, 3]): 
The value is the same before and after calling `init_weights` of FUTR3D  

pts_backbone.layers.1.encoder.1.0.bn2.weight - torch.Size([256]): 
The value is the same before and after calling `init_weights` of FUTR3D  

pts_backbone.layers.1.encoder.1.0.bn2.bias - torch.Size([256]): 
The value is the same before and after calling `init_weights` of FUTR3D  

pts_backbone.layers.1.encoder.1.0.downsample_layer.0.weight - torch.Size([256, 256, 1, 1]): 
The value is the same before and after calling `init_weights` of FUTR3D  

pts_backbone.layers.1.encoder.1.0.downsample_layer.1.weight - torch.Size([256]): 
The value is the same before and after calling `init_weights` of FUTR3D  

pts_backbone.layers.1.encoder.1.0.downsample_layer.1.bias - torch.Size([256]): 
The value is the same before and after calling `init_weights` of FUTR3D  

pts_backbone.layers.1.encoder.1.1.conv1.weight - torch.Size([256, 256, 3, 3]): 
The value is the same before and after calling `init_weights` of FUTR3D  

pts_backbone.layers.1.encoder.1.1.bn1.weight - torch.Size([256]): 
The value is the same before and after calling `init_weights` of FUTR3D  

pts_backbone.layers.1.encoder.1.1.bn1.bias - torch.Size([256]): 
The value is the same before and after calling `init_weights` of FUTR3D  

pts_backbone.layers.1.encoder.1.1.conv2.weight - torch.Size([256, 256, 3, 3]): 
The value is the same before and after calling `init_weights` of FUTR3D  

pts_backbone.layers.1.encoder.1.1.bn2.weight - torch.Size([256]): 
The value is the same before and after calling `init_weights` of FUTR3D  

pts_backbone.layers.1.encoder.1.1.bn2.bias - torch.Size([256]): 
The value is the same before and after calling `init_weights` of FUTR3D  

pts_backbone.layers.1.encoder.2.0.conv1.weight - torch.Size([256, 256, 3, 3]): 
The value is the same before and after calling `init_weights` of FUTR3D  

pts_backbone.layers.1.encoder.2.0.bn1.weight - torch.Size([256]): 
The value is the same before and after calling `init_weights` of FUTR3D  

pts_backbone.layers.1.encoder.2.0.bn1.bias - torch.Size([256]): 
The value is the same before and after calling `init_weights` of FUTR3D  

pts_backbone.layers.1.encoder.2.0.conv2.weight - torch.Size([256, 256, 3, 3]): 
The value is the same before and after calling `init_weights` of FUTR3D  

pts_backbone.layers.1.encoder.2.0.bn2.weight - torch.Size([256]): 
The value is the same before and after calling `init_weights` of FUTR3D  

pts_backbone.layers.1.encoder.2.0.bn2.bias - torch.Size([256]): 
The value is the same before and after calling `init_weights` of FUTR3D  

pts_backbone.layers.1.encoder.2.0.downsample_layer.0.weight - torch.Size([256, 256, 1, 1]): 
The value is the same before and after calling `init_weights` of FUTR3D  

pts_backbone.layers.1.encoder.2.0.downsample_layer.1.weight - torch.Size([256]): 
The value is the same before and after calling `init_weights` of FUTR3D  

pts_backbone.layers.1.encoder.2.0.downsample_layer.1.bias - torch.Size([256]): 
The value is the same before and after calling `init_weights` of FUTR3D  

pts_backbone.layers.1.encoder.2.1.conv1.weight - torch.Size([256, 256, 3, 3]): 
The value is the same before and after calling `init_weights` of FUTR3D  

pts_backbone.layers.1.encoder.2.1.bn1.weight - torch.Size([256]): 
The value is the same before and after calling `init_weights` of FUTR3D  

pts_backbone.layers.1.encoder.2.1.bn1.bias - torch.Size([256]): 
The value is the same before and after calling `init_weights` of FUTR3D  

pts_backbone.layers.1.encoder.2.1.conv2.weight - torch.Size([256, 256, 3, 3]): 
The value is the same before and after calling `init_weights` of FUTR3D  

pts_backbone.layers.1.encoder.2.1.bn2.weight - torch.Size([256]): 
The value is the same before and after calling `init_weights` of FUTR3D  

pts_backbone.layers.1.encoder.2.1.bn2.bias - torch.Size([256]): 
The value is the same before and after calling `init_weights` of FUTR3D  

pts_backbone.layers.1.decoder.0.0.weight - torch.Size([256, 256, 2, 2]): 
The value is the same before and after calling `init_weights` of FUTR3D  

pts_backbone.layers.1.decoder.0.1.weight - torch.Size([256]): 
The value is the same before and after calling `init_weights` of FUTR3D  

pts_backbone.layers.1.decoder.0.1.bias - torch.Size([256]): 
The value is the same before and after calling `init_weights` of FUTR3D  

pts_backbone.layers.1.decoder.1.0.weight - torch.Size([256, 256, 2, 2]): 
The value is the same before and after calling `init_weights` of FUTR3D  

pts_backbone.layers.1.decoder.1.1.weight - torch.Size([256]): 
The value is the same before and after calling `init_weights` of FUTR3D  

pts_backbone.layers.1.decoder.1.1.bias - torch.Size([256]): 
The value is the same before and after calling `init_weights` of FUTR3D  

pts_backbone.layers.1.decoder_norm.0.weight - torch.Size([256]): 
The value is the same before and after calling `init_weights` of FUTR3D  

pts_backbone.layers.1.decoder_norm.0.bias - torch.Size([256]): 
The value is the same before and after calling `init_weights` of FUTR3D  

pts_backbone.layers.1.decoder_norm.1.weight - torch.Size([256]): 
The value is the same before and after calling `init_weights` of FUTR3D  

pts_backbone.layers.1.decoder_norm.1.bias - torch.Size([256]): 
The value is the same before and after calling `init_weights` of FUTR3D  

pts_backbone.layers.2.encoder.0.0.conv1.weight - torch.Size([256, 256, 3, 3]): 
The value is the same before and after calling `init_weights` of FUTR3D  

pts_backbone.layers.2.encoder.0.0.bn1.weight - torch.Size([256]): 
The value is the same before and after calling `init_weights` of FUTR3D  

pts_backbone.layers.2.encoder.0.0.bn1.bias - torch.Size([256]): 
The value is the same before and after calling `init_weights` of FUTR3D  

pts_backbone.layers.2.encoder.0.0.conv2.weight - torch.Size([256, 256, 3, 3]): 
The value is the same before and after calling `init_weights` of FUTR3D  

pts_backbone.layers.2.encoder.0.0.bn2.weight - torch.Size([256]): 
The value is the same before and after calling `init_weights` of FUTR3D  

pts_backbone.layers.2.encoder.0.0.bn2.bias - torch.Size([256]): 
The value is the same before and after calling `init_weights` of FUTR3D  

pts_backbone.layers.2.encoder.0.1.conv1.weight - torch.Size([256, 256, 3, 3]): 
The value is the same before and after calling `init_weights` of FUTR3D  

pts_backbone.layers.2.encoder.0.1.bn1.weight - torch.Size([256]): 
The value is the same before and after calling `init_weights` of FUTR3D  

pts_backbone.layers.2.encoder.0.1.bn1.bias - torch.Size([256]): 
The value is the same before and after calling `init_weights` of FUTR3D  

pts_backbone.layers.2.encoder.0.1.conv2.weight - torch.Size([256, 256, 3, 3]): 
The value is the same before and after calling `init_weights` of FUTR3D  

pts_backbone.layers.2.encoder.0.1.bn2.weight - torch.Size([256]): 
The value is the same before and after calling `init_weights` of FUTR3D  

pts_backbone.layers.2.encoder.0.1.bn2.bias - torch.Size([256]): 
The value is the same before and after calling `init_weights` of FUTR3D  

pts_backbone.layers.2.encoder.1.0.conv1.weight - torch.Size([256, 256, 3, 3]): 
The value is the same before and after calling `init_weights` of FUTR3D  

pts_backbone.layers.2.encoder.1.0.bn1.weight - torch.Size([256]): 
The value is the same before and after calling `init_weights` of FUTR3D  

pts_backbone.layers.2.encoder.1.0.bn1.bias - torch.Size([256]): 
The value is the same before and after calling `init_weights` of FUTR3D  

pts_backbone.layers.2.encoder.1.0.conv2.weight - torch.Size([256, 256, 3, 3]): 
The value is the same before and after calling `init_weights` of FUTR3D  

pts_backbone.layers.2.encoder.1.0.bn2.weight - torch.Size([256]): 
The value is the same before and after calling `init_weights` of FUTR3D  

pts_backbone.layers.2.encoder.1.0.bn2.bias - torch.Size([256]): 
The value is the same before and after calling `init_weights` of FUTR3D  

pts_backbone.layers.2.encoder.1.0.downsample_layer.0.weight - torch.Size([256, 256, 1, 1]): 
The value is the same before and after calling `init_weights` of FUTR3D  

pts_backbone.layers.2.encoder.1.0.downsample_layer.1.weight - torch.Size([256]): 
The value is the same before and after calling `init_weights` of FUTR3D  

pts_backbone.layers.2.encoder.1.0.downsample_layer.1.bias - torch.Size([256]): 
The value is the same before and after calling `init_weights` of FUTR3D  

pts_backbone.layers.2.encoder.1.1.conv1.weight - torch.Size([256, 256, 3, 3]): 
The value is the same before and after calling `init_weights` of FUTR3D  

pts_backbone.layers.2.encoder.1.1.bn1.weight - torch.Size([256]): 
The value is the same before and after calling `init_weights` of FUTR3D  

pts_backbone.layers.2.encoder.1.1.bn1.bias - torch.Size([256]): 
The value is the same before and after calling `init_weights` of FUTR3D  

pts_backbone.layers.2.encoder.1.1.conv2.weight - torch.Size([256, 256, 3, 3]): 
The value is the same before and after calling `init_weights` of FUTR3D  

pts_backbone.layers.2.encoder.1.1.bn2.weight - torch.Size([256]): 
The value is the same before and after calling `init_weights` of FUTR3D  

pts_backbone.layers.2.encoder.1.1.bn2.bias - torch.Size([256]): 
The value is the same before and after calling `init_weights` of FUTR3D  

pts_backbone.layers.2.encoder.2.0.conv1.weight - torch.Size([256, 256, 3, 3]): 
The value is the same before and after calling `init_weights` of FUTR3D  

pts_backbone.layers.2.encoder.2.0.bn1.weight - torch.Size([256]): 
The value is the same before and after calling `init_weights` of FUTR3D  

pts_backbone.layers.2.encoder.2.0.bn1.bias - torch.Size([256]): 
The value is the same before and after calling `init_weights` of FUTR3D  

pts_backbone.layers.2.encoder.2.0.conv2.weight - torch.Size([256, 256, 3, 3]): 
The value is the same before and after calling `init_weights` of FUTR3D  

pts_backbone.layers.2.encoder.2.0.bn2.weight - torch.Size([256]): 
The value is the same before and after calling `init_weights` of FUTR3D  

pts_backbone.layers.2.encoder.2.0.bn2.bias - torch.Size([256]): 
The value is the same before and after calling `init_weights` of FUTR3D  

pts_backbone.layers.2.encoder.2.0.downsample_layer.0.weight - torch.Size([256, 256, 1, 1]): 
The value is the same before and after calling `init_weights` of FUTR3D  

pts_backbone.layers.2.encoder.2.0.downsample_layer.1.weight - torch.Size([256]): 
The value is the same before and after calling `init_weights` of FUTR3D  

pts_backbone.layers.2.encoder.2.0.downsample_layer.1.bias - torch.Size([256]): 
The value is the same before and after calling `init_weights` of FUTR3D  

pts_backbone.layers.2.encoder.2.1.conv1.weight - torch.Size([256, 256, 3, 3]): 
The value is the same before and after calling `init_weights` of FUTR3D  

pts_backbone.layers.2.encoder.2.1.bn1.weight - torch.Size([256]): 
The value is the same before and after calling `init_weights` of FUTR3D  

pts_backbone.layers.2.encoder.2.1.bn1.bias - torch.Size([256]): 
The value is the same before and after calling `init_weights` of FUTR3D  

pts_backbone.layers.2.encoder.2.1.conv2.weight - torch.Size([256, 256, 3, 3]): 
The value is the same before and after calling `init_weights` of FUTR3D  

pts_backbone.layers.2.encoder.2.1.bn2.weight - torch.Size([256]): 
The value is the same before and after calling `init_weights` of FUTR3D  

pts_backbone.layers.2.encoder.2.1.bn2.bias - torch.Size([256]): 
The value is the same before and after calling `init_weights` of FUTR3D  

pts_backbone.layers.2.decoder.0.0.weight - torch.Size([256, 256, 2, 2]): 
The value is the same before and after calling `init_weights` of FUTR3D  

pts_backbone.layers.2.decoder.0.1.weight - torch.Size([256]): 
The value is the same before and after calling `init_weights` of FUTR3D  

pts_backbone.layers.2.decoder.0.1.bias - torch.Size([256]): 
The value is the same before and after calling `init_weights` of FUTR3D  

pts_backbone.layers.2.decoder.1.0.weight - torch.Size([256, 256, 2, 2]): 
The value is the same before and after calling `init_weights` of FUTR3D  

pts_backbone.layers.2.decoder.1.1.weight - torch.Size([256]): 
The value is the same before and after calling `init_weights` of FUTR3D  

pts_backbone.layers.2.decoder.1.1.bias - torch.Size([256]): 
The value is the same before and after calling `init_weights` of FUTR3D  

pts_backbone.layers.2.decoder_norm.0.weight - torch.Size([256]): 
The value is the same before and after calling `init_weights` of FUTR3D  

pts_backbone.layers.2.decoder_norm.0.bias - torch.Size([256]): 
The value is the same before and after calling `init_weights` of FUTR3D  

pts_backbone.layers.2.decoder_norm.1.weight - torch.Size([256]): 
The value is the same before and after calling `init_weights` of FUTR3D  

pts_backbone.layers.2.decoder_norm.1.bias - torch.Size([256]): 
The value is the same before and after calling `init_weights` of FUTR3D  

pts_backbone.layers.3.encoder.0.0.conv1.weight - torch.Size([256, 256, 3, 3]): 
The value is the same before and after calling `init_weights` of FUTR3D  

pts_backbone.layers.3.encoder.0.0.bn1.weight - torch.Size([256]): 
The value is the same before and after calling `init_weights` of FUTR3D  

pts_backbone.layers.3.encoder.0.0.bn1.bias - torch.Size([256]): 
The value is the same before and after calling `init_weights` of FUTR3D  

pts_backbone.layers.3.encoder.0.0.conv2.weight - torch.Size([256, 256, 3, 3]): 
The value is the same before and after calling `init_weights` of FUTR3D  

pts_backbone.layers.3.encoder.0.0.bn2.weight - torch.Size([256]): 
The value is the same before and after calling `init_weights` of FUTR3D  

pts_backbone.layers.3.encoder.0.0.bn2.bias - torch.Size([256]): 
The value is the same before and after calling `init_weights` of FUTR3D  

pts_backbone.layers.3.encoder.0.1.conv1.weight - torch.Size([256, 256, 3, 3]): 
The value is the same before and after calling `init_weights` of FUTR3D  

pts_backbone.layers.3.encoder.0.1.bn1.weight - torch.Size([256]): 
The value is the same before and after calling `init_weights` of FUTR3D  

pts_backbone.layers.3.encoder.0.1.bn1.bias - torch.Size([256]): 
The value is the same before and after calling `init_weights` of FUTR3D  

pts_backbone.layers.3.encoder.0.1.conv2.weight - torch.Size([256, 256, 3, 3]): 
The value is the same before and after calling `init_weights` of FUTR3D  

pts_backbone.layers.3.encoder.0.1.bn2.weight - torch.Size([256]): 
The value is the same before and after calling `init_weights` of FUTR3D  

pts_backbone.layers.3.encoder.0.1.bn2.bias - torch.Size([256]): 
The value is the same before and after calling `init_weights` of FUTR3D  

pts_backbone.layers.3.encoder.1.0.conv1.weight - torch.Size([256, 256, 3, 3]): 
The value is the same before and after calling `init_weights` of FUTR3D  

pts_backbone.layers.3.encoder.1.0.bn1.weight - torch.Size([256]): 
The value is the same before and after calling `init_weights` of FUTR3D  

pts_backbone.layers.3.encoder.1.0.bn1.bias - torch.Size([256]): 
The value is the same before and after calling `init_weights` of FUTR3D  

pts_backbone.layers.3.encoder.1.0.conv2.weight - torch.Size([256, 256, 3, 3]): 
The value is the same before and after calling `init_weights` of FUTR3D  

pts_backbone.layers.3.encoder.1.0.bn2.weight - torch.Size([256]): 
The value is the same before and after calling `init_weights` of FUTR3D  

pts_backbone.layers.3.encoder.1.0.bn2.bias - torch.Size([256]): 
The value is the same before and after calling `init_weights` of FUTR3D  

pts_backbone.layers.3.encoder.1.0.downsample_layer.0.weight - torch.Size([256, 256, 1, 1]): 
The value is the same before and after calling `init_weights` of FUTR3D  

pts_backbone.layers.3.encoder.1.0.downsample_layer.1.weight - torch.Size([256]): 
The value is the same before and after calling `init_weights` of FUTR3D  

pts_backbone.layers.3.encoder.1.0.downsample_layer.1.bias - torch.Size([256]): 
The value is the same before and after calling `init_weights` of FUTR3D  

pts_backbone.layers.3.encoder.1.1.conv1.weight - torch.Size([256, 256, 3, 3]): 
The value is the same before and after calling `init_weights` of FUTR3D  

pts_backbone.layers.3.encoder.1.1.bn1.weight - torch.Size([256]): 
The value is the same before and after calling `init_weights` of FUTR3D  

pts_backbone.layers.3.encoder.1.1.bn1.bias - torch.Size([256]): 
The value is the same before and after calling `init_weights` of FUTR3D  

pts_backbone.layers.3.encoder.1.1.conv2.weight - torch.Size([256, 256, 3, 3]): 
The value is the same before and after calling `init_weights` of FUTR3D  

pts_backbone.layers.3.encoder.1.1.bn2.weight - torch.Size([256]): 
The value is the same before and after calling `init_weights` of FUTR3D  

pts_backbone.layers.3.encoder.1.1.bn2.bias - torch.Size([256]): 
The value is the same before and after calling `init_weights` of FUTR3D  

pts_backbone.layers.3.encoder.2.0.conv1.weight - torch.Size([256, 256, 3, 3]): 
The value is the same before and after calling `init_weights` of FUTR3D  

pts_backbone.layers.3.encoder.2.0.bn1.weight - torch.Size([256]): 
The value is the same before and after calling `init_weights` of FUTR3D  

pts_backbone.layers.3.encoder.2.0.bn1.bias - torch.Size([256]): 
The value is the same before and after calling `init_weights` of FUTR3D  

pts_backbone.layers.3.encoder.2.0.conv2.weight - torch.Size([256, 256, 3, 3]): 
The value is the same before and after calling `init_weights` of FUTR3D  

pts_backbone.layers.3.encoder.2.0.bn2.weight - torch.Size([256]): 
The value is the same before and after calling `init_weights` of FUTR3D  

pts_backbone.layers.3.encoder.2.0.bn2.bias - torch.Size([256]): 
The value is the same before and after calling `init_weights` of FUTR3D  

pts_backbone.layers.3.encoder.2.0.downsample_layer.0.weight - torch.Size([256, 256, 1, 1]): 
The value is the same before and after calling `init_weights` of FUTR3D  

pts_backbone.layers.3.encoder.2.0.downsample_layer.1.weight - torch.Size([256]): 
The value is the same before and after calling `init_weights` of FUTR3D  

pts_backbone.layers.3.encoder.2.0.downsample_layer.1.bias - torch.Size([256]): 
The value is the same before and after calling `init_weights` of FUTR3D  

pts_backbone.layers.3.encoder.2.1.conv1.weight - torch.Size([256, 256, 3, 3]): 
The value is the same before and after calling `init_weights` of FUTR3D  

pts_backbone.layers.3.encoder.2.1.bn1.weight - torch.Size([256]): 
The value is the same before and after calling `init_weights` of FUTR3D  

pts_backbone.layers.3.encoder.2.1.bn1.bias - torch.Size([256]): 
The value is the same before and after calling `init_weights` of FUTR3D  

pts_backbone.layers.3.encoder.2.1.conv2.weight - torch.Size([256, 256, 3, 3]): 
The value is the same before and after calling `init_weights` of FUTR3D  

pts_backbone.layers.3.encoder.2.1.bn2.weight - torch.Size([256]): 
The value is the same before and after calling `init_weights` of FUTR3D  

pts_backbone.layers.3.encoder.2.1.bn2.bias - torch.Size([256]): 
The value is the same before and after calling `init_weights` of FUTR3D  

pts_backbone.layers.3.decoder.0.0.weight - torch.Size([256, 256, 2, 2]): 
The value is the same before and after calling `init_weights` of FUTR3D  

pts_backbone.layers.3.decoder.0.1.weight - torch.Size([256]): 
The value is the same before and after calling `init_weights` of FUTR3D  

pts_backbone.layers.3.decoder.0.1.bias - torch.Size([256]): 
The value is the same before and after calling `init_weights` of FUTR3D  

pts_backbone.layers.3.decoder.1.0.weight - torch.Size([256, 256, 2, 2]): 
The value is the same before and after calling `init_weights` of FUTR3D  

pts_backbone.layers.3.decoder.1.1.weight - torch.Size([256]): 
The value is the same before and after calling `init_weights` of FUTR3D  

pts_backbone.layers.3.decoder.1.1.bias - torch.Size([256]): 
The value is the same before and after calling `init_weights` of FUTR3D  

pts_backbone.layers.3.decoder_norm.0.weight - torch.Size([256]): 
The value is the same before and after calling `init_weights` of FUTR3D  

pts_backbone.layers.3.decoder_norm.0.bias - torch.Size([256]): 
The value is the same before and after calling `init_weights` of FUTR3D  

pts_backbone.layers.3.decoder_norm.1.weight - torch.Size([256]): 
The value is the same before and after calling `init_weights` of FUTR3D  

pts_backbone.layers.3.decoder_norm.1.bias - torch.Size([256]): 
The value is the same before and after calling `init_weights` of FUTR3D  

pts_neck.lateral_convs.0.conv.weight - torch.Size([256, 256, 1, 1]): 
XavierInit: gain=1, distribution=uniform, bias=0 

pts_neck.lateral_convs.0.bn.weight - torch.Size([256]): 
The value is the same before and after calling `init_weights` of FUTR3D  

pts_neck.lateral_convs.0.bn.bias - torch.Size([256]): 
The value is the same before and after calling `init_weights` of FUTR3D  

pts_neck.fpn_convs.0.conv.weight - torch.Size([256, 256, 3, 3]): 
XavierInit: gain=1, distribution=uniform, bias=0 

pts_neck.fpn_convs.0.bn.weight - torch.Size([256]): 
The value is the same before and after calling `init_weights` of FUTR3D  

pts_neck.fpn_convs.0.bn.bias - torch.Size([256]): 
The value is the same before and after calling `init_weights` of FUTR3D  

pts_neck.fpn_convs.1.conv.weight - torch.Size([256, 256, 3, 3]): 
XavierInit: gain=1, distribution=uniform, bias=0 

pts_neck.fpn_convs.1.bn.weight - torch.Size([256]): 
The value is the same before and after calling `init_weights` of FUTR3D  

pts_neck.fpn_convs.1.bn.bias - torch.Size([256]): 
The value is the same before and after calling `init_weights` of FUTR3D  

pts_neck.fpn_convs.2.conv.weight - torch.Size([256, 256, 3, 3]): 
XavierInit: gain=1, distribution=uniform, bias=0 

pts_neck.fpn_convs.2.bn.weight - torch.Size([256]): 
The value is the same before and after calling `init_weights` of FUTR3D  

pts_neck.fpn_convs.2.bn.bias - torch.Size([256]): 
The value is the same before and after calling `init_weights` of FUTR3D  

pts_neck.fpn_convs.3.conv.weight - torch.Size([256, 256, 3, 3]): 
XavierInit: gain=1, distribution=uniform, bias=0 

pts_neck.fpn_convs.3.bn.weight - torch.Size([256]): 
The value is the same before and after calling `init_weights` of FUTR3D  

pts_neck.fpn_convs.3.bn.bias - torch.Size([256]): 
The value is the same before and after calling `init_weights` of FUTR3D  

pts_bbox_head.transformer.level_embeds - torch.Size([4, 256]): 
Initialized by user-defined `init_weights` in FUTR3DHead  

pts_bbox_head.transformer.decoder.layers.0.attentions.0.0.attn.in_proj_weight - torch.Size([768, 256]): 
Initialized by user-defined `init_weights` in FUTR3DHead  

pts_bbox_head.transformer.decoder.layers.0.attentions.0.0.attn.in_proj_bias - torch.Size([768]): 
The value is the same before and after calling `init_weights` of FUTR3D  

pts_bbox_head.transformer.decoder.layers.0.attentions.0.0.attn.out_proj.weight - torch.Size([256, 256]): 
Initialized by user-defined `init_weights` in FUTR3DHead  

pts_bbox_head.transformer.decoder.layers.0.attentions.0.0.attn.out_proj.bias - torch.Size([256]): 
The value is the same before and after calling `init_weights` of FUTR3D  

pts_bbox_head.transformer.decoder.layers.0.attentions.0.1.weight - torch.Size([256]): 
The value is the same before and after calling `init_weights` of FUTR3D  

pts_bbox_head.transformer.decoder.layers.0.attentions.0.2.layers.0.norm_before.weight - torch.Size([256]): 
The value is the same before and after calling `init_weights` of FUTR3D  

pts_bbox_head.transformer.decoder.layers.0.attentions.0.2.layers.0.mamba.A_log_f - torch.Size([512, 64]): 
Initialized by user-defined `init_weights` in FUTR3DHead  

pts_bbox_head.transformer.decoder.layers.0.attentions.0.2.layers.0.mamba.A_log_b - torch.Size([512, 64]): 
Initialized by user-defined `init_weights` in FUTR3DHead  

pts_bbox_head.transformer.decoder.layers.0.attentions.0.2.layers.0.mamba.D_f - torch.Size([512]): 
The value is the same before and after calling `init_weights` of FUTR3D  

pts_bbox_head.transformer.decoder.layers.0.attentions.0.2.layers.0.mamba.D_b - torch.Size([512]): 
The value is the same before and after calling `init_weights` of FUTR3D  

pts_bbox_head.transformer.decoder.layers.0.attentions.0.2.layers.0.mamba.A_log_f_xy - torch.Size([512, 64]): 
Initialized by user-defined `init_weights` in FUTR3DHead  

pts_bbox_head.transformer.decoder.layers.0.attentions.0.2.layers.0.mamba.A_log_b_xy - torch.Size([512, 64]): 
Initialized by user-defined `init_weights` in FUTR3DHead  

pts_bbox_head.transformer.decoder.layers.0.attentions.0.2.layers.0.mamba.D_f_xy - torch.Size([512]): 
The value is the same before and after calling `init_weights` of FUTR3D  

pts_bbox_head.transformer.decoder.layers.0.attentions.0.2.layers.0.mamba.D_b_xy - torch.Size([512]): 
The value is the same before and after calling `init_weights` of FUTR3D  

pts_bbox_head.transformer.decoder.layers.0.attentions.0.2.layers.0.mamba.in_proj.weight - torch.Size([2048, 256]): 
Initialized by user-defined `init_weights` in FUTR3DHead  

pts_bbox_head.transformer.decoder.layers.0.attentions.0.2.layers.0.mamba.in_proj_xy.weight - torch.Size([2048, 256]): 
Initialized by user-defined `init_weights` in FUTR3DHead  

pts_bbox_head.transformer.decoder.layers.0.attentions.0.2.layers.0.mamba.x_proj_f.weight - torch.Size([144, 512]): 
Initialized by user-defined `init_weights` in FUTR3DHead  

pts_bbox_head.transformer.decoder.layers.0.attentions.0.2.layers.0.mamba.x_proj_b.weight - torch.Size([144, 512]): 
Initialized by user-defined `init_weights` in FUTR3DHead  

pts_bbox_head.transformer.decoder.layers.0.attentions.0.2.layers.0.mamba.dt_proj_f.weight - torch.Size([512, 16]): 
Initialized by user-defined `init_weights` in FUTR3DHead  

pts_bbox_head.transformer.decoder.layers.0.attentions.0.2.layers.0.mamba.dt_proj_f.bias - torch.Size([512]): 
The value is the same before and after calling `init_weights` of FUTR3D  

pts_bbox_head.transformer.decoder.layers.0.attentions.0.2.layers.0.mamba.dt_proj_b.weight - torch.Size([512, 16]): 
Initialized by user-defined `init_weights` in FUTR3DHead  

pts_bbox_head.transformer.decoder.layers.0.attentions.0.2.layers.0.mamba.dt_proj_b.bias - torch.Size([512]): 
The value is the same before and after calling `init_weights` of FUTR3D  

pts_bbox_head.transformer.decoder.layers.0.attentions.0.2.layers.0.mamba.x_proj_f_xy.weight - torch.Size([144, 512]): 
Initialized by user-defined `init_weights` in FUTR3DHead  

pts_bbox_head.transformer.decoder.layers.0.attentions.0.2.layers.0.mamba.x_proj_b_xy.weight - torch.Size([144, 512]): 
Initialized by user-defined `init_weights` in FUTR3DHead  

pts_bbox_head.transformer.decoder.layers.0.attentions.0.2.layers.0.mamba.dt_proj_f_xy.weight - torch.Size([512, 16]): 
Initialized by user-defined `init_weights` in FUTR3DHead  

pts_bbox_head.transformer.decoder.layers.0.attentions.0.2.layers.0.mamba.dt_proj_f_xy.bias - torch.Size([512]): 
The value is the same before and after calling `init_weights` of FUTR3D  

pts_bbox_head.transformer.decoder.layers.0.attentions.0.2.layers.0.mamba.dt_proj_b_xy.weight - torch.Size([512, 16]): 
Initialized by user-defined `init_weights` in FUTR3DHead  

pts_bbox_head.transformer.decoder.layers.0.attentions.0.2.layers.0.mamba.dt_proj_b_xy.bias - torch.Size([512]): 
The value is the same before and after calling `init_weights` of FUTR3D  

pts_bbox_head.transformer.decoder.layers.0.attentions.0.2.layers.0.mamba.conv1d_x_f.weight - torch.Size([512, 1, 4]): 
Initialized by user-defined `init_weights` in FUTR3DHead  

pts_bbox_head.transformer.decoder.layers.0.attentions.0.2.layers.0.mamba.conv1d_x_f.bias - torch.Size([512]): 
The value is the same before and after calling `init_weights` of FUTR3D  

pts_bbox_head.transformer.decoder.layers.0.attentions.0.2.layers.0.mamba.conv1d_z_f.weight - torch.Size([512, 1, 4]): 
Initialized by user-defined `init_weights` in FUTR3DHead  

pts_bbox_head.transformer.decoder.layers.0.attentions.0.2.layers.0.mamba.conv1d_z_f.bias - torch.Size([512]): 
The value is the same before and after calling `init_weights` of FUTR3D  

pts_bbox_head.transformer.decoder.layers.0.attentions.0.2.layers.0.mamba.conv1d_x_b.weight - torch.Size([512, 1, 4]): 
Initialized by user-defined `init_weights` in FUTR3DHead  

pts_bbox_head.transformer.decoder.layers.0.attentions.0.2.layers.0.mamba.conv1d_x_b.bias - torch.Size([512]): 
The value is the same before and after calling `init_weights` of FUTR3D  

pts_bbox_head.transformer.decoder.layers.0.attentions.0.2.layers.0.mamba.conv1d_z_b.weight - torch.Size([512, 1, 4]): 
Initialized by user-defined `init_weights` in FUTR3DHead  

pts_bbox_head.transformer.decoder.layers.0.attentions.0.2.layers.0.mamba.conv1d_z_b.bias - torch.Size([512]): 
The value is the same before and after calling `init_weights` of FUTR3D  

pts_bbox_head.transformer.decoder.layers.0.attentions.0.2.layers.0.mamba.conv1d_x_xy_f.weight - torch.Size([512, 1, 4]): 
Initialized by user-defined `init_weights` in FUTR3DHead  

pts_bbox_head.transformer.decoder.layers.0.attentions.0.2.layers.0.mamba.conv1d_x_xy_f.bias - torch.Size([512]): 
The value is the same before and after calling `init_weights` of FUTR3D  

pts_bbox_head.transformer.decoder.layers.0.attentions.0.2.layers.0.mamba.conv1d_z_xy_f.weight - torch.Size([512, 1, 4]): 
Initialized by user-defined `init_weights` in FUTR3DHead  

pts_bbox_head.transformer.decoder.layers.0.attentions.0.2.layers.0.mamba.conv1d_z_xy_f.bias - torch.Size([512]): 
The value is the same before and after calling `init_weights` of FUTR3D  

pts_bbox_head.transformer.decoder.layers.0.attentions.0.2.layers.0.mamba.conv1d_x_xy_b.weight - torch.Size([512, 1, 4]): 
Initialized by user-defined `init_weights` in FUTR3DHead  

pts_bbox_head.transformer.decoder.layers.0.attentions.0.2.layers.0.mamba.conv1d_x_xy_b.bias - torch.Size([512]): 
The value is the same before and after calling `init_weights` of FUTR3D  

pts_bbox_head.transformer.decoder.layers.0.attentions.0.2.layers.0.mamba.conv1d_z_xy_b.weight - torch.Size([512, 1, 4]): 
Initialized by user-defined `init_weights` in FUTR3DHead  

pts_bbox_head.transformer.decoder.layers.0.attentions.0.2.layers.0.mamba.conv1d_z_xy_b.bias - torch.Size([512]): 
The value is the same before and after calling `init_weights` of FUTR3D  

pts_bbox_head.transformer.decoder.layers.0.attentions.0.2.layers.0.mamba.out_proj.weight - torch.Size([256, 2048]): 
Initialized by user-defined `init_weights` in FUTR3DHead  

pts_bbox_head.transformer.decoder.layers.0.attentions.0.2.layers.0.mamba.global_proj.weight - torch.Size([2048, 2048]): 
Initialized by user-defined `init_weights` in FUTR3DHead  

pts_bbox_head.transformer.decoder.layers.0.attentions.0.2.layers.0.mamba.global_proj.bias - torch.Size([2048]): 
The value is the same before and after calling `init_weights` of FUTR3D  

pts_bbox_head.transformer.decoder.layers.0.attentions.0.2.layers.0.norm.weight - torch.Size([256]): 
The value is the same before and after calling `init_weights` of FUTR3D  

pts_bbox_head.transformer.decoder.layers.0.attentions.0.2.layers.0.mlp.gate_proj.weight - torch.Size([1024, 256]): 
Initialized by user-defined `init_weights` in FUTR3DHead  

pts_bbox_head.transformer.decoder.layers.0.attentions.0.2.layers.0.mlp.up_proj.weight - torch.Size([1024, 256]): 
Initialized by user-defined `init_weights` in FUTR3DHead  

pts_bbox_head.transformer.decoder.layers.0.attentions.0.2.layers.0.mlp.down_proj.weight - torch.Size([256, 1024]): 
Initialized by user-defined `init_weights` in FUTR3DHead  

pts_bbox_head.transformer.decoder.layers.0.attentions.0.2.layers.0.mlp_norm.weight - torch.Size([256]): 
The value is the same before and after calling `init_weights` of FUTR3D  

pts_bbox_head.transformer.decoder.layers.0.attentions.0.2.layers.1.norm_before.weight - torch.Size([256]): 
The value is the same before and after calling `init_weights` of FUTR3D  

pts_bbox_head.transformer.decoder.layers.0.attentions.0.2.layers.1.mamba.A_log_f - torch.Size([512, 64]): 
Initialized by user-defined `init_weights` in FUTR3DHead  

pts_bbox_head.transformer.decoder.layers.0.attentions.0.2.layers.1.mamba.A_log_b - torch.Size([512, 64]): 
Initialized by user-defined `init_weights` in FUTR3DHead  

pts_bbox_head.transformer.decoder.layers.0.attentions.0.2.layers.1.mamba.D_f - torch.Size([512]): 
The value is the same before and after calling `init_weights` of FUTR3D  

pts_bbox_head.transformer.decoder.layers.0.attentions.0.2.layers.1.mamba.D_b - torch.Size([512]): 
The value is the same before and after calling `init_weights` of FUTR3D  

pts_bbox_head.transformer.decoder.layers.0.attentions.0.2.layers.1.mamba.A_log_f_xy - torch.Size([512, 64]): 
Initialized by user-defined `init_weights` in FUTR3DHead  

pts_bbox_head.transformer.decoder.layers.0.attentions.0.2.layers.1.mamba.A_log_b_xy - torch.Size([512, 64]): 
Initialized by user-defined `init_weights` in FUTR3DHead  

pts_bbox_head.transformer.decoder.layers.0.attentions.0.2.layers.1.mamba.D_f_xy - torch.Size([512]): 
The value is the same before and after calling `init_weights` of FUTR3D  

pts_bbox_head.transformer.decoder.layers.0.attentions.0.2.layers.1.mamba.D_b_xy - torch.Size([512]): 
The value is the same before and after calling `init_weights` of FUTR3D  

pts_bbox_head.transformer.decoder.layers.0.attentions.0.2.layers.1.mamba.in_proj.weight - torch.Size([2048, 256]): 
Initialized by user-defined `init_weights` in FUTR3DHead  

pts_bbox_head.transformer.decoder.layers.0.attentions.0.2.layers.1.mamba.in_proj_xy.weight - torch.Size([2048, 256]): 
Initialized by user-defined `init_weights` in FUTR3DHead  

pts_bbox_head.transformer.decoder.layers.0.attentions.0.2.layers.1.mamba.x_proj_f.weight - torch.Size([144, 512]): 
Initialized by user-defined `init_weights` in FUTR3DHead  

pts_bbox_head.transformer.decoder.layers.0.attentions.0.2.layers.1.mamba.x_proj_b.weight - torch.Size([144, 512]): 
Initialized by user-defined `init_weights` in FUTR3DHead  

pts_bbox_head.transformer.decoder.layers.0.attentions.0.2.layers.1.mamba.dt_proj_f.weight - torch.Size([512, 16]): 
Initialized by user-defined `init_weights` in FUTR3DHead  

pts_bbox_head.transformer.decoder.layers.0.attentions.0.2.layers.1.mamba.dt_proj_f.bias - torch.Size([512]): 
The value is the same before and after calling `init_weights` of FUTR3D  

pts_bbox_head.transformer.decoder.layers.0.attentions.0.2.layers.1.mamba.dt_proj_b.weight - torch.Size([512, 16]): 
Initialized by user-defined `init_weights` in FUTR3DHead  

pts_bbox_head.transformer.decoder.layers.0.attentions.0.2.layers.1.mamba.dt_proj_b.bias - torch.Size([512]): 
The value is the same before and after calling `init_weights` of FUTR3D  

pts_bbox_head.transformer.decoder.layers.0.attentions.0.2.layers.1.mamba.x_proj_f_xy.weight - torch.Size([144, 512]): 
Initialized by user-defined `init_weights` in FUTR3DHead  

pts_bbox_head.transformer.decoder.layers.0.attentions.0.2.layers.1.mamba.x_proj_b_xy.weight - torch.Size([144, 512]): 
Initialized by user-defined `init_weights` in FUTR3DHead  

pts_bbox_head.transformer.decoder.layers.0.attentions.0.2.layers.1.mamba.dt_proj_f_xy.weight - torch.Size([512, 16]): 
Initialized by user-defined `init_weights` in FUTR3DHead  

pts_bbox_head.transformer.decoder.layers.0.attentions.0.2.layers.1.mamba.dt_proj_f_xy.bias - torch.Size([512]): 
The value is the same before and after calling `init_weights` of FUTR3D  

pts_bbox_head.transformer.decoder.layers.0.attentions.0.2.layers.1.mamba.dt_proj_b_xy.weight - torch.Size([512, 16]): 
Initialized by user-defined `init_weights` in FUTR3DHead  

pts_bbox_head.transformer.decoder.layers.0.attentions.0.2.layers.1.mamba.dt_proj_b_xy.bias - torch.Size([512]): 
The value is the same before and after calling `init_weights` of FUTR3D  

pts_bbox_head.transformer.decoder.layers.0.attentions.0.2.layers.1.mamba.conv1d_x_f.weight - torch.Size([512, 1, 4]): 
Initialized by user-defined `init_weights` in FUTR3DHead  

pts_bbox_head.transformer.decoder.layers.0.attentions.0.2.layers.1.mamba.conv1d_x_f.bias - torch.Size([512]): 
The value is the same before and after calling `init_weights` of FUTR3D  

pts_bbox_head.transformer.decoder.layers.0.attentions.0.2.layers.1.mamba.conv1d_z_f.weight - torch.Size([512, 1, 4]): 
Initialized by user-defined `init_weights` in FUTR3DHead  

pts_bbox_head.transformer.decoder.layers.0.attentions.0.2.layers.1.mamba.conv1d_z_f.bias - torch.Size([512]): 
The value is the same before and after calling `init_weights` of FUTR3D  

pts_bbox_head.transformer.decoder.layers.0.attentions.0.2.layers.1.mamba.conv1d_x_b.weight - torch.Size([512, 1, 4]): 
Initialized by user-defined `init_weights` in FUTR3DHead  

pts_bbox_head.transformer.decoder.layers.0.attentions.0.2.layers.1.mamba.conv1d_x_b.bias - torch.Size([512]): 
The value is the same before and after calling `init_weights` of FUTR3D  

pts_bbox_head.transformer.decoder.layers.0.attentions.0.2.layers.1.mamba.conv1d_z_b.weight - torch.Size([512, 1, 4]): 
Initialized by user-defined `init_weights` in FUTR3DHead  

pts_bbox_head.transformer.decoder.layers.0.attentions.0.2.layers.1.mamba.conv1d_z_b.bias - torch.Size([512]): 
The value is the same before and after calling `init_weights` of FUTR3D  

pts_bbox_head.transformer.decoder.layers.0.attentions.0.2.layers.1.mamba.conv1d_x_xy_f.weight - torch.Size([512, 1, 4]): 
Initialized by user-defined `init_weights` in FUTR3DHead  

pts_bbox_head.transformer.decoder.layers.0.attentions.0.2.layers.1.mamba.conv1d_x_xy_f.bias - torch.Size([512]): 
The value is the same before and after calling `init_weights` of FUTR3D  

pts_bbox_head.transformer.decoder.layers.0.attentions.0.2.layers.1.mamba.conv1d_z_xy_f.weight - torch.Size([512, 1, 4]): 
Initialized by user-defined `init_weights` in FUTR3DHead  

pts_bbox_head.transformer.decoder.layers.0.attentions.0.2.layers.1.mamba.conv1d_z_xy_f.bias - torch.Size([512]): 
The value is the same before and after calling `init_weights` of FUTR3D  

pts_bbox_head.transformer.decoder.layers.0.attentions.0.2.layers.1.mamba.conv1d_x_xy_b.weight - torch.Size([512, 1, 4]): 
Initialized by user-defined `init_weights` in FUTR3DHead  

pts_bbox_head.transformer.decoder.layers.0.attentions.0.2.layers.1.mamba.conv1d_x_xy_b.bias - torch.Size([512]): 
The value is the same before and after calling `init_weights` of FUTR3D  

pts_bbox_head.transformer.decoder.layers.0.attentions.0.2.layers.1.mamba.conv1d_z_xy_b.weight - torch.Size([512, 1, 4]): 
Initialized by user-defined `init_weights` in FUTR3DHead  

pts_bbox_head.transformer.decoder.layers.0.attentions.0.2.layers.1.mamba.conv1d_z_xy_b.bias - torch.Size([512]): 
The value is the same before and after calling `init_weights` of FUTR3D  

pts_bbox_head.transformer.decoder.layers.0.attentions.0.2.layers.1.mamba.out_proj.weight - torch.Size([256, 2048]): 
Initialized by user-defined `init_weights` in FUTR3DHead  

pts_bbox_head.transformer.decoder.layers.0.attentions.0.2.layers.1.mamba.global_proj.weight - torch.Size([2048, 2048]): 
Initialized by user-defined `init_weights` in FUTR3DHead  

pts_bbox_head.transformer.decoder.layers.0.attentions.0.2.layers.1.mamba.global_proj.bias - torch.Size([2048]): 
The value is the same before and after calling `init_weights` of FUTR3D  

pts_bbox_head.transformer.decoder.layers.0.attentions.0.2.layers.1.norm.weight - torch.Size([256]): 
The value is the same before and after calling `init_weights` of FUTR3D  

pts_bbox_head.transformer.decoder.layers.0.attentions.0.2.layers.1.mlp.gate_proj.weight - torch.Size([1024, 256]): 
Initialized by user-defined `init_weights` in FUTR3DHead  

pts_bbox_head.transformer.decoder.layers.0.attentions.0.2.layers.1.mlp.up_proj.weight - torch.Size([1024, 256]): 
Initialized by user-defined `init_weights` in FUTR3DHead  

pts_bbox_head.transformer.decoder.layers.0.attentions.0.2.layers.1.mlp.down_proj.weight - torch.Size([256, 1024]): 
Initialized by user-defined `init_weights` in FUTR3DHead  

pts_bbox_head.transformer.decoder.layers.0.attentions.1.sampling_offsets.weight - torch.Size([256, 256]): 
Initialized by user-defined `init_weights` in FUTR3DHead  

pts_bbox_head.transformer.decoder.layers.0.attentions.1.sampling_offsets.bias - torch.Size([256]): 
The value is the same before and after calling `init_weights` of FUTR3D  

pts_bbox_head.transformer.decoder.layers.0.attentions.1.attention_weights.weight - torch.Size([128, 256]): 
Initialized by user-defined `init_weights` in FUTR3DHead  

pts_bbox_head.transformer.decoder.layers.0.attentions.1.attention_weights.bias - torch.Size([128]): 
The value is the same before and after calling `init_weights` of FUTR3D  

pts_bbox_head.transformer.decoder.layers.0.attentions.1.value_proj.weight - torch.Size([256, 256]): 
Initialized by user-defined `init_weights` in FUTR3DHead  

pts_bbox_head.transformer.decoder.layers.0.attentions.1.value_proj.bias - torch.Size([256]): 
The value is the same before and after calling `init_weights` of FUTR3D  

pts_bbox_head.transformer.decoder.layers.0.attentions.1.output_proj.weight - torch.Size([256, 256]): 
Initialized by user-defined `init_weights` in FUTR3DHead  

pts_bbox_head.transformer.decoder.layers.0.attentions.1.output_proj.bias - torch.Size([256]): 
The value is the same before and after calling `init_weights` of FUTR3D  

pts_bbox_head.transformer.decoder.layers.0.attentions.1.img_attention_weights.weight - torch.Size([24, 256]): 
Initialized by user-defined `init_weights` in FUTR3DHead  

pts_bbox_head.transformer.decoder.layers.0.attentions.1.img_attention_weights.bias - torch.Size([24]): 
The value is the same before and after calling `init_weights` of FUTR3D  

pts_bbox_head.transformer.decoder.layers.0.attentions.1.img_output_proj.weight - torch.Size([256, 256]): 
Initialized by user-defined `init_weights` in FUTR3DHead  

pts_bbox_head.transformer.decoder.layers.0.attentions.1.img_output_proj.bias - torch.Size([256]): 
The value is the same before and after calling `init_weights` of FUTR3D  

pts_bbox_head.transformer.decoder.layers.0.attentions.1.position_encoder.0.weight - torch.Size([256, 3]): 
Initialized by user-defined `init_weights` in FUTR3DHead  

pts_bbox_head.transformer.decoder.layers.0.attentions.1.position_encoder.0.bias - torch.Size([256]): 
The value is the same before and after calling `init_weights` of FUTR3D  

pts_bbox_head.transformer.decoder.layers.0.attentions.1.position_encoder.1.weight - torch.Size([256]): 
The value is the same before and after calling `init_weights` of FUTR3D  

pts_bbox_head.transformer.decoder.layers.0.attentions.1.position_encoder.1.bias - torch.Size([256]): 
The value is the same before and after calling `init_weights` of FUTR3D  

pts_bbox_head.transformer.decoder.layers.0.attentions.1.position_encoder.3.weight - torch.Size([256, 256]): 
Initialized by user-defined `init_weights` in FUTR3DHead  

pts_bbox_head.transformer.decoder.layers.0.attentions.1.position_encoder.3.bias - torch.Size([256]): 
The value is the same before and after calling `init_weights` of FUTR3D  

pts_bbox_head.transformer.decoder.layers.0.attentions.1.position_encoder.4.weight - torch.Size([256]): 
The value is the same before and after calling `init_weights` of FUTR3D  

pts_bbox_head.transformer.decoder.layers.0.attentions.1.position_encoder.4.bias - torch.Size([256]): 
The value is the same before and after calling `init_weights` of FUTR3D  

pts_bbox_head.transformer.decoder.layers.0.attentions.1.modality_fusion_layer.0.weight - torch.Size([256, 1024]): 
Initialized by user-defined `init_weights` in FUTR3DHead  

pts_bbox_head.transformer.decoder.layers.0.attentions.1.modality_fusion_layer.0.bias - torch.Size([256]): 
The value is the same before and after calling `init_weights` of FUTR3D  

pts_bbox_head.transformer.decoder.layers.0.attentions.1.modality_fusion_layer.1.weight - torch.Size([256]): 
The value is the same before and after calling `init_weights` of FUTR3D  

pts_bbox_head.transformer.decoder.layers.0.attentions.1.modality_fusion_layer.1.bias - torch.Size([256]): 
The value is the same before and after calling `init_weights` of FUTR3D  

pts_bbox_head.transformer.decoder.layers.0.attentions.1.modality_fusion_layer.3.weight - torch.Size([256, 256]): 
Initialized by user-defined `init_weights` in FUTR3DHead  

pts_bbox_head.transformer.decoder.layers.0.attentions.1.modality_fusion_layer.3.bias - torch.Size([256]): 
The value is the same before and after calling `init_weights` of FUTR3D  

pts_bbox_head.transformer.decoder.layers.0.attentions.1.modality_fusion_layer.4.weight - torch.Size([256]): 
The value is the same before and after calling `init_weights` of FUTR3D  

pts_bbox_head.transformer.decoder.layers.0.attentions.1.modality_fusion_layer.4.bias - torch.Size([256]): 
The value is the same before and after calling `init_weights` of FUTR3D  

pts_bbox_head.transformer.decoder.layers.0.attentions.1.camera_mixer.layers_LGC.0.A_log_h2t - torch.Size([512, 32]): 
Initialized by user-defined `init_weights` in FUTR3DHead  

pts_bbox_head.transformer.decoder.layers.0.attentions.1.camera_mixer.layers_LGC.0.D_h2t - torch.Size([512]): 
The value is the same before and after calling `init_weights` of FUTR3D  

pts_bbox_head.transformer.decoder.layers.0.attentions.1.camera_mixer.layers_LGC.0.A_log_t2h - torch.Size([512, 32]): 
Initialized by user-defined `init_weights` in FUTR3DHead  

pts_bbox_head.transformer.decoder.layers.0.attentions.1.camera_mixer.layers_LGC.0.D_t2h - torch.Size([512]): 
The value is the same before and after calling `init_weights` of FUTR3D  

pts_bbox_head.transformer.decoder.layers.0.attentions.1.camera_mixer.layers_LGC.0.in_proj.weight - torch.Size([1024, 256]): 
Initialized by user-defined `init_weights` in FUTR3DHead  

pts_bbox_head.transformer.decoder.layers.0.attentions.1.camera_mixer.layers_LGC.0.in_proj_lidar.weight - torch.Size([512, 256]): 
Initialized by user-defined `init_weights` in FUTR3DHead  

pts_bbox_head.transformer.decoder.layers.0.attentions.1.camera_mixer.layers_LGC.0.conv1d_h2t.weight - torch.Size([512, 1, 4]): 
Initialized by user-defined `init_weights` in FUTR3DHead  

pts_bbox_head.transformer.decoder.layers.0.attentions.1.camera_mixer.layers_LGC.0.conv1d_h2t.bias - torch.Size([512]): 
The value is the same before and after calling `init_weights` of FUTR3D  

pts_bbox_head.transformer.decoder.layers.0.attentions.1.camera_mixer.layers_LGC.0.x_proj_h2t.weight - torch.Size([80, 512]): 
Initialized by user-defined `init_weights` in FUTR3DHead  

pts_bbox_head.transformer.decoder.layers.0.attentions.1.camera_mixer.layers_LGC.0.dt_proj_h2t.weight - torch.Size([512, 16]): 
Initialized by user-defined `init_weights` in FUTR3DHead  

pts_bbox_head.transformer.decoder.layers.0.attentions.1.camera_mixer.layers_LGC.0.dt_proj_h2t.bias - torch.Size([512]): 
The value is the same before and after calling `init_weights` of FUTR3D  

pts_bbox_head.transformer.decoder.layers.0.attentions.1.camera_mixer.layers_LGC.0.conv1d_t2h.weight - torch.Size([512, 1, 4]): 
Initialized by user-defined `init_weights` in FUTR3DHead  

pts_bbox_head.transformer.decoder.layers.0.attentions.1.camera_mixer.layers_LGC.0.conv1d_t2h.bias - torch.Size([512]): 
The value is the same before and after calling `init_weights` of FUTR3D  

pts_bbox_head.transformer.decoder.layers.0.attentions.1.camera_mixer.layers_LGC.0.x_proj_t2h.weight - torch.Size([80, 512]): 
Initialized by user-defined `init_weights` in FUTR3DHead  

pts_bbox_head.transformer.decoder.layers.0.attentions.1.camera_mixer.layers_LGC.0.dt_proj_t2h.weight - torch.Size([512, 16]): 
Initialized by user-defined `init_weights` in FUTR3DHead  

pts_bbox_head.transformer.decoder.layers.0.attentions.1.camera_mixer.layers_LGC.0.dt_proj_t2h.bias - torch.Size([512]): 
The value is the same before and after calling `init_weights` of FUTR3D  

pts_bbox_head.transformer.decoder.layers.0.attentions.1.camera_mixer.layers_LGC.0.lidar_guidance_proj.weight - torch.Size([512, 512]): 
Initialized by user-defined `init_weights` in FUTR3DHead  

pts_bbox_head.transformer.decoder.layers.0.attentions.1.camera_mixer.layers_LGC.0.lidar_guidance_proj.bias - torch.Size([512]): 
The value is the same before and after calling `init_weights` of FUTR3D  

pts_bbox_head.transformer.decoder.layers.0.attentions.1.camera_mixer.layers_LGC.0.out_proj.weight - torch.Size([256, 512]): 
Initialized by user-defined `init_weights` in FUTR3DHead  

pts_bbox_head.transformer.decoder.layers.0.attentions.1.camera_mixer.layers_LGC.1.A_log_h2t - torch.Size([512, 32]): 
Initialized by user-defined `init_weights` in FUTR3DHead  

pts_bbox_head.transformer.decoder.layers.0.attentions.1.camera_mixer.layers_LGC.1.D_h2t - torch.Size([512]): 
The value is the same before and after calling `init_weights` of FUTR3D  

pts_bbox_head.transformer.decoder.layers.0.attentions.1.camera_mixer.layers_LGC.1.A_log_t2h - torch.Size([512, 32]): 
Initialized by user-defined `init_weights` in FUTR3DHead  

pts_bbox_head.transformer.decoder.layers.0.attentions.1.camera_mixer.layers_LGC.1.D_t2h - torch.Size([512]): 
The value is the same before and after calling `init_weights` of FUTR3D  

pts_bbox_head.transformer.decoder.layers.0.attentions.1.camera_mixer.layers_LGC.1.in_proj.weight - torch.Size([1024, 256]): 
Initialized by user-defined `init_weights` in FUTR3DHead  

pts_bbox_head.transformer.decoder.layers.0.attentions.1.camera_mixer.layers_LGC.1.in_proj_lidar.weight - torch.Size([512, 256]): 
Initialized by user-defined `init_weights` in FUTR3DHead  

pts_bbox_head.transformer.decoder.layers.0.attentions.1.camera_mixer.layers_LGC.1.conv1d_h2t.weight - torch.Size([512, 1, 4]): 
Initialized by user-defined `init_weights` in FUTR3DHead  

pts_bbox_head.transformer.decoder.layers.0.attentions.1.camera_mixer.layers_LGC.1.conv1d_h2t.bias - torch.Size([512]): 
The value is the same before and after calling `init_weights` of FUTR3D  

pts_bbox_head.transformer.decoder.layers.0.attentions.1.camera_mixer.layers_LGC.1.x_proj_h2t.weight - torch.Size([80, 512]): 
Initialized by user-defined `init_weights` in FUTR3DHead  

pts_bbox_head.transformer.decoder.layers.0.attentions.1.camera_mixer.layers_LGC.1.dt_proj_h2t.weight - torch.Size([512, 16]): 
Initialized by user-defined `init_weights` in FUTR3DHead  

pts_bbox_head.transformer.decoder.layers.0.attentions.1.camera_mixer.layers_LGC.1.dt_proj_h2t.bias - torch.Size([512]): 
The value is the same before and after calling `init_weights` of FUTR3D  

pts_bbox_head.transformer.decoder.layers.0.attentions.1.camera_mixer.layers_LGC.1.conv1d_t2h.weight - torch.Size([512, 1, 4]): 
Initialized by user-defined `init_weights` in FUTR3DHead  

pts_bbox_head.transformer.decoder.layers.0.attentions.1.camera_mixer.layers_LGC.1.conv1d_t2h.bias - torch.Size([512]): 
The value is the same before and after calling `init_weights` of FUTR3D  

pts_bbox_head.transformer.decoder.layers.0.attentions.1.camera_mixer.layers_LGC.1.x_proj_t2h.weight - torch.Size([80, 512]): 
Initialized by user-defined `init_weights` in FUTR3DHead  

pts_bbox_head.transformer.decoder.layers.0.attentions.1.camera_mixer.layers_LGC.1.dt_proj_t2h.weight - torch.Size([512, 16]): 
Initialized by user-defined `init_weights` in FUTR3DHead  

pts_bbox_head.transformer.decoder.layers.0.attentions.1.camera_mixer.layers_LGC.1.dt_proj_t2h.bias - torch.Size([512]): 
The value is the same before and after calling `init_weights` of FUTR3D  

pts_bbox_head.transformer.decoder.layers.0.attentions.1.camera_mixer.layers_LGC.1.lidar_guidance_proj.weight - torch.Size([512, 512]): 
Initialized by user-defined `init_weights` in FUTR3DHead  

pts_bbox_head.transformer.decoder.layers.0.attentions.1.camera_mixer.layers_LGC.1.lidar_guidance_proj.bias - torch.Size([512]): 
The value is the same before and after calling `init_weights` of FUTR3D  

pts_bbox_head.transformer.decoder.layers.0.attentions.1.camera_mixer.layers_LGC.1.out_proj.weight - torch.Size([256, 512]): 
Initialized by user-defined `init_weights` in FUTR3DHead  

pts_bbox_head.transformer.decoder.layers.0.attentions.1.camera_mixer.layers_CGL.0.A_log_h2t - torch.Size([512, 32]): 
Initialized by user-defined `init_weights` in FUTR3DHead  

pts_bbox_head.transformer.decoder.layers.0.attentions.1.camera_mixer.layers_CGL.0.D_h2t - torch.Size([512]): 
The value is the same before and after calling `init_weights` of FUTR3D  

pts_bbox_head.transformer.decoder.layers.0.attentions.1.camera_mixer.layers_CGL.0.A_log_t2h - torch.Size([512, 32]): 
Initialized by user-defined `init_weights` in FUTR3DHead  

pts_bbox_head.transformer.decoder.layers.0.attentions.1.camera_mixer.layers_CGL.0.D_t2h - torch.Size([512]): 
The value is the same before and after calling `init_weights` of FUTR3D  

pts_bbox_head.transformer.decoder.layers.0.attentions.1.camera_mixer.layers_CGL.0.in_proj.weight - torch.Size([1024, 256]): 
Initialized by user-defined `init_weights` in FUTR3DHead  

pts_bbox_head.transformer.decoder.layers.0.attentions.1.camera_mixer.layers_CGL.0.in_proj_lidar.weight - torch.Size([512, 256]): 
Initialized by user-defined `init_weights` in FUTR3DHead  

pts_bbox_head.transformer.decoder.layers.0.attentions.1.camera_mixer.layers_CGL.0.conv1d_h2t.weight - torch.Size([512, 1, 4]): 
Initialized by user-defined `init_weights` in FUTR3DHead  

pts_bbox_head.transformer.decoder.layers.0.attentions.1.camera_mixer.layers_CGL.0.conv1d_h2t.bias - torch.Size([512]): 
The value is the same before and after calling `init_weights` of FUTR3D  

pts_bbox_head.transformer.decoder.layers.0.attentions.1.camera_mixer.layers_CGL.0.x_proj_h2t.weight - torch.Size([80, 512]): 
Initialized by user-defined `init_weights` in FUTR3DHead  

pts_bbox_head.transformer.decoder.layers.0.attentions.1.camera_mixer.layers_CGL.0.dt_proj_h2t.weight - torch.Size([512, 16]): 
Initialized by user-defined `init_weights` in FUTR3DHead  

pts_bbox_head.transformer.decoder.layers.0.attentions.1.camera_mixer.layers_CGL.0.dt_proj_h2t.bias - torch.Size([512]): 
The value is the same before and after calling `init_weights` of FUTR3D  

pts_bbox_head.transformer.decoder.layers.0.attentions.1.camera_mixer.layers_CGL.0.conv1d_t2h.weight - torch.Size([512, 1, 4]): 
Initialized by user-defined `init_weights` in FUTR3DHead  

pts_bbox_head.transformer.decoder.layers.0.attentions.1.camera_mixer.layers_CGL.0.conv1d_t2h.bias - torch.Size([512]): 
The value is the same before and after calling `init_weights` of FUTR3D  

pts_bbox_head.transformer.decoder.layers.0.attentions.1.camera_mixer.layers_CGL.0.x_proj_t2h.weight - torch.Size([80, 512]): 
Initialized by user-defined `init_weights` in FUTR3DHead  

pts_bbox_head.transformer.decoder.layers.0.attentions.1.camera_mixer.layers_CGL.0.dt_proj_t2h.weight - torch.Size([512, 16]): 
Initialized by user-defined `init_weights` in FUTR3DHead  

pts_bbox_head.transformer.decoder.layers.0.attentions.1.camera_mixer.layers_CGL.0.dt_proj_t2h.bias - torch.Size([512]): 
The value is the same before and after calling `init_weights` of FUTR3D  

pts_bbox_head.transformer.decoder.layers.0.attentions.1.camera_mixer.layers_CGL.0.lidar_guidance_proj.weight - torch.Size([512, 512]): 
Initialized by user-defined `init_weights` in FUTR3DHead  

pts_bbox_head.transformer.decoder.layers.0.attentions.1.camera_mixer.layers_CGL.0.lidar_guidance_proj.bias - torch.Size([512]): 
The value is the same before and after calling `init_weights` of FUTR3D  

pts_bbox_head.transformer.decoder.layers.0.attentions.1.camera_mixer.layers_CGL.0.out_proj.weight - torch.Size([256, 512]): 
Initialized by user-defined `init_weights` in FUTR3DHead  

pts_bbox_head.transformer.decoder.layers.0.attentions.1.camera_mixer.layers_CGL.1.A_log_h2t - torch.Size([512, 32]): 
Initialized by user-defined `init_weights` in FUTR3DHead  

pts_bbox_head.transformer.decoder.layers.0.attentions.1.camera_mixer.layers_CGL.1.D_h2t - torch.Size([512]): 
The value is the same before and after calling `init_weights` of FUTR3D  

pts_bbox_head.transformer.decoder.layers.0.attentions.1.camera_mixer.layers_CGL.1.A_log_t2h - torch.Size([512, 32]): 
Initialized by user-defined `init_weights` in FUTR3DHead  

pts_bbox_head.transformer.decoder.layers.0.attentions.1.camera_mixer.layers_CGL.1.D_t2h - torch.Size([512]): 
The value is the same before and after calling `init_weights` of FUTR3D  

pts_bbox_head.transformer.decoder.layers.0.attentions.1.camera_mixer.layers_CGL.1.in_proj.weight - torch.Size([1024, 256]): 
Initialized by user-defined `init_weights` in FUTR3DHead  

pts_bbox_head.transformer.decoder.layers.0.attentions.1.camera_mixer.layers_CGL.1.in_proj_lidar.weight - torch.Size([512, 256]): 
Initialized by user-defined `init_weights` in FUTR3DHead  

pts_bbox_head.transformer.decoder.layers.0.attentions.1.camera_mixer.layers_CGL.1.conv1d_h2t.weight - torch.Size([512, 1, 4]): 
Initialized by user-defined `init_weights` in FUTR3DHead  

pts_bbox_head.transformer.decoder.layers.0.attentions.1.camera_mixer.layers_CGL.1.conv1d_h2t.bias - torch.Size([512]): 
The value is the same before and after calling `init_weights` of FUTR3D  

pts_bbox_head.transformer.decoder.layers.0.attentions.1.camera_mixer.layers_CGL.1.x_proj_h2t.weight - torch.Size([80, 512]): 
Initialized by user-defined `init_weights` in FUTR3DHead  

pts_bbox_head.transformer.decoder.layers.0.attentions.1.camera_mixer.layers_CGL.1.dt_proj_h2t.weight - torch.Size([512, 16]): 
Initialized by user-defined `init_weights` in FUTR3DHead  

pts_bbox_head.transformer.decoder.layers.0.attentions.1.camera_mixer.layers_CGL.1.dt_proj_h2t.bias - torch.Size([512]): 
The value is the same before and after calling `init_weights` of FUTR3D  

pts_bbox_head.transformer.decoder.layers.0.attentions.1.camera_mixer.layers_CGL.1.conv1d_t2h.weight - torch.Size([512, 1, 4]): 
Initialized by user-defined `init_weights` in FUTR3DHead  

pts_bbox_head.transformer.decoder.layers.0.attentions.1.camera_mixer.layers_CGL.1.conv1d_t2h.bias - torch.Size([512]): 
The value is the same before and after calling `init_weights` of FUTR3D  

pts_bbox_head.transformer.decoder.layers.0.attentions.1.camera_mixer.layers_CGL.1.x_proj_t2h.weight - torch.Size([80, 512]): 
Initialized by user-defined `init_weights` in FUTR3DHead  

pts_bbox_head.transformer.decoder.layers.0.attentions.1.camera_mixer.layers_CGL.1.dt_proj_t2h.weight - torch.Size([512, 16]): 
Initialized by user-defined `init_weights` in FUTR3DHead  

pts_bbox_head.transformer.decoder.layers.0.attentions.1.camera_mixer.layers_CGL.1.dt_proj_t2h.bias - torch.Size([512]): 
The value is the same before and after calling `init_weights` of FUTR3D  

pts_bbox_head.transformer.decoder.layers.0.attentions.1.camera_mixer.layers_CGL.1.lidar_guidance_proj.weight - torch.Size([512, 512]): 
Initialized by user-defined `init_weights` in FUTR3DHead  

pts_bbox_head.transformer.decoder.layers.0.attentions.1.camera_mixer.layers_CGL.1.lidar_guidance_proj.bias - torch.Size([512]): 
The value is the same before and after calling `init_weights` of FUTR3D  

pts_bbox_head.transformer.decoder.layers.0.attentions.1.camera_mixer.layers_CGL.1.out_proj.weight - torch.Size([256, 512]): 
Initialized by user-defined `init_weights` in FUTR3DHead  

pts_bbox_head.transformer.decoder.layers.0.attentions.1.camera_mixer.norm_L.0.weight - torch.Size([256]): 
The value is the same before and after calling `init_weights` of FUTR3D  

pts_bbox_head.transformer.decoder.layers.0.attentions.1.camera_mixer.norm_L.0.bias - torch.Size([256]): 
The value is the same before and after calling `init_weights` of FUTR3D  

pts_bbox_head.transformer.decoder.layers.0.attentions.1.camera_mixer.norm_L.1.weight - torch.Size([256]): 
The value is the same before and after calling `init_weights` of FUTR3D  

pts_bbox_head.transformer.decoder.layers.0.attentions.1.camera_mixer.norm_L.1.bias - torch.Size([256]): 
The value is the same before and after calling `init_weights` of FUTR3D  

pts_bbox_head.transformer.decoder.layers.0.attentions.1.camera_mixer.norm_C.0.weight - torch.Size([256]): 
The value is the same before and after calling `init_weights` of FUTR3D  

pts_bbox_head.transformer.decoder.layers.0.attentions.1.camera_mixer.norm_C.0.bias - torch.Size([256]): 
The value is the same before and after calling `init_weights` of FUTR3D  

pts_bbox_head.transformer.decoder.layers.0.attentions.1.camera_mixer.norm_C.1.weight - torch.Size([256]): 
The value is the same before and after calling `init_weights` of FUTR3D  

pts_bbox_head.transformer.decoder.layers.0.attentions.1.camera_mixer.norm_C.1.bias - torch.Size([256]): 
The value is the same before and after calling `init_weights` of FUTR3D  

pts_bbox_head.transformer.decoder.layers.0.attentions.1.camera_mixer.ffn_block_L.0.ffn.0.weight - torch.Size([1024, 256]): 
Initialized by user-defined `init_weights` in FUTR3DHead  

pts_bbox_head.transformer.decoder.layers.0.attentions.1.camera_mixer.ffn_block_L.0.ffn.0.bias - torch.Size([1024]): 
The value is the same before and after calling `init_weights` of FUTR3D  

pts_bbox_head.transformer.decoder.layers.0.attentions.1.camera_mixer.ffn_block_L.0.ffn.3.weight - torch.Size([256, 1024]): 
Initialized by user-defined `init_weights` in FUTR3DHead  

pts_bbox_head.transformer.decoder.layers.0.attentions.1.camera_mixer.ffn_block_L.0.ffn.3.bias - torch.Size([256]): 
The value is the same before and after calling `init_weights` of FUTR3D  

pts_bbox_head.transformer.decoder.layers.0.attentions.1.camera_mixer.ffn_block_L.1.ffn.0.weight - torch.Size([1024, 256]): 
Initialized by user-defined `init_weights` in FUTR3DHead  

pts_bbox_head.transformer.decoder.layers.0.attentions.1.camera_mixer.ffn_block_L.1.ffn.0.bias - torch.Size([1024]): 
The value is the same before and after calling `init_weights` of FUTR3D  

pts_bbox_head.transformer.decoder.layers.0.attentions.1.camera_mixer.ffn_block_L.1.ffn.3.weight - torch.Size([256, 1024]): 
Initialized by user-defined `init_weights` in FUTR3DHead  

pts_bbox_head.transformer.decoder.layers.0.attentions.1.camera_mixer.ffn_block_L.1.ffn.3.bias - torch.Size([256]): 
The value is the same before and after calling `init_weights` of FUTR3D  

pts_bbox_head.transformer.decoder.layers.0.attentions.1.camera_mixer.ffn_block_C.0.ffn.0.weight - torch.Size([1024, 256]): 
Initialized by user-defined `init_weights` in FUTR3DHead  

pts_bbox_head.transformer.decoder.layers.0.attentions.1.camera_mixer.ffn_block_C.0.ffn.0.bias - torch.Size([1024]): 
The value is the same before and after calling `init_weights` of FUTR3D  

pts_bbox_head.transformer.decoder.layers.0.attentions.1.camera_mixer.ffn_block_C.0.ffn.3.weight - torch.Size([256, 1024]): 
Initialized by user-defined `init_weights` in FUTR3DHead  

pts_bbox_head.transformer.decoder.layers.0.attentions.1.camera_mixer.ffn_block_C.0.ffn.3.bias - torch.Size([256]): 
The value is the same before and after calling `init_weights` of FUTR3D  

pts_bbox_head.transformer.decoder.layers.0.attentions.1.camera_mixer.ffn_block_C.1.ffn.0.weight - torch.Size([1024, 256]): 
Initialized by user-defined `init_weights` in FUTR3DHead  

pts_bbox_head.transformer.decoder.layers.0.attentions.1.camera_mixer.ffn_block_C.1.ffn.0.bias - torch.Size([1024]): 
The value is the same before and after calling `init_weights` of FUTR3D  

pts_bbox_head.transformer.decoder.layers.0.attentions.1.camera_mixer.ffn_block_C.1.ffn.3.weight - torch.Size([256, 1024]): 
Initialized by user-defined `init_weights` in FUTR3DHead  

pts_bbox_head.transformer.decoder.layers.0.attentions.1.camera_mixer.ffn_block_C.1.ffn.3.bias - torch.Size([256]): 
The value is the same before and after calling `init_weights` of FUTR3D  

pts_bbox_head.transformer.decoder.layers.0.attentions.1.camera_mixer.ffn_norm_L.0.weight - torch.Size([256]): 
The value is the same before and after calling `init_weights` of FUTR3D  

pts_bbox_head.transformer.decoder.layers.0.attentions.1.camera_mixer.ffn_norm_L.0.bias - torch.Size([256]): 
The value is the same before and after calling `init_weights` of FUTR3D  

pts_bbox_head.transformer.decoder.layers.0.attentions.1.camera_mixer.ffn_norm_L.1.weight - torch.Size([256]): 
The value is the same before and after calling `init_weights` of FUTR3D  

pts_bbox_head.transformer.decoder.layers.0.attentions.1.camera_mixer.ffn_norm_L.1.bias - torch.Size([256]): 
The value is the same before and after calling `init_weights` of FUTR3D  

pts_bbox_head.transformer.decoder.layers.0.attentions.1.camera_mixer.ffn_norm_C.0.weight - torch.Size([256]): 
The value is the same before and after calling `init_weights` of FUTR3D  

pts_bbox_head.transformer.decoder.layers.0.attentions.1.camera_mixer.ffn_norm_C.0.bias - torch.Size([256]): 
The value is the same before and after calling `init_weights` of FUTR3D  

pts_bbox_head.transformer.decoder.layers.0.attentions.1.camera_mixer.ffn_norm_C.1.weight - torch.Size([256]): 
The value is the same before and after calling `init_weights` of FUTR3D  

pts_bbox_head.transformer.decoder.layers.0.attentions.1.camera_mixer.ffn_norm_C.1.bias - torch.Size([256]): 
The value is the same before and after calling `init_weights` of FUTR3D  

pts_bbox_head.transformer.decoder.layers.0.ffns.0.layers.0.0.weight - torch.Size([1024, 256]): 
Initialized by user-defined `init_weights` in FUTR3DHead  

pts_bbox_head.transformer.decoder.layers.0.ffns.0.layers.0.0.bias - torch.Size([1024]): 
The value is the same before and after calling `init_weights` of FUTR3D  

pts_bbox_head.transformer.decoder.layers.0.ffns.0.layers.1.weight - torch.Size([256, 1024]): 
Initialized by user-defined `init_weights` in FUTR3DHead  

pts_bbox_head.transformer.decoder.layers.0.ffns.0.layers.1.bias - torch.Size([256]): 
The value is the same before and after calling `init_weights` of FUTR3D  

pts_bbox_head.transformer.decoder.layers.0.norms.0.weight - torch.Size([256]): 
The value is the same before and after calling `init_weights` of FUTR3D  

pts_bbox_head.transformer.decoder.layers.0.norms.0.bias - torch.Size([256]): 
The value is the same before and after calling `init_weights` of FUTR3D  

pts_bbox_head.transformer.decoder.layers.0.norms.1.weight - torch.Size([256]): 
The value is the same before and after calling `init_weights` of FUTR3D  

pts_bbox_head.transformer.decoder.layers.0.norms.1.bias - torch.Size([256]): 
The value is the same before and after calling `init_weights` of FUTR3D  

pts_bbox_head.transformer.decoder.layers.0.norms.2.weight - torch.Size([256]): 
The value is the same before and after calling `init_weights` of FUTR3D  

pts_bbox_head.transformer.decoder.layers.0.norms.2.bias - torch.Size([256]): 
The value is the same before and after calling `init_weights` of FUTR3D  

pts_bbox_head.transformer.decoder.layers.1.attentions.0.0.attn.in_proj_weight - torch.Size([768, 256]): 
Initialized by user-defined `init_weights` in FUTR3DHead  

pts_bbox_head.transformer.decoder.layers.1.attentions.0.0.attn.in_proj_bias - torch.Size([768]): 
The value is the same before and after calling `init_weights` of FUTR3D  

pts_bbox_head.transformer.decoder.layers.1.attentions.0.0.attn.out_proj.weight - torch.Size([256, 256]): 
Initialized by user-defined `init_weights` in FUTR3DHead  

pts_bbox_head.transformer.decoder.layers.1.attentions.0.0.attn.out_proj.bias - torch.Size([256]): 
The value is the same before and after calling `init_weights` of FUTR3D  

pts_bbox_head.transformer.decoder.layers.1.attentions.0.1.weight - torch.Size([256]): 
The value is the same before and after calling `init_weights` of FUTR3D  

pts_bbox_head.transformer.decoder.layers.1.attentions.0.2.layers.0.norm_before.weight - torch.Size([256]): 
The value is the same before and after calling `init_weights` of FUTR3D  

pts_bbox_head.transformer.decoder.layers.1.attentions.0.2.layers.0.mamba.A_log_f - torch.Size([512, 64]): 
Initialized by user-defined `init_weights` in FUTR3DHead  

pts_bbox_head.transformer.decoder.layers.1.attentions.0.2.layers.0.mamba.A_log_b - torch.Size([512, 64]): 
Initialized by user-defined `init_weights` in FUTR3DHead  

pts_bbox_head.transformer.decoder.layers.1.attentions.0.2.layers.0.mamba.D_f - torch.Size([512]): 
The value is the same before and after calling `init_weights` of FUTR3D  

pts_bbox_head.transformer.decoder.layers.1.attentions.0.2.layers.0.mamba.D_b - torch.Size([512]): 
The value is the same before and after calling `init_weights` of FUTR3D  

pts_bbox_head.transformer.decoder.layers.1.attentions.0.2.layers.0.mamba.A_log_f_xy - torch.Size([512, 64]): 
Initialized by user-defined `init_weights` in FUTR3DHead  

pts_bbox_head.transformer.decoder.layers.1.attentions.0.2.layers.0.mamba.A_log_b_xy - torch.Size([512, 64]): 
Initialized by user-defined `init_weights` in FUTR3DHead  

pts_bbox_head.transformer.decoder.layers.1.attentions.0.2.layers.0.mamba.D_f_xy - torch.Size([512]): 
The value is the same before and after calling `init_weights` of FUTR3D  

pts_bbox_head.transformer.decoder.layers.1.attentions.0.2.layers.0.mamba.D_b_xy - torch.Size([512]): 
The value is the same before and after calling `init_weights` of FUTR3D  

pts_bbox_head.transformer.decoder.layers.1.attentions.0.2.layers.0.mamba.in_proj.weight - torch.Size([2048, 256]): 
Initialized by user-defined `init_weights` in FUTR3DHead  

pts_bbox_head.transformer.decoder.layers.1.attentions.0.2.layers.0.mamba.in_proj_xy.weight - torch.Size([2048, 256]): 
Initialized by user-defined `init_weights` in FUTR3DHead  

pts_bbox_head.transformer.decoder.layers.1.attentions.0.2.layers.0.mamba.x_proj_f.weight - torch.Size([144, 512]): 
Initialized by user-defined `init_weights` in FUTR3DHead  

pts_bbox_head.transformer.decoder.layers.1.attentions.0.2.layers.0.mamba.x_proj_b.weight - torch.Size([144, 512]): 
Initialized by user-defined `init_weights` in FUTR3DHead  

pts_bbox_head.transformer.decoder.layers.1.attentions.0.2.layers.0.mamba.dt_proj_f.weight - torch.Size([512, 16]): 
Initialized by user-defined `init_weights` in FUTR3DHead  

pts_bbox_head.transformer.decoder.layers.1.attentions.0.2.layers.0.mamba.dt_proj_f.bias - torch.Size([512]): 
The value is the same before and after calling `init_weights` of FUTR3D  

pts_bbox_head.transformer.decoder.layers.1.attentions.0.2.layers.0.mamba.dt_proj_b.weight - torch.Size([512, 16]): 
Initialized by user-defined `init_weights` in FUTR3DHead  

pts_bbox_head.transformer.decoder.layers.1.attentions.0.2.layers.0.mamba.dt_proj_b.bias - torch.Size([512]): 
The value is the same before and after calling `init_weights` of FUTR3D  

pts_bbox_head.transformer.decoder.layers.1.attentions.0.2.layers.0.mamba.x_proj_f_xy.weight - torch.Size([144, 512]): 
Initialized by user-defined `init_weights` in FUTR3DHead  

pts_bbox_head.transformer.decoder.layers.1.attentions.0.2.layers.0.mamba.x_proj_b_xy.weight - torch.Size([144, 512]): 
Initialized by user-defined `init_weights` in FUTR3DHead  

pts_bbox_head.transformer.decoder.layers.1.attentions.0.2.layers.0.mamba.dt_proj_f_xy.weight - torch.Size([512, 16]): 
Initialized by user-defined `init_weights` in FUTR3DHead  

pts_bbox_head.transformer.decoder.layers.1.attentions.0.2.layers.0.mamba.dt_proj_f_xy.bias - torch.Size([512]): 
The value is the same before and after calling `init_weights` of FUTR3D  

pts_bbox_head.transformer.decoder.layers.1.attentions.0.2.layers.0.mamba.dt_proj_b_xy.weight - torch.Size([512, 16]): 
Initialized by user-defined `init_weights` in FUTR3DHead  

pts_bbox_head.transformer.decoder.layers.1.attentions.0.2.layers.0.mamba.dt_proj_b_xy.bias - torch.Size([512]): 
The value is the same before and after calling `init_weights` of FUTR3D  

pts_bbox_head.transformer.decoder.layers.1.attentions.0.2.layers.0.mamba.conv1d_x_f.weight - torch.Size([512, 1, 4]): 
Initialized by user-defined `init_weights` in FUTR3DHead  

pts_bbox_head.transformer.decoder.layers.1.attentions.0.2.layers.0.mamba.conv1d_x_f.bias - torch.Size([512]): 
The value is the same before and after calling `init_weights` of FUTR3D  

pts_bbox_head.transformer.decoder.layers.1.attentions.0.2.layers.0.mamba.conv1d_z_f.weight - torch.Size([512, 1, 4]): 
Initialized by user-defined `init_weights` in FUTR3DHead  

pts_bbox_head.transformer.decoder.layers.1.attentions.0.2.layers.0.mamba.conv1d_z_f.bias - torch.Size([512]): 
The value is the same before and after calling `init_weights` of FUTR3D  

pts_bbox_head.transformer.decoder.layers.1.attentions.0.2.layers.0.mamba.conv1d_x_b.weight - torch.Size([512, 1, 4]): 
Initialized by user-defined `init_weights` in FUTR3DHead  

pts_bbox_head.transformer.decoder.layers.1.attentions.0.2.layers.0.mamba.conv1d_x_b.bias - torch.Size([512]): 
The value is the same before and after calling `init_weights` of FUTR3D  

pts_bbox_head.transformer.decoder.layers.1.attentions.0.2.layers.0.mamba.conv1d_z_b.weight - torch.Size([512, 1, 4]): 
Initialized by user-defined `init_weights` in FUTR3DHead  

pts_bbox_head.transformer.decoder.layers.1.attentions.0.2.layers.0.mamba.conv1d_z_b.bias - torch.Size([512]): 
The value is the same before and after calling `init_weights` of FUTR3D  

pts_bbox_head.transformer.decoder.layers.1.attentions.0.2.layers.0.mamba.conv1d_x_xy_f.weight - torch.Size([512, 1, 4]): 
Initialized by user-defined `init_weights` in FUTR3DHead  

pts_bbox_head.transformer.decoder.layers.1.attentions.0.2.layers.0.mamba.conv1d_x_xy_f.bias - torch.Size([512]): 
The value is the same before and after calling `init_weights` of FUTR3D  

pts_bbox_head.transformer.decoder.layers.1.attentions.0.2.layers.0.mamba.conv1d_z_xy_f.weight - torch.Size([512, 1, 4]): 
Initialized by user-defined `init_weights` in FUTR3DHead  

pts_bbox_head.transformer.decoder.layers.1.attentions.0.2.layers.0.mamba.conv1d_z_xy_f.bias - torch.Size([512]): 
The value is the same before and after calling `init_weights` of FUTR3D  

pts_bbox_head.transformer.decoder.layers.1.attentions.0.2.layers.0.mamba.conv1d_x_xy_b.weight - torch.Size([512, 1, 4]): 
Initialized by user-defined `init_weights` in FUTR3DHead  

pts_bbox_head.transformer.decoder.layers.1.attentions.0.2.layers.0.mamba.conv1d_x_xy_b.bias - torch.Size([512]): 
The value is the same before and after calling `init_weights` of FUTR3D  

pts_bbox_head.transformer.decoder.layers.1.attentions.0.2.layers.0.mamba.conv1d_z_xy_b.weight - torch.Size([512, 1, 4]): 
Initialized by user-defined `init_weights` in FUTR3DHead  

pts_bbox_head.transformer.decoder.layers.1.attentions.0.2.layers.0.mamba.conv1d_z_xy_b.bias - torch.Size([512]): 
The value is the same before and after calling `init_weights` of FUTR3D  

pts_bbox_head.transformer.decoder.layers.1.attentions.0.2.layers.0.mamba.out_proj.weight - torch.Size([256, 2048]): 
Initialized by user-defined `init_weights` in FUTR3DHead  

pts_bbox_head.transformer.decoder.layers.1.attentions.0.2.layers.0.mamba.global_proj.weight - torch.Size([2048, 2048]): 
Initialized by user-defined `init_weights` in FUTR3DHead  

pts_bbox_head.transformer.decoder.layers.1.attentions.0.2.layers.0.mamba.global_proj.bias - torch.Size([2048]): 
The value is the same before and after calling `init_weights` of FUTR3D  

pts_bbox_head.transformer.decoder.layers.1.attentions.0.2.layers.0.norm.weight - torch.Size([256]): 
The value is the same before and after calling `init_weights` of FUTR3D  

pts_bbox_head.transformer.decoder.layers.1.attentions.0.2.layers.0.mlp.gate_proj.weight - torch.Size([1024, 256]): 
Initialized by user-defined `init_weights` in FUTR3DHead  

pts_bbox_head.transformer.decoder.layers.1.attentions.0.2.layers.0.mlp.up_proj.weight - torch.Size([1024, 256]): 
Initialized by user-defined `init_weights` in FUTR3DHead  

pts_bbox_head.transformer.decoder.layers.1.attentions.0.2.layers.0.mlp.down_proj.weight - torch.Size([256, 1024]): 
Initialized by user-defined `init_weights` in FUTR3DHead  

pts_bbox_head.transformer.decoder.layers.1.attentions.0.2.layers.0.mlp_norm.weight - torch.Size([256]): 
The value is the same before and after calling `init_weights` of FUTR3D  

pts_bbox_head.transformer.decoder.layers.1.attentions.0.2.layers.1.norm_before.weight - torch.Size([256]): 
The value is the same before and after calling `init_weights` of FUTR3D  

pts_bbox_head.transformer.decoder.layers.1.attentions.0.2.layers.1.mamba.A_log_f - torch.Size([512, 64]): 
Initialized by user-defined `init_weights` in FUTR3DHead  

pts_bbox_head.transformer.decoder.layers.1.attentions.0.2.layers.1.mamba.A_log_b - torch.Size([512, 64]): 
Initialized by user-defined `init_weights` in FUTR3DHead  

pts_bbox_head.transformer.decoder.layers.1.attentions.0.2.layers.1.mamba.D_f - torch.Size([512]): 
The value is the same before and after calling `init_weights` of FUTR3D  

pts_bbox_head.transformer.decoder.layers.1.attentions.0.2.layers.1.mamba.D_b - torch.Size([512]): 
The value is the same before and after calling `init_weights` of FUTR3D  

pts_bbox_head.transformer.decoder.layers.1.attentions.0.2.layers.1.mamba.A_log_f_xy - torch.Size([512, 64]): 
Initialized by user-defined `init_weights` in FUTR3DHead  

pts_bbox_head.transformer.decoder.layers.1.attentions.0.2.layers.1.mamba.A_log_b_xy - torch.Size([512, 64]): 
Initialized by user-defined `init_weights` in FUTR3DHead  

pts_bbox_head.transformer.decoder.layers.1.attentions.0.2.layers.1.mamba.D_f_xy - torch.Size([512]): 
The value is the same before and after calling `init_weights` of FUTR3D  

pts_bbox_head.transformer.decoder.layers.1.attentions.0.2.layers.1.mamba.D_b_xy - torch.Size([512]): 
The value is the same before and after calling `init_weights` of FUTR3D  

pts_bbox_head.transformer.decoder.layers.1.attentions.0.2.layers.1.mamba.in_proj.weight - torch.Size([2048, 256]): 
Initialized by user-defined `init_weights` in FUTR3DHead  

pts_bbox_head.transformer.decoder.layers.1.attentions.0.2.layers.1.mamba.in_proj_xy.weight - torch.Size([2048, 256]): 
Initialized by user-defined `init_weights` in FUTR3DHead  

pts_bbox_head.transformer.decoder.layers.1.attentions.0.2.layers.1.mamba.x_proj_f.weight - torch.Size([144, 512]): 
Initialized by user-defined `init_weights` in FUTR3DHead  

pts_bbox_head.transformer.decoder.layers.1.attentions.0.2.layers.1.mamba.x_proj_b.weight - torch.Size([144, 512]): 
Initialized by user-defined `init_weights` in FUTR3DHead  

pts_bbox_head.transformer.decoder.layers.1.attentions.0.2.layers.1.mamba.dt_proj_f.weight - torch.Size([512, 16]): 
Initialized by user-defined `init_weights` in FUTR3DHead  

pts_bbox_head.transformer.decoder.layers.1.attentions.0.2.layers.1.mamba.dt_proj_f.bias - torch.Size([512]): 
The value is the same before and after calling `init_weights` of FUTR3D  

pts_bbox_head.transformer.decoder.layers.1.attentions.0.2.layers.1.mamba.dt_proj_b.weight - torch.Size([512, 16]): 
Initialized by user-defined `init_weights` in FUTR3DHead  

pts_bbox_head.transformer.decoder.layers.1.attentions.0.2.layers.1.mamba.dt_proj_b.bias - torch.Size([512]): 
The value is the same before and after calling `init_weights` of FUTR3D  

pts_bbox_head.transformer.decoder.layers.1.attentions.0.2.layers.1.mamba.x_proj_f_xy.weight - torch.Size([144, 512]): 
Initialized by user-defined `init_weights` in FUTR3DHead  

pts_bbox_head.transformer.decoder.layers.1.attentions.0.2.layers.1.mamba.x_proj_b_xy.weight - torch.Size([144, 512]): 
Initialized by user-defined `init_weights` in FUTR3DHead  

pts_bbox_head.transformer.decoder.layers.1.attentions.0.2.layers.1.mamba.dt_proj_f_xy.weight - torch.Size([512, 16]): 
Initialized by user-defined `init_weights` in FUTR3DHead  

pts_bbox_head.transformer.decoder.layers.1.attentions.0.2.layers.1.mamba.dt_proj_f_xy.bias - torch.Size([512]): 
The value is the same before and after calling `init_weights` of FUTR3D  

pts_bbox_head.transformer.decoder.layers.1.attentions.0.2.layers.1.mamba.dt_proj_b_xy.weight - torch.Size([512, 16]): 
Initialized by user-defined `init_weights` in FUTR3DHead  

pts_bbox_head.transformer.decoder.layers.1.attentions.0.2.layers.1.mamba.dt_proj_b_xy.bias - torch.Size([512]): 
The value is the same before and after calling `init_weights` of FUTR3D  

pts_bbox_head.transformer.decoder.layers.1.attentions.0.2.layers.1.mamba.conv1d_x_f.weight - torch.Size([512, 1, 4]): 
Initialized by user-defined `init_weights` in FUTR3DHead  

pts_bbox_head.transformer.decoder.layers.1.attentions.0.2.layers.1.mamba.conv1d_x_f.bias - torch.Size([512]): 
The value is the same before and after calling `init_weights` of FUTR3D  

pts_bbox_head.transformer.decoder.layers.1.attentions.0.2.layers.1.mamba.conv1d_z_f.weight - torch.Size([512, 1, 4]): 
Initialized by user-defined `init_weights` in FUTR3DHead  

pts_bbox_head.transformer.decoder.layers.1.attentions.0.2.layers.1.mamba.conv1d_z_f.bias - torch.Size([512]): 
The value is the same before and after calling `init_weights` of FUTR3D  

pts_bbox_head.transformer.decoder.layers.1.attentions.0.2.layers.1.mamba.conv1d_x_b.weight - torch.Size([512, 1, 4]): 
Initialized by user-defined `init_weights` in FUTR3DHead  

pts_bbox_head.transformer.decoder.layers.1.attentions.0.2.layers.1.mamba.conv1d_x_b.bias - torch.Size([512]): 
The value is the same before and after calling `init_weights` of FUTR3D  

pts_bbox_head.transformer.decoder.layers.1.attentions.0.2.layers.1.mamba.conv1d_z_b.weight - torch.Size([512, 1, 4]): 
Initialized by user-defined `init_weights` in FUTR3DHead  

pts_bbox_head.transformer.decoder.layers.1.attentions.0.2.layers.1.mamba.conv1d_z_b.bias - torch.Size([512]): 
The value is the same before and after calling `init_weights` of FUTR3D  

pts_bbox_head.transformer.decoder.layers.1.attentions.0.2.layers.1.mamba.conv1d_x_xy_f.weight - torch.Size([512, 1, 4]): 
Initialized by user-defined `init_weights` in FUTR3DHead  

pts_bbox_head.transformer.decoder.layers.1.attentions.0.2.layers.1.mamba.conv1d_x_xy_f.bias - torch.Size([512]): 
The value is the same before and after calling `init_weights` of FUTR3D  

pts_bbox_head.transformer.decoder.layers.1.attentions.0.2.layers.1.mamba.conv1d_z_xy_f.weight - torch.Size([512, 1, 4]): 
Initialized by user-defined `init_weights` in FUTR3DHead  

pts_bbox_head.transformer.decoder.layers.1.attentions.0.2.layers.1.mamba.conv1d_z_xy_f.bias - torch.Size([512]): 
The value is the same before and after calling `init_weights` of FUTR3D  

pts_bbox_head.transformer.decoder.layers.1.attentions.0.2.layers.1.mamba.conv1d_x_xy_b.weight - torch.Size([512, 1, 4]): 
Initialized by user-defined `init_weights` in FUTR3DHead  

pts_bbox_head.transformer.decoder.layers.1.attentions.0.2.layers.1.mamba.conv1d_x_xy_b.bias - torch.Size([512]): 
The value is the same before and after calling `init_weights` of FUTR3D  

pts_bbox_head.transformer.decoder.layers.1.attentions.0.2.layers.1.mamba.conv1d_z_xy_b.weight - torch.Size([512, 1, 4]): 
Initialized by user-defined `init_weights` in FUTR3DHead  

pts_bbox_head.transformer.decoder.layers.1.attentions.0.2.layers.1.mamba.conv1d_z_xy_b.bias - torch.Size([512]): 
The value is the same before and after calling `init_weights` of FUTR3D  

pts_bbox_head.transformer.decoder.layers.1.attentions.0.2.layers.1.mamba.out_proj.weight - torch.Size([256, 2048]): 
Initialized by user-defined `init_weights` in FUTR3DHead  

pts_bbox_head.transformer.decoder.layers.1.attentions.0.2.layers.1.mamba.global_proj.weight - torch.Size([2048, 2048]): 
Initialized by user-defined `init_weights` in FUTR3DHead  

pts_bbox_head.transformer.decoder.layers.1.attentions.0.2.layers.1.mamba.global_proj.bias - torch.Size([2048]): 
The value is the same before and after calling `init_weights` of FUTR3D  

pts_bbox_head.transformer.decoder.layers.1.attentions.0.2.layers.1.norm.weight - torch.Size([256]): 
The value is the same before and after calling `init_weights` of FUTR3D  

pts_bbox_head.transformer.decoder.layers.1.attentions.0.2.layers.1.mlp.gate_proj.weight - torch.Size([1024, 256]): 
Initialized by user-defined `init_weights` in FUTR3DHead  

pts_bbox_head.transformer.decoder.layers.1.attentions.0.2.layers.1.mlp.up_proj.weight - torch.Size([1024, 256]): 
Initialized by user-defined `init_weights` in FUTR3DHead  

pts_bbox_head.transformer.decoder.layers.1.attentions.0.2.layers.1.mlp.down_proj.weight - torch.Size([256, 1024]): 
Initialized by user-defined `init_weights` in FUTR3DHead  

pts_bbox_head.transformer.decoder.layers.1.attentions.1.sampling_offsets.weight - torch.Size([256, 256]): 
Initialized by user-defined `init_weights` in FUTR3DHead  

pts_bbox_head.transformer.decoder.layers.1.attentions.1.sampling_offsets.bias - torch.Size([256]): 
The value is the same before and after calling `init_weights` of FUTR3D  

pts_bbox_head.transformer.decoder.layers.1.attentions.1.attention_weights.weight - torch.Size([128, 256]): 
Initialized by user-defined `init_weights` in FUTR3DHead  

pts_bbox_head.transformer.decoder.layers.1.attentions.1.attention_weights.bias - torch.Size([128]): 
The value is the same before and after calling `init_weights` of FUTR3D  

pts_bbox_head.transformer.decoder.layers.1.attentions.1.value_proj.weight - torch.Size([256, 256]): 
Initialized by user-defined `init_weights` in FUTR3DHead  

pts_bbox_head.transformer.decoder.layers.1.attentions.1.value_proj.bias - torch.Size([256]): 
The value is the same before and after calling `init_weights` of FUTR3D  

pts_bbox_head.transformer.decoder.layers.1.attentions.1.output_proj.weight - torch.Size([256, 256]): 
Initialized by user-defined `init_weights` in FUTR3DHead  

pts_bbox_head.transformer.decoder.layers.1.attentions.1.output_proj.bias - torch.Size([256]): 
The value is the same before and after calling `init_weights` of FUTR3D  

pts_bbox_head.transformer.decoder.layers.1.attentions.1.img_attention_weights.weight - torch.Size([24, 256]): 
Initialized by user-defined `init_weights` in FUTR3DHead  

pts_bbox_head.transformer.decoder.layers.1.attentions.1.img_attention_weights.bias - torch.Size([24]): 
The value is the same before and after calling `init_weights` of FUTR3D  

pts_bbox_head.transformer.decoder.layers.1.attentions.1.img_output_proj.weight - torch.Size([256, 256]): 
Initialized by user-defined `init_weights` in FUTR3DHead  

pts_bbox_head.transformer.decoder.layers.1.attentions.1.img_output_proj.bias - torch.Size([256]): 
The value is the same before and after calling `init_weights` of FUTR3D  

pts_bbox_head.transformer.decoder.layers.1.attentions.1.position_encoder.0.weight - torch.Size([256, 3]): 
Initialized by user-defined `init_weights` in FUTR3DHead  

pts_bbox_head.transformer.decoder.layers.1.attentions.1.position_encoder.0.bias - torch.Size([256]): 
The value is the same before and after calling `init_weights` of FUTR3D  

pts_bbox_head.transformer.decoder.layers.1.attentions.1.position_encoder.1.weight - torch.Size([256]): 
The value is the same before and after calling `init_weights` of FUTR3D  

pts_bbox_head.transformer.decoder.layers.1.attentions.1.position_encoder.1.bias - torch.Size([256]): 
The value is the same before and after calling `init_weights` of FUTR3D  

pts_bbox_head.transformer.decoder.layers.1.attentions.1.position_encoder.3.weight - torch.Size([256, 256]): 
Initialized by user-defined `init_weights` in FUTR3DHead  

pts_bbox_head.transformer.decoder.layers.1.attentions.1.position_encoder.3.bias - torch.Size([256]): 
The value is the same before and after calling `init_weights` of FUTR3D  

pts_bbox_head.transformer.decoder.layers.1.attentions.1.position_encoder.4.weight - torch.Size([256]): 
The value is the same before and after calling `init_weights` of FUTR3D  

pts_bbox_head.transformer.decoder.layers.1.attentions.1.position_encoder.4.bias - torch.Size([256]): 
The value is the same before and after calling `init_weights` of FUTR3D  

pts_bbox_head.transformer.decoder.layers.1.attentions.1.modality_fusion_layer.0.weight - torch.Size([256, 1024]): 
Initialized by user-defined `init_weights` in FUTR3DHead  

pts_bbox_head.transformer.decoder.layers.1.attentions.1.modality_fusion_layer.0.bias - torch.Size([256]): 
The value is the same before and after calling `init_weights` of FUTR3D  

pts_bbox_head.transformer.decoder.layers.1.attentions.1.modality_fusion_layer.1.weight - torch.Size([256]): 
The value is the same before and after calling `init_weights` of FUTR3D  

pts_bbox_head.transformer.decoder.layers.1.attentions.1.modality_fusion_layer.1.bias - torch.Size([256]): 
The value is the same before and after calling `init_weights` of FUTR3D  

pts_bbox_head.transformer.decoder.layers.1.attentions.1.modality_fusion_layer.3.weight - torch.Size([256, 256]): 
Initialized by user-defined `init_weights` in FUTR3DHead  

pts_bbox_head.transformer.decoder.layers.1.attentions.1.modality_fusion_layer.3.bias - torch.Size([256]): 
The value is the same before and after calling `init_weights` of FUTR3D  

pts_bbox_head.transformer.decoder.layers.1.attentions.1.modality_fusion_layer.4.weight - torch.Size([256]): 
The value is the same before and after calling `init_weights` of FUTR3D  

pts_bbox_head.transformer.decoder.layers.1.attentions.1.modality_fusion_layer.4.bias - torch.Size([256]): 
The value is the same before and after calling `init_weights` of FUTR3D  

pts_bbox_head.transformer.decoder.layers.1.attentions.1.camera_mixer.layers_LGC.0.A_log_h2t - torch.Size([512, 32]): 
Initialized by user-defined `init_weights` in FUTR3DHead  

pts_bbox_head.transformer.decoder.layers.1.attentions.1.camera_mixer.layers_LGC.0.D_h2t - torch.Size([512]): 
The value is the same before and after calling `init_weights` of FUTR3D  

pts_bbox_head.transformer.decoder.layers.1.attentions.1.camera_mixer.layers_LGC.0.A_log_t2h - torch.Size([512, 32]): 
Initialized by user-defined `init_weights` in FUTR3DHead  

pts_bbox_head.transformer.decoder.layers.1.attentions.1.camera_mixer.layers_LGC.0.D_t2h - torch.Size([512]): 
The value is the same before and after calling `init_weights` of FUTR3D  

pts_bbox_head.transformer.decoder.layers.1.attentions.1.camera_mixer.layers_LGC.0.in_proj.weight - torch.Size([1024, 256]): 
Initialized by user-defined `init_weights` in FUTR3DHead  

pts_bbox_head.transformer.decoder.layers.1.attentions.1.camera_mixer.layers_LGC.0.in_proj_lidar.weight - torch.Size([512, 256]): 
Initialized by user-defined `init_weights` in FUTR3DHead  

pts_bbox_head.transformer.decoder.layers.1.attentions.1.camera_mixer.layers_LGC.0.conv1d_h2t.weight - torch.Size([512, 1, 4]): 
Initialized by user-defined `init_weights` in FUTR3DHead  

pts_bbox_head.transformer.decoder.layers.1.attentions.1.camera_mixer.layers_LGC.0.conv1d_h2t.bias - torch.Size([512]): 
The value is the same before and after calling `init_weights` of FUTR3D  

pts_bbox_head.transformer.decoder.layers.1.attentions.1.camera_mixer.layers_LGC.0.x_proj_h2t.weight - torch.Size([80, 512]): 
Initialized by user-defined `init_weights` in FUTR3DHead  

pts_bbox_head.transformer.decoder.layers.1.attentions.1.camera_mixer.layers_LGC.0.dt_proj_h2t.weight - torch.Size([512, 16]): 
Initialized by user-defined `init_weights` in FUTR3DHead  

pts_bbox_head.transformer.decoder.layers.1.attentions.1.camera_mixer.layers_LGC.0.dt_proj_h2t.bias - torch.Size([512]): 
The value is the same before and after calling `init_weights` of FUTR3D  

pts_bbox_head.transformer.decoder.layers.1.attentions.1.camera_mixer.layers_LGC.0.conv1d_t2h.weight - torch.Size([512, 1, 4]): 
Initialized by user-defined `init_weights` in FUTR3DHead  

pts_bbox_head.transformer.decoder.layers.1.attentions.1.camera_mixer.layers_LGC.0.conv1d_t2h.bias - torch.Size([512]): 
The value is the same before and after calling `init_weights` of FUTR3D  

pts_bbox_head.transformer.decoder.layers.1.attentions.1.camera_mixer.layers_LGC.0.x_proj_t2h.weight - torch.Size([80, 512]): 
Initialized by user-defined `init_weights` in FUTR3DHead  

pts_bbox_head.transformer.decoder.layers.1.attentions.1.camera_mixer.layers_LGC.0.dt_proj_t2h.weight - torch.Size([512, 16]): 
Initialized by user-defined `init_weights` in FUTR3DHead  

pts_bbox_head.transformer.decoder.layers.1.attentions.1.camera_mixer.layers_LGC.0.dt_proj_t2h.bias - torch.Size([512]): 
The value is the same before and after calling `init_weights` of FUTR3D  

pts_bbox_head.transformer.decoder.layers.1.attentions.1.camera_mixer.layers_LGC.0.lidar_guidance_proj.weight - torch.Size([512, 512]): 
Initialized by user-defined `init_weights` in FUTR3DHead  

pts_bbox_head.transformer.decoder.layers.1.attentions.1.camera_mixer.layers_LGC.0.lidar_guidance_proj.bias - torch.Size([512]): 
The value is the same before and after calling `init_weights` of FUTR3D  

pts_bbox_head.transformer.decoder.layers.1.attentions.1.camera_mixer.layers_LGC.0.out_proj.weight - torch.Size([256, 512]): 
Initialized by user-defined `init_weights` in FUTR3DHead  

pts_bbox_head.transformer.decoder.layers.1.attentions.1.camera_mixer.layers_LGC.1.A_log_h2t - torch.Size([512, 32]): 
Initialized by user-defined `init_weights` in FUTR3DHead  

pts_bbox_head.transformer.decoder.layers.1.attentions.1.camera_mixer.layers_LGC.1.D_h2t - torch.Size([512]): 
The value is the same before and after calling `init_weights` of FUTR3D  

pts_bbox_head.transformer.decoder.layers.1.attentions.1.camera_mixer.layers_LGC.1.A_log_t2h - torch.Size([512, 32]): 
Initialized by user-defined `init_weights` in FUTR3DHead  

pts_bbox_head.transformer.decoder.layers.1.attentions.1.camera_mixer.layers_LGC.1.D_t2h - torch.Size([512]): 
The value is the same before and after calling `init_weights` of FUTR3D  

pts_bbox_head.transformer.decoder.layers.1.attentions.1.camera_mixer.layers_LGC.1.in_proj.weight - torch.Size([1024, 256]): 
Initialized by user-defined `init_weights` in FUTR3DHead  

pts_bbox_head.transformer.decoder.layers.1.attentions.1.camera_mixer.layers_LGC.1.in_proj_lidar.weight - torch.Size([512, 256]): 
Initialized by user-defined `init_weights` in FUTR3DHead  

pts_bbox_head.transformer.decoder.layers.1.attentions.1.camera_mixer.layers_LGC.1.conv1d_h2t.weight - torch.Size([512, 1, 4]): 
Initialized by user-defined `init_weights` in FUTR3DHead  

pts_bbox_head.transformer.decoder.layers.1.attentions.1.camera_mixer.layers_LGC.1.conv1d_h2t.bias - torch.Size([512]): 
The value is the same before and after calling `init_weights` of FUTR3D  

pts_bbox_head.transformer.decoder.layers.1.attentions.1.camera_mixer.layers_LGC.1.x_proj_h2t.weight - torch.Size([80, 512]): 
Initialized by user-defined `init_weights` in FUTR3DHead  

pts_bbox_head.transformer.decoder.layers.1.attentions.1.camera_mixer.layers_LGC.1.dt_proj_h2t.weight - torch.Size([512, 16]): 
Initialized by user-defined `init_weights` in FUTR3DHead  

pts_bbox_head.transformer.decoder.layers.1.attentions.1.camera_mixer.layers_LGC.1.dt_proj_h2t.bias - torch.Size([512]): 
The value is the same before and after calling `init_weights` of FUTR3D  

pts_bbox_head.transformer.decoder.layers.1.attentions.1.camera_mixer.layers_LGC.1.conv1d_t2h.weight - torch.Size([512, 1, 4]): 
Initialized by user-defined `init_weights` in FUTR3DHead  

pts_bbox_head.transformer.decoder.layers.1.attentions.1.camera_mixer.layers_LGC.1.conv1d_t2h.bias - torch.Size([512]): 
The value is the same before and after calling `init_weights` of FUTR3D  

pts_bbox_head.transformer.decoder.layers.1.attentions.1.camera_mixer.layers_LGC.1.x_proj_t2h.weight - torch.Size([80, 512]): 
Initialized by user-defined `init_weights` in FUTR3DHead  

pts_bbox_head.transformer.decoder.layers.1.attentions.1.camera_mixer.layers_LGC.1.dt_proj_t2h.weight - torch.Size([512, 16]): 
Initialized by user-defined `init_weights` in FUTR3DHead  

pts_bbox_head.transformer.decoder.layers.1.attentions.1.camera_mixer.layers_LGC.1.dt_proj_t2h.bias - torch.Size([512]): 
The value is the same before and after calling `init_weights` of FUTR3D  

pts_bbox_head.transformer.decoder.layers.1.attentions.1.camera_mixer.layers_LGC.1.lidar_guidance_proj.weight - torch.Size([512, 512]): 
Initialized by user-defined `init_weights` in FUTR3DHead  

pts_bbox_head.transformer.decoder.layers.1.attentions.1.camera_mixer.layers_LGC.1.lidar_guidance_proj.bias - torch.Size([512]): 
The value is the same before and after calling `init_weights` of FUTR3D  

pts_bbox_head.transformer.decoder.layers.1.attentions.1.camera_mixer.layers_LGC.1.out_proj.weight - torch.Size([256, 512]): 
Initialized by user-defined `init_weights` in FUTR3DHead  

pts_bbox_head.transformer.decoder.layers.1.attentions.1.camera_mixer.layers_CGL.0.A_log_h2t - torch.Size([512, 32]): 
Initialized by user-defined `init_weights` in FUTR3DHead  

pts_bbox_head.transformer.decoder.layers.1.attentions.1.camera_mixer.layers_CGL.0.D_h2t - torch.Size([512]): 
The value is the same before and after calling `init_weights` of FUTR3D  

pts_bbox_head.transformer.decoder.layers.1.attentions.1.camera_mixer.layers_CGL.0.A_log_t2h - torch.Size([512, 32]): 
Initialized by user-defined `init_weights` in FUTR3DHead  

pts_bbox_head.transformer.decoder.layers.1.attentions.1.camera_mixer.layers_CGL.0.D_t2h - torch.Size([512]): 
The value is the same before and after calling `init_weights` of FUTR3D  

pts_bbox_head.transformer.decoder.layers.1.attentions.1.camera_mixer.layers_CGL.0.in_proj.weight - torch.Size([1024, 256]): 
Initialized by user-defined `init_weights` in FUTR3DHead  

pts_bbox_head.transformer.decoder.layers.1.attentions.1.camera_mixer.layers_CGL.0.in_proj_lidar.weight - torch.Size([512, 256]): 
Initialized by user-defined `init_weights` in FUTR3DHead  

pts_bbox_head.transformer.decoder.layers.1.attentions.1.camera_mixer.layers_CGL.0.conv1d_h2t.weight - torch.Size([512, 1, 4]): 
Initialized by user-defined `init_weights` in FUTR3DHead  

pts_bbox_head.transformer.decoder.layers.1.attentions.1.camera_mixer.layers_CGL.0.conv1d_h2t.bias - torch.Size([512]): 
The value is the same before and after calling `init_weights` of FUTR3D  

pts_bbox_head.transformer.decoder.layers.1.attentions.1.camera_mixer.layers_CGL.0.x_proj_h2t.weight - torch.Size([80, 512]): 
Initialized by user-defined `init_weights` in FUTR3DHead  

pts_bbox_head.transformer.decoder.layers.1.attentions.1.camera_mixer.layers_CGL.0.dt_proj_h2t.weight - torch.Size([512, 16]): 
Initialized by user-defined `init_weights` in FUTR3DHead  

pts_bbox_head.transformer.decoder.layers.1.attentions.1.camera_mixer.layers_CGL.0.dt_proj_h2t.bias - torch.Size([512]): 
The value is the same before and after calling `init_weights` of FUTR3D  

pts_bbox_head.transformer.decoder.layers.1.attentions.1.camera_mixer.layers_CGL.0.conv1d_t2h.weight - torch.Size([512, 1, 4]): 
Initialized by user-defined `init_weights` in FUTR3DHead  

pts_bbox_head.transformer.decoder.layers.1.attentions.1.camera_mixer.layers_CGL.0.conv1d_t2h.bias - torch.Size([512]): 
The value is the same before and after calling `init_weights` of FUTR3D  

pts_bbox_head.transformer.decoder.layers.1.attentions.1.camera_mixer.layers_CGL.0.x_proj_t2h.weight - torch.Size([80, 512]): 
Initialized by user-defined `init_weights` in FUTR3DHead  

pts_bbox_head.transformer.decoder.layers.1.attentions.1.camera_mixer.layers_CGL.0.dt_proj_t2h.weight - torch.Size([512, 16]): 
Initialized by user-defined `init_weights` in FUTR3DHead  

pts_bbox_head.transformer.decoder.layers.1.attentions.1.camera_mixer.layers_CGL.0.dt_proj_t2h.bias - torch.Size([512]): 
The value is the same before and after calling `init_weights` of FUTR3D  

pts_bbox_head.transformer.decoder.layers.1.attentions.1.camera_mixer.layers_CGL.0.lidar_guidance_proj.weight - torch.Size([512, 512]): 
Initialized by user-defined `init_weights` in FUTR3DHead  

pts_bbox_head.transformer.decoder.layers.1.attentions.1.camera_mixer.layers_CGL.0.lidar_guidance_proj.bias - torch.Size([512]): 
The value is the same before and after calling `init_weights` of FUTR3D  

pts_bbox_head.transformer.decoder.layers.1.attentions.1.camera_mixer.layers_CGL.0.out_proj.weight - torch.Size([256, 512]): 
Initialized by user-defined `init_weights` in FUTR3DHead  

pts_bbox_head.transformer.decoder.layers.1.attentions.1.camera_mixer.layers_CGL.1.A_log_h2t - torch.Size([512, 32]): 
Initialized by user-defined `init_weights` in FUTR3DHead  

pts_bbox_head.transformer.decoder.layers.1.attentions.1.camera_mixer.layers_CGL.1.D_h2t - torch.Size([512]): 
The value is the same before and after calling `init_weights` of FUTR3D  

pts_bbox_head.transformer.decoder.layers.1.attentions.1.camera_mixer.layers_CGL.1.A_log_t2h - torch.Size([512, 32]): 
Initialized by user-defined `init_weights` in FUTR3DHead  

pts_bbox_head.transformer.decoder.layers.1.attentions.1.camera_mixer.layers_CGL.1.D_t2h - torch.Size([512]): 
The value is the same before and after calling `init_weights` of FUTR3D  

pts_bbox_head.transformer.decoder.layers.1.attentions.1.camera_mixer.layers_CGL.1.in_proj.weight - torch.Size([1024, 256]): 
Initialized by user-defined `init_weights` in FUTR3DHead  

pts_bbox_head.transformer.decoder.layers.1.attentions.1.camera_mixer.layers_CGL.1.in_proj_lidar.weight - torch.Size([512, 256]): 
Initialized by user-defined `init_weights` in FUTR3DHead  

pts_bbox_head.transformer.decoder.layers.1.attentions.1.camera_mixer.layers_CGL.1.conv1d_h2t.weight - torch.Size([512, 1, 4]): 
Initialized by user-defined `init_weights` in FUTR3DHead  

pts_bbox_head.transformer.decoder.layers.1.attentions.1.camera_mixer.layers_CGL.1.conv1d_h2t.bias - torch.Size([512]): 
The value is the same before and after calling `init_weights` of FUTR3D  

pts_bbox_head.transformer.decoder.layers.1.attentions.1.camera_mixer.layers_CGL.1.x_proj_h2t.weight - torch.Size([80, 512]): 
Initialized by user-defined `init_weights` in FUTR3DHead  

pts_bbox_head.transformer.decoder.layers.1.attentions.1.camera_mixer.layers_CGL.1.dt_proj_h2t.weight - torch.Size([512, 16]): 
Initialized by user-defined `init_weights` in FUTR3DHead  

pts_bbox_head.transformer.decoder.layers.1.attentions.1.camera_mixer.layers_CGL.1.dt_proj_h2t.bias - torch.Size([512]): 
The value is the same before and after calling `init_weights` of FUTR3D  

pts_bbox_head.transformer.decoder.layers.1.attentions.1.camera_mixer.layers_CGL.1.conv1d_t2h.weight - torch.Size([512, 1, 4]): 
Initialized by user-defined `init_weights` in FUTR3DHead  

pts_bbox_head.transformer.decoder.layers.1.attentions.1.camera_mixer.layers_CGL.1.conv1d_t2h.bias - torch.Size([512]): 
The value is the same before and after calling `init_weights` of FUTR3D  

pts_bbox_head.transformer.decoder.layers.1.attentions.1.camera_mixer.layers_CGL.1.x_proj_t2h.weight - torch.Size([80, 512]): 
Initialized by user-defined `init_weights` in FUTR3DHead  

pts_bbox_head.transformer.decoder.layers.1.attentions.1.camera_mixer.layers_CGL.1.dt_proj_t2h.weight - torch.Size([512, 16]): 
Initialized by user-defined `init_weights` in FUTR3DHead  

pts_bbox_head.transformer.decoder.layers.1.attentions.1.camera_mixer.layers_CGL.1.dt_proj_t2h.bias - torch.Size([512]): 
The value is the same before and after calling `init_weights` of FUTR3D  

pts_bbox_head.transformer.decoder.layers.1.attentions.1.camera_mixer.layers_CGL.1.lidar_guidance_proj.weight - torch.Size([512, 512]): 
Initialized by user-defined `init_weights` in FUTR3DHead  

pts_bbox_head.transformer.decoder.layers.1.attentions.1.camera_mixer.layers_CGL.1.lidar_guidance_proj.bias - torch.Size([512]): 
The value is the same before and after calling `init_weights` of FUTR3D  

pts_bbox_head.transformer.decoder.layers.1.attentions.1.camera_mixer.layers_CGL.1.out_proj.weight - torch.Size([256, 512]): 
Initialized by user-defined `init_weights` in FUTR3DHead  

pts_bbox_head.transformer.decoder.layers.1.attentions.1.camera_mixer.norm_L.0.weight - torch.Size([256]): 
The value is the same before and after calling `init_weights` of FUTR3D  

pts_bbox_head.transformer.decoder.layers.1.attentions.1.camera_mixer.norm_L.0.bias - torch.Size([256]): 
The value is the same before and after calling `init_weights` of FUTR3D  

pts_bbox_head.transformer.decoder.layers.1.attentions.1.camera_mixer.norm_L.1.weight - torch.Size([256]): 
The value is the same before and after calling `init_weights` of FUTR3D  

pts_bbox_head.transformer.decoder.layers.1.attentions.1.camera_mixer.norm_L.1.bias - torch.Size([256]): 
The value is the same before and after calling `init_weights` of FUTR3D  

pts_bbox_head.transformer.decoder.layers.1.attentions.1.camera_mixer.norm_C.0.weight - torch.Size([256]): 
The value is the same before and after calling `init_weights` of FUTR3D  

pts_bbox_head.transformer.decoder.layers.1.attentions.1.camera_mixer.norm_C.0.bias - torch.Size([256]): 
The value is the same before and after calling `init_weights` of FUTR3D  

pts_bbox_head.transformer.decoder.layers.1.attentions.1.camera_mixer.norm_C.1.weight - torch.Size([256]): 
The value is the same before and after calling `init_weights` of FUTR3D  

pts_bbox_head.transformer.decoder.layers.1.attentions.1.camera_mixer.norm_C.1.bias - torch.Size([256]): 
The value is the same before and after calling `init_weights` of FUTR3D  

pts_bbox_head.transformer.decoder.layers.1.attentions.1.camera_mixer.ffn_block_L.0.ffn.0.weight - torch.Size([1024, 256]): 
Initialized by user-defined `init_weights` in FUTR3DHead  

pts_bbox_head.transformer.decoder.layers.1.attentions.1.camera_mixer.ffn_block_L.0.ffn.0.bias - torch.Size([1024]): 
The value is the same before and after calling `init_weights` of FUTR3D  

pts_bbox_head.transformer.decoder.layers.1.attentions.1.camera_mixer.ffn_block_L.0.ffn.3.weight - torch.Size([256, 1024]): 
Initialized by user-defined `init_weights` in FUTR3DHead  

pts_bbox_head.transformer.decoder.layers.1.attentions.1.camera_mixer.ffn_block_L.0.ffn.3.bias - torch.Size([256]): 
The value is the same before and after calling `init_weights` of FUTR3D  

pts_bbox_head.transformer.decoder.layers.1.attentions.1.camera_mixer.ffn_block_L.1.ffn.0.weight - torch.Size([1024, 256]): 
Initialized by user-defined `init_weights` in FUTR3DHead  

pts_bbox_head.transformer.decoder.layers.1.attentions.1.camera_mixer.ffn_block_L.1.ffn.0.bias - torch.Size([1024]): 
The value is the same before and after calling `init_weights` of FUTR3D  

pts_bbox_head.transformer.decoder.layers.1.attentions.1.camera_mixer.ffn_block_L.1.ffn.3.weight - torch.Size([256, 1024]): 
Initialized by user-defined `init_weights` in FUTR3DHead  

pts_bbox_head.transformer.decoder.layers.1.attentions.1.camera_mixer.ffn_block_L.1.ffn.3.bias - torch.Size([256]): 
The value is the same before and after calling `init_weights` of FUTR3D  

pts_bbox_head.transformer.decoder.layers.1.attentions.1.camera_mixer.ffn_block_C.0.ffn.0.weight - torch.Size([1024, 256]): 
Initialized by user-defined `init_weights` in FUTR3DHead  

pts_bbox_head.transformer.decoder.layers.1.attentions.1.camera_mixer.ffn_block_C.0.ffn.0.bias - torch.Size([1024]): 
The value is the same before and after calling `init_weights` of FUTR3D  

pts_bbox_head.transformer.decoder.layers.1.attentions.1.camera_mixer.ffn_block_C.0.ffn.3.weight - torch.Size([256, 1024]): 
Initialized by user-defined `init_weights` in FUTR3DHead  

pts_bbox_head.transformer.decoder.layers.1.attentions.1.camera_mixer.ffn_block_C.0.ffn.3.bias - torch.Size([256]): 
The value is the same before and after calling `init_weights` of FUTR3D  

pts_bbox_head.transformer.decoder.layers.1.attentions.1.camera_mixer.ffn_block_C.1.ffn.0.weight - torch.Size([1024, 256]): 
Initialized by user-defined `init_weights` in FUTR3DHead  

pts_bbox_head.transformer.decoder.layers.1.attentions.1.camera_mixer.ffn_block_C.1.ffn.0.bias - torch.Size([1024]): 
The value is the same before and after calling `init_weights` of FUTR3D  

pts_bbox_head.transformer.decoder.layers.1.attentions.1.camera_mixer.ffn_block_C.1.ffn.3.weight - torch.Size([256, 1024]): 
Initialized by user-defined `init_weights` in FUTR3DHead  

pts_bbox_head.transformer.decoder.layers.1.attentions.1.camera_mixer.ffn_block_C.1.ffn.3.bias - torch.Size([256]): 
The value is the same before and after calling `init_weights` of FUTR3D  

pts_bbox_head.transformer.decoder.layers.1.attentions.1.camera_mixer.ffn_norm_L.0.weight - torch.Size([256]): 
The value is the same before and after calling `init_weights` of FUTR3D  

pts_bbox_head.transformer.decoder.layers.1.attentions.1.camera_mixer.ffn_norm_L.0.bias - torch.Size([256]): 
The value is the same before and after calling `init_weights` of FUTR3D  

pts_bbox_head.transformer.decoder.layers.1.attentions.1.camera_mixer.ffn_norm_L.1.weight - torch.Size([256]): 
The value is the same before and after calling `init_weights` of FUTR3D  

pts_bbox_head.transformer.decoder.layers.1.attentions.1.camera_mixer.ffn_norm_L.1.bias - torch.Size([256]): 
The value is the same before and after calling `init_weights` of FUTR3D  

pts_bbox_head.transformer.decoder.layers.1.attentions.1.camera_mixer.ffn_norm_C.0.weight - torch.Size([256]): 
The value is the same before and after calling `init_weights` of FUTR3D  

pts_bbox_head.transformer.decoder.layers.1.attentions.1.camera_mixer.ffn_norm_C.0.bias - torch.Size([256]): 
The value is the same before and after calling `init_weights` of FUTR3D  

pts_bbox_head.transformer.decoder.layers.1.attentions.1.camera_mixer.ffn_norm_C.1.weight - torch.Size([256]): 
The value is the same before and after calling `init_weights` of FUTR3D  

pts_bbox_head.transformer.decoder.layers.1.attentions.1.camera_mixer.ffn_norm_C.1.bias - torch.Size([256]): 
The value is the same before and after calling `init_weights` of FUTR3D  

pts_bbox_head.transformer.decoder.layers.1.ffns.0.layers.0.0.weight - torch.Size([1024, 256]): 
Initialized by user-defined `init_weights` in FUTR3DHead  

pts_bbox_head.transformer.decoder.layers.1.ffns.0.layers.0.0.bias - torch.Size([1024]): 
The value is the same before and after calling `init_weights` of FUTR3D  

pts_bbox_head.transformer.decoder.layers.1.ffns.0.layers.1.weight - torch.Size([256, 1024]): 
Initialized by user-defined `init_weights` in FUTR3DHead  

pts_bbox_head.transformer.decoder.layers.1.ffns.0.layers.1.bias - torch.Size([256]): 
The value is the same before and after calling `init_weights` of FUTR3D  

pts_bbox_head.transformer.decoder.layers.1.norms.0.weight - torch.Size([256]): 
The value is the same before and after calling `init_weights` of FUTR3D  

pts_bbox_head.transformer.decoder.layers.1.norms.0.bias - torch.Size([256]): 
The value is the same before and after calling `init_weights` of FUTR3D  

pts_bbox_head.transformer.decoder.layers.1.norms.1.weight - torch.Size([256]): 
The value is the same before and after calling `init_weights` of FUTR3D  

pts_bbox_head.transformer.decoder.layers.1.norms.1.bias - torch.Size([256]): 
The value is the same before and after calling `init_weights` of FUTR3D  

pts_bbox_head.transformer.decoder.layers.1.norms.2.weight - torch.Size([256]): 
The value is the same before and after calling `init_weights` of FUTR3D  

pts_bbox_head.transformer.decoder.layers.1.norms.2.bias - torch.Size([256]): 
The value is the same before and after calling `init_weights` of FUTR3D  

pts_bbox_head.transformer.decoder.layers.2.attentions.0.0.attn.in_proj_weight - torch.Size([768, 256]): 
Initialized by user-defined `init_weights` in FUTR3DHead  

pts_bbox_head.transformer.decoder.layers.2.attentions.0.0.attn.in_proj_bias - torch.Size([768]): 
The value is the same before and after calling `init_weights` of FUTR3D  

pts_bbox_head.transformer.decoder.layers.2.attentions.0.0.attn.out_proj.weight - torch.Size([256, 256]): 
Initialized by user-defined `init_weights` in FUTR3DHead  

pts_bbox_head.transformer.decoder.layers.2.attentions.0.0.attn.out_proj.bias - torch.Size([256]): 
The value is the same before and after calling `init_weights` of FUTR3D  

pts_bbox_head.transformer.decoder.layers.2.attentions.0.1.weight - torch.Size([256]): 
The value is the same before and after calling `init_weights` of FUTR3D  

pts_bbox_head.transformer.decoder.layers.2.attentions.0.2.layers.0.norm_before.weight - torch.Size([256]): 
The value is the same before and after calling `init_weights` of FUTR3D  

pts_bbox_head.transformer.decoder.layers.2.attentions.0.2.layers.0.mamba.A_log_f - torch.Size([512, 64]): 
Initialized by user-defined `init_weights` in FUTR3DHead  

pts_bbox_head.transformer.decoder.layers.2.attentions.0.2.layers.0.mamba.A_log_b - torch.Size([512, 64]): 
Initialized by user-defined `init_weights` in FUTR3DHead  

pts_bbox_head.transformer.decoder.layers.2.attentions.0.2.layers.0.mamba.D_f - torch.Size([512]): 
The value is the same before and after calling `init_weights` of FUTR3D  

pts_bbox_head.transformer.decoder.layers.2.attentions.0.2.layers.0.mamba.D_b - torch.Size([512]): 
The value is the same before and after calling `init_weights` of FUTR3D  

pts_bbox_head.transformer.decoder.layers.2.attentions.0.2.layers.0.mamba.A_log_f_xy - torch.Size([512, 64]): 
Initialized by user-defined `init_weights` in FUTR3DHead  

pts_bbox_head.transformer.decoder.layers.2.attentions.0.2.layers.0.mamba.A_log_b_xy - torch.Size([512, 64]): 
Initialized by user-defined `init_weights` in FUTR3DHead  

pts_bbox_head.transformer.decoder.layers.2.attentions.0.2.layers.0.mamba.D_f_xy - torch.Size([512]): 
The value is the same before and after calling `init_weights` of FUTR3D  

pts_bbox_head.transformer.decoder.layers.2.attentions.0.2.layers.0.mamba.D_b_xy - torch.Size([512]): 
The value is the same before and after calling `init_weights` of FUTR3D  

pts_bbox_head.transformer.decoder.layers.2.attentions.0.2.layers.0.mamba.in_proj.weight - torch.Size([2048, 256]): 
Initialized by user-defined `init_weights` in FUTR3DHead  

pts_bbox_head.transformer.decoder.layers.2.attentions.0.2.layers.0.mamba.in_proj_xy.weight - torch.Size([2048, 256]): 
Initialized by user-defined `init_weights` in FUTR3DHead  

pts_bbox_head.transformer.decoder.layers.2.attentions.0.2.layers.0.mamba.x_proj_f.weight - torch.Size([144, 512]): 
Initialized by user-defined `init_weights` in FUTR3DHead  

pts_bbox_head.transformer.decoder.layers.2.attentions.0.2.layers.0.mamba.x_proj_b.weight - torch.Size([144, 512]): 
Initialized by user-defined `init_weights` in FUTR3DHead  

pts_bbox_head.transformer.decoder.layers.2.attentions.0.2.layers.0.mamba.dt_proj_f.weight - torch.Size([512, 16]): 
Initialized by user-defined `init_weights` in FUTR3DHead  

pts_bbox_head.transformer.decoder.layers.2.attentions.0.2.layers.0.mamba.dt_proj_f.bias - torch.Size([512]): 
The value is the same before and after calling `init_weights` of FUTR3D  

pts_bbox_head.transformer.decoder.layers.2.attentions.0.2.layers.0.mamba.dt_proj_b.weight - torch.Size([512, 16]): 
Initialized by user-defined `init_weights` in FUTR3DHead  

pts_bbox_head.transformer.decoder.layers.2.attentions.0.2.layers.0.mamba.dt_proj_b.bias - torch.Size([512]): 
The value is the same before and after calling `init_weights` of FUTR3D  

pts_bbox_head.transformer.decoder.layers.2.attentions.0.2.layers.0.mamba.x_proj_f_xy.weight - torch.Size([144, 512]): 
Initialized by user-defined `init_weights` in FUTR3DHead  

pts_bbox_head.transformer.decoder.layers.2.attentions.0.2.layers.0.mamba.x_proj_b_xy.weight - torch.Size([144, 512]): 
Initialized by user-defined `init_weights` in FUTR3DHead  

pts_bbox_head.transformer.decoder.layers.2.attentions.0.2.layers.0.mamba.dt_proj_f_xy.weight - torch.Size([512, 16]): 
Initialized by user-defined `init_weights` in FUTR3DHead  

pts_bbox_head.transformer.decoder.layers.2.attentions.0.2.layers.0.mamba.dt_proj_f_xy.bias - torch.Size([512]): 
The value is the same before and after calling `init_weights` of FUTR3D  

pts_bbox_head.transformer.decoder.layers.2.attentions.0.2.layers.0.mamba.dt_proj_b_xy.weight - torch.Size([512, 16]): 
Initialized by user-defined `init_weights` in FUTR3DHead  

pts_bbox_head.transformer.decoder.layers.2.attentions.0.2.layers.0.mamba.dt_proj_b_xy.bias - torch.Size([512]): 
The value is the same before and after calling `init_weights` of FUTR3D  

pts_bbox_head.transformer.decoder.layers.2.attentions.0.2.layers.0.mamba.conv1d_x_f.weight - torch.Size([512, 1, 4]): 
Initialized by user-defined `init_weights` in FUTR3DHead  

pts_bbox_head.transformer.decoder.layers.2.attentions.0.2.layers.0.mamba.conv1d_x_f.bias - torch.Size([512]): 
The value is the same before and after calling `init_weights` of FUTR3D  

pts_bbox_head.transformer.decoder.layers.2.attentions.0.2.layers.0.mamba.conv1d_z_f.weight - torch.Size([512, 1, 4]): 
Initialized by user-defined `init_weights` in FUTR3DHead  

pts_bbox_head.transformer.decoder.layers.2.attentions.0.2.layers.0.mamba.conv1d_z_f.bias - torch.Size([512]): 
The value is the same before and after calling `init_weights` of FUTR3D  

pts_bbox_head.transformer.decoder.layers.2.attentions.0.2.layers.0.mamba.conv1d_x_b.weight - torch.Size([512, 1, 4]): 
Initialized by user-defined `init_weights` in FUTR3DHead  

pts_bbox_head.transformer.decoder.layers.2.attentions.0.2.layers.0.mamba.conv1d_x_b.bias - torch.Size([512]): 
The value is the same before and after calling `init_weights` of FUTR3D  

pts_bbox_head.transformer.decoder.layers.2.attentions.0.2.layers.0.mamba.conv1d_z_b.weight - torch.Size([512, 1, 4]): 
Initialized by user-defined `init_weights` in FUTR3DHead  

pts_bbox_head.transformer.decoder.layers.2.attentions.0.2.layers.0.mamba.conv1d_z_b.bias - torch.Size([512]): 
The value is the same before and after calling `init_weights` of FUTR3D  

pts_bbox_head.transformer.decoder.layers.2.attentions.0.2.layers.0.mamba.conv1d_x_xy_f.weight - torch.Size([512, 1, 4]): 
Initialized by user-defined `init_weights` in FUTR3DHead  

pts_bbox_head.transformer.decoder.layers.2.attentions.0.2.layers.0.mamba.conv1d_x_xy_f.bias - torch.Size([512]): 
The value is the same before and after calling `init_weights` of FUTR3D  

pts_bbox_head.transformer.decoder.layers.2.attentions.0.2.layers.0.mamba.conv1d_z_xy_f.weight - torch.Size([512, 1, 4]): 
Initialized by user-defined `init_weights` in FUTR3DHead  

pts_bbox_head.transformer.decoder.layers.2.attentions.0.2.layers.0.mamba.conv1d_z_xy_f.bias - torch.Size([512]): 
The value is the same before and after calling `init_weights` of FUTR3D  

pts_bbox_head.transformer.decoder.layers.2.attentions.0.2.layers.0.mamba.conv1d_x_xy_b.weight - torch.Size([512, 1, 4]): 
Initialized by user-defined `init_weights` in FUTR3DHead  

pts_bbox_head.transformer.decoder.layers.2.attentions.0.2.layers.0.mamba.conv1d_x_xy_b.bias - torch.Size([512]): 
The value is the same before and after calling `init_weights` of FUTR3D  

pts_bbox_head.transformer.decoder.layers.2.attentions.0.2.layers.0.mamba.conv1d_z_xy_b.weight - torch.Size([512, 1, 4]): 
Initialized by user-defined `init_weights` in FUTR3DHead  

pts_bbox_head.transformer.decoder.layers.2.attentions.0.2.layers.0.mamba.conv1d_z_xy_b.bias - torch.Size([512]): 
The value is the same before and after calling `init_weights` of FUTR3D  

pts_bbox_head.transformer.decoder.layers.2.attentions.0.2.layers.0.mamba.out_proj.weight - torch.Size([256, 2048]): 
Initialized by user-defined `init_weights` in FUTR3DHead  

pts_bbox_head.transformer.decoder.layers.2.attentions.0.2.layers.0.mamba.global_proj.weight - torch.Size([2048, 2048]): 
Initialized by user-defined `init_weights` in FUTR3DHead  

pts_bbox_head.transformer.decoder.layers.2.attentions.0.2.layers.0.mamba.global_proj.bias - torch.Size([2048]): 
The value is the same before and after calling `init_weights` of FUTR3D  

pts_bbox_head.transformer.decoder.layers.2.attentions.0.2.layers.0.norm.weight - torch.Size([256]): 
The value is the same before and after calling `init_weights` of FUTR3D  

pts_bbox_head.transformer.decoder.layers.2.attentions.0.2.layers.0.mlp.gate_proj.weight - torch.Size([1024, 256]): 
Initialized by user-defined `init_weights` in FUTR3DHead  

pts_bbox_head.transformer.decoder.layers.2.attentions.0.2.layers.0.mlp.up_proj.weight - torch.Size([1024, 256]): 
Initialized by user-defined `init_weights` in FUTR3DHead  

pts_bbox_head.transformer.decoder.layers.2.attentions.0.2.layers.0.mlp.down_proj.weight - torch.Size([256, 1024]): 
Initialized by user-defined `init_weights` in FUTR3DHead  

pts_bbox_head.transformer.decoder.layers.2.attentions.0.2.layers.0.mlp_norm.weight - torch.Size([256]): 
The value is the same before and after calling `init_weights` of FUTR3D  

pts_bbox_head.transformer.decoder.layers.2.attentions.0.2.layers.1.norm_before.weight - torch.Size([256]): 
The value is the same before and after calling `init_weights` of FUTR3D  

pts_bbox_head.transformer.decoder.layers.2.attentions.0.2.layers.1.mamba.A_log_f - torch.Size([512, 64]): 
Initialized by user-defined `init_weights` in FUTR3DHead  

pts_bbox_head.transformer.decoder.layers.2.attentions.0.2.layers.1.mamba.A_log_b - torch.Size([512, 64]): 
Initialized by user-defined `init_weights` in FUTR3DHead  

pts_bbox_head.transformer.decoder.layers.2.attentions.0.2.layers.1.mamba.D_f - torch.Size([512]): 
The value is the same before and after calling `init_weights` of FUTR3D  

pts_bbox_head.transformer.decoder.layers.2.attentions.0.2.layers.1.mamba.D_b - torch.Size([512]): 
The value is the same before and after calling `init_weights` of FUTR3D  

pts_bbox_head.transformer.decoder.layers.2.attentions.0.2.layers.1.mamba.A_log_f_xy - torch.Size([512, 64]): 
Initialized by user-defined `init_weights` in FUTR3DHead  

pts_bbox_head.transformer.decoder.layers.2.attentions.0.2.layers.1.mamba.A_log_b_xy - torch.Size([512, 64]): 
Initialized by user-defined `init_weights` in FUTR3DHead  

pts_bbox_head.transformer.decoder.layers.2.attentions.0.2.layers.1.mamba.D_f_xy - torch.Size([512]): 
The value is the same before and after calling `init_weights` of FUTR3D  

pts_bbox_head.transformer.decoder.layers.2.attentions.0.2.layers.1.mamba.D_b_xy - torch.Size([512]): 
The value is the same before and after calling `init_weights` of FUTR3D  

pts_bbox_head.transformer.decoder.layers.2.attentions.0.2.layers.1.mamba.in_proj.weight - torch.Size([2048, 256]): 
Initialized by user-defined `init_weights` in FUTR3DHead  

pts_bbox_head.transformer.decoder.layers.2.attentions.0.2.layers.1.mamba.in_proj_xy.weight - torch.Size([2048, 256]): 
Initialized by user-defined `init_weights` in FUTR3DHead  

pts_bbox_head.transformer.decoder.layers.2.attentions.0.2.layers.1.mamba.x_proj_f.weight - torch.Size([144, 512]): 
Initialized by user-defined `init_weights` in FUTR3DHead  

pts_bbox_head.transformer.decoder.layers.2.attentions.0.2.layers.1.mamba.x_proj_b.weight - torch.Size([144, 512]): 
Initialized by user-defined `init_weights` in FUTR3DHead  

pts_bbox_head.transformer.decoder.layers.2.attentions.0.2.layers.1.mamba.dt_proj_f.weight - torch.Size([512, 16]): 
Initialized by user-defined `init_weights` in FUTR3DHead  

pts_bbox_head.transformer.decoder.layers.2.attentions.0.2.layers.1.mamba.dt_proj_f.bias - torch.Size([512]): 
The value is the same before and after calling `init_weights` of FUTR3D  

pts_bbox_head.transformer.decoder.layers.2.attentions.0.2.layers.1.mamba.dt_proj_b.weight - torch.Size([512, 16]): 
Initialized by user-defined `init_weights` in FUTR3DHead  

pts_bbox_head.transformer.decoder.layers.2.attentions.0.2.layers.1.mamba.dt_proj_b.bias - torch.Size([512]): 
The value is the same before and after calling `init_weights` of FUTR3D  

pts_bbox_head.transformer.decoder.layers.2.attentions.0.2.layers.1.mamba.x_proj_f_xy.weight - torch.Size([144, 512]): 
Initialized by user-defined `init_weights` in FUTR3DHead  

pts_bbox_head.transformer.decoder.layers.2.attentions.0.2.layers.1.mamba.x_proj_b_xy.weight - torch.Size([144, 512]): 
Initialized by user-defined `init_weights` in FUTR3DHead  

pts_bbox_head.transformer.decoder.layers.2.attentions.0.2.layers.1.mamba.dt_proj_f_xy.weight - torch.Size([512, 16]): 
Initialized by user-defined `init_weights` in FUTR3DHead  

pts_bbox_head.transformer.decoder.layers.2.attentions.0.2.layers.1.mamba.dt_proj_f_xy.bias - torch.Size([512]): 
The value is the same before and after calling `init_weights` of FUTR3D  

pts_bbox_head.transformer.decoder.layers.2.attentions.0.2.layers.1.mamba.dt_proj_b_xy.weight - torch.Size([512, 16]): 
Initialized by user-defined `init_weights` in FUTR3DHead  

pts_bbox_head.transformer.decoder.layers.2.attentions.0.2.layers.1.mamba.dt_proj_b_xy.bias - torch.Size([512]): 
The value is the same before and after calling `init_weights` of FUTR3D  

pts_bbox_head.transformer.decoder.layers.2.attentions.0.2.layers.1.mamba.conv1d_x_f.weight - torch.Size([512, 1, 4]): 
Initialized by user-defined `init_weights` in FUTR3DHead  

pts_bbox_head.transformer.decoder.layers.2.attentions.0.2.layers.1.mamba.conv1d_x_f.bias - torch.Size([512]): 
The value is the same before and after calling `init_weights` of FUTR3D  

pts_bbox_head.transformer.decoder.layers.2.attentions.0.2.layers.1.mamba.conv1d_z_f.weight - torch.Size([512, 1, 4]): 
Initialized by user-defined `init_weights` in FUTR3DHead  

pts_bbox_head.transformer.decoder.layers.2.attentions.0.2.layers.1.mamba.conv1d_z_f.bias - torch.Size([512]): 
The value is the same before and after calling `init_weights` of FUTR3D  

pts_bbox_head.transformer.decoder.layers.2.attentions.0.2.layers.1.mamba.conv1d_x_b.weight - torch.Size([512, 1, 4]): 
Initialized by user-defined `init_weights` in FUTR3DHead  

pts_bbox_head.transformer.decoder.layers.2.attentions.0.2.layers.1.mamba.conv1d_x_b.bias - torch.Size([512]): 
The value is the same before and after calling `init_weights` of FUTR3D  

pts_bbox_head.transformer.decoder.layers.2.attentions.0.2.layers.1.mamba.conv1d_z_b.weight - torch.Size([512, 1, 4]): 
Initialized by user-defined `init_weights` in FUTR3DHead  

pts_bbox_head.transformer.decoder.layers.2.attentions.0.2.layers.1.mamba.conv1d_z_b.bias - torch.Size([512]): 
The value is the same before and after calling `init_weights` of FUTR3D  

pts_bbox_head.transformer.decoder.layers.2.attentions.0.2.layers.1.mamba.conv1d_x_xy_f.weight - torch.Size([512, 1, 4]): 
Initialized by user-defined `init_weights` in FUTR3DHead  

pts_bbox_head.transformer.decoder.layers.2.attentions.0.2.layers.1.mamba.conv1d_x_xy_f.bias - torch.Size([512]): 
The value is the same before and after calling `init_weights` of FUTR3D  

pts_bbox_head.transformer.decoder.layers.2.attentions.0.2.layers.1.mamba.conv1d_z_xy_f.weight - torch.Size([512, 1, 4]): 
Initialized by user-defined `init_weights` in FUTR3DHead  

pts_bbox_head.transformer.decoder.layers.2.attentions.0.2.layers.1.mamba.conv1d_z_xy_f.bias - torch.Size([512]): 
The value is the same before and after calling `init_weights` of FUTR3D  

pts_bbox_head.transformer.decoder.layers.2.attentions.0.2.layers.1.mamba.conv1d_x_xy_b.weight - torch.Size([512, 1, 4]): 
Initialized by user-defined `init_weights` in FUTR3DHead  

pts_bbox_head.transformer.decoder.layers.2.attentions.0.2.layers.1.mamba.conv1d_x_xy_b.bias - torch.Size([512]): 
The value is the same before and after calling `init_weights` of FUTR3D  

pts_bbox_head.transformer.decoder.layers.2.attentions.0.2.layers.1.mamba.conv1d_z_xy_b.weight - torch.Size([512, 1, 4]): 
Initialized by user-defined `init_weights` in FUTR3DHead  

pts_bbox_head.transformer.decoder.layers.2.attentions.0.2.layers.1.mamba.conv1d_z_xy_b.bias - torch.Size([512]): 
The value is the same before and after calling `init_weights` of FUTR3D  

pts_bbox_head.transformer.decoder.layers.2.attentions.0.2.layers.1.mamba.out_proj.weight - torch.Size([256, 2048]): 
Initialized by user-defined `init_weights` in FUTR3DHead  

pts_bbox_head.transformer.decoder.layers.2.attentions.0.2.layers.1.mamba.global_proj.weight - torch.Size([2048, 2048]): 
Initialized by user-defined `init_weights` in FUTR3DHead  

pts_bbox_head.transformer.decoder.layers.2.attentions.0.2.layers.1.mamba.global_proj.bias - torch.Size([2048]): 
The value is the same before and after calling `init_weights` of FUTR3D  

pts_bbox_head.transformer.decoder.layers.2.attentions.0.2.layers.1.norm.weight - torch.Size([256]): 
The value is the same before and after calling `init_weights` of FUTR3D  

pts_bbox_head.transformer.decoder.layers.2.attentions.0.2.layers.1.mlp.gate_proj.weight - torch.Size([1024, 256]): 
Initialized by user-defined `init_weights` in FUTR3DHead  

pts_bbox_head.transformer.decoder.layers.2.attentions.0.2.layers.1.mlp.up_proj.weight - torch.Size([1024, 256]): 
Initialized by user-defined `init_weights` in FUTR3DHead  

pts_bbox_head.transformer.decoder.layers.2.attentions.0.2.layers.1.mlp.down_proj.weight - torch.Size([256, 1024]): 
Initialized by user-defined `init_weights` in FUTR3DHead  

pts_bbox_head.transformer.decoder.layers.2.attentions.1.sampling_offsets.weight - torch.Size([256, 256]): 
Initialized by user-defined `init_weights` in FUTR3DHead  

pts_bbox_head.transformer.decoder.layers.2.attentions.1.sampling_offsets.bias - torch.Size([256]): 
The value is the same before and after calling `init_weights` of FUTR3D  

pts_bbox_head.transformer.decoder.layers.2.attentions.1.attention_weights.weight - torch.Size([128, 256]): 
Initialized by user-defined `init_weights` in FUTR3DHead  

pts_bbox_head.transformer.decoder.layers.2.attentions.1.attention_weights.bias - torch.Size([128]): 
The value is the same before and after calling `init_weights` of FUTR3D  

pts_bbox_head.transformer.decoder.layers.2.attentions.1.value_proj.weight - torch.Size([256, 256]): 
Initialized by user-defined `init_weights` in FUTR3DHead  

pts_bbox_head.transformer.decoder.layers.2.attentions.1.value_proj.bias - torch.Size([256]): 
The value is the same before and after calling `init_weights` of FUTR3D  

pts_bbox_head.transformer.decoder.layers.2.attentions.1.output_proj.weight - torch.Size([256, 256]): 
Initialized by user-defined `init_weights` in FUTR3DHead  

pts_bbox_head.transformer.decoder.layers.2.attentions.1.output_proj.bias - torch.Size([256]): 
The value is the same before and after calling `init_weights` of FUTR3D  

pts_bbox_head.transformer.decoder.layers.2.attentions.1.img_attention_weights.weight - torch.Size([24, 256]): 
Initialized by user-defined `init_weights` in FUTR3DHead  

pts_bbox_head.transformer.decoder.layers.2.attentions.1.img_attention_weights.bias - torch.Size([24]): 
The value is the same before and after calling `init_weights` of FUTR3D  

pts_bbox_head.transformer.decoder.layers.2.attentions.1.img_output_proj.weight - torch.Size([256, 256]): 
Initialized by user-defined `init_weights` in FUTR3DHead  

pts_bbox_head.transformer.decoder.layers.2.attentions.1.img_output_proj.bias - torch.Size([256]): 
The value is the same before and after calling `init_weights` of FUTR3D  

pts_bbox_head.transformer.decoder.layers.2.attentions.1.position_encoder.0.weight - torch.Size([256, 3]): 
Initialized by user-defined `init_weights` in FUTR3DHead  

pts_bbox_head.transformer.decoder.layers.2.attentions.1.position_encoder.0.bias - torch.Size([256]): 
The value is the same before and after calling `init_weights` of FUTR3D  

pts_bbox_head.transformer.decoder.layers.2.attentions.1.position_encoder.1.weight - torch.Size([256]): 
The value is the same before and after calling `init_weights` of FUTR3D  

pts_bbox_head.transformer.decoder.layers.2.attentions.1.position_encoder.1.bias - torch.Size([256]): 
The value is the same before and after calling `init_weights` of FUTR3D  

pts_bbox_head.transformer.decoder.layers.2.attentions.1.position_encoder.3.weight - torch.Size([256, 256]): 
Initialized by user-defined `init_weights` in FUTR3DHead  

pts_bbox_head.transformer.decoder.layers.2.attentions.1.position_encoder.3.bias - torch.Size([256]): 
The value is the same before and after calling `init_weights` of FUTR3D  

pts_bbox_head.transformer.decoder.layers.2.attentions.1.position_encoder.4.weight - torch.Size([256]): 
The value is the same before and after calling `init_weights` of FUTR3D  

pts_bbox_head.transformer.decoder.layers.2.attentions.1.position_encoder.4.bias - torch.Size([256]): 
The value is the same before and after calling `init_weights` of FUTR3D  

pts_bbox_head.transformer.decoder.layers.2.attentions.1.modality_fusion_layer.0.weight - torch.Size([256, 1024]): 
Initialized by user-defined `init_weights` in FUTR3DHead  

pts_bbox_head.transformer.decoder.layers.2.attentions.1.modality_fusion_layer.0.bias - torch.Size([256]): 
The value is the same before and after calling `init_weights` of FUTR3D  

pts_bbox_head.transformer.decoder.layers.2.attentions.1.modality_fusion_layer.1.weight - torch.Size([256]): 
The value is the same before and after calling `init_weights` of FUTR3D  

pts_bbox_head.transformer.decoder.layers.2.attentions.1.modality_fusion_layer.1.bias - torch.Size([256]): 
The value is the same before and after calling `init_weights` of FUTR3D  

pts_bbox_head.transformer.decoder.layers.2.attentions.1.modality_fusion_layer.3.weight - torch.Size([256, 256]): 
Initialized by user-defined `init_weights` in FUTR3DHead  

pts_bbox_head.transformer.decoder.layers.2.attentions.1.modality_fusion_layer.3.bias - torch.Size([256]): 
The value is the same before and after calling `init_weights` of FUTR3D  

pts_bbox_head.transformer.decoder.layers.2.attentions.1.modality_fusion_layer.4.weight - torch.Size([256]): 
The value is the same before and after calling `init_weights` of FUTR3D  

pts_bbox_head.transformer.decoder.layers.2.attentions.1.modality_fusion_layer.4.bias - torch.Size([256]): 
The value is the same before and after calling `init_weights` of FUTR3D  

pts_bbox_head.transformer.decoder.layers.2.attentions.1.camera_mixer.layers_LGC.0.A_log_h2t - torch.Size([512, 32]): 
Initialized by user-defined `init_weights` in FUTR3DHead  

pts_bbox_head.transformer.decoder.layers.2.attentions.1.camera_mixer.layers_LGC.0.D_h2t - torch.Size([512]): 
The value is the same before and after calling `init_weights` of FUTR3D  

pts_bbox_head.transformer.decoder.layers.2.attentions.1.camera_mixer.layers_LGC.0.A_log_t2h - torch.Size([512, 32]): 
Initialized by user-defined `init_weights` in FUTR3DHead  

pts_bbox_head.transformer.decoder.layers.2.attentions.1.camera_mixer.layers_LGC.0.D_t2h - torch.Size([512]): 
The value is the same before and after calling `init_weights` of FUTR3D  

pts_bbox_head.transformer.decoder.layers.2.attentions.1.camera_mixer.layers_LGC.0.in_proj.weight - torch.Size([1024, 256]): 
Initialized by user-defined `init_weights` in FUTR3DHead  

pts_bbox_head.transformer.decoder.layers.2.attentions.1.camera_mixer.layers_LGC.0.in_proj_lidar.weight - torch.Size([512, 256]): 
Initialized by user-defined `init_weights` in FUTR3DHead  

pts_bbox_head.transformer.decoder.layers.2.attentions.1.camera_mixer.layers_LGC.0.conv1d_h2t.weight - torch.Size([512, 1, 4]): 
Initialized by user-defined `init_weights` in FUTR3DHead  

pts_bbox_head.transformer.decoder.layers.2.attentions.1.camera_mixer.layers_LGC.0.conv1d_h2t.bias - torch.Size([512]): 
The value is the same before and after calling `init_weights` of FUTR3D  

pts_bbox_head.transformer.decoder.layers.2.attentions.1.camera_mixer.layers_LGC.0.x_proj_h2t.weight - torch.Size([80, 512]): 
Initialized by user-defined `init_weights` in FUTR3DHead  

pts_bbox_head.transformer.decoder.layers.2.attentions.1.camera_mixer.layers_LGC.0.dt_proj_h2t.weight - torch.Size([512, 16]): 
Initialized by user-defined `init_weights` in FUTR3DHead  

pts_bbox_head.transformer.decoder.layers.2.attentions.1.camera_mixer.layers_LGC.0.dt_proj_h2t.bias - torch.Size([512]): 
The value is the same before and after calling `init_weights` of FUTR3D  

pts_bbox_head.transformer.decoder.layers.2.attentions.1.camera_mixer.layers_LGC.0.conv1d_t2h.weight - torch.Size([512, 1, 4]): 
Initialized by user-defined `init_weights` in FUTR3DHead  

pts_bbox_head.transformer.decoder.layers.2.attentions.1.camera_mixer.layers_LGC.0.conv1d_t2h.bias - torch.Size([512]): 
The value is the same before and after calling `init_weights` of FUTR3D  

pts_bbox_head.transformer.decoder.layers.2.attentions.1.camera_mixer.layers_LGC.0.x_proj_t2h.weight - torch.Size([80, 512]): 
Initialized by user-defined `init_weights` in FUTR3DHead  

pts_bbox_head.transformer.decoder.layers.2.attentions.1.camera_mixer.layers_LGC.0.dt_proj_t2h.weight - torch.Size([512, 16]): 
Initialized by user-defined `init_weights` in FUTR3DHead  

pts_bbox_head.transformer.decoder.layers.2.attentions.1.camera_mixer.layers_LGC.0.dt_proj_t2h.bias - torch.Size([512]): 
The value is the same before and after calling `init_weights` of FUTR3D  

pts_bbox_head.transformer.decoder.layers.2.attentions.1.camera_mixer.layers_LGC.0.lidar_guidance_proj.weight - torch.Size([512, 512]): 
Initialized by user-defined `init_weights` in FUTR3DHead  

pts_bbox_head.transformer.decoder.layers.2.attentions.1.camera_mixer.layers_LGC.0.lidar_guidance_proj.bias - torch.Size([512]): 
The value is the same before and after calling `init_weights` of FUTR3D  

pts_bbox_head.transformer.decoder.layers.2.attentions.1.camera_mixer.layers_LGC.0.out_proj.weight - torch.Size([256, 512]): 
Initialized by user-defined `init_weights` in FUTR3DHead  

pts_bbox_head.transformer.decoder.layers.2.attentions.1.camera_mixer.layers_LGC.1.A_log_h2t - torch.Size([512, 32]): 
Initialized by user-defined `init_weights` in FUTR3DHead  

pts_bbox_head.transformer.decoder.layers.2.attentions.1.camera_mixer.layers_LGC.1.D_h2t - torch.Size([512]): 
The value is the same before and after calling `init_weights` of FUTR3D  

pts_bbox_head.transformer.decoder.layers.2.attentions.1.camera_mixer.layers_LGC.1.A_log_t2h - torch.Size([512, 32]): 
Initialized by user-defined `init_weights` in FUTR3DHead  

pts_bbox_head.transformer.decoder.layers.2.attentions.1.camera_mixer.layers_LGC.1.D_t2h - torch.Size([512]): 
The value is the same before and after calling `init_weights` of FUTR3D  

pts_bbox_head.transformer.decoder.layers.2.attentions.1.camera_mixer.layers_LGC.1.in_proj.weight - torch.Size([1024, 256]): 
Initialized by user-defined `init_weights` in FUTR3DHead  

pts_bbox_head.transformer.decoder.layers.2.attentions.1.camera_mixer.layers_LGC.1.in_proj_lidar.weight - torch.Size([512, 256]): 
Initialized by user-defined `init_weights` in FUTR3DHead  

pts_bbox_head.transformer.decoder.layers.2.attentions.1.camera_mixer.layers_LGC.1.conv1d_h2t.weight - torch.Size([512, 1, 4]): 
Initialized by user-defined `init_weights` in FUTR3DHead  

pts_bbox_head.transformer.decoder.layers.2.attentions.1.camera_mixer.layers_LGC.1.conv1d_h2t.bias - torch.Size([512]): 
The value is the same before and after calling `init_weights` of FUTR3D  

pts_bbox_head.transformer.decoder.layers.2.attentions.1.camera_mixer.layers_LGC.1.x_proj_h2t.weight - torch.Size([80, 512]): 
Initialized by user-defined `init_weights` in FUTR3DHead  

pts_bbox_head.transformer.decoder.layers.2.attentions.1.camera_mixer.layers_LGC.1.dt_proj_h2t.weight - torch.Size([512, 16]): 
Initialized by user-defined `init_weights` in FUTR3DHead  

pts_bbox_head.transformer.decoder.layers.2.attentions.1.camera_mixer.layers_LGC.1.dt_proj_h2t.bias - torch.Size([512]): 
The value is the same before and after calling `init_weights` of FUTR3D  

pts_bbox_head.transformer.decoder.layers.2.attentions.1.camera_mixer.layers_LGC.1.conv1d_t2h.weight - torch.Size([512, 1, 4]): 
Initialized by user-defined `init_weights` in FUTR3DHead  

pts_bbox_head.transformer.decoder.layers.2.attentions.1.camera_mixer.layers_LGC.1.conv1d_t2h.bias - torch.Size([512]): 
The value is the same before and after calling `init_weights` of FUTR3D  

pts_bbox_head.transformer.decoder.layers.2.attentions.1.camera_mixer.layers_LGC.1.x_proj_t2h.weight - torch.Size([80, 512]): 
Initialized by user-defined `init_weights` in FUTR3DHead  

pts_bbox_head.transformer.decoder.layers.2.attentions.1.camera_mixer.layers_LGC.1.dt_proj_t2h.weight - torch.Size([512, 16]): 
Initialized by user-defined `init_weights` in FUTR3DHead  

pts_bbox_head.transformer.decoder.layers.2.attentions.1.camera_mixer.layers_LGC.1.dt_proj_t2h.bias - torch.Size([512]): 
The value is the same before and after calling `init_weights` of FUTR3D  

pts_bbox_head.transformer.decoder.layers.2.attentions.1.camera_mixer.layers_LGC.1.lidar_guidance_proj.weight - torch.Size([512, 512]): 
Initialized by user-defined `init_weights` in FUTR3DHead  

pts_bbox_head.transformer.decoder.layers.2.attentions.1.camera_mixer.layers_LGC.1.lidar_guidance_proj.bias - torch.Size([512]): 
The value is the same before and after calling `init_weights` of FUTR3D  

pts_bbox_head.transformer.decoder.layers.2.attentions.1.camera_mixer.layers_LGC.1.out_proj.weight - torch.Size([256, 512]): 
Initialized by user-defined `init_weights` in FUTR3DHead  

pts_bbox_head.transformer.decoder.layers.2.attentions.1.camera_mixer.layers_CGL.0.A_log_h2t - torch.Size([512, 32]): 
Initialized by user-defined `init_weights` in FUTR3DHead  

pts_bbox_head.transformer.decoder.layers.2.attentions.1.camera_mixer.layers_CGL.0.D_h2t - torch.Size([512]): 
The value is the same before and after calling `init_weights` of FUTR3D  

pts_bbox_head.transformer.decoder.layers.2.attentions.1.camera_mixer.layers_CGL.0.A_log_t2h - torch.Size([512, 32]): 
Initialized by user-defined `init_weights` in FUTR3DHead  

pts_bbox_head.transformer.decoder.layers.2.attentions.1.camera_mixer.layers_CGL.0.D_t2h - torch.Size([512]): 
The value is the same before and after calling `init_weights` of FUTR3D  

pts_bbox_head.transformer.decoder.layers.2.attentions.1.camera_mixer.layers_CGL.0.in_proj.weight - torch.Size([1024, 256]): 
Initialized by user-defined `init_weights` in FUTR3DHead  

pts_bbox_head.transformer.decoder.layers.2.attentions.1.camera_mixer.layers_CGL.0.in_proj_lidar.weight - torch.Size([512, 256]): 
Initialized by user-defined `init_weights` in FUTR3DHead  

pts_bbox_head.transformer.decoder.layers.2.attentions.1.camera_mixer.layers_CGL.0.conv1d_h2t.weight - torch.Size([512, 1, 4]): 
Initialized by user-defined `init_weights` in FUTR3DHead  

pts_bbox_head.transformer.decoder.layers.2.attentions.1.camera_mixer.layers_CGL.0.conv1d_h2t.bias - torch.Size([512]): 
The value is the same before and after calling `init_weights` of FUTR3D  

pts_bbox_head.transformer.decoder.layers.2.attentions.1.camera_mixer.layers_CGL.0.x_proj_h2t.weight - torch.Size([80, 512]): 
Initialized by user-defined `init_weights` in FUTR3DHead  

pts_bbox_head.transformer.decoder.layers.2.attentions.1.camera_mixer.layers_CGL.0.dt_proj_h2t.weight - torch.Size([512, 16]): 
Initialized by user-defined `init_weights` in FUTR3DHead  

pts_bbox_head.transformer.decoder.layers.2.attentions.1.camera_mixer.layers_CGL.0.dt_proj_h2t.bias - torch.Size([512]): 
The value is the same before and after calling `init_weights` of FUTR3D  

pts_bbox_head.transformer.decoder.layers.2.attentions.1.camera_mixer.layers_CGL.0.conv1d_t2h.weight - torch.Size([512, 1, 4]): 
Initialized by user-defined `init_weights` in FUTR3DHead  

pts_bbox_head.transformer.decoder.layers.2.attentions.1.camera_mixer.layers_CGL.0.conv1d_t2h.bias - torch.Size([512]): 
The value is the same before and after calling `init_weights` of FUTR3D  

pts_bbox_head.transformer.decoder.layers.2.attentions.1.camera_mixer.layers_CGL.0.x_proj_t2h.weight - torch.Size([80, 512]): 
Initialized by user-defined `init_weights` in FUTR3DHead  

pts_bbox_head.transformer.decoder.layers.2.attentions.1.camera_mixer.layers_CGL.0.dt_proj_t2h.weight - torch.Size([512, 16]): 
Initialized by user-defined `init_weights` in FUTR3DHead  

pts_bbox_head.transformer.decoder.layers.2.attentions.1.camera_mixer.layers_CGL.0.dt_proj_t2h.bias - torch.Size([512]): 
The value is the same before and after calling `init_weights` of FUTR3D  

pts_bbox_head.transformer.decoder.layers.2.attentions.1.camera_mixer.layers_CGL.0.lidar_guidance_proj.weight - torch.Size([512, 512]): 
Initialized by user-defined `init_weights` in FUTR3DHead  

pts_bbox_head.transformer.decoder.layers.2.attentions.1.camera_mixer.layers_CGL.0.lidar_guidance_proj.bias - torch.Size([512]): 
The value is the same before and after calling `init_weights` of FUTR3D  

pts_bbox_head.transformer.decoder.layers.2.attentions.1.camera_mixer.layers_CGL.0.out_proj.weight - torch.Size([256, 512]): 
Initialized by user-defined `init_weights` in FUTR3DHead  

pts_bbox_head.transformer.decoder.layers.2.attentions.1.camera_mixer.layers_CGL.1.A_log_h2t - torch.Size([512, 32]): 
Initialized by user-defined `init_weights` in FUTR3DHead  

pts_bbox_head.transformer.decoder.layers.2.attentions.1.camera_mixer.layers_CGL.1.D_h2t - torch.Size([512]): 
The value is the same before and after calling `init_weights` of FUTR3D  

pts_bbox_head.transformer.decoder.layers.2.attentions.1.camera_mixer.layers_CGL.1.A_log_t2h - torch.Size([512, 32]): 
Initialized by user-defined `init_weights` in FUTR3DHead  

pts_bbox_head.transformer.decoder.layers.2.attentions.1.camera_mixer.layers_CGL.1.D_t2h - torch.Size([512]): 
The value is the same before and after calling `init_weights` of FUTR3D  

pts_bbox_head.transformer.decoder.layers.2.attentions.1.camera_mixer.layers_CGL.1.in_proj.weight - torch.Size([1024, 256]): 
Initialized by user-defined `init_weights` in FUTR3DHead  

pts_bbox_head.transformer.decoder.layers.2.attentions.1.camera_mixer.layers_CGL.1.in_proj_lidar.weight - torch.Size([512, 256]): 
Initialized by user-defined `init_weights` in FUTR3DHead  

pts_bbox_head.transformer.decoder.layers.2.attentions.1.camera_mixer.layers_CGL.1.conv1d_h2t.weight - torch.Size([512, 1, 4]): 
Initialized by user-defined `init_weights` in FUTR3DHead  

pts_bbox_head.transformer.decoder.layers.2.attentions.1.camera_mixer.layers_CGL.1.conv1d_h2t.bias - torch.Size([512]): 
The value is the same before and after calling `init_weights` of FUTR3D  

pts_bbox_head.transformer.decoder.layers.2.attentions.1.camera_mixer.layers_CGL.1.x_proj_h2t.weight - torch.Size([80, 512]): 
Initialized by user-defined `init_weights` in FUTR3DHead  

pts_bbox_head.transformer.decoder.layers.2.attentions.1.camera_mixer.layers_CGL.1.dt_proj_h2t.weight - torch.Size([512, 16]): 
Initialized by user-defined `init_weights` in FUTR3DHead  

pts_bbox_head.transformer.decoder.layers.2.attentions.1.camera_mixer.layers_CGL.1.dt_proj_h2t.bias - torch.Size([512]): 
The value is the same before and after calling `init_weights` of FUTR3D  

pts_bbox_head.transformer.decoder.layers.2.attentions.1.camera_mixer.layers_CGL.1.conv1d_t2h.weight - torch.Size([512, 1, 4]): 
Initialized by user-defined `init_weights` in FUTR3DHead  

pts_bbox_head.transformer.decoder.layers.2.attentions.1.camera_mixer.layers_CGL.1.conv1d_t2h.bias - torch.Size([512]): 
The value is the same before and after calling `init_weights` of FUTR3D  

pts_bbox_head.transformer.decoder.layers.2.attentions.1.camera_mixer.layers_CGL.1.x_proj_t2h.weight - torch.Size([80, 512]): 
Initialized by user-defined `init_weights` in FUTR3DHead  

pts_bbox_head.transformer.decoder.layers.2.attentions.1.camera_mixer.layers_CGL.1.dt_proj_t2h.weight - torch.Size([512, 16]): 
Initialized by user-defined `init_weights` in FUTR3DHead  

pts_bbox_head.transformer.decoder.layers.2.attentions.1.camera_mixer.layers_CGL.1.dt_proj_t2h.bias - torch.Size([512]): 
The value is the same before and after calling `init_weights` of FUTR3D  

pts_bbox_head.transformer.decoder.layers.2.attentions.1.camera_mixer.layers_CGL.1.lidar_guidance_proj.weight - torch.Size([512, 512]): 
Initialized by user-defined `init_weights` in FUTR3DHead  

pts_bbox_head.transformer.decoder.layers.2.attentions.1.camera_mixer.layers_CGL.1.lidar_guidance_proj.bias - torch.Size([512]): 
The value is the same before and after calling `init_weights` of FUTR3D  

pts_bbox_head.transformer.decoder.layers.2.attentions.1.camera_mixer.layers_CGL.1.out_proj.weight - torch.Size([256, 512]): 
Initialized by user-defined `init_weights` in FUTR3DHead  

pts_bbox_head.transformer.decoder.layers.2.attentions.1.camera_mixer.norm_L.0.weight - torch.Size([256]): 
The value is the same before and after calling `init_weights` of FUTR3D  

pts_bbox_head.transformer.decoder.layers.2.attentions.1.camera_mixer.norm_L.0.bias - torch.Size([256]): 
The value is the same before and after calling `init_weights` of FUTR3D  

pts_bbox_head.transformer.decoder.layers.2.attentions.1.camera_mixer.norm_L.1.weight - torch.Size([256]): 
The value is the same before and after calling `init_weights` of FUTR3D  

pts_bbox_head.transformer.decoder.layers.2.attentions.1.camera_mixer.norm_L.1.bias - torch.Size([256]): 
The value is the same before and after calling `init_weights` of FUTR3D  

pts_bbox_head.transformer.decoder.layers.2.attentions.1.camera_mixer.norm_C.0.weight - torch.Size([256]): 
The value is the same before and after calling `init_weights` of FUTR3D  

pts_bbox_head.transformer.decoder.layers.2.attentions.1.camera_mixer.norm_C.0.bias - torch.Size([256]): 
The value is the same before and after calling `init_weights` of FUTR3D  

pts_bbox_head.transformer.decoder.layers.2.attentions.1.camera_mixer.norm_C.1.weight - torch.Size([256]): 
The value is the same before and after calling `init_weights` of FUTR3D  

pts_bbox_head.transformer.decoder.layers.2.attentions.1.camera_mixer.norm_C.1.bias - torch.Size([256]): 
The value is the same before and after calling `init_weights` of FUTR3D  

pts_bbox_head.transformer.decoder.layers.2.attentions.1.camera_mixer.ffn_block_L.0.ffn.0.weight - torch.Size([1024, 256]): 
Initialized by user-defined `init_weights` in FUTR3DHead  

pts_bbox_head.transformer.decoder.layers.2.attentions.1.camera_mixer.ffn_block_L.0.ffn.0.bias - torch.Size([1024]): 
The value is the same before and after calling `init_weights` of FUTR3D  

pts_bbox_head.transformer.decoder.layers.2.attentions.1.camera_mixer.ffn_block_L.0.ffn.3.weight - torch.Size([256, 1024]): 
Initialized by user-defined `init_weights` in FUTR3DHead  

pts_bbox_head.transformer.decoder.layers.2.attentions.1.camera_mixer.ffn_block_L.0.ffn.3.bias - torch.Size([256]): 
The value is the same before and after calling `init_weights` of FUTR3D  

pts_bbox_head.transformer.decoder.layers.2.attentions.1.camera_mixer.ffn_block_L.1.ffn.0.weight - torch.Size([1024, 256]): 
Initialized by user-defined `init_weights` in FUTR3DHead  

pts_bbox_head.transformer.decoder.layers.2.attentions.1.camera_mixer.ffn_block_L.1.ffn.0.bias - torch.Size([1024]): 
The value is the same before and after calling `init_weights` of FUTR3D  

pts_bbox_head.transformer.decoder.layers.2.attentions.1.camera_mixer.ffn_block_L.1.ffn.3.weight - torch.Size([256, 1024]): 
Initialized by user-defined `init_weights` in FUTR3DHead  

pts_bbox_head.transformer.decoder.layers.2.attentions.1.camera_mixer.ffn_block_L.1.ffn.3.bias - torch.Size([256]): 
The value is the same before and after calling `init_weights` of FUTR3D  

pts_bbox_head.transformer.decoder.layers.2.attentions.1.camera_mixer.ffn_block_C.0.ffn.0.weight - torch.Size([1024, 256]): 
Initialized by user-defined `init_weights` in FUTR3DHead  

pts_bbox_head.transformer.decoder.layers.2.attentions.1.camera_mixer.ffn_block_C.0.ffn.0.bias - torch.Size([1024]): 
The value is the same before and after calling `init_weights` of FUTR3D  

pts_bbox_head.transformer.decoder.layers.2.attentions.1.camera_mixer.ffn_block_C.0.ffn.3.weight - torch.Size([256, 1024]): 
Initialized by user-defined `init_weights` in FUTR3DHead  

pts_bbox_head.transformer.decoder.layers.2.attentions.1.camera_mixer.ffn_block_C.0.ffn.3.bias - torch.Size([256]): 
The value is the same before and after calling `init_weights` of FUTR3D  

pts_bbox_head.transformer.decoder.layers.2.attentions.1.camera_mixer.ffn_block_C.1.ffn.0.weight - torch.Size([1024, 256]): 
Initialized by user-defined `init_weights` in FUTR3DHead  

pts_bbox_head.transformer.decoder.layers.2.attentions.1.camera_mixer.ffn_block_C.1.ffn.0.bias - torch.Size([1024]): 
The value is the same before and after calling `init_weights` of FUTR3D  

pts_bbox_head.transformer.decoder.layers.2.attentions.1.camera_mixer.ffn_block_C.1.ffn.3.weight - torch.Size([256, 1024]): 
Initialized by user-defined `init_weights` in FUTR3DHead  

pts_bbox_head.transformer.decoder.layers.2.attentions.1.camera_mixer.ffn_block_C.1.ffn.3.bias - torch.Size([256]): 
The value is the same before and after calling `init_weights` of FUTR3D  

pts_bbox_head.transformer.decoder.layers.2.attentions.1.camera_mixer.ffn_norm_L.0.weight - torch.Size([256]): 
The value is the same before and after calling `init_weights` of FUTR3D  

pts_bbox_head.transformer.decoder.layers.2.attentions.1.camera_mixer.ffn_norm_L.0.bias - torch.Size([256]): 
The value is the same before and after calling `init_weights` of FUTR3D  

pts_bbox_head.transformer.decoder.layers.2.attentions.1.camera_mixer.ffn_norm_L.1.weight - torch.Size([256]): 
The value is the same before and after calling `init_weights` of FUTR3D  

pts_bbox_head.transformer.decoder.layers.2.attentions.1.camera_mixer.ffn_norm_L.1.bias - torch.Size([256]): 
The value is the same before and after calling `init_weights` of FUTR3D  

pts_bbox_head.transformer.decoder.layers.2.attentions.1.camera_mixer.ffn_norm_C.0.weight - torch.Size([256]): 
The value is the same before and after calling `init_weights` of FUTR3D  

pts_bbox_head.transformer.decoder.layers.2.attentions.1.camera_mixer.ffn_norm_C.0.bias - torch.Size([256]): 
The value is the same before and after calling `init_weights` of FUTR3D  

pts_bbox_head.transformer.decoder.layers.2.attentions.1.camera_mixer.ffn_norm_C.1.weight - torch.Size([256]): 
The value is the same before and after calling `init_weights` of FUTR3D  

pts_bbox_head.transformer.decoder.layers.2.attentions.1.camera_mixer.ffn_norm_C.1.bias - torch.Size([256]): 
The value is the same before and after calling `init_weights` of FUTR3D  

pts_bbox_head.transformer.decoder.layers.2.ffns.0.layers.0.0.weight - torch.Size([1024, 256]): 
Initialized by user-defined `init_weights` in FUTR3DHead  

pts_bbox_head.transformer.decoder.layers.2.ffns.0.layers.0.0.bias - torch.Size([1024]): 
The value is the same before and after calling `init_weights` of FUTR3D  

pts_bbox_head.transformer.decoder.layers.2.ffns.0.layers.1.weight - torch.Size([256, 1024]): 
Initialized by user-defined `init_weights` in FUTR3DHead  

pts_bbox_head.transformer.decoder.layers.2.ffns.0.layers.1.bias - torch.Size([256]): 
The value is the same before and after calling `init_weights` of FUTR3D  

pts_bbox_head.transformer.decoder.layers.2.norms.0.weight - torch.Size([256]): 
The value is the same before and after calling `init_weights` of FUTR3D  

pts_bbox_head.transformer.decoder.layers.2.norms.0.bias - torch.Size([256]): 
The value is the same before and after calling `init_weights` of FUTR3D  

pts_bbox_head.transformer.decoder.layers.2.norms.1.weight - torch.Size([256]): 
The value is the same before and after calling `init_weights` of FUTR3D  

pts_bbox_head.transformer.decoder.layers.2.norms.1.bias - torch.Size([256]): 
The value is the same before and after calling `init_weights` of FUTR3D  

pts_bbox_head.transformer.decoder.layers.2.norms.2.weight - torch.Size([256]): 
The value is the same before and after calling `init_weights` of FUTR3D  

pts_bbox_head.transformer.decoder.layers.2.norms.2.bias - torch.Size([256]): 
The value is the same before and after calling `init_weights` of FUTR3D  

pts_bbox_head.transformer.decoder.layers.3.attentions.0.0.attn.in_proj_weight - torch.Size([768, 256]): 
Initialized by user-defined `init_weights` in FUTR3DHead  

pts_bbox_head.transformer.decoder.layers.3.attentions.0.0.attn.in_proj_bias - torch.Size([768]): 
The value is the same before and after calling `init_weights` of FUTR3D  

pts_bbox_head.transformer.decoder.layers.3.attentions.0.0.attn.out_proj.weight - torch.Size([256, 256]): 
Initialized by user-defined `init_weights` in FUTR3DHead  

pts_bbox_head.transformer.decoder.layers.3.attentions.0.0.attn.out_proj.bias - torch.Size([256]): 
The value is the same before and after calling `init_weights` of FUTR3D  

pts_bbox_head.transformer.decoder.layers.3.attentions.0.1.weight - torch.Size([256]): 
The value is the same before and after calling `init_weights` of FUTR3D  

pts_bbox_head.transformer.decoder.layers.3.attentions.0.2.layers.0.norm_before.weight - torch.Size([256]): 
The value is the same before and after calling `init_weights` of FUTR3D  

pts_bbox_head.transformer.decoder.layers.3.attentions.0.2.layers.0.mamba.A_log_f - torch.Size([512, 64]): 
Initialized by user-defined `init_weights` in FUTR3DHead  

pts_bbox_head.transformer.decoder.layers.3.attentions.0.2.layers.0.mamba.A_log_b - torch.Size([512, 64]): 
Initialized by user-defined `init_weights` in FUTR3DHead  

pts_bbox_head.transformer.decoder.layers.3.attentions.0.2.layers.0.mamba.D_f - torch.Size([512]): 
The value is the same before and after calling `init_weights` of FUTR3D  

pts_bbox_head.transformer.decoder.layers.3.attentions.0.2.layers.0.mamba.D_b - torch.Size([512]): 
The value is the same before and after calling `init_weights` of FUTR3D  

pts_bbox_head.transformer.decoder.layers.3.attentions.0.2.layers.0.mamba.A_log_f_xy - torch.Size([512, 64]): 
Initialized by user-defined `init_weights` in FUTR3DHead  

pts_bbox_head.transformer.decoder.layers.3.attentions.0.2.layers.0.mamba.A_log_b_xy - torch.Size([512, 64]): 
Initialized by user-defined `init_weights` in FUTR3DHead  

pts_bbox_head.transformer.decoder.layers.3.attentions.0.2.layers.0.mamba.D_f_xy - torch.Size([512]): 
The value is the same before and after calling `init_weights` of FUTR3D  

pts_bbox_head.transformer.decoder.layers.3.attentions.0.2.layers.0.mamba.D_b_xy - torch.Size([512]): 
The value is the same before and after calling `init_weights` of FUTR3D  

pts_bbox_head.transformer.decoder.layers.3.attentions.0.2.layers.0.mamba.in_proj.weight - torch.Size([2048, 256]): 
Initialized by user-defined `init_weights` in FUTR3DHead  

pts_bbox_head.transformer.decoder.layers.3.attentions.0.2.layers.0.mamba.in_proj_xy.weight - torch.Size([2048, 256]): 
Initialized by user-defined `init_weights` in FUTR3DHead  

pts_bbox_head.transformer.decoder.layers.3.attentions.0.2.layers.0.mamba.x_proj_f.weight - torch.Size([144, 512]): 
Initialized by user-defined `init_weights` in FUTR3DHead  

pts_bbox_head.transformer.decoder.layers.3.attentions.0.2.layers.0.mamba.x_proj_b.weight - torch.Size([144, 512]): 
Initialized by user-defined `init_weights` in FUTR3DHead  

pts_bbox_head.transformer.decoder.layers.3.attentions.0.2.layers.0.mamba.dt_proj_f.weight - torch.Size([512, 16]): 
Initialized by user-defined `init_weights` in FUTR3DHead  

pts_bbox_head.transformer.decoder.layers.3.attentions.0.2.layers.0.mamba.dt_proj_f.bias - torch.Size([512]): 
The value is the same before and after calling `init_weights` of FUTR3D  

pts_bbox_head.transformer.decoder.layers.3.attentions.0.2.layers.0.mamba.dt_proj_b.weight - torch.Size([512, 16]): 
Initialized by user-defined `init_weights` in FUTR3DHead  

pts_bbox_head.transformer.decoder.layers.3.attentions.0.2.layers.0.mamba.dt_proj_b.bias - torch.Size([512]): 
The value is the same before and after calling `init_weights` of FUTR3D  

pts_bbox_head.transformer.decoder.layers.3.attentions.0.2.layers.0.mamba.x_proj_f_xy.weight - torch.Size([144, 512]): 
Initialized by user-defined `init_weights` in FUTR3DHead  

pts_bbox_head.transformer.decoder.layers.3.attentions.0.2.layers.0.mamba.x_proj_b_xy.weight - torch.Size([144, 512]): 
Initialized by user-defined `init_weights` in FUTR3DHead  

pts_bbox_head.transformer.decoder.layers.3.attentions.0.2.layers.0.mamba.dt_proj_f_xy.weight - torch.Size([512, 16]): 
Initialized by user-defined `init_weights` in FUTR3DHead  

pts_bbox_head.transformer.decoder.layers.3.attentions.0.2.layers.0.mamba.dt_proj_f_xy.bias - torch.Size([512]): 
The value is the same before and after calling `init_weights` of FUTR3D  

pts_bbox_head.transformer.decoder.layers.3.attentions.0.2.layers.0.mamba.dt_proj_b_xy.weight - torch.Size([512, 16]): 
Initialized by user-defined `init_weights` in FUTR3DHead  

pts_bbox_head.transformer.decoder.layers.3.attentions.0.2.layers.0.mamba.dt_proj_b_xy.bias - torch.Size([512]): 
The value is the same before and after calling `init_weights` of FUTR3D  

pts_bbox_head.transformer.decoder.layers.3.attentions.0.2.layers.0.mamba.conv1d_x_f.weight - torch.Size([512, 1, 4]): 
Initialized by user-defined `init_weights` in FUTR3DHead  

pts_bbox_head.transformer.decoder.layers.3.attentions.0.2.layers.0.mamba.conv1d_x_f.bias - torch.Size([512]): 
The value is the same before and after calling `init_weights` of FUTR3D  

pts_bbox_head.transformer.decoder.layers.3.attentions.0.2.layers.0.mamba.conv1d_z_f.weight - torch.Size([512, 1, 4]): 
Initialized by user-defined `init_weights` in FUTR3DHead  

pts_bbox_head.transformer.decoder.layers.3.attentions.0.2.layers.0.mamba.conv1d_z_f.bias - torch.Size([512]): 
The value is the same before and after calling `init_weights` of FUTR3D  

pts_bbox_head.transformer.decoder.layers.3.attentions.0.2.layers.0.mamba.conv1d_x_b.weight - torch.Size([512, 1, 4]): 
Initialized by user-defined `init_weights` in FUTR3DHead  

pts_bbox_head.transformer.decoder.layers.3.attentions.0.2.layers.0.mamba.conv1d_x_b.bias - torch.Size([512]): 
The value is the same before and after calling `init_weights` of FUTR3D  

pts_bbox_head.transformer.decoder.layers.3.attentions.0.2.layers.0.mamba.conv1d_z_b.weight - torch.Size([512, 1, 4]): 
Initialized by user-defined `init_weights` in FUTR3DHead  

pts_bbox_head.transformer.decoder.layers.3.attentions.0.2.layers.0.mamba.conv1d_z_b.bias - torch.Size([512]): 
The value is the same before and after calling `init_weights` of FUTR3D  

pts_bbox_head.transformer.decoder.layers.3.attentions.0.2.layers.0.mamba.conv1d_x_xy_f.weight - torch.Size([512, 1, 4]): 
Initialized by user-defined `init_weights` in FUTR3DHead  

pts_bbox_head.transformer.decoder.layers.3.attentions.0.2.layers.0.mamba.conv1d_x_xy_f.bias - torch.Size([512]): 
The value is the same before and after calling `init_weights` of FUTR3D  

pts_bbox_head.transformer.decoder.layers.3.attentions.0.2.layers.0.mamba.conv1d_z_xy_f.weight - torch.Size([512, 1, 4]): 
Initialized by user-defined `init_weights` in FUTR3DHead  

pts_bbox_head.transformer.decoder.layers.3.attentions.0.2.layers.0.mamba.conv1d_z_xy_f.bias - torch.Size([512]): 
The value is the same before and after calling `init_weights` of FUTR3D  

pts_bbox_head.transformer.decoder.layers.3.attentions.0.2.layers.0.mamba.conv1d_x_xy_b.weight - torch.Size([512, 1, 4]): 
Initialized by user-defined `init_weights` in FUTR3DHead  

pts_bbox_head.transformer.decoder.layers.3.attentions.0.2.layers.0.mamba.conv1d_x_xy_b.bias - torch.Size([512]): 
The value is the same before and after calling `init_weights` of FUTR3D  

pts_bbox_head.transformer.decoder.layers.3.attentions.0.2.layers.0.mamba.conv1d_z_xy_b.weight - torch.Size([512, 1, 4]): 
Initialized by user-defined `init_weights` in FUTR3DHead  

pts_bbox_head.transformer.decoder.layers.3.attentions.0.2.layers.0.mamba.conv1d_z_xy_b.bias - torch.Size([512]): 
The value is the same before and after calling `init_weights` of FUTR3D  

pts_bbox_head.transformer.decoder.layers.3.attentions.0.2.layers.0.mamba.out_proj.weight - torch.Size([256, 2048]): 
Initialized by user-defined `init_weights` in FUTR3DHead  

pts_bbox_head.transformer.decoder.layers.3.attentions.0.2.layers.0.mamba.global_proj.weight - torch.Size([2048, 2048]): 
Initialized by user-defined `init_weights` in FUTR3DHead  

pts_bbox_head.transformer.decoder.layers.3.attentions.0.2.layers.0.mamba.global_proj.bias - torch.Size([2048]): 
The value is the same before and after calling `init_weights` of FUTR3D  

pts_bbox_head.transformer.decoder.layers.3.attentions.0.2.layers.0.norm.weight - torch.Size([256]): 
The value is the same before and after calling `init_weights` of FUTR3D  

pts_bbox_head.transformer.decoder.layers.3.attentions.0.2.layers.0.mlp.gate_proj.weight - torch.Size([1024, 256]): 
Initialized by user-defined `init_weights` in FUTR3DHead  

pts_bbox_head.transformer.decoder.layers.3.attentions.0.2.layers.0.mlp.up_proj.weight - torch.Size([1024, 256]): 
Initialized by user-defined `init_weights` in FUTR3DHead  

pts_bbox_head.transformer.decoder.layers.3.attentions.0.2.layers.0.mlp.down_proj.weight - torch.Size([256, 1024]): 
Initialized by user-defined `init_weights` in FUTR3DHead  

pts_bbox_head.transformer.decoder.layers.3.attentions.0.2.layers.0.mlp_norm.weight - torch.Size([256]): 
The value is the same before and after calling `init_weights` of FUTR3D  

pts_bbox_head.transformer.decoder.layers.3.attentions.0.2.layers.1.norm_before.weight - torch.Size([256]): 
The value is the same before and after calling `init_weights` of FUTR3D  

pts_bbox_head.transformer.decoder.layers.3.attentions.0.2.layers.1.mamba.A_log_f - torch.Size([512, 64]): 
Initialized by user-defined `init_weights` in FUTR3DHead  

pts_bbox_head.transformer.decoder.layers.3.attentions.0.2.layers.1.mamba.A_log_b - torch.Size([512, 64]): 
Initialized by user-defined `init_weights` in FUTR3DHead  

pts_bbox_head.transformer.decoder.layers.3.attentions.0.2.layers.1.mamba.D_f - torch.Size([512]): 
The value is the same before and after calling `init_weights` of FUTR3D  

pts_bbox_head.transformer.decoder.layers.3.attentions.0.2.layers.1.mamba.D_b - torch.Size([512]): 
The value is the same before and after calling `init_weights` of FUTR3D  

pts_bbox_head.transformer.decoder.layers.3.attentions.0.2.layers.1.mamba.A_log_f_xy - torch.Size([512, 64]): 
Initialized by user-defined `init_weights` in FUTR3DHead  

pts_bbox_head.transformer.decoder.layers.3.attentions.0.2.layers.1.mamba.A_log_b_xy - torch.Size([512, 64]): 
Initialized by user-defined `init_weights` in FUTR3DHead  

pts_bbox_head.transformer.decoder.layers.3.attentions.0.2.layers.1.mamba.D_f_xy - torch.Size([512]): 
The value is the same before and after calling `init_weights` of FUTR3D  

pts_bbox_head.transformer.decoder.layers.3.attentions.0.2.layers.1.mamba.D_b_xy - torch.Size([512]): 
The value is the same before and after calling `init_weights` of FUTR3D  

pts_bbox_head.transformer.decoder.layers.3.attentions.0.2.layers.1.mamba.in_proj.weight - torch.Size([2048, 256]): 
Initialized by user-defined `init_weights` in FUTR3DHead  

pts_bbox_head.transformer.decoder.layers.3.attentions.0.2.layers.1.mamba.in_proj_xy.weight - torch.Size([2048, 256]): 
Initialized by user-defined `init_weights` in FUTR3DHead  

pts_bbox_head.transformer.decoder.layers.3.attentions.0.2.layers.1.mamba.x_proj_f.weight - torch.Size([144, 512]): 
Initialized by user-defined `init_weights` in FUTR3DHead  

pts_bbox_head.transformer.decoder.layers.3.attentions.0.2.layers.1.mamba.x_proj_b.weight - torch.Size([144, 512]): 
Initialized by user-defined `init_weights` in FUTR3DHead  

pts_bbox_head.transformer.decoder.layers.3.attentions.0.2.layers.1.mamba.dt_proj_f.weight - torch.Size([512, 16]): 
Initialized by user-defined `init_weights` in FUTR3DHead  

pts_bbox_head.transformer.decoder.layers.3.attentions.0.2.layers.1.mamba.dt_proj_f.bias - torch.Size([512]): 
The value is the same before and after calling `init_weights` of FUTR3D  

pts_bbox_head.transformer.decoder.layers.3.attentions.0.2.layers.1.mamba.dt_proj_b.weight - torch.Size([512, 16]): 
Initialized by user-defined `init_weights` in FUTR3DHead  

pts_bbox_head.transformer.decoder.layers.3.attentions.0.2.layers.1.mamba.dt_proj_b.bias - torch.Size([512]): 
The value is the same before and after calling `init_weights` of FUTR3D  

pts_bbox_head.transformer.decoder.layers.3.attentions.0.2.layers.1.mamba.x_proj_f_xy.weight - torch.Size([144, 512]): 
Initialized by user-defined `init_weights` in FUTR3DHead  

pts_bbox_head.transformer.decoder.layers.3.attentions.0.2.layers.1.mamba.x_proj_b_xy.weight - torch.Size([144, 512]): 
Initialized by user-defined `init_weights` in FUTR3DHead  

pts_bbox_head.transformer.decoder.layers.3.attentions.0.2.layers.1.mamba.dt_proj_f_xy.weight - torch.Size([512, 16]): 
Initialized by user-defined `init_weights` in FUTR3DHead  

pts_bbox_head.transformer.decoder.layers.3.attentions.0.2.layers.1.mamba.dt_proj_f_xy.bias - torch.Size([512]): 
The value is the same before and after calling `init_weights` of FUTR3D  

pts_bbox_head.transformer.decoder.layers.3.attentions.0.2.layers.1.mamba.dt_proj_b_xy.weight - torch.Size([512, 16]): 
Initialized by user-defined `init_weights` in FUTR3DHead  

pts_bbox_head.transformer.decoder.layers.3.attentions.0.2.layers.1.mamba.dt_proj_b_xy.bias - torch.Size([512]): 
The value is the same before and after calling `init_weights` of FUTR3D  

pts_bbox_head.transformer.decoder.layers.3.attentions.0.2.layers.1.mamba.conv1d_x_f.weight - torch.Size([512, 1, 4]): 
Initialized by user-defined `init_weights` in FUTR3DHead  

pts_bbox_head.transformer.decoder.layers.3.attentions.0.2.layers.1.mamba.conv1d_x_f.bias - torch.Size([512]): 
The value is the same before and after calling `init_weights` of FUTR3D  

pts_bbox_head.transformer.decoder.layers.3.attentions.0.2.layers.1.mamba.conv1d_z_f.weight - torch.Size([512, 1, 4]): 
Initialized by user-defined `init_weights` in FUTR3DHead  

pts_bbox_head.transformer.decoder.layers.3.attentions.0.2.layers.1.mamba.conv1d_z_f.bias - torch.Size([512]): 
The value is the same before and after calling `init_weights` of FUTR3D  

pts_bbox_head.transformer.decoder.layers.3.attentions.0.2.layers.1.mamba.conv1d_x_b.weight - torch.Size([512, 1, 4]): 
Initialized by user-defined `init_weights` in FUTR3DHead  

pts_bbox_head.transformer.decoder.layers.3.attentions.0.2.layers.1.mamba.conv1d_x_b.bias - torch.Size([512]): 
The value is the same before and after calling `init_weights` of FUTR3D  

pts_bbox_head.transformer.decoder.layers.3.attentions.0.2.layers.1.mamba.conv1d_z_b.weight - torch.Size([512, 1, 4]): 
Initialized by user-defined `init_weights` in FUTR3DHead  

pts_bbox_head.transformer.decoder.layers.3.attentions.0.2.layers.1.mamba.conv1d_z_b.bias - torch.Size([512]): 
The value is the same before and after calling `init_weights` of FUTR3D  

pts_bbox_head.transformer.decoder.layers.3.attentions.0.2.layers.1.mamba.conv1d_x_xy_f.weight - torch.Size([512, 1, 4]): 
Initialized by user-defined `init_weights` in FUTR3DHead  

pts_bbox_head.transformer.decoder.layers.3.attentions.0.2.layers.1.mamba.conv1d_x_xy_f.bias - torch.Size([512]): 
The value is the same before and after calling `init_weights` of FUTR3D  

pts_bbox_head.transformer.decoder.layers.3.attentions.0.2.layers.1.mamba.conv1d_z_xy_f.weight - torch.Size([512, 1, 4]): 
Initialized by user-defined `init_weights` in FUTR3DHead  

pts_bbox_head.transformer.decoder.layers.3.attentions.0.2.layers.1.mamba.conv1d_z_xy_f.bias - torch.Size([512]): 
The value is the same before and after calling `init_weights` of FUTR3D  

pts_bbox_head.transformer.decoder.layers.3.attentions.0.2.layers.1.mamba.conv1d_x_xy_b.weight - torch.Size([512, 1, 4]): 
Initialized by user-defined `init_weights` in FUTR3DHead  

pts_bbox_head.transformer.decoder.layers.3.attentions.0.2.layers.1.mamba.conv1d_x_xy_b.bias - torch.Size([512]): 
The value is the same before and after calling `init_weights` of FUTR3D  

pts_bbox_head.transformer.decoder.layers.3.attentions.0.2.layers.1.mamba.conv1d_z_xy_b.weight - torch.Size([512, 1, 4]): 
Initialized by user-defined `init_weights` in FUTR3DHead  

pts_bbox_head.transformer.decoder.layers.3.attentions.0.2.layers.1.mamba.conv1d_z_xy_b.bias - torch.Size([512]): 
The value is the same before and after calling `init_weights` of FUTR3D  

pts_bbox_head.transformer.decoder.layers.3.attentions.0.2.layers.1.mamba.out_proj.weight - torch.Size([256, 2048]): 
Initialized by user-defined `init_weights` in FUTR3DHead  

pts_bbox_head.transformer.decoder.layers.3.attentions.0.2.layers.1.mamba.global_proj.weight - torch.Size([2048, 2048]): 
Initialized by user-defined `init_weights` in FUTR3DHead  

pts_bbox_head.transformer.decoder.layers.3.attentions.0.2.layers.1.mamba.global_proj.bias - torch.Size([2048]): 
The value is the same before and after calling `init_weights` of FUTR3D  

pts_bbox_head.transformer.decoder.layers.3.attentions.0.2.layers.1.norm.weight - torch.Size([256]): 
The value is the same before and after calling `init_weights` of FUTR3D  

pts_bbox_head.transformer.decoder.layers.3.attentions.0.2.layers.1.mlp.gate_proj.weight - torch.Size([1024, 256]): 
Initialized by user-defined `init_weights` in FUTR3DHead  

pts_bbox_head.transformer.decoder.layers.3.attentions.0.2.layers.1.mlp.up_proj.weight - torch.Size([1024, 256]): 
Initialized by user-defined `init_weights` in FUTR3DHead  

pts_bbox_head.transformer.decoder.layers.3.attentions.0.2.layers.1.mlp.down_proj.weight - torch.Size([256, 1024]): 
Initialized by user-defined `init_weights` in FUTR3DHead  

pts_bbox_head.transformer.decoder.layers.3.attentions.1.sampling_offsets.weight - torch.Size([256, 256]): 
Initialized by user-defined `init_weights` in FUTR3DHead  

pts_bbox_head.transformer.decoder.layers.3.attentions.1.sampling_offsets.bias - torch.Size([256]): 
The value is the same before and after calling `init_weights` of FUTR3D  

pts_bbox_head.transformer.decoder.layers.3.attentions.1.attention_weights.weight - torch.Size([128, 256]): 
Initialized by user-defined `init_weights` in FUTR3DHead  

pts_bbox_head.transformer.decoder.layers.3.attentions.1.attention_weights.bias - torch.Size([128]): 
The value is the same before and after calling `init_weights` of FUTR3D  

pts_bbox_head.transformer.decoder.layers.3.attentions.1.value_proj.weight - torch.Size([256, 256]): 
Initialized by user-defined `init_weights` in FUTR3DHead  

pts_bbox_head.transformer.decoder.layers.3.attentions.1.value_proj.bias - torch.Size([256]): 
The value is the same before and after calling `init_weights` of FUTR3D  

pts_bbox_head.transformer.decoder.layers.3.attentions.1.output_proj.weight - torch.Size([256, 256]): 
Initialized by user-defined `init_weights` in FUTR3DHead  

pts_bbox_head.transformer.decoder.layers.3.attentions.1.output_proj.bias - torch.Size([256]): 
The value is the same before and after calling `init_weights` of FUTR3D  

pts_bbox_head.transformer.decoder.layers.3.attentions.1.img_attention_weights.weight - torch.Size([24, 256]): 
Initialized by user-defined `init_weights` in FUTR3DHead  

pts_bbox_head.transformer.decoder.layers.3.attentions.1.img_attention_weights.bias - torch.Size([24]): 
The value is the same before and after calling `init_weights` of FUTR3D  

pts_bbox_head.transformer.decoder.layers.3.attentions.1.img_output_proj.weight - torch.Size([256, 256]): 
Initialized by user-defined `init_weights` in FUTR3DHead  

pts_bbox_head.transformer.decoder.layers.3.attentions.1.img_output_proj.bias - torch.Size([256]): 
The value is the same before and after calling `init_weights` of FUTR3D  

pts_bbox_head.transformer.decoder.layers.3.attentions.1.position_encoder.0.weight - torch.Size([256, 3]): 
Initialized by user-defined `init_weights` in FUTR3DHead  

pts_bbox_head.transformer.decoder.layers.3.attentions.1.position_encoder.0.bias - torch.Size([256]): 
The value is the same before and after calling `init_weights` of FUTR3D  

pts_bbox_head.transformer.decoder.layers.3.attentions.1.position_encoder.1.weight - torch.Size([256]): 
The value is the same before and after calling `init_weights` of FUTR3D  

pts_bbox_head.transformer.decoder.layers.3.attentions.1.position_encoder.1.bias - torch.Size([256]): 
The value is the same before and after calling `init_weights` of FUTR3D  

pts_bbox_head.transformer.decoder.layers.3.attentions.1.position_encoder.3.weight - torch.Size([256, 256]): 
Initialized by user-defined `init_weights` in FUTR3DHead  

pts_bbox_head.transformer.decoder.layers.3.attentions.1.position_encoder.3.bias - torch.Size([256]): 
The value is the same before and after calling `init_weights` of FUTR3D  

pts_bbox_head.transformer.decoder.layers.3.attentions.1.position_encoder.4.weight - torch.Size([256]): 
The value is the same before and after calling `init_weights` of FUTR3D  

pts_bbox_head.transformer.decoder.layers.3.attentions.1.position_encoder.4.bias - torch.Size([256]): 
The value is the same before and after calling `init_weights` of FUTR3D  

pts_bbox_head.transformer.decoder.layers.3.attentions.1.modality_fusion_layer.0.weight - torch.Size([256, 1024]): 
Initialized by user-defined `init_weights` in FUTR3DHead  

pts_bbox_head.transformer.decoder.layers.3.attentions.1.modality_fusion_layer.0.bias - torch.Size([256]): 
The value is the same before and after calling `init_weights` of FUTR3D  

pts_bbox_head.transformer.decoder.layers.3.attentions.1.modality_fusion_layer.1.weight - torch.Size([256]): 
The value is the same before and after calling `init_weights` of FUTR3D  

pts_bbox_head.transformer.decoder.layers.3.attentions.1.modality_fusion_layer.1.bias - torch.Size([256]): 
The value is the same before and after calling `init_weights` of FUTR3D  

pts_bbox_head.transformer.decoder.layers.3.attentions.1.modality_fusion_layer.3.weight - torch.Size([256, 256]): 
Initialized by user-defined `init_weights` in FUTR3DHead  

pts_bbox_head.transformer.decoder.layers.3.attentions.1.modality_fusion_layer.3.bias - torch.Size([256]): 
The value is the same before and after calling `init_weights` of FUTR3D  

pts_bbox_head.transformer.decoder.layers.3.attentions.1.modality_fusion_layer.4.weight - torch.Size([256]): 
The value is the same before and after calling `init_weights` of FUTR3D  

pts_bbox_head.transformer.decoder.layers.3.attentions.1.modality_fusion_layer.4.bias - torch.Size([256]): 
The value is the same before and after calling `init_weights` of FUTR3D  

pts_bbox_head.transformer.decoder.layers.3.attentions.1.camera_mixer.layers_LGC.0.A_log_h2t - torch.Size([512, 32]): 
Initialized by user-defined `init_weights` in FUTR3DHead  

pts_bbox_head.transformer.decoder.layers.3.attentions.1.camera_mixer.layers_LGC.0.D_h2t - torch.Size([512]): 
The value is the same before and after calling `init_weights` of FUTR3D  

pts_bbox_head.transformer.decoder.layers.3.attentions.1.camera_mixer.layers_LGC.0.A_log_t2h - torch.Size([512, 32]): 
Initialized by user-defined `init_weights` in FUTR3DHead  

pts_bbox_head.transformer.decoder.layers.3.attentions.1.camera_mixer.layers_LGC.0.D_t2h - torch.Size([512]): 
The value is the same before and after calling `init_weights` of FUTR3D  

pts_bbox_head.transformer.decoder.layers.3.attentions.1.camera_mixer.layers_LGC.0.in_proj.weight - torch.Size([1024, 256]): 
Initialized by user-defined `init_weights` in FUTR3DHead  

pts_bbox_head.transformer.decoder.layers.3.attentions.1.camera_mixer.layers_LGC.0.in_proj_lidar.weight - torch.Size([512, 256]): 
Initialized by user-defined `init_weights` in FUTR3DHead  

pts_bbox_head.transformer.decoder.layers.3.attentions.1.camera_mixer.layers_LGC.0.conv1d_h2t.weight - torch.Size([512, 1, 4]): 
Initialized by user-defined `init_weights` in FUTR3DHead  

pts_bbox_head.transformer.decoder.layers.3.attentions.1.camera_mixer.layers_LGC.0.conv1d_h2t.bias - torch.Size([512]): 
The value is the same before and after calling `init_weights` of FUTR3D  

pts_bbox_head.transformer.decoder.layers.3.attentions.1.camera_mixer.layers_LGC.0.x_proj_h2t.weight - torch.Size([80, 512]): 
Initialized by user-defined `init_weights` in FUTR3DHead  

pts_bbox_head.transformer.decoder.layers.3.attentions.1.camera_mixer.layers_LGC.0.dt_proj_h2t.weight - torch.Size([512, 16]): 
Initialized by user-defined `init_weights` in FUTR3DHead  

pts_bbox_head.transformer.decoder.layers.3.attentions.1.camera_mixer.layers_LGC.0.dt_proj_h2t.bias - torch.Size([512]): 
The value is the same before and after calling `init_weights` of FUTR3D  

pts_bbox_head.transformer.decoder.layers.3.attentions.1.camera_mixer.layers_LGC.0.conv1d_t2h.weight - torch.Size([512, 1, 4]): 
Initialized by user-defined `init_weights` in FUTR3DHead  

pts_bbox_head.transformer.decoder.layers.3.attentions.1.camera_mixer.layers_LGC.0.conv1d_t2h.bias - torch.Size([512]): 
The value is the same before and after calling `init_weights` of FUTR3D  

pts_bbox_head.transformer.decoder.layers.3.attentions.1.camera_mixer.layers_LGC.0.x_proj_t2h.weight - torch.Size([80, 512]): 
Initialized by user-defined `init_weights` in FUTR3DHead  

pts_bbox_head.transformer.decoder.layers.3.attentions.1.camera_mixer.layers_LGC.0.dt_proj_t2h.weight - torch.Size([512, 16]): 
Initialized by user-defined `init_weights` in FUTR3DHead  

pts_bbox_head.transformer.decoder.layers.3.attentions.1.camera_mixer.layers_LGC.0.dt_proj_t2h.bias - torch.Size([512]): 
The value is the same before and after calling `init_weights` of FUTR3D  

pts_bbox_head.transformer.decoder.layers.3.attentions.1.camera_mixer.layers_LGC.0.lidar_guidance_proj.weight - torch.Size([512, 512]): 
Initialized by user-defined `init_weights` in FUTR3DHead  

pts_bbox_head.transformer.decoder.layers.3.attentions.1.camera_mixer.layers_LGC.0.lidar_guidance_proj.bias - torch.Size([512]): 
The value is the same before and after calling `init_weights` of FUTR3D  

pts_bbox_head.transformer.decoder.layers.3.attentions.1.camera_mixer.layers_LGC.0.out_proj.weight - torch.Size([256, 512]): 
Initialized by user-defined `init_weights` in FUTR3DHead  

pts_bbox_head.transformer.decoder.layers.3.attentions.1.camera_mixer.layers_LGC.1.A_log_h2t - torch.Size([512, 32]): 
Initialized by user-defined `init_weights` in FUTR3DHead  

pts_bbox_head.transformer.decoder.layers.3.attentions.1.camera_mixer.layers_LGC.1.D_h2t - torch.Size([512]): 
The value is the same before and after calling `init_weights` of FUTR3D  

pts_bbox_head.transformer.decoder.layers.3.attentions.1.camera_mixer.layers_LGC.1.A_log_t2h - torch.Size([512, 32]): 
Initialized by user-defined `init_weights` in FUTR3DHead  

pts_bbox_head.transformer.decoder.layers.3.attentions.1.camera_mixer.layers_LGC.1.D_t2h - torch.Size([512]): 
The value is the same before and after calling `init_weights` of FUTR3D  

pts_bbox_head.transformer.decoder.layers.3.attentions.1.camera_mixer.layers_LGC.1.in_proj.weight - torch.Size([1024, 256]): 
Initialized by user-defined `init_weights` in FUTR3DHead  

pts_bbox_head.transformer.decoder.layers.3.attentions.1.camera_mixer.layers_LGC.1.in_proj_lidar.weight - torch.Size([512, 256]): 
Initialized by user-defined `init_weights` in FUTR3DHead  

pts_bbox_head.transformer.decoder.layers.3.attentions.1.camera_mixer.layers_LGC.1.conv1d_h2t.weight - torch.Size([512, 1, 4]): 
Initialized by user-defined `init_weights` in FUTR3DHead  

pts_bbox_head.transformer.decoder.layers.3.attentions.1.camera_mixer.layers_LGC.1.conv1d_h2t.bias - torch.Size([512]): 
The value is the same before and after calling `init_weights` of FUTR3D  

pts_bbox_head.transformer.decoder.layers.3.attentions.1.camera_mixer.layers_LGC.1.x_proj_h2t.weight - torch.Size([80, 512]): 
Initialized by user-defined `init_weights` in FUTR3DHead  

pts_bbox_head.transformer.decoder.layers.3.attentions.1.camera_mixer.layers_LGC.1.dt_proj_h2t.weight - torch.Size([512, 16]): 
Initialized by user-defined `init_weights` in FUTR3DHead  

pts_bbox_head.transformer.decoder.layers.3.attentions.1.camera_mixer.layers_LGC.1.dt_proj_h2t.bias - torch.Size([512]): 
The value is the same before and after calling `init_weights` of FUTR3D  

pts_bbox_head.transformer.decoder.layers.3.attentions.1.camera_mixer.layers_LGC.1.conv1d_t2h.weight - torch.Size([512, 1, 4]): 
Initialized by user-defined `init_weights` in FUTR3DHead  

pts_bbox_head.transformer.decoder.layers.3.attentions.1.camera_mixer.layers_LGC.1.conv1d_t2h.bias - torch.Size([512]): 
The value is the same before and after calling `init_weights` of FUTR3D  

pts_bbox_head.transformer.decoder.layers.3.attentions.1.camera_mixer.layers_LGC.1.x_proj_t2h.weight - torch.Size([80, 512]): 
Initialized by user-defined `init_weights` in FUTR3DHead  

pts_bbox_head.transformer.decoder.layers.3.attentions.1.camera_mixer.layers_LGC.1.dt_proj_t2h.weight - torch.Size([512, 16]): 
Initialized by user-defined `init_weights` in FUTR3DHead  

pts_bbox_head.transformer.decoder.layers.3.attentions.1.camera_mixer.layers_LGC.1.dt_proj_t2h.bias - torch.Size([512]): 
The value is the same before and after calling `init_weights` of FUTR3D  

pts_bbox_head.transformer.decoder.layers.3.attentions.1.camera_mixer.layers_LGC.1.lidar_guidance_proj.weight - torch.Size([512, 512]): 
Initialized by user-defined `init_weights` in FUTR3DHead  

pts_bbox_head.transformer.decoder.layers.3.attentions.1.camera_mixer.layers_LGC.1.lidar_guidance_proj.bias - torch.Size([512]): 
The value is the same before and after calling `init_weights` of FUTR3D  

pts_bbox_head.transformer.decoder.layers.3.attentions.1.camera_mixer.layers_LGC.1.out_proj.weight - torch.Size([256, 512]): 
Initialized by user-defined `init_weights` in FUTR3DHead  

pts_bbox_head.transformer.decoder.layers.3.attentions.1.camera_mixer.layers_CGL.0.A_log_h2t - torch.Size([512, 32]): 
Initialized by user-defined `init_weights` in FUTR3DHead  

pts_bbox_head.transformer.decoder.layers.3.attentions.1.camera_mixer.layers_CGL.0.D_h2t - torch.Size([512]): 
The value is the same before and after calling `init_weights` of FUTR3D  

pts_bbox_head.transformer.decoder.layers.3.attentions.1.camera_mixer.layers_CGL.0.A_log_t2h - torch.Size([512, 32]): 
Initialized by user-defined `init_weights` in FUTR3DHead  

pts_bbox_head.transformer.decoder.layers.3.attentions.1.camera_mixer.layers_CGL.0.D_t2h - torch.Size([512]): 
The value is the same before and after calling `init_weights` of FUTR3D  

pts_bbox_head.transformer.decoder.layers.3.attentions.1.camera_mixer.layers_CGL.0.in_proj.weight - torch.Size([1024, 256]): 
Initialized by user-defined `init_weights` in FUTR3DHead  

pts_bbox_head.transformer.decoder.layers.3.attentions.1.camera_mixer.layers_CGL.0.in_proj_lidar.weight - torch.Size([512, 256]): 
Initialized by user-defined `init_weights` in FUTR3DHead  

pts_bbox_head.transformer.decoder.layers.3.attentions.1.camera_mixer.layers_CGL.0.conv1d_h2t.weight - torch.Size([512, 1, 4]): 
Initialized by user-defined `init_weights` in FUTR3DHead  

pts_bbox_head.transformer.decoder.layers.3.attentions.1.camera_mixer.layers_CGL.0.conv1d_h2t.bias - torch.Size([512]): 
The value is the same before and after calling `init_weights` of FUTR3D  

pts_bbox_head.transformer.decoder.layers.3.attentions.1.camera_mixer.layers_CGL.0.x_proj_h2t.weight - torch.Size([80, 512]): 
Initialized by user-defined `init_weights` in FUTR3DHead  

pts_bbox_head.transformer.decoder.layers.3.attentions.1.camera_mixer.layers_CGL.0.dt_proj_h2t.weight - torch.Size([512, 16]): 
Initialized by user-defined `init_weights` in FUTR3DHead  

pts_bbox_head.transformer.decoder.layers.3.attentions.1.camera_mixer.layers_CGL.0.dt_proj_h2t.bias - torch.Size([512]): 
The value is the same before and after calling `init_weights` of FUTR3D  

pts_bbox_head.transformer.decoder.layers.3.attentions.1.camera_mixer.layers_CGL.0.conv1d_t2h.weight - torch.Size([512, 1, 4]): 
Initialized by user-defined `init_weights` in FUTR3DHead  

pts_bbox_head.transformer.decoder.layers.3.attentions.1.camera_mixer.layers_CGL.0.conv1d_t2h.bias - torch.Size([512]): 
The value is the same before and after calling `init_weights` of FUTR3D  

pts_bbox_head.transformer.decoder.layers.3.attentions.1.camera_mixer.layers_CGL.0.x_proj_t2h.weight - torch.Size([80, 512]): 
Initialized by user-defined `init_weights` in FUTR3DHead  

pts_bbox_head.transformer.decoder.layers.3.attentions.1.camera_mixer.layers_CGL.0.dt_proj_t2h.weight - torch.Size([512, 16]): 
Initialized by user-defined `init_weights` in FUTR3DHead  

pts_bbox_head.transformer.decoder.layers.3.attentions.1.camera_mixer.layers_CGL.0.dt_proj_t2h.bias - torch.Size([512]): 
The value is the same before and after calling `init_weights` of FUTR3D  

pts_bbox_head.transformer.decoder.layers.3.attentions.1.camera_mixer.layers_CGL.0.lidar_guidance_proj.weight - torch.Size([512, 512]): 
Initialized by user-defined `init_weights` in FUTR3DHead  

pts_bbox_head.transformer.decoder.layers.3.attentions.1.camera_mixer.layers_CGL.0.lidar_guidance_proj.bias - torch.Size([512]): 
The value is the same before and after calling `init_weights` of FUTR3D  

pts_bbox_head.transformer.decoder.layers.3.attentions.1.camera_mixer.layers_CGL.0.out_proj.weight - torch.Size([256, 512]): 
Initialized by user-defined `init_weights` in FUTR3DHead  

pts_bbox_head.transformer.decoder.layers.3.attentions.1.camera_mixer.layers_CGL.1.A_log_h2t - torch.Size([512, 32]): 
Initialized by user-defined `init_weights` in FUTR3DHead  

pts_bbox_head.transformer.decoder.layers.3.attentions.1.camera_mixer.layers_CGL.1.D_h2t - torch.Size([512]): 
The value is the same before and after calling `init_weights` of FUTR3D  

pts_bbox_head.transformer.decoder.layers.3.attentions.1.camera_mixer.layers_CGL.1.A_log_t2h - torch.Size([512, 32]): 
Initialized by user-defined `init_weights` in FUTR3DHead  

pts_bbox_head.transformer.decoder.layers.3.attentions.1.camera_mixer.layers_CGL.1.D_t2h - torch.Size([512]): 
The value is the same before and after calling `init_weights` of FUTR3D  

pts_bbox_head.transformer.decoder.layers.3.attentions.1.camera_mixer.layers_CGL.1.in_proj.weight - torch.Size([1024, 256]): 
Initialized by user-defined `init_weights` in FUTR3DHead  

pts_bbox_head.transformer.decoder.layers.3.attentions.1.camera_mixer.layers_CGL.1.in_proj_lidar.weight - torch.Size([512, 256]): 
Initialized by user-defined `init_weights` in FUTR3DHead  

pts_bbox_head.transformer.decoder.layers.3.attentions.1.camera_mixer.layers_CGL.1.conv1d_h2t.weight - torch.Size([512, 1, 4]): 
Initialized by user-defined `init_weights` in FUTR3DHead  

pts_bbox_head.transformer.decoder.layers.3.attentions.1.camera_mixer.layers_CGL.1.conv1d_h2t.bias - torch.Size([512]): 
The value is the same before and after calling `init_weights` of FUTR3D  

pts_bbox_head.transformer.decoder.layers.3.attentions.1.camera_mixer.layers_CGL.1.x_proj_h2t.weight - torch.Size([80, 512]): 
Initialized by user-defined `init_weights` in FUTR3DHead  

pts_bbox_head.transformer.decoder.layers.3.attentions.1.camera_mixer.layers_CGL.1.dt_proj_h2t.weight - torch.Size([512, 16]): 
Initialized by user-defined `init_weights` in FUTR3DHead  

pts_bbox_head.transformer.decoder.layers.3.attentions.1.camera_mixer.layers_CGL.1.dt_proj_h2t.bias - torch.Size([512]): 
The value is the same before and after calling `init_weights` of FUTR3D  

pts_bbox_head.transformer.decoder.layers.3.attentions.1.camera_mixer.layers_CGL.1.conv1d_t2h.weight - torch.Size([512, 1, 4]): 
Initialized by user-defined `init_weights` in FUTR3DHead  

pts_bbox_head.transformer.decoder.layers.3.attentions.1.camera_mixer.layers_CGL.1.conv1d_t2h.bias - torch.Size([512]): 
The value is the same before and after calling `init_weights` of FUTR3D  

pts_bbox_head.transformer.decoder.layers.3.attentions.1.camera_mixer.layers_CGL.1.x_proj_t2h.weight - torch.Size([80, 512]): 
Initialized by user-defined `init_weights` in FUTR3DHead  

pts_bbox_head.transformer.decoder.layers.3.attentions.1.camera_mixer.layers_CGL.1.dt_proj_t2h.weight - torch.Size([512, 16]): 
Initialized by user-defined `init_weights` in FUTR3DHead  

pts_bbox_head.transformer.decoder.layers.3.attentions.1.camera_mixer.layers_CGL.1.dt_proj_t2h.bias - torch.Size([512]): 
The value is the same before and after calling `init_weights` of FUTR3D  

pts_bbox_head.transformer.decoder.layers.3.attentions.1.camera_mixer.layers_CGL.1.lidar_guidance_proj.weight - torch.Size([512, 512]): 
Initialized by user-defined `init_weights` in FUTR3DHead  

pts_bbox_head.transformer.decoder.layers.3.attentions.1.camera_mixer.layers_CGL.1.lidar_guidance_proj.bias - torch.Size([512]): 
The value is the same before and after calling `init_weights` of FUTR3D  

pts_bbox_head.transformer.decoder.layers.3.attentions.1.camera_mixer.layers_CGL.1.out_proj.weight - torch.Size([256, 512]): 
Initialized by user-defined `init_weights` in FUTR3DHead  

pts_bbox_head.transformer.decoder.layers.3.attentions.1.camera_mixer.norm_L.0.weight - torch.Size([256]): 
The value is the same before and after calling `init_weights` of FUTR3D  

pts_bbox_head.transformer.decoder.layers.3.attentions.1.camera_mixer.norm_L.0.bias - torch.Size([256]): 
The value is the same before and after calling `init_weights` of FUTR3D  

pts_bbox_head.transformer.decoder.layers.3.attentions.1.camera_mixer.norm_L.1.weight - torch.Size([256]): 
The value is the same before and after calling `init_weights` of FUTR3D  

pts_bbox_head.transformer.decoder.layers.3.attentions.1.camera_mixer.norm_L.1.bias - torch.Size([256]): 
The value is the same before and after calling `init_weights` of FUTR3D  

pts_bbox_head.transformer.decoder.layers.3.attentions.1.camera_mixer.norm_C.0.weight - torch.Size([256]): 
The value is the same before and after calling `init_weights` of FUTR3D  

pts_bbox_head.transformer.decoder.layers.3.attentions.1.camera_mixer.norm_C.0.bias - torch.Size([256]): 
The value is the same before and after calling `init_weights` of FUTR3D  

pts_bbox_head.transformer.decoder.layers.3.attentions.1.camera_mixer.norm_C.1.weight - torch.Size([256]): 
The value is the same before and after calling `init_weights` of FUTR3D  

pts_bbox_head.transformer.decoder.layers.3.attentions.1.camera_mixer.norm_C.1.bias - torch.Size([256]): 
The value is the same before and after calling `init_weights` of FUTR3D  

pts_bbox_head.transformer.decoder.layers.3.attentions.1.camera_mixer.ffn_block_L.0.ffn.0.weight - torch.Size([1024, 256]): 
Initialized by user-defined `init_weights` in FUTR3DHead  

pts_bbox_head.transformer.decoder.layers.3.attentions.1.camera_mixer.ffn_block_L.0.ffn.0.bias - torch.Size([1024]): 
The value is the same before and after calling `init_weights` of FUTR3D  

pts_bbox_head.transformer.decoder.layers.3.attentions.1.camera_mixer.ffn_block_L.0.ffn.3.weight - torch.Size([256, 1024]): 
Initialized by user-defined `init_weights` in FUTR3DHead  

pts_bbox_head.transformer.decoder.layers.3.attentions.1.camera_mixer.ffn_block_L.0.ffn.3.bias - torch.Size([256]): 
The value is the same before and after calling `init_weights` of FUTR3D  

pts_bbox_head.transformer.decoder.layers.3.attentions.1.camera_mixer.ffn_block_L.1.ffn.0.weight - torch.Size([1024, 256]): 
Initialized by user-defined `init_weights` in FUTR3DHead  

pts_bbox_head.transformer.decoder.layers.3.attentions.1.camera_mixer.ffn_block_L.1.ffn.0.bias - torch.Size([1024]): 
The value is the same before and after calling `init_weights` of FUTR3D  

pts_bbox_head.transformer.decoder.layers.3.attentions.1.camera_mixer.ffn_block_L.1.ffn.3.weight - torch.Size([256, 1024]): 
Initialized by user-defined `init_weights` in FUTR3DHead  

pts_bbox_head.transformer.decoder.layers.3.attentions.1.camera_mixer.ffn_block_L.1.ffn.3.bias - torch.Size([256]): 
The value is the same before and after calling `init_weights` of FUTR3D  

pts_bbox_head.transformer.decoder.layers.3.attentions.1.camera_mixer.ffn_block_C.0.ffn.0.weight - torch.Size([1024, 256]): 
Initialized by user-defined `init_weights` in FUTR3DHead  

pts_bbox_head.transformer.decoder.layers.3.attentions.1.camera_mixer.ffn_block_C.0.ffn.0.bias - torch.Size([1024]): 
The value is the same before and after calling `init_weights` of FUTR3D  

pts_bbox_head.transformer.decoder.layers.3.attentions.1.camera_mixer.ffn_block_C.0.ffn.3.weight - torch.Size([256, 1024]): 
Initialized by user-defined `init_weights` in FUTR3DHead  

pts_bbox_head.transformer.decoder.layers.3.attentions.1.camera_mixer.ffn_block_C.0.ffn.3.bias - torch.Size([256]): 
The value is the same before and after calling `init_weights` of FUTR3D  

pts_bbox_head.transformer.decoder.layers.3.attentions.1.camera_mixer.ffn_block_C.1.ffn.0.weight - torch.Size([1024, 256]): 
Initialized by user-defined `init_weights` in FUTR3DHead  

pts_bbox_head.transformer.decoder.layers.3.attentions.1.camera_mixer.ffn_block_C.1.ffn.0.bias - torch.Size([1024]): 
The value is the same before and after calling `init_weights` of FUTR3D  

pts_bbox_head.transformer.decoder.layers.3.attentions.1.camera_mixer.ffn_block_C.1.ffn.3.weight - torch.Size([256, 1024]): 
Initialized by user-defined `init_weights` in FUTR3DHead  

pts_bbox_head.transformer.decoder.layers.3.attentions.1.camera_mixer.ffn_block_C.1.ffn.3.bias - torch.Size([256]): 
The value is the same before and after calling `init_weights` of FUTR3D  

pts_bbox_head.transformer.decoder.layers.3.attentions.1.camera_mixer.ffn_norm_L.0.weight - torch.Size([256]): 
The value is the same before and after calling `init_weights` of FUTR3D  

pts_bbox_head.transformer.decoder.layers.3.attentions.1.camera_mixer.ffn_norm_L.0.bias - torch.Size([256]): 
The value is the same before and after calling `init_weights` of FUTR3D  

pts_bbox_head.transformer.decoder.layers.3.attentions.1.camera_mixer.ffn_norm_L.1.weight - torch.Size([256]): 
The value is the same before and after calling `init_weights` of FUTR3D  

pts_bbox_head.transformer.decoder.layers.3.attentions.1.camera_mixer.ffn_norm_L.1.bias - torch.Size([256]): 
The value is the same before and after calling `init_weights` of FUTR3D  

pts_bbox_head.transformer.decoder.layers.3.attentions.1.camera_mixer.ffn_norm_C.0.weight - torch.Size([256]): 
The value is the same before and after calling `init_weights` of FUTR3D  

pts_bbox_head.transformer.decoder.layers.3.attentions.1.camera_mixer.ffn_norm_C.0.bias - torch.Size([256]): 
The value is the same before and after calling `init_weights` of FUTR3D  

pts_bbox_head.transformer.decoder.layers.3.attentions.1.camera_mixer.ffn_norm_C.1.weight - torch.Size([256]): 
The value is the same before and after calling `init_weights` of FUTR3D  

pts_bbox_head.transformer.decoder.layers.3.attentions.1.camera_mixer.ffn_norm_C.1.bias - torch.Size([256]): 
The value is the same before and after calling `init_weights` of FUTR3D  

pts_bbox_head.transformer.decoder.layers.3.ffns.0.layers.0.0.weight - torch.Size([1024, 256]): 
Initialized by user-defined `init_weights` in FUTR3DHead  

pts_bbox_head.transformer.decoder.layers.3.ffns.0.layers.0.0.bias - torch.Size([1024]): 
The value is the same before and after calling `init_weights` of FUTR3D  

pts_bbox_head.transformer.decoder.layers.3.ffns.0.layers.1.weight - torch.Size([256, 1024]): 
Initialized by user-defined `init_weights` in FUTR3DHead  

pts_bbox_head.transformer.decoder.layers.3.ffns.0.layers.1.bias - torch.Size([256]): 
The value is the same before and after calling `init_weights` of FUTR3D  

pts_bbox_head.transformer.decoder.layers.3.norms.0.weight - torch.Size([256]): 
The value is the same before and after calling `init_weights` of FUTR3D  

pts_bbox_head.transformer.decoder.layers.3.norms.0.bias - torch.Size([256]): 
The value is the same before and after calling `init_weights` of FUTR3D  

pts_bbox_head.transformer.decoder.layers.3.norms.1.weight - torch.Size([256]): 
The value is the same before and after calling `init_weights` of FUTR3D  

pts_bbox_head.transformer.decoder.layers.3.norms.1.bias - torch.Size([256]): 
The value is the same before and after calling `init_weights` of FUTR3D  

pts_bbox_head.transformer.decoder.layers.3.norms.2.weight - torch.Size([256]): 
The value is the same before and after calling `init_weights` of FUTR3D  

pts_bbox_head.transformer.decoder.layers.3.norms.2.bias - torch.Size([256]): 
The value is the same before and after calling `init_weights` of FUTR3D  

pts_bbox_head.transformer.decoder.layers.4.attentions.0.0.attn.in_proj_weight - torch.Size([768, 256]): 
Initialized by user-defined `init_weights` in FUTR3DHead  

pts_bbox_head.transformer.decoder.layers.4.attentions.0.0.attn.in_proj_bias - torch.Size([768]): 
The value is the same before and after calling `init_weights` of FUTR3D  

pts_bbox_head.transformer.decoder.layers.4.attentions.0.0.attn.out_proj.weight - torch.Size([256, 256]): 
Initialized by user-defined `init_weights` in FUTR3DHead  

pts_bbox_head.transformer.decoder.layers.4.attentions.0.0.attn.out_proj.bias - torch.Size([256]): 
The value is the same before and after calling `init_weights` of FUTR3D  

pts_bbox_head.transformer.decoder.layers.4.attentions.0.1.weight - torch.Size([256]): 
The value is the same before and after calling `init_weights` of FUTR3D  

pts_bbox_head.transformer.decoder.layers.4.attentions.0.2.layers.0.norm_before.weight - torch.Size([256]): 
The value is the same before and after calling `init_weights` of FUTR3D  

pts_bbox_head.transformer.decoder.layers.4.attentions.0.2.layers.0.mamba.A_log_f - torch.Size([512, 64]): 
Initialized by user-defined `init_weights` in FUTR3DHead  

pts_bbox_head.transformer.decoder.layers.4.attentions.0.2.layers.0.mamba.A_log_b - torch.Size([512, 64]): 
Initialized by user-defined `init_weights` in FUTR3DHead  

pts_bbox_head.transformer.decoder.layers.4.attentions.0.2.layers.0.mamba.D_f - torch.Size([512]): 
The value is the same before and after calling `init_weights` of FUTR3D  

pts_bbox_head.transformer.decoder.layers.4.attentions.0.2.layers.0.mamba.D_b - torch.Size([512]): 
The value is the same before and after calling `init_weights` of FUTR3D  

pts_bbox_head.transformer.decoder.layers.4.attentions.0.2.layers.0.mamba.A_log_f_xy - torch.Size([512, 64]): 
Initialized by user-defined `init_weights` in FUTR3DHead  

pts_bbox_head.transformer.decoder.layers.4.attentions.0.2.layers.0.mamba.A_log_b_xy - torch.Size([512, 64]): 
Initialized by user-defined `init_weights` in FUTR3DHead  

pts_bbox_head.transformer.decoder.layers.4.attentions.0.2.layers.0.mamba.D_f_xy - torch.Size([512]): 
The value is the same before and after calling `init_weights` of FUTR3D  

pts_bbox_head.transformer.decoder.layers.4.attentions.0.2.layers.0.mamba.D_b_xy - torch.Size([512]): 
The value is the same before and after calling `init_weights` of FUTR3D  

pts_bbox_head.transformer.decoder.layers.4.attentions.0.2.layers.0.mamba.in_proj.weight - torch.Size([2048, 256]): 
Initialized by user-defined `init_weights` in FUTR3DHead  

pts_bbox_head.transformer.decoder.layers.4.attentions.0.2.layers.0.mamba.in_proj_xy.weight - torch.Size([2048, 256]): 
Initialized by user-defined `init_weights` in FUTR3DHead  

pts_bbox_head.transformer.decoder.layers.4.attentions.0.2.layers.0.mamba.x_proj_f.weight - torch.Size([144, 512]): 
Initialized by user-defined `init_weights` in FUTR3DHead  

pts_bbox_head.transformer.decoder.layers.4.attentions.0.2.layers.0.mamba.x_proj_b.weight - torch.Size([144, 512]): 
Initialized by user-defined `init_weights` in FUTR3DHead  

pts_bbox_head.transformer.decoder.layers.4.attentions.0.2.layers.0.mamba.dt_proj_f.weight - torch.Size([512, 16]): 
Initialized by user-defined `init_weights` in FUTR3DHead  

pts_bbox_head.transformer.decoder.layers.4.attentions.0.2.layers.0.mamba.dt_proj_f.bias - torch.Size([512]): 
The value is the same before and after calling `init_weights` of FUTR3D  

pts_bbox_head.transformer.decoder.layers.4.attentions.0.2.layers.0.mamba.dt_proj_b.weight - torch.Size([512, 16]): 
Initialized by user-defined `init_weights` in FUTR3DHead  

pts_bbox_head.transformer.decoder.layers.4.attentions.0.2.layers.0.mamba.dt_proj_b.bias - torch.Size([512]): 
The value is the same before and after calling `init_weights` of FUTR3D  

pts_bbox_head.transformer.decoder.layers.4.attentions.0.2.layers.0.mamba.x_proj_f_xy.weight - torch.Size([144, 512]): 
Initialized by user-defined `init_weights` in FUTR3DHead  

pts_bbox_head.transformer.decoder.layers.4.attentions.0.2.layers.0.mamba.x_proj_b_xy.weight - torch.Size([144, 512]): 
Initialized by user-defined `init_weights` in FUTR3DHead  

pts_bbox_head.transformer.decoder.layers.4.attentions.0.2.layers.0.mamba.dt_proj_f_xy.weight - torch.Size([512, 16]): 
Initialized by user-defined `init_weights` in FUTR3DHead  

pts_bbox_head.transformer.decoder.layers.4.attentions.0.2.layers.0.mamba.dt_proj_f_xy.bias - torch.Size([512]): 
The value is the same before and after calling `init_weights` of FUTR3D  

pts_bbox_head.transformer.decoder.layers.4.attentions.0.2.layers.0.mamba.dt_proj_b_xy.weight - torch.Size([512, 16]): 
Initialized by user-defined `init_weights` in FUTR3DHead  

pts_bbox_head.transformer.decoder.layers.4.attentions.0.2.layers.0.mamba.dt_proj_b_xy.bias - torch.Size([512]): 
The value is the same before and after calling `init_weights` of FUTR3D  

pts_bbox_head.transformer.decoder.layers.4.attentions.0.2.layers.0.mamba.conv1d_x_f.weight - torch.Size([512, 1, 4]): 
Initialized by user-defined `init_weights` in FUTR3DHead  

pts_bbox_head.transformer.decoder.layers.4.attentions.0.2.layers.0.mamba.conv1d_x_f.bias - torch.Size([512]): 
The value is the same before and after calling `init_weights` of FUTR3D  

pts_bbox_head.transformer.decoder.layers.4.attentions.0.2.layers.0.mamba.conv1d_z_f.weight - torch.Size([512, 1, 4]): 
Initialized by user-defined `init_weights` in FUTR3DHead  

pts_bbox_head.transformer.decoder.layers.4.attentions.0.2.layers.0.mamba.conv1d_z_f.bias - torch.Size([512]): 
The value is the same before and after calling `init_weights` of FUTR3D  

pts_bbox_head.transformer.decoder.layers.4.attentions.0.2.layers.0.mamba.conv1d_x_b.weight - torch.Size([512, 1, 4]): 
Initialized by user-defined `init_weights` in FUTR3DHead  

pts_bbox_head.transformer.decoder.layers.4.attentions.0.2.layers.0.mamba.conv1d_x_b.bias - torch.Size([512]): 
The value is the same before and after calling `init_weights` of FUTR3D  

pts_bbox_head.transformer.decoder.layers.4.attentions.0.2.layers.0.mamba.conv1d_z_b.weight - torch.Size([512, 1, 4]): 
Initialized by user-defined `init_weights` in FUTR3DHead  

pts_bbox_head.transformer.decoder.layers.4.attentions.0.2.layers.0.mamba.conv1d_z_b.bias - torch.Size([512]): 
The value is the same before and after calling `init_weights` of FUTR3D  

pts_bbox_head.transformer.decoder.layers.4.attentions.0.2.layers.0.mamba.conv1d_x_xy_f.weight - torch.Size([512, 1, 4]): 
Initialized by user-defined `init_weights` in FUTR3DHead  

pts_bbox_head.transformer.decoder.layers.4.attentions.0.2.layers.0.mamba.conv1d_x_xy_f.bias - torch.Size([512]): 
The value is the same before and after calling `init_weights` of FUTR3D  

pts_bbox_head.transformer.decoder.layers.4.attentions.0.2.layers.0.mamba.conv1d_z_xy_f.weight - torch.Size([512, 1, 4]): 
Initialized by user-defined `init_weights` in FUTR3DHead  

pts_bbox_head.transformer.decoder.layers.4.attentions.0.2.layers.0.mamba.conv1d_z_xy_f.bias - torch.Size([512]): 
The value is the same before and after calling `init_weights` of FUTR3D  

pts_bbox_head.transformer.decoder.layers.4.attentions.0.2.layers.0.mamba.conv1d_x_xy_b.weight - torch.Size([512, 1, 4]): 
Initialized by user-defined `init_weights` in FUTR3DHead  

pts_bbox_head.transformer.decoder.layers.4.attentions.0.2.layers.0.mamba.conv1d_x_xy_b.bias - torch.Size([512]): 
The value is the same before and after calling `init_weights` of FUTR3D  

pts_bbox_head.transformer.decoder.layers.4.attentions.0.2.layers.0.mamba.conv1d_z_xy_b.weight - torch.Size([512, 1, 4]): 
Initialized by user-defined `init_weights` in FUTR3DHead  

pts_bbox_head.transformer.decoder.layers.4.attentions.0.2.layers.0.mamba.conv1d_z_xy_b.bias - torch.Size([512]): 
The value is the same before and after calling `init_weights` of FUTR3D  

pts_bbox_head.transformer.decoder.layers.4.attentions.0.2.layers.0.mamba.out_proj.weight - torch.Size([256, 2048]): 
Initialized by user-defined `init_weights` in FUTR3DHead  

pts_bbox_head.transformer.decoder.layers.4.attentions.0.2.layers.0.mamba.global_proj.weight - torch.Size([2048, 2048]): 
Initialized by user-defined `init_weights` in FUTR3DHead  

pts_bbox_head.transformer.decoder.layers.4.attentions.0.2.layers.0.mamba.global_proj.bias - torch.Size([2048]): 
The value is the same before and after calling `init_weights` of FUTR3D  

pts_bbox_head.transformer.decoder.layers.4.attentions.0.2.layers.0.norm.weight - torch.Size([256]): 
The value is the same before and after calling `init_weights` of FUTR3D  

pts_bbox_head.transformer.decoder.layers.4.attentions.0.2.layers.0.mlp.gate_proj.weight - torch.Size([1024, 256]): 
Initialized by user-defined `init_weights` in FUTR3DHead  

pts_bbox_head.transformer.decoder.layers.4.attentions.0.2.layers.0.mlp.up_proj.weight - torch.Size([1024, 256]): 
Initialized by user-defined `init_weights` in FUTR3DHead  

pts_bbox_head.transformer.decoder.layers.4.attentions.0.2.layers.0.mlp.down_proj.weight - torch.Size([256, 1024]): 
Initialized by user-defined `init_weights` in FUTR3DHead  

pts_bbox_head.transformer.decoder.layers.4.attentions.0.2.layers.0.mlp_norm.weight - torch.Size([256]): 
The value is the same before and after calling `init_weights` of FUTR3D  

pts_bbox_head.transformer.decoder.layers.4.attentions.0.2.layers.1.norm_before.weight - torch.Size([256]): 
The value is the same before and after calling `init_weights` of FUTR3D  

pts_bbox_head.transformer.decoder.layers.4.attentions.0.2.layers.1.mamba.A_log_f - torch.Size([512, 64]): 
Initialized by user-defined `init_weights` in FUTR3DHead  

pts_bbox_head.transformer.decoder.layers.4.attentions.0.2.layers.1.mamba.A_log_b - torch.Size([512, 64]): 
Initialized by user-defined `init_weights` in FUTR3DHead  

pts_bbox_head.transformer.decoder.layers.4.attentions.0.2.layers.1.mamba.D_f - torch.Size([512]): 
The value is the same before and after calling `init_weights` of FUTR3D  

pts_bbox_head.transformer.decoder.layers.4.attentions.0.2.layers.1.mamba.D_b - torch.Size([512]): 
The value is the same before and after calling `init_weights` of FUTR3D  

pts_bbox_head.transformer.decoder.layers.4.attentions.0.2.layers.1.mamba.A_log_f_xy - torch.Size([512, 64]): 
Initialized by user-defined `init_weights` in FUTR3DHead  

pts_bbox_head.transformer.decoder.layers.4.attentions.0.2.layers.1.mamba.A_log_b_xy - torch.Size([512, 64]): 
Initialized by user-defined `init_weights` in FUTR3DHead  

pts_bbox_head.transformer.decoder.layers.4.attentions.0.2.layers.1.mamba.D_f_xy - torch.Size([512]): 
The value is the same before and after calling `init_weights` of FUTR3D  

pts_bbox_head.transformer.decoder.layers.4.attentions.0.2.layers.1.mamba.D_b_xy - torch.Size([512]): 
The value is the same before and after calling `init_weights` of FUTR3D  

pts_bbox_head.transformer.decoder.layers.4.attentions.0.2.layers.1.mamba.in_proj.weight - torch.Size([2048, 256]): 
Initialized by user-defined `init_weights` in FUTR3DHead  

pts_bbox_head.transformer.decoder.layers.4.attentions.0.2.layers.1.mamba.in_proj_xy.weight - torch.Size([2048, 256]): 
Initialized by user-defined `init_weights` in FUTR3DHead  

pts_bbox_head.transformer.decoder.layers.4.attentions.0.2.layers.1.mamba.x_proj_f.weight - torch.Size([144, 512]): 
Initialized by user-defined `init_weights` in FUTR3DHead  

pts_bbox_head.transformer.decoder.layers.4.attentions.0.2.layers.1.mamba.x_proj_b.weight - torch.Size([144, 512]): 
Initialized by user-defined `init_weights` in FUTR3DHead  

pts_bbox_head.transformer.decoder.layers.4.attentions.0.2.layers.1.mamba.dt_proj_f.weight - torch.Size([512, 16]): 
Initialized by user-defined `init_weights` in FUTR3DHead  

pts_bbox_head.transformer.decoder.layers.4.attentions.0.2.layers.1.mamba.dt_proj_f.bias - torch.Size([512]): 
The value is the same before and after calling `init_weights` of FUTR3D  

pts_bbox_head.transformer.decoder.layers.4.attentions.0.2.layers.1.mamba.dt_proj_b.weight - torch.Size([512, 16]): 
Initialized by user-defined `init_weights` in FUTR3DHead  

pts_bbox_head.transformer.decoder.layers.4.attentions.0.2.layers.1.mamba.dt_proj_b.bias - torch.Size([512]): 
The value is the same before and after calling `init_weights` of FUTR3D  

pts_bbox_head.transformer.decoder.layers.4.attentions.0.2.layers.1.mamba.x_proj_f_xy.weight - torch.Size([144, 512]): 
Initialized by user-defined `init_weights` in FUTR3DHead  

pts_bbox_head.transformer.decoder.layers.4.attentions.0.2.layers.1.mamba.x_proj_b_xy.weight - torch.Size([144, 512]): 
Initialized by user-defined `init_weights` in FUTR3DHead  

pts_bbox_head.transformer.decoder.layers.4.attentions.0.2.layers.1.mamba.dt_proj_f_xy.weight - torch.Size([512, 16]): 
Initialized by user-defined `init_weights` in FUTR3DHead  

pts_bbox_head.transformer.decoder.layers.4.attentions.0.2.layers.1.mamba.dt_proj_f_xy.bias - torch.Size([512]): 
The value is the same before and after calling `init_weights` of FUTR3D  

pts_bbox_head.transformer.decoder.layers.4.attentions.0.2.layers.1.mamba.dt_proj_b_xy.weight - torch.Size([512, 16]): 
Initialized by user-defined `init_weights` in FUTR3DHead  

pts_bbox_head.transformer.decoder.layers.4.attentions.0.2.layers.1.mamba.dt_proj_b_xy.bias - torch.Size([512]): 
The value is the same before and after calling `init_weights` of FUTR3D  

pts_bbox_head.transformer.decoder.layers.4.attentions.0.2.layers.1.mamba.conv1d_x_f.weight - torch.Size([512, 1, 4]): 
Initialized by user-defined `init_weights` in FUTR3DHead  

pts_bbox_head.transformer.decoder.layers.4.attentions.0.2.layers.1.mamba.conv1d_x_f.bias - torch.Size([512]): 
The value is the same before and after calling `init_weights` of FUTR3D  

pts_bbox_head.transformer.decoder.layers.4.attentions.0.2.layers.1.mamba.conv1d_z_f.weight - torch.Size([512, 1, 4]): 
Initialized by user-defined `init_weights` in FUTR3DHead  

pts_bbox_head.transformer.decoder.layers.4.attentions.0.2.layers.1.mamba.conv1d_z_f.bias - torch.Size([512]): 
The value is the same before and after calling `init_weights` of FUTR3D  

pts_bbox_head.transformer.decoder.layers.4.attentions.0.2.layers.1.mamba.conv1d_x_b.weight - torch.Size([512, 1, 4]): 
Initialized by user-defined `init_weights` in FUTR3DHead  

pts_bbox_head.transformer.decoder.layers.4.attentions.0.2.layers.1.mamba.conv1d_x_b.bias - torch.Size([512]): 
The value is the same before and after calling `init_weights` of FUTR3D  

pts_bbox_head.transformer.decoder.layers.4.attentions.0.2.layers.1.mamba.conv1d_z_b.weight - torch.Size([512, 1, 4]): 
Initialized by user-defined `init_weights` in FUTR3DHead  

pts_bbox_head.transformer.decoder.layers.4.attentions.0.2.layers.1.mamba.conv1d_z_b.bias - torch.Size([512]): 
The value is the same before and after calling `init_weights` of FUTR3D  

pts_bbox_head.transformer.decoder.layers.4.attentions.0.2.layers.1.mamba.conv1d_x_xy_f.weight - torch.Size([512, 1, 4]): 
Initialized by user-defined `init_weights` in FUTR3DHead  

pts_bbox_head.transformer.decoder.layers.4.attentions.0.2.layers.1.mamba.conv1d_x_xy_f.bias - torch.Size([512]): 
The value is the same before and after calling `init_weights` of FUTR3D  

pts_bbox_head.transformer.decoder.layers.4.attentions.0.2.layers.1.mamba.conv1d_z_xy_f.weight - torch.Size([512, 1, 4]): 
Initialized by user-defined `init_weights` in FUTR3DHead  

pts_bbox_head.transformer.decoder.layers.4.attentions.0.2.layers.1.mamba.conv1d_z_xy_f.bias - torch.Size([512]): 
The value is the same before and after calling `init_weights` of FUTR3D  

pts_bbox_head.transformer.decoder.layers.4.attentions.0.2.layers.1.mamba.conv1d_x_xy_b.weight - torch.Size([512, 1, 4]): 
Initialized by user-defined `init_weights` in FUTR3DHead  

pts_bbox_head.transformer.decoder.layers.4.attentions.0.2.layers.1.mamba.conv1d_x_xy_b.bias - torch.Size([512]): 
The value is the same before and after calling `init_weights` of FUTR3D  

pts_bbox_head.transformer.decoder.layers.4.attentions.0.2.layers.1.mamba.conv1d_z_xy_b.weight - torch.Size([512, 1, 4]): 
Initialized by user-defined `init_weights` in FUTR3DHead  

pts_bbox_head.transformer.decoder.layers.4.attentions.0.2.layers.1.mamba.conv1d_z_xy_b.bias - torch.Size([512]): 
The value is the same before and after calling `init_weights` of FUTR3D  

pts_bbox_head.transformer.decoder.layers.4.attentions.0.2.layers.1.mamba.out_proj.weight - torch.Size([256, 2048]): 
Initialized by user-defined `init_weights` in FUTR3DHead  

pts_bbox_head.transformer.decoder.layers.4.attentions.0.2.layers.1.mamba.global_proj.weight - torch.Size([2048, 2048]): 
Initialized by user-defined `init_weights` in FUTR3DHead  

pts_bbox_head.transformer.decoder.layers.4.attentions.0.2.layers.1.mamba.global_proj.bias - torch.Size([2048]): 
The value is the same before and after calling `init_weights` of FUTR3D  

pts_bbox_head.transformer.decoder.layers.4.attentions.0.2.layers.1.norm.weight - torch.Size([256]): 
The value is the same before and after calling `init_weights` of FUTR3D  

pts_bbox_head.transformer.decoder.layers.4.attentions.0.2.layers.1.mlp.gate_proj.weight - torch.Size([1024, 256]): 
Initialized by user-defined `init_weights` in FUTR3DHead  

pts_bbox_head.transformer.decoder.layers.4.attentions.0.2.layers.1.mlp.up_proj.weight - torch.Size([1024, 256]): 
Initialized by user-defined `init_weights` in FUTR3DHead  

pts_bbox_head.transformer.decoder.layers.4.attentions.0.2.layers.1.mlp.down_proj.weight - torch.Size([256, 1024]): 
Initialized by user-defined `init_weights` in FUTR3DHead  

pts_bbox_head.transformer.decoder.layers.4.attentions.1.sampling_offsets.weight - torch.Size([256, 256]): 
Initialized by user-defined `init_weights` in FUTR3DHead  

pts_bbox_head.transformer.decoder.layers.4.attentions.1.sampling_offsets.bias - torch.Size([256]): 
The value is the same before and after calling `init_weights` of FUTR3D  

pts_bbox_head.transformer.decoder.layers.4.attentions.1.attention_weights.weight - torch.Size([128, 256]): 
Initialized by user-defined `init_weights` in FUTR3DHead  

pts_bbox_head.transformer.decoder.layers.4.attentions.1.attention_weights.bias - torch.Size([128]): 
The value is the same before and after calling `init_weights` of FUTR3D  

pts_bbox_head.transformer.decoder.layers.4.attentions.1.value_proj.weight - torch.Size([256, 256]): 
Initialized by user-defined `init_weights` in FUTR3DHead  

pts_bbox_head.transformer.decoder.layers.4.attentions.1.value_proj.bias - torch.Size([256]): 
The value is the same before and after calling `init_weights` of FUTR3D  

pts_bbox_head.transformer.decoder.layers.4.attentions.1.output_proj.weight - torch.Size([256, 256]): 
Initialized by user-defined `init_weights` in FUTR3DHead  

pts_bbox_head.transformer.decoder.layers.4.attentions.1.output_proj.bias - torch.Size([256]): 
The value is the same before and after calling `init_weights` of FUTR3D  

pts_bbox_head.transformer.decoder.layers.4.attentions.1.img_attention_weights.weight - torch.Size([24, 256]): 
Initialized by user-defined `init_weights` in FUTR3DHead  

pts_bbox_head.transformer.decoder.layers.4.attentions.1.img_attention_weights.bias - torch.Size([24]): 
The value is the same before and after calling `init_weights` of FUTR3D  

pts_bbox_head.transformer.decoder.layers.4.attentions.1.img_output_proj.weight - torch.Size([256, 256]): 
Initialized by user-defined `init_weights` in FUTR3DHead  

pts_bbox_head.transformer.decoder.layers.4.attentions.1.img_output_proj.bias - torch.Size([256]): 
The value is the same before and after calling `init_weights` of FUTR3D  

pts_bbox_head.transformer.decoder.layers.4.attentions.1.position_encoder.0.weight - torch.Size([256, 3]): 
Initialized by user-defined `init_weights` in FUTR3DHead  

pts_bbox_head.transformer.decoder.layers.4.attentions.1.position_encoder.0.bias - torch.Size([256]): 
The value is the same before and after calling `init_weights` of FUTR3D  

pts_bbox_head.transformer.decoder.layers.4.attentions.1.position_encoder.1.weight - torch.Size([256]): 
The value is the same before and after calling `init_weights` of FUTR3D  

pts_bbox_head.transformer.decoder.layers.4.attentions.1.position_encoder.1.bias - torch.Size([256]): 
The value is the same before and after calling `init_weights` of FUTR3D  

pts_bbox_head.transformer.decoder.layers.4.attentions.1.position_encoder.3.weight - torch.Size([256, 256]): 
Initialized by user-defined `init_weights` in FUTR3DHead  

pts_bbox_head.transformer.decoder.layers.4.attentions.1.position_encoder.3.bias - torch.Size([256]): 
The value is the same before and after calling `init_weights` of FUTR3D  

pts_bbox_head.transformer.decoder.layers.4.attentions.1.position_encoder.4.weight - torch.Size([256]): 
The value is the same before and after calling `init_weights` of FUTR3D  

pts_bbox_head.transformer.decoder.layers.4.attentions.1.position_encoder.4.bias - torch.Size([256]): 
The value is the same before and after calling `init_weights` of FUTR3D  

pts_bbox_head.transformer.decoder.layers.4.attentions.1.modality_fusion_layer.0.weight - torch.Size([256, 1024]): 
Initialized by user-defined `init_weights` in FUTR3DHead  

pts_bbox_head.transformer.decoder.layers.4.attentions.1.modality_fusion_layer.0.bias - torch.Size([256]): 
The value is the same before and after calling `init_weights` of FUTR3D  

pts_bbox_head.transformer.decoder.layers.4.attentions.1.modality_fusion_layer.1.weight - torch.Size([256]): 
The value is the same before and after calling `init_weights` of FUTR3D  

pts_bbox_head.transformer.decoder.layers.4.attentions.1.modality_fusion_layer.1.bias - torch.Size([256]): 
The value is the same before and after calling `init_weights` of FUTR3D  

pts_bbox_head.transformer.decoder.layers.4.attentions.1.modality_fusion_layer.3.weight - torch.Size([256, 256]): 
Initialized by user-defined `init_weights` in FUTR3DHead  

pts_bbox_head.transformer.decoder.layers.4.attentions.1.modality_fusion_layer.3.bias - torch.Size([256]): 
The value is the same before and after calling `init_weights` of FUTR3D  

pts_bbox_head.transformer.decoder.layers.4.attentions.1.modality_fusion_layer.4.weight - torch.Size([256]): 
The value is the same before and after calling `init_weights` of FUTR3D  

pts_bbox_head.transformer.decoder.layers.4.attentions.1.modality_fusion_layer.4.bias - torch.Size([256]): 
The value is the same before and after calling `init_weights` of FUTR3D  

pts_bbox_head.transformer.decoder.layers.4.attentions.1.camera_mixer.layers_LGC.0.A_log_h2t - torch.Size([512, 32]): 
Initialized by user-defined `init_weights` in FUTR3DHead  

pts_bbox_head.transformer.decoder.layers.4.attentions.1.camera_mixer.layers_LGC.0.D_h2t - torch.Size([512]): 
The value is the same before and after calling `init_weights` of FUTR3D  

pts_bbox_head.transformer.decoder.layers.4.attentions.1.camera_mixer.layers_LGC.0.A_log_t2h - torch.Size([512, 32]): 
Initialized by user-defined `init_weights` in FUTR3DHead  

pts_bbox_head.transformer.decoder.layers.4.attentions.1.camera_mixer.layers_LGC.0.D_t2h - torch.Size([512]): 
The value is the same before and after calling `init_weights` of FUTR3D  

pts_bbox_head.transformer.decoder.layers.4.attentions.1.camera_mixer.layers_LGC.0.in_proj.weight - torch.Size([1024, 256]): 
Initialized by user-defined `init_weights` in FUTR3DHead  

pts_bbox_head.transformer.decoder.layers.4.attentions.1.camera_mixer.layers_LGC.0.in_proj_lidar.weight - torch.Size([512, 256]): 
Initialized by user-defined `init_weights` in FUTR3DHead  

pts_bbox_head.transformer.decoder.layers.4.attentions.1.camera_mixer.layers_LGC.0.conv1d_h2t.weight - torch.Size([512, 1, 4]): 
Initialized by user-defined `init_weights` in FUTR3DHead  

pts_bbox_head.transformer.decoder.layers.4.attentions.1.camera_mixer.layers_LGC.0.conv1d_h2t.bias - torch.Size([512]): 
The value is the same before and after calling `init_weights` of FUTR3D  

pts_bbox_head.transformer.decoder.layers.4.attentions.1.camera_mixer.layers_LGC.0.x_proj_h2t.weight - torch.Size([80, 512]): 
Initialized by user-defined `init_weights` in FUTR3DHead  

pts_bbox_head.transformer.decoder.layers.4.attentions.1.camera_mixer.layers_LGC.0.dt_proj_h2t.weight - torch.Size([512, 16]): 
Initialized by user-defined `init_weights` in FUTR3DHead  

pts_bbox_head.transformer.decoder.layers.4.attentions.1.camera_mixer.layers_LGC.0.dt_proj_h2t.bias - torch.Size([512]): 
The value is the same before and after calling `init_weights` of FUTR3D  

pts_bbox_head.transformer.decoder.layers.4.attentions.1.camera_mixer.layers_LGC.0.conv1d_t2h.weight - torch.Size([512, 1, 4]): 
Initialized by user-defined `init_weights` in FUTR3DHead  

pts_bbox_head.transformer.decoder.layers.4.attentions.1.camera_mixer.layers_LGC.0.conv1d_t2h.bias - torch.Size([512]): 
The value is the same before and after calling `init_weights` of FUTR3D  

pts_bbox_head.transformer.decoder.layers.4.attentions.1.camera_mixer.layers_LGC.0.x_proj_t2h.weight - torch.Size([80, 512]): 
Initialized by user-defined `init_weights` in FUTR3DHead  

pts_bbox_head.transformer.decoder.layers.4.attentions.1.camera_mixer.layers_LGC.0.dt_proj_t2h.weight - torch.Size([512, 16]): 
Initialized by user-defined `init_weights` in FUTR3DHead  

pts_bbox_head.transformer.decoder.layers.4.attentions.1.camera_mixer.layers_LGC.0.dt_proj_t2h.bias - torch.Size([512]): 
The value is the same before and after calling `init_weights` of FUTR3D  

pts_bbox_head.transformer.decoder.layers.4.attentions.1.camera_mixer.layers_LGC.0.lidar_guidance_proj.weight - torch.Size([512, 512]): 
Initialized by user-defined `init_weights` in FUTR3DHead  

pts_bbox_head.transformer.decoder.layers.4.attentions.1.camera_mixer.layers_LGC.0.lidar_guidance_proj.bias - torch.Size([512]): 
The value is the same before and after calling `init_weights` of FUTR3D  

pts_bbox_head.transformer.decoder.layers.4.attentions.1.camera_mixer.layers_LGC.0.out_proj.weight - torch.Size([256, 512]): 
Initialized by user-defined `init_weights` in FUTR3DHead  

pts_bbox_head.transformer.decoder.layers.4.attentions.1.camera_mixer.layers_LGC.1.A_log_h2t - torch.Size([512, 32]): 
Initialized by user-defined `init_weights` in FUTR3DHead  

pts_bbox_head.transformer.decoder.layers.4.attentions.1.camera_mixer.layers_LGC.1.D_h2t - torch.Size([512]): 
The value is the same before and after calling `init_weights` of FUTR3D  

pts_bbox_head.transformer.decoder.layers.4.attentions.1.camera_mixer.layers_LGC.1.A_log_t2h - torch.Size([512, 32]): 
Initialized by user-defined `init_weights` in FUTR3DHead  

pts_bbox_head.transformer.decoder.layers.4.attentions.1.camera_mixer.layers_LGC.1.D_t2h - torch.Size([512]): 
The value is the same before and after calling `init_weights` of FUTR3D  

pts_bbox_head.transformer.decoder.layers.4.attentions.1.camera_mixer.layers_LGC.1.in_proj.weight - torch.Size([1024, 256]): 
Initialized by user-defined `init_weights` in FUTR3DHead  

pts_bbox_head.transformer.decoder.layers.4.attentions.1.camera_mixer.layers_LGC.1.in_proj_lidar.weight - torch.Size([512, 256]): 
Initialized by user-defined `init_weights` in FUTR3DHead  

pts_bbox_head.transformer.decoder.layers.4.attentions.1.camera_mixer.layers_LGC.1.conv1d_h2t.weight - torch.Size([512, 1, 4]): 
Initialized by user-defined `init_weights` in FUTR3DHead  

pts_bbox_head.transformer.decoder.layers.4.attentions.1.camera_mixer.layers_LGC.1.conv1d_h2t.bias - torch.Size([512]): 
The value is the same before and after calling `init_weights` of FUTR3D  

pts_bbox_head.transformer.decoder.layers.4.attentions.1.camera_mixer.layers_LGC.1.x_proj_h2t.weight - torch.Size([80, 512]): 
Initialized by user-defined `init_weights` in FUTR3DHead  

pts_bbox_head.transformer.decoder.layers.4.attentions.1.camera_mixer.layers_LGC.1.dt_proj_h2t.weight - torch.Size([512, 16]): 
Initialized by user-defined `init_weights` in FUTR3DHead  

pts_bbox_head.transformer.decoder.layers.4.attentions.1.camera_mixer.layers_LGC.1.dt_proj_h2t.bias - torch.Size([512]): 
The value is the same before and after calling `init_weights` of FUTR3D  

pts_bbox_head.transformer.decoder.layers.4.attentions.1.camera_mixer.layers_LGC.1.conv1d_t2h.weight - torch.Size([512, 1, 4]): 
Initialized by user-defined `init_weights` in FUTR3DHead  

pts_bbox_head.transformer.decoder.layers.4.attentions.1.camera_mixer.layers_LGC.1.conv1d_t2h.bias - torch.Size([512]): 
The value is the same before and after calling `init_weights` of FUTR3D  

pts_bbox_head.transformer.decoder.layers.4.attentions.1.camera_mixer.layers_LGC.1.x_proj_t2h.weight - torch.Size([80, 512]): 
Initialized by user-defined `init_weights` in FUTR3DHead  

pts_bbox_head.transformer.decoder.layers.4.attentions.1.camera_mixer.layers_LGC.1.dt_proj_t2h.weight - torch.Size([512, 16]): 
Initialized by user-defined `init_weights` in FUTR3DHead  

pts_bbox_head.transformer.decoder.layers.4.attentions.1.camera_mixer.layers_LGC.1.dt_proj_t2h.bias - torch.Size([512]): 
The value is the same before and after calling `init_weights` of FUTR3D  

pts_bbox_head.transformer.decoder.layers.4.attentions.1.camera_mixer.layers_LGC.1.lidar_guidance_proj.weight - torch.Size([512, 512]): 
Initialized by user-defined `init_weights` in FUTR3DHead  

pts_bbox_head.transformer.decoder.layers.4.attentions.1.camera_mixer.layers_LGC.1.lidar_guidance_proj.bias - torch.Size([512]): 
The value is the same before and after calling `init_weights` of FUTR3D  

pts_bbox_head.transformer.decoder.layers.4.attentions.1.camera_mixer.layers_LGC.1.out_proj.weight - torch.Size([256, 512]): 
Initialized by user-defined `init_weights` in FUTR3DHead  

pts_bbox_head.transformer.decoder.layers.4.attentions.1.camera_mixer.layers_CGL.0.A_log_h2t - torch.Size([512, 32]): 
Initialized by user-defined `init_weights` in FUTR3DHead  

pts_bbox_head.transformer.decoder.layers.4.attentions.1.camera_mixer.layers_CGL.0.D_h2t - torch.Size([512]): 
The value is the same before and after calling `init_weights` of FUTR3D  

pts_bbox_head.transformer.decoder.layers.4.attentions.1.camera_mixer.layers_CGL.0.A_log_t2h - torch.Size([512, 32]): 
Initialized by user-defined `init_weights` in FUTR3DHead  

pts_bbox_head.transformer.decoder.layers.4.attentions.1.camera_mixer.layers_CGL.0.D_t2h - torch.Size([512]): 
The value is the same before and after calling `init_weights` of FUTR3D  

pts_bbox_head.transformer.decoder.layers.4.attentions.1.camera_mixer.layers_CGL.0.in_proj.weight - torch.Size([1024, 256]): 
Initialized by user-defined `init_weights` in FUTR3DHead  

pts_bbox_head.transformer.decoder.layers.4.attentions.1.camera_mixer.layers_CGL.0.in_proj_lidar.weight - torch.Size([512, 256]): 
Initialized by user-defined `init_weights` in FUTR3DHead  

pts_bbox_head.transformer.decoder.layers.4.attentions.1.camera_mixer.layers_CGL.0.conv1d_h2t.weight - torch.Size([512, 1, 4]): 
Initialized by user-defined `init_weights` in FUTR3DHead  

pts_bbox_head.transformer.decoder.layers.4.attentions.1.camera_mixer.layers_CGL.0.conv1d_h2t.bias - torch.Size([512]): 
The value is the same before and after calling `init_weights` of FUTR3D  

pts_bbox_head.transformer.decoder.layers.4.attentions.1.camera_mixer.layers_CGL.0.x_proj_h2t.weight - torch.Size([80, 512]): 
Initialized by user-defined `init_weights` in FUTR3DHead  

pts_bbox_head.transformer.decoder.layers.4.attentions.1.camera_mixer.layers_CGL.0.dt_proj_h2t.weight - torch.Size([512, 16]): 
Initialized by user-defined `init_weights` in FUTR3DHead  

pts_bbox_head.transformer.decoder.layers.4.attentions.1.camera_mixer.layers_CGL.0.dt_proj_h2t.bias - torch.Size([512]): 
The value is the same before and after calling `init_weights` of FUTR3D  

pts_bbox_head.transformer.decoder.layers.4.attentions.1.camera_mixer.layers_CGL.0.conv1d_t2h.weight - torch.Size([512, 1, 4]): 
Initialized by user-defined `init_weights` in FUTR3DHead  

pts_bbox_head.transformer.decoder.layers.4.attentions.1.camera_mixer.layers_CGL.0.conv1d_t2h.bias - torch.Size([512]): 
The value is the same before and after calling `init_weights` of FUTR3D  

pts_bbox_head.transformer.decoder.layers.4.attentions.1.camera_mixer.layers_CGL.0.x_proj_t2h.weight - torch.Size([80, 512]): 
Initialized by user-defined `init_weights` in FUTR3DHead  

pts_bbox_head.transformer.decoder.layers.4.attentions.1.camera_mixer.layers_CGL.0.dt_proj_t2h.weight - torch.Size([512, 16]): 
Initialized by user-defined `init_weights` in FUTR3DHead  

pts_bbox_head.transformer.decoder.layers.4.attentions.1.camera_mixer.layers_CGL.0.dt_proj_t2h.bias - torch.Size([512]): 
The value is the same before and after calling `init_weights` of FUTR3D  

pts_bbox_head.transformer.decoder.layers.4.attentions.1.camera_mixer.layers_CGL.0.lidar_guidance_proj.weight - torch.Size([512, 512]): 
Initialized by user-defined `init_weights` in FUTR3DHead  

pts_bbox_head.transformer.decoder.layers.4.attentions.1.camera_mixer.layers_CGL.0.lidar_guidance_proj.bias - torch.Size([512]): 
The value is the same before and after calling `init_weights` of FUTR3D  

pts_bbox_head.transformer.decoder.layers.4.attentions.1.camera_mixer.layers_CGL.0.out_proj.weight - torch.Size([256, 512]): 
Initialized by user-defined `init_weights` in FUTR3DHead  

pts_bbox_head.transformer.decoder.layers.4.attentions.1.camera_mixer.layers_CGL.1.A_log_h2t - torch.Size([512, 32]): 
Initialized by user-defined `init_weights` in FUTR3DHead  

pts_bbox_head.transformer.decoder.layers.4.attentions.1.camera_mixer.layers_CGL.1.D_h2t - torch.Size([512]): 
The value is the same before and after calling `init_weights` of FUTR3D  

pts_bbox_head.transformer.decoder.layers.4.attentions.1.camera_mixer.layers_CGL.1.A_log_t2h - torch.Size([512, 32]): 
Initialized by user-defined `init_weights` in FUTR3DHead  

pts_bbox_head.transformer.decoder.layers.4.attentions.1.camera_mixer.layers_CGL.1.D_t2h - torch.Size([512]): 
The value is the same before and after calling `init_weights` of FUTR3D  

pts_bbox_head.transformer.decoder.layers.4.attentions.1.camera_mixer.layers_CGL.1.in_proj.weight - torch.Size([1024, 256]): 
Initialized by user-defined `init_weights` in FUTR3DHead  

pts_bbox_head.transformer.decoder.layers.4.attentions.1.camera_mixer.layers_CGL.1.in_proj_lidar.weight - torch.Size([512, 256]): 
Initialized by user-defined `init_weights` in FUTR3DHead  

pts_bbox_head.transformer.decoder.layers.4.attentions.1.camera_mixer.layers_CGL.1.conv1d_h2t.weight - torch.Size([512, 1, 4]): 
Initialized by user-defined `init_weights` in FUTR3DHead  

pts_bbox_head.transformer.decoder.layers.4.attentions.1.camera_mixer.layers_CGL.1.conv1d_h2t.bias - torch.Size([512]): 
The value is the same before and after calling `init_weights` of FUTR3D  

pts_bbox_head.transformer.decoder.layers.4.attentions.1.camera_mixer.layers_CGL.1.x_proj_h2t.weight - torch.Size([80, 512]): 
Initialized by user-defined `init_weights` in FUTR3DHead  

pts_bbox_head.transformer.decoder.layers.4.attentions.1.camera_mixer.layers_CGL.1.dt_proj_h2t.weight - torch.Size([512, 16]): 
Initialized by user-defined `init_weights` in FUTR3DHead  

pts_bbox_head.transformer.decoder.layers.4.attentions.1.camera_mixer.layers_CGL.1.dt_proj_h2t.bias - torch.Size([512]): 
The value is the same before and after calling `init_weights` of FUTR3D  

pts_bbox_head.transformer.decoder.layers.4.attentions.1.camera_mixer.layers_CGL.1.conv1d_t2h.weight - torch.Size([512, 1, 4]): 
Initialized by user-defined `init_weights` in FUTR3DHead  

pts_bbox_head.transformer.decoder.layers.4.attentions.1.camera_mixer.layers_CGL.1.conv1d_t2h.bias - torch.Size([512]): 
The value is the same before and after calling `init_weights` of FUTR3D  

pts_bbox_head.transformer.decoder.layers.4.attentions.1.camera_mixer.layers_CGL.1.x_proj_t2h.weight - torch.Size([80, 512]): 
Initialized by user-defined `init_weights` in FUTR3DHead  

pts_bbox_head.transformer.decoder.layers.4.attentions.1.camera_mixer.layers_CGL.1.dt_proj_t2h.weight - torch.Size([512, 16]): 
Initialized by user-defined `init_weights` in FUTR3DHead  

pts_bbox_head.transformer.decoder.layers.4.attentions.1.camera_mixer.layers_CGL.1.dt_proj_t2h.bias - torch.Size([512]): 
The value is the same before and after calling `init_weights` of FUTR3D  

pts_bbox_head.transformer.decoder.layers.4.attentions.1.camera_mixer.layers_CGL.1.lidar_guidance_proj.weight - torch.Size([512, 512]): 
Initialized by user-defined `init_weights` in FUTR3DHead  

pts_bbox_head.transformer.decoder.layers.4.attentions.1.camera_mixer.layers_CGL.1.lidar_guidance_proj.bias - torch.Size([512]): 
The value is the same before and after calling `init_weights` of FUTR3D  

pts_bbox_head.transformer.decoder.layers.4.attentions.1.camera_mixer.layers_CGL.1.out_proj.weight - torch.Size([256, 512]): 
Initialized by user-defined `init_weights` in FUTR3DHead  

pts_bbox_head.transformer.decoder.layers.4.attentions.1.camera_mixer.norm_L.0.weight - torch.Size([256]): 
The value is the same before and after calling `init_weights` of FUTR3D  

pts_bbox_head.transformer.decoder.layers.4.attentions.1.camera_mixer.norm_L.0.bias - torch.Size([256]): 
The value is the same before and after calling `init_weights` of FUTR3D  

pts_bbox_head.transformer.decoder.layers.4.attentions.1.camera_mixer.norm_L.1.weight - torch.Size([256]): 
The value is the same before and after calling `init_weights` of FUTR3D  

pts_bbox_head.transformer.decoder.layers.4.attentions.1.camera_mixer.norm_L.1.bias - torch.Size([256]): 
The value is the same before and after calling `init_weights` of FUTR3D  

pts_bbox_head.transformer.decoder.layers.4.attentions.1.camera_mixer.norm_C.0.weight - torch.Size([256]): 
The value is the same before and after calling `init_weights` of FUTR3D  

pts_bbox_head.transformer.decoder.layers.4.attentions.1.camera_mixer.norm_C.0.bias - torch.Size([256]): 
The value is the same before and after calling `init_weights` of FUTR3D  

pts_bbox_head.transformer.decoder.layers.4.attentions.1.camera_mixer.norm_C.1.weight - torch.Size([256]): 
The value is the same before and after calling `init_weights` of FUTR3D  

pts_bbox_head.transformer.decoder.layers.4.attentions.1.camera_mixer.norm_C.1.bias - torch.Size([256]): 
The value is the same before and after calling `init_weights` of FUTR3D  

pts_bbox_head.transformer.decoder.layers.4.attentions.1.camera_mixer.ffn_block_L.0.ffn.0.weight - torch.Size([1024, 256]): 
Initialized by user-defined `init_weights` in FUTR3DHead  

pts_bbox_head.transformer.decoder.layers.4.attentions.1.camera_mixer.ffn_block_L.0.ffn.0.bias - torch.Size([1024]): 
The value is the same before and after calling `init_weights` of FUTR3D  

pts_bbox_head.transformer.decoder.layers.4.attentions.1.camera_mixer.ffn_block_L.0.ffn.3.weight - torch.Size([256, 1024]): 
Initialized by user-defined `init_weights` in FUTR3DHead  

pts_bbox_head.transformer.decoder.layers.4.attentions.1.camera_mixer.ffn_block_L.0.ffn.3.bias - torch.Size([256]): 
The value is the same before and after calling `init_weights` of FUTR3D  

pts_bbox_head.transformer.decoder.layers.4.attentions.1.camera_mixer.ffn_block_L.1.ffn.0.weight - torch.Size([1024, 256]): 
Initialized by user-defined `init_weights` in FUTR3DHead  

pts_bbox_head.transformer.decoder.layers.4.attentions.1.camera_mixer.ffn_block_L.1.ffn.0.bias - torch.Size([1024]): 
The value is the same before and after calling `init_weights` of FUTR3D  

pts_bbox_head.transformer.decoder.layers.4.attentions.1.camera_mixer.ffn_block_L.1.ffn.3.weight - torch.Size([256, 1024]): 
Initialized by user-defined `init_weights` in FUTR3DHead  

pts_bbox_head.transformer.decoder.layers.4.attentions.1.camera_mixer.ffn_block_L.1.ffn.3.bias - torch.Size([256]): 
The value is the same before and after calling `init_weights` of FUTR3D  

pts_bbox_head.transformer.decoder.layers.4.attentions.1.camera_mixer.ffn_block_C.0.ffn.0.weight - torch.Size([1024, 256]): 
Initialized by user-defined `init_weights` in FUTR3DHead  

pts_bbox_head.transformer.decoder.layers.4.attentions.1.camera_mixer.ffn_block_C.0.ffn.0.bias - torch.Size([1024]): 
The value is the same before and after calling `init_weights` of FUTR3D  

pts_bbox_head.transformer.decoder.layers.4.attentions.1.camera_mixer.ffn_block_C.0.ffn.3.weight - torch.Size([256, 1024]): 
Initialized by user-defined `init_weights` in FUTR3DHead  

pts_bbox_head.transformer.decoder.layers.4.attentions.1.camera_mixer.ffn_block_C.0.ffn.3.bias - torch.Size([256]): 
The value is the same before and after calling `init_weights` of FUTR3D  

pts_bbox_head.transformer.decoder.layers.4.attentions.1.camera_mixer.ffn_block_C.1.ffn.0.weight - torch.Size([1024, 256]): 
Initialized by user-defined `init_weights` in FUTR3DHead  

pts_bbox_head.transformer.decoder.layers.4.attentions.1.camera_mixer.ffn_block_C.1.ffn.0.bias - torch.Size([1024]): 
The value is the same before and after calling `init_weights` of FUTR3D  

pts_bbox_head.transformer.decoder.layers.4.attentions.1.camera_mixer.ffn_block_C.1.ffn.3.weight - torch.Size([256, 1024]): 
Initialized by user-defined `init_weights` in FUTR3DHead  

pts_bbox_head.transformer.decoder.layers.4.attentions.1.camera_mixer.ffn_block_C.1.ffn.3.bias - torch.Size([256]): 
The value is the same before and after calling `init_weights` of FUTR3D  

pts_bbox_head.transformer.decoder.layers.4.attentions.1.camera_mixer.ffn_norm_L.0.weight - torch.Size([256]): 
The value is the same before and after calling `init_weights` of FUTR3D  

pts_bbox_head.transformer.decoder.layers.4.attentions.1.camera_mixer.ffn_norm_L.0.bias - torch.Size([256]): 
The value is the same before and after calling `init_weights` of FUTR3D  

pts_bbox_head.transformer.decoder.layers.4.attentions.1.camera_mixer.ffn_norm_L.1.weight - torch.Size([256]): 
The value is the same before and after calling `init_weights` of FUTR3D  

pts_bbox_head.transformer.decoder.layers.4.attentions.1.camera_mixer.ffn_norm_L.1.bias - torch.Size([256]): 
The value is the same before and after calling `init_weights` of FUTR3D  

pts_bbox_head.transformer.decoder.layers.4.attentions.1.camera_mixer.ffn_norm_C.0.weight - torch.Size([256]): 
The value is the same before and after calling `init_weights` of FUTR3D  

pts_bbox_head.transformer.decoder.layers.4.attentions.1.camera_mixer.ffn_norm_C.0.bias - torch.Size([256]): 
The value is the same before and after calling `init_weights` of FUTR3D  

pts_bbox_head.transformer.decoder.layers.4.attentions.1.camera_mixer.ffn_norm_C.1.weight - torch.Size([256]): 
The value is the same before and after calling `init_weights` of FUTR3D  

pts_bbox_head.transformer.decoder.layers.4.attentions.1.camera_mixer.ffn_norm_C.1.bias - torch.Size([256]): 
The value is the same before and after calling `init_weights` of FUTR3D  

pts_bbox_head.transformer.decoder.layers.4.ffns.0.layers.0.0.weight - torch.Size([1024, 256]): 
Initialized by user-defined `init_weights` in FUTR3DHead  

pts_bbox_head.transformer.decoder.layers.4.ffns.0.layers.0.0.bias - torch.Size([1024]): 
The value is the same before and after calling `init_weights` of FUTR3D  

pts_bbox_head.transformer.decoder.layers.4.ffns.0.layers.1.weight - torch.Size([256, 1024]): 
Initialized by user-defined `init_weights` in FUTR3DHead  

pts_bbox_head.transformer.decoder.layers.4.ffns.0.layers.1.bias - torch.Size([256]): 
The value is the same before and after calling `init_weights` of FUTR3D  

pts_bbox_head.transformer.decoder.layers.4.norms.0.weight - torch.Size([256]): 
The value is the same before and after calling `init_weights` of FUTR3D  

pts_bbox_head.transformer.decoder.layers.4.norms.0.bias - torch.Size([256]): 
The value is the same before and after calling `init_weights` of FUTR3D  

pts_bbox_head.transformer.decoder.layers.4.norms.1.weight - torch.Size([256]): 
The value is the same before and after calling `init_weights` of FUTR3D  

pts_bbox_head.transformer.decoder.layers.4.norms.1.bias - torch.Size([256]): 
The value is the same before and after calling `init_weights` of FUTR3D  

pts_bbox_head.transformer.decoder.layers.4.norms.2.weight - torch.Size([256]): 
The value is the same before and after calling `init_weights` of FUTR3D  

pts_bbox_head.transformer.decoder.layers.4.norms.2.bias - torch.Size([256]): 
The value is the same before and after calling `init_weights` of FUTR3D  

pts_bbox_head.transformer.decoder.layers.5.attentions.0.0.attn.in_proj_weight - torch.Size([768, 256]): 
Initialized by user-defined `init_weights` in FUTR3DHead  

pts_bbox_head.transformer.decoder.layers.5.attentions.0.0.attn.in_proj_bias - torch.Size([768]): 
The value is the same before and after calling `init_weights` of FUTR3D  

pts_bbox_head.transformer.decoder.layers.5.attentions.0.0.attn.out_proj.weight - torch.Size([256, 256]): 
Initialized by user-defined `init_weights` in FUTR3DHead  

pts_bbox_head.transformer.decoder.layers.5.attentions.0.0.attn.out_proj.bias - torch.Size([256]): 
The value is the same before and after calling `init_weights` of FUTR3D  

pts_bbox_head.transformer.decoder.layers.5.attentions.0.1.weight - torch.Size([256]): 
The value is the same before and after calling `init_weights` of FUTR3D  

pts_bbox_head.transformer.decoder.layers.5.attentions.0.2.layers.0.norm_before.weight - torch.Size([256]): 
The value is the same before and after calling `init_weights` of FUTR3D  

pts_bbox_head.transformer.decoder.layers.5.attentions.0.2.layers.0.mamba.A_log_f - torch.Size([512, 64]): 
Initialized by user-defined `init_weights` in FUTR3DHead  

pts_bbox_head.transformer.decoder.layers.5.attentions.0.2.layers.0.mamba.A_log_b - torch.Size([512, 64]): 
Initialized by user-defined `init_weights` in FUTR3DHead  

pts_bbox_head.transformer.decoder.layers.5.attentions.0.2.layers.0.mamba.D_f - torch.Size([512]): 
The value is the same before and after calling `init_weights` of FUTR3D  

pts_bbox_head.transformer.decoder.layers.5.attentions.0.2.layers.0.mamba.D_b - torch.Size([512]): 
The value is the same before and after calling `init_weights` of FUTR3D  

pts_bbox_head.transformer.decoder.layers.5.attentions.0.2.layers.0.mamba.A_log_f_xy - torch.Size([512, 64]): 
Initialized by user-defined `init_weights` in FUTR3DHead  

pts_bbox_head.transformer.decoder.layers.5.attentions.0.2.layers.0.mamba.A_log_b_xy - torch.Size([512, 64]): 
Initialized by user-defined `init_weights` in FUTR3DHead  

pts_bbox_head.transformer.decoder.layers.5.attentions.0.2.layers.0.mamba.D_f_xy - torch.Size([512]): 
The value is the same before and after calling `init_weights` of FUTR3D  

pts_bbox_head.transformer.decoder.layers.5.attentions.0.2.layers.0.mamba.D_b_xy - torch.Size([512]): 
The value is the same before and after calling `init_weights` of FUTR3D  

pts_bbox_head.transformer.decoder.layers.5.attentions.0.2.layers.0.mamba.in_proj.weight - torch.Size([2048, 256]): 
Initialized by user-defined `init_weights` in FUTR3DHead  

pts_bbox_head.transformer.decoder.layers.5.attentions.0.2.layers.0.mamba.in_proj_xy.weight - torch.Size([2048, 256]): 
Initialized by user-defined `init_weights` in FUTR3DHead  

pts_bbox_head.transformer.decoder.layers.5.attentions.0.2.layers.0.mamba.x_proj_f.weight - torch.Size([144, 512]): 
Initialized by user-defined `init_weights` in FUTR3DHead  

pts_bbox_head.transformer.decoder.layers.5.attentions.0.2.layers.0.mamba.x_proj_b.weight - torch.Size([144, 512]): 
Initialized by user-defined `init_weights` in FUTR3DHead  

pts_bbox_head.transformer.decoder.layers.5.attentions.0.2.layers.0.mamba.dt_proj_f.weight - torch.Size([512, 16]): 
Initialized by user-defined `init_weights` in FUTR3DHead  

pts_bbox_head.transformer.decoder.layers.5.attentions.0.2.layers.0.mamba.dt_proj_f.bias - torch.Size([512]): 
The value is the same before and after calling `init_weights` of FUTR3D  

pts_bbox_head.transformer.decoder.layers.5.attentions.0.2.layers.0.mamba.dt_proj_b.weight - torch.Size([512, 16]): 
Initialized by user-defined `init_weights` in FUTR3DHead  

pts_bbox_head.transformer.decoder.layers.5.attentions.0.2.layers.0.mamba.dt_proj_b.bias - torch.Size([512]): 
The value is the same before and after calling `init_weights` of FUTR3D  

pts_bbox_head.transformer.decoder.layers.5.attentions.0.2.layers.0.mamba.x_proj_f_xy.weight - torch.Size([144, 512]): 
Initialized by user-defined `init_weights` in FUTR3DHead  

pts_bbox_head.transformer.decoder.layers.5.attentions.0.2.layers.0.mamba.x_proj_b_xy.weight - torch.Size([144, 512]): 
Initialized by user-defined `init_weights` in FUTR3DHead  

pts_bbox_head.transformer.decoder.layers.5.attentions.0.2.layers.0.mamba.dt_proj_f_xy.weight - torch.Size([512, 16]): 
Initialized by user-defined `init_weights` in FUTR3DHead  

pts_bbox_head.transformer.decoder.layers.5.attentions.0.2.layers.0.mamba.dt_proj_f_xy.bias - torch.Size([512]): 
The value is the same before and after calling `init_weights` of FUTR3D  

pts_bbox_head.transformer.decoder.layers.5.attentions.0.2.layers.0.mamba.dt_proj_b_xy.weight - torch.Size([512, 16]): 
Initialized by user-defined `init_weights` in FUTR3DHead  

pts_bbox_head.transformer.decoder.layers.5.attentions.0.2.layers.0.mamba.dt_proj_b_xy.bias - torch.Size([512]): 
The value is the same before and after calling `init_weights` of FUTR3D  

pts_bbox_head.transformer.decoder.layers.5.attentions.0.2.layers.0.mamba.conv1d_x_f.weight - torch.Size([512, 1, 4]): 
Initialized by user-defined `init_weights` in FUTR3DHead  

pts_bbox_head.transformer.decoder.layers.5.attentions.0.2.layers.0.mamba.conv1d_x_f.bias - torch.Size([512]): 
The value is the same before and after calling `init_weights` of FUTR3D  

pts_bbox_head.transformer.decoder.layers.5.attentions.0.2.layers.0.mamba.conv1d_z_f.weight - torch.Size([512, 1, 4]): 
Initialized by user-defined `init_weights` in FUTR3DHead  

pts_bbox_head.transformer.decoder.layers.5.attentions.0.2.layers.0.mamba.conv1d_z_f.bias - torch.Size([512]): 
The value is the same before and after calling `init_weights` of FUTR3D  

pts_bbox_head.transformer.decoder.layers.5.attentions.0.2.layers.0.mamba.conv1d_x_b.weight - torch.Size([512, 1, 4]): 
Initialized by user-defined `init_weights` in FUTR3DHead  

pts_bbox_head.transformer.decoder.layers.5.attentions.0.2.layers.0.mamba.conv1d_x_b.bias - torch.Size([512]): 
The value is the same before and after calling `init_weights` of FUTR3D  

pts_bbox_head.transformer.decoder.layers.5.attentions.0.2.layers.0.mamba.conv1d_z_b.weight - torch.Size([512, 1, 4]): 
Initialized by user-defined `init_weights` in FUTR3DHead  

pts_bbox_head.transformer.decoder.layers.5.attentions.0.2.layers.0.mamba.conv1d_z_b.bias - torch.Size([512]): 
The value is the same before and after calling `init_weights` of FUTR3D  

pts_bbox_head.transformer.decoder.layers.5.attentions.0.2.layers.0.mamba.conv1d_x_xy_f.weight - torch.Size([512, 1, 4]): 
Initialized by user-defined `init_weights` in FUTR3DHead  

pts_bbox_head.transformer.decoder.layers.5.attentions.0.2.layers.0.mamba.conv1d_x_xy_f.bias - torch.Size([512]): 
The value is the same before and after calling `init_weights` of FUTR3D  

pts_bbox_head.transformer.decoder.layers.5.attentions.0.2.layers.0.mamba.conv1d_z_xy_f.weight - torch.Size([512, 1, 4]): 
Initialized by user-defined `init_weights` in FUTR3DHead  

pts_bbox_head.transformer.decoder.layers.5.attentions.0.2.layers.0.mamba.conv1d_z_xy_f.bias - torch.Size([512]): 
The value is the same before and after calling `init_weights` of FUTR3D  

pts_bbox_head.transformer.decoder.layers.5.attentions.0.2.layers.0.mamba.conv1d_x_xy_b.weight - torch.Size([512, 1, 4]): 
Initialized by user-defined `init_weights` in FUTR3DHead  

pts_bbox_head.transformer.decoder.layers.5.attentions.0.2.layers.0.mamba.conv1d_x_xy_b.bias - torch.Size([512]): 
The value is the same before and after calling `init_weights` of FUTR3D  

pts_bbox_head.transformer.decoder.layers.5.attentions.0.2.layers.0.mamba.conv1d_z_xy_b.weight - torch.Size([512, 1, 4]): 
Initialized by user-defined `init_weights` in FUTR3DHead  

pts_bbox_head.transformer.decoder.layers.5.attentions.0.2.layers.0.mamba.conv1d_z_xy_b.bias - torch.Size([512]): 
The value is the same before and after calling `init_weights` of FUTR3D  

pts_bbox_head.transformer.decoder.layers.5.attentions.0.2.layers.0.mamba.out_proj.weight - torch.Size([256, 2048]): 
Initialized by user-defined `init_weights` in FUTR3DHead  

pts_bbox_head.transformer.decoder.layers.5.attentions.0.2.layers.0.mamba.global_proj.weight - torch.Size([2048, 2048]): 
Initialized by user-defined `init_weights` in FUTR3DHead  

pts_bbox_head.transformer.decoder.layers.5.attentions.0.2.layers.0.mamba.global_proj.bias - torch.Size([2048]): 
The value is the same before and after calling `init_weights` of FUTR3D  

pts_bbox_head.transformer.decoder.layers.5.attentions.0.2.layers.0.norm.weight - torch.Size([256]): 
The value is the same before and after calling `init_weights` of FUTR3D  

pts_bbox_head.transformer.decoder.layers.5.attentions.0.2.layers.0.mlp.gate_proj.weight - torch.Size([1024, 256]): 
Initialized by user-defined `init_weights` in FUTR3DHead  

pts_bbox_head.transformer.decoder.layers.5.attentions.0.2.layers.0.mlp.up_proj.weight - torch.Size([1024, 256]): 
Initialized by user-defined `init_weights` in FUTR3DHead  

pts_bbox_head.transformer.decoder.layers.5.attentions.0.2.layers.0.mlp.down_proj.weight - torch.Size([256, 1024]): 
Initialized by user-defined `init_weights` in FUTR3DHead  

pts_bbox_head.transformer.decoder.layers.5.attentions.0.2.layers.0.mlp_norm.weight - torch.Size([256]): 
The value is the same before and after calling `init_weights` of FUTR3D  

pts_bbox_head.transformer.decoder.layers.5.attentions.0.2.layers.1.norm_before.weight - torch.Size([256]): 
The value is the same before and after calling `init_weights` of FUTR3D  

pts_bbox_head.transformer.decoder.layers.5.attentions.0.2.layers.1.mamba.A_log_f - torch.Size([512, 64]): 
Initialized by user-defined `init_weights` in FUTR3DHead  

pts_bbox_head.transformer.decoder.layers.5.attentions.0.2.layers.1.mamba.A_log_b - torch.Size([512, 64]): 
Initialized by user-defined `init_weights` in FUTR3DHead  

pts_bbox_head.transformer.decoder.layers.5.attentions.0.2.layers.1.mamba.D_f - torch.Size([512]): 
The value is the same before and after calling `init_weights` of FUTR3D  

pts_bbox_head.transformer.decoder.layers.5.attentions.0.2.layers.1.mamba.D_b - torch.Size([512]): 
The value is the same before and after calling `init_weights` of FUTR3D  

pts_bbox_head.transformer.decoder.layers.5.attentions.0.2.layers.1.mamba.A_log_f_xy - torch.Size([512, 64]): 
Initialized by user-defined `init_weights` in FUTR3DHead  

pts_bbox_head.transformer.decoder.layers.5.attentions.0.2.layers.1.mamba.A_log_b_xy - torch.Size([512, 64]): 
Initialized by user-defined `init_weights` in FUTR3DHead  

pts_bbox_head.transformer.decoder.layers.5.attentions.0.2.layers.1.mamba.D_f_xy - torch.Size([512]): 
The value is the same before and after calling `init_weights` of FUTR3D  

pts_bbox_head.transformer.decoder.layers.5.attentions.0.2.layers.1.mamba.D_b_xy - torch.Size([512]): 
The value is the same before and after calling `init_weights` of FUTR3D  

pts_bbox_head.transformer.decoder.layers.5.attentions.0.2.layers.1.mamba.in_proj.weight - torch.Size([2048, 256]): 
Initialized by user-defined `init_weights` in FUTR3DHead  

pts_bbox_head.transformer.decoder.layers.5.attentions.0.2.layers.1.mamba.in_proj_xy.weight - torch.Size([2048, 256]): 
Initialized by user-defined `init_weights` in FUTR3DHead  

pts_bbox_head.transformer.decoder.layers.5.attentions.0.2.layers.1.mamba.x_proj_f.weight - torch.Size([144, 512]): 
Initialized by user-defined `init_weights` in FUTR3DHead  

pts_bbox_head.transformer.decoder.layers.5.attentions.0.2.layers.1.mamba.x_proj_b.weight - torch.Size([144, 512]): 
Initialized by user-defined `init_weights` in FUTR3DHead  

pts_bbox_head.transformer.decoder.layers.5.attentions.0.2.layers.1.mamba.dt_proj_f.weight - torch.Size([512, 16]): 
Initialized by user-defined `init_weights` in FUTR3DHead  

pts_bbox_head.transformer.decoder.layers.5.attentions.0.2.layers.1.mamba.dt_proj_f.bias - torch.Size([512]): 
The value is the same before and after calling `init_weights` of FUTR3D  

pts_bbox_head.transformer.decoder.layers.5.attentions.0.2.layers.1.mamba.dt_proj_b.weight - torch.Size([512, 16]): 
Initialized by user-defined `init_weights` in FUTR3DHead  

pts_bbox_head.transformer.decoder.layers.5.attentions.0.2.layers.1.mamba.dt_proj_b.bias - torch.Size([512]): 
The value is the same before and after calling `init_weights` of FUTR3D  

pts_bbox_head.transformer.decoder.layers.5.attentions.0.2.layers.1.mamba.x_proj_f_xy.weight - torch.Size([144, 512]): 
Initialized by user-defined `init_weights` in FUTR3DHead  

pts_bbox_head.transformer.decoder.layers.5.attentions.0.2.layers.1.mamba.x_proj_b_xy.weight - torch.Size([144, 512]): 
Initialized by user-defined `init_weights` in FUTR3DHead  

pts_bbox_head.transformer.decoder.layers.5.attentions.0.2.layers.1.mamba.dt_proj_f_xy.weight - torch.Size([512, 16]): 
Initialized by user-defined `init_weights` in FUTR3DHead  

pts_bbox_head.transformer.decoder.layers.5.attentions.0.2.layers.1.mamba.dt_proj_f_xy.bias - torch.Size([512]): 
The value is the same before and after calling `init_weights` of FUTR3D  

pts_bbox_head.transformer.decoder.layers.5.attentions.0.2.layers.1.mamba.dt_proj_b_xy.weight - torch.Size([512, 16]): 
Initialized by user-defined `init_weights` in FUTR3DHead  

pts_bbox_head.transformer.decoder.layers.5.attentions.0.2.layers.1.mamba.dt_proj_b_xy.bias - torch.Size([512]): 
The value is the same before and after calling `init_weights` of FUTR3D  

pts_bbox_head.transformer.decoder.layers.5.attentions.0.2.layers.1.mamba.conv1d_x_f.weight - torch.Size([512, 1, 4]): 
Initialized by user-defined `init_weights` in FUTR3DHead  

pts_bbox_head.transformer.decoder.layers.5.attentions.0.2.layers.1.mamba.conv1d_x_f.bias - torch.Size([512]): 
The value is the same before and after calling `init_weights` of FUTR3D  

pts_bbox_head.transformer.decoder.layers.5.attentions.0.2.layers.1.mamba.conv1d_z_f.weight - torch.Size([512, 1, 4]): 
Initialized by user-defined `init_weights` in FUTR3DHead  

pts_bbox_head.transformer.decoder.layers.5.attentions.0.2.layers.1.mamba.conv1d_z_f.bias - torch.Size([512]): 
The value is the same before and after calling `init_weights` of FUTR3D  

pts_bbox_head.transformer.decoder.layers.5.attentions.0.2.layers.1.mamba.conv1d_x_b.weight - torch.Size([512, 1, 4]): 
Initialized by user-defined `init_weights` in FUTR3DHead  

pts_bbox_head.transformer.decoder.layers.5.attentions.0.2.layers.1.mamba.conv1d_x_b.bias - torch.Size([512]): 
The value is the same before and after calling `init_weights` of FUTR3D  

pts_bbox_head.transformer.decoder.layers.5.attentions.0.2.layers.1.mamba.conv1d_z_b.weight - torch.Size([512, 1, 4]): 
Initialized by user-defined `init_weights` in FUTR3DHead  

pts_bbox_head.transformer.decoder.layers.5.attentions.0.2.layers.1.mamba.conv1d_z_b.bias - torch.Size([512]): 
The value is the same before and after calling `init_weights` of FUTR3D  

pts_bbox_head.transformer.decoder.layers.5.attentions.0.2.layers.1.mamba.conv1d_x_xy_f.weight - torch.Size([512, 1, 4]): 
Initialized by user-defined `init_weights` in FUTR3DHead  

pts_bbox_head.transformer.decoder.layers.5.attentions.0.2.layers.1.mamba.conv1d_x_xy_f.bias - torch.Size([512]): 
The value is the same before and after calling `init_weights` of FUTR3D  

pts_bbox_head.transformer.decoder.layers.5.attentions.0.2.layers.1.mamba.conv1d_z_xy_f.weight - torch.Size([512, 1, 4]): 
Initialized by user-defined `init_weights` in FUTR3DHead  

pts_bbox_head.transformer.decoder.layers.5.attentions.0.2.layers.1.mamba.conv1d_z_xy_f.bias - torch.Size([512]): 
The value is the same before and after calling `init_weights` of FUTR3D  

pts_bbox_head.transformer.decoder.layers.5.attentions.0.2.layers.1.mamba.conv1d_x_xy_b.weight - torch.Size([512, 1, 4]): 
Initialized by user-defined `init_weights` in FUTR3DHead  

pts_bbox_head.transformer.decoder.layers.5.attentions.0.2.layers.1.mamba.conv1d_x_xy_b.bias - torch.Size([512]): 
The value is the same before and after calling `init_weights` of FUTR3D  

pts_bbox_head.transformer.decoder.layers.5.attentions.0.2.layers.1.mamba.conv1d_z_xy_b.weight - torch.Size([512, 1, 4]): 
Initialized by user-defined `init_weights` in FUTR3DHead  

pts_bbox_head.transformer.decoder.layers.5.attentions.0.2.layers.1.mamba.conv1d_z_xy_b.bias - torch.Size([512]): 
The value is the same before and after calling `init_weights` of FUTR3D  

pts_bbox_head.transformer.decoder.layers.5.attentions.0.2.layers.1.mamba.out_proj.weight - torch.Size([256, 2048]): 
Initialized by user-defined `init_weights` in FUTR3DHead  

pts_bbox_head.transformer.decoder.layers.5.attentions.0.2.layers.1.mamba.global_proj.weight - torch.Size([2048, 2048]): 
Initialized by user-defined `init_weights` in FUTR3DHead  

pts_bbox_head.transformer.decoder.layers.5.attentions.0.2.layers.1.mamba.global_proj.bias - torch.Size([2048]): 
The value is the same before and after calling `init_weights` of FUTR3D  

pts_bbox_head.transformer.decoder.layers.5.attentions.0.2.layers.1.norm.weight - torch.Size([256]): 
The value is the same before and after calling `init_weights` of FUTR3D  

pts_bbox_head.transformer.decoder.layers.5.attentions.0.2.layers.1.mlp.gate_proj.weight - torch.Size([1024, 256]): 
Initialized by user-defined `init_weights` in FUTR3DHead  

pts_bbox_head.transformer.decoder.layers.5.attentions.0.2.layers.1.mlp.up_proj.weight - torch.Size([1024, 256]): 
Initialized by user-defined `init_weights` in FUTR3DHead  

pts_bbox_head.transformer.decoder.layers.5.attentions.0.2.layers.1.mlp.down_proj.weight - torch.Size([256, 1024]): 
Initialized by user-defined `init_weights` in FUTR3DHead  

pts_bbox_head.transformer.decoder.layers.5.attentions.1.sampling_offsets.weight - torch.Size([256, 256]): 
Initialized by user-defined `init_weights` in FUTR3DHead  

pts_bbox_head.transformer.decoder.layers.5.attentions.1.sampling_offsets.bias - torch.Size([256]): 
The value is the same before and after calling `init_weights` of FUTR3D  

pts_bbox_head.transformer.decoder.layers.5.attentions.1.attention_weights.weight - torch.Size([128, 256]): 
Initialized by user-defined `init_weights` in FUTR3DHead  

pts_bbox_head.transformer.decoder.layers.5.attentions.1.attention_weights.bias - torch.Size([128]): 
The value is the same before and after calling `init_weights` of FUTR3D  

pts_bbox_head.transformer.decoder.layers.5.attentions.1.value_proj.weight - torch.Size([256, 256]): 
Initialized by user-defined `init_weights` in FUTR3DHead  

pts_bbox_head.transformer.decoder.layers.5.attentions.1.value_proj.bias - torch.Size([256]): 
The value is the same before and after calling `init_weights` of FUTR3D  

pts_bbox_head.transformer.decoder.layers.5.attentions.1.output_proj.weight - torch.Size([256, 256]): 
Initialized by user-defined `init_weights` in FUTR3DHead  

pts_bbox_head.transformer.decoder.layers.5.attentions.1.output_proj.bias - torch.Size([256]): 
The value is the same before and after calling `init_weights` of FUTR3D  

pts_bbox_head.transformer.decoder.layers.5.attentions.1.img_attention_weights.weight - torch.Size([24, 256]): 
Initialized by user-defined `init_weights` in FUTR3DHead  

pts_bbox_head.transformer.decoder.layers.5.attentions.1.img_attention_weights.bias - torch.Size([24]): 
The value is the same before and after calling `init_weights` of FUTR3D  

pts_bbox_head.transformer.decoder.layers.5.attentions.1.img_output_proj.weight - torch.Size([256, 256]): 
Initialized by user-defined `init_weights` in FUTR3DHead  

pts_bbox_head.transformer.decoder.layers.5.attentions.1.img_output_proj.bias - torch.Size([256]): 
The value is the same before and after calling `init_weights` of FUTR3D  

pts_bbox_head.transformer.decoder.layers.5.attentions.1.position_encoder.0.weight - torch.Size([256, 3]): 
Initialized by user-defined `init_weights` in FUTR3DHead  

pts_bbox_head.transformer.decoder.layers.5.attentions.1.position_encoder.0.bias - torch.Size([256]): 
The value is the same before and after calling `init_weights` of FUTR3D  

pts_bbox_head.transformer.decoder.layers.5.attentions.1.position_encoder.1.weight - torch.Size([256]): 
The value is the same before and after calling `init_weights` of FUTR3D  

pts_bbox_head.transformer.decoder.layers.5.attentions.1.position_encoder.1.bias - torch.Size([256]): 
The value is the same before and after calling `init_weights` of FUTR3D  

pts_bbox_head.transformer.decoder.layers.5.attentions.1.position_encoder.3.weight - torch.Size([256, 256]): 
Initialized by user-defined `init_weights` in FUTR3DHead  

pts_bbox_head.transformer.decoder.layers.5.attentions.1.position_encoder.3.bias - torch.Size([256]): 
The value is the same before and after calling `init_weights` of FUTR3D  

pts_bbox_head.transformer.decoder.layers.5.attentions.1.position_encoder.4.weight - torch.Size([256]): 
The value is the same before and after calling `init_weights` of FUTR3D  

pts_bbox_head.transformer.decoder.layers.5.attentions.1.position_encoder.4.bias - torch.Size([256]): 
The value is the same before and after calling `init_weights` of FUTR3D  

pts_bbox_head.transformer.decoder.layers.5.attentions.1.modality_fusion_layer.0.weight - torch.Size([256, 1024]): 
Initialized by user-defined `init_weights` in FUTR3DHead  

pts_bbox_head.transformer.decoder.layers.5.attentions.1.modality_fusion_layer.0.bias - torch.Size([256]): 
The value is the same before and after calling `init_weights` of FUTR3D  

pts_bbox_head.transformer.decoder.layers.5.attentions.1.modality_fusion_layer.1.weight - torch.Size([256]): 
The value is the same before and after calling `init_weights` of FUTR3D  

pts_bbox_head.transformer.decoder.layers.5.attentions.1.modality_fusion_layer.1.bias - torch.Size([256]): 
The value is the same before and after calling `init_weights` of FUTR3D  

pts_bbox_head.transformer.decoder.layers.5.attentions.1.modality_fusion_layer.3.weight - torch.Size([256, 256]): 
Initialized by user-defined `init_weights` in FUTR3DHead  

pts_bbox_head.transformer.decoder.layers.5.attentions.1.modality_fusion_layer.3.bias - torch.Size([256]): 
The value is the same before and after calling `init_weights` of FUTR3D  

pts_bbox_head.transformer.decoder.layers.5.attentions.1.modality_fusion_layer.4.weight - torch.Size([256]): 
The value is the same before and after calling `init_weights` of FUTR3D  

pts_bbox_head.transformer.decoder.layers.5.attentions.1.modality_fusion_layer.4.bias - torch.Size([256]): 
The value is the same before and after calling `init_weights` of FUTR3D  

pts_bbox_head.transformer.decoder.layers.5.attentions.1.camera_mixer.layers_LGC.0.A_log_h2t - torch.Size([512, 32]): 
Initialized by user-defined `init_weights` in FUTR3DHead  

pts_bbox_head.transformer.decoder.layers.5.attentions.1.camera_mixer.layers_LGC.0.D_h2t - torch.Size([512]): 
The value is the same before and after calling `init_weights` of FUTR3D  

pts_bbox_head.transformer.decoder.layers.5.attentions.1.camera_mixer.layers_LGC.0.A_log_t2h - torch.Size([512, 32]): 
Initialized by user-defined `init_weights` in FUTR3DHead  

pts_bbox_head.transformer.decoder.layers.5.attentions.1.camera_mixer.layers_LGC.0.D_t2h - torch.Size([512]): 
The value is the same before and after calling `init_weights` of FUTR3D  

pts_bbox_head.transformer.decoder.layers.5.attentions.1.camera_mixer.layers_LGC.0.in_proj.weight - torch.Size([1024, 256]): 
Initialized by user-defined `init_weights` in FUTR3DHead  

pts_bbox_head.transformer.decoder.layers.5.attentions.1.camera_mixer.layers_LGC.0.in_proj_lidar.weight - torch.Size([512, 256]): 
Initialized by user-defined `init_weights` in FUTR3DHead  

pts_bbox_head.transformer.decoder.layers.5.attentions.1.camera_mixer.layers_LGC.0.conv1d_h2t.weight - torch.Size([512, 1, 4]): 
Initialized by user-defined `init_weights` in FUTR3DHead  

pts_bbox_head.transformer.decoder.layers.5.attentions.1.camera_mixer.layers_LGC.0.conv1d_h2t.bias - torch.Size([512]): 
The value is the same before and after calling `init_weights` of FUTR3D  

pts_bbox_head.transformer.decoder.layers.5.attentions.1.camera_mixer.layers_LGC.0.x_proj_h2t.weight - torch.Size([80, 512]): 
Initialized by user-defined `init_weights` in FUTR3DHead  

pts_bbox_head.transformer.decoder.layers.5.attentions.1.camera_mixer.layers_LGC.0.dt_proj_h2t.weight - torch.Size([512, 16]): 
Initialized by user-defined `init_weights` in FUTR3DHead  

pts_bbox_head.transformer.decoder.layers.5.attentions.1.camera_mixer.layers_LGC.0.dt_proj_h2t.bias - torch.Size([512]): 
The value is the same before and after calling `init_weights` of FUTR3D  

pts_bbox_head.transformer.decoder.layers.5.attentions.1.camera_mixer.layers_LGC.0.conv1d_t2h.weight - torch.Size([512, 1, 4]): 
Initialized by user-defined `init_weights` in FUTR3DHead  

pts_bbox_head.transformer.decoder.layers.5.attentions.1.camera_mixer.layers_LGC.0.conv1d_t2h.bias - torch.Size([512]): 
The value is the same before and after calling `init_weights` of FUTR3D  

pts_bbox_head.transformer.decoder.layers.5.attentions.1.camera_mixer.layers_LGC.0.x_proj_t2h.weight - torch.Size([80, 512]): 
Initialized by user-defined `init_weights` in FUTR3DHead  

pts_bbox_head.transformer.decoder.layers.5.attentions.1.camera_mixer.layers_LGC.0.dt_proj_t2h.weight - torch.Size([512, 16]): 
Initialized by user-defined `init_weights` in FUTR3DHead  

pts_bbox_head.transformer.decoder.layers.5.attentions.1.camera_mixer.layers_LGC.0.dt_proj_t2h.bias - torch.Size([512]): 
The value is the same before and after calling `init_weights` of FUTR3D  

pts_bbox_head.transformer.decoder.layers.5.attentions.1.camera_mixer.layers_LGC.0.lidar_guidance_proj.weight - torch.Size([512, 512]): 
Initialized by user-defined `init_weights` in FUTR3DHead  

pts_bbox_head.transformer.decoder.layers.5.attentions.1.camera_mixer.layers_LGC.0.lidar_guidance_proj.bias - torch.Size([512]): 
The value is the same before and after calling `init_weights` of FUTR3D  

pts_bbox_head.transformer.decoder.layers.5.attentions.1.camera_mixer.layers_LGC.0.out_proj.weight - torch.Size([256, 512]): 
Initialized by user-defined `init_weights` in FUTR3DHead  

pts_bbox_head.transformer.decoder.layers.5.attentions.1.camera_mixer.layers_LGC.1.A_log_h2t - torch.Size([512, 32]): 
Initialized by user-defined `init_weights` in FUTR3DHead  

pts_bbox_head.transformer.decoder.layers.5.attentions.1.camera_mixer.layers_LGC.1.D_h2t - torch.Size([512]): 
The value is the same before and after calling `init_weights` of FUTR3D  

pts_bbox_head.transformer.decoder.layers.5.attentions.1.camera_mixer.layers_LGC.1.A_log_t2h - torch.Size([512, 32]): 
Initialized by user-defined `init_weights` in FUTR3DHead  

pts_bbox_head.transformer.decoder.layers.5.attentions.1.camera_mixer.layers_LGC.1.D_t2h - torch.Size([512]): 
The value is the same before and after calling `init_weights` of FUTR3D  

pts_bbox_head.transformer.decoder.layers.5.attentions.1.camera_mixer.layers_LGC.1.in_proj.weight - torch.Size([1024, 256]): 
Initialized by user-defined `init_weights` in FUTR3DHead  

pts_bbox_head.transformer.decoder.layers.5.attentions.1.camera_mixer.layers_LGC.1.in_proj_lidar.weight - torch.Size([512, 256]): 
Initialized by user-defined `init_weights` in FUTR3DHead  

pts_bbox_head.transformer.decoder.layers.5.attentions.1.camera_mixer.layers_LGC.1.conv1d_h2t.weight - torch.Size([512, 1, 4]): 
Initialized by user-defined `init_weights` in FUTR3DHead  

pts_bbox_head.transformer.decoder.layers.5.attentions.1.camera_mixer.layers_LGC.1.conv1d_h2t.bias - torch.Size([512]): 
The value is the same before and after calling `init_weights` of FUTR3D  

pts_bbox_head.transformer.decoder.layers.5.attentions.1.camera_mixer.layers_LGC.1.x_proj_h2t.weight - torch.Size([80, 512]): 
Initialized by user-defined `init_weights` in FUTR3DHead  

pts_bbox_head.transformer.decoder.layers.5.attentions.1.camera_mixer.layers_LGC.1.dt_proj_h2t.weight - torch.Size([512, 16]): 
Initialized by user-defined `init_weights` in FUTR3DHead  

pts_bbox_head.transformer.decoder.layers.5.attentions.1.camera_mixer.layers_LGC.1.dt_proj_h2t.bias - torch.Size([512]): 
The value is the same before and after calling `init_weights` of FUTR3D  

pts_bbox_head.transformer.decoder.layers.5.attentions.1.camera_mixer.layers_LGC.1.conv1d_t2h.weight - torch.Size([512, 1, 4]): 
Initialized by user-defined `init_weights` in FUTR3DHead  

pts_bbox_head.transformer.decoder.layers.5.attentions.1.camera_mixer.layers_LGC.1.conv1d_t2h.bias - torch.Size([512]): 
The value is the same before and after calling `init_weights` of FUTR3D  

pts_bbox_head.transformer.decoder.layers.5.attentions.1.camera_mixer.layers_LGC.1.x_proj_t2h.weight - torch.Size([80, 512]): 
Initialized by user-defined `init_weights` in FUTR3DHead  

pts_bbox_head.transformer.decoder.layers.5.attentions.1.camera_mixer.layers_LGC.1.dt_proj_t2h.weight - torch.Size([512, 16]): 
Initialized by user-defined `init_weights` in FUTR3DHead  

pts_bbox_head.transformer.decoder.layers.5.attentions.1.camera_mixer.layers_LGC.1.dt_proj_t2h.bias - torch.Size([512]): 
The value is the same before and after calling `init_weights` of FUTR3D  

pts_bbox_head.transformer.decoder.layers.5.attentions.1.camera_mixer.layers_LGC.1.lidar_guidance_proj.weight - torch.Size([512, 512]): 
Initialized by user-defined `init_weights` in FUTR3DHead  

pts_bbox_head.transformer.decoder.layers.5.attentions.1.camera_mixer.layers_LGC.1.lidar_guidance_proj.bias - torch.Size([512]): 
The value is the same before and after calling `init_weights` of FUTR3D  

pts_bbox_head.transformer.decoder.layers.5.attentions.1.camera_mixer.layers_LGC.1.out_proj.weight - torch.Size([256, 512]): 
Initialized by user-defined `init_weights` in FUTR3DHead  

pts_bbox_head.transformer.decoder.layers.5.attentions.1.camera_mixer.layers_CGL.0.A_log_h2t - torch.Size([512, 32]): 
Initialized by user-defined `init_weights` in FUTR3DHead  

pts_bbox_head.transformer.decoder.layers.5.attentions.1.camera_mixer.layers_CGL.0.D_h2t - torch.Size([512]): 
The value is the same before and after calling `init_weights` of FUTR3D  

pts_bbox_head.transformer.decoder.layers.5.attentions.1.camera_mixer.layers_CGL.0.A_log_t2h - torch.Size([512, 32]): 
Initialized by user-defined `init_weights` in FUTR3DHead  

pts_bbox_head.transformer.decoder.layers.5.attentions.1.camera_mixer.layers_CGL.0.D_t2h - torch.Size([512]): 
The value is the same before and after calling `init_weights` of FUTR3D  

pts_bbox_head.transformer.decoder.layers.5.attentions.1.camera_mixer.layers_CGL.0.in_proj.weight - torch.Size([1024, 256]): 
Initialized by user-defined `init_weights` in FUTR3DHead  

pts_bbox_head.transformer.decoder.layers.5.attentions.1.camera_mixer.layers_CGL.0.in_proj_lidar.weight - torch.Size([512, 256]): 
Initialized by user-defined `init_weights` in FUTR3DHead  

pts_bbox_head.transformer.decoder.layers.5.attentions.1.camera_mixer.layers_CGL.0.conv1d_h2t.weight - torch.Size([512, 1, 4]): 
Initialized by user-defined `init_weights` in FUTR3DHead  

pts_bbox_head.transformer.decoder.layers.5.attentions.1.camera_mixer.layers_CGL.0.conv1d_h2t.bias - torch.Size([512]): 
The value is the same before and after calling `init_weights` of FUTR3D  

pts_bbox_head.transformer.decoder.layers.5.attentions.1.camera_mixer.layers_CGL.0.x_proj_h2t.weight - torch.Size([80, 512]): 
Initialized by user-defined `init_weights` in FUTR3DHead  

pts_bbox_head.transformer.decoder.layers.5.attentions.1.camera_mixer.layers_CGL.0.dt_proj_h2t.weight - torch.Size([512, 16]): 
Initialized by user-defined `init_weights` in FUTR3DHead  

pts_bbox_head.transformer.decoder.layers.5.attentions.1.camera_mixer.layers_CGL.0.dt_proj_h2t.bias - torch.Size([512]): 
The value is the same before and after calling `init_weights` of FUTR3D  

pts_bbox_head.transformer.decoder.layers.5.attentions.1.camera_mixer.layers_CGL.0.conv1d_t2h.weight - torch.Size([512, 1, 4]): 
Initialized by user-defined `init_weights` in FUTR3DHead  

pts_bbox_head.transformer.decoder.layers.5.attentions.1.camera_mixer.layers_CGL.0.conv1d_t2h.bias - torch.Size([512]): 
The value is the same before and after calling `init_weights` of FUTR3D  

pts_bbox_head.transformer.decoder.layers.5.attentions.1.camera_mixer.layers_CGL.0.x_proj_t2h.weight - torch.Size([80, 512]): 
Initialized by user-defined `init_weights` in FUTR3DHead  

pts_bbox_head.transformer.decoder.layers.5.attentions.1.camera_mixer.layers_CGL.0.dt_proj_t2h.weight - torch.Size([512, 16]): 
Initialized by user-defined `init_weights` in FUTR3DHead  

pts_bbox_head.transformer.decoder.layers.5.attentions.1.camera_mixer.layers_CGL.0.dt_proj_t2h.bias - torch.Size([512]): 
The value is the same before and after calling `init_weights` of FUTR3D  

pts_bbox_head.transformer.decoder.layers.5.attentions.1.camera_mixer.layers_CGL.0.lidar_guidance_proj.weight - torch.Size([512, 512]): 
Initialized by user-defined `init_weights` in FUTR3DHead  

pts_bbox_head.transformer.decoder.layers.5.attentions.1.camera_mixer.layers_CGL.0.lidar_guidance_proj.bias - torch.Size([512]): 
The value is the same before and after calling `init_weights` of FUTR3D  

pts_bbox_head.transformer.decoder.layers.5.attentions.1.camera_mixer.layers_CGL.0.out_proj.weight - torch.Size([256, 512]): 
Initialized by user-defined `init_weights` in FUTR3DHead  

pts_bbox_head.transformer.decoder.layers.5.attentions.1.camera_mixer.layers_CGL.1.A_log_h2t - torch.Size([512, 32]): 
Initialized by user-defined `init_weights` in FUTR3DHead  

pts_bbox_head.transformer.decoder.layers.5.attentions.1.camera_mixer.layers_CGL.1.D_h2t - torch.Size([512]): 
The value is the same before and after calling `init_weights` of FUTR3D  

pts_bbox_head.transformer.decoder.layers.5.attentions.1.camera_mixer.layers_CGL.1.A_log_t2h - torch.Size([512, 32]): 
Initialized by user-defined `init_weights` in FUTR3DHead  

pts_bbox_head.transformer.decoder.layers.5.attentions.1.camera_mixer.layers_CGL.1.D_t2h - torch.Size([512]): 
The value is the same before and after calling `init_weights` of FUTR3D  

pts_bbox_head.transformer.decoder.layers.5.attentions.1.camera_mixer.layers_CGL.1.in_proj.weight - torch.Size([1024, 256]): 
Initialized by user-defined `init_weights` in FUTR3DHead  

pts_bbox_head.transformer.decoder.layers.5.attentions.1.camera_mixer.layers_CGL.1.in_proj_lidar.weight - torch.Size([512, 256]): 
Initialized by user-defined `init_weights` in FUTR3DHead  

pts_bbox_head.transformer.decoder.layers.5.attentions.1.camera_mixer.layers_CGL.1.conv1d_h2t.weight - torch.Size([512, 1, 4]): 
Initialized by user-defined `init_weights` in FUTR3DHead  

pts_bbox_head.transformer.decoder.layers.5.attentions.1.camera_mixer.layers_CGL.1.conv1d_h2t.bias - torch.Size([512]): 
The value is the same before and after calling `init_weights` of FUTR3D  

pts_bbox_head.transformer.decoder.layers.5.attentions.1.camera_mixer.layers_CGL.1.x_proj_h2t.weight - torch.Size([80, 512]): 
Initialized by user-defined `init_weights` in FUTR3DHead  

pts_bbox_head.transformer.decoder.layers.5.attentions.1.camera_mixer.layers_CGL.1.dt_proj_h2t.weight - torch.Size([512, 16]): 
Initialized by user-defined `init_weights` in FUTR3DHead  

pts_bbox_head.transformer.decoder.layers.5.attentions.1.camera_mixer.layers_CGL.1.dt_proj_h2t.bias - torch.Size([512]): 
The value is the same before and after calling `init_weights` of FUTR3D  

pts_bbox_head.transformer.decoder.layers.5.attentions.1.camera_mixer.layers_CGL.1.conv1d_t2h.weight - torch.Size([512, 1, 4]): 
Initialized by user-defined `init_weights` in FUTR3DHead  

pts_bbox_head.transformer.decoder.layers.5.attentions.1.camera_mixer.layers_CGL.1.conv1d_t2h.bias - torch.Size([512]): 
The value is the same before and after calling `init_weights` of FUTR3D  

pts_bbox_head.transformer.decoder.layers.5.attentions.1.camera_mixer.layers_CGL.1.x_proj_t2h.weight - torch.Size([80, 512]): 
Initialized by user-defined `init_weights` in FUTR3DHead  

pts_bbox_head.transformer.decoder.layers.5.attentions.1.camera_mixer.layers_CGL.1.dt_proj_t2h.weight - torch.Size([512, 16]): 
Initialized by user-defined `init_weights` in FUTR3DHead  

pts_bbox_head.transformer.decoder.layers.5.attentions.1.camera_mixer.layers_CGL.1.dt_proj_t2h.bias - torch.Size([512]): 
The value is the same before and after calling `init_weights` of FUTR3D  

pts_bbox_head.transformer.decoder.layers.5.attentions.1.camera_mixer.layers_CGL.1.lidar_guidance_proj.weight - torch.Size([512, 512]): 
Initialized by user-defined `init_weights` in FUTR3DHead  

pts_bbox_head.transformer.decoder.layers.5.attentions.1.camera_mixer.layers_CGL.1.lidar_guidance_proj.bias - torch.Size([512]): 
The value is the same before and after calling `init_weights` of FUTR3D  

pts_bbox_head.transformer.decoder.layers.5.attentions.1.camera_mixer.layers_CGL.1.out_proj.weight - torch.Size([256, 512]): 
Initialized by user-defined `init_weights` in FUTR3DHead  

pts_bbox_head.transformer.decoder.layers.5.attentions.1.camera_mixer.norm_L.0.weight - torch.Size([256]): 
The value is the same before and after calling `init_weights` of FUTR3D  

pts_bbox_head.transformer.decoder.layers.5.attentions.1.camera_mixer.norm_L.0.bias - torch.Size([256]): 
The value is the same before and after calling `init_weights` of FUTR3D  

pts_bbox_head.transformer.decoder.layers.5.attentions.1.camera_mixer.norm_L.1.weight - torch.Size([256]): 
The value is the same before and after calling `init_weights` of FUTR3D  

pts_bbox_head.transformer.decoder.layers.5.attentions.1.camera_mixer.norm_L.1.bias - torch.Size([256]): 
The value is the same before and after calling `init_weights` of FUTR3D  

pts_bbox_head.transformer.decoder.layers.5.attentions.1.camera_mixer.norm_C.0.weight - torch.Size([256]): 
The value is the same before and after calling `init_weights` of FUTR3D  

pts_bbox_head.transformer.decoder.layers.5.attentions.1.camera_mixer.norm_C.0.bias - torch.Size([256]): 
The value is the same before and after calling `init_weights` of FUTR3D  

pts_bbox_head.transformer.decoder.layers.5.attentions.1.camera_mixer.norm_C.1.weight - torch.Size([256]): 
The value is the same before and after calling `init_weights` of FUTR3D  

pts_bbox_head.transformer.decoder.layers.5.attentions.1.camera_mixer.norm_C.1.bias - torch.Size([256]): 
The value is the same before and after calling `init_weights` of FUTR3D  

pts_bbox_head.transformer.decoder.layers.5.attentions.1.camera_mixer.ffn_block_L.0.ffn.0.weight - torch.Size([1024, 256]): 
Initialized by user-defined `init_weights` in FUTR3DHead  

pts_bbox_head.transformer.decoder.layers.5.attentions.1.camera_mixer.ffn_block_L.0.ffn.0.bias - torch.Size([1024]): 
The value is the same before and after calling `init_weights` of FUTR3D  

pts_bbox_head.transformer.decoder.layers.5.attentions.1.camera_mixer.ffn_block_L.0.ffn.3.weight - torch.Size([256, 1024]): 
Initialized by user-defined `init_weights` in FUTR3DHead  

pts_bbox_head.transformer.decoder.layers.5.attentions.1.camera_mixer.ffn_block_L.0.ffn.3.bias - torch.Size([256]): 
The value is the same before and after calling `init_weights` of FUTR3D  

pts_bbox_head.transformer.decoder.layers.5.attentions.1.camera_mixer.ffn_block_L.1.ffn.0.weight - torch.Size([1024, 256]): 
Initialized by user-defined `init_weights` in FUTR3DHead  

pts_bbox_head.transformer.decoder.layers.5.attentions.1.camera_mixer.ffn_block_L.1.ffn.0.bias - torch.Size([1024]): 
The value is the same before and after calling `init_weights` of FUTR3D  

pts_bbox_head.transformer.decoder.layers.5.attentions.1.camera_mixer.ffn_block_L.1.ffn.3.weight - torch.Size([256, 1024]): 
Initialized by user-defined `init_weights` in FUTR3DHead  

pts_bbox_head.transformer.decoder.layers.5.attentions.1.camera_mixer.ffn_block_L.1.ffn.3.bias - torch.Size([256]): 
The value is the same before and after calling `init_weights` of FUTR3D  

pts_bbox_head.transformer.decoder.layers.5.attentions.1.camera_mixer.ffn_block_C.0.ffn.0.weight - torch.Size([1024, 256]): 
Initialized by user-defined `init_weights` in FUTR3DHead  

pts_bbox_head.transformer.decoder.layers.5.attentions.1.camera_mixer.ffn_block_C.0.ffn.0.bias - torch.Size([1024]): 
The value is the same before and after calling `init_weights` of FUTR3D  

pts_bbox_head.transformer.decoder.layers.5.attentions.1.camera_mixer.ffn_block_C.0.ffn.3.weight - torch.Size([256, 1024]): 
Initialized by user-defined `init_weights` in FUTR3DHead  

pts_bbox_head.transformer.decoder.layers.5.attentions.1.camera_mixer.ffn_block_C.0.ffn.3.bias - torch.Size([256]): 
The value is the same before and after calling `init_weights` of FUTR3D  

pts_bbox_head.transformer.decoder.layers.5.attentions.1.camera_mixer.ffn_block_C.1.ffn.0.weight - torch.Size([1024, 256]): 
Initialized by user-defined `init_weights` in FUTR3DHead  

pts_bbox_head.transformer.decoder.layers.5.attentions.1.camera_mixer.ffn_block_C.1.ffn.0.bias - torch.Size([1024]): 
The value is the same before and after calling `init_weights` of FUTR3D  

pts_bbox_head.transformer.decoder.layers.5.attentions.1.camera_mixer.ffn_block_C.1.ffn.3.weight - torch.Size([256, 1024]): 
Initialized by user-defined `init_weights` in FUTR3DHead  

pts_bbox_head.transformer.decoder.layers.5.attentions.1.camera_mixer.ffn_block_C.1.ffn.3.bias - torch.Size([256]): 
The value is the same before and after calling `init_weights` of FUTR3D  

pts_bbox_head.transformer.decoder.layers.5.attentions.1.camera_mixer.ffn_norm_L.0.weight - torch.Size([256]): 
The value is the same before and after calling `init_weights` of FUTR3D  

pts_bbox_head.transformer.decoder.layers.5.attentions.1.camera_mixer.ffn_norm_L.0.bias - torch.Size([256]): 
The value is the same before and after calling `init_weights` of FUTR3D  

pts_bbox_head.transformer.decoder.layers.5.attentions.1.camera_mixer.ffn_norm_L.1.weight - torch.Size([256]): 
The value is the same before and after calling `init_weights` of FUTR3D  

pts_bbox_head.transformer.decoder.layers.5.attentions.1.camera_mixer.ffn_norm_L.1.bias - torch.Size([256]): 
The value is the same before and after calling `init_weights` of FUTR3D  

pts_bbox_head.transformer.decoder.layers.5.attentions.1.camera_mixer.ffn_norm_C.0.weight - torch.Size([256]): 
The value is the same before and after calling `init_weights` of FUTR3D  

pts_bbox_head.transformer.decoder.layers.5.attentions.1.camera_mixer.ffn_norm_C.0.bias - torch.Size([256]): 
The value is the same before and after calling `init_weights` of FUTR3D  

pts_bbox_head.transformer.decoder.layers.5.attentions.1.camera_mixer.ffn_norm_C.1.weight - torch.Size([256]): 
The value is the same before and after calling `init_weights` of FUTR3D  

pts_bbox_head.transformer.decoder.layers.5.attentions.1.camera_mixer.ffn_norm_C.1.bias - torch.Size([256]): 
The value is the same before and after calling `init_weights` of FUTR3D  

pts_bbox_head.transformer.decoder.layers.5.ffns.0.layers.0.0.weight - torch.Size([1024, 256]): 
Initialized by user-defined `init_weights` in FUTR3DHead  

pts_bbox_head.transformer.decoder.layers.5.ffns.0.layers.0.0.bias - torch.Size([1024]): 
The value is the same before and after calling `init_weights` of FUTR3D  

pts_bbox_head.transformer.decoder.layers.5.ffns.0.layers.1.weight - torch.Size([256, 1024]): 
Initialized by user-defined `init_weights` in FUTR3DHead  

pts_bbox_head.transformer.decoder.layers.5.ffns.0.layers.1.bias - torch.Size([256]): 
The value is the same before and after calling `init_weights` of FUTR3D  

pts_bbox_head.transformer.decoder.layers.5.norms.0.weight - torch.Size([256]): 
The value is the same before and after calling `init_weights` of FUTR3D  

pts_bbox_head.transformer.decoder.layers.5.norms.0.bias - torch.Size([256]): 
The value is the same before and after calling `init_weights` of FUTR3D  

pts_bbox_head.transformer.decoder.layers.5.norms.1.weight - torch.Size([256]): 
The value is the same before and after calling `init_weights` of FUTR3D  

pts_bbox_head.transformer.decoder.layers.5.norms.1.bias - torch.Size([256]): 
The value is the same before and after calling `init_weights` of FUTR3D  

pts_bbox_head.transformer.decoder.layers.5.norms.2.weight - torch.Size([256]): 
The value is the same before and after calling `init_weights` of FUTR3D  

pts_bbox_head.transformer.decoder.layers.5.norms.2.bias - torch.Size([256]): 
The value is the same before and after calling `init_weights` of FUTR3D  

pts_bbox_head.transformer.decoder.query_scale.layers.0.weight - torch.Size([256, 256]): 
Initialized by user-defined `init_weights` in FUTR3DHead  

pts_bbox_head.transformer.decoder.query_scale.layers.0.bias - torch.Size([256]): 
The value is the same before and after calling `init_weights` of FUTR3D  

pts_bbox_head.transformer.decoder.query_scale.layers.1.weight - torch.Size([256, 256]): 
Initialized by user-defined `init_weights` in FUTR3DHead  

pts_bbox_head.transformer.decoder.query_scale.layers.1.bias - torch.Size([256]): 
The value is the same before and after calling `init_weights` of FUTR3D  

pts_bbox_head.transformer.decoder.ref_point_head.layers.0.weight - torch.Size([256, 384]): 
Initialized by user-defined `init_weights` in FUTR3DHead  

pts_bbox_head.transformer.decoder.ref_point_head.layers.0.bias - torch.Size([256]): 
The value is the same before and after calling `init_weights` of FUTR3D  

pts_bbox_head.transformer.decoder.ref_point_head.layers.1.weight - torch.Size([256, 256]): 
Initialized by user-defined `init_weights` in FUTR3DHead  

pts_bbox_head.transformer.decoder.ref_point_head.layers.1.bias - torch.Size([256]): 
The value is the same before and after calling `init_weights` of FUTR3D  

pts_bbox_head.cls_branches.0.gate_proj.weight - torch.Size([1024, 256]): 
The value is the same before and after calling `init_weights` of FUTR3D  

pts_bbox_head.cls_branches.0.up_proj.weight - torch.Size([1024, 256]): 
The value is the same before and after calling `init_weights` of FUTR3D  

pts_bbox_head.cls_branches.0.down_proj.weight - torch.Size([10, 1024]): 
The value is the same before and after calling `init_weights` of FUTR3D  

pts_bbox_head.cls_branches.0.down_proj.bias - torch.Size([10]): 
Initialized by user-defined `init_weights` in FUTR3DHead  

pts_bbox_head.cls_branches.1.gate_proj.weight - torch.Size([1024, 256]): 
The value is the same before and after calling `init_weights` of FUTR3D  

pts_bbox_head.cls_branches.1.up_proj.weight - torch.Size([1024, 256]): 
The value is the same before and after calling `init_weights` of FUTR3D  

pts_bbox_head.cls_branches.1.down_proj.weight - torch.Size([10, 1024]): 
The value is the same before and after calling `init_weights` of FUTR3D  

pts_bbox_head.cls_branches.1.down_proj.bias - torch.Size([10]): 
Initialized by user-defined `init_weights` in FUTR3DHead  

pts_bbox_head.cls_branches.2.gate_proj.weight - torch.Size([1024, 256]): 
The value is the same before and after calling `init_weights` of FUTR3D  

pts_bbox_head.cls_branches.2.up_proj.weight - torch.Size([1024, 256]): 
The value is the same before and after calling `init_weights` of FUTR3D  

pts_bbox_head.cls_branches.2.down_proj.weight - torch.Size([10, 1024]): 
The value is the same before and after calling `init_weights` of FUTR3D  

pts_bbox_head.cls_branches.2.down_proj.bias - torch.Size([10]): 
Initialized by user-defined `init_weights` in FUTR3DHead  

pts_bbox_head.cls_branches.3.gate_proj.weight - torch.Size([1024, 256]): 
The value is the same before and after calling `init_weights` of FUTR3D  

pts_bbox_head.cls_branches.3.up_proj.weight - torch.Size([1024, 256]): 
The value is the same before and after calling `init_weights` of FUTR3D  

pts_bbox_head.cls_branches.3.down_proj.weight - torch.Size([10, 1024]): 
The value is the same before and after calling `init_weights` of FUTR3D  

pts_bbox_head.cls_branches.3.down_proj.bias - torch.Size([10]): 
Initialized by user-defined `init_weights` in FUTR3DHead  

pts_bbox_head.cls_branches.4.gate_proj.weight - torch.Size([1024, 256]): 
The value is the same before and after calling `init_weights` of FUTR3D  

pts_bbox_head.cls_branches.4.up_proj.weight - torch.Size([1024, 256]): 
The value is the same before and after calling `init_weights` of FUTR3D  

pts_bbox_head.cls_branches.4.down_proj.weight - torch.Size([10, 1024]): 
The value is the same before and after calling `init_weights` of FUTR3D  

pts_bbox_head.cls_branches.4.down_proj.bias - torch.Size([10]): 
Initialized by user-defined `init_weights` in FUTR3DHead  

pts_bbox_head.cls_branches.5.gate_proj.weight - torch.Size([1024, 256]): 
The value is the same before and after calling `init_weights` of FUTR3D  

pts_bbox_head.cls_branches.5.up_proj.weight - torch.Size([1024, 256]): 
The value is the same before and after calling `init_weights` of FUTR3D  

pts_bbox_head.cls_branches.5.down_proj.weight - torch.Size([10, 1024]): 
The value is the same before and after calling `init_weights` of FUTR3D  

pts_bbox_head.cls_branches.5.down_proj.bias - torch.Size([10]): 
Initialized by user-defined `init_weights` in FUTR3DHead  

pts_bbox_head.reg_branches.0.0.weight - torch.Size([256, 256]): 
The value is the same before and after calling `init_weights` of FUTR3D  

pts_bbox_head.reg_branches.0.0.bias - torch.Size([256]): 
The value is the same before and after calling `init_weights` of FUTR3D  

pts_bbox_head.reg_branches.0.2.weight - torch.Size([256, 256]): 
The value is the same before and after calling `init_weights` of FUTR3D  

pts_bbox_head.reg_branches.0.2.bias - torch.Size([256]): 
The value is the same before and after calling `init_weights` of FUTR3D  

pts_bbox_head.reg_branches.0.4.weight - torch.Size([10, 256]): 
Initialized by user-defined `init_weights` in FUTR3DHead  

pts_bbox_head.reg_branches.0.4.bias - torch.Size([10]): 
Initialized by user-defined `init_weights` in FUTR3DHead  

pts_bbox_head.reg_branches.1.0.weight - torch.Size([256, 256]): 
The value is the same before and after calling `init_weights` of FUTR3D  

pts_bbox_head.reg_branches.1.0.bias - torch.Size([256]): 
The value is the same before and after calling `init_weights` of FUTR3D  

pts_bbox_head.reg_branches.1.2.weight - torch.Size([256, 256]): 
The value is the same before and after calling `init_weights` of FUTR3D  

pts_bbox_head.reg_branches.1.2.bias - torch.Size([256]): 
The value is the same before and after calling `init_weights` of FUTR3D  

pts_bbox_head.reg_branches.1.4.weight - torch.Size([10, 256]): 
Initialized by user-defined `init_weights` in FUTR3DHead  

pts_bbox_head.reg_branches.1.4.bias - torch.Size([10]): 
Initialized by user-defined `init_weights` in FUTR3DHead  

pts_bbox_head.reg_branches.2.0.weight - torch.Size([256, 256]): 
The value is the same before and after calling `init_weights` of FUTR3D  

pts_bbox_head.reg_branches.2.0.bias - torch.Size([256]): 
The value is the same before and after calling `init_weights` of FUTR3D  

pts_bbox_head.reg_branches.2.2.weight - torch.Size([256, 256]): 
The value is the same before and after calling `init_weights` of FUTR3D  

pts_bbox_head.reg_branches.2.2.bias - torch.Size([256]): 
The value is the same before and after calling `init_weights` of FUTR3D  

pts_bbox_head.reg_branches.2.4.weight - torch.Size([10, 256]): 
Initialized by user-defined `init_weights` in FUTR3DHead  

pts_bbox_head.reg_branches.2.4.bias - torch.Size([10]): 
Initialized by user-defined `init_weights` in FUTR3DHead  

pts_bbox_head.reg_branches.3.0.weight - torch.Size([256, 256]): 
The value is the same before and after calling `init_weights` of FUTR3D  

pts_bbox_head.reg_branches.3.0.bias - torch.Size([256]): 
The value is the same before and after calling `init_weights` of FUTR3D  

pts_bbox_head.reg_branches.3.2.weight - torch.Size([256, 256]): 
The value is the same before and after calling `init_weights` of FUTR3D  

pts_bbox_head.reg_branches.3.2.bias - torch.Size([256]): 
The value is the same before and after calling `init_weights` of FUTR3D  

pts_bbox_head.reg_branches.3.4.weight - torch.Size([10, 256]): 
Initialized by user-defined `init_weights` in FUTR3DHead  

pts_bbox_head.reg_branches.3.4.bias - torch.Size([10]): 
Initialized by user-defined `init_weights` in FUTR3DHead  

pts_bbox_head.reg_branches.4.0.weight - torch.Size([256, 256]): 
The value is the same before and after calling `init_weights` of FUTR3D  

pts_bbox_head.reg_branches.4.0.bias - torch.Size([256]): 
The value is the same before and after calling `init_weights` of FUTR3D  

pts_bbox_head.reg_branches.4.2.weight - torch.Size([256, 256]): 
The value is the same before and after calling `init_weights` of FUTR3D  

pts_bbox_head.reg_branches.4.2.bias - torch.Size([256]): 
The value is the same before and after calling `init_weights` of FUTR3D  

pts_bbox_head.reg_branches.4.4.weight - torch.Size([10, 256]): 
Initialized by user-defined `init_weights` in FUTR3DHead  

pts_bbox_head.reg_branches.4.4.bias - torch.Size([10]): 
Initialized by user-defined `init_weights` in FUTR3DHead  

pts_bbox_head.reg_branches.5.0.weight - torch.Size([256, 256]): 
The value is the same before and after calling `init_weights` of FUTR3D  

pts_bbox_head.reg_branches.5.0.bias - torch.Size([256]): 
The value is the same before and after calling `init_weights` of FUTR3D  

pts_bbox_head.reg_branches.5.2.weight - torch.Size([256, 256]): 
The value is the same before and after calling `init_weights` of FUTR3D  

pts_bbox_head.reg_branches.5.2.bias - torch.Size([256]): 
The value is the same before and after calling `init_weights` of FUTR3D  

pts_bbox_head.reg_branches.5.4.weight - torch.Size([10, 256]): 
Initialized by user-defined `init_weights` in FUTR3DHead  

pts_bbox_head.reg_branches.5.4.bias - torch.Size([10]): 
Initialized by user-defined `init_weights` in FUTR3DHead  

pts_bbox_head.tgt_embed.weight - torch.Size([900, 256]): 
The value is the same before and after calling `init_weights` of FUTR3D  

pts_bbox_head.refpoint_embed.weight - torch.Size([900, 3]): 
The value is the same before and after calling `init_weights` of FUTR3D  

img_backbone.conv1.weight - torch.Size([64, 3, 7, 7]): 
KaimingInit: a=0, mode=fan_out, nonlinearity=relu, distribution =normal, bias=0 

img_backbone.bn1.weight - torch.Size([64]): 
The value is the same before and after calling `init_weights` of FUTR3D  

img_backbone.bn1.bias - torch.Size([64]): 
The value is the same before and after calling `init_weights` of FUTR3D  

img_backbone.layer1.0.conv1.weight - torch.Size([64, 64, 1, 1]): 
KaimingInit: a=0, mode=fan_out, nonlinearity=relu, distribution =normal, bias=0 

img_backbone.layer1.0.bn1.weight - torch.Size([64]): 
The value is the same before and after calling `init_weights` of FUTR3D  

img_backbone.layer1.0.bn1.bias - torch.Size([64]): 
The value is the same before and after calling `init_weights` of FUTR3D  

img_backbone.layer1.0.conv2.weight - torch.Size([64, 64, 3, 3]): 
KaimingInit: a=0, mode=fan_out, nonlinearity=relu, distribution =normal, bias=0 

img_backbone.layer1.0.bn2.weight - torch.Size([64]): 
The value is the same before and after calling `init_weights` of FUTR3D  

img_backbone.layer1.0.bn2.bias - torch.Size([64]): 
The value is the same before and after calling `init_weights` of FUTR3D  

img_backbone.layer1.0.conv3.weight - torch.Size([256, 64, 1, 1]): 
KaimingInit: a=0, mode=fan_out, nonlinearity=relu, distribution =normal, bias=0 

img_backbone.layer1.0.bn3.weight - torch.Size([256]): 
ConstantInit: val=0, bias=0 

img_backbone.layer1.0.bn3.bias - torch.Size([256]): 
The value is the same before and after calling `init_weights` of FUTR3D  

img_backbone.layer1.0.downsample.0.weight - torch.Size([256, 64, 1, 1]): 
KaimingInit: a=0, mode=fan_out, nonlinearity=relu, distribution =normal, bias=0 

img_backbone.layer1.0.downsample.1.weight - torch.Size([256]): 
The value is the same before and after calling `init_weights` of FUTR3D  

img_backbone.layer1.0.downsample.1.bias - torch.Size([256]): 
The value is the same before and after calling `init_weights` of FUTR3D  

img_backbone.layer1.1.conv1.weight - torch.Size([64, 256, 1, 1]): 
KaimingInit: a=0, mode=fan_out, nonlinearity=relu, distribution =normal, bias=0 

img_backbone.layer1.1.bn1.weight - torch.Size([64]): 
The value is the same before and after calling `init_weights` of FUTR3D  

img_backbone.layer1.1.bn1.bias - torch.Size([64]): 
The value is the same before and after calling `init_weights` of FUTR3D  

img_backbone.layer1.1.conv2.weight - torch.Size([64, 64, 3, 3]): 
KaimingInit: a=0, mode=fan_out, nonlinearity=relu, distribution =normal, bias=0 

img_backbone.layer1.1.bn2.weight - torch.Size([64]): 
The value is the same before and after calling `init_weights` of FUTR3D  

img_backbone.layer1.1.bn2.bias - torch.Size([64]): 
The value is the same before and after calling `init_weights` of FUTR3D  

img_backbone.layer1.1.conv3.weight - torch.Size([256, 64, 1, 1]): 
KaimingInit: a=0, mode=fan_out, nonlinearity=relu, distribution =normal, bias=0 

img_backbone.layer1.1.bn3.weight - torch.Size([256]): 
ConstantInit: val=0, bias=0 

img_backbone.layer1.1.bn3.bias - torch.Size([256]): 
The value is the same before and after calling `init_weights` of FUTR3D  

img_backbone.layer1.2.conv1.weight - torch.Size([64, 256, 1, 1]): 
KaimingInit: a=0, mode=fan_out, nonlinearity=relu, distribution =normal, bias=0 

img_backbone.layer1.2.bn1.weight - torch.Size([64]): 
The value is the same before and after calling `init_weights` of FUTR3D  

img_backbone.layer1.2.bn1.bias - torch.Size([64]): 
The value is the same before and after calling `init_weights` of FUTR3D  

img_backbone.layer1.2.conv2.weight - torch.Size([64, 64, 3, 3]): 
KaimingInit: a=0, mode=fan_out, nonlinearity=relu, distribution =normal, bias=0 

img_backbone.layer1.2.bn2.weight - torch.Size([64]): 
The value is the same before and after calling `init_weights` of FUTR3D  

img_backbone.layer1.2.bn2.bias - torch.Size([64]): 
The value is the same before and after calling `init_weights` of FUTR3D  

img_backbone.layer1.2.conv3.weight - torch.Size([256, 64, 1, 1]): 
KaimingInit: a=0, mode=fan_out, nonlinearity=relu, distribution =normal, bias=0 

img_backbone.layer1.2.bn3.weight - torch.Size([256]): 
ConstantInit: val=0, bias=0 

img_backbone.layer1.2.bn3.bias - torch.Size([256]): 
The value is the same before and after calling `init_weights` of FUTR3D  

img_backbone.layer2.0.conv1.weight - torch.Size([128, 256, 1, 1]): 
KaimingInit: a=0, mode=fan_out, nonlinearity=relu, distribution =normal, bias=0 

img_backbone.layer2.0.bn1.weight - torch.Size([128]): 
The value is the same before and after calling `init_weights` of FUTR3D  

img_backbone.layer2.0.bn1.bias - torch.Size([128]): 
The value is the same before and after calling `init_weights` of FUTR3D  

img_backbone.layer2.0.conv2.weight - torch.Size([128, 128, 3, 3]): 
KaimingInit: a=0, mode=fan_out, nonlinearity=relu, distribution =normal, bias=0 

img_backbone.layer2.0.bn2.weight - torch.Size([128]): 
The value is the same before and after calling `init_weights` of FUTR3D  

img_backbone.layer2.0.bn2.bias - torch.Size([128]): 
The value is the same before and after calling `init_weights` of FUTR3D  

img_backbone.layer2.0.conv3.weight - torch.Size([512, 128, 1, 1]): 
KaimingInit: a=0, mode=fan_out, nonlinearity=relu, distribution =normal, bias=0 

img_backbone.layer2.0.bn3.weight - torch.Size([512]): 
ConstantInit: val=0, bias=0 

img_backbone.layer2.0.bn3.bias - torch.Size([512]): 
The value is the same before and after calling `init_weights` of FUTR3D  

img_backbone.layer2.0.downsample.0.weight - torch.Size([512, 256, 1, 1]): 
KaimingInit: a=0, mode=fan_out, nonlinearity=relu, distribution =normal, bias=0 

img_backbone.layer2.0.downsample.1.weight - torch.Size([512]): 
The value is the same before and after calling `init_weights` of FUTR3D  

img_backbone.layer2.0.downsample.1.bias - torch.Size([512]): 
The value is the same before and after calling `init_weights` of FUTR3D  

img_backbone.layer2.1.conv1.weight - torch.Size([128, 512, 1, 1]): 
KaimingInit: a=0, mode=fan_out, nonlinearity=relu, distribution =normal, bias=0 

img_backbone.layer2.1.bn1.weight - torch.Size([128]): 
The value is the same before and after calling `init_weights` of FUTR3D  

img_backbone.layer2.1.bn1.bias - torch.Size([128]): 
The value is the same before and after calling `init_weights` of FUTR3D  

img_backbone.layer2.1.conv2.weight - torch.Size([128, 128, 3, 3]): 
KaimingInit: a=0, mode=fan_out, nonlinearity=relu, distribution =normal, bias=0 

img_backbone.layer2.1.bn2.weight - torch.Size([128]): 
The value is the same before and after calling `init_weights` of FUTR3D  

img_backbone.layer2.1.bn2.bias - torch.Size([128]): 
The value is the same before and after calling `init_weights` of FUTR3D  

img_backbone.layer2.1.conv3.weight - torch.Size([512, 128, 1, 1]): 
KaimingInit: a=0, mode=fan_out, nonlinearity=relu, distribution =normal, bias=0 

img_backbone.layer2.1.bn3.weight - torch.Size([512]): 
ConstantInit: val=0, bias=0 

img_backbone.layer2.1.bn3.bias - torch.Size([512]): 
The value is the same before and after calling `init_weights` of FUTR3D  

img_backbone.layer2.2.conv1.weight - torch.Size([128, 512, 1, 1]): 
KaimingInit: a=0, mode=fan_out, nonlinearity=relu, distribution =normal, bias=0 

img_backbone.layer2.2.bn1.weight - torch.Size([128]): 
The value is the same before and after calling `init_weights` of FUTR3D  

img_backbone.layer2.2.bn1.bias - torch.Size([128]): 
The value is the same before and after calling `init_weights` of FUTR3D  

img_backbone.layer2.2.conv2.weight - torch.Size([128, 128, 3, 3]): 
KaimingInit: a=0, mode=fan_out, nonlinearity=relu, distribution =normal, bias=0 

img_backbone.layer2.2.bn2.weight - torch.Size([128]): 
The value is the same before and after calling `init_weights` of FUTR3D  

img_backbone.layer2.2.bn2.bias - torch.Size([128]): 
The value is the same before and after calling `init_weights` of FUTR3D  

img_backbone.layer2.2.conv3.weight - torch.Size([512, 128, 1, 1]): 
KaimingInit: a=0, mode=fan_out, nonlinearity=relu, distribution =normal, bias=0 

img_backbone.layer2.2.bn3.weight - torch.Size([512]): 
ConstantInit: val=0, bias=0 

img_backbone.layer2.2.bn3.bias - torch.Size([512]): 
The value is the same before and after calling `init_weights` of FUTR3D  

img_backbone.layer2.3.conv1.weight - torch.Size([128, 512, 1, 1]): 
KaimingInit: a=0, mode=fan_out, nonlinearity=relu, distribution =normal, bias=0 

img_backbone.layer2.3.bn1.weight - torch.Size([128]): 
The value is the same before and after calling `init_weights` of FUTR3D  

img_backbone.layer2.3.bn1.bias - torch.Size([128]): 
The value is the same before and after calling `init_weights` of FUTR3D  

img_backbone.layer2.3.conv2.weight - torch.Size([128, 128, 3, 3]): 
KaimingInit: a=0, mode=fan_out, nonlinearity=relu, distribution =normal, bias=0 

img_backbone.layer2.3.bn2.weight - torch.Size([128]): 
The value is the same before and after calling `init_weights` of FUTR3D  

img_backbone.layer2.3.bn2.bias - torch.Size([128]): 
The value is the same before and after calling `init_weights` of FUTR3D  

img_backbone.layer2.3.conv3.weight - torch.Size([512, 128, 1, 1]): 
KaimingInit: a=0, mode=fan_out, nonlinearity=relu, distribution =normal, bias=0 

img_backbone.layer2.3.bn3.weight - torch.Size([512]): 
ConstantInit: val=0, bias=0 

img_backbone.layer2.3.bn3.bias - torch.Size([512]): 
The value is the same before and after calling `init_weights` of FUTR3D  

img_backbone.layer3.0.conv1.weight - torch.Size([256, 512, 1, 1]): 
KaimingInit: a=0, mode=fan_out, nonlinearity=relu, distribution =normal, bias=0 

img_backbone.layer3.0.bn1.weight - torch.Size([256]): 
The value is the same before and after calling `init_weights` of FUTR3D  

img_backbone.layer3.0.bn1.bias - torch.Size([256]): 
The value is the same before and after calling `init_weights` of FUTR3D  

img_backbone.layer3.0.conv2.weight - torch.Size([256, 256, 3, 3]): 
Initialized by user-defined `init_weights` in ModulatedDeformConv2dPack  

img_backbone.layer3.0.conv2.conv_offset.weight - torch.Size([27, 256, 3, 3]): 
Initialized by user-defined `init_weights` in ModulatedDeformConv2dPack  

img_backbone.layer3.0.conv2.conv_offset.bias - torch.Size([27]): 
The value is the same before and after calling `init_weights` of FUTR3D  

img_backbone.layer3.0.bn2.weight - torch.Size([256]): 
The value is the same before and after calling `init_weights` of FUTR3D  

img_backbone.layer3.0.bn2.bias - torch.Size([256]): 
The value is the same before and after calling `init_weights` of FUTR3D  

img_backbone.layer3.0.conv3.weight - torch.Size([1024, 256, 1, 1]): 
KaimingInit: a=0, mode=fan_out, nonlinearity=relu, distribution =normal, bias=0 

img_backbone.layer3.0.bn3.weight - torch.Size([1024]): 
ConstantInit: val=0, bias=0 

img_backbone.layer3.0.bn3.bias - torch.Size([1024]): 
The value is the same before and after calling `init_weights` of FUTR3D  

img_backbone.layer3.0.downsample.0.weight - torch.Size([1024, 512, 1, 1]): 
KaimingInit: a=0, mode=fan_out, nonlinearity=relu, distribution =normal, bias=0 

img_backbone.layer3.0.downsample.1.weight - torch.Size([1024]): 
The value is the same before and after calling `init_weights` of FUTR3D  

img_backbone.layer3.0.downsample.1.bias - torch.Size([1024]): 
The value is the same before and after calling `init_weights` of FUTR3D  

img_backbone.layer3.1.conv1.weight - torch.Size([256, 1024, 1, 1]): 
KaimingInit: a=0, mode=fan_out, nonlinearity=relu, distribution =normal, bias=0 

img_backbone.layer3.1.bn1.weight - torch.Size([256]): 
The value is the same before and after calling `init_weights` of FUTR3D  

img_backbone.layer3.1.bn1.bias - torch.Size([256]): 
The value is the same before and after calling `init_weights` of FUTR3D  

img_backbone.layer3.1.conv2.weight - torch.Size([256, 256, 3, 3]): 
Initialized by user-defined `init_weights` in ModulatedDeformConv2dPack  

img_backbone.layer3.1.conv2.conv_offset.weight - torch.Size([27, 256, 3, 3]): 
Initialized by user-defined `init_weights` in ModulatedDeformConv2dPack  

img_backbone.layer3.1.conv2.conv_offset.bias - torch.Size([27]): 
The value is the same before and after calling `init_weights` of FUTR3D  

img_backbone.layer3.1.bn2.weight - torch.Size([256]): 
The value is the same before and after calling `init_weights` of FUTR3D  

img_backbone.layer3.1.bn2.bias - torch.Size([256]): 
The value is the same before and after calling `init_weights` of FUTR3D  

img_backbone.layer3.1.conv3.weight - torch.Size([1024, 256, 1, 1]): 
KaimingInit: a=0, mode=fan_out, nonlinearity=relu, distribution =normal, bias=0 

img_backbone.layer3.1.bn3.weight - torch.Size([1024]): 
ConstantInit: val=0, bias=0 

img_backbone.layer3.1.bn3.bias - torch.Size([1024]): 
The value is the same before and after calling `init_weights` of FUTR3D  

img_backbone.layer3.2.conv1.weight - torch.Size([256, 1024, 1, 1]): 
KaimingInit: a=0, mode=fan_out, nonlinearity=relu, distribution =normal, bias=0 

img_backbone.layer3.2.bn1.weight - torch.Size([256]): 
The value is the same before and after calling `init_weights` of FUTR3D  

img_backbone.layer3.2.bn1.bias - torch.Size([256]): 
The value is the same before and after calling `init_weights` of FUTR3D  

img_backbone.layer3.2.conv2.weight - torch.Size([256, 256, 3, 3]): 
Initialized by user-defined `init_weights` in ModulatedDeformConv2dPack  

img_backbone.layer3.2.conv2.conv_offset.weight - torch.Size([27, 256, 3, 3]): 
Initialized by user-defined `init_weights` in ModulatedDeformConv2dPack  

img_backbone.layer3.2.conv2.conv_offset.bias - torch.Size([27]): 
The value is the same before and after calling `init_weights` of FUTR3D  

img_backbone.layer3.2.bn2.weight - torch.Size([256]): 
The value is the same before and after calling `init_weights` of FUTR3D  

img_backbone.layer3.2.bn2.bias - torch.Size([256]): 
The value is the same before and after calling `init_weights` of FUTR3D  

img_backbone.layer3.2.conv3.weight - torch.Size([1024, 256, 1, 1]): 
KaimingInit: a=0, mode=fan_out, nonlinearity=relu, distribution =normal, bias=0 

img_backbone.layer3.2.bn3.weight - torch.Size([1024]): 
ConstantInit: val=0, bias=0 

img_backbone.layer3.2.bn3.bias - torch.Size([1024]): 
The value is the same before and after calling `init_weights` of FUTR3D  

img_backbone.layer3.3.conv1.weight - torch.Size([256, 1024, 1, 1]): 
KaimingInit: a=0, mode=fan_out, nonlinearity=relu, distribution =normal, bias=0 

img_backbone.layer3.3.bn1.weight - torch.Size([256]): 
The value is the same before and after calling `init_weights` of FUTR3D  

img_backbone.layer3.3.bn1.bias - torch.Size([256]): 
The value is the same before and after calling `init_weights` of FUTR3D  

img_backbone.layer3.3.conv2.weight - torch.Size([256, 256, 3, 3]): 
Initialized by user-defined `init_weights` in ModulatedDeformConv2dPack  

img_backbone.layer3.3.conv2.conv_offset.weight - torch.Size([27, 256, 3, 3]): 
Initialized by user-defined `init_weights` in ModulatedDeformConv2dPack  

img_backbone.layer3.3.conv2.conv_offset.bias - torch.Size([27]): 
The value is the same before and after calling `init_weights` of FUTR3D  

img_backbone.layer3.3.bn2.weight - torch.Size([256]): 
The value is the same before and after calling `init_weights` of FUTR3D  

img_backbone.layer3.3.bn2.bias - torch.Size([256]): 
The value is the same before and after calling `init_weights` of FUTR3D  

img_backbone.layer3.3.conv3.weight - torch.Size([1024, 256, 1, 1]): 
KaimingInit: a=0, mode=fan_out, nonlinearity=relu, distribution =normal, bias=0 

img_backbone.layer3.3.bn3.weight - torch.Size([1024]): 
ConstantInit: val=0, bias=0 

img_backbone.layer3.3.bn3.bias - torch.Size([1024]): 
The value is the same before and after calling `init_weights` of FUTR3D  

img_backbone.layer3.4.conv1.weight - torch.Size([256, 1024, 1, 1]): 
KaimingInit: a=0, mode=fan_out, nonlinearity=relu, distribution =normal, bias=0 

img_backbone.layer3.4.bn1.weight - torch.Size([256]): 
The value is the same before and after calling `init_weights` of FUTR3D  

img_backbone.layer3.4.bn1.bias - torch.Size([256]): 
The value is the same before and after calling `init_weights` of FUTR3D  

img_backbone.layer3.4.conv2.weight - torch.Size([256, 256, 3, 3]): 
Initialized by user-defined `init_weights` in ModulatedDeformConv2dPack  

img_backbone.layer3.4.conv2.conv_offset.weight - torch.Size([27, 256, 3, 3]): 
Initialized by user-defined `init_weights` in ModulatedDeformConv2dPack  

img_backbone.layer3.4.conv2.conv_offset.bias - torch.Size([27]): 
The value is the same before and after calling `init_weights` of FUTR3D  

img_backbone.layer3.4.bn2.weight - torch.Size([256]): 
The value is the same before and after calling `init_weights` of FUTR3D  

img_backbone.layer3.4.bn2.bias - torch.Size([256]): 
The value is the same before and after calling `init_weights` of FUTR3D  

img_backbone.layer3.4.conv3.weight - torch.Size([1024, 256, 1, 1]): 
KaimingInit: a=0, mode=fan_out, nonlinearity=relu, distribution =normal, bias=0 

img_backbone.layer3.4.bn3.weight - torch.Size([1024]): 
ConstantInit: val=0, bias=0 

img_backbone.layer3.4.bn3.bias - torch.Size([1024]): 
The value is the same before and after calling `init_weights` of FUTR3D  

img_backbone.layer3.5.conv1.weight - torch.Size([256, 1024, 1, 1]): 
KaimingInit: a=0, mode=fan_out, nonlinearity=relu, distribution =normal, bias=0 

img_backbone.layer3.5.bn1.weight - torch.Size([256]): 
The value is the same before and after calling `init_weights` of FUTR3D  

img_backbone.layer3.5.bn1.bias - torch.Size([256]): 
The value is the same before and after calling `init_weights` of FUTR3D  

img_backbone.layer3.5.conv2.weight - torch.Size([256, 256, 3, 3]): 
Initialized by user-defined `init_weights` in ModulatedDeformConv2dPack  

img_backbone.layer3.5.conv2.conv_offset.weight - torch.Size([27, 256, 3, 3]): 
Initialized by user-defined `init_weights` in ModulatedDeformConv2dPack  

img_backbone.layer3.5.conv2.conv_offset.bias - torch.Size([27]): 
The value is the same before and after calling `init_weights` of FUTR3D  

img_backbone.layer3.5.bn2.weight - torch.Size([256]): 
The value is the same before and after calling `init_weights` of FUTR3D  

img_backbone.layer3.5.bn2.bias - torch.Size([256]): 
The value is the same before and after calling `init_weights` of FUTR3D  

img_backbone.layer3.5.conv3.weight - torch.Size([1024, 256, 1, 1]): 
KaimingInit: a=0, mode=fan_out, nonlinearity=relu, distribution =normal, bias=0 

img_backbone.layer3.5.bn3.weight - torch.Size([1024]): 
ConstantInit: val=0, bias=0 

img_backbone.layer3.5.bn3.bias - torch.Size([1024]): 
The value is the same before and after calling `init_weights` of FUTR3D  

img_backbone.layer3.6.conv1.weight - torch.Size([256, 1024, 1, 1]): 
KaimingInit: a=0, mode=fan_out, nonlinearity=relu, distribution =normal, bias=0 

img_backbone.layer3.6.bn1.weight - torch.Size([256]): 
The value is the same before and after calling `init_weights` of FUTR3D  

img_backbone.layer3.6.bn1.bias - torch.Size([256]): 
The value is the same before and after calling `init_weights` of FUTR3D  

img_backbone.layer3.6.conv2.weight - torch.Size([256, 256, 3, 3]): 
Initialized by user-defined `init_weights` in ModulatedDeformConv2dPack  

img_backbone.layer3.6.conv2.conv_offset.weight - torch.Size([27, 256, 3, 3]): 
Initialized by user-defined `init_weights` in ModulatedDeformConv2dPack  

img_backbone.layer3.6.conv2.conv_offset.bias - torch.Size([27]): 
The value is the same before and after calling `init_weights` of FUTR3D  

img_backbone.layer3.6.bn2.weight - torch.Size([256]): 
The value is the same before and after calling `init_weights` of FUTR3D  

img_backbone.layer3.6.bn2.bias - torch.Size([256]): 
The value is the same before and after calling `init_weights` of FUTR3D  

img_backbone.layer3.6.conv3.weight - torch.Size([1024, 256, 1, 1]): 
KaimingInit: a=0, mode=fan_out, nonlinearity=relu, distribution =normal, bias=0 

img_backbone.layer3.6.bn3.weight - torch.Size([1024]): 
ConstantInit: val=0, bias=0 

img_backbone.layer3.6.bn3.bias - torch.Size([1024]): 
The value is the same before and after calling `init_weights` of FUTR3D  

img_backbone.layer3.7.conv1.weight - torch.Size([256, 1024, 1, 1]): 
KaimingInit: a=0, mode=fan_out, nonlinearity=relu, distribution =normal, bias=0 

img_backbone.layer3.7.bn1.weight - torch.Size([256]): 
The value is the same before and after calling `init_weights` of FUTR3D  

img_backbone.layer3.7.bn1.bias - torch.Size([256]): 
The value is the same before and after calling `init_weights` of FUTR3D  

img_backbone.layer3.7.conv2.weight - torch.Size([256, 256, 3, 3]): 
Initialized by user-defined `init_weights` in ModulatedDeformConv2dPack  

img_backbone.layer3.7.conv2.conv_offset.weight - torch.Size([27, 256, 3, 3]): 
Initialized by user-defined `init_weights` in ModulatedDeformConv2dPack  

img_backbone.layer3.7.conv2.conv_offset.bias - torch.Size([27]): 
The value is the same before and after calling `init_weights` of FUTR3D  

img_backbone.layer3.7.bn2.weight - torch.Size([256]): 
The value is the same before and after calling `init_weights` of FUTR3D  

img_backbone.layer3.7.bn2.bias - torch.Size([256]): 
The value is the same before and after calling `init_weights` of FUTR3D  

img_backbone.layer3.7.conv3.weight - torch.Size([1024, 256, 1, 1]): 
KaimingInit: a=0, mode=fan_out, nonlinearity=relu, distribution =normal, bias=0 

img_backbone.layer3.7.bn3.weight - torch.Size([1024]): 
ConstantInit: val=0, bias=0 

img_backbone.layer3.7.bn3.bias - torch.Size([1024]): 
The value is the same before and after calling `init_weights` of FUTR3D  

img_backbone.layer3.8.conv1.weight - torch.Size([256, 1024, 1, 1]): 
KaimingInit: a=0, mode=fan_out, nonlinearity=relu, distribution =normal, bias=0 

img_backbone.layer3.8.bn1.weight - torch.Size([256]): 
The value is the same before and after calling `init_weights` of FUTR3D  

img_backbone.layer3.8.bn1.bias - torch.Size([256]): 
The value is the same before and after calling `init_weights` of FUTR3D  

img_backbone.layer3.8.conv2.weight - torch.Size([256, 256, 3, 3]): 
Initialized by user-defined `init_weights` in ModulatedDeformConv2dPack  

img_backbone.layer3.8.conv2.conv_offset.weight - torch.Size([27, 256, 3, 3]): 
Initialized by user-defined `init_weights` in ModulatedDeformConv2dPack  

img_backbone.layer3.8.conv2.conv_offset.bias - torch.Size([27]): 
The value is the same before and after calling `init_weights` of FUTR3D  

img_backbone.layer3.8.bn2.weight - torch.Size([256]): 
The value is the same before and after calling `init_weights` of FUTR3D  

img_backbone.layer3.8.bn2.bias - torch.Size([256]): 
The value is the same before and after calling `init_weights` of FUTR3D  

img_backbone.layer3.8.conv3.weight - torch.Size([1024, 256, 1, 1]): 
KaimingInit: a=0, mode=fan_out, nonlinearity=relu, distribution =normal, bias=0 

img_backbone.layer3.8.bn3.weight - torch.Size([1024]): 
ConstantInit: val=0, bias=0 

img_backbone.layer3.8.bn3.bias - torch.Size([1024]): 
The value is the same before and after calling `init_weights` of FUTR3D  

img_backbone.layer3.9.conv1.weight - torch.Size([256, 1024, 1, 1]): 
KaimingInit: a=0, mode=fan_out, nonlinearity=relu, distribution =normal, bias=0 

img_backbone.layer3.9.bn1.weight - torch.Size([256]): 
The value is the same before and after calling `init_weights` of FUTR3D  

img_backbone.layer3.9.bn1.bias - torch.Size([256]): 
The value is the same before and after calling `init_weights` of FUTR3D  

img_backbone.layer3.9.conv2.weight - torch.Size([256, 256, 3, 3]): 
Initialized by user-defined `init_weights` in ModulatedDeformConv2dPack  

img_backbone.layer3.9.conv2.conv_offset.weight - torch.Size([27, 256, 3, 3]): 
Initialized by user-defined `init_weights` in ModulatedDeformConv2dPack  

img_backbone.layer3.9.conv2.conv_offset.bias - torch.Size([27]): 
The value is the same before and after calling `init_weights` of FUTR3D  

img_backbone.layer3.9.bn2.weight - torch.Size([256]): 
The value is the same before and after calling `init_weights` of FUTR3D  

img_backbone.layer3.9.bn2.bias - torch.Size([256]): 
The value is the same before and after calling `init_weights` of FUTR3D  

img_backbone.layer3.9.conv3.weight - torch.Size([1024, 256, 1, 1]): 
KaimingInit: a=0, mode=fan_out, nonlinearity=relu, distribution =normal, bias=0 

img_backbone.layer3.9.bn3.weight - torch.Size([1024]): 
ConstantInit: val=0, bias=0 

img_backbone.layer3.9.bn3.bias - torch.Size([1024]): 
The value is the same before and after calling `init_weights` of FUTR3D  

img_backbone.layer3.10.conv1.weight - torch.Size([256, 1024, 1, 1]): 
KaimingInit: a=0, mode=fan_out, nonlinearity=relu, distribution =normal, bias=0 

img_backbone.layer3.10.bn1.weight - torch.Size([256]): 
The value is the same before and after calling `init_weights` of FUTR3D  

img_backbone.layer3.10.bn1.bias - torch.Size([256]): 
The value is the same before and after calling `init_weights` of FUTR3D  

img_backbone.layer3.10.conv2.weight - torch.Size([256, 256, 3, 3]): 
Initialized by user-defined `init_weights` in ModulatedDeformConv2dPack  

img_backbone.layer3.10.conv2.conv_offset.weight - torch.Size([27, 256, 3, 3]): 
Initialized by user-defined `init_weights` in ModulatedDeformConv2dPack  

img_backbone.layer3.10.conv2.conv_offset.bias - torch.Size([27]): 
The value is the same before and after calling `init_weights` of FUTR3D  

img_backbone.layer3.10.bn2.weight - torch.Size([256]): 
The value is the same before and after calling `init_weights` of FUTR3D  

img_backbone.layer3.10.bn2.bias - torch.Size([256]): 
The value is the same before and after calling `init_weights` of FUTR3D  

img_backbone.layer3.10.conv3.weight - torch.Size([1024, 256, 1, 1]): 
KaimingInit: a=0, mode=fan_out, nonlinearity=relu, distribution =normal, bias=0 

img_backbone.layer3.10.bn3.weight - torch.Size([1024]): 
ConstantInit: val=0, bias=0 

img_backbone.layer3.10.bn3.bias - torch.Size([1024]): 
The value is the same before and after calling `init_weights` of FUTR3D  

img_backbone.layer3.11.conv1.weight - torch.Size([256, 1024, 1, 1]): 
KaimingInit: a=0, mode=fan_out, nonlinearity=relu, distribution =normal, bias=0 

img_backbone.layer3.11.bn1.weight - torch.Size([256]): 
The value is the same before and after calling `init_weights` of FUTR3D  

img_backbone.layer3.11.bn1.bias - torch.Size([256]): 
The value is the same before and after calling `init_weights` of FUTR3D  

img_backbone.layer3.11.conv2.weight - torch.Size([256, 256, 3, 3]): 
Initialized by user-defined `init_weights` in ModulatedDeformConv2dPack  

img_backbone.layer3.11.conv2.conv_offset.weight - torch.Size([27, 256, 3, 3]): 
Initialized by user-defined `init_weights` in ModulatedDeformConv2dPack  

img_backbone.layer3.11.conv2.conv_offset.bias - torch.Size([27]): 
The value is the same before and after calling `init_weights` of FUTR3D  

img_backbone.layer3.11.bn2.weight - torch.Size([256]): 
The value is the same before and after calling `init_weights` of FUTR3D  

img_backbone.layer3.11.bn2.bias - torch.Size([256]): 
The value is the same before and after calling `init_weights` of FUTR3D  

img_backbone.layer3.11.conv3.weight - torch.Size([1024, 256, 1, 1]): 
KaimingInit: a=0, mode=fan_out, nonlinearity=relu, distribution =normal, bias=0 

img_backbone.layer3.11.bn3.weight - torch.Size([1024]): 
ConstantInit: val=0, bias=0 

img_backbone.layer3.11.bn3.bias - torch.Size([1024]): 
The value is the same before and after calling `init_weights` of FUTR3D  

img_backbone.layer3.12.conv1.weight - torch.Size([256, 1024, 1, 1]): 
KaimingInit: a=0, mode=fan_out, nonlinearity=relu, distribution =normal, bias=0 

img_backbone.layer3.12.bn1.weight - torch.Size([256]): 
The value is the same before and after calling `init_weights` of FUTR3D  

img_backbone.layer3.12.bn1.bias - torch.Size([256]): 
The value is the same before and after calling `init_weights` of FUTR3D  

img_backbone.layer3.12.conv2.weight - torch.Size([256, 256, 3, 3]): 
Initialized by user-defined `init_weights` in ModulatedDeformConv2dPack  

img_backbone.layer3.12.conv2.conv_offset.weight - torch.Size([27, 256, 3, 3]): 
Initialized by user-defined `init_weights` in ModulatedDeformConv2dPack  

img_backbone.layer3.12.conv2.conv_offset.bias - torch.Size([27]): 
The value is the same before and after calling `init_weights` of FUTR3D  

img_backbone.layer3.12.bn2.weight - torch.Size([256]): 
The value is the same before and after calling `init_weights` of FUTR3D  

img_backbone.layer3.12.bn2.bias - torch.Size([256]): 
The value is the same before and after calling `init_weights` of FUTR3D  

img_backbone.layer3.12.conv3.weight - torch.Size([1024, 256, 1, 1]): 
KaimingInit: a=0, mode=fan_out, nonlinearity=relu, distribution =normal, bias=0 

img_backbone.layer3.12.bn3.weight - torch.Size([1024]): 
ConstantInit: val=0, bias=0 

img_backbone.layer3.12.bn3.bias - torch.Size([1024]): 
The value is the same before and after calling `init_weights` of FUTR3D  

img_backbone.layer3.13.conv1.weight - torch.Size([256, 1024, 1, 1]): 
KaimingInit: a=0, mode=fan_out, nonlinearity=relu, distribution =normal, bias=0 

img_backbone.layer3.13.bn1.weight - torch.Size([256]): 
The value is the same before and after calling `init_weights` of FUTR3D  

img_backbone.layer3.13.bn1.bias - torch.Size([256]): 
The value is the same before and after calling `init_weights` of FUTR3D  

img_backbone.layer3.13.conv2.weight - torch.Size([256, 256, 3, 3]): 
Initialized by user-defined `init_weights` in ModulatedDeformConv2dPack  

img_backbone.layer3.13.conv2.conv_offset.weight - torch.Size([27, 256, 3, 3]): 
Initialized by user-defined `init_weights` in ModulatedDeformConv2dPack  

img_backbone.layer3.13.conv2.conv_offset.bias - torch.Size([27]): 
The value is the same before and after calling `init_weights` of FUTR3D  

img_backbone.layer3.13.bn2.weight - torch.Size([256]): 
The value is the same before and after calling `init_weights` of FUTR3D  

img_backbone.layer3.13.bn2.bias - torch.Size([256]): 
The value is the same before and after calling `init_weights` of FUTR3D  

img_backbone.layer3.13.conv3.weight - torch.Size([1024, 256, 1, 1]): 
KaimingInit: a=0, mode=fan_out, nonlinearity=relu, distribution =normal, bias=0 

img_backbone.layer3.13.bn3.weight - torch.Size([1024]): 
ConstantInit: val=0, bias=0 

img_backbone.layer3.13.bn3.bias - torch.Size([1024]): 
The value is the same before and after calling `init_weights` of FUTR3D  

img_backbone.layer3.14.conv1.weight - torch.Size([256, 1024, 1, 1]): 
KaimingInit: a=0, mode=fan_out, nonlinearity=relu, distribution =normal, bias=0 

img_backbone.layer3.14.bn1.weight - torch.Size([256]): 
The value is the same before and after calling `init_weights` of FUTR3D  

img_backbone.layer3.14.bn1.bias - torch.Size([256]): 
The value is the same before and after calling `init_weights` of FUTR3D  

img_backbone.layer3.14.conv2.weight - torch.Size([256, 256, 3, 3]): 
Initialized by user-defined `init_weights` in ModulatedDeformConv2dPack  

img_backbone.layer3.14.conv2.conv_offset.weight - torch.Size([27, 256, 3, 3]): 
Initialized by user-defined `init_weights` in ModulatedDeformConv2dPack  

img_backbone.layer3.14.conv2.conv_offset.bias - torch.Size([27]): 
The value is the same before and after calling `init_weights` of FUTR3D  

img_backbone.layer3.14.bn2.weight - torch.Size([256]): 
The value is the same before and after calling `init_weights` of FUTR3D  

img_backbone.layer3.14.bn2.bias - torch.Size([256]): 
The value is the same before and after calling `init_weights` of FUTR3D  

img_backbone.layer3.14.conv3.weight - torch.Size([1024, 256, 1, 1]): 
KaimingInit: a=0, mode=fan_out, nonlinearity=relu, distribution =normal, bias=0 

img_backbone.layer3.14.bn3.weight - torch.Size([1024]): 
ConstantInit: val=0, bias=0 

img_backbone.layer3.14.bn3.bias - torch.Size([1024]): 
The value is the same before and after calling `init_weights` of FUTR3D  

img_backbone.layer3.15.conv1.weight - torch.Size([256, 1024, 1, 1]): 
KaimingInit: a=0, mode=fan_out, nonlinearity=relu, distribution =normal, bias=0 

img_backbone.layer3.15.bn1.weight - torch.Size([256]): 
The value is the same before and after calling `init_weights` of FUTR3D  

img_backbone.layer3.15.bn1.bias - torch.Size([256]): 
The value is the same before and after calling `init_weights` of FUTR3D  

img_backbone.layer3.15.conv2.weight - torch.Size([256, 256, 3, 3]): 
Initialized by user-defined `init_weights` in ModulatedDeformConv2dPack  

img_backbone.layer3.15.conv2.conv_offset.weight - torch.Size([27, 256, 3, 3]): 
Initialized by user-defined `init_weights` in ModulatedDeformConv2dPack  

img_backbone.layer3.15.conv2.conv_offset.bias - torch.Size([27]): 
The value is the same before and after calling `init_weights` of FUTR3D  

img_backbone.layer3.15.bn2.weight - torch.Size([256]): 
The value is the same before and after calling `init_weights` of FUTR3D  

img_backbone.layer3.15.bn2.bias - torch.Size([256]): 
The value is the same before and after calling `init_weights` of FUTR3D  

img_backbone.layer3.15.conv3.weight - torch.Size([1024, 256, 1, 1]): 
KaimingInit: a=0, mode=fan_out, nonlinearity=relu, distribution =normal, bias=0 

img_backbone.layer3.15.bn3.weight - torch.Size([1024]): 
ConstantInit: val=0, bias=0 

img_backbone.layer3.15.bn3.bias - torch.Size([1024]): 
The value is the same before and after calling `init_weights` of FUTR3D  

img_backbone.layer3.16.conv1.weight - torch.Size([256, 1024, 1, 1]): 
KaimingInit: a=0, mode=fan_out, nonlinearity=relu, distribution =normal, bias=0 

img_backbone.layer3.16.bn1.weight - torch.Size([256]): 
The value is the same before and after calling `init_weights` of FUTR3D  

img_backbone.layer3.16.bn1.bias - torch.Size([256]): 
The value is the same before and after calling `init_weights` of FUTR3D  

img_backbone.layer3.16.conv2.weight - torch.Size([256, 256, 3, 3]): 
Initialized by user-defined `init_weights` in ModulatedDeformConv2dPack  

img_backbone.layer3.16.conv2.conv_offset.weight - torch.Size([27, 256, 3, 3]): 
Initialized by user-defined `init_weights` in ModulatedDeformConv2dPack  

img_backbone.layer3.16.conv2.conv_offset.bias - torch.Size([27]): 
The value is the same before and after calling `init_weights` of FUTR3D  

img_backbone.layer3.16.bn2.weight - torch.Size([256]): 
The value is the same before and after calling `init_weights` of FUTR3D  

img_backbone.layer3.16.bn2.bias - torch.Size([256]): 
The value is the same before and after calling `init_weights` of FUTR3D  

img_backbone.layer3.16.conv3.weight - torch.Size([1024, 256, 1, 1]): 
KaimingInit: a=0, mode=fan_out, nonlinearity=relu, distribution =normal, bias=0 

img_backbone.layer3.16.bn3.weight - torch.Size([1024]): 
ConstantInit: val=0, bias=0 

img_backbone.layer3.16.bn3.bias - torch.Size([1024]): 
The value is the same before and after calling `init_weights` of FUTR3D  

img_backbone.layer3.17.conv1.weight - torch.Size([256, 1024, 1, 1]): 
KaimingInit: a=0, mode=fan_out, nonlinearity=relu, distribution =normal, bias=0 

img_backbone.layer3.17.bn1.weight - torch.Size([256]): 
The value is the same before and after calling `init_weights` of FUTR3D  

img_backbone.layer3.17.bn1.bias - torch.Size([256]): 
The value is the same before and after calling `init_weights` of FUTR3D  

img_backbone.layer3.17.conv2.weight - torch.Size([256, 256, 3, 3]): 
Initialized by user-defined `init_weights` in ModulatedDeformConv2dPack  

img_backbone.layer3.17.conv2.conv_offset.weight - torch.Size([27, 256, 3, 3]): 
Initialized by user-defined `init_weights` in ModulatedDeformConv2dPack  

img_backbone.layer3.17.conv2.conv_offset.bias - torch.Size([27]): 
The value is the same before and after calling `init_weights` of FUTR3D  

img_backbone.layer3.17.bn2.weight - torch.Size([256]): 
The value is the same before and after calling `init_weights` of FUTR3D  

img_backbone.layer3.17.bn2.bias - torch.Size([256]): 
The value is the same before and after calling `init_weights` of FUTR3D  

img_backbone.layer3.17.conv3.weight - torch.Size([1024, 256, 1, 1]): 
KaimingInit: a=0, mode=fan_out, nonlinearity=relu, distribution =normal, bias=0 

img_backbone.layer3.17.bn3.weight - torch.Size([1024]): 
ConstantInit: val=0, bias=0 

img_backbone.layer3.17.bn3.bias - torch.Size([1024]): 
The value is the same before and after calling `init_weights` of FUTR3D  

img_backbone.layer3.18.conv1.weight - torch.Size([256, 1024, 1, 1]): 
KaimingInit: a=0, mode=fan_out, nonlinearity=relu, distribution =normal, bias=0 

img_backbone.layer3.18.bn1.weight - torch.Size([256]): 
The value is the same before and after calling `init_weights` of FUTR3D  

img_backbone.layer3.18.bn1.bias - torch.Size([256]): 
The value is the same before and after calling `init_weights` of FUTR3D  

img_backbone.layer3.18.conv2.weight - torch.Size([256, 256, 3, 3]): 
Initialized by user-defined `init_weights` in ModulatedDeformConv2dPack  

img_backbone.layer3.18.conv2.conv_offset.weight - torch.Size([27, 256, 3, 3]): 
Initialized by user-defined `init_weights` in ModulatedDeformConv2dPack  

img_backbone.layer3.18.conv2.conv_offset.bias - torch.Size([27]): 
The value is the same before and after calling `init_weights` of FUTR3D  

img_backbone.layer3.18.bn2.weight - torch.Size([256]): 
The value is the same before and after calling `init_weights` of FUTR3D  

img_backbone.layer3.18.bn2.bias - torch.Size([256]): 
The value is the same before and after calling `init_weights` of FUTR3D  

img_backbone.layer3.18.conv3.weight - torch.Size([1024, 256, 1, 1]): 
KaimingInit: a=0, mode=fan_out, nonlinearity=relu, distribution =normal, bias=0 

img_backbone.layer3.18.bn3.weight - torch.Size([1024]): 
ConstantInit: val=0, bias=0 

img_backbone.layer3.18.bn3.bias - torch.Size([1024]): 
The value is the same before and after calling `init_weights` of FUTR3D  

img_backbone.layer3.19.conv1.weight - torch.Size([256, 1024, 1, 1]): 
KaimingInit: a=0, mode=fan_out, nonlinearity=relu, distribution =normal, bias=0 

img_backbone.layer3.19.bn1.weight - torch.Size([256]): 
The value is the same before and after calling `init_weights` of FUTR3D  

img_backbone.layer3.19.bn1.bias - torch.Size([256]): 
The value is the same before and after calling `init_weights` of FUTR3D  

img_backbone.layer3.19.conv2.weight - torch.Size([256, 256, 3, 3]): 
Initialized by user-defined `init_weights` in ModulatedDeformConv2dPack  

img_backbone.layer3.19.conv2.conv_offset.weight - torch.Size([27, 256, 3, 3]): 
Initialized by user-defined `init_weights` in ModulatedDeformConv2dPack  

img_backbone.layer3.19.conv2.conv_offset.bias - torch.Size([27]): 
The value is the same before and after calling `init_weights` of FUTR3D  

img_backbone.layer3.19.bn2.weight - torch.Size([256]): 
The value is the same before and after calling `init_weights` of FUTR3D  

img_backbone.layer3.19.bn2.bias - torch.Size([256]): 
The value is the same before and after calling `init_weights` of FUTR3D  

img_backbone.layer3.19.conv3.weight - torch.Size([1024, 256, 1, 1]): 
KaimingInit: a=0, mode=fan_out, nonlinearity=relu, distribution =normal, bias=0 

img_backbone.layer3.19.bn3.weight - torch.Size([1024]): 
ConstantInit: val=0, bias=0 

img_backbone.layer3.19.bn3.bias - torch.Size([1024]): 
The value is the same before and after calling `init_weights` of FUTR3D  

img_backbone.layer3.20.conv1.weight - torch.Size([256, 1024, 1, 1]): 
KaimingInit: a=0, mode=fan_out, nonlinearity=relu, distribution =normal, bias=0 

img_backbone.layer3.20.bn1.weight - torch.Size([256]): 
The value is the same before and after calling `init_weights` of FUTR3D  

img_backbone.layer3.20.bn1.bias - torch.Size([256]): 
The value is the same before and after calling `init_weights` of FUTR3D  

img_backbone.layer3.20.conv2.weight - torch.Size([256, 256, 3, 3]): 
Initialized by user-defined `init_weights` in ModulatedDeformConv2dPack  

img_backbone.layer3.20.conv2.conv_offset.weight - torch.Size([27, 256, 3, 3]): 
Initialized by user-defined `init_weights` in ModulatedDeformConv2dPack  

img_backbone.layer3.20.conv2.conv_offset.bias - torch.Size([27]): 
The value is the same before and after calling `init_weights` of FUTR3D  

img_backbone.layer3.20.bn2.weight - torch.Size([256]): 
The value is the same before and after calling `init_weights` of FUTR3D  

img_backbone.layer3.20.bn2.bias - torch.Size([256]): 
The value is the same before and after calling `init_weights` of FUTR3D  

img_backbone.layer3.20.conv3.weight - torch.Size([1024, 256, 1, 1]): 
KaimingInit: a=0, mode=fan_out, nonlinearity=relu, distribution =normal, bias=0 

img_backbone.layer3.20.bn3.weight - torch.Size([1024]): 
ConstantInit: val=0, bias=0 

img_backbone.layer3.20.bn3.bias - torch.Size([1024]): 
The value is the same before and after calling `init_weights` of FUTR3D  

img_backbone.layer3.21.conv1.weight - torch.Size([256, 1024, 1, 1]): 
KaimingInit: a=0, mode=fan_out, nonlinearity=relu, distribution =normal, bias=0 

img_backbone.layer3.21.bn1.weight - torch.Size([256]): 
The value is the same before and after calling `init_weights` of FUTR3D  

img_backbone.layer3.21.bn1.bias - torch.Size([256]): 
The value is the same before and after calling `init_weights` of FUTR3D  

img_backbone.layer3.21.conv2.weight - torch.Size([256, 256, 3, 3]): 
Initialized by user-defined `init_weights` in ModulatedDeformConv2dPack  

img_backbone.layer3.21.conv2.conv_offset.weight - torch.Size([27, 256, 3, 3]): 
Initialized by user-defined `init_weights` in ModulatedDeformConv2dPack  

img_backbone.layer3.21.conv2.conv_offset.bias - torch.Size([27]): 
The value is the same before and after calling `init_weights` of FUTR3D  

img_backbone.layer3.21.bn2.weight - torch.Size([256]): 
The value is the same before and after calling `init_weights` of FUTR3D  

img_backbone.layer3.21.bn2.bias - torch.Size([256]): 
The value is the same before and after calling `init_weights` of FUTR3D  

img_backbone.layer3.21.conv3.weight - torch.Size([1024, 256, 1, 1]): 
KaimingInit: a=0, mode=fan_out, nonlinearity=relu, distribution =normal, bias=0 

img_backbone.layer3.21.bn3.weight - torch.Size([1024]): 
ConstantInit: val=0, bias=0 

img_backbone.layer3.21.bn3.bias - torch.Size([1024]): 
The value is the same before and after calling `init_weights` of FUTR3D  

img_backbone.layer3.22.conv1.weight - torch.Size([256, 1024, 1, 1]): 
KaimingInit: a=0, mode=fan_out, nonlinearity=relu, distribution =normal, bias=0 

img_backbone.layer3.22.bn1.weight - torch.Size([256]): 
The value is the same before and after calling `init_weights` of FUTR3D  

img_backbone.layer3.22.bn1.bias - torch.Size([256]): 
The value is the same before and after calling `init_weights` of FUTR3D  

img_backbone.layer3.22.conv2.weight - torch.Size([256, 256, 3, 3]): 
Initialized by user-defined `init_weights` in ModulatedDeformConv2dPack  

img_backbone.layer3.22.conv2.conv_offset.weight - torch.Size([27, 256, 3, 3]): 
Initialized by user-defined `init_weights` in ModulatedDeformConv2dPack  

img_backbone.layer3.22.conv2.conv_offset.bias - torch.Size([27]): 
The value is the same before and after calling `init_weights` of FUTR3D  

img_backbone.layer3.22.bn2.weight - torch.Size([256]): 
The value is the same before and after calling `init_weights` of FUTR3D  

img_backbone.layer3.22.bn2.bias - torch.Size([256]): 
The value is the same before and after calling `init_weights` of FUTR3D  

img_backbone.layer3.22.conv3.weight - torch.Size([1024, 256, 1, 1]): 
KaimingInit: a=0, mode=fan_out, nonlinearity=relu, distribution =normal, bias=0 

img_backbone.layer3.22.bn3.weight - torch.Size([1024]): 
ConstantInit: val=0, bias=0 

img_backbone.layer3.22.bn3.bias - torch.Size([1024]): 
The value is the same before and after calling `init_weights` of FUTR3D  

img_backbone.layer4.0.conv1.weight - torch.Size([512, 1024, 1, 1]): 
KaimingInit: a=0, mode=fan_out, nonlinearity=relu, distribution =normal, bias=0 

img_backbone.layer4.0.bn1.weight - torch.Size([512]): 
The value is the same before and after calling `init_weights` of FUTR3D  

img_backbone.layer4.0.bn1.bias - torch.Size([512]): 
The value is the same before and after calling `init_weights` of FUTR3D  

img_backbone.layer4.0.conv2.weight - torch.Size([512, 512, 3, 3]): 
Initialized by user-defined `init_weights` in ModulatedDeformConv2dPack  

img_backbone.layer4.0.conv2.conv_offset.weight - torch.Size([27, 512, 3, 3]): 
Initialized by user-defined `init_weights` in ModulatedDeformConv2dPack  

img_backbone.layer4.0.conv2.conv_offset.bias - torch.Size([27]): 
The value is the same before and after calling `init_weights` of FUTR3D  

img_backbone.layer4.0.bn2.weight - torch.Size([512]): 
The value is the same before and after calling `init_weights` of FUTR3D  

img_backbone.layer4.0.bn2.bias - torch.Size([512]): 
The value is the same before and after calling `init_weights` of FUTR3D  

img_backbone.layer4.0.conv3.weight - torch.Size([2048, 512, 1, 1]): 
KaimingInit: a=0, mode=fan_out, nonlinearity=relu, distribution =normal, bias=0 

img_backbone.layer4.0.bn3.weight - torch.Size([2048]): 
ConstantInit: val=0, bias=0 

img_backbone.layer4.0.bn3.bias - torch.Size([2048]): 
The value is the same before and after calling `init_weights` of FUTR3D  

img_backbone.layer4.0.downsample.0.weight - torch.Size([2048, 1024, 1, 1]): 
KaimingInit: a=0, mode=fan_out, nonlinearity=relu, distribution =normal, bias=0 

img_backbone.layer4.0.downsample.1.weight - torch.Size([2048]): 
The value is the same before and after calling `init_weights` of FUTR3D  

img_backbone.layer4.0.downsample.1.bias - torch.Size([2048]): 
The value is the same before and after calling `init_weights` of FUTR3D  

img_backbone.layer4.1.conv1.weight - torch.Size([512, 2048, 1, 1]): 
KaimingInit: a=0, mode=fan_out, nonlinearity=relu, distribution =normal, bias=0 

img_backbone.layer4.1.bn1.weight - torch.Size([512]): 
The value is the same before and after calling `init_weights` of FUTR3D  

img_backbone.layer4.1.bn1.bias - torch.Size([512]): 
The value is the same before and after calling `init_weights` of FUTR3D  

img_backbone.layer4.1.conv2.weight - torch.Size([512, 512, 3, 3]): 
Initialized by user-defined `init_weights` in ModulatedDeformConv2dPack  

img_backbone.layer4.1.conv2.conv_offset.weight - torch.Size([27, 512, 3, 3]): 
Initialized by user-defined `init_weights` in ModulatedDeformConv2dPack  

img_backbone.layer4.1.conv2.conv_offset.bias - torch.Size([27]): 
The value is the same before and after calling `init_weights` of FUTR3D  

img_backbone.layer4.1.bn2.weight - torch.Size([512]): 
The value is the same before and after calling `init_weights` of FUTR3D  

img_backbone.layer4.1.bn2.bias - torch.Size([512]): 
The value is the same before and after calling `init_weights` of FUTR3D  

img_backbone.layer4.1.conv3.weight - torch.Size([2048, 512, 1, 1]): 
KaimingInit: a=0, mode=fan_out, nonlinearity=relu, distribution =normal, bias=0 

img_backbone.layer4.1.bn3.weight - torch.Size([2048]): 
ConstantInit: val=0, bias=0 

img_backbone.layer4.1.bn3.bias - torch.Size([2048]): 
The value is the same before and after calling `init_weights` of FUTR3D  

img_backbone.layer4.2.conv1.weight - torch.Size([512, 2048, 1, 1]): 
KaimingInit: a=0, mode=fan_out, nonlinearity=relu, distribution =normal, bias=0 

img_backbone.layer4.2.bn1.weight - torch.Size([512]): 
The value is the same before and after calling `init_weights` of FUTR3D  

img_backbone.layer4.2.bn1.bias - torch.Size([512]): 
The value is the same before and after calling `init_weights` of FUTR3D  

img_backbone.layer4.2.conv2.weight - torch.Size([512, 512, 3, 3]): 
Initialized by user-defined `init_weights` in ModulatedDeformConv2dPack  

img_backbone.layer4.2.conv2.conv_offset.weight - torch.Size([27, 512, 3, 3]): 
Initialized by user-defined `init_weights` in ModulatedDeformConv2dPack  

img_backbone.layer4.2.conv2.conv_offset.bias - torch.Size([27]): 
The value is the same before and after calling `init_weights` of FUTR3D  

img_backbone.layer4.2.bn2.weight - torch.Size([512]): 
The value is the same before and after calling `init_weights` of FUTR3D  

img_backbone.layer4.2.bn2.bias - torch.Size([512]): 
The value is the same before and after calling `init_weights` of FUTR3D  

img_backbone.layer4.2.conv3.weight - torch.Size([2048, 512, 1, 1]): 
KaimingInit: a=0, mode=fan_out, nonlinearity=relu, distribution =normal, bias=0 

img_backbone.layer4.2.bn3.weight - torch.Size([2048]): 
ConstantInit: val=0, bias=0 

img_backbone.layer4.2.bn3.bias - torch.Size([2048]): 
The value is the same before and after calling `init_weights` of FUTR3D  

img_neck.lateral_convs.0.conv.weight - torch.Size([256, 512, 1, 1]): 
XavierInit: gain=1, distribution=uniform, bias=0 

img_neck.lateral_convs.0.conv.bias - torch.Size([256]): 
The value is the same before and after calling `init_weights` of FUTR3D  

img_neck.lateral_convs.1.conv.weight - torch.Size([256, 1024, 1, 1]): 
XavierInit: gain=1, distribution=uniform, bias=0 

img_neck.lateral_convs.1.conv.bias - torch.Size([256]): 
The value is the same before and after calling `init_weights` of FUTR3D  

img_neck.lateral_convs.2.conv.weight - torch.Size([256, 2048, 1, 1]): 
XavierInit: gain=1, distribution=uniform, bias=0 

img_neck.lateral_convs.2.conv.bias - torch.Size([256]): 
The value is the same before and after calling `init_weights` of FUTR3D  

img_neck.fpn_convs.0.conv.weight - torch.Size([256, 256, 3, 3]): 
XavierInit: gain=1, distribution=uniform, bias=0 

img_neck.fpn_convs.0.conv.bias - torch.Size([256]): 
The value is the same before and after calling `init_weights` of FUTR3D  

img_neck.fpn_convs.1.conv.weight - torch.Size([256, 256, 3, 3]): 
XavierInit: gain=1, distribution=uniform, bias=0 

img_neck.fpn_convs.1.conv.bias - torch.Size([256]): 
The value is the same before and after calling `init_weights` of FUTR3D  

img_neck.fpn_convs.2.conv.weight - torch.Size([256, 256, 3, 3]): 
XavierInit: gain=1, distribution=uniform, bias=0 

img_neck.fpn_convs.2.conv.bias - torch.Size([256]): 
The value is the same before and after calling `init_weights` of FUTR3D  

img_neck.fpn_convs.3.conv.weight - torch.Size([256, 256, 3, 3]): 
XavierInit: gain=1, distribution=uniform, bias=0 

img_neck.fpn_convs.3.conv.bias - torch.Size([256]): 
The value is the same before and after calling `init_weights` of FUTR3D  
2025-06-22 00:56:27,872 - mmdet - INFO - 使用SyncBN
2025-06-22 00:56:27,963 - mmdet - INFO - Model:
FUTR3D(
  (grid_mask): GridMask()
  (pts_voxel_layer): Voxelization(voxel_size=[0.075, 0.075, 0.2], point_cloud_range=[-54, -54, -5.0, 54, 54, 3.0], max_num_points=-1, max_voxels=(-1, -1), deterministic=True)
  (pts_voxel_encoder): DynamicVFE(
    (scatter): DynamicScatter(voxel_size=[0.075, 0.075, 0.2], point_cloud_range=[-54, -54, -5.0, 54, 54, 3.0], average_points=True)
    (vfe_layers): ModuleList(
      (0): Sequential(
        (0): Linear(in_features=11, out_features=64, bias=False)
        (1): SyncBatchNorm(64, eps=0.001, momentum=0.01, affine=True, track_running_stats=True)
        (2): ReLU(inplace=True)
      )
      (1): Sequential(
        (0): Linear(in_features=128, out_features=128, bias=False)
        (1): SyncBatchNorm(128, eps=0.001, momentum=0.01, affine=True, track_running_stats=True)
        (2): ReLU(inplace=True)
      )
    )
    (vfe_scatter): DynamicScatter(voxel_size=[0.075, 0.075, 0.2], point_cloud_range=[-54, -54, -5.0, 54, 54, 3.0], average_points=False)
    (cluster_scatter): DynamicScatter(voxel_size=[0.075, 0.075, 0.2], point_cloud_range=[-54, -54, -5.0, 54, 54, 3.0], average_points=True)
  )
  (pts_middle_encoder): HEDNet(
    (conv1): SparseSequential(
      (0): SparseSequential(
        (0): SubMConv3d(128, 16, kernel_size=[3, 3, 3], stride=[1, 1, 1], padding=[1, 1, 1], dilation=[1, 1, 1], output_padding=[0, 0, 0], bias=False, algo=ConvAlgo.MaskImplicitGemm)
        (1): SyncBatchNorm(16, eps=0.001, momentum=0.01, affine=True, track_running_stats=True)
        (2): ReLU()
      )
      (1): SparseBasicBlock(
        (conv1): SubMConv3d(16, 16, kernel_size=[3, 3, 3], stride=[1, 1, 1], padding=[1, 1, 1], dilation=[1, 1, 1], output_padding=[0, 0, 0], algo=ConvAlgo.MaskImplicitGemm)
        (bn1): SyncBatchNorm(16, eps=0.001, momentum=0.01, affine=True, track_running_stats=True)
        (relu): ReLU()
        (conv2): SubMConv3d(16, 16, kernel_size=[3, 3, 3], stride=[1, 1, 1], padding=[1, 1, 1], dilation=[1, 1, 1], output_padding=[0, 0, 0], algo=ConvAlgo.MaskImplicitGemm)
        (bn2): SyncBatchNorm(16, eps=0.001, momentum=0.01, affine=True, track_running_stats=True)
      )
      (2): SparseBasicBlock(
        (conv1): SubMConv3d(16, 16, kernel_size=[3, 3, 3], stride=[1, 1, 1], padding=[1, 1, 1], dilation=[1, 1, 1], output_padding=[0, 0, 0], algo=ConvAlgo.MaskImplicitGemm)
        (bn1): SyncBatchNorm(16, eps=0.001, momentum=0.01, affine=True, track_running_stats=True)
        (relu): ReLU()
        (conv2): SubMConv3d(16, 16, kernel_size=[3, 3, 3], stride=[1, 1, 1], padding=[1, 1, 1], dilation=[1, 1, 1], output_padding=[0, 0, 0], algo=ConvAlgo.MaskImplicitGemm)
        (bn2): SyncBatchNorm(16, eps=0.001, momentum=0.01, affine=True, track_running_stats=True)
      )
      (3): SparseSequential(
        (0): SparseConv3d(16, 32, kernel_size=[3, 3, 3], stride=[2, 2, 2], padding=[1, 1, 1], dilation=[1, 1, 1], output_padding=[0, 0, 0], bias=False, algo=ConvAlgo.MaskImplicitGemm)
        (1): SyncBatchNorm(32, eps=0.001, momentum=0.01, affine=True, track_running_stats=True)
        (2): ReLU()
      )
    )
    (conv2): SparseSequential(
      (0): SEDLayer(
        (encoder): ModuleList(
          (0): SEDBlock(
            (blocks): SparseSequential(
              (0): Identity()
              (1): SparseBasicBlock(
                (conv1): SubMConv3d(32, 32, kernel_size=[3, 3, 3], stride=[1, 1, 1], padding=[1, 1, 1], dilation=[1, 1, 1], output_padding=[0, 0, 0], algo=ConvAlgo.MaskImplicitGemm)
                (bn1): SyncBatchNorm(32, eps=0.001, momentum=0.01, affine=True, track_running_stats=True)
                (relu): ReLU()
                (conv2): SubMConv3d(32, 32, kernel_size=[3, 3, 3], stride=[1, 1, 1], padding=[1, 1, 1], dilation=[1, 1, 1], output_padding=[0, 0, 0], algo=ConvAlgo.MaskImplicitGemm)
                (bn2): SyncBatchNorm(32, eps=0.001, momentum=0.01, affine=True, track_running_stats=True)
              )
              (2): SparseBasicBlock(
                (conv1): SubMConv3d(32, 32, kernel_size=[3, 3, 3], stride=[1, 1, 1], padding=[1, 1, 1], dilation=[1, 1, 1], output_padding=[0, 0, 0], algo=ConvAlgo.MaskImplicitGemm)
                (bn1): SyncBatchNorm(32, eps=0.001, momentum=0.01, affine=True, track_running_stats=True)
                (relu): ReLU()
                (conv2): SubMConv3d(32, 32, kernel_size=[3, 3, 3], stride=[1, 1, 1], padding=[1, 1, 1], dilation=[1, 1, 1], output_padding=[0, 0, 0], algo=ConvAlgo.MaskImplicitGemm)
                (bn2): SyncBatchNorm(32, eps=0.001, momentum=0.01, affine=True, track_running_stats=True)
              )
            )
          )
          (1): SEDBlock(
            (blocks): SparseSequential(
              (0): SparseSequential(
                (0): SparseConv3d(32, 32, kernel_size=[3, 3, 3], stride=[2, 2, 2], padding=[1, 1, 1], dilation=[1, 1, 1], output_padding=[0, 0, 0], bias=False, algo=ConvAlgo.MaskImplicitGemm)
                (1): SyncBatchNorm(32, eps=0.001, momentum=0.01, affine=True, track_running_stats=True)
                (2): ReLU()
              )
              (1): SparseBasicBlock(
                (conv1): SubMConv3d(32, 32, kernel_size=[3, 3, 3], stride=[1, 1, 1], padding=[1, 1, 1], dilation=[1, 1, 1], output_padding=[0, 0, 0], algo=ConvAlgo.MaskImplicitGemm)
                (bn1): SyncBatchNorm(32, eps=0.001, momentum=0.01, affine=True, track_running_stats=True)
                (relu): ReLU()
                (conv2): SubMConv3d(32, 32, kernel_size=[3, 3, 3], stride=[1, 1, 1], padding=[1, 1, 1], dilation=[1, 1, 1], output_padding=[0, 0, 0], algo=ConvAlgo.MaskImplicitGemm)
                (bn2): SyncBatchNorm(32, eps=0.001, momentum=0.01, affine=True, track_running_stats=True)
              )
            )
          )
          (2): SEDBlock(
            (blocks): SparseSequential(
              (0): SparseSequential(
                (0): SparseConv3d(32, 32, kernel_size=[3, 3, 3], stride=[2, 2, 2], padding=[1, 1, 1], dilation=[1, 1, 1], output_padding=[0, 0, 0], bias=False, algo=ConvAlgo.MaskImplicitGemm)
                (1): SyncBatchNorm(32, eps=0.001, momentum=0.01, affine=True, track_running_stats=True)
                (2): ReLU()
              )
              (1): SparseBasicBlock(
                (conv1): SubMConv3d(32, 32, kernel_size=[3, 3, 3], stride=[1, 1, 1], padding=[1, 1, 1], dilation=[1, 1, 1], output_padding=[0, 0, 0], algo=ConvAlgo.MaskImplicitGemm)
                (bn1): SyncBatchNorm(32, eps=0.001, momentum=0.01, affine=True, track_running_stats=True)
                (relu): ReLU()
                (conv2): SubMConv3d(32, 32, kernel_size=[3, 3, 3], stride=[1, 1, 1], padding=[1, 1, 1], dilation=[1, 1, 1], output_padding=[0, 0, 0], algo=ConvAlgo.MaskImplicitGemm)
                (bn2): SyncBatchNorm(32, eps=0.001, momentum=0.01, affine=True, track_running_stats=True)
              )
            )
          )
        )
        (decoder): ModuleList(
          (0): SparseSequential(
            (0): SparseInverseConv3d(32, 32, kernel_size=[3, 3, 3], stride=[1, 1, 1], padding=[0, 0, 0], dilation=[1, 1, 1], output_padding=[0, 0, 0], bias=False, algo=ConvAlgo.MaskImplicitGemm)
            (1): SyncBatchNorm(32, eps=0.001, momentum=0.01, affine=True, track_running_stats=True)
            (2): ReLU()
          )
          (1): SparseSequential(
            (0): SparseInverseConv3d(32, 32, kernel_size=[3, 3, 3], stride=[1, 1, 1], padding=[0, 0, 0], dilation=[1, 1, 1], output_padding=[0, 0, 0], bias=False, algo=ConvAlgo.MaskImplicitGemm)
            (1): SyncBatchNorm(32, eps=0.001, momentum=0.01, affine=True, track_running_stats=True)
            (2): ReLU()
          )
        )
        (decoder_norm): ModuleList(
          (0): SyncBatchNorm(32, eps=0.001, momentum=0.01, affine=True, track_running_stats=True)
          (1): SyncBatchNorm(32, eps=0.001, momentum=0.01, affine=True, track_running_stats=True)
        )
      )
      (1): SparseSequential(
        (0): SparseConv3d(32, 64, kernel_size=[3, 3, 3], stride=[2, 2, 2], padding=[1, 1, 1], dilation=[1, 1, 1], output_padding=[0, 0, 0], bias=False, algo=ConvAlgo.MaskImplicitGemm)
        (1): SyncBatchNorm(64, eps=0.001, momentum=0.01, affine=True, track_running_stats=True)
        (2): ReLU()
      )
    )
    (conv3): SparseSequential(
      (0): SEDLayer(
        (encoder): ModuleList(
          (0): SEDBlock(
            (blocks): SparseSequential(
              (0): Identity()
              (1): SparseBasicBlock(
                (conv1): SubMConv3d(64, 64, kernel_size=[3, 3, 3], stride=[1, 1, 1], padding=[1, 1, 1], dilation=[1, 1, 1], output_padding=[0, 0, 0], algo=ConvAlgo.MaskImplicitGemm)
                (bn1): SyncBatchNorm(64, eps=0.001, momentum=0.01, affine=True, track_running_stats=True)
                (relu): ReLU()
                (conv2): SubMConv3d(64, 64, kernel_size=[3, 3, 3], stride=[1, 1, 1], padding=[1, 1, 1], dilation=[1, 1, 1], output_padding=[0, 0, 0], algo=ConvAlgo.MaskImplicitGemm)
                (bn2): SyncBatchNorm(64, eps=0.001, momentum=0.01, affine=True, track_running_stats=True)
              )
              (2): SparseBasicBlock(
                (conv1): SubMConv3d(64, 64, kernel_size=[3, 3, 3], stride=[1, 1, 1], padding=[1, 1, 1], dilation=[1, 1, 1], output_padding=[0, 0, 0], algo=ConvAlgo.MaskImplicitGemm)
                (bn1): SyncBatchNorm(64, eps=0.001, momentum=0.01, affine=True, track_running_stats=True)
                (relu): ReLU()
                (conv2): SubMConv3d(64, 64, kernel_size=[3, 3, 3], stride=[1, 1, 1], padding=[1, 1, 1], dilation=[1, 1, 1], output_padding=[0, 0, 0], algo=ConvAlgo.MaskImplicitGemm)
                (bn2): SyncBatchNorm(64, eps=0.001, momentum=0.01, affine=True, track_running_stats=True)
              )
            )
          )
          (1): SEDBlock(
            (blocks): SparseSequential(
              (0): SparseSequential(
                (0): SparseConv3d(64, 64, kernel_size=[3, 3, 3], stride=[2, 2, 2], padding=[1, 1, 1], dilation=[1, 1, 1], output_padding=[0, 0, 0], bias=False, algo=ConvAlgo.MaskImplicitGemm)
                (1): SyncBatchNorm(64, eps=0.001, momentum=0.01, affine=True, track_running_stats=True)
                (2): ReLU()
              )
              (1): SparseBasicBlock(
                (conv1): SubMConv3d(64, 64, kernel_size=[3, 3, 3], stride=[1, 1, 1], padding=[1, 1, 1], dilation=[1, 1, 1], output_padding=[0, 0, 0], algo=ConvAlgo.MaskImplicitGemm)
                (bn1): SyncBatchNorm(64, eps=0.001, momentum=0.01, affine=True, track_running_stats=True)
                (relu): ReLU()
                (conv2): SubMConv3d(64, 64, kernel_size=[3, 3, 3], stride=[1, 1, 1], padding=[1, 1, 1], dilation=[1, 1, 1], output_padding=[0, 0, 0], algo=ConvAlgo.MaskImplicitGemm)
                (bn2): SyncBatchNorm(64, eps=0.001, momentum=0.01, affine=True, track_running_stats=True)
              )
            )
          )
          (2): SEDBlock(
            (blocks): SparseSequential(
              (0): SparseSequential(
                (0): SparseConv3d(64, 64, kernel_size=[3, 3, 3], stride=[2, 2, 2], padding=[1, 1, 1], dilation=[1, 1, 1], output_padding=[0, 0, 0], bias=False, algo=ConvAlgo.MaskImplicitGemm)
                (1): SyncBatchNorm(64, eps=0.001, momentum=0.01, affine=True, track_running_stats=True)
                (2): ReLU()
              )
              (1): SparseBasicBlock(
                (conv1): SubMConv3d(64, 64, kernel_size=[3, 3, 3], stride=[1, 1, 1], padding=[1, 1, 1], dilation=[1, 1, 1], output_padding=[0, 0, 0], algo=ConvAlgo.MaskImplicitGemm)
                (bn1): SyncBatchNorm(64, eps=0.001, momentum=0.01, affine=True, track_running_stats=True)
                (relu): ReLU()
                (conv2): SubMConv3d(64, 64, kernel_size=[3, 3, 3], stride=[1, 1, 1], padding=[1, 1, 1], dilation=[1, 1, 1], output_padding=[0, 0, 0], algo=ConvAlgo.MaskImplicitGemm)
                (bn2): SyncBatchNorm(64, eps=0.001, momentum=0.01, affine=True, track_running_stats=True)
              )
            )
          )
        )
        (decoder): ModuleList(
          (0): SparseSequential(
            (0): SparseInverseConv3d(64, 64, kernel_size=[3, 3, 3], stride=[1, 1, 1], padding=[0, 0, 0], dilation=[1, 1, 1], output_padding=[0, 0, 0], bias=False, algo=ConvAlgo.MaskImplicitGemm)
            (1): SyncBatchNorm(64, eps=0.001, momentum=0.01, affine=True, track_running_stats=True)
            (2): ReLU()
          )
          (1): SparseSequential(
            (0): SparseInverseConv3d(64, 64, kernel_size=[3, 3, 3], stride=[1, 1, 1], padding=[0, 0, 0], dilation=[1, 1, 1], output_padding=[0, 0, 0], bias=False, algo=ConvAlgo.MaskImplicitGemm)
            (1): SyncBatchNorm(64, eps=0.001, momentum=0.01, affine=True, track_running_stats=True)
            (2): ReLU()
          )
        )
        (decoder_norm): ModuleList(
          (0): SyncBatchNorm(64, eps=0.001, momentum=0.01, affine=True, track_running_stats=True)
          (1): SyncBatchNorm(64, eps=0.001, momentum=0.01, affine=True, track_running_stats=True)
        )
      )
      (1): SparseSequential(
        (0): SparseConv3d(64, 128, kernel_size=[3, 3, 3], stride=[1, 2, 2], padding=[1, 1, 1], dilation=[1, 1, 1], output_padding=[0, 0, 0], bias=False, algo=ConvAlgo.MaskImplicitGemm)
        (1): SyncBatchNorm(128, eps=0.001, momentum=0.01, affine=True, track_running_stats=True)
        (2): ReLU()
      )
    )
    (layers): ModuleList(
      (0): SEDLayer(
        (encoder): ModuleList(
          (0): SEDBlock(
            (blocks): SparseSequential(
              (0): Identity()
              (1): SparseBasicBlock(
                (conv1): SubMConv3d(128, 128, kernel_size=[3, 3, 3], stride=[1, 1, 1], padding=[1, 1, 1], dilation=[1, 1, 1], output_padding=[0, 0, 0], algo=ConvAlgo.MaskImplicitGemm)
                (bn1): SyncBatchNorm(128, eps=0.001, momentum=0.01, affine=True, track_running_stats=True)
                (relu): ReLU()
                (conv2): SubMConv3d(128, 128, kernel_size=[3, 3, 3], stride=[1, 1, 1], padding=[1, 1, 1], dilation=[1, 1, 1], output_padding=[0, 0, 0], algo=ConvAlgo.MaskImplicitGemm)
                (bn2): SyncBatchNorm(128, eps=0.001, momentum=0.01, affine=True, track_running_stats=True)
              )
              (2): SparseBasicBlock(
                (conv1): SubMConv3d(128, 128, kernel_size=[3, 3, 3], stride=[1, 1, 1], padding=[1, 1, 1], dilation=[1, 1, 1], output_padding=[0, 0, 0], algo=ConvAlgo.MaskImplicitGemm)
                (bn1): SyncBatchNorm(128, eps=0.001, momentum=0.01, affine=True, track_running_stats=True)
                (relu): ReLU()
                (conv2): SubMConv3d(128, 128, kernel_size=[3, 3, 3], stride=[1, 1, 1], padding=[1, 1, 1], dilation=[1, 1, 1], output_padding=[0, 0, 0], algo=ConvAlgo.MaskImplicitGemm)
                (bn2): SyncBatchNorm(128, eps=0.001, momentum=0.01, affine=True, track_running_stats=True)
              )
            )
          )
          (1): SEDBlock(
            (blocks): SparseSequential(
              (0): SparseSequential(
                (0): SparseConv3d(128, 128, kernel_size=[3, 3, 3], stride=[2, 2, 2], padding=[1, 1, 1], dilation=[1, 1, 1], output_padding=[0, 0, 0], bias=False, algo=ConvAlgo.MaskImplicitGemm)
                (1): SyncBatchNorm(128, eps=0.001, momentum=0.01, affine=True, track_running_stats=True)
                (2): ReLU()
              )
              (1): SparseBasicBlock(
                (conv1): SubMConv3d(128, 128, kernel_size=[3, 3, 3], stride=[1, 1, 1], padding=[1, 1, 1], dilation=[1, 1, 1], output_padding=[0, 0, 0], algo=ConvAlgo.MaskImplicitGemm)
                (bn1): SyncBatchNorm(128, eps=0.001, momentum=0.01, affine=True, track_running_stats=True)
                (relu): ReLU()
                (conv2): SubMConv3d(128, 128, kernel_size=[3, 3, 3], stride=[1, 1, 1], padding=[1, 1, 1], dilation=[1, 1, 1], output_padding=[0, 0, 0], algo=ConvAlgo.MaskImplicitGemm)
                (bn2): SyncBatchNorm(128, eps=0.001, momentum=0.01, affine=True, track_running_stats=True)
              )
            )
          )
          (2): SEDBlock(
            (blocks): SparseSequential(
              (0): SparseSequential(
                (0): SparseConv3d(128, 128, kernel_size=[3, 3, 3], stride=[2, 2, 2], padding=[1, 1, 1], dilation=[1, 1, 1], output_padding=[0, 0, 0], bias=False, algo=ConvAlgo.MaskImplicitGemm)
                (1): SyncBatchNorm(128, eps=0.001, momentum=0.01, affine=True, track_running_stats=True)
                (2): ReLU()
              )
              (1): SparseBasicBlock(
                (conv1): SubMConv3d(128, 128, kernel_size=[3, 3, 3], stride=[1, 1, 1], padding=[1, 1, 1], dilation=[1, 1, 1], output_padding=[0, 0, 0], algo=ConvAlgo.MaskImplicitGemm)
                (bn1): SyncBatchNorm(128, eps=0.001, momentum=0.01, affine=True, track_running_stats=True)
                (relu): ReLU()
                (conv2): SubMConv3d(128, 128, kernel_size=[3, 3, 3], stride=[1, 1, 1], padding=[1, 1, 1], dilation=[1, 1, 1], output_padding=[0, 0, 0], algo=ConvAlgo.MaskImplicitGemm)
                (bn2): SyncBatchNorm(128, eps=0.001, momentum=0.01, affine=True, track_running_stats=True)
              )
            )
          )
        )
        (decoder): ModuleList(
          (0): SparseSequential(
            (0): SparseInverseConv3d(128, 128, kernel_size=[3, 3, 3], stride=[1, 1, 1], padding=[0, 0, 0], dilation=[1, 1, 1], output_padding=[0, 0, 0], bias=False, algo=ConvAlgo.MaskImplicitGemm)
            (1): SyncBatchNorm(128, eps=0.001, momentum=0.01, affine=True, track_running_stats=True)
            (2): ReLU()
          )
          (1): SparseSequential(
            (0): SparseInverseConv3d(128, 128, kernel_size=[3, 3, 3], stride=[1, 1, 1], padding=[0, 0, 0], dilation=[1, 1, 1], output_padding=[0, 0, 0], bias=False, algo=ConvAlgo.MaskImplicitGemm)
            (1): SyncBatchNorm(128, eps=0.001, momentum=0.01, affine=True, track_running_stats=True)
            (2): ReLU()
          )
        )
        (decoder_norm): ModuleList(
          (0): SyncBatchNorm(128, eps=0.001, momentum=0.01, affine=True, track_running_stats=True)
          (1): SyncBatchNorm(128, eps=0.001, momentum=0.01, affine=True, track_running_stats=True)
        )
      )
      (1): SEDLayer(
        (encoder): ModuleList(
          (0): SEDBlock(
            (blocks): SparseSequential(
              (0): Identity()
              (1): SparseBasicBlock(
                (conv1): SubMConv3d(128, 128, kernel_size=[3, 3, 3], stride=[1, 1, 1], padding=[1, 1, 1], dilation=[1, 1, 1], output_padding=[0, 0, 0], algo=ConvAlgo.MaskImplicitGemm)
                (bn1): SyncBatchNorm(128, eps=0.001, momentum=0.01, affine=True, track_running_stats=True)
                (relu): ReLU()
                (conv2): SubMConv3d(128, 128, kernel_size=[3, 3, 3], stride=[1, 1, 1], padding=[1, 1, 1], dilation=[1, 1, 1], output_padding=[0, 0, 0], algo=ConvAlgo.MaskImplicitGemm)
                (bn2): SyncBatchNorm(128, eps=0.001, momentum=0.01, affine=True, track_running_stats=True)
              )
              (2): SparseBasicBlock(
                (conv1): SubMConv3d(128, 128, kernel_size=[3, 3, 3], stride=[1, 1, 1], padding=[1, 1, 1], dilation=[1, 1, 1], output_padding=[0, 0, 0], algo=ConvAlgo.MaskImplicitGemm)
                (bn1): SyncBatchNorm(128, eps=0.001, momentum=0.01, affine=True, track_running_stats=True)
                (relu): ReLU()
                (conv2): SubMConv3d(128, 128, kernel_size=[3, 3, 3], stride=[1, 1, 1], padding=[1, 1, 1], dilation=[1, 1, 1], output_padding=[0, 0, 0], algo=ConvAlgo.MaskImplicitGemm)
                (bn2): SyncBatchNorm(128, eps=0.001, momentum=0.01, affine=True, track_running_stats=True)
              )
            )
          )
          (1): SEDBlock(
            (blocks): SparseSequential(
              (0): SparseSequential(
                (0): SparseConv3d(128, 128, kernel_size=[3, 3, 3], stride=[2, 2, 2], padding=[1, 1, 1], dilation=[1, 1, 1], output_padding=[0, 0, 0], bias=False, algo=ConvAlgo.MaskImplicitGemm)
                (1): SyncBatchNorm(128, eps=0.001, momentum=0.01, affine=True, track_running_stats=True)
                (2): ReLU()
              )
              (1): SparseBasicBlock(
                (conv1): SubMConv3d(128, 128, kernel_size=[3, 3, 3], stride=[1, 1, 1], padding=[1, 1, 1], dilation=[1, 1, 1], output_padding=[0, 0, 0], algo=ConvAlgo.MaskImplicitGemm)
                (bn1): SyncBatchNorm(128, eps=0.001, momentum=0.01, affine=True, track_running_stats=True)
                (relu): ReLU()
                (conv2): SubMConv3d(128, 128, kernel_size=[3, 3, 3], stride=[1, 1, 1], padding=[1, 1, 1], dilation=[1, 1, 1], output_padding=[0, 0, 0], algo=ConvAlgo.MaskImplicitGemm)
                (bn2): SyncBatchNorm(128, eps=0.001, momentum=0.01, affine=True, track_running_stats=True)
              )
            )
          )
          (2): SEDBlock(
            (blocks): SparseSequential(
              (0): SparseSequential(
                (0): SparseConv3d(128, 128, kernel_size=[3, 3, 3], stride=[2, 2, 2], padding=[1, 1, 1], dilation=[1, 1, 1], output_padding=[0, 0, 0], bias=False, algo=ConvAlgo.MaskImplicitGemm)
                (1): SyncBatchNorm(128, eps=0.001, momentum=0.01, affine=True, track_running_stats=True)
                (2): ReLU()
              )
              (1): SparseBasicBlock(
                (conv1): SubMConv3d(128, 128, kernel_size=[3, 3, 3], stride=[1, 1, 1], padding=[1, 1, 1], dilation=[1, 1, 1], output_padding=[0, 0, 0], algo=ConvAlgo.MaskImplicitGemm)
                (bn1): SyncBatchNorm(128, eps=0.001, momentum=0.01, affine=True, track_running_stats=True)
                (relu): ReLU()
                (conv2): SubMConv3d(128, 128, kernel_size=[3, 3, 3], stride=[1, 1, 1], padding=[1, 1, 1], dilation=[1, 1, 1], output_padding=[0, 0, 0], algo=ConvAlgo.MaskImplicitGemm)
                (bn2): SyncBatchNorm(128, eps=0.001, momentum=0.01, affine=True, track_running_stats=True)
              )
            )
          )
        )
        (decoder): ModuleList(
          (0): SparseSequential(
            (0): SparseInverseConv3d(128, 128, kernel_size=[3, 3, 3], stride=[1, 1, 1], padding=[0, 0, 0], dilation=[1, 1, 1], output_padding=[0, 0, 0], bias=False, algo=ConvAlgo.MaskImplicitGemm)
            (1): SyncBatchNorm(128, eps=0.001, momentum=0.01, affine=True, track_running_stats=True)
            (2): ReLU()
          )
          (1): SparseSequential(
            (0): SparseInverseConv3d(128, 128, kernel_size=[3, 3, 3], stride=[1, 1, 1], padding=[0, 0, 0], dilation=[1, 1, 1], output_padding=[0, 0, 0], bias=False, algo=ConvAlgo.MaskImplicitGemm)
            (1): SyncBatchNorm(128, eps=0.001, momentum=0.01, affine=True, track_running_stats=True)
            (2): ReLU()
          )
        )
        (decoder_norm): ModuleList(
          (0): SyncBatchNorm(128, eps=0.001, momentum=0.01, affine=True, track_running_stats=True)
          (1): SyncBatchNorm(128, eps=0.001, momentum=0.01, affine=True, track_running_stats=True)
        )
      )
    )
    (conv_out): SparseSequential(
      (0): SparseConv3d(128, 128, kernel_size=[3, 1, 1], stride=[2, 1, 1], padding=[0, 0, 0], dilation=[1, 1, 1], output_padding=[0, 0, 0], bias=False, algo=ConvAlgo.MaskImplicitGemm)
      (1): SyncBatchNorm(128, eps=0.001, momentum=0.01, affine=True, track_running_stats=True)
      (2): ReLU()
      (3): SparseConv3d(128, 128, kernel_size=[3, 1, 1], stride=[2, 1, 1], padding=[0, 0, 0], dilation=[1, 1, 1], output_padding=[0, 0, 0], bias=False, algo=ConvAlgo.MaskImplicitGemm)
      (4): SyncBatchNorm(128, eps=0.001, momentum=0.01, affine=True, track_running_stats=True)
      (5): ReLU()
    )
  )
  (pts_backbone): CascadeDEDBackbone(
    (layers): ModuleList(
      (0): DEDBackbone(
        (encoder): ModuleList(
          (0): Sequential(
            (0): BasicBlock(
              (conv1): Conv2d(256, 256, kernel_size=(3, 3), stride=(1, 1), padding=(1, 1), bias=False)
              (bn1): SyncBatchNorm(256, eps=0.001, momentum=0.01, affine=True, track_running_stats=True)
              (relu1): ReLU()
              (conv2): Conv2d(256, 256, kernel_size=(3, 3), stride=(1, 1), padding=(1, 1), bias=False)
              (bn2): SyncBatchNorm(256, eps=0.001, momentum=0.01, affine=True, track_running_stats=True)
              (relu2): ReLU()
            )
            (1): BasicBlock(
              (conv1): Conv2d(256, 256, kernel_size=(3, 3), stride=(1, 1), padding=(1, 1), bias=False)
              (bn1): SyncBatchNorm(256, eps=0.001, momentum=0.01, affine=True, track_running_stats=True)
              (relu1): ReLU()
              (conv2): Conv2d(256, 256, kernel_size=(3, 3), stride=(1, 1), padding=(1, 1), bias=False)
              (bn2): SyncBatchNorm(256, eps=0.001, momentum=0.01, affine=True, track_running_stats=True)
              (relu2): ReLU()
            )
          )
          (1): Sequential(
            (0): BasicBlock(
              (conv1): Conv2d(256, 256, kernel_size=(3, 3), stride=(2, 2), padding=(1, 1), bias=False)
              (bn1): SyncBatchNorm(256, eps=0.001, momentum=0.01, affine=True, track_running_stats=True)
              (relu1): ReLU()
              (conv2): Conv2d(256, 256, kernel_size=(3, 3), stride=(1, 1), padding=(1, 1), bias=False)
              (bn2): SyncBatchNorm(256, eps=0.001, momentum=0.01, affine=True, track_running_stats=True)
              (relu2): ReLU()
              (downsample_layer): Sequential(
                (0): Conv2d(256, 256, kernel_size=(1, 1), stride=(2, 2), bias=False)
                (1): SyncBatchNorm(256, eps=0.001, momentum=0.01, affine=True, track_running_stats=True)
              )
            )
            (1): BasicBlock(
              (conv1): Conv2d(256, 256, kernel_size=(3, 3), stride=(1, 1), padding=(1, 1), bias=False)
              (bn1): SyncBatchNorm(256, eps=0.001, momentum=0.01, affine=True, track_running_stats=True)
              (relu1): ReLU()
              (conv2): Conv2d(256, 256, kernel_size=(3, 3), stride=(1, 1), padding=(1, 1), bias=False)
              (bn2): SyncBatchNorm(256, eps=0.001, momentum=0.01, affine=True, track_running_stats=True)
              (relu2): ReLU()
            )
          )
          (2): Sequential(
            (0): BasicBlock(
              (conv1): Conv2d(256, 256, kernel_size=(3, 3), stride=(2, 2), padding=(1, 1), bias=False)
              (bn1): SyncBatchNorm(256, eps=0.001, momentum=0.01, affine=True, track_running_stats=True)
              (relu1): ReLU()
              (conv2): Conv2d(256, 256, kernel_size=(3, 3), stride=(1, 1), padding=(1, 1), bias=False)
              (bn2): SyncBatchNorm(256, eps=0.001, momentum=0.01, affine=True, track_running_stats=True)
              (relu2): ReLU()
              (downsample_layer): Sequential(
                (0): Conv2d(256, 256, kernel_size=(1, 1), stride=(2, 2), bias=False)
                (1): SyncBatchNorm(256, eps=0.001, momentum=0.01, affine=True, track_running_stats=True)
              )
            )
            (1): BasicBlock(
              (conv1): Conv2d(256, 256, kernel_size=(3, 3), stride=(1, 1), padding=(1, 1), bias=False)
              (bn1): SyncBatchNorm(256, eps=0.001, momentum=0.01, affine=True, track_running_stats=True)
              (relu1): ReLU()
              (conv2): Conv2d(256, 256, kernel_size=(3, 3), stride=(1, 1), padding=(1, 1), bias=False)
              (bn2): SyncBatchNorm(256, eps=0.001, momentum=0.01, affine=True, track_running_stats=True)
              (relu2): ReLU()
            )
          )
        )
        (decoder): ModuleList(
          (0): Sequential(
            (0): ConvTranspose2d(256, 256, kernel_size=(2, 2), stride=(2, 2), bias=False)
            (1): SyncBatchNorm(256, eps=0.001, momentum=0.01, affine=True, track_running_stats=True)
            (2): ReLU()
          )
          (1): Sequential(
            (0): ConvTranspose2d(256, 256, kernel_size=(2, 2), stride=(2, 2), bias=False)
            (1): SyncBatchNorm(256, eps=0.001, momentum=0.01, affine=True, track_running_stats=True)
            (2): ReLU()
          )
        )
        (decoder_norm): ModuleList(
          (0): SyncBatchNorm(256, eps=0.001, momentum=0.01, affine=True, track_running_stats=True)
          (1): SyncBatchNorm(256, eps=0.001, momentum=0.01, affine=True, track_running_stats=True)
        )
      )
      (1): DEDBackbone(
        (encoder): ModuleList(
          (0): Sequential(
            (0): BasicBlock(
              (conv1): Conv2d(256, 256, kernel_size=(3, 3), stride=(1, 1), padding=(1, 1), bias=False)
              (bn1): SyncBatchNorm(256, eps=0.001, momentum=0.01, affine=True, track_running_stats=True)
              (relu1): ReLU()
              (conv2): Conv2d(256, 256, kernel_size=(3, 3), stride=(1, 1), padding=(1, 1), bias=False)
              (bn2): SyncBatchNorm(256, eps=0.001, momentum=0.01, affine=True, track_running_stats=True)
              (relu2): ReLU()
            )
            (1): BasicBlock(
              (conv1): Conv2d(256, 256, kernel_size=(3, 3), stride=(1, 1), padding=(1, 1), bias=False)
              (bn1): SyncBatchNorm(256, eps=0.001, momentum=0.01, affine=True, track_running_stats=True)
              (relu1): ReLU()
              (conv2): Conv2d(256, 256, kernel_size=(3, 3), stride=(1, 1), padding=(1, 1), bias=False)
              (bn2): SyncBatchNorm(256, eps=0.001, momentum=0.01, affine=True, track_running_stats=True)
              (relu2): ReLU()
            )
          )
          (1): Sequential(
            (0): BasicBlock(
              (conv1): Conv2d(256, 256, kernel_size=(3, 3), stride=(2, 2), padding=(1, 1), bias=False)
              (bn1): SyncBatchNorm(256, eps=0.001, momentum=0.01, affine=True, track_running_stats=True)
              (relu1): ReLU()
              (conv2): Conv2d(256, 256, kernel_size=(3, 3), stride=(1, 1), padding=(1, 1), bias=False)
              (bn2): SyncBatchNorm(256, eps=0.001, momentum=0.01, affine=True, track_running_stats=True)
              (relu2): ReLU()
              (downsample_layer): Sequential(
                (0): Conv2d(256, 256, kernel_size=(1, 1), stride=(2, 2), bias=False)
                (1): SyncBatchNorm(256, eps=0.001, momentum=0.01, affine=True, track_running_stats=True)
              )
            )
            (1): BasicBlock(
              (conv1): Conv2d(256, 256, kernel_size=(3, 3), stride=(1, 1), padding=(1, 1), bias=False)
              (bn1): SyncBatchNorm(256, eps=0.001, momentum=0.01, affine=True, track_running_stats=True)
              (relu1): ReLU()
              (conv2): Conv2d(256, 256, kernel_size=(3, 3), stride=(1, 1), padding=(1, 1), bias=False)
              (bn2): SyncBatchNorm(256, eps=0.001, momentum=0.01, affine=True, track_running_stats=True)
              (relu2): ReLU()
            )
          )
          (2): Sequential(
            (0): BasicBlock(
              (conv1): Conv2d(256, 256, kernel_size=(3, 3), stride=(2, 2), padding=(1, 1), bias=False)
              (bn1): SyncBatchNorm(256, eps=0.001, momentum=0.01, affine=True, track_running_stats=True)
              (relu1): ReLU()
              (conv2): Conv2d(256, 256, kernel_size=(3, 3), stride=(1, 1), padding=(1, 1), bias=False)
              (bn2): SyncBatchNorm(256, eps=0.001, momentum=0.01, affine=True, track_running_stats=True)
              (relu2): ReLU()
              (downsample_layer): Sequential(
                (0): Conv2d(256, 256, kernel_size=(1, 1), stride=(2, 2), bias=False)
                (1): SyncBatchNorm(256, eps=0.001, momentum=0.01, affine=True, track_running_stats=True)
              )
            )
            (1): BasicBlock(
              (conv1): Conv2d(256, 256, kernel_size=(3, 3), stride=(1, 1), padding=(1, 1), bias=False)
              (bn1): SyncBatchNorm(256, eps=0.001, momentum=0.01, affine=True, track_running_stats=True)
              (relu1): ReLU()
              (conv2): Conv2d(256, 256, kernel_size=(3, 3), stride=(1, 1), padding=(1, 1), bias=False)
              (bn2): SyncBatchNorm(256, eps=0.001, momentum=0.01, affine=True, track_running_stats=True)
              (relu2): ReLU()
            )
          )
        )
        (decoder): ModuleList(
          (0): Sequential(
            (0): ConvTranspose2d(256, 256, kernel_size=(2, 2), stride=(2, 2), bias=False)
            (1): SyncBatchNorm(256, eps=0.001, momentum=0.01, affine=True, track_running_stats=True)
            (2): ReLU()
          )
          (1): Sequential(
            (0): ConvTranspose2d(256, 256, kernel_size=(2, 2), stride=(2, 2), bias=False)
            (1): SyncBatchNorm(256, eps=0.001, momentum=0.01, affine=True, track_running_stats=True)
            (2): ReLU()
          )
        )
        (decoder_norm): ModuleList(
          (0): SyncBatchNorm(256, eps=0.001, momentum=0.01, affine=True, track_running_stats=True)
          (1): SyncBatchNorm(256, eps=0.001, momentum=0.01, affine=True, track_running_stats=True)
        )
      )
      (2): DEDBackbone(
        (encoder): ModuleList(
          (0): Sequential(
            (0): BasicBlock(
              (conv1): Conv2d(256, 256, kernel_size=(3, 3), stride=(1, 1), padding=(1, 1), bias=False)
              (bn1): SyncBatchNorm(256, eps=0.001, momentum=0.01, affine=True, track_running_stats=True)
              (relu1): ReLU()
              (conv2): Conv2d(256, 256, kernel_size=(3, 3), stride=(1, 1), padding=(1, 1), bias=False)
              (bn2): SyncBatchNorm(256, eps=0.001, momentum=0.01, affine=True, track_running_stats=True)
              (relu2): ReLU()
            )
            (1): BasicBlock(
              (conv1): Conv2d(256, 256, kernel_size=(3, 3), stride=(1, 1), padding=(1, 1), bias=False)
              (bn1): SyncBatchNorm(256, eps=0.001, momentum=0.01, affine=True, track_running_stats=True)
              (relu1): ReLU()
              (conv2): Conv2d(256, 256, kernel_size=(3, 3), stride=(1, 1), padding=(1, 1), bias=False)
              (bn2): SyncBatchNorm(256, eps=0.001, momentum=0.01, affine=True, track_running_stats=True)
              (relu2): ReLU()
            )
          )
          (1): Sequential(
            (0): BasicBlock(
              (conv1): Conv2d(256, 256, kernel_size=(3, 3), stride=(2, 2), padding=(1, 1), bias=False)
              (bn1): SyncBatchNorm(256, eps=0.001, momentum=0.01, affine=True, track_running_stats=True)
              (relu1): ReLU()
              (conv2): Conv2d(256, 256, kernel_size=(3, 3), stride=(1, 1), padding=(1, 1), bias=False)
              (bn2): SyncBatchNorm(256, eps=0.001, momentum=0.01, affine=True, track_running_stats=True)
              (relu2): ReLU()
              (downsample_layer): Sequential(
                (0): Conv2d(256, 256, kernel_size=(1, 1), stride=(2, 2), bias=False)
                (1): SyncBatchNorm(256, eps=0.001, momentum=0.01, affine=True, track_running_stats=True)
              )
            )
            (1): BasicBlock(
              (conv1): Conv2d(256, 256, kernel_size=(3, 3), stride=(1, 1), padding=(1, 1), bias=False)
              (bn1): SyncBatchNorm(256, eps=0.001, momentum=0.01, affine=True, track_running_stats=True)
              (relu1): ReLU()
              (conv2): Conv2d(256, 256, kernel_size=(3, 3), stride=(1, 1), padding=(1, 1), bias=False)
              (bn2): SyncBatchNorm(256, eps=0.001, momentum=0.01, affine=True, track_running_stats=True)
              (relu2): ReLU()
            )
          )
          (2): Sequential(
            (0): BasicBlock(
              (conv1): Conv2d(256, 256, kernel_size=(3, 3), stride=(2, 2), padding=(1, 1), bias=False)
              (bn1): SyncBatchNorm(256, eps=0.001, momentum=0.01, affine=True, track_running_stats=True)
              (relu1): ReLU()
              (conv2): Conv2d(256, 256, kernel_size=(3, 3), stride=(1, 1), padding=(1, 1), bias=False)
              (bn2): SyncBatchNorm(256, eps=0.001, momentum=0.01, affine=True, track_running_stats=True)
              (relu2): ReLU()
              (downsample_layer): Sequential(
                (0): Conv2d(256, 256, kernel_size=(1, 1), stride=(2, 2), bias=False)
                (1): SyncBatchNorm(256, eps=0.001, momentum=0.01, affine=True, track_running_stats=True)
              )
            )
            (1): BasicBlock(
              (conv1): Conv2d(256, 256, kernel_size=(3, 3), stride=(1, 1), padding=(1, 1), bias=False)
              (bn1): SyncBatchNorm(256, eps=0.001, momentum=0.01, affine=True, track_running_stats=True)
              (relu1): ReLU()
              (conv2): Conv2d(256, 256, kernel_size=(3, 3), stride=(1, 1), padding=(1, 1), bias=False)
              (bn2): SyncBatchNorm(256, eps=0.001, momentum=0.01, affine=True, track_running_stats=True)
              (relu2): ReLU()
            )
          )
        )
        (decoder): ModuleList(
          (0): Sequential(
            (0): ConvTranspose2d(256, 256, kernel_size=(2, 2), stride=(2, 2), bias=False)
            (1): SyncBatchNorm(256, eps=0.001, momentum=0.01, affine=True, track_running_stats=True)
            (2): ReLU()
          )
          (1): Sequential(
            (0): ConvTranspose2d(256, 256, kernel_size=(2, 2), stride=(2, 2), bias=False)
            (1): SyncBatchNorm(256, eps=0.001, momentum=0.01, affine=True, track_running_stats=True)
            (2): ReLU()
          )
        )
        (decoder_norm): ModuleList(
          (0): SyncBatchNorm(256, eps=0.001, momentum=0.01, affine=True, track_running_stats=True)
          (1): SyncBatchNorm(256, eps=0.001, momentum=0.01, affine=True, track_running_stats=True)
        )
      )
      (3): DEDBackbone(
        (encoder): ModuleList(
          (0): Sequential(
            (0): BasicBlock(
              (conv1): Conv2d(256, 256, kernel_size=(3, 3), stride=(1, 1), padding=(1, 1), bias=False)
              (bn1): SyncBatchNorm(256, eps=0.001, momentum=0.01, affine=True, track_running_stats=True)
              (relu1): ReLU()
              (conv2): Conv2d(256, 256, kernel_size=(3, 3), stride=(1, 1), padding=(1, 1), bias=False)
              (bn2): SyncBatchNorm(256, eps=0.001, momentum=0.01, affine=True, track_running_stats=True)
              (relu2): ReLU()
            )
            (1): BasicBlock(
              (conv1): Conv2d(256, 256, kernel_size=(3, 3), stride=(1, 1), padding=(1, 1), bias=False)
              (bn1): SyncBatchNorm(256, eps=0.001, momentum=0.01, affine=True, track_running_stats=True)
              (relu1): ReLU()
              (conv2): Conv2d(256, 256, kernel_size=(3, 3), stride=(1, 1), padding=(1, 1), bias=False)
              (bn2): SyncBatchNorm(256, eps=0.001, momentum=0.01, affine=True, track_running_stats=True)
              (relu2): ReLU()
            )
          )
          (1): Sequential(
            (0): BasicBlock(
              (conv1): Conv2d(256, 256, kernel_size=(3, 3), stride=(2, 2), padding=(1, 1), bias=False)
              (bn1): SyncBatchNorm(256, eps=0.001, momentum=0.01, affine=True, track_running_stats=True)
              (relu1): ReLU()
              (conv2): Conv2d(256, 256, kernel_size=(3, 3), stride=(1, 1), padding=(1, 1), bias=False)
              (bn2): SyncBatchNorm(256, eps=0.001, momentum=0.01, affine=True, track_running_stats=True)
              (relu2): ReLU()
              (downsample_layer): Sequential(
                (0): Conv2d(256, 256, kernel_size=(1, 1), stride=(2, 2), bias=False)
                (1): SyncBatchNorm(256, eps=0.001, momentum=0.01, affine=True, track_running_stats=True)
              )
            )
            (1): BasicBlock(
              (conv1): Conv2d(256, 256, kernel_size=(3, 3), stride=(1, 1), padding=(1, 1), bias=False)
              (bn1): SyncBatchNorm(256, eps=0.001, momentum=0.01, affine=True, track_running_stats=True)
              (relu1): ReLU()
              (conv2): Conv2d(256, 256, kernel_size=(3, 3), stride=(1, 1), padding=(1, 1), bias=False)
              (bn2): SyncBatchNorm(256, eps=0.001, momentum=0.01, affine=True, track_running_stats=True)
              (relu2): ReLU()
            )
          )
          (2): Sequential(
            (0): BasicBlock(
              (conv1): Conv2d(256, 256, kernel_size=(3, 3), stride=(2, 2), padding=(1, 1), bias=False)
              (bn1): SyncBatchNorm(256, eps=0.001, momentum=0.01, affine=True, track_running_stats=True)
              (relu1): ReLU()
              (conv2): Conv2d(256, 256, kernel_size=(3, 3), stride=(1, 1), padding=(1, 1), bias=False)
              (bn2): SyncBatchNorm(256, eps=0.001, momentum=0.01, affine=True, track_running_stats=True)
              (relu2): ReLU()
              (downsample_layer): Sequential(
                (0): Conv2d(256, 256, kernel_size=(1, 1), stride=(2, 2), bias=False)
                (1): SyncBatchNorm(256, eps=0.001, momentum=0.01, affine=True, track_running_stats=True)
              )
            )
            (1): BasicBlock(
              (conv1): Conv2d(256, 256, kernel_size=(3, 3), stride=(1, 1), padding=(1, 1), bias=False)
              (bn1): SyncBatchNorm(256, eps=0.001, momentum=0.01, affine=True, track_running_stats=True)
              (relu1): ReLU()
              (conv2): Conv2d(256, 256, kernel_size=(3, 3), stride=(1, 1), padding=(1, 1), bias=False)
              (bn2): SyncBatchNorm(256, eps=0.001, momentum=0.01, affine=True, track_running_stats=True)
              (relu2): ReLU()
            )
          )
        )
        (decoder): ModuleList(
          (0): Sequential(
            (0): ConvTranspose2d(256, 256, kernel_size=(2, 2), stride=(2, 2), bias=False)
            (1): SyncBatchNorm(256, eps=0.001, momentum=0.01, affine=True, track_running_stats=True)
            (2): ReLU()
          )
          (1): Sequential(
            (0): ConvTranspose2d(256, 256, kernel_size=(2, 2), stride=(2, 2), bias=False)
            (1): SyncBatchNorm(256, eps=0.001, momentum=0.01, affine=True, track_running_stats=True)
            (2): ReLU()
          )
        )
        (decoder_norm): ModuleList(
          (0): SyncBatchNorm(256, eps=0.001, momentum=0.01, affine=True, track_running_stats=True)
          (1): SyncBatchNorm(256, eps=0.001, momentum=0.01, affine=True, track_running_stats=True)
        )
      )
    )
  )
  (pts_neck): FPN(
    (lateral_convs): ModuleList(
      (0): ConvModule(
        (conv): Conv2d(256, 256, kernel_size=(1, 1), stride=(1, 1), bias=False)
        (bn): SyncBatchNorm(256, eps=0.001, momentum=0.01, affine=True, track_running_stats=True)
        (activate): ReLU()
      )
    )
    (fpn_convs): ModuleList(
      (0): ConvModule(
        (conv): Conv2d(256, 256, kernel_size=(3, 3), stride=(1, 1), padding=(1, 1), bias=False)
        (bn): SyncBatchNorm(256, eps=0.001, momentum=0.01, affine=True, track_running_stats=True)
        (activate): ReLU()
      )
      (1): ConvModule(
        (conv): Conv2d(256, 256, kernel_size=(3, 3), stride=(2, 2), padding=(1, 1), bias=False)
        (bn): SyncBatchNorm(256, eps=0.001, momentum=0.01, affine=True, track_running_stats=True)
        (activate): ReLU()
      )
      (2): ConvModule(
        (conv): Conv2d(256, 256, kernel_size=(3, 3), stride=(2, 2), padding=(1, 1), bias=False)
        (bn): SyncBatchNorm(256, eps=0.001, momentum=0.01, affine=True, track_running_stats=True)
        (activate): ReLU()
      )
      (3): ConvModule(
        (conv): Conv2d(256, 256, kernel_size=(3, 3), stride=(2, 2), padding=(1, 1), bias=False)
        (bn): SyncBatchNorm(256, eps=0.001, momentum=0.01, affine=True, track_running_stats=True)
        (activate): ReLU()
      )
    )
  )
  init_cfg={'type': 'Xavier', 'layer': 'Conv2d', 'distribution': 'uniform'}
  (pts_bbox_head): FUTR3DHead(
    (loss_cls): FocalLoss()
    (loss_bbox): L1Loss()
    (loss_iou): GIoULoss()
    (activate): ReLU(inplace=True)
    (positional_encoding): SinePositionalEncoding(num_feats=128, temperature=10000, normalize=True, scale=6.283185307179586, eps=1e-06)
    (transformer): FUTR3DTransformer(
      (decoder): FUTR3DTransformerDecoder(
        (layers): ModuleList(
          (0): DetrTransformerDecoderLayer(
            (attentions): ModuleList(
              (0): ModuleList(
                (0): MultiheadAttention(
                  (attn): MultiheadAttention(
                    (out_proj): NonDynamicallyQuantizableLinear(in_features=256, out_features=256, bias=True)
                  )
                  (proj_drop): Dropout(p=0.0, inplace=False)
                  (dropout_layer): Dropout(p=0.1, inplace=False)
                )
                (1): RMSNorm()
                (2): DSS(
                  (layers): ModuleList(
                    (0): ModuleDict(
                      (norm_before): RMSNorm()
                      (mamba): DSSMamba(
                        (in_proj): Linear(in_features=256, out_features=2048, bias=False)
                        (in_proj_xy): Linear(in_features=256, out_features=2048, bias=False)
                        (act): SiLU()
                        (x_proj_f): Linear(in_features=512, out_features=144, bias=False)
                        (x_proj_b): Linear(in_features=512, out_features=144, bias=False)
                        (dt_proj_f): Linear(in_features=16, out_features=512, bias=True)
                        (dt_proj_b): Linear(in_features=16, out_features=512, bias=True)
                        (act_xy): SiLU()
                        (x_proj_f_xy): Linear(in_features=512, out_features=144, bias=False)
                        (x_proj_b_xy): Linear(in_features=512, out_features=144, bias=False)
                        (dt_proj_f_xy): Linear(in_features=16, out_features=512, bias=True)
                        (dt_proj_b_xy): Linear(in_features=16, out_features=512, bias=True)
                        (conv1d_x_f): Conv1d(512, 512, kernel_size=(4,), stride=(1,), groups=512)
                        (conv1d_z_f): Conv1d(512, 512, kernel_size=(4,), stride=(1,), groups=512)
                        (conv1d_x_b): Conv1d(512, 512, kernel_size=(4,), stride=(1,), groups=512)
                        (conv1d_z_b): Conv1d(512, 512, kernel_size=(4,), stride=(1,), groups=512)
                        (conv1d_x_xy_f): Conv1d(512, 512, kernel_size=(4,), stride=(1,), groups=512)
                        (conv1d_z_xy_f): Conv1d(512, 512, kernel_size=(4,), stride=(1,), groups=512)
                        (conv1d_x_xy_b): Conv1d(512, 512, kernel_size=(4,), stride=(1,), groups=512)
                        (conv1d_z_xy_b): Conv1d(512, 512, kernel_size=(4,), stride=(1,), groups=512)
                        (out_proj): Linear(in_features=2048, out_features=256, bias=False)
                        (global_proj): Linear(in_features=2048, out_features=2048, bias=True)
                      )
                      (dropout): Identity()
                      (norm): RMSNorm()
                      (mlp): MLP(
                        (gate_proj): Linear(in_features=256, out_features=1024, bias=False)
                        (up_proj): Linear(in_features=256, out_features=1024, bias=False)
                        (down_proj): Linear(in_features=1024, out_features=256, bias=False)
                        (act_fn): SiLU()
                      )
                      (mlp_norm): RMSNorm()
                    )
                    (1): ModuleDict(
                      (norm_before): RMSNorm()
                      (mamba): DSSMamba(
                        (in_proj): Linear(in_features=256, out_features=2048, bias=False)
                        (in_proj_xy): Linear(in_features=256, out_features=2048, bias=False)
                        (act): SiLU()
                        (x_proj_f): Linear(in_features=512, out_features=144, bias=False)
                        (x_proj_b): Linear(in_features=512, out_features=144, bias=False)
                        (dt_proj_f): Linear(in_features=16, out_features=512, bias=True)
                        (dt_proj_b): Linear(in_features=16, out_features=512, bias=True)
                        (act_xy): SiLU()
                        (x_proj_f_xy): Linear(in_features=512, out_features=144, bias=False)
                        (x_proj_b_xy): Linear(in_features=512, out_features=144, bias=False)
                        (dt_proj_f_xy): Linear(in_features=16, out_features=512, bias=True)
                        (dt_proj_b_xy): Linear(in_features=16, out_features=512, bias=True)
                        (conv1d_x_f): Conv1d(512, 512, kernel_size=(4,), stride=(1,), groups=512)
                        (conv1d_z_f): Conv1d(512, 512, kernel_size=(4,), stride=(1,), groups=512)
                        (conv1d_x_b): Conv1d(512, 512, kernel_size=(4,), stride=(1,), groups=512)
                        (conv1d_z_b): Conv1d(512, 512, kernel_size=(4,), stride=(1,), groups=512)
                        (conv1d_x_xy_f): Conv1d(512, 512, kernel_size=(4,), stride=(1,), groups=512)
                        (conv1d_z_xy_f): Conv1d(512, 512, kernel_size=(4,), stride=(1,), groups=512)
                        (conv1d_x_xy_b): Conv1d(512, 512, kernel_size=(4,), stride=(1,), groups=512)
                        (conv1d_z_xy_b): Conv1d(512, 512, kernel_size=(4,), stride=(1,), groups=512)
                        (out_proj): Linear(in_features=2048, out_features=256, bias=False)
                        (global_proj): Linear(in_features=2048, out_features=2048, bias=True)
                      )
                      (dropout): DropPath(drop_prob=0.300)
                      (norm): RMSNorm()
                      (mlp): MLP(
                        (gate_proj): Linear(in_features=256, out_features=1024, bias=False)
                        (up_proj): Linear(in_features=256, out_features=1024, bias=False)
                        (down_proj): Linear(in_features=1024, out_features=256, bias=False)
                        (act_fn): SiLU()
                      )
                      (mlp_norm): Identity()
                    )
                  )
                  (rope): RotaryEmbedding()
                )
                (3): DropPath(drop_prob=0.100)
              )
              (1): FUTR3DAttention(
                (dropout): Dropout(p=0.1, inplace=False)
                (sampling_offsets): Linear(in_features=256, out_features=256, bias=True)
                (attention_weights): Linear(in_features=256, out_features=128, bias=True)
                (value_proj): Linear(in_features=256, out_features=256, bias=True)
                (output_proj): Linear(in_features=256, out_features=256, bias=True)
                (img_attention_weights): Linear(in_features=256, out_features=24, bias=True)
                (img_output_proj): Linear(in_features=256, out_features=256, bias=True)
                (position_encoder): Sequential(
                  (0): Linear(in_features=3, out_features=256, bias=True)
                  (1): LayerNorm((256,), eps=1e-05, elementwise_affine=True)
                  (2): ReLU(inplace=True)
                  (3): Linear(in_features=256, out_features=256, bias=True)
                  (4): LayerNorm((256,), eps=1e-05, elementwise_affine=True)
                  (5): ReLU(inplace=True)
                )
                (weight_dropout): Dropout(p=0.0, inplace=False)
                (modality_fusion_layer): Sequential(
                  (0): Linear(in_features=1024, out_features=256, bias=True)
                  (1): LayerNorm((256,), eps=1e-05, elementwise_affine=True)
                  (2): ReLU()
                  (3): Linear(in_features=256, out_features=256, bias=True)
                  (4): LayerNorm((256,), eps=1e-05, elementwise_affine=True)
                )
                (camera_mixer): LidarCameraFusionMambaBlockV2(
                  (layers_LGC): ModuleList(
                    (0): LidarCameraFusionMambaV3(
                      (activation_fn): SiLU()
                      (in_proj): Linear(in_features=256, out_features=1024, bias=False)
                      (in_proj_lidar): Linear(in_features=256, out_features=512, bias=False)
                      (conv1d_h2t): Conv1d(512, 512, kernel_size=(4,), stride=(1,), padding=(3,), groups=512)
                      (x_proj_h2t): Linear(in_features=512, out_features=80, bias=False)
                      (dt_proj_h2t): Linear(in_features=16, out_features=512, bias=True)
                      (conv1d_t2h): Conv1d(512, 512, kernel_size=(4,), stride=(1,), padding=(3,), groups=512)
                      (x_proj_t2h): Linear(in_features=512, out_features=80, bias=False)
                      (dt_proj_t2h): Linear(in_features=16, out_features=512, bias=True)
                      (lidar_guidance_proj): Linear(in_features=512, out_features=512, bias=True)
                      (out_proj): Linear(in_features=512, out_features=256, bias=False)
                    )
                    (1): LidarCameraFusionMambaV3(
                      (activation_fn): SiLU()
                      (in_proj): Linear(in_features=256, out_features=1024, bias=False)
                      (in_proj_lidar): Linear(in_features=256, out_features=512, bias=False)
                      (conv1d_h2t): Conv1d(512, 512, kernel_size=(4,), stride=(1,), padding=(3,), groups=512)
                      (x_proj_h2t): Linear(in_features=512, out_features=80, bias=False)
                      (dt_proj_h2t): Linear(in_features=16, out_features=512, bias=True)
                      (conv1d_t2h): Conv1d(512, 512, kernel_size=(4,), stride=(1,), padding=(3,), groups=512)
                      (x_proj_t2h): Linear(in_features=512, out_features=80, bias=False)
                      (dt_proj_t2h): Linear(in_features=16, out_features=512, bias=True)
                      (lidar_guidance_proj): Linear(in_features=512, out_features=512, bias=True)
                      (out_proj): Linear(in_features=512, out_features=256, bias=False)
                    )
                  )
                  (layers_CGL): ModuleList(
                    (0): LidarCameraFusionMambaV3(
                      (activation_fn): SiLU()
                      (in_proj): Linear(in_features=256, out_features=1024, bias=False)
                      (in_proj_lidar): Linear(in_features=256, out_features=512, bias=False)
                      (conv1d_h2t): Conv1d(512, 512, kernel_size=(4,), stride=(1,), padding=(3,), groups=512)
                      (x_proj_h2t): Linear(in_features=512, out_features=80, bias=False)
                      (dt_proj_h2t): Linear(in_features=16, out_features=512, bias=True)
                      (conv1d_t2h): Conv1d(512, 512, kernel_size=(4,), stride=(1,), padding=(3,), groups=512)
                      (x_proj_t2h): Linear(in_features=512, out_features=80, bias=False)
                      (dt_proj_t2h): Linear(in_features=16, out_features=512, bias=True)
                      (lidar_guidance_proj): Linear(in_features=512, out_features=512, bias=True)
                      (out_proj): Linear(in_features=512, out_features=256, bias=False)
                    )
                    (1): LidarCameraFusionMambaV3(
                      (activation_fn): SiLU()
                      (in_proj): Linear(in_features=256, out_features=1024, bias=False)
                      (in_proj_lidar): Linear(in_features=256, out_features=512, bias=False)
                      (conv1d_h2t): Conv1d(512, 512, kernel_size=(4,), stride=(1,), padding=(3,), groups=512)
                      (x_proj_h2t): Linear(in_features=512, out_features=80, bias=False)
                      (dt_proj_h2t): Linear(in_features=16, out_features=512, bias=True)
                      (conv1d_t2h): Conv1d(512, 512, kernel_size=(4,), stride=(1,), padding=(3,), groups=512)
                      (x_proj_t2h): Linear(in_features=512, out_features=80, bias=False)
                      (dt_proj_t2h): Linear(in_features=16, out_features=512, bias=True)
                      (lidar_guidance_proj): Linear(in_features=512, out_features=512, bias=True)
                      (out_proj): Linear(in_features=512, out_features=256, bias=False)
                    )
                  )
                  (norm_L): ModuleList(
                    (0): LayerNorm((256,), eps=1e-05, elementwise_affine=True)
                    (1): LayerNorm((256,), eps=1e-05, elementwise_affine=True)
                  )
                  (norm_C): ModuleList(
                    (0): LayerNorm((256,), eps=1e-05, elementwise_affine=True)
                    (1): LayerNorm((256,), eps=1e-05, elementwise_affine=True)
                  )
                  (dropout_L): ModuleList(
                    (0): DropPath(drop_prob=0.100)
                    (1): DropPath(drop_prob=0.100)
                  )
                  (dropout_C): ModuleList(
                    (0): DropPath(drop_prob=0.100)
                    (1): DropPath(drop_prob=0.100)
                  )
                  (ffn_block_L): ModuleList(
                    (0): FeedForwardNetwork(
                      (ffn): Sequential(
                        (0): Linear(in_features=256, out_features=1024, bias=True)
                        (1): ReLU()
                        (2): Dropout(p=0.1, inplace=False)
                        (3): Linear(in_features=1024, out_features=256, bias=True)
                      )
                    )
                    (1): FeedForwardNetwork(
                      (ffn): Sequential(
                        (0): Linear(in_features=256, out_features=1024, bias=True)
                        (1): ReLU()
                        (2): Dropout(p=0.1, inplace=False)
                        (3): Linear(in_features=1024, out_features=256, bias=True)
                      )
                    )
                  )
                  (ffn_block_C): ModuleList(
                    (0): FeedForwardNetwork(
                      (ffn): Sequential(
                        (0): Linear(in_features=256, out_features=1024, bias=True)
                        (1): ReLU()
                        (2): Dropout(p=0.1, inplace=False)
                        (3): Linear(in_features=1024, out_features=256, bias=True)
                      )
                    )
                    (1): FeedForwardNetwork(
                      (ffn): Sequential(
                        (0): Linear(in_features=256, out_features=1024, bias=True)
                        (1): ReLU()
                        (2): Dropout(p=0.1, inplace=False)
                        (3): Linear(in_features=1024, out_features=256, bias=True)
                      )
                    )
                  )
                  (ffn_norm_L): ModuleList(
                    (0): LayerNorm((256,), eps=1e-05, elementwise_affine=True)
                    (1): LayerNorm((256,), eps=1e-05, elementwise_affine=True)
                  )
                  (ffn_norm_C): ModuleList(
                    (0): LayerNorm((256,), eps=1e-05, elementwise_affine=True)
                    (1): LayerNorm((256,), eps=1e-05, elementwise_affine=True)
                  )
                )
              )
            )
            (ffns): ModuleList(
              (0): FFN(
                (activate): ReLU(inplace=True)
                (layers): Sequential(
                  (0): Sequential(
                    (0): Linear(in_features=256, out_features=1024, bias=True)
                    (1): ReLU(inplace=True)
                    (2): Dropout(p=0.1, inplace=False)
                  )
                  (1): Linear(in_features=1024, out_features=256, bias=True)
                  (2): Dropout(p=0.1, inplace=False)
                )
                (dropout_layer): Identity()
              )
            )
            (norms): ModuleList(
              (0): LayerNorm((256,), eps=1e-05, elementwise_affine=True)
              (1): LayerNorm((256,), eps=1e-05, elementwise_affine=True)
              (2): LayerNorm((256,), eps=1e-05, elementwise_affine=True)
            )
          )
          (1): DetrTransformerDecoderLayer(
            (attentions): ModuleList(
              (0): ModuleList(
                (0): MultiheadAttention(
                  (attn): MultiheadAttention(
                    (out_proj): NonDynamicallyQuantizableLinear(in_features=256, out_features=256, bias=True)
                  )
                  (proj_drop): Dropout(p=0.0, inplace=False)
                  (dropout_layer): Dropout(p=0.1, inplace=False)
                )
                (1): RMSNorm()
                (2): DSS(
                  (layers): ModuleList(
                    (0): ModuleDict(
                      (norm_before): RMSNorm()
                      (mamba): DSSMamba(
                        (in_proj): Linear(in_features=256, out_features=2048, bias=False)
                        (in_proj_xy): Linear(in_features=256, out_features=2048, bias=False)
                        (act): SiLU()
                        (x_proj_f): Linear(in_features=512, out_features=144, bias=False)
                        (x_proj_b): Linear(in_features=512, out_features=144, bias=False)
                        (dt_proj_f): Linear(in_features=16, out_features=512, bias=True)
                        (dt_proj_b): Linear(in_features=16, out_features=512, bias=True)
                        (act_xy): SiLU()
                        (x_proj_f_xy): Linear(in_features=512, out_features=144, bias=False)
                        (x_proj_b_xy): Linear(in_features=512, out_features=144, bias=False)
                        (dt_proj_f_xy): Linear(in_features=16, out_features=512, bias=True)
                        (dt_proj_b_xy): Linear(in_features=16, out_features=512, bias=True)
                        (conv1d_x_f): Conv1d(512, 512, kernel_size=(4,), stride=(1,), groups=512)
                        (conv1d_z_f): Conv1d(512, 512, kernel_size=(4,), stride=(1,), groups=512)
                        (conv1d_x_b): Conv1d(512, 512, kernel_size=(4,), stride=(1,), groups=512)
                        (conv1d_z_b): Conv1d(512, 512, kernel_size=(4,), stride=(1,), groups=512)
                        (conv1d_x_xy_f): Conv1d(512, 512, kernel_size=(4,), stride=(1,), groups=512)
                        (conv1d_z_xy_f): Conv1d(512, 512, kernel_size=(4,), stride=(1,), groups=512)
                        (conv1d_x_xy_b): Conv1d(512, 512, kernel_size=(4,), stride=(1,), groups=512)
                        (conv1d_z_xy_b): Conv1d(512, 512, kernel_size=(4,), stride=(1,), groups=512)
                        (out_proj): Linear(in_features=2048, out_features=256, bias=False)
                        (global_proj): Linear(in_features=2048, out_features=2048, bias=True)
                      )
                      (dropout): Identity()
                      (norm): RMSNorm()
                      (mlp): MLP(
                        (gate_proj): Linear(in_features=256, out_features=1024, bias=False)
                        (up_proj): Linear(in_features=256, out_features=1024, bias=False)
                        (down_proj): Linear(in_features=1024, out_features=256, bias=False)
                        (act_fn): SiLU()
                      )
                      (mlp_norm): RMSNorm()
                    )
                    (1): ModuleDict(
                      (norm_before): RMSNorm()
                      (mamba): DSSMamba(
                        (in_proj): Linear(in_features=256, out_features=2048, bias=False)
                        (in_proj_xy): Linear(in_features=256, out_features=2048, bias=False)
                        (act): SiLU()
                        (x_proj_f): Linear(in_features=512, out_features=144, bias=False)
                        (x_proj_b): Linear(in_features=512, out_features=144, bias=False)
                        (dt_proj_f): Linear(in_features=16, out_features=512, bias=True)
                        (dt_proj_b): Linear(in_features=16, out_features=512, bias=True)
                        (act_xy): SiLU()
                        (x_proj_f_xy): Linear(in_features=512, out_features=144, bias=False)
                        (x_proj_b_xy): Linear(in_features=512, out_features=144, bias=False)
                        (dt_proj_f_xy): Linear(in_features=16, out_features=512, bias=True)
                        (dt_proj_b_xy): Linear(in_features=16, out_features=512, bias=True)
                        (conv1d_x_f): Conv1d(512, 512, kernel_size=(4,), stride=(1,), groups=512)
                        (conv1d_z_f): Conv1d(512, 512, kernel_size=(4,), stride=(1,), groups=512)
                        (conv1d_x_b): Conv1d(512, 512, kernel_size=(4,), stride=(1,), groups=512)
                        (conv1d_z_b): Conv1d(512, 512, kernel_size=(4,), stride=(1,), groups=512)
                        (conv1d_x_xy_f): Conv1d(512, 512, kernel_size=(4,), stride=(1,), groups=512)
                        (conv1d_z_xy_f): Conv1d(512, 512, kernel_size=(4,), stride=(1,), groups=512)
                        (conv1d_x_xy_b): Conv1d(512, 512, kernel_size=(4,), stride=(1,), groups=512)
                        (conv1d_z_xy_b): Conv1d(512, 512, kernel_size=(4,), stride=(1,), groups=512)
                        (out_proj): Linear(in_features=2048, out_features=256, bias=False)
                        (global_proj): Linear(in_features=2048, out_features=2048, bias=True)
                      )
                      (dropout): DropPath(drop_prob=0.300)
                      (norm): RMSNorm()
                      (mlp): MLP(
                        (gate_proj): Linear(in_features=256, out_features=1024, bias=False)
                        (up_proj): Linear(in_features=256, out_features=1024, bias=False)
                        (down_proj): Linear(in_features=1024, out_features=256, bias=False)
                        (act_fn): SiLU()
                      )
                      (mlp_norm): Identity()
                    )
                  )
                  (rope): RotaryEmbedding()
                )
                (3): DropPath(drop_prob=0.100)
              )
              (1): FUTR3DAttention(
                (dropout): Dropout(p=0.1, inplace=False)
                (sampling_offsets): Linear(in_features=256, out_features=256, bias=True)
                (attention_weights): Linear(in_features=256, out_features=128, bias=True)
                (value_proj): Linear(in_features=256, out_features=256, bias=True)
                (output_proj): Linear(in_features=256, out_features=256, bias=True)
                (img_attention_weights): Linear(in_features=256, out_features=24, bias=True)
                (img_output_proj): Linear(in_features=256, out_features=256, bias=True)
                (position_encoder): Sequential(
                  (0): Linear(in_features=3, out_features=256, bias=True)
                  (1): LayerNorm((256,), eps=1e-05, elementwise_affine=True)
                  (2): ReLU(inplace=True)
                  (3): Linear(in_features=256, out_features=256, bias=True)
                  (4): LayerNorm((256,), eps=1e-05, elementwise_affine=True)
                  (5): ReLU(inplace=True)
                )
                (weight_dropout): Dropout(p=0.0, inplace=False)
                (modality_fusion_layer): Sequential(
                  (0): Linear(in_features=1024, out_features=256, bias=True)
                  (1): LayerNorm((256,), eps=1e-05, elementwise_affine=True)
                  (2): ReLU()
                  (3): Linear(in_features=256, out_features=256, bias=True)
                  (4): LayerNorm((256,), eps=1e-05, elementwise_affine=True)
                )
                (camera_mixer): LidarCameraFusionMambaBlockV2(
                  (layers_LGC): ModuleList(
                    (0): LidarCameraFusionMambaV3(
                      (activation_fn): SiLU()
                      (in_proj): Linear(in_features=256, out_features=1024, bias=False)
                      (in_proj_lidar): Linear(in_features=256, out_features=512, bias=False)
                      (conv1d_h2t): Conv1d(512, 512, kernel_size=(4,), stride=(1,), padding=(3,), groups=512)
                      (x_proj_h2t): Linear(in_features=512, out_features=80, bias=False)
                      (dt_proj_h2t): Linear(in_features=16, out_features=512, bias=True)
                      (conv1d_t2h): Conv1d(512, 512, kernel_size=(4,), stride=(1,), padding=(3,), groups=512)
                      (x_proj_t2h): Linear(in_features=512, out_features=80, bias=False)
                      (dt_proj_t2h): Linear(in_features=16, out_features=512, bias=True)
                      (lidar_guidance_proj): Linear(in_features=512, out_features=512, bias=True)
                      (out_proj): Linear(in_features=512, out_features=256, bias=False)
                    )
                    (1): LidarCameraFusionMambaV3(
                      (activation_fn): SiLU()
                      (in_proj): Linear(in_features=256, out_features=1024, bias=False)
                      (in_proj_lidar): Linear(in_features=256, out_features=512, bias=False)
                      (conv1d_h2t): Conv1d(512, 512, kernel_size=(4,), stride=(1,), padding=(3,), groups=512)
                      (x_proj_h2t): Linear(in_features=512, out_features=80, bias=False)
                      (dt_proj_h2t): Linear(in_features=16, out_features=512, bias=True)
                      (conv1d_t2h): Conv1d(512, 512, kernel_size=(4,), stride=(1,), padding=(3,), groups=512)
                      (x_proj_t2h): Linear(in_features=512, out_features=80, bias=False)
                      (dt_proj_t2h): Linear(in_features=16, out_features=512, bias=True)
                      (lidar_guidance_proj): Linear(in_features=512, out_features=512, bias=True)
                      (out_proj): Linear(in_features=512, out_features=256, bias=False)
                    )
                  )
                  (layers_CGL): ModuleList(
                    (0): LidarCameraFusionMambaV3(
                      (activation_fn): SiLU()
                      (in_proj): Linear(in_features=256, out_features=1024, bias=False)
                      (in_proj_lidar): Linear(in_features=256, out_features=512, bias=False)
                      (conv1d_h2t): Conv1d(512, 512, kernel_size=(4,), stride=(1,), padding=(3,), groups=512)
                      (x_proj_h2t): Linear(in_features=512, out_features=80, bias=False)
                      (dt_proj_h2t): Linear(in_features=16, out_features=512, bias=True)
                      (conv1d_t2h): Conv1d(512, 512, kernel_size=(4,), stride=(1,), padding=(3,), groups=512)
                      (x_proj_t2h): Linear(in_features=512, out_features=80, bias=False)
                      (dt_proj_t2h): Linear(in_features=16, out_features=512, bias=True)
                      (lidar_guidance_proj): Linear(in_features=512, out_features=512, bias=True)
                      (out_proj): Linear(in_features=512, out_features=256, bias=False)
                    )
                    (1): LidarCameraFusionMambaV3(
                      (activation_fn): SiLU()
                      (in_proj): Linear(in_features=256, out_features=1024, bias=False)
                      (in_proj_lidar): Linear(in_features=256, out_features=512, bias=False)
                      (conv1d_h2t): Conv1d(512, 512, kernel_size=(4,), stride=(1,), padding=(3,), groups=512)
                      (x_proj_h2t): Linear(in_features=512, out_features=80, bias=False)
                      (dt_proj_h2t): Linear(in_features=16, out_features=512, bias=True)
                      (conv1d_t2h): Conv1d(512, 512, kernel_size=(4,), stride=(1,), padding=(3,), groups=512)
                      (x_proj_t2h): Linear(in_features=512, out_features=80, bias=False)
                      (dt_proj_t2h): Linear(in_features=16, out_features=512, bias=True)
                      (lidar_guidance_proj): Linear(in_features=512, out_features=512, bias=True)
                      (out_proj): Linear(in_features=512, out_features=256, bias=False)
                    )
                  )
                  (norm_L): ModuleList(
                    (0): LayerNorm((256,), eps=1e-05, elementwise_affine=True)
                    (1): LayerNorm((256,), eps=1e-05, elementwise_affine=True)
                  )
                  (norm_C): ModuleList(
                    (0): LayerNorm((256,), eps=1e-05, elementwise_affine=True)
                    (1): LayerNorm((256,), eps=1e-05, elementwise_affine=True)
                  )
                  (dropout_L): ModuleList(
                    (0): DropPath(drop_prob=0.100)
                    (1): DropPath(drop_prob=0.100)
                  )
                  (dropout_C): ModuleList(
                    (0): DropPath(drop_prob=0.100)
                    (1): DropPath(drop_prob=0.100)
                  )
                  (ffn_block_L): ModuleList(
                    (0): FeedForwardNetwork(
                      (ffn): Sequential(
                        (0): Linear(in_features=256, out_features=1024, bias=True)
                        (1): ReLU()
                        (2): Dropout(p=0.1, inplace=False)
                        (3): Linear(in_features=1024, out_features=256, bias=True)
                      )
                    )
                    (1): FeedForwardNetwork(
                      (ffn): Sequential(
                        (0): Linear(in_features=256, out_features=1024, bias=True)
                        (1): ReLU()
                        (2): Dropout(p=0.1, inplace=False)
                        (3): Linear(in_features=1024, out_features=256, bias=True)
                      )
                    )
                  )
                  (ffn_block_C): ModuleList(
                    (0): FeedForwardNetwork(
                      (ffn): Sequential(
                        (0): Linear(in_features=256, out_features=1024, bias=True)
                        (1): ReLU()
                        (2): Dropout(p=0.1, inplace=False)
                        (3): Linear(in_features=1024, out_features=256, bias=True)
                      )
                    )
                    (1): FeedForwardNetwork(
                      (ffn): Sequential(
                        (0): Linear(in_features=256, out_features=1024, bias=True)
                        (1): ReLU()
                        (2): Dropout(p=0.1, inplace=False)
                        (3): Linear(in_features=1024, out_features=256, bias=True)
                      )
                    )
                  )
                  (ffn_norm_L): ModuleList(
                    (0): LayerNorm((256,), eps=1e-05, elementwise_affine=True)
                    (1): LayerNorm((256,), eps=1e-05, elementwise_affine=True)
                  )
                  (ffn_norm_C): ModuleList(
                    (0): LayerNorm((256,), eps=1e-05, elementwise_affine=True)
                    (1): LayerNorm((256,), eps=1e-05, elementwise_affine=True)
                  )
                )
              )
            )
            (ffns): ModuleList(
              (0): FFN(
                (activate): ReLU(inplace=True)
                (layers): Sequential(
                  (0): Sequential(
                    (0): Linear(in_features=256, out_features=1024, bias=True)
                    (1): ReLU(inplace=True)
                    (2): Dropout(p=0.1, inplace=False)
                  )
                  (1): Linear(in_features=1024, out_features=256, bias=True)
                  (2): Dropout(p=0.1, inplace=False)
                )
                (dropout_layer): Identity()
              )
            )
            (norms): ModuleList(
              (0): LayerNorm((256,), eps=1e-05, elementwise_affine=True)
              (1): LayerNorm((256,), eps=1e-05, elementwise_affine=True)
              (2): LayerNorm((256,), eps=1e-05, elementwise_affine=True)
            )
          )
          (2): DetrTransformerDecoderLayer(
            (attentions): ModuleList(
              (0): ModuleList(
                (0): MultiheadAttention(
                  (attn): MultiheadAttention(
                    (out_proj): NonDynamicallyQuantizableLinear(in_features=256, out_features=256, bias=True)
                  )
                  (proj_drop): Dropout(p=0.0, inplace=False)
                  (dropout_layer): Dropout(p=0.1, inplace=False)
                )
                (1): RMSNorm()
                (2): DSS(
                  (layers): ModuleList(
                    (0): ModuleDict(
                      (norm_before): RMSNorm()
                      (mamba): DSSMamba(
                        (in_proj): Linear(in_features=256, out_features=2048, bias=False)
                        (in_proj_xy): Linear(in_features=256, out_features=2048, bias=False)
                        (act): SiLU()
                        (x_proj_f): Linear(in_features=512, out_features=144, bias=False)
                        (x_proj_b): Linear(in_features=512, out_features=144, bias=False)
                        (dt_proj_f): Linear(in_features=16, out_features=512, bias=True)
                        (dt_proj_b): Linear(in_features=16, out_features=512, bias=True)
                        (act_xy): SiLU()
                        (x_proj_f_xy): Linear(in_features=512, out_features=144, bias=False)
                        (x_proj_b_xy): Linear(in_features=512, out_features=144, bias=False)
                        (dt_proj_f_xy): Linear(in_features=16, out_features=512, bias=True)
                        (dt_proj_b_xy): Linear(in_features=16, out_features=512, bias=True)
                        (conv1d_x_f): Conv1d(512, 512, kernel_size=(4,), stride=(1,), groups=512)
                        (conv1d_z_f): Conv1d(512, 512, kernel_size=(4,), stride=(1,), groups=512)
                        (conv1d_x_b): Conv1d(512, 512, kernel_size=(4,), stride=(1,), groups=512)
                        (conv1d_z_b): Conv1d(512, 512, kernel_size=(4,), stride=(1,), groups=512)
                        (conv1d_x_xy_f): Conv1d(512, 512, kernel_size=(4,), stride=(1,), groups=512)
                        (conv1d_z_xy_f): Conv1d(512, 512, kernel_size=(4,), stride=(1,), groups=512)
                        (conv1d_x_xy_b): Conv1d(512, 512, kernel_size=(4,), stride=(1,), groups=512)
                        (conv1d_z_xy_b): Conv1d(512, 512, kernel_size=(4,), stride=(1,), groups=512)
                        (out_proj): Linear(in_features=2048, out_features=256, bias=False)
                        (global_proj): Linear(in_features=2048, out_features=2048, bias=True)
                      )
                      (dropout): Identity()
                      (norm): RMSNorm()
                      (mlp): MLP(
                        (gate_proj): Linear(in_features=256, out_features=1024, bias=False)
                        (up_proj): Linear(in_features=256, out_features=1024, bias=False)
                        (down_proj): Linear(in_features=1024, out_features=256, bias=False)
                        (act_fn): SiLU()
                      )
                      (mlp_norm): RMSNorm()
                    )
                    (1): ModuleDict(
                      (norm_before): RMSNorm()
                      (mamba): DSSMamba(
                        (in_proj): Linear(in_features=256, out_features=2048, bias=False)
                        (in_proj_xy): Linear(in_features=256, out_features=2048, bias=False)
                        (act): SiLU()
                        (x_proj_f): Linear(in_features=512, out_features=144, bias=False)
                        (x_proj_b): Linear(in_features=512, out_features=144, bias=False)
                        (dt_proj_f): Linear(in_features=16, out_features=512, bias=True)
                        (dt_proj_b): Linear(in_features=16, out_features=512, bias=True)
                        (act_xy): SiLU()
                        (x_proj_f_xy): Linear(in_features=512, out_features=144, bias=False)
                        (x_proj_b_xy): Linear(in_features=512, out_features=144, bias=False)
                        (dt_proj_f_xy): Linear(in_features=16, out_features=512, bias=True)
                        (dt_proj_b_xy): Linear(in_features=16, out_features=512, bias=True)
                        (conv1d_x_f): Conv1d(512, 512, kernel_size=(4,), stride=(1,), groups=512)
                        (conv1d_z_f): Conv1d(512, 512, kernel_size=(4,), stride=(1,), groups=512)
                        (conv1d_x_b): Conv1d(512, 512, kernel_size=(4,), stride=(1,), groups=512)
                        (conv1d_z_b): Conv1d(512, 512, kernel_size=(4,), stride=(1,), groups=512)
                        (conv1d_x_xy_f): Conv1d(512, 512, kernel_size=(4,), stride=(1,), groups=512)
                        (conv1d_z_xy_f): Conv1d(512, 512, kernel_size=(4,), stride=(1,), groups=512)
                        (conv1d_x_xy_b): Conv1d(512, 512, kernel_size=(4,), stride=(1,), groups=512)
                        (conv1d_z_xy_b): Conv1d(512, 512, kernel_size=(4,), stride=(1,), groups=512)
                        (out_proj): Linear(in_features=2048, out_features=256, bias=False)
                        (global_proj): Linear(in_features=2048, out_features=2048, bias=True)
                      )
                      (dropout): DropPath(drop_prob=0.300)
                      (norm): RMSNorm()
                      (mlp): MLP(
                        (gate_proj): Linear(in_features=256, out_features=1024, bias=False)
                        (up_proj): Linear(in_features=256, out_features=1024, bias=False)
                        (down_proj): Linear(in_features=1024, out_features=256, bias=False)
                        (act_fn): SiLU()
                      )
                      (mlp_norm): Identity()
                    )
                  )
                  (rope): RotaryEmbedding()
                )
                (3): DropPath(drop_prob=0.100)
              )
              (1): FUTR3DAttention(
                (dropout): Dropout(p=0.1, inplace=False)
                (sampling_offsets): Linear(in_features=256, out_features=256, bias=True)
                (attention_weights): Linear(in_features=256, out_features=128, bias=True)
                (value_proj): Linear(in_features=256, out_features=256, bias=True)
                (output_proj): Linear(in_features=256, out_features=256, bias=True)
                (img_attention_weights): Linear(in_features=256, out_features=24, bias=True)
                (img_output_proj): Linear(in_features=256, out_features=256, bias=True)
                (position_encoder): Sequential(
                  (0): Linear(in_features=3, out_features=256, bias=True)
                  (1): LayerNorm((256,), eps=1e-05, elementwise_affine=True)
                  (2): ReLU(inplace=True)
                  (3): Linear(in_features=256, out_features=256, bias=True)
                  (4): LayerNorm((256,), eps=1e-05, elementwise_affine=True)
                  (5): ReLU(inplace=True)
                )
                (weight_dropout): Dropout(p=0.0, inplace=False)
                (modality_fusion_layer): Sequential(
                  (0): Linear(in_features=1024, out_features=256, bias=True)
                  (1): LayerNorm((256,), eps=1e-05, elementwise_affine=True)
                  (2): ReLU()
                  (3): Linear(in_features=256, out_features=256, bias=True)
                  (4): LayerNorm((256,), eps=1e-05, elementwise_affine=True)
                )
                (camera_mixer): LidarCameraFusionMambaBlockV2(
                  (layers_LGC): ModuleList(
                    (0): LidarCameraFusionMambaV3(
                      (activation_fn): SiLU()
                      (in_proj): Linear(in_features=256, out_features=1024, bias=False)
                      (in_proj_lidar): Linear(in_features=256, out_features=512, bias=False)
                      (conv1d_h2t): Conv1d(512, 512, kernel_size=(4,), stride=(1,), padding=(3,), groups=512)
                      (x_proj_h2t): Linear(in_features=512, out_features=80, bias=False)
                      (dt_proj_h2t): Linear(in_features=16, out_features=512, bias=True)
                      (conv1d_t2h): Conv1d(512, 512, kernel_size=(4,), stride=(1,), padding=(3,), groups=512)
                      (x_proj_t2h): Linear(in_features=512, out_features=80, bias=False)
                      (dt_proj_t2h): Linear(in_features=16, out_features=512, bias=True)
                      (lidar_guidance_proj): Linear(in_features=512, out_features=512, bias=True)
                      (out_proj): Linear(in_features=512, out_features=256, bias=False)
                    )
                    (1): LidarCameraFusionMambaV3(
                      (activation_fn): SiLU()
                      (in_proj): Linear(in_features=256, out_features=1024, bias=False)
                      (in_proj_lidar): Linear(in_features=256, out_features=512, bias=False)
                      (conv1d_h2t): Conv1d(512, 512, kernel_size=(4,), stride=(1,), padding=(3,), groups=512)
                      (x_proj_h2t): Linear(in_features=512, out_features=80, bias=False)
                      (dt_proj_h2t): Linear(in_features=16, out_features=512, bias=True)
                      (conv1d_t2h): Conv1d(512, 512, kernel_size=(4,), stride=(1,), padding=(3,), groups=512)
                      (x_proj_t2h): Linear(in_features=512, out_features=80, bias=False)
                      (dt_proj_t2h): Linear(in_features=16, out_features=512, bias=True)
                      (lidar_guidance_proj): Linear(in_features=512, out_features=512, bias=True)
                      (out_proj): Linear(in_features=512, out_features=256, bias=False)
                    )
                  )
                  (layers_CGL): ModuleList(
                    (0): LidarCameraFusionMambaV3(
                      (activation_fn): SiLU()
                      (in_proj): Linear(in_features=256, out_features=1024, bias=False)
                      (in_proj_lidar): Linear(in_features=256, out_features=512, bias=False)
                      (conv1d_h2t): Conv1d(512, 512, kernel_size=(4,), stride=(1,), padding=(3,), groups=512)
                      (x_proj_h2t): Linear(in_features=512, out_features=80, bias=False)
                      (dt_proj_h2t): Linear(in_features=16, out_features=512, bias=True)
                      (conv1d_t2h): Conv1d(512, 512, kernel_size=(4,), stride=(1,), padding=(3,), groups=512)
                      (x_proj_t2h): Linear(in_features=512, out_features=80, bias=False)
                      (dt_proj_t2h): Linear(in_features=16, out_features=512, bias=True)
                      (lidar_guidance_proj): Linear(in_features=512, out_features=512, bias=True)
                      (out_proj): Linear(in_features=512, out_features=256, bias=False)
                    )
                    (1): LidarCameraFusionMambaV3(
                      (activation_fn): SiLU()
                      (in_proj): Linear(in_features=256, out_features=1024, bias=False)
                      (in_proj_lidar): Linear(in_features=256, out_features=512, bias=False)
                      (conv1d_h2t): Conv1d(512, 512, kernel_size=(4,), stride=(1,), padding=(3,), groups=512)
                      (x_proj_h2t): Linear(in_features=512, out_features=80, bias=False)
                      (dt_proj_h2t): Linear(in_features=16, out_features=512, bias=True)
                      (conv1d_t2h): Conv1d(512, 512, kernel_size=(4,), stride=(1,), padding=(3,), groups=512)
                      (x_proj_t2h): Linear(in_features=512, out_features=80, bias=False)
                      (dt_proj_t2h): Linear(in_features=16, out_features=512, bias=True)
                      (lidar_guidance_proj): Linear(in_features=512, out_features=512, bias=True)
                      (out_proj): Linear(in_features=512, out_features=256, bias=False)
                    )
                  )
                  (norm_L): ModuleList(
                    (0): LayerNorm((256,), eps=1e-05, elementwise_affine=True)
                    (1): LayerNorm((256,), eps=1e-05, elementwise_affine=True)
                  )
                  (norm_C): ModuleList(
                    (0): LayerNorm((256,), eps=1e-05, elementwise_affine=True)
                    (1): LayerNorm((256,), eps=1e-05, elementwise_affine=True)
                  )
                  (dropout_L): ModuleList(
                    (0): DropPath(drop_prob=0.100)
                    (1): DropPath(drop_prob=0.100)
                  )
                  (dropout_C): ModuleList(
                    (0): DropPath(drop_prob=0.100)
                    (1): DropPath(drop_prob=0.100)
                  )
                  (ffn_block_L): ModuleList(
                    (0): FeedForwardNetwork(
                      (ffn): Sequential(
                        (0): Linear(in_features=256, out_features=1024, bias=True)
                        (1): ReLU()
                        (2): Dropout(p=0.1, inplace=False)
                        (3): Linear(in_features=1024, out_features=256, bias=True)
                      )
                    )
                    (1): FeedForwardNetwork(
                      (ffn): Sequential(
                        (0): Linear(in_features=256, out_features=1024, bias=True)
                        (1): ReLU()
                        (2): Dropout(p=0.1, inplace=False)
                        (3): Linear(in_features=1024, out_features=256, bias=True)
                      )
                    )
                  )
                  (ffn_block_C): ModuleList(
                    (0): FeedForwardNetwork(
                      (ffn): Sequential(
                        (0): Linear(in_features=256, out_features=1024, bias=True)
                        (1): ReLU()
                        (2): Dropout(p=0.1, inplace=False)
                        (3): Linear(in_features=1024, out_features=256, bias=True)
                      )
                    )
                    (1): FeedForwardNetwork(
                      (ffn): Sequential(
                        (0): Linear(in_features=256, out_features=1024, bias=True)
                        (1): ReLU()
                        (2): Dropout(p=0.1, inplace=False)
                        (3): Linear(in_features=1024, out_features=256, bias=True)
                      )
                    )
                  )
                  (ffn_norm_L): ModuleList(
                    (0): LayerNorm((256,), eps=1e-05, elementwise_affine=True)
                    (1): LayerNorm((256,), eps=1e-05, elementwise_affine=True)
                  )
                  (ffn_norm_C): ModuleList(
                    (0): LayerNorm((256,), eps=1e-05, elementwise_affine=True)
                    (1): LayerNorm((256,), eps=1e-05, elementwise_affine=True)
                  )
                )
              )
            )
            (ffns): ModuleList(
              (0): FFN(
                (activate): ReLU(inplace=True)
                (layers): Sequential(
                  (0): Sequential(
                    (0): Linear(in_features=256, out_features=1024, bias=True)
                    (1): ReLU(inplace=True)
                    (2): Dropout(p=0.1, inplace=False)
                  )
                  (1): Linear(in_features=1024, out_features=256, bias=True)
                  (2): Dropout(p=0.1, inplace=False)
                )
                (dropout_layer): Identity()
              )
            )
            (norms): ModuleList(
              (0): LayerNorm((256,), eps=1e-05, elementwise_affine=True)
              (1): LayerNorm((256,), eps=1e-05, elementwise_affine=True)
              (2): LayerNorm((256,), eps=1e-05, elementwise_affine=True)
            )
          )
          (3): DetrTransformerDecoderLayer(
            (attentions): ModuleList(
              (0): ModuleList(
                (0): MultiheadAttention(
                  (attn): MultiheadAttention(
                    (out_proj): NonDynamicallyQuantizableLinear(in_features=256, out_features=256, bias=True)
                  )
                  (proj_drop): Dropout(p=0.0, inplace=False)
                  (dropout_layer): Dropout(p=0.1, inplace=False)
                )
                (1): RMSNorm()
                (2): DSS(
                  (layers): ModuleList(
                    (0): ModuleDict(
                      (norm_before): RMSNorm()
                      (mamba): DSSMamba(
                        (in_proj): Linear(in_features=256, out_features=2048, bias=False)
                        (in_proj_xy): Linear(in_features=256, out_features=2048, bias=False)
                        (act): SiLU()
                        (x_proj_f): Linear(in_features=512, out_features=144, bias=False)
                        (x_proj_b): Linear(in_features=512, out_features=144, bias=False)
                        (dt_proj_f): Linear(in_features=16, out_features=512, bias=True)
                        (dt_proj_b): Linear(in_features=16, out_features=512, bias=True)
                        (act_xy): SiLU()
                        (x_proj_f_xy): Linear(in_features=512, out_features=144, bias=False)
                        (x_proj_b_xy): Linear(in_features=512, out_features=144, bias=False)
                        (dt_proj_f_xy): Linear(in_features=16, out_features=512, bias=True)
                        (dt_proj_b_xy): Linear(in_features=16, out_features=512, bias=True)
                        (conv1d_x_f): Conv1d(512, 512, kernel_size=(4,), stride=(1,), groups=512)
                        (conv1d_z_f): Conv1d(512, 512, kernel_size=(4,), stride=(1,), groups=512)
                        (conv1d_x_b): Conv1d(512, 512, kernel_size=(4,), stride=(1,), groups=512)
                        (conv1d_z_b): Conv1d(512, 512, kernel_size=(4,), stride=(1,), groups=512)
                        (conv1d_x_xy_f): Conv1d(512, 512, kernel_size=(4,), stride=(1,), groups=512)
                        (conv1d_z_xy_f): Conv1d(512, 512, kernel_size=(4,), stride=(1,), groups=512)
                        (conv1d_x_xy_b): Conv1d(512, 512, kernel_size=(4,), stride=(1,), groups=512)
                        (conv1d_z_xy_b): Conv1d(512, 512, kernel_size=(4,), stride=(1,), groups=512)
                        (out_proj): Linear(in_features=2048, out_features=256, bias=False)
                        (global_proj): Linear(in_features=2048, out_features=2048, bias=True)
                      )
                      (dropout): Identity()
                      (norm): RMSNorm()
                      (mlp): MLP(
                        (gate_proj): Linear(in_features=256, out_features=1024, bias=False)
                        (up_proj): Linear(in_features=256, out_features=1024, bias=False)
                        (down_proj): Linear(in_features=1024, out_features=256, bias=False)
                        (act_fn): SiLU()
                      )
                      (mlp_norm): RMSNorm()
                    )
                    (1): ModuleDict(
                      (norm_before): RMSNorm()
                      (mamba): DSSMamba(
                        (in_proj): Linear(in_features=256, out_features=2048, bias=False)
                        (in_proj_xy): Linear(in_features=256, out_features=2048, bias=False)
                        (act): SiLU()
                        (x_proj_f): Linear(in_features=512, out_features=144, bias=False)
                        (x_proj_b): Linear(in_features=512, out_features=144, bias=False)
                        (dt_proj_f): Linear(in_features=16, out_features=512, bias=True)
                        (dt_proj_b): Linear(in_features=16, out_features=512, bias=True)
                        (act_xy): SiLU()
                        (x_proj_f_xy): Linear(in_features=512, out_features=144, bias=False)
                        (x_proj_b_xy): Linear(in_features=512, out_features=144, bias=False)
                        (dt_proj_f_xy): Linear(in_features=16, out_features=512, bias=True)
                        (dt_proj_b_xy): Linear(in_features=16, out_features=512, bias=True)
                        (conv1d_x_f): Conv1d(512, 512, kernel_size=(4,), stride=(1,), groups=512)
                        (conv1d_z_f): Conv1d(512, 512, kernel_size=(4,), stride=(1,), groups=512)
                        (conv1d_x_b): Conv1d(512, 512, kernel_size=(4,), stride=(1,), groups=512)
                        (conv1d_z_b): Conv1d(512, 512, kernel_size=(4,), stride=(1,), groups=512)
                        (conv1d_x_xy_f): Conv1d(512, 512, kernel_size=(4,), stride=(1,), groups=512)
                        (conv1d_z_xy_f): Conv1d(512, 512, kernel_size=(4,), stride=(1,), groups=512)
                        (conv1d_x_xy_b): Conv1d(512, 512, kernel_size=(4,), stride=(1,), groups=512)
                        (conv1d_z_xy_b): Conv1d(512, 512, kernel_size=(4,), stride=(1,), groups=512)
                        (out_proj): Linear(in_features=2048, out_features=256, bias=False)
                        (global_proj): Linear(in_features=2048, out_features=2048, bias=True)
                      )
                      (dropout): DropPath(drop_prob=0.300)
                      (norm): RMSNorm()
                      (mlp): MLP(
                        (gate_proj): Linear(in_features=256, out_features=1024, bias=False)
                        (up_proj): Linear(in_features=256, out_features=1024, bias=False)
                        (down_proj): Linear(in_features=1024, out_features=256, bias=False)
                        (act_fn): SiLU()
                      )
                      (mlp_norm): Identity()
                    )
                  )
                  (rope): RotaryEmbedding()
                )
                (3): DropPath(drop_prob=0.100)
              )
              (1): FUTR3DAttention(
                (dropout): Dropout(p=0.1, inplace=False)
                (sampling_offsets): Linear(in_features=256, out_features=256, bias=True)
                (attention_weights): Linear(in_features=256, out_features=128, bias=True)
                (value_proj): Linear(in_features=256, out_features=256, bias=True)
                (output_proj): Linear(in_features=256, out_features=256, bias=True)
                (img_attention_weights): Linear(in_features=256, out_features=24, bias=True)
                (img_output_proj): Linear(in_features=256, out_features=256, bias=True)
                (position_encoder): Sequential(
                  (0): Linear(in_features=3, out_features=256, bias=True)
                  (1): LayerNorm((256,), eps=1e-05, elementwise_affine=True)
                  (2): ReLU(inplace=True)
                  (3): Linear(in_features=256, out_features=256, bias=True)
                  (4): LayerNorm((256,), eps=1e-05, elementwise_affine=True)
                  (5): ReLU(inplace=True)
                )
                (weight_dropout): Dropout(p=0.0, inplace=False)
                (modality_fusion_layer): Sequential(
                  (0): Linear(in_features=1024, out_features=256, bias=True)
                  (1): LayerNorm((256,), eps=1e-05, elementwise_affine=True)
                  (2): ReLU()
                  (3): Linear(in_features=256, out_features=256, bias=True)
                  (4): LayerNorm((256,), eps=1e-05, elementwise_affine=True)
                )
                (camera_mixer): LidarCameraFusionMambaBlockV2(
                  (layers_LGC): ModuleList(
                    (0): LidarCameraFusionMambaV3(
                      (activation_fn): SiLU()
                      (in_proj): Linear(in_features=256, out_features=1024, bias=False)
                      (in_proj_lidar): Linear(in_features=256, out_features=512, bias=False)
                      (conv1d_h2t): Conv1d(512, 512, kernel_size=(4,), stride=(1,), padding=(3,), groups=512)
                      (x_proj_h2t): Linear(in_features=512, out_features=80, bias=False)
                      (dt_proj_h2t): Linear(in_features=16, out_features=512, bias=True)
                      (conv1d_t2h): Conv1d(512, 512, kernel_size=(4,), stride=(1,), padding=(3,), groups=512)
                      (x_proj_t2h): Linear(in_features=512, out_features=80, bias=False)
                      (dt_proj_t2h): Linear(in_features=16, out_features=512, bias=True)
                      (lidar_guidance_proj): Linear(in_features=512, out_features=512, bias=True)
                      (out_proj): Linear(in_features=512, out_features=256, bias=False)
                    )
                    (1): LidarCameraFusionMambaV3(
                      (activation_fn): SiLU()
                      (in_proj): Linear(in_features=256, out_features=1024, bias=False)
                      (in_proj_lidar): Linear(in_features=256, out_features=512, bias=False)
                      (conv1d_h2t): Conv1d(512, 512, kernel_size=(4,), stride=(1,), padding=(3,), groups=512)
                      (x_proj_h2t): Linear(in_features=512, out_features=80, bias=False)
                      (dt_proj_h2t): Linear(in_features=16, out_features=512, bias=True)
                      (conv1d_t2h): Conv1d(512, 512, kernel_size=(4,), stride=(1,), padding=(3,), groups=512)
                      (x_proj_t2h): Linear(in_features=512, out_features=80, bias=False)
                      (dt_proj_t2h): Linear(in_features=16, out_features=512, bias=True)
                      (lidar_guidance_proj): Linear(in_features=512, out_features=512, bias=True)
                      (out_proj): Linear(in_features=512, out_features=256, bias=False)
                    )
                  )
                  (layers_CGL): ModuleList(
                    (0): LidarCameraFusionMambaV3(
                      (activation_fn): SiLU()
                      (in_proj): Linear(in_features=256, out_features=1024, bias=False)
                      (in_proj_lidar): Linear(in_features=256, out_features=512, bias=False)
                      (conv1d_h2t): Conv1d(512, 512, kernel_size=(4,), stride=(1,), padding=(3,), groups=512)
                      (x_proj_h2t): Linear(in_features=512, out_features=80, bias=False)
                      (dt_proj_h2t): Linear(in_features=16, out_features=512, bias=True)
                      (conv1d_t2h): Conv1d(512, 512, kernel_size=(4,), stride=(1,), padding=(3,), groups=512)
                      (x_proj_t2h): Linear(in_features=512, out_features=80, bias=False)
                      (dt_proj_t2h): Linear(in_features=16, out_features=512, bias=True)
                      (lidar_guidance_proj): Linear(in_features=512, out_features=512, bias=True)
                      (out_proj): Linear(in_features=512, out_features=256, bias=False)
                    )
                    (1): LidarCameraFusionMambaV3(
                      (activation_fn): SiLU()
                      (in_proj): Linear(in_features=256, out_features=1024, bias=False)
                      (in_proj_lidar): Linear(in_features=256, out_features=512, bias=False)
                      (conv1d_h2t): Conv1d(512, 512, kernel_size=(4,), stride=(1,), padding=(3,), groups=512)
                      (x_proj_h2t): Linear(in_features=512, out_features=80, bias=False)
                      (dt_proj_h2t): Linear(in_features=16, out_features=512, bias=True)
                      (conv1d_t2h): Conv1d(512, 512, kernel_size=(4,), stride=(1,), padding=(3,), groups=512)
                      (x_proj_t2h): Linear(in_features=512, out_features=80, bias=False)
                      (dt_proj_t2h): Linear(in_features=16, out_features=512, bias=True)
                      (lidar_guidance_proj): Linear(in_features=512, out_features=512, bias=True)
                      (out_proj): Linear(in_features=512, out_features=256, bias=False)
                    )
                  )
                  (norm_L): ModuleList(
                    (0): LayerNorm((256,), eps=1e-05, elementwise_affine=True)
                    (1): LayerNorm((256,), eps=1e-05, elementwise_affine=True)
                  )
                  (norm_C): ModuleList(
                    (0): LayerNorm((256,), eps=1e-05, elementwise_affine=True)
                    (1): LayerNorm((256,), eps=1e-05, elementwise_affine=True)
                  )
                  (dropout_L): ModuleList(
                    (0): DropPath(drop_prob=0.100)
                    (1): DropPath(drop_prob=0.100)
                  )
                  (dropout_C): ModuleList(
                    (0): DropPath(drop_prob=0.100)
                    (1): DropPath(drop_prob=0.100)
                  )
                  (ffn_block_L): ModuleList(
                    (0): FeedForwardNetwork(
                      (ffn): Sequential(
                        (0): Linear(in_features=256, out_features=1024, bias=True)
                        (1): ReLU()
                        (2): Dropout(p=0.1, inplace=False)
                        (3): Linear(in_features=1024, out_features=256, bias=True)
                      )
                    )
                    (1): FeedForwardNetwork(
                      (ffn): Sequential(
                        (0): Linear(in_features=256, out_features=1024, bias=True)
                        (1): ReLU()
                        (2): Dropout(p=0.1, inplace=False)
                        (3): Linear(in_features=1024, out_features=256, bias=True)
                      )
                    )
                  )
                  (ffn_block_C): ModuleList(
                    (0): FeedForwardNetwork(
                      (ffn): Sequential(
                        (0): Linear(in_features=256, out_features=1024, bias=True)
                        (1): ReLU()
                        (2): Dropout(p=0.1, inplace=False)
                        (3): Linear(in_features=1024, out_features=256, bias=True)
                      )
                    )
                    (1): FeedForwardNetwork(
                      (ffn): Sequential(
                        (0): Linear(in_features=256, out_features=1024, bias=True)
                        (1): ReLU()
                        (2): Dropout(p=0.1, inplace=False)
                        (3): Linear(in_features=1024, out_features=256, bias=True)
                      )
                    )
                  )
                  (ffn_norm_L): ModuleList(
                    (0): LayerNorm((256,), eps=1e-05, elementwise_affine=True)
                    (1): LayerNorm((256,), eps=1e-05, elementwise_affine=True)
                  )
                  (ffn_norm_C): ModuleList(
                    (0): LayerNorm((256,), eps=1e-05, elementwise_affine=True)
                    (1): LayerNorm((256,), eps=1e-05, elementwise_affine=True)
                  )
                )
              )
            )
            (ffns): ModuleList(
              (0): FFN(
                (activate): ReLU(inplace=True)
                (layers): Sequential(
                  (0): Sequential(
                    (0): Linear(in_features=256, out_features=1024, bias=True)
                    (1): ReLU(inplace=True)
                    (2): Dropout(p=0.1, inplace=False)
                  )
                  (1): Linear(in_features=1024, out_features=256, bias=True)
                  (2): Dropout(p=0.1, inplace=False)
                )
                (dropout_layer): Identity()
              )
            )
            (norms): ModuleList(
              (0): LayerNorm((256,), eps=1e-05, elementwise_affine=True)
              (1): LayerNorm((256,), eps=1e-05, elementwise_affine=True)
              (2): LayerNorm((256,), eps=1e-05, elementwise_affine=True)
            )
          )
          (4): DetrTransformerDecoderLayer(
            (attentions): ModuleList(
              (0): ModuleList(
                (0): MultiheadAttention(
                  (attn): MultiheadAttention(
                    (out_proj): NonDynamicallyQuantizableLinear(in_features=256, out_features=256, bias=True)
                  )
                  (proj_drop): Dropout(p=0.0, inplace=False)
                  (dropout_layer): Dropout(p=0.1, inplace=False)
                )
                (1): RMSNorm()
                (2): DSS(
                  (layers): ModuleList(
                    (0): ModuleDict(
                      (norm_before): RMSNorm()
                      (mamba): DSSMamba(
                        (in_proj): Linear(in_features=256, out_features=2048, bias=False)
                        (in_proj_xy): Linear(in_features=256, out_features=2048, bias=False)
                        (act): SiLU()
                        (x_proj_f): Linear(in_features=512, out_features=144, bias=False)
                        (x_proj_b): Linear(in_features=512, out_features=144, bias=False)
                        (dt_proj_f): Linear(in_features=16, out_features=512, bias=True)
                        (dt_proj_b): Linear(in_features=16, out_features=512, bias=True)
                        (act_xy): SiLU()
                        (x_proj_f_xy): Linear(in_features=512, out_features=144, bias=False)
                        (x_proj_b_xy): Linear(in_features=512, out_features=144, bias=False)
                        (dt_proj_f_xy): Linear(in_features=16, out_features=512, bias=True)
                        (dt_proj_b_xy): Linear(in_features=16, out_features=512, bias=True)
                        (conv1d_x_f): Conv1d(512, 512, kernel_size=(4,), stride=(1,), groups=512)
                        (conv1d_z_f): Conv1d(512, 512, kernel_size=(4,), stride=(1,), groups=512)
                        (conv1d_x_b): Conv1d(512, 512, kernel_size=(4,), stride=(1,), groups=512)
                        (conv1d_z_b): Conv1d(512, 512, kernel_size=(4,), stride=(1,), groups=512)
                        (conv1d_x_xy_f): Conv1d(512, 512, kernel_size=(4,), stride=(1,), groups=512)
                        (conv1d_z_xy_f): Conv1d(512, 512, kernel_size=(4,), stride=(1,), groups=512)
                        (conv1d_x_xy_b): Conv1d(512, 512, kernel_size=(4,), stride=(1,), groups=512)
                        (conv1d_z_xy_b): Conv1d(512, 512, kernel_size=(4,), stride=(1,), groups=512)
                        (out_proj): Linear(in_features=2048, out_features=256, bias=False)
                        (global_proj): Linear(in_features=2048, out_features=2048, bias=True)
                      )
                      (dropout): Identity()
                      (norm): RMSNorm()
                      (mlp): MLP(
                        (gate_proj): Linear(in_features=256, out_features=1024, bias=False)
                        (up_proj): Linear(in_features=256, out_features=1024, bias=False)
                        (down_proj): Linear(in_features=1024, out_features=256, bias=False)
                        (act_fn): SiLU()
                      )
                      (mlp_norm): RMSNorm()
                    )
                    (1): ModuleDict(
                      (norm_before): RMSNorm()
                      (mamba): DSSMamba(
                        (in_proj): Linear(in_features=256, out_features=2048, bias=False)
                        (in_proj_xy): Linear(in_features=256, out_features=2048, bias=False)
                        (act): SiLU()
                        (x_proj_f): Linear(in_features=512, out_features=144, bias=False)
                        (x_proj_b): Linear(in_features=512, out_features=144, bias=False)
                        (dt_proj_f): Linear(in_features=16, out_features=512, bias=True)
                        (dt_proj_b): Linear(in_features=16, out_features=512, bias=True)
                        (act_xy): SiLU()
                        (x_proj_f_xy): Linear(in_features=512, out_features=144, bias=False)
                        (x_proj_b_xy): Linear(in_features=512, out_features=144, bias=False)
                        (dt_proj_f_xy): Linear(in_features=16, out_features=512, bias=True)
                        (dt_proj_b_xy): Linear(in_features=16, out_features=512, bias=True)
                        (conv1d_x_f): Conv1d(512, 512, kernel_size=(4,), stride=(1,), groups=512)
                        (conv1d_z_f): Conv1d(512, 512, kernel_size=(4,), stride=(1,), groups=512)
                        (conv1d_x_b): Conv1d(512, 512, kernel_size=(4,), stride=(1,), groups=512)
                        (conv1d_z_b): Conv1d(512, 512, kernel_size=(4,), stride=(1,), groups=512)
                        (conv1d_x_xy_f): Conv1d(512, 512, kernel_size=(4,), stride=(1,), groups=512)
                        (conv1d_z_xy_f): Conv1d(512, 512, kernel_size=(4,), stride=(1,), groups=512)
                        (conv1d_x_xy_b): Conv1d(512, 512, kernel_size=(4,), stride=(1,), groups=512)
                        (conv1d_z_xy_b): Conv1d(512, 512, kernel_size=(4,), stride=(1,), groups=512)
                        (out_proj): Linear(in_features=2048, out_features=256, bias=False)
                        (global_proj): Linear(in_features=2048, out_features=2048, bias=True)
                      )
                      (dropout): DropPath(drop_prob=0.300)
                      (norm): RMSNorm()
                      (mlp): MLP(
                        (gate_proj): Linear(in_features=256, out_features=1024, bias=False)
                        (up_proj): Linear(in_features=256, out_features=1024, bias=False)
                        (down_proj): Linear(in_features=1024, out_features=256, bias=False)
                        (act_fn): SiLU()
                      )
                      (mlp_norm): Identity()
                    )
                  )
                  (rope): RotaryEmbedding()
                )
                (3): DropPath(drop_prob=0.100)
              )
              (1): FUTR3DAttention(
                (dropout): Dropout(p=0.1, inplace=False)
                (sampling_offsets): Linear(in_features=256, out_features=256, bias=True)
                (attention_weights): Linear(in_features=256, out_features=128, bias=True)
                (value_proj): Linear(in_features=256, out_features=256, bias=True)
                (output_proj): Linear(in_features=256, out_features=256, bias=True)
                (img_attention_weights): Linear(in_features=256, out_features=24, bias=True)
                (img_output_proj): Linear(in_features=256, out_features=256, bias=True)
                (position_encoder): Sequential(
                  (0): Linear(in_features=3, out_features=256, bias=True)
                  (1): LayerNorm((256,), eps=1e-05, elementwise_affine=True)
                  (2): ReLU(inplace=True)
                  (3): Linear(in_features=256, out_features=256, bias=True)
                  (4): LayerNorm((256,), eps=1e-05, elementwise_affine=True)
                  (5): ReLU(inplace=True)
                )
                (weight_dropout): Dropout(p=0.0, inplace=False)
                (modality_fusion_layer): Sequential(
                  (0): Linear(in_features=1024, out_features=256, bias=True)
                  (1): LayerNorm((256,), eps=1e-05, elementwise_affine=True)
                  (2): ReLU()
                  (3): Linear(in_features=256, out_features=256, bias=True)
                  (4): LayerNorm((256,), eps=1e-05, elementwise_affine=True)
                )
                (camera_mixer): LidarCameraFusionMambaBlockV2(
                  (layers_LGC): ModuleList(
                    (0): LidarCameraFusionMambaV3(
                      (activation_fn): SiLU()
                      (in_proj): Linear(in_features=256, out_features=1024, bias=False)
                      (in_proj_lidar): Linear(in_features=256, out_features=512, bias=False)
                      (conv1d_h2t): Conv1d(512, 512, kernel_size=(4,), stride=(1,), padding=(3,), groups=512)
                      (x_proj_h2t): Linear(in_features=512, out_features=80, bias=False)
                      (dt_proj_h2t): Linear(in_features=16, out_features=512, bias=True)
                      (conv1d_t2h): Conv1d(512, 512, kernel_size=(4,), stride=(1,), padding=(3,), groups=512)
                      (x_proj_t2h): Linear(in_features=512, out_features=80, bias=False)
                      (dt_proj_t2h): Linear(in_features=16, out_features=512, bias=True)
                      (lidar_guidance_proj): Linear(in_features=512, out_features=512, bias=True)
                      (out_proj): Linear(in_features=512, out_features=256, bias=False)
                    )
                    (1): LidarCameraFusionMambaV3(
                      (activation_fn): SiLU()
                      (in_proj): Linear(in_features=256, out_features=1024, bias=False)
                      (in_proj_lidar): Linear(in_features=256, out_features=512, bias=False)
                      (conv1d_h2t): Conv1d(512, 512, kernel_size=(4,), stride=(1,), padding=(3,), groups=512)
                      (x_proj_h2t): Linear(in_features=512, out_features=80, bias=False)
                      (dt_proj_h2t): Linear(in_features=16, out_features=512, bias=True)
                      (conv1d_t2h): Conv1d(512, 512, kernel_size=(4,), stride=(1,), padding=(3,), groups=512)
                      (x_proj_t2h): Linear(in_features=512, out_features=80, bias=False)
                      (dt_proj_t2h): Linear(in_features=16, out_features=512, bias=True)
                      (lidar_guidance_proj): Linear(in_features=512, out_features=512, bias=True)
                      (out_proj): Linear(in_features=512, out_features=256, bias=False)
                    )
                  )
                  (layers_CGL): ModuleList(
                    (0): LidarCameraFusionMambaV3(
                      (activation_fn): SiLU()
                      (in_proj): Linear(in_features=256, out_features=1024, bias=False)
                      (in_proj_lidar): Linear(in_features=256, out_features=512, bias=False)
                      (conv1d_h2t): Conv1d(512, 512, kernel_size=(4,), stride=(1,), padding=(3,), groups=512)
                      (x_proj_h2t): Linear(in_features=512, out_features=80, bias=False)
                      (dt_proj_h2t): Linear(in_features=16, out_features=512, bias=True)
                      (conv1d_t2h): Conv1d(512, 512, kernel_size=(4,), stride=(1,), padding=(3,), groups=512)
                      (x_proj_t2h): Linear(in_features=512, out_features=80, bias=False)
                      (dt_proj_t2h): Linear(in_features=16, out_features=512, bias=True)
                      (lidar_guidance_proj): Linear(in_features=512, out_features=512, bias=True)
                      (out_proj): Linear(in_features=512, out_features=256, bias=False)
                    )
                    (1): LidarCameraFusionMambaV3(
                      (activation_fn): SiLU()
                      (in_proj): Linear(in_features=256, out_features=1024, bias=False)
                      (in_proj_lidar): Linear(in_features=256, out_features=512, bias=False)
                      (conv1d_h2t): Conv1d(512, 512, kernel_size=(4,), stride=(1,), padding=(3,), groups=512)
                      (x_proj_h2t): Linear(in_features=512, out_features=80, bias=False)
                      (dt_proj_h2t): Linear(in_features=16, out_features=512, bias=True)
                      (conv1d_t2h): Conv1d(512, 512, kernel_size=(4,), stride=(1,), padding=(3,), groups=512)
                      (x_proj_t2h): Linear(in_features=512, out_features=80, bias=False)
                      (dt_proj_t2h): Linear(in_features=16, out_features=512, bias=True)
                      (lidar_guidance_proj): Linear(in_features=512, out_features=512, bias=True)
                      (out_proj): Linear(in_features=512, out_features=256, bias=False)
                    )
                  )
                  (norm_L): ModuleList(
                    (0): LayerNorm((256,), eps=1e-05, elementwise_affine=True)
                    (1): LayerNorm((256,), eps=1e-05, elementwise_affine=True)
                  )
                  (norm_C): ModuleList(
                    (0): LayerNorm((256,), eps=1e-05, elementwise_affine=True)
                    (1): LayerNorm((256,), eps=1e-05, elementwise_affine=True)
                  )
                  (dropout_L): ModuleList(
                    (0): DropPath(drop_prob=0.100)
                    (1): DropPath(drop_prob=0.100)
                  )
                  (dropout_C): ModuleList(
                    (0): DropPath(drop_prob=0.100)
                    (1): DropPath(drop_prob=0.100)
                  )
                  (ffn_block_L): ModuleList(
                    (0): FeedForwardNetwork(
                      (ffn): Sequential(
                        (0): Linear(in_features=256, out_features=1024, bias=True)
                        (1): ReLU()
                        (2): Dropout(p=0.1, inplace=False)
                        (3): Linear(in_features=1024, out_features=256, bias=True)
                      )
                    )
                    (1): FeedForwardNetwork(
                      (ffn): Sequential(
                        (0): Linear(in_features=256, out_features=1024, bias=True)
                        (1): ReLU()
                        (2): Dropout(p=0.1, inplace=False)
                        (3): Linear(in_features=1024, out_features=256, bias=True)
                      )
                    )
                  )
                  (ffn_block_C): ModuleList(
                    (0): FeedForwardNetwork(
                      (ffn): Sequential(
                        (0): Linear(in_features=256, out_features=1024, bias=True)
                        (1): ReLU()
                        (2): Dropout(p=0.1, inplace=False)
                        (3): Linear(in_features=1024, out_features=256, bias=True)
                      )
                    )
                    (1): FeedForwardNetwork(
                      (ffn): Sequential(
                        (0): Linear(in_features=256, out_features=1024, bias=True)
                        (1): ReLU()
                        (2): Dropout(p=0.1, inplace=False)
                        (3): Linear(in_features=1024, out_features=256, bias=True)
                      )
                    )
                  )
                  (ffn_norm_L): ModuleList(
                    (0): LayerNorm((256,), eps=1e-05, elementwise_affine=True)
                    (1): LayerNorm((256,), eps=1e-05, elementwise_affine=True)
                  )
                  (ffn_norm_C): ModuleList(
                    (0): LayerNorm((256,), eps=1e-05, elementwise_affine=True)
                    (1): LayerNorm((256,), eps=1e-05, elementwise_affine=True)
                  )
                )
              )
            )
            (ffns): ModuleList(
              (0): FFN(
                (activate): ReLU(inplace=True)
                (layers): Sequential(
                  (0): Sequential(
                    (0): Linear(in_features=256, out_features=1024, bias=True)
                    (1): ReLU(inplace=True)
                    (2): Dropout(p=0.1, inplace=False)
                  )
                  (1): Linear(in_features=1024, out_features=256, bias=True)
                  (2): Dropout(p=0.1, inplace=False)
                )
                (dropout_layer): Identity()
              )
            )
            (norms): ModuleList(
              (0): LayerNorm((256,), eps=1e-05, elementwise_affine=True)
              (1): LayerNorm((256,), eps=1e-05, elementwise_affine=True)
              (2): LayerNorm((256,), eps=1e-05, elementwise_affine=True)
            )
          )
          (5): DetrTransformerDecoderLayer(
            (attentions): ModuleList(
              (0): ModuleList(
                (0): MultiheadAttention(
                  (attn): MultiheadAttention(
                    (out_proj): NonDynamicallyQuantizableLinear(in_features=256, out_features=256, bias=True)
                  )
                  (proj_drop): Dropout(p=0.0, inplace=False)
                  (dropout_layer): Dropout(p=0.1, inplace=False)
                )
                (1): RMSNorm()
                (2): DSS(
                  (layers): ModuleList(
                    (0): ModuleDict(
                      (norm_before): RMSNorm()
                      (mamba): DSSMamba(
                        (in_proj): Linear(in_features=256, out_features=2048, bias=False)
                        (in_proj_xy): Linear(in_features=256, out_features=2048, bias=False)
                        (act): SiLU()
                        (x_proj_f): Linear(in_features=512, out_features=144, bias=False)
                        (x_proj_b): Linear(in_features=512, out_features=144, bias=False)
                        (dt_proj_f): Linear(in_features=16, out_features=512, bias=True)
                        (dt_proj_b): Linear(in_features=16, out_features=512, bias=True)
                        (act_xy): SiLU()
                        (x_proj_f_xy): Linear(in_features=512, out_features=144, bias=False)
                        (x_proj_b_xy): Linear(in_features=512, out_features=144, bias=False)
                        (dt_proj_f_xy): Linear(in_features=16, out_features=512, bias=True)
                        (dt_proj_b_xy): Linear(in_features=16, out_features=512, bias=True)
                        (conv1d_x_f): Conv1d(512, 512, kernel_size=(4,), stride=(1,), groups=512)
                        (conv1d_z_f): Conv1d(512, 512, kernel_size=(4,), stride=(1,), groups=512)
                        (conv1d_x_b): Conv1d(512, 512, kernel_size=(4,), stride=(1,), groups=512)
                        (conv1d_z_b): Conv1d(512, 512, kernel_size=(4,), stride=(1,), groups=512)
                        (conv1d_x_xy_f): Conv1d(512, 512, kernel_size=(4,), stride=(1,), groups=512)
                        (conv1d_z_xy_f): Conv1d(512, 512, kernel_size=(4,), stride=(1,), groups=512)
                        (conv1d_x_xy_b): Conv1d(512, 512, kernel_size=(4,), stride=(1,), groups=512)
                        (conv1d_z_xy_b): Conv1d(512, 512, kernel_size=(4,), stride=(1,), groups=512)
                        (out_proj): Linear(in_features=2048, out_features=256, bias=False)
                        (global_proj): Linear(in_features=2048, out_features=2048, bias=True)
                      )
                      (dropout): Identity()
                      (norm): RMSNorm()
                      (mlp): MLP(
                        (gate_proj): Linear(in_features=256, out_features=1024, bias=False)
                        (up_proj): Linear(in_features=256, out_features=1024, bias=False)
                        (down_proj): Linear(in_features=1024, out_features=256, bias=False)
                        (act_fn): SiLU()
                      )
                      (mlp_norm): RMSNorm()
                    )
                    (1): ModuleDict(
                      (norm_before): RMSNorm()
                      (mamba): DSSMamba(
                        (in_proj): Linear(in_features=256, out_features=2048, bias=False)
                        (in_proj_xy): Linear(in_features=256, out_features=2048, bias=False)
                        (act): SiLU()
                        (x_proj_f): Linear(in_features=512, out_features=144, bias=False)
                        (x_proj_b): Linear(in_features=512, out_features=144, bias=False)
                        (dt_proj_f): Linear(in_features=16, out_features=512, bias=True)
                        (dt_proj_b): Linear(in_features=16, out_features=512, bias=True)
                        (act_xy): SiLU()
                        (x_proj_f_xy): Linear(in_features=512, out_features=144, bias=False)
                        (x_proj_b_xy): Linear(in_features=512, out_features=144, bias=False)
                        (dt_proj_f_xy): Linear(in_features=16, out_features=512, bias=True)
                        (dt_proj_b_xy): Linear(in_features=16, out_features=512, bias=True)
                        (conv1d_x_f): Conv1d(512, 512, kernel_size=(4,), stride=(1,), groups=512)
                        (conv1d_z_f): Conv1d(512, 512, kernel_size=(4,), stride=(1,), groups=512)
                        (conv1d_x_b): Conv1d(512, 512, kernel_size=(4,), stride=(1,), groups=512)
                        (conv1d_z_b): Conv1d(512, 512, kernel_size=(4,), stride=(1,), groups=512)
                        (conv1d_x_xy_f): Conv1d(512, 512, kernel_size=(4,), stride=(1,), groups=512)
                        (conv1d_z_xy_f): Conv1d(512, 512, kernel_size=(4,), stride=(1,), groups=512)
                        (conv1d_x_xy_b): Conv1d(512, 512, kernel_size=(4,), stride=(1,), groups=512)
                        (conv1d_z_xy_b): Conv1d(512, 512, kernel_size=(4,), stride=(1,), groups=512)
                        (out_proj): Linear(in_features=2048, out_features=256, bias=False)
                        (global_proj): Linear(in_features=2048, out_features=2048, bias=True)
                      )
                      (dropout): DropPath(drop_prob=0.300)
                      (norm): RMSNorm()
                      (mlp): MLP(
                        (gate_proj): Linear(in_features=256, out_features=1024, bias=False)
                        (up_proj): Linear(in_features=256, out_features=1024, bias=False)
                        (down_proj): Linear(in_features=1024, out_features=256, bias=False)
                        (act_fn): SiLU()
                      )
                      (mlp_norm): Identity()
                    )
                  )
                  (rope): RotaryEmbedding()
                )
                (3): DropPath(drop_prob=0.100)
              )
              (1): FUTR3DAttention(
                (dropout): Dropout(p=0.1, inplace=False)
                (sampling_offsets): Linear(in_features=256, out_features=256, bias=True)
                (attention_weights): Linear(in_features=256, out_features=128, bias=True)
                (value_proj): Linear(in_features=256, out_features=256, bias=True)
                (output_proj): Linear(in_features=256, out_features=256, bias=True)
                (img_attention_weights): Linear(in_features=256, out_features=24, bias=True)
                (img_output_proj): Linear(in_features=256, out_features=256, bias=True)
                (position_encoder): Sequential(
                  (0): Linear(in_features=3, out_features=256, bias=True)
                  (1): LayerNorm((256,), eps=1e-05, elementwise_affine=True)
                  (2): ReLU(inplace=True)
                  (3): Linear(in_features=256, out_features=256, bias=True)
                  (4): LayerNorm((256,), eps=1e-05, elementwise_affine=True)
                  (5): ReLU(inplace=True)
                )
                (weight_dropout): Dropout(p=0.0, inplace=False)
                (modality_fusion_layer): Sequential(
                  (0): Linear(in_features=1024, out_features=256, bias=True)
                  (1): LayerNorm((256,), eps=1e-05, elementwise_affine=True)
                  (2): ReLU()
                  (3): Linear(in_features=256, out_features=256, bias=True)
                  (4): LayerNorm((256,), eps=1e-05, elementwise_affine=True)
                )
                (camera_mixer): LidarCameraFusionMambaBlockV2(
                  (layers_LGC): ModuleList(
                    (0): LidarCameraFusionMambaV3(
                      (activation_fn): SiLU()
                      (in_proj): Linear(in_features=256, out_features=1024, bias=False)
                      (in_proj_lidar): Linear(in_features=256, out_features=512, bias=False)
                      (conv1d_h2t): Conv1d(512, 512, kernel_size=(4,), stride=(1,), padding=(3,), groups=512)
                      (x_proj_h2t): Linear(in_features=512, out_features=80, bias=False)
                      (dt_proj_h2t): Linear(in_features=16, out_features=512, bias=True)
                      (conv1d_t2h): Conv1d(512, 512, kernel_size=(4,), stride=(1,), padding=(3,), groups=512)
                      (x_proj_t2h): Linear(in_features=512, out_features=80, bias=False)
                      (dt_proj_t2h): Linear(in_features=16, out_features=512, bias=True)
                      (lidar_guidance_proj): Linear(in_features=512, out_features=512, bias=True)
                      (out_proj): Linear(in_features=512, out_features=256, bias=False)
                    )
                    (1): LidarCameraFusionMambaV3(
                      (activation_fn): SiLU()
                      (in_proj): Linear(in_features=256, out_features=1024, bias=False)
                      (in_proj_lidar): Linear(in_features=256, out_features=512, bias=False)
                      (conv1d_h2t): Conv1d(512, 512, kernel_size=(4,), stride=(1,), padding=(3,), groups=512)
                      (x_proj_h2t): Linear(in_features=512, out_features=80, bias=False)
                      (dt_proj_h2t): Linear(in_features=16, out_features=512, bias=True)
                      (conv1d_t2h): Conv1d(512, 512, kernel_size=(4,), stride=(1,), padding=(3,), groups=512)
                      (x_proj_t2h): Linear(in_features=512, out_features=80, bias=False)
                      (dt_proj_t2h): Linear(in_features=16, out_features=512, bias=True)
                      (lidar_guidance_proj): Linear(in_features=512, out_features=512, bias=True)
                      (out_proj): Linear(in_features=512, out_features=256, bias=False)
                    )
                  )
                  (layers_CGL): ModuleList(
                    (0): LidarCameraFusionMambaV3(
                      (activation_fn): SiLU()
                      (in_proj): Linear(in_features=256, out_features=1024, bias=False)
                      (in_proj_lidar): Linear(in_features=256, out_features=512, bias=False)
                      (conv1d_h2t): Conv1d(512, 512, kernel_size=(4,), stride=(1,), padding=(3,), groups=512)
                      (x_proj_h2t): Linear(in_features=512, out_features=80, bias=False)
                      (dt_proj_h2t): Linear(in_features=16, out_features=512, bias=True)
                      (conv1d_t2h): Conv1d(512, 512, kernel_size=(4,), stride=(1,), padding=(3,), groups=512)
                      (x_proj_t2h): Linear(in_features=512, out_features=80, bias=False)
                      (dt_proj_t2h): Linear(in_features=16, out_features=512, bias=True)
                      (lidar_guidance_proj): Linear(in_features=512, out_features=512, bias=True)
                      (out_proj): Linear(in_features=512, out_features=256, bias=False)
                    )
                    (1): LidarCameraFusionMambaV3(
                      (activation_fn): SiLU()
                      (in_proj): Linear(in_features=256, out_features=1024, bias=False)
                      (in_proj_lidar): Linear(in_features=256, out_features=512, bias=False)
                      (conv1d_h2t): Conv1d(512, 512, kernel_size=(4,), stride=(1,), padding=(3,), groups=512)
                      (x_proj_h2t): Linear(in_features=512, out_features=80, bias=False)
                      (dt_proj_h2t): Linear(in_features=16, out_features=512, bias=True)
                      (conv1d_t2h): Conv1d(512, 512, kernel_size=(4,), stride=(1,), padding=(3,), groups=512)
                      (x_proj_t2h): Linear(in_features=512, out_features=80, bias=False)
                      (dt_proj_t2h): Linear(in_features=16, out_features=512, bias=True)
                      (lidar_guidance_proj): Linear(in_features=512, out_features=512, bias=True)
                      (out_proj): Linear(in_features=512, out_features=256, bias=False)
                    )
                  )
                  (norm_L): ModuleList(
                    (0): LayerNorm((256,), eps=1e-05, elementwise_affine=True)
                    (1): LayerNorm((256,), eps=1e-05, elementwise_affine=True)
                  )
                  (norm_C): ModuleList(
                    (0): LayerNorm((256,), eps=1e-05, elementwise_affine=True)
                    (1): LayerNorm((256,), eps=1e-05, elementwise_affine=True)
                  )
                  (dropout_L): ModuleList(
                    (0): DropPath(drop_prob=0.100)
                    (1): DropPath(drop_prob=0.100)
                  )
                  (dropout_C): ModuleList(
                    (0): DropPath(drop_prob=0.100)
                    (1): DropPath(drop_prob=0.100)
                  )
                  (ffn_block_L): ModuleList(
                    (0): FeedForwardNetwork(
                      (ffn): Sequential(
                        (0): Linear(in_features=256, out_features=1024, bias=True)
                        (1): ReLU()
                        (2): Dropout(p=0.1, inplace=False)
                        (3): Linear(in_features=1024, out_features=256, bias=True)
                      )
                    )
                    (1): FeedForwardNetwork(
                      (ffn): Sequential(
                        (0): Linear(in_features=256, out_features=1024, bias=True)
                        (1): ReLU()
                        (2): Dropout(p=0.1, inplace=False)
                        (3): Linear(in_features=1024, out_features=256, bias=True)
                      )
                    )
                  )
                  (ffn_block_C): ModuleList(
                    (0): FeedForwardNetwork(
                      (ffn): Sequential(
                        (0): Linear(in_features=256, out_features=1024, bias=True)
                        (1): ReLU()
                        (2): Dropout(p=0.1, inplace=False)
                        (3): Linear(in_features=1024, out_features=256, bias=True)
                      )
                    )
                    (1): FeedForwardNetwork(
                      (ffn): Sequential(
                        (0): Linear(in_features=256, out_features=1024, bias=True)
                        (1): ReLU()
                        (2): Dropout(p=0.1, inplace=False)
                        (3): Linear(in_features=1024, out_features=256, bias=True)
                      )
                    )
                  )
                  (ffn_norm_L): ModuleList(
                    (0): LayerNorm((256,), eps=1e-05, elementwise_affine=True)
                    (1): LayerNorm((256,), eps=1e-05, elementwise_affine=True)
                  )
                  (ffn_norm_C): ModuleList(
                    (0): LayerNorm((256,), eps=1e-05, elementwise_affine=True)
                    (1): LayerNorm((256,), eps=1e-05, elementwise_affine=True)
                  )
                )
              )
            )
            (ffns): ModuleList(
              (0): FFN(
                (activate): ReLU(inplace=True)
                (layers): Sequential(
                  (0): Sequential(
                    (0): Linear(in_features=256, out_features=1024, bias=True)
                    (1): ReLU(inplace=True)
                    (2): Dropout(p=0.1, inplace=False)
                  )
                  (1): Linear(in_features=1024, out_features=256, bias=True)
                  (2): Dropout(p=0.1, inplace=False)
                )
                (dropout_layer): Identity()
              )
            )
            (norms): ModuleList(
              (0): LayerNorm((256,), eps=1e-05, elementwise_affine=True)
              (1): LayerNorm((256,), eps=1e-05, elementwise_affine=True)
              (2): LayerNorm((256,), eps=1e-05, elementwise_affine=True)
            )
          )
        )
        (query_scale): MLP(
          (layers): ModuleList(
            (0): Linear(in_features=256, out_features=256, bias=True)
            (1): Linear(in_features=256, out_features=256, bias=True)
          )
        )
        (ref_point_head): MLP(
          (layers): ModuleList(
            (0): Linear(in_features=384, out_features=256, bias=True)
            (1): Linear(in_features=256, out_features=256, bias=True)
          )
        )
      )
    )
    (cls_branches): ModuleList(
      (0): MLP(
        (gate_proj): Linear(in_features=256, out_features=1024, bias=False)
        (up_proj): Linear(in_features=256, out_features=1024, bias=False)
        (act_fn): SiLU()
        (down_proj): Linear(in_features=1024, out_features=10, bias=True)
      )
      (1): MLP(
        (gate_proj): Linear(in_features=256, out_features=1024, bias=False)
        (up_proj): Linear(in_features=256, out_features=1024, bias=False)
        (act_fn): SiLU()
        (down_proj): Linear(in_features=1024, out_features=10, bias=True)
      )
      (2): MLP(
        (gate_proj): Linear(in_features=256, out_features=1024, bias=False)
        (up_proj): Linear(in_features=256, out_features=1024, bias=False)
        (act_fn): SiLU()
        (down_proj): Linear(in_features=1024, out_features=10, bias=True)
      )
      (3): MLP(
        (gate_proj): Linear(in_features=256, out_features=1024, bias=False)
        (up_proj): Linear(in_features=256, out_features=1024, bias=False)
        (act_fn): SiLU()
        (down_proj): Linear(in_features=1024, out_features=10, bias=True)
      )
      (4): MLP(
        (gate_proj): Linear(in_features=256, out_features=1024, bias=False)
        (up_proj): Linear(in_features=256, out_features=1024, bias=False)
        (act_fn): SiLU()
        (down_proj): Linear(in_features=1024, out_features=10, bias=True)
      )
      (5): MLP(
        (gate_proj): Linear(in_features=256, out_features=1024, bias=False)
        (up_proj): Linear(in_features=256, out_features=1024, bias=False)
        (act_fn): SiLU()
        (down_proj): Linear(in_features=1024, out_features=10, bias=True)
      )
    )
    (reg_branches): ModuleList(
      (0): Sequential(
        (0): Linear(in_features=256, out_features=256, bias=True)
        (1): ReLU()
        (2): Linear(in_features=256, out_features=256, bias=True)
        (3): ReLU()
        (4): Linear(in_features=256, out_features=10, bias=True)
      )
      (1): Sequential(
        (0): Linear(in_features=256, out_features=256, bias=True)
        (1): ReLU()
        (2): Linear(in_features=256, out_features=256, bias=True)
        (3): ReLU()
        (4): Linear(in_features=256, out_features=10, bias=True)
      )
      (2): Sequential(
        (0): Linear(in_features=256, out_features=256, bias=True)
        (1): ReLU()
        (2): Linear(in_features=256, out_features=256, bias=True)
        (3): ReLU()
        (4): Linear(in_features=256, out_features=10, bias=True)
      )
      (3): Sequential(
        (0): Linear(in_features=256, out_features=256, bias=True)
        (1): ReLU()
        (2): Linear(in_features=256, out_features=256, bias=True)
        (3): ReLU()
        (4): Linear(in_features=256, out_features=10, bias=True)
      )
      (4): Sequential(
        (0): Linear(in_features=256, out_features=256, bias=True)
        (1): ReLU()
        (2): Linear(in_features=256, out_features=256, bias=True)
        (3): ReLU()
        (4): Linear(in_features=256, out_features=10, bias=True)
      )
      (5): Sequential(
        (0): Linear(in_features=256, out_features=256, bias=True)
        (1): ReLU()
        (2): Linear(in_features=256, out_features=256, bias=True)
        (3): ReLU()
        (4): Linear(in_features=256, out_features=10, bias=True)
      )
    )
    (tgt_embed): Embedding(900, 256)
    (refpoint_embed): Embedding(900, 3)
  )
  (img_backbone): ResNet(
    (conv1): Conv2d(3, 64, kernel_size=(7, 7), stride=(2, 2), padding=(3, 3), bias=False)
    (bn1): SyncBatchNorm(64, eps=1e-05, momentum=0.1, affine=True, track_running_stats=True)
    (relu): ReLU(inplace=True)
    (maxpool): MaxPool2d(kernel_size=3, stride=2, padding=1, dilation=1, ceil_mode=False)
    (layer1): ResLayer(
      (0): Bottleneck(
        (conv1): Conv2d(64, 64, kernel_size=(1, 1), stride=(1, 1), bias=False)
        (bn1): SyncBatchNorm(64, eps=1e-05, momentum=0.1, affine=True, track_running_stats=True)
        (conv2): Conv2d(64, 64, kernel_size=(3, 3), stride=(1, 1), padding=(1, 1), bias=False)
        (bn2): SyncBatchNorm(64, eps=1e-05, momentum=0.1, affine=True, track_running_stats=True)
        (conv3): Conv2d(64, 256, kernel_size=(1, 1), stride=(1, 1), bias=False)
        (bn3): SyncBatchNorm(256, eps=1e-05, momentum=0.1, affine=True, track_running_stats=True)
        (relu): ReLU(inplace=True)
        (downsample): Sequential(
          (0): Conv2d(64, 256, kernel_size=(1, 1), stride=(1, 1), bias=False)
          (1): SyncBatchNorm(256, eps=1e-05, momentum=0.1, affine=True, track_running_stats=True)
        )
      )
      init_cfg={'type': 'Constant', 'val': 0, 'override': {'name': 'norm3'}}
      (1): Bottleneck(
        (conv1): Conv2d(256, 64, kernel_size=(1, 1), stride=(1, 1), bias=False)
        (bn1): SyncBatchNorm(64, eps=1e-05, momentum=0.1, affine=True, track_running_stats=True)
        (conv2): Conv2d(64, 64, kernel_size=(3, 3), stride=(1, 1), padding=(1, 1), bias=False)
        (bn2): SyncBatchNorm(64, eps=1e-05, momentum=0.1, affine=True, track_running_stats=True)
        (conv3): Conv2d(64, 256, kernel_size=(1, 1), stride=(1, 1), bias=False)
        (bn3): SyncBatchNorm(256, eps=1e-05, momentum=0.1, affine=True, track_running_stats=True)
        (relu): ReLU(inplace=True)
      )
      init_cfg={'type': 'Constant', 'val': 0, 'override': {'name': 'norm3'}}
      (2): Bottleneck(
        (conv1): Conv2d(256, 64, kernel_size=(1, 1), stride=(1, 1), bias=False)
        (bn1): SyncBatchNorm(64, eps=1e-05, momentum=0.1, affine=True, track_running_stats=True)
        (conv2): Conv2d(64, 64, kernel_size=(3, 3), stride=(1, 1), padding=(1, 1), bias=False)
        (bn2): SyncBatchNorm(64, eps=1e-05, momentum=0.1, affine=True, track_running_stats=True)
        (conv3): Conv2d(64, 256, kernel_size=(1, 1), stride=(1, 1), bias=False)
        (bn3): SyncBatchNorm(256, eps=1e-05, momentum=0.1, affine=True, track_running_stats=True)
        (relu): ReLU(inplace=True)
      )
      init_cfg={'type': 'Constant', 'val': 0, 'override': {'name': 'norm3'}}
    )
    (layer2): ResLayer(
      (0): Bottleneck(
        (conv1): Conv2d(256, 128, kernel_size=(1, 1), stride=(2, 2), bias=False)
        (bn1): SyncBatchNorm(128, eps=1e-05, momentum=0.1, affine=True, track_running_stats=True)
        (conv2): Conv2d(128, 128, kernel_size=(3, 3), stride=(1, 1), padding=(1, 1), bias=False)
        (bn2): SyncBatchNorm(128, eps=1e-05, momentum=0.1, affine=True, track_running_stats=True)
        (conv3): Conv2d(128, 512, kernel_size=(1, 1), stride=(1, 1), bias=False)
        (bn3): SyncBatchNorm(512, eps=1e-05, momentum=0.1, affine=True, track_running_stats=True)
        (relu): ReLU(inplace=True)
        (downsample): Sequential(
          (0): Conv2d(256, 512, kernel_size=(1, 1), stride=(2, 2), bias=False)
          (1): SyncBatchNorm(512, eps=1e-05, momentum=0.1, affine=True, track_running_stats=True)
        )
      )
      init_cfg={'type': 'Constant', 'val': 0, 'override': {'name': 'norm3'}}
      (1): Bottleneck(
        (conv1): Conv2d(512, 128, kernel_size=(1, 1), stride=(1, 1), bias=False)
        (bn1): SyncBatchNorm(128, eps=1e-05, momentum=0.1, affine=True, track_running_stats=True)
        (conv2): Conv2d(128, 128, kernel_size=(3, 3), stride=(1, 1), padding=(1, 1), bias=False)
        (bn2): SyncBatchNorm(128, eps=1e-05, momentum=0.1, affine=True, track_running_stats=True)
        (conv3): Conv2d(128, 512, kernel_size=(1, 1), stride=(1, 1), bias=False)
        (bn3): SyncBatchNorm(512, eps=1e-05, momentum=0.1, affine=True, track_running_stats=True)
        (relu): ReLU(inplace=True)
      )
      init_cfg={'type': 'Constant', 'val': 0, 'override': {'name': 'norm3'}}
      (2): Bottleneck(
        (conv1): Conv2d(512, 128, kernel_size=(1, 1), stride=(1, 1), bias=False)
        (bn1): SyncBatchNorm(128, eps=1e-05, momentum=0.1, affine=True, track_running_stats=True)
        (conv2): Conv2d(128, 128, kernel_size=(3, 3), stride=(1, 1), padding=(1, 1), bias=False)
        (bn2): SyncBatchNorm(128, eps=1e-05, momentum=0.1, affine=True, track_running_stats=True)
        (conv3): Conv2d(128, 512, kernel_size=(1, 1), stride=(1, 1), bias=False)
        (bn3): SyncBatchNorm(512, eps=1e-05, momentum=0.1, affine=True, track_running_stats=True)
        (relu): ReLU(inplace=True)
      )
      init_cfg={'type': 'Constant', 'val': 0, 'override': {'name': 'norm3'}}
      (3): Bottleneck(
        (conv1): Conv2d(512, 128, kernel_size=(1, 1), stride=(1, 1), bias=False)
        (bn1): SyncBatchNorm(128, eps=1e-05, momentum=0.1, affine=True, track_running_stats=True)
        (conv2): Conv2d(128, 128, kernel_size=(3, 3), stride=(1, 1), padding=(1, 1), bias=False)
        (bn2): SyncBatchNorm(128, eps=1e-05, momentum=0.1, affine=True, track_running_stats=True)
        (conv3): Conv2d(128, 512, kernel_size=(1, 1), stride=(1, 1), bias=False)
        (bn3): SyncBatchNorm(512, eps=1e-05, momentum=0.1, affine=True, track_running_stats=True)
        (relu): ReLU(inplace=True)
      )
      init_cfg={'type': 'Constant', 'val': 0, 'override': {'name': 'norm3'}}
    )
    (layer3): ResLayer(
      (0): Bottleneck(
        (conv1): Conv2d(512, 256, kernel_size=(1, 1), stride=(2, 2), bias=False)
        (bn1): SyncBatchNorm(256, eps=1e-05, momentum=0.1, affine=True, track_running_stats=True)
        (conv2): ModulatedDeformConv2dPack(
          (conv_offset): Conv2d(256, 27, kernel_size=(3, 3), stride=(1, 1), padding=(1, 1))
        )
        (bn2): SyncBatchNorm(256, eps=1e-05, momentum=0.1, affine=True, track_running_stats=True)
        (conv3): Conv2d(256, 1024, kernel_size=(1, 1), stride=(1, 1), bias=False)
        (bn3): SyncBatchNorm(1024, eps=1e-05, momentum=0.1, affine=True, track_running_stats=True)
        (relu): ReLU(inplace=True)
        (downsample): Sequential(
          (0): Conv2d(512, 1024, kernel_size=(1, 1), stride=(2, 2), bias=False)
          (1): SyncBatchNorm(1024, eps=1e-05, momentum=0.1, affine=True, track_running_stats=True)
        )
      )
      init_cfg={'type': 'Constant', 'val': 0, 'override': {'name': 'norm3'}}
      (1): Bottleneck(
        (conv1): Conv2d(1024, 256, kernel_size=(1, 1), stride=(1, 1), bias=False)
        (bn1): SyncBatchNorm(256, eps=1e-05, momentum=0.1, affine=True, track_running_stats=True)
        (conv2): ModulatedDeformConv2dPack(
          (conv_offset): Conv2d(256, 27, kernel_size=(3, 3), stride=(1, 1), padding=(1, 1))
        )
        (bn2): SyncBatchNorm(256, eps=1e-05, momentum=0.1, affine=True, track_running_stats=True)
        (conv3): Conv2d(256, 1024, kernel_size=(1, 1), stride=(1, 1), bias=False)
        (bn3): SyncBatchNorm(1024, eps=1e-05, momentum=0.1, affine=True, track_running_stats=True)
        (relu): ReLU(inplace=True)
      )
      init_cfg={'type': 'Constant', 'val': 0, 'override': {'name': 'norm3'}}
      (2): Bottleneck(
        (conv1): Conv2d(1024, 256, kernel_size=(1, 1), stride=(1, 1), bias=False)
        (bn1): SyncBatchNorm(256, eps=1e-05, momentum=0.1, affine=True, track_running_stats=True)
        (conv2): ModulatedDeformConv2dPack(
          (conv_offset): Conv2d(256, 27, kernel_size=(3, 3), stride=(1, 1), padding=(1, 1))
        )
        (bn2): SyncBatchNorm(256, eps=1e-05, momentum=0.1, affine=True, track_running_stats=True)
        (conv3): Conv2d(256, 1024, kernel_size=(1, 1), stride=(1, 1), bias=False)
        (bn3): SyncBatchNorm(1024, eps=1e-05, momentum=0.1, affine=True, track_running_stats=True)
        (relu): ReLU(inplace=True)
      )
      init_cfg={'type': 'Constant', 'val': 0, 'override': {'name': 'norm3'}}
      (3): Bottleneck(
        (conv1): Conv2d(1024, 256, kernel_size=(1, 1), stride=(1, 1), bias=False)
        (bn1): SyncBatchNorm(256, eps=1e-05, momentum=0.1, affine=True, track_running_stats=True)
        (conv2): ModulatedDeformConv2dPack(
          (conv_offset): Conv2d(256, 27, kernel_size=(3, 3), stride=(1, 1), padding=(1, 1))
        )
        (bn2): SyncBatchNorm(256, eps=1e-05, momentum=0.1, affine=True, track_running_stats=True)
        (conv3): Conv2d(256, 1024, kernel_size=(1, 1), stride=(1, 1), bias=False)
        (bn3): SyncBatchNorm(1024, eps=1e-05, momentum=0.1, affine=True, track_running_stats=True)
        (relu): ReLU(inplace=True)
      )
      init_cfg={'type': 'Constant', 'val': 0, 'override': {'name': 'norm3'}}
      (4): Bottleneck(
        (conv1): Conv2d(1024, 256, kernel_size=(1, 1), stride=(1, 1), bias=False)
        (bn1): SyncBatchNorm(256, eps=1e-05, momentum=0.1, affine=True, track_running_stats=True)
        (conv2): ModulatedDeformConv2dPack(
          (conv_offset): Conv2d(256, 27, kernel_size=(3, 3), stride=(1, 1), padding=(1, 1))
        )
        (bn2): SyncBatchNorm(256, eps=1e-05, momentum=0.1, affine=True, track_running_stats=True)
        (conv3): Conv2d(256, 1024, kernel_size=(1, 1), stride=(1, 1), bias=False)
        (bn3): SyncBatchNorm(1024, eps=1e-05, momentum=0.1, affine=True, track_running_stats=True)
        (relu): ReLU(inplace=True)
      )
      init_cfg={'type': 'Constant', 'val': 0, 'override': {'name': 'norm3'}}
      (5): Bottleneck(
        (conv1): Conv2d(1024, 256, kernel_size=(1, 1), stride=(1, 1), bias=False)
        (bn1): SyncBatchNorm(256, eps=1e-05, momentum=0.1, affine=True, track_running_stats=True)
        (conv2): ModulatedDeformConv2dPack(
          (conv_offset): Conv2d(256, 27, kernel_size=(3, 3), stride=(1, 1), padding=(1, 1))
        )
        (bn2): SyncBatchNorm(256, eps=1e-05, momentum=0.1, affine=True, track_running_stats=True)
        (conv3): Conv2d(256, 1024, kernel_size=(1, 1), stride=(1, 1), bias=False)
        (bn3): SyncBatchNorm(1024, eps=1e-05, momentum=0.1, affine=True, track_running_stats=True)
        (relu): ReLU(inplace=True)
      )
      init_cfg={'type': 'Constant', 'val': 0, 'override': {'name': 'norm3'}}
      (6): Bottleneck(
        (conv1): Conv2d(1024, 256, kernel_size=(1, 1), stride=(1, 1), bias=False)
        (bn1): SyncBatchNorm(256, eps=1e-05, momentum=0.1, affine=True, track_running_stats=True)
        (conv2): ModulatedDeformConv2dPack(
          (conv_offset): Conv2d(256, 27, kernel_size=(3, 3), stride=(1, 1), padding=(1, 1))
        )
        (bn2): SyncBatchNorm(256, eps=1e-05, momentum=0.1, affine=True, track_running_stats=True)
        (conv3): Conv2d(256, 1024, kernel_size=(1, 1), stride=(1, 1), bias=False)
        (bn3): SyncBatchNorm(1024, eps=1e-05, momentum=0.1, affine=True, track_running_stats=True)
        (relu): ReLU(inplace=True)
      )
      init_cfg={'type': 'Constant', 'val': 0, 'override': {'name': 'norm3'}}
      (7): Bottleneck(
        (conv1): Conv2d(1024, 256, kernel_size=(1, 1), stride=(1, 1), bias=False)
        (bn1): SyncBatchNorm(256, eps=1e-05, momentum=0.1, affine=True, track_running_stats=True)
        (conv2): ModulatedDeformConv2dPack(
          (conv_offset): Conv2d(256, 27, kernel_size=(3, 3), stride=(1, 1), padding=(1, 1))
        )
        (bn2): SyncBatchNorm(256, eps=1e-05, momentum=0.1, affine=True, track_running_stats=True)
        (conv3): Conv2d(256, 1024, kernel_size=(1, 1), stride=(1, 1), bias=False)
        (bn3): SyncBatchNorm(1024, eps=1e-05, momentum=0.1, affine=True, track_running_stats=True)
        (relu): ReLU(inplace=True)
      )
      init_cfg={'type': 'Constant', 'val': 0, 'override': {'name': 'norm3'}}
      (8): Bottleneck(
        (conv1): Conv2d(1024, 256, kernel_size=(1, 1), stride=(1, 1), bias=False)
        (bn1): SyncBatchNorm(256, eps=1e-05, momentum=0.1, affine=True, track_running_stats=True)
        (conv2): ModulatedDeformConv2dPack(
          (conv_offset): Conv2d(256, 27, kernel_size=(3, 3), stride=(1, 1), padding=(1, 1))
        )
        (bn2): SyncBatchNorm(256, eps=1e-05, momentum=0.1, affine=True, track_running_stats=True)
        (conv3): Conv2d(256, 1024, kernel_size=(1, 1), stride=(1, 1), bias=False)
        (bn3): SyncBatchNorm(1024, eps=1e-05, momentum=0.1, affine=True, track_running_stats=True)
        (relu): ReLU(inplace=True)
      )
      init_cfg={'type': 'Constant', 'val': 0, 'override': {'name': 'norm3'}}
      (9): Bottleneck(
        (conv1): Conv2d(1024, 256, kernel_size=(1, 1), stride=(1, 1), bias=False)
        (bn1): SyncBatchNorm(256, eps=1e-05, momentum=0.1, affine=True, track_running_stats=True)
        (conv2): ModulatedDeformConv2dPack(
          (conv_offset): Conv2d(256, 27, kernel_size=(3, 3), stride=(1, 1), padding=(1, 1))
        )
        (bn2): SyncBatchNorm(256, eps=1e-05, momentum=0.1, affine=True, track_running_stats=True)
        (conv3): Conv2d(256, 1024, kernel_size=(1, 1), stride=(1, 1), bias=False)
        (bn3): SyncBatchNorm(1024, eps=1e-05, momentum=0.1, affine=True, track_running_stats=True)
        (relu): ReLU(inplace=True)
      )
      init_cfg={'type': 'Constant', 'val': 0, 'override': {'name': 'norm3'}}
      (10): Bottleneck(
        (conv1): Conv2d(1024, 256, kernel_size=(1, 1), stride=(1, 1), bias=False)
        (bn1): SyncBatchNorm(256, eps=1e-05, momentum=0.1, affine=True, track_running_stats=True)
        (conv2): ModulatedDeformConv2dPack(
          (conv_offset): Conv2d(256, 27, kernel_size=(3, 3), stride=(1, 1), padding=(1, 1))
        )
        (bn2): SyncBatchNorm(256, eps=1e-05, momentum=0.1, affine=True, track_running_stats=True)
        (conv3): Conv2d(256, 1024, kernel_size=(1, 1), stride=(1, 1), bias=False)
        (bn3): SyncBatchNorm(1024, eps=1e-05, momentum=0.1, affine=True, track_running_stats=True)
        (relu): ReLU(inplace=True)
      )
      init_cfg={'type': 'Constant', 'val': 0, 'override': {'name': 'norm3'}}
      (11): Bottleneck(
        (conv1): Conv2d(1024, 256, kernel_size=(1, 1), stride=(1, 1), bias=False)
        (bn1): SyncBatchNorm(256, eps=1e-05, momentum=0.1, affine=True, track_running_stats=True)
        (conv2): ModulatedDeformConv2dPack(
          (conv_offset): Conv2d(256, 27, kernel_size=(3, 3), stride=(1, 1), padding=(1, 1))
        )
        (bn2): SyncBatchNorm(256, eps=1e-05, momentum=0.1, affine=True, track_running_stats=True)
        (conv3): Conv2d(256, 1024, kernel_size=(1, 1), stride=(1, 1), bias=False)
        (bn3): SyncBatchNorm(1024, eps=1e-05, momentum=0.1, affine=True, track_running_stats=True)
        (relu): ReLU(inplace=True)
      )
      init_cfg={'type': 'Constant', 'val': 0, 'override': {'name': 'norm3'}}
      (12): Bottleneck(
        (conv1): Conv2d(1024, 256, kernel_size=(1, 1), stride=(1, 1), bias=False)
        (bn1): SyncBatchNorm(256, eps=1e-05, momentum=0.1, affine=True, track_running_stats=True)
        (conv2): ModulatedDeformConv2dPack(
          (conv_offset): Conv2d(256, 27, kernel_size=(3, 3), stride=(1, 1), padding=(1, 1))
        )
        (bn2): SyncBatchNorm(256, eps=1e-05, momentum=0.1, affine=True, track_running_stats=True)
        (conv3): Conv2d(256, 1024, kernel_size=(1, 1), stride=(1, 1), bias=False)
        (bn3): SyncBatchNorm(1024, eps=1e-05, momentum=0.1, affine=True, track_running_stats=True)
        (relu): ReLU(inplace=True)
      )
      init_cfg={'type': 'Constant', 'val': 0, 'override': {'name': 'norm3'}}
      (13): Bottleneck(
        (conv1): Conv2d(1024, 256, kernel_size=(1, 1), stride=(1, 1), bias=False)
        (bn1): SyncBatchNorm(256, eps=1e-05, momentum=0.1, affine=True, track_running_stats=True)
        (conv2): ModulatedDeformConv2dPack(
          (conv_offset): Conv2d(256, 27, kernel_size=(3, 3), stride=(1, 1), padding=(1, 1))
        )
        (bn2): SyncBatchNorm(256, eps=1e-05, momentum=0.1, affine=True, track_running_stats=True)
        (conv3): Conv2d(256, 1024, kernel_size=(1, 1), stride=(1, 1), bias=False)
        (bn3): SyncBatchNorm(1024, eps=1e-05, momentum=0.1, affine=True, track_running_stats=True)
        (relu): ReLU(inplace=True)
      )
      init_cfg={'type': 'Constant', 'val': 0, 'override': {'name': 'norm3'}}
      (14): Bottleneck(
        (conv1): Conv2d(1024, 256, kernel_size=(1, 1), stride=(1, 1), bias=False)
        (bn1): SyncBatchNorm(256, eps=1e-05, momentum=0.1, affine=True, track_running_stats=True)
        (conv2): ModulatedDeformConv2dPack(
          (conv_offset): Conv2d(256, 27, kernel_size=(3, 3), stride=(1, 1), padding=(1, 1))
        )
        (bn2): SyncBatchNorm(256, eps=1e-05, momentum=0.1, affine=True, track_running_stats=True)
        (conv3): Conv2d(256, 1024, kernel_size=(1, 1), stride=(1, 1), bias=False)
        (bn3): SyncBatchNorm(1024, eps=1e-05, momentum=0.1, affine=True, track_running_stats=True)
        (relu): ReLU(inplace=True)
      )
      init_cfg={'type': 'Constant', 'val': 0, 'override': {'name': 'norm3'}}
      (15): Bottleneck(
        (conv1): Conv2d(1024, 256, kernel_size=(1, 1), stride=(1, 1), bias=False)
        (bn1): SyncBatchNorm(256, eps=1e-05, momentum=0.1, affine=True, track_running_stats=True)
        (conv2): ModulatedDeformConv2dPack(
          (conv_offset): Conv2d(256, 27, kernel_size=(3, 3), stride=(1, 1), padding=(1, 1))
        )
        (bn2): SyncBatchNorm(256, eps=1e-05, momentum=0.1, affine=True, track_running_stats=True)
        (conv3): Conv2d(256, 1024, kernel_size=(1, 1), stride=(1, 1), bias=False)
        (bn3): SyncBatchNorm(1024, eps=1e-05, momentum=0.1, affine=True, track_running_stats=True)
        (relu): ReLU(inplace=True)
      )
      init_cfg={'type': 'Constant', 'val': 0, 'override': {'name': 'norm3'}}
      (16): Bottleneck(
        (conv1): Conv2d(1024, 256, kernel_size=(1, 1), stride=(1, 1), bias=False)
        (bn1): SyncBatchNorm(256, eps=1e-05, momentum=0.1, affine=True, track_running_stats=True)
        (conv2): ModulatedDeformConv2dPack(
          (conv_offset): Conv2d(256, 27, kernel_size=(3, 3), stride=(1, 1), padding=(1, 1))
        )
        (bn2): SyncBatchNorm(256, eps=1e-05, momentum=0.1, affine=True, track_running_stats=True)
        (conv3): Conv2d(256, 1024, kernel_size=(1, 1), stride=(1, 1), bias=False)
        (bn3): SyncBatchNorm(1024, eps=1e-05, momentum=0.1, affine=True, track_running_stats=True)
        (relu): ReLU(inplace=True)
      )
      init_cfg={'type': 'Constant', 'val': 0, 'override': {'name': 'norm3'}}
      (17): Bottleneck(
        (conv1): Conv2d(1024, 256, kernel_size=(1, 1), stride=(1, 1), bias=False)
        (bn1): SyncBatchNorm(256, eps=1e-05, momentum=0.1, affine=True, track_running_stats=True)
        (conv2): ModulatedDeformConv2dPack(
          (conv_offset): Conv2d(256, 27, kernel_size=(3, 3), stride=(1, 1), padding=(1, 1))
        )
        (bn2): SyncBatchNorm(256, eps=1e-05, momentum=0.1, affine=True, track_running_stats=True)
        (conv3): Conv2d(256, 1024, kernel_size=(1, 1), stride=(1, 1), bias=False)
        (bn3): SyncBatchNorm(1024, eps=1e-05, momentum=0.1, affine=True, track_running_stats=True)
        (relu): ReLU(inplace=True)
      )
      init_cfg={'type': 'Constant', 'val': 0, 'override': {'name': 'norm3'}}
      (18): Bottleneck(
        (conv1): Conv2d(1024, 256, kernel_size=(1, 1), stride=(1, 1), bias=False)
        (bn1): SyncBatchNorm(256, eps=1e-05, momentum=0.1, affine=True, track_running_stats=True)
        (conv2): ModulatedDeformConv2dPack(
          (conv_offset): Conv2d(256, 27, kernel_size=(3, 3), stride=(1, 1), padding=(1, 1))
        )
        (bn2): SyncBatchNorm(256, eps=1e-05, momentum=0.1, affine=True, track_running_stats=True)
        (conv3): Conv2d(256, 1024, kernel_size=(1, 1), stride=(1, 1), bias=False)
        (bn3): SyncBatchNorm(1024, eps=1e-05, momentum=0.1, affine=True, track_running_stats=True)
        (relu): ReLU(inplace=True)
      )
      init_cfg={'type': 'Constant', 'val': 0, 'override': {'name': 'norm3'}}
      (19): Bottleneck(
        (conv1): Conv2d(1024, 256, kernel_size=(1, 1), stride=(1, 1), bias=False)
        (bn1): SyncBatchNorm(256, eps=1e-05, momentum=0.1, affine=True, track_running_stats=True)
        (conv2): ModulatedDeformConv2dPack(
          (conv_offset): Conv2d(256, 27, kernel_size=(3, 3), stride=(1, 1), padding=(1, 1))
        )
        (bn2): SyncBatchNorm(256, eps=1e-05, momentum=0.1, affine=True, track_running_stats=True)
        (conv3): Conv2d(256, 1024, kernel_size=(1, 1), stride=(1, 1), bias=False)
        (bn3): SyncBatchNorm(1024, eps=1e-05, momentum=0.1, affine=True, track_running_stats=True)
        (relu): ReLU(inplace=True)
      )
      init_cfg={'type': 'Constant', 'val': 0, 'override': {'name': 'norm3'}}
      (20): Bottleneck(
        (conv1): Conv2d(1024, 256, kernel_size=(1, 1), stride=(1, 1), bias=False)
        (bn1): SyncBatchNorm(256, eps=1e-05, momentum=0.1, affine=True, track_running_stats=True)
        (conv2): ModulatedDeformConv2dPack(
          (conv_offset): Conv2d(256, 27, kernel_size=(3, 3), stride=(1, 1), padding=(1, 1))
        )
        (bn2): SyncBatchNorm(256, eps=1e-05, momentum=0.1, affine=True, track_running_stats=True)
        (conv3): Conv2d(256, 1024, kernel_size=(1, 1), stride=(1, 1), bias=False)
        (bn3): SyncBatchNorm(1024, eps=1e-05, momentum=0.1, affine=True, track_running_stats=True)
        (relu): ReLU(inplace=True)
      )
      init_cfg={'type': 'Constant', 'val': 0, 'override': {'name': 'norm3'}}
      (21): Bottleneck(
        (conv1): Conv2d(1024, 256, kernel_size=(1, 1), stride=(1, 1), bias=False)
        (bn1): SyncBatchNorm(256, eps=1e-05, momentum=0.1, affine=True, track_running_stats=True)
        (conv2): ModulatedDeformConv2dPack(
          (conv_offset): Conv2d(256, 27, kernel_size=(3, 3), stride=(1, 1), padding=(1, 1))
        )
        (bn2): SyncBatchNorm(256, eps=1e-05, momentum=0.1, affine=True, track_running_stats=True)
        (conv3): Conv2d(256, 1024, kernel_size=(1, 1), stride=(1, 1), bias=False)
        (bn3): SyncBatchNorm(1024, eps=1e-05, momentum=0.1, affine=True, track_running_stats=True)
        (relu): ReLU(inplace=True)
      )
      init_cfg={'type': 'Constant', 'val': 0, 'override': {'name': 'norm3'}}
      (22): Bottleneck(
        (conv1): Conv2d(1024, 256, kernel_size=(1, 1), stride=(1, 1), bias=False)
        (bn1): SyncBatchNorm(256, eps=1e-05, momentum=0.1, affine=True, track_running_stats=True)
        (conv2): ModulatedDeformConv2dPack(
          (conv_offset): Conv2d(256, 27, kernel_size=(3, 3), stride=(1, 1), padding=(1, 1))
        )
        (bn2): SyncBatchNorm(256, eps=1e-05, momentum=0.1, affine=True, track_running_stats=True)
        (conv3): Conv2d(256, 1024, kernel_size=(1, 1), stride=(1, 1), bias=False)
        (bn3): SyncBatchNorm(1024, eps=1e-05, momentum=0.1, affine=True, track_running_stats=True)
        (relu): ReLU(inplace=True)
      )
      init_cfg={'type': 'Constant', 'val': 0, 'override': {'name': 'norm3'}}
    )
    (layer4): ResLayer(
      (0): Bottleneck(
        (conv1): Conv2d(1024, 512, kernel_size=(1, 1), stride=(2, 2), bias=False)
        (bn1): SyncBatchNorm(512, eps=1e-05, momentum=0.1, affine=True, track_running_stats=True)
        (conv2): ModulatedDeformConv2dPack(
          (conv_offset): Conv2d(512, 27, kernel_size=(3, 3), stride=(1, 1), padding=(1, 1))
        )
        (bn2): SyncBatchNorm(512, eps=1e-05, momentum=0.1, affine=True, track_running_stats=True)
        (conv3): Conv2d(512, 2048, kernel_size=(1, 1), stride=(1, 1), bias=False)
        (bn3): SyncBatchNorm(2048, eps=1e-05, momentum=0.1, affine=True, track_running_stats=True)
        (relu): ReLU(inplace=True)
        (downsample): Sequential(
          (0): Conv2d(1024, 2048, kernel_size=(1, 1), stride=(2, 2), bias=False)
          (1): SyncBatchNorm(2048, eps=1e-05, momentum=0.1, affine=True, track_running_stats=True)
        )
      )
      init_cfg={'type': 'Constant', 'val': 0, 'override': {'name': 'norm3'}}
      (1): Bottleneck(
        (conv1): Conv2d(2048, 512, kernel_size=(1, 1), stride=(1, 1), bias=False)
        (bn1): SyncBatchNorm(512, eps=1e-05, momentum=0.1, affine=True, track_running_stats=True)
        (conv2): ModulatedDeformConv2dPack(
          (conv_offset): Conv2d(512, 27, kernel_size=(3, 3), stride=(1, 1), padding=(1, 1))
        )
        (bn2): SyncBatchNorm(512, eps=1e-05, momentum=0.1, affine=True, track_running_stats=True)
        (conv3): Conv2d(512, 2048, kernel_size=(1, 1), stride=(1, 1), bias=False)
        (bn3): SyncBatchNorm(2048, eps=1e-05, momentum=0.1, affine=True, track_running_stats=True)
        (relu): ReLU(inplace=True)
      )
      init_cfg={'type': 'Constant', 'val': 0, 'override': {'name': 'norm3'}}
      (2): Bottleneck(
        (conv1): Conv2d(2048, 512, kernel_size=(1, 1), stride=(1, 1), bias=False)
        (bn1): SyncBatchNorm(512, eps=1e-05, momentum=0.1, affine=True, track_running_stats=True)
        (conv2): ModulatedDeformConv2dPack(
          (conv_offset): Conv2d(512, 27, kernel_size=(3, 3), stride=(1, 1), padding=(1, 1))
        )
        (bn2): SyncBatchNorm(512, eps=1e-05, momentum=0.1, affine=True, track_running_stats=True)
        (conv3): Conv2d(512, 2048, kernel_size=(1, 1), stride=(1, 1), bias=False)
        (bn3): SyncBatchNorm(2048, eps=1e-05, momentum=0.1, affine=True, track_running_stats=True)
        (relu): ReLU(inplace=True)
      )
      init_cfg={'type': 'Constant', 'val': 0, 'override': {'name': 'norm3'}}
    )
  )
  init_cfg=[{'type': 'Kaiming', 'layer': 'Conv2d'}, {'type': 'Constant', 'val': 1, 'layer': ['_BatchNorm', 'GroupNorm']}]
  (img_neck): FPN(
    (lateral_convs): ModuleList(
      (0): ConvModule(
        (conv): Conv2d(512, 256, kernel_size=(1, 1), stride=(1, 1))
      )
      (1): ConvModule(
        (conv): Conv2d(1024, 256, kernel_size=(1, 1), stride=(1, 1))
      )
      (2): ConvModule(
        (conv): Conv2d(2048, 256, kernel_size=(1, 1), stride=(1, 1))
      )
    )
    (fpn_convs): ModuleList(
      (0): ConvModule(
        (conv): Conv2d(256, 256, kernel_size=(3, 3), stride=(1, 1), padding=(1, 1))
      )
      (1): ConvModule(
        (conv): Conv2d(256, 256, kernel_size=(3, 3), stride=(1, 1), padding=(1, 1))
      )
      (2): ConvModule(
        (conv): Conv2d(256, 256, kernel_size=(3, 3), stride=(1, 1), padding=(1, 1))
      )
      (3): ConvModule(
        (conv): Conv2d(256, 256, kernel_size=(3, 3), stride=(2, 2), padding=(1, 1))
      )
    )
  )
  init_cfg={'type': 'Xavier', 'layer': 'Conv2d', 'distribution': 'uniform'}
)
2025-06-22 00:56:39,054 - mmdet - INFO - load checkpoint from local path: pretrained/hedres_forced.pth
2025-06-22 00:56:39,617 - mmdet - WARNING - The model and loaded state dict do not match exactly

unexpected key in source state_dict: pts_bbox_head.code_weights, pts_bbox_head.query_embedding.weight, pts_bbox_head.aux_head.shared_conv.conv.weight, pts_bbox_head.aux_head.shared_conv.bn.weight, pts_bbox_head.aux_head.shared_conv.bn.bias, pts_bbox_head.aux_head.shared_conv.bn.running_mean, pts_bbox_head.aux_head.shared_conv.bn.running_var, pts_bbox_head.aux_head.shared_conv.bn.num_batches_tracked, pts_bbox_head.aux_head.task_heads.0.reg.0.conv.weight, pts_bbox_head.aux_head.task_heads.0.reg.0.bn.weight, pts_bbox_head.aux_head.task_heads.0.reg.0.bn.bias, pts_bbox_head.aux_head.task_heads.0.reg.0.bn.running_mean, pts_bbox_head.aux_head.task_heads.0.reg.0.bn.running_var, pts_bbox_head.aux_head.task_heads.0.reg.0.bn.num_batches_tracked, pts_bbox_head.aux_head.task_heads.0.reg.1.weight, pts_bbox_head.aux_head.task_heads.0.reg.1.bias, pts_bbox_head.aux_head.task_heads.0.height.0.conv.weight, pts_bbox_head.aux_head.task_heads.0.height.0.bn.weight, pts_bbox_head.aux_head.task_heads.0.height.0.bn.bias, pts_bbox_head.aux_head.task_heads.0.height.0.bn.running_mean, pts_bbox_head.aux_head.task_heads.0.height.0.bn.running_var, pts_bbox_head.aux_head.task_heads.0.height.0.bn.num_batches_tracked, pts_bbox_head.aux_head.task_heads.0.height.1.weight, pts_bbox_head.aux_head.task_heads.0.height.1.bias, pts_bbox_head.aux_head.task_heads.0.dim.0.conv.weight, pts_bbox_head.aux_head.task_heads.0.dim.0.bn.weight, pts_bbox_head.aux_head.task_heads.0.dim.0.bn.bias, pts_bbox_head.aux_head.task_heads.0.dim.0.bn.running_mean, pts_bbox_head.aux_head.task_heads.0.dim.0.bn.running_var, pts_bbox_head.aux_head.task_heads.0.dim.0.bn.num_batches_tracked, pts_bbox_head.aux_head.task_heads.0.dim.1.weight, pts_bbox_head.aux_head.task_heads.0.dim.1.bias, pts_bbox_head.aux_head.task_heads.0.rot.0.conv.weight, pts_bbox_head.aux_head.task_heads.0.rot.0.bn.weight, pts_bbox_head.aux_head.task_heads.0.rot.0.bn.bias, pts_bbox_head.aux_head.task_heads.0.rot.0.bn.running_mean, pts_bbox_head.aux_head.task_heads.0.rot.0.bn.running_var, pts_bbox_head.aux_head.task_heads.0.rot.0.bn.num_batches_tracked, pts_bbox_head.aux_head.task_heads.0.rot.1.weight, pts_bbox_head.aux_head.task_heads.0.rot.1.bias, pts_bbox_head.aux_head.task_heads.0.vel.0.conv.weight, pts_bbox_head.aux_head.task_heads.0.vel.0.bn.weight, pts_bbox_head.aux_head.task_heads.0.vel.0.bn.bias, pts_bbox_head.aux_head.task_heads.0.vel.0.bn.running_mean, pts_bbox_head.aux_head.task_heads.0.vel.0.bn.running_var, pts_bbox_head.aux_head.task_heads.0.vel.0.bn.num_batches_tracked, pts_bbox_head.aux_head.task_heads.0.vel.1.weight, pts_bbox_head.aux_head.task_heads.0.vel.1.bias, pts_bbox_head.aux_head.task_heads.0.heatmap.0.conv.weight, pts_bbox_head.aux_head.task_heads.0.heatmap.0.bn.weight, pts_bbox_head.aux_head.task_heads.0.heatmap.0.bn.bias, pts_bbox_head.aux_head.task_heads.0.heatmap.0.bn.running_mean, pts_bbox_head.aux_head.task_heads.0.heatmap.0.bn.running_var, pts_bbox_head.aux_head.task_heads.0.heatmap.0.bn.num_batches_tracked, pts_bbox_head.aux_head.task_heads.0.heatmap.1.weight, pts_bbox_head.aux_head.task_heads.0.heatmap.1.bias, pts_bbox_head.aux_head.task_heads.1.reg.0.conv.weight, pts_bbox_head.aux_head.task_heads.1.reg.0.bn.weight, pts_bbox_head.aux_head.task_heads.1.reg.0.bn.bias, pts_bbox_head.aux_head.task_heads.1.reg.0.bn.running_mean, pts_bbox_head.aux_head.task_heads.1.reg.0.bn.running_var, pts_bbox_head.aux_head.task_heads.1.reg.0.bn.num_batches_tracked, pts_bbox_head.aux_head.task_heads.1.reg.1.weight, pts_bbox_head.aux_head.task_heads.1.reg.1.bias, pts_bbox_head.aux_head.task_heads.1.height.0.conv.weight, pts_bbox_head.aux_head.task_heads.1.height.0.bn.weight, pts_bbox_head.aux_head.task_heads.1.height.0.bn.bias, pts_bbox_head.aux_head.task_heads.1.height.0.bn.running_mean, pts_bbox_head.aux_head.task_heads.1.height.0.bn.running_var, pts_bbox_head.aux_head.task_heads.1.height.0.bn.num_batches_tracked, pts_bbox_head.aux_head.task_heads.1.height.1.weight, pts_bbox_head.aux_head.task_heads.1.height.1.bias, pts_bbox_head.aux_head.task_heads.1.dim.0.conv.weight, pts_bbox_head.aux_head.task_heads.1.dim.0.bn.weight, pts_bbox_head.aux_head.task_heads.1.dim.0.bn.bias, pts_bbox_head.aux_head.task_heads.1.dim.0.bn.running_mean, pts_bbox_head.aux_head.task_heads.1.dim.0.bn.running_var, pts_bbox_head.aux_head.task_heads.1.dim.0.bn.num_batches_tracked, pts_bbox_head.aux_head.task_heads.1.dim.1.weight, pts_bbox_head.aux_head.task_heads.1.dim.1.bias, pts_bbox_head.aux_head.task_heads.1.rot.0.conv.weight, pts_bbox_head.aux_head.task_heads.1.rot.0.bn.weight, pts_bbox_head.aux_head.task_heads.1.rot.0.bn.bias, pts_bbox_head.aux_head.task_heads.1.rot.0.bn.running_mean, pts_bbox_head.aux_head.task_heads.1.rot.0.bn.running_var, pts_bbox_head.aux_head.task_heads.1.rot.0.bn.num_batches_tracked, pts_bbox_head.aux_head.task_heads.1.rot.1.weight, pts_bbox_head.aux_head.task_heads.1.rot.1.bias, pts_bbox_head.aux_head.task_heads.1.vel.0.conv.weight, pts_bbox_head.aux_head.task_heads.1.vel.0.bn.weight, pts_bbox_head.aux_head.task_heads.1.vel.0.bn.bias, pts_bbox_head.aux_head.task_heads.1.vel.0.bn.running_mean, pts_bbox_head.aux_head.task_heads.1.vel.0.bn.running_var, pts_bbox_head.aux_head.task_heads.1.vel.0.bn.num_batches_tracked, pts_bbox_head.aux_head.task_heads.1.vel.1.weight, pts_bbox_head.aux_head.task_heads.1.vel.1.bias, pts_bbox_head.aux_head.task_heads.1.heatmap.0.conv.weight, pts_bbox_head.aux_head.task_heads.1.heatmap.0.bn.weight, pts_bbox_head.aux_head.task_heads.1.heatmap.0.bn.bias, pts_bbox_head.aux_head.task_heads.1.heatmap.0.bn.running_mean, pts_bbox_head.aux_head.task_heads.1.heatmap.0.bn.running_var, pts_bbox_head.aux_head.task_heads.1.heatmap.0.bn.num_batches_tracked, pts_bbox_head.aux_head.task_heads.1.heatmap.1.weight, pts_bbox_head.aux_head.task_heads.1.heatmap.1.bias, pts_bbox_head.aux_head.task_heads.2.reg.0.conv.weight, pts_bbox_head.aux_head.task_heads.2.reg.0.bn.weight, pts_bbox_head.aux_head.task_heads.2.reg.0.bn.bias, pts_bbox_head.aux_head.task_heads.2.reg.0.bn.running_mean, pts_bbox_head.aux_head.task_heads.2.reg.0.bn.running_var, pts_bbox_head.aux_head.task_heads.2.reg.0.bn.num_batches_tracked, pts_bbox_head.aux_head.task_heads.2.reg.1.weight, pts_bbox_head.aux_head.task_heads.2.reg.1.bias, pts_bbox_head.aux_head.task_heads.2.height.0.conv.weight, pts_bbox_head.aux_head.task_heads.2.height.0.bn.weight, pts_bbox_head.aux_head.task_heads.2.height.0.bn.bias, pts_bbox_head.aux_head.task_heads.2.height.0.bn.running_mean, pts_bbox_head.aux_head.task_heads.2.height.0.bn.running_var, pts_bbox_head.aux_head.task_heads.2.height.0.bn.num_batches_tracked, pts_bbox_head.aux_head.task_heads.2.height.1.weight, pts_bbox_head.aux_head.task_heads.2.height.1.bias, pts_bbox_head.aux_head.task_heads.2.dim.0.conv.weight, pts_bbox_head.aux_head.task_heads.2.dim.0.bn.weight, pts_bbox_head.aux_head.task_heads.2.dim.0.bn.bias, pts_bbox_head.aux_head.task_heads.2.dim.0.bn.running_mean, pts_bbox_head.aux_head.task_heads.2.dim.0.bn.running_var, pts_bbox_head.aux_head.task_heads.2.dim.0.bn.num_batches_tracked, pts_bbox_head.aux_head.task_heads.2.dim.1.weight, pts_bbox_head.aux_head.task_heads.2.dim.1.bias, pts_bbox_head.aux_head.task_heads.2.rot.0.conv.weight, pts_bbox_head.aux_head.task_heads.2.rot.0.bn.weight, pts_bbox_head.aux_head.task_heads.2.rot.0.bn.bias, pts_bbox_head.aux_head.task_heads.2.rot.0.bn.running_mean, pts_bbox_head.aux_head.task_heads.2.rot.0.bn.running_var, pts_bbox_head.aux_head.task_heads.2.rot.0.bn.num_batches_tracked, pts_bbox_head.aux_head.task_heads.2.rot.1.weight, pts_bbox_head.aux_head.task_heads.2.rot.1.bias, pts_bbox_head.aux_head.task_heads.2.vel.0.conv.weight, pts_bbox_head.aux_head.task_heads.2.vel.0.bn.weight, pts_bbox_head.aux_head.task_heads.2.vel.0.bn.bias, pts_bbox_head.aux_head.task_heads.2.vel.0.bn.running_mean, pts_bbox_head.aux_head.task_heads.2.vel.0.bn.running_var, pts_bbox_head.aux_head.task_heads.2.vel.0.bn.num_batches_tracked, pts_bbox_head.aux_head.task_heads.2.vel.1.weight, pts_bbox_head.aux_head.task_heads.2.vel.1.bias, pts_bbox_head.aux_head.task_heads.2.heatmap.0.conv.weight, pts_bbox_head.aux_head.task_heads.2.heatmap.0.bn.weight, pts_bbox_head.aux_head.task_heads.2.heatmap.0.bn.bias, pts_bbox_head.aux_head.task_heads.2.heatmap.0.bn.running_mean, pts_bbox_head.aux_head.task_heads.2.heatmap.0.bn.running_var, pts_bbox_head.aux_head.task_heads.2.heatmap.0.bn.num_batches_tracked, pts_bbox_head.aux_head.task_heads.2.heatmap.1.weight, pts_bbox_head.aux_head.task_heads.2.heatmap.1.bias, pts_bbox_head.aux_head.task_heads.3.reg.0.conv.weight, pts_bbox_head.aux_head.task_heads.3.reg.0.bn.weight, pts_bbox_head.aux_head.task_heads.3.reg.0.bn.bias, pts_bbox_head.aux_head.task_heads.3.reg.0.bn.running_mean, pts_bbox_head.aux_head.task_heads.3.reg.0.bn.running_var, pts_bbox_head.aux_head.task_heads.3.reg.0.bn.num_batches_tracked, pts_bbox_head.aux_head.task_heads.3.reg.1.weight, pts_bbox_head.aux_head.task_heads.3.reg.1.bias, pts_bbox_head.aux_head.task_heads.3.height.0.conv.weight, pts_bbox_head.aux_head.task_heads.3.height.0.bn.weight, pts_bbox_head.aux_head.task_heads.3.height.0.bn.bias, pts_bbox_head.aux_head.task_heads.3.height.0.bn.running_mean, pts_bbox_head.aux_head.task_heads.3.height.0.bn.running_var, pts_bbox_head.aux_head.task_heads.3.height.0.bn.num_batches_tracked, pts_bbox_head.aux_head.task_heads.3.height.1.weight, pts_bbox_head.aux_head.task_heads.3.height.1.bias, pts_bbox_head.aux_head.task_heads.3.dim.0.conv.weight, pts_bbox_head.aux_head.task_heads.3.dim.0.bn.weight, pts_bbox_head.aux_head.task_heads.3.dim.0.bn.bias, pts_bbox_head.aux_head.task_heads.3.dim.0.bn.running_mean, pts_bbox_head.aux_head.task_heads.3.dim.0.bn.running_var, pts_bbox_head.aux_head.task_heads.3.dim.0.bn.num_batches_tracked, pts_bbox_head.aux_head.task_heads.3.dim.1.weight, pts_bbox_head.aux_head.task_heads.3.dim.1.bias, pts_bbox_head.aux_head.task_heads.3.rot.0.conv.weight, pts_bbox_head.aux_head.task_heads.3.rot.0.bn.weight, pts_bbox_head.aux_head.task_heads.3.rot.0.bn.bias, pts_bbox_head.aux_head.task_heads.3.rot.0.bn.running_mean, pts_bbox_head.aux_head.task_heads.3.rot.0.bn.running_var, pts_bbox_head.aux_head.task_heads.3.rot.0.bn.num_batches_tracked, pts_bbox_head.aux_head.task_heads.3.rot.1.weight, pts_bbox_head.aux_head.task_heads.3.rot.1.bias, pts_bbox_head.aux_head.task_heads.3.vel.0.conv.weight, pts_bbox_head.aux_head.task_heads.3.vel.0.bn.weight, pts_bbox_head.aux_head.task_heads.3.vel.0.bn.bias, pts_bbox_head.aux_head.task_heads.3.vel.0.bn.running_mean, pts_bbox_head.aux_head.task_heads.3.vel.0.bn.running_var, pts_bbox_head.aux_head.task_heads.3.vel.0.bn.num_batches_tracked, pts_bbox_head.aux_head.task_heads.3.vel.1.weight, pts_bbox_head.aux_head.task_heads.3.vel.1.bias, pts_bbox_head.aux_head.task_heads.3.heatmap.0.conv.weight, pts_bbox_head.aux_head.task_heads.3.heatmap.0.bn.weight, pts_bbox_head.aux_head.task_heads.3.heatmap.0.bn.bias, pts_bbox_head.aux_head.task_heads.3.heatmap.0.bn.running_mean, pts_bbox_head.aux_head.task_heads.3.heatmap.0.bn.running_var, pts_bbox_head.aux_head.task_heads.3.heatmap.0.bn.num_batches_tracked, pts_bbox_head.aux_head.task_heads.3.heatmap.1.weight, pts_bbox_head.aux_head.task_heads.3.heatmap.1.bias, pts_bbox_head.aux_head.task_heads.4.reg.0.conv.weight, pts_bbox_head.aux_head.task_heads.4.reg.0.bn.weight, pts_bbox_head.aux_head.task_heads.4.reg.0.bn.bias, pts_bbox_head.aux_head.task_heads.4.reg.0.bn.running_mean, pts_bbox_head.aux_head.task_heads.4.reg.0.bn.running_var, pts_bbox_head.aux_head.task_heads.4.reg.0.bn.num_batches_tracked, pts_bbox_head.aux_head.task_heads.4.reg.1.weight, pts_bbox_head.aux_head.task_heads.4.reg.1.bias, pts_bbox_head.aux_head.task_heads.4.height.0.conv.weight, pts_bbox_head.aux_head.task_heads.4.height.0.bn.weight, pts_bbox_head.aux_head.task_heads.4.height.0.bn.bias, pts_bbox_head.aux_head.task_heads.4.height.0.bn.running_mean, pts_bbox_head.aux_head.task_heads.4.height.0.bn.running_var, pts_bbox_head.aux_head.task_heads.4.height.0.bn.num_batches_tracked, pts_bbox_head.aux_head.task_heads.4.height.1.weight, pts_bbox_head.aux_head.task_heads.4.height.1.bias, pts_bbox_head.aux_head.task_heads.4.dim.0.conv.weight, pts_bbox_head.aux_head.task_heads.4.dim.0.bn.weight, pts_bbox_head.aux_head.task_heads.4.dim.0.bn.bias, pts_bbox_head.aux_head.task_heads.4.dim.0.bn.running_mean, pts_bbox_head.aux_head.task_heads.4.dim.0.bn.running_var, pts_bbox_head.aux_head.task_heads.4.dim.0.bn.num_batches_tracked, pts_bbox_head.aux_head.task_heads.4.dim.1.weight, pts_bbox_head.aux_head.task_heads.4.dim.1.bias, pts_bbox_head.aux_head.task_heads.4.rot.0.conv.weight, pts_bbox_head.aux_head.task_heads.4.rot.0.bn.weight, pts_bbox_head.aux_head.task_heads.4.rot.0.bn.bias, pts_bbox_head.aux_head.task_heads.4.rot.0.bn.running_mean, pts_bbox_head.aux_head.task_heads.4.rot.0.bn.running_var, pts_bbox_head.aux_head.task_heads.4.rot.0.bn.num_batches_tracked, pts_bbox_head.aux_head.task_heads.4.rot.1.weight, pts_bbox_head.aux_head.task_heads.4.rot.1.bias, pts_bbox_head.aux_head.task_heads.4.vel.0.conv.weight, pts_bbox_head.aux_head.task_heads.4.vel.0.bn.weight, pts_bbox_head.aux_head.task_heads.4.vel.0.bn.bias, pts_bbox_head.aux_head.task_heads.4.vel.0.bn.running_mean, pts_bbox_head.aux_head.task_heads.4.vel.0.bn.running_var, pts_bbox_head.aux_head.task_heads.4.vel.0.bn.num_batches_tracked, pts_bbox_head.aux_head.task_heads.4.vel.1.weight, pts_bbox_head.aux_head.task_heads.4.vel.1.bias, pts_bbox_head.aux_head.task_heads.4.heatmap.0.conv.weight, pts_bbox_head.aux_head.task_heads.4.heatmap.0.bn.weight, pts_bbox_head.aux_head.task_heads.4.heatmap.0.bn.bias, pts_bbox_head.aux_head.task_heads.4.heatmap.0.bn.running_mean, pts_bbox_head.aux_head.task_heads.4.heatmap.0.bn.running_var, pts_bbox_head.aux_head.task_heads.4.heatmap.0.bn.num_batches_tracked, pts_bbox_head.aux_head.task_heads.4.heatmap.1.weight, pts_bbox_head.aux_head.task_heads.4.heatmap.1.bias, pts_bbox_head.aux_head.task_heads.5.reg.0.conv.weight, pts_bbox_head.aux_head.task_heads.5.reg.0.bn.weight, pts_bbox_head.aux_head.task_heads.5.reg.0.bn.bias, pts_bbox_head.aux_head.task_heads.5.reg.0.bn.running_mean, pts_bbox_head.aux_head.task_heads.5.reg.0.bn.running_var, pts_bbox_head.aux_head.task_heads.5.reg.0.bn.num_batches_tracked, pts_bbox_head.aux_head.task_heads.5.reg.1.weight, pts_bbox_head.aux_head.task_heads.5.reg.1.bias, pts_bbox_head.aux_head.task_heads.5.height.0.conv.weight, pts_bbox_head.aux_head.task_heads.5.height.0.bn.weight, pts_bbox_head.aux_head.task_heads.5.height.0.bn.bias, pts_bbox_head.aux_head.task_heads.5.height.0.bn.running_mean, pts_bbox_head.aux_head.task_heads.5.height.0.bn.running_var, pts_bbox_head.aux_head.task_heads.5.height.0.bn.num_batches_tracked, pts_bbox_head.aux_head.task_heads.5.height.1.weight, pts_bbox_head.aux_head.task_heads.5.height.1.bias, pts_bbox_head.aux_head.task_heads.5.dim.0.conv.weight, pts_bbox_head.aux_head.task_heads.5.dim.0.bn.weight, pts_bbox_head.aux_head.task_heads.5.dim.0.bn.bias, pts_bbox_head.aux_head.task_heads.5.dim.0.bn.running_mean, pts_bbox_head.aux_head.task_heads.5.dim.0.bn.running_var, pts_bbox_head.aux_head.task_heads.5.dim.0.bn.num_batches_tracked, pts_bbox_head.aux_head.task_heads.5.dim.1.weight, pts_bbox_head.aux_head.task_heads.5.dim.1.bias, pts_bbox_head.aux_head.task_heads.5.rot.0.conv.weight, pts_bbox_head.aux_head.task_heads.5.rot.0.bn.weight, pts_bbox_head.aux_head.task_heads.5.rot.0.bn.bias, pts_bbox_head.aux_head.task_heads.5.rot.0.bn.running_mean, pts_bbox_head.aux_head.task_heads.5.rot.0.bn.running_var, pts_bbox_head.aux_head.task_heads.5.rot.0.bn.num_batches_tracked, pts_bbox_head.aux_head.task_heads.5.rot.1.weight, pts_bbox_head.aux_head.task_heads.5.rot.1.bias, pts_bbox_head.aux_head.task_heads.5.vel.0.conv.weight, pts_bbox_head.aux_head.task_heads.5.vel.0.bn.weight, pts_bbox_head.aux_head.task_heads.5.vel.0.bn.bias, pts_bbox_head.aux_head.task_heads.5.vel.0.bn.running_mean, pts_bbox_head.aux_head.task_heads.5.vel.0.bn.running_var, pts_bbox_head.aux_head.task_heads.5.vel.0.bn.num_batches_tracked, pts_bbox_head.aux_head.task_heads.5.vel.1.weight, pts_bbox_head.aux_head.task_heads.5.vel.1.bias, pts_bbox_head.aux_head.task_heads.5.heatmap.0.conv.weight, pts_bbox_head.aux_head.task_heads.5.heatmap.0.bn.weight, pts_bbox_head.aux_head.task_heads.5.heatmap.0.bn.bias, pts_bbox_head.aux_head.task_heads.5.heatmap.0.bn.running_mean, pts_bbox_head.aux_head.task_heads.5.heatmap.0.bn.running_var, pts_bbox_head.aux_head.task_heads.5.heatmap.0.bn.num_batches_tracked, pts_bbox_head.aux_head.task_heads.5.heatmap.1.weight, pts_bbox_head.aux_head.task_heads.5.heatmap.1.bias, pts_bbox_head.transformer.reference_points.weight, pts_bbox_head.transformer.reference_points.bias, pts_bbox_head.transformer.decoder.layers.0.attentions.0.attn.in_proj_weight, pts_bbox_head.transformer.decoder.layers.0.attentions.0.attn.in_proj_bias, pts_bbox_head.transformer.decoder.layers.0.attentions.0.attn.out_proj.weight, pts_bbox_head.transformer.decoder.layers.0.attentions.0.attn.out_proj.bias, pts_bbox_head.transformer.decoder.layers.0.attentions.0.2.rope.inv_freq, pts_bbox_head.transformer.decoder.layers.0.attentions.0.2.rope.cos_cached, pts_bbox_head.transformer.decoder.layers.0.attentions.0.2.rope.sin_cached, pts_bbox_head.transformer.decoder.layers.1.attentions.0.attn.in_proj_weight, pts_bbox_head.transformer.decoder.layers.1.attentions.0.attn.in_proj_bias, pts_bbox_head.transformer.decoder.layers.1.attentions.0.attn.out_proj.weight, pts_bbox_head.transformer.decoder.layers.1.attentions.0.attn.out_proj.bias, pts_bbox_head.transformer.decoder.layers.1.attentions.0.2.rope.inv_freq, pts_bbox_head.transformer.decoder.layers.1.attentions.0.2.rope.cos_cached, pts_bbox_head.transformer.decoder.layers.1.attentions.0.2.rope.sin_cached, pts_bbox_head.transformer.decoder.layers.2.attentions.0.attn.in_proj_weight, pts_bbox_head.transformer.decoder.layers.2.attentions.0.attn.in_proj_bias, pts_bbox_head.transformer.decoder.layers.2.attentions.0.attn.out_proj.weight, pts_bbox_head.transformer.decoder.layers.2.attentions.0.attn.out_proj.bias, pts_bbox_head.transformer.decoder.layers.2.attentions.0.2.rope.inv_freq, pts_bbox_head.transformer.decoder.layers.2.attentions.0.2.rope.cos_cached, pts_bbox_head.transformer.decoder.layers.2.attentions.0.2.rope.sin_cached, pts_bbox_head.transformer.decoder.layers.3.attentions.0.attn.in_proj_weight, pts_bbox_head.transformer.decoder.layers.3.attentions.0.attn.in_proj_bias, pts_bbox_head.transformer.decoder.layers.3.attentions.0.attn.out_proj.weight, pts_bbox_head.transformer.decoder.layers.3.attentions.0.attn.out_proj.bias, pts_bbox_head.transformer.decoder.layers.3.attentions.0.2.rope.inv_freq, pts_bbox_head.transformer.decoder.layers.3.attentions.0.2.rope.cos_cached, pts_bbox_head.transformer.decoder.layers.3.attentions.0.2.rope.sin_cached, pts_bbox_head.transformer.decoder.layers.4.attentions.0.attn.in_proj_weight, pts_bbox_head.transformer.decoder.layers.4.attentions.0.attn.in_proj_bias, pts_bbox_head.transformer.decoder.layers.4.attentions.0.attn.out_proj.weight, pts_bbox_head.transformer.decoder.layers.4.attentions.0.attn.out_proj.bias, pts_bbox_head.transformer.decoder.layers.4.attentions.0.2.rope.inv_freq, pts_bbox_head.transformer.decoder.layers.4.attentions.0.2.rope.cos_cached, pts_bbox_head.transformer.decoder.layers.4.attentions.0.2.rope.sin_cached, pts_bbox_head.transformer.decoder.layers.5.attentions.0.attn.in_proj_weight, pts_bbox_head.transformer.decoder.layers.5.attentions.0.attn.in_proj_bias, pts_bbox_head.transformer.decoder.layers.5.attentions.0.attn.out_proj.weight, pts_bbox_head.transformer.decoder.layers.5.attentions.0.attn.out_proj.bias, pts_bbox_head.transformer.decoder.layers.5.attentions.0.2.rope.inv_freq, pts_bbox_head.transformer.decoder.layers.5.attentions.0.2.rope.cos_cached, pts_bbox_head.transformer.decoder.layers.5.attentions.0.2.rope.sin_cached, pts_bbox_head.cls_branches.0.0.weight, pts_bbox_head.cls_branches.0.0.bias, pts_bbox_head.cls_branches.0.1.weight, pts_bbox_head.cls_branches.0.1.bias, pts_bbox_head.cls_branches.0.3.weight, pts_bbox_head.cls_branches.0.3.bias, pts_bbox_head.cls_branches.0.4.weight, pts_bbox_head.cls_branches.0.4.bias, pts_bbox_head.cls_branches.0.6.weight, pts_bbox_head.cls_branches.0.6.bias, pts_bbox_head.cls_branches.1.0.weight, pts_bbox_head.cls_branches.1.0.bias, pts_bbox_head.cls_branches.1.1.weight, pts_bbox_head.cls_branches.1.1.bias, pts_bbox_head.cls_branches.1.3.weight, pts_bbox_head.cls_branches.1.3.bias, pts_bbox_head.cls_branches.1.4.weight, pts_bbox_head.cls_branches.1.4.bias, pts_bbox_head.cls_branches.1.6.weight, pts_bbox_head.cls_branches.1.6.bias, pts_bbox_head.cls_branches.2.0.weight, pts_bbox_head.cls_branches.2.0.bias, pts_bbox_head.cls_branches.2.1.weight, pts_bbox_head.cls_branches.2.1.bias, pts_bbox_head.cls_branches.2.3.weight, pts_bbox_head.cls_branches.2.3.bias, pts_bbox_head.cls_branches.2.4.weight, pts_bbox_head.cls_branches.2.4.bias, pts_bbox_head.cls_branches.2.6.weight, pts_bbox_head.cls_branches.2.6.bias, pts_bbox_head.cls_branches.3.0.weight, pts_bbox_head.cls_branches.3.0.bias, pts_bbox_head.cls_branches.3.1.weight, pts_bbox_head.cls_branches.3.1.bias, pts_bbox_head.cls_branches.3.3.weight, pts_bbox_head.cls_branches.3.3.bias, pts_bbox_head.cls_branches.3.4.weight, pts_bbox_head.cls_branches.3.4.bias, pts_bbox_head.cls_branches.3.6.weight, pts_bbox_head.cls_branches.3.6.bias, pts_bbox_head.cls_branches.4.0.weight, pts_bbox_head.cls_branches.4.0.bias, pts_bbox_head.cls_branches.4.1.weight, pts_bbox_head.cls_branches.4.1.bias, pts_bbox_head.cls_branches.4.3.weight, pts_bbox_head.cls_branches.4.3.bias, pts_bbox_head.cls_branches.4.4.weight, pts_bbox_head.cls_branches.4.4.bias, pts_bbox_head.cls_branches.4.6.weight, pts_bbox_head.cls_branches.4.6.bias, pts_bbox_head.cls_branches.5.0.weight, pts_bbox_head.cls_branches.5.0.bias, pts_bbox_head.cls_branches.5.1.weight, pts_bbox_head.cls_branches.5.1.bias, pts_bbox_head.cls_branches.5.3.weight, pts_bbox_head.cls_branches.5.3.bias, pts_bbox_head.cls_branches.5.4.weight, pts_bbox_head.cls_branches.5.4.bias, pts_bbox_head.cls_branches.5.6.weight, pts_bbox_head.cls_branches.5.6.bias

missing keys in source state_dict: pts_bbox_head.transformer.decoder.layers.0.attentions.1.img_attention_weights.weight, pts_bbox_head.transformer.decoder.layers.0.attentions.1.img_attention_weights.bias, pts_bbox_head.transformer.decoder.layers.0.attentions.1.img_output_proj.weight, pts_bbox_head.transformer.decoder.layers.0.attentions.1.img_output_proj.bias, pts_bbox_head.transformer.decoder.layers.0.attentions.1.modality_fusion_layer.0.weight, pts_bbox_head.transformer.decoder.layers.0.attentions.1.modality_fusion_layer.0.bias, pts_bbox_head.transformer.decoder.layers.0.attentions.1.modality_fusion_layer.1.weight, pts_bbox_head.transformer.decoder.layers.0.attentions.1.modality_fusion_layer.1.bias, pts_bbox_head.transformer.decoder.layers.0.attentions.1.modality_fusion_layer.3.weight, pts_bbox_head.transformer.decoder.layers.0.attentions.1.modality_fusion_layer.3.bias, pts_bbox_head.transformer.decoder.layers.0.attentions.1.modality_fusion_layer.4.weight, pts_bbox_head.transformer.decoder.layers.0.attentions.1.modality_fusion_layer.4.bias, pts_bbox_head.transformer.decoder.layers.0.attentions.1.camera_mixer.layers_LGC.0.A_log_h2t, pts_bbox_head.transformer.decoder.layers.0.attentions.1.camera_mixer.layers_LGC.0.D_h2t, pts_bbox_head.transformer.decoder.layers.0.attentions.1.camera_mixer.layers_LGC.0.A_log_t2h, pts_bbox_head.transformer.decoder.layers.0.attentions.1.camera_mixer.layers_LGC.0.D_t2h, pts_bbox_head.transformer.decoder.layers.0.attentions.1.camera_mixer.layers_LGC.0.in_proj.weight, pts_bbox_head.transformer.decoder.layers.0.attentions.1.camera_mixer.layers_LGC.0.in_proj_lidar.weight, pts_bbox_head.transformer.decoder.layers.0.attentions.1.camera_mixer.layers_LGC.0.conv1d_h2t.weight, pts_bbox_head.transformer.decoder.layers.0.attentions.1.camera_mixer.layers_LGC.0.conv1d_h2t.bias, pts_bbox_head.transformer.decoder.layers.0.attentions.1.camera_mixer.layers_LGC.0.x_proj_h2t.weight, pts_bbox_head.transformer.decoder.layers.0.attentions.1.camera_mixer.layers_LGC.0.dt_proj_h2t.weight, pts_bbox_head.transformer.decoder.layers.0.attentions.1.camera_mixer.layers_LGC.0.dt_proj_h2t.bias, pts_bbox_head.transformer.decoder.layers.0.attentions.1.camera_mixer.layers_LGC.0.conv1d_t2h.weight, pts_bbox_head.transformer.decoder.layers.0.attentions.1.camera_mixer.layers_LGC.0.conv1d_t2h.bias, pts_bbox_head.transformer.decoder.layers.0.attentions.1.camera_mixer.layers_LGC.0.x_proj_t2h.weight, pts_bbox_head.transformer.decoder.layers.0.attentions.1.camera_mixer.layers_LGC.0.dt_proj_t2h.weight, pts_bbox_head.transformer.decoder.layers.0.attentions.1.camera_mixer.layers_LGC.0.dt_proj_t2h.bias, pts_bbox_head.transformer.decoder.layers.0.attentions.1.camera_mixer.layers_LGC.0.lidar_guidance_proj.weight, pts_bbox_head.transformer.decoder.layers.0.attentions.1.camera_mixer.layers_LGC.0.lidar_guidance_proj.bias, pts_bbox_head.transformer.decoder.layers.0.attentions.1.camera_mixer.layers_LGC.0.out_proj.weight, pts_bbox_head.transformer.decoder.layers.0.attentions.1.camera_mixer.layers_LGC.1.A_log_h2t, pts_bbox_head.transformer.decoder.layers.0.attentions.1.camera_mixer.layers_LGC.1.D_h2t, pts_bbox_head.transformer.decoder.layers.0.attentions.1.camera_mixer.layers_LGC.1.A_log_t2h, pts_bbox_head.transformer.decoder.layers.0.attentions.1.camera_mixer.layers_LGC.1.D_t2h, pts_bbox_head.transformer.decoder.layers.0.attentions.1.camera_mixer.layers_LGC.1.in_proj.weight, pts_bbox_head.transformer.decoder.layers.0.attentions.1.camera_mixer.layers_LGC.1.in_proj_lidar.weight, pts_bbox_head.transformer.decoder.layers.0.attentions.1.camera_mixer.layers_LGC.1.conv1d_h2t.weight, pts_bbox_head.transformer.decoder.layers.0.attentions.1.camera_mixer.layers_LGC.1.conv1d_h2t.bias, pts_bbox_head.transformer.decoder.layers.0.attentions.1.camera_mixer.layers_LGC.1.x_proj_h2t.weight, pts_bbox_head.transformer.decoder.layers.0.attentions.1.camera_mixer.layers_LGC.1.dt_proj_h2t.weight, pts_bbox_head.transformer.decoder.layers.0.attentions.1.camera_mixer.layers_LGC.1.dt_proj_h2t.bias, pts_bbox_head.transformer.decoder.layers.0.attentions.1.camera_mixer.layers_LGC.1.conv1d_t2h.weight, pts_bbox_head.transformer.decoder.layers.0.attentions.1.camera_mixer.layers_LGC.1.conv1d_t2h.bias, pts_bbox_head.transformer.decoder.layers.0.attentions.1.camera_mixer.layers_LGC.1.x_proj_t2h.weight, pts_bbox_head.transformer.decoder.layers.0.attentions.1.camera_mixer.layers_LGC.1.dt_proj_t2h.weight, pts_bbox_head.transformer.decoder.layers.0.attentions.1.camera_mixer.layers_LGC.1.dt_proj_t2h.bias, pts_bbox_head.transformer.decoder.layers.0.attentions.1.camera_mixer.layers_LGC.1.lidar_guidance_proj.weight, pts_bbox_head.transformer.decoder.layers.0.attentions.1.camera_mixer.layers_LGC.1.lidar_guidance_proj.bias, pts_bbox_head.transformer.decoder.layers.0.attentions.1.camera_mixer.layers_LGC.1.out_proj.weight, pts_bbox_head.transformer.decoder.layers.0.attentions.1.camera_mixer.layers_CGL.0.A_log_h2t, pts_bbox_head.transformer.decoder.layers.0.attentions.1.camera_mixer.layers_CGL.0.D_h2t, pts_bbox_head.transformer.decoder.layers.0.attentions.1.camera_mixer.layers_CGL.0.A_log_t2h, pts_bbox_head.transformer.decoder.layers.0.attentions.1.camera_mixer.layers_CGL.0.D_t2h, pts_bbox_head.transformer.decoder.layers.0.attentions.1.camera_mixer.layers_CGL.0.in_proj.weight, pts_bbox_head.transformer.decoder.layers.0.attentions.1.camera_mixer.layers_CGL.0.in_proj_lidar.weight, pts_bbox_head.transformer.decoder.layers.0.attentions.1.camera_mixer.layers_CGL.0.conv1d_h2t.weight, pts_bbox_head.transformer.decoder.layers.0.attentions.1.camera_mixer.layers_CGL.0.conv1d_h2t.bias, pts_bbox_head.transformer.decoder.layers.0.attentions.1.camera_mixer.layers_CGL.0.x_proj_h2t.weight, pts_bbox_head.transformer.decoder.layers.0.attentions.1.camera_mixer.layers_CGL.0.dt_proj_h2t.weight, pts_bbox_head.transformer.decoder.layers.0.attentions.1.camera_mixer.layers_CGL.0.dt_proj_h2t.bias, pts_bbox_head.transformer.decoder.layers.0.attentions.1.camera_mixer.layers_CGL.0.conv1d_t2h.weight, pts_bbox_head.transformer.decoder.layers.0.attentions.1.camera_mixer.layers_CGL.0.conv1d_t2h.bias, pts_bbox_head.transformer.decoder.layers.0.attentions.1.camera_mixer.layers_CGL.0.x_proj_t2h.weight, pts_bbox_head.transformer.decoder.layers.0.attentions.1.camera_mixer.layers_CGL.0.dt_proj_t2h.weight, pts_bbox_head.transformer.decoder.layers.0.attentions.1.camera_mixer.layers_CGL.0.dt_proj_t2h.bias, pts_bbox_head.transformer.decoder.layers.0.attentions.1.camera_mixer.layers_CGL.0.lidar_guidance_proj.weight, pts_bbox_head.transformer.decoder.layers.0.attentions.1.camera_mixer.layers_CGL.0.lidar_guidance_proj.bias, pts_bbox_head.transformer.decoder.layers.0.attentions.1.camera_mixer.layers_CGL.0.out_proj.weight, pts_bbox_head.transformer.decoder.layers.0.attentions.1.camera_mixer.layers_CGL.1.A_log_h2t, pts_bbox_head.transformer.decoder.layers.0.attentions.1.camera_mixer.layers_CGL.1.D_h2t, pts_bbox_head.transformer.decoder.layers.0.attentions.1.camera_mixer.layers_CGL.1.A_log_t2h, pts_bbox_head.transformer.decoder.layers.0.attentions.1.camera_mixer.layers_CGL.1.D_t2h, pts_bbox_head.transformer.decoder.layers.0.attentions.1.camera_mixer.layers_CGL.1.in_proj.weight, pts_bbox_head.transformer.decoder.layers.0.attentions.1.camera_mixer.layers_CGL.1.in_proj_lidar.weight, pts_bbox_head.transformer.decoder.layers.0.attentions.1.camera_mixer.layers_CGL.1.conv1d_h2t.weight, pts_bbox_head.transformer.decoder.layers.0.attentions.1.camera_mixer.layers_CGL.1.conv1d_h2t.bias, pts_bbox_head.transformer.decoder.layers.0.attentions.1.camera_mixer.layers_CGL.1.x_proj_h2t.weight, pts_bbox_head.transformer.decoder.layers.0.attentions.1.camera_mixer.layers_CGL.1.dt_proj_h2t.weight, pts_bbox_head.transformer.decoder.layers.0.attentions.1.camera_mixer.layers_CGL.1.dt_proj_h2t.bias, pts_bbox_head.transformer.decoder.layers.0.attentions.1.camera_mixer.layers_CGL.1.conv1d_t2h.weight, pts_bbox_head.transformer.decoder.layers.0.attentions.1.camera_mixer.layers_CGL.1.conv1d_t2h.bias, pts_bbox_head.transformer.decoder.layers.0.attentions.1.camera_mixer.layers_CGL.1.x_proj_t2h.weight, pts_bbox_head.transformer.decoder.layers.0.attentions.1.camera_mixer.layers_CGL.1.dt_proj_t2h.weight, pts_bbox_head.transformer.decoder.layers.0.attentions.1.camera_mixer.layers_CGL.1.dt_proj_t2h.bias, pts_bbox_head.transformer.decoder.layers.0.attentions.1.camera_mixer.layers_CGL.1.lidar_guidance_proj.weight, pts_bbox_head.transformer.decoder.layers.0.attentions.1.camera_mixer.layers_CGL.1.lidar_guidance_proj.bias, pts_bbox_head.transformer.decoder.layers.0.attentions.1.camera_mixer.layers_CGL.1.out_proj.weight, pts_bbox_head.transformer.decoder.layers.0.attentions.1.camera_mixer.norm_L.0.weight, pts_bbox_head.transformer.decoder.layers.0.attentions.1.camera_mixer.norm_L.0.bias, pts_bbox_head.transformer.decoder.layers.0.attentions.1.camera_mixer.norm_L.1.weight, pts_bbox_head.transformer.decoder.layers.0.attentions.1.camera_mixer.norm_L.1.bias, pts_bbox_head.transformer.decoder.layers.0.attentions.1.camera_mixer.norm_C.0.weight, pts_bbox_head.transformer.decoder.layers.0.attentions.1.camera_mixer.norm_C.0.bias, pts_bbox_head.transformer.decoder.layers.0.attentions.1.camera_mixer.norm_C.1.weight, pts_bbox_head.transformer.decoder.layers.0.attentions.1.camera_mixer.norm_C.1.bias, pts_bbox_head.transformer.decoder.layers.0.attentions.1.camera_mixer.ffn_block_L.0.ffn.0.weight, pts_bbox_head.transformer.decoder.layers.0.attentions.1.camera_mixer.ffn_block_L.0.ffn.0.bias, pts_bbox_head.transformer.decoder.layers.0.attentions.1.camera_mixer.ffn_block_L.0.ffn.3.weight, pts_bbox_head.transformer.decoder.layers.0.attentions.1.camera_mixer.ffn_block_L.0.ffn.3.bias, pts_bbox_head.transformer.decoder.layers.0.attentions.1.camera_mixer.ffn_block_L.1.ffn.0.weight, pts_bbox_head.transformer.decoder.layers.0.attentions.1.camera_mixer.ffn_block_L.1.ffn.0.bias, pts_bbox_head.transformer.decoder.layers.0.attentions.1.camera_mixer.ffn_block_L.1.ffn.3.weight, pts_bbox_head.transformer.decoder.layers.0.attentions.1.camera_mixer.ffn_block_L.1.ffn.3.bias, pts_bbox_head.transformer.decoder.layers.0.attentions.1.camera_mixer.ffn_block_C.0.ffn.0.weight, pts_bbox_head.transformer.decoder.layers.0.attentions.1.camera_mixer.ffn_block_C.0.ffn.0.bias, pts_bbox_head.transformer.decoder.layers.0.attentions.1.camera_mixer.ffn_block_C.0.ffn.3.weight, pts_bbox_head.transformer.decoder.layers.0.attentions.1.camera_mixer.ffn_block_C.0.ffn.3.bias, pts_bbox_head.transformer.decoder.layers.0.attentions.1.camera_mixer.ffn_block_C.1.ffn.0.weight, pts_bbox_head.transformer.decoder.layers.0.attentions.1.camera_mixer.ffn_block_C.1.ffn.0.bias, pts_bbox_head.transformer.decoder.layers.0.attentions.1.camera_mixer.ffn_block_C.1.ffn.3.weight, pts_bbox_head.transformer.decoder.layers.0.attentions.1.camera_mixer.ffn_block_C.1.ffn.3.bias, pts_bbox_head.transformer.decoder.layers.0.attentions.1.camera_mixer.ffn_norm_L.0.weight, pts_bbox_head.transformer.decoder.layers.0.attentions.1.camera_mixer.ffn_norm_L.0.bias, pts_bbox_head.transformer.decoder.layers.0.attentions.1.camera_mixer.ffn_norm_L.1.weight, pts_bbox_head.transformer.decoder.layers.0.attentions.1.camera_mixer.ffn_norm_L.1.bias, pts_bbox_head.transformer.decoder.layers.0.attentions.1.camera_mixer.ffn_norm_C.0.weight, pts_bbox_head.transformer.decoder.layers.0.attentions.1.camera_mixer.ffn_norm_C.0.bias, pts_bbox_head.transformer.decoder.layers.0.attentions.1.camera_mixer.ffn_norm_C.1.weight, pts_bbox_head.transformer.decoder.layers.0.attentions.1.camera_mixer.ffn_norm_C.1.bias, pts_bbox_head.transformer.decoder.layers.1.attentions.1.img_attention_weights.weight, pts_bbox_head.transformer.decoder.layers.1.attentions.1.img_attention_weights.bias, pts_bbox_head.transformer.decoder.layers.1.attentions.1.img_output_proj.weight, pts_bbox_head.transformer.decoder.layers.1.attentions.1.img_output_proj.bias, pts_bbox_head.transformer.decoder.layers.1.attentions.1.modality_fusion_layer.0.weight, pts_bbox_head.transformer.decoder.layers.1.attentions.1.modality_fusion_layer.0.bias, pts_bbox_head.transformer.decoder.layers.1.attentions.1.modality_fusion_layer.1.weight, pts_bbox_head.transformer.decoder.layers.1.attentions.1.modality_fusion_layer.1.bias, pts_bbox_head.transformer.decoder.layers.1.attentions.1.modality_fusion_layer.3.weight, pts_bbox_head.transformer.decoder.layers.1.attentions.1.modality_fusion_layer.3.bias, pts_bbox_head.transformer.decoder.layers.1.attentions.1.modality_fusion_layer.4.weight, pts_bbox_head.transformer.decoder.layers.1.attentions.1.modality_fusion_layer.4.bias, pts_bbox_head.transformer.decoder.layers.1.attentions.1.camera_mixer.layers_LGC.0.A_log_h2t, pts_bbox_head.transformer.decoder.layers.1.attentions.1.camera_mixer.layers_LGC.0.D_h2t, pts_bbox_head.transformer.decoder.layers.1.attentions.1.camera_mixer.layers_LGC.0.A_log_t2h, pts_bbox_head.transformer.decoder.layers.1.attentions.1.camera_mixer.layers_LGC.0.D_t2h, pts_bbox_head.transformer.decoder.layers.1.attentions.1.camera_mixer.layers_LGC.0.in_proj.weight, pts_bbox_head.transformer.decoder.layers.1.attentions.1.camera_mixer.layers_LGC.0.in_proj_lidar.weight, pts_bbox_head.transformer.decoder.layers.1.attentions.1.camera_mixer.layers_LGC.0.conv1d_h2t.weight, pts_bbox_head.transformer.decoder.layers.1.attentions.1.camera_mixer.layers_LGC.0.conv1d_h2t.bias, pts_bbox_head.transformer.decoder.layers.1.attentions.1.camera_mixer.layers_LGC.0.x_proj_h2t.weight, pts_bbox_head.transformer.decoder.layers.1.attentions.1.camera_mixer.layers_LGC.0.dt_proj_h2t.weight, pts_bbox_head.transformer.decoder.layers.1.attentions.1.camera_mixer.layers_LGC.0.dt_proj_h2t.bias, pts_bbox_head.transformer.decoder.layers.1.attentions.1.camera_mixer.layers_LGC.0.conv1d_t2h.weight, pts_bbox_head.transformer.decoder.layers.1.attentions.1.camera_mixer.layers_LGC.0.conv1d_t2h.bias, pts_bbox_head.transformer.decoder.layers.1.attentions.1.camera_mixer.layers_LGC.0.x_proj_t2h.weight, pts_bbox_head.transformer.decoder.layers.1.attentions.1.camera_mixer.layers_LGC.0.dt_proj_t2h.weight, pts_bbox_head.transformer.decoder.layers.1.attentions.1.camera_mixer.layers_LGC.0.dt_proj_t2h.bias, pts_bbox_head.transformer.decoder.layers.1.attentions.1.camera_mixer.layers_LGC.0.lidar_guidance_proj.weight, pts_bbox_head.transformer.decoder.layers.1.attentions.1.camera_mixer.layers_LGC.0.lidar_guidance_proj.bias, pts_bbox_head.transformer.decoder.layers.1.attentions.1.camera_mixer.layers_LGC.0.out_proj.weight, pts_bbox_head.transformer.decoder.layers.1.attentions.1.camera_mixer.layers_LGC.1.A_log_h2t, pts_bbox_head.transformer.decoder.layers.1.attentions.1.camera_mixer.layers_LGC.1.D_h2t, pts_bbox_head.transformer.decoder.layers.1.attentions.1.camera_mixer.layers_LGC.1.A_log_t2h, pts_bbox_head.transformer.decoder.layers.1.attentions.1.camera_mixer.layers_LGC.1.D_t2h, pts_bbox_head.transformer.decoder.layers.1.attentions.1.camera_mixer.layers_LGC.1.in_proj.weight, pts_bbox_head.transformer.decoder.layers.1.attentions.1.camera_mixer.layers_LGC.1.in_proj_lidar.weight, pts_bbox_head.transformer.decoder.layers.1.attentions.1.camera_mixer.layers_LGC.1.conv1d_h2t.weight, pts_bbox_head.transformer.decoder.layers.1.attentions.1.camera_mixer.layers_LGC.1.conv1d_h2t.bias, pts_bbox_head.transformer.decoder.layers.1.attentions.1.camera_mixer.layers_LGC.1.x_proj_h2t.weight, pts_bbox_head.transformer.decoder.layers.1.attentions.1.camera_mixer.layers_LGC.1.dt_proj_h2t.weight, pts_bbox_head.transformer.decoder.layers.1.attentions.1.camera_mixer.layers_LGC.1.dt_proj_h2t.bias, pts_bbox_head.transformer.decoder.layers.1.attentions.1.camera_mixer.layers_LGC.1.conv1d_t2h.weight, pts_bbox_head.transformer.decoder.layers.1.attentions.1.camera_mixer.layers_LGC.1.conv1d_t2h.bias, pts_bbox_head.transformer.decoder.layers.1.attentions.1.camera_mixer.layers_LGC.1.x_proj_t2h.weight, pts_bbox_head.transformer.decoder.layers.1.attentions.1.camera_mixer.layers_LGC.1.dt_proj_t2h.weight, pts_bbox_head.transformer.decoder.layers.1.attentions.1.camera_mixer.layers_LGC.1.dt_proj_t2h.bias, pts_bbox_head.transformer.decoder.layers.1.attentions.1.camera_mixer.layers_LGC.1.lidar_guidance_proj.weight, pts_bbox_head.transformer.decoder.layers.1.attentions.1.camera_mixer.layers_LGC.1.lidar_guidance_proj.bias, pts_bbox_head.transformer.decoder.layers.1.attentions.1.camera_mixer.layers_LGC.1.out_proj.weight, pts_bbox_head.transformer.decoder.layers.1.attentions.1.camera_mixer.layers_CGL.0.A_log_h2t, pts_bbox_head.transformer.decoder.layers.1.attentions.1.camera_mixer.layers_CGL.0.D_h2t, pts_bbox_head.transformer.decoder.layers.1.attentions.1.camera_mixer.layers_CGL.0.A_log_t2h, pts_bbox_head.transformer.decoder.layers.1.attentions.1.camera_mixer.layers_CGL.0.D_t2h, pts_bbox_head.transformer.decoder.layers.1.attentions.1.camera_mixer.layers_CGL.0.in_proj.weight, pts_bbox_head.transformer.decoder.layers.1.attentions.1.camera_mixer.layers_CGL.0.in_proj_lidar.weight, pts_bbox_head.transformer.decoder.layers.1.attentions.1.camera_mixer.layers_CGL.0.conv1d_h2t.weight, pts_bbox_head.transformer.decoder.layers.1.attentions.1.camera_mixer.layers_CGL.0.conv1d_h2t.bias, pts_bbox_head.transformer.decoder.layers.1.attentions.1.camera_mixer.layers_CGL.0.x_proj_h2t.weight, pts_bbox_head.transformer.decoder.layers.1.attentions.1.camera_mixer.layers_CGL.0.dt_proj_h2t.weight, pts_bbox_head.transformer.decoder.layers.1.attentions.1.camera_mixer.layers_CGL.0.dt_proj_h2t.bias, pts_bbox_head.transformer.decoder.layers.1.attentions.1.camera_mixer.layers_CGL.0.conv1d_t2h.weight, pts_bbox_head.transformer.decoder.layers.1.attentions.1.camera_mixer.layers_CGL.0.conv1d_t2h.bias, pts_bbox_head.transformer.decoder.layers.1.attentions.1.camera_mixer.layers_CGL.0.x_proj_t2h.weight, pts_bbox_head.transformer.decoder.layers.1.attentions.1.camera_mixer.layers_CGL.0.dt_proj_t2h.weight, pts_bbox_head.transformer.decoder.layers.1.attentions.1.camera_mixer.layers_CGL.0.dt_proj_t2h.bias, pts_bbox_head.transformer.decoder.layers.1.attentions.1.camera_mixer.layers_CGL.0.lidar_guidance_proj.weight, pts_bbox_head.transformer.decoder.layers.1.attentions.1.camera_mixer.layers_CGL.0.lidar_guidance_proj.bias, pts_bbox_head.transformer.decoder.layers.1.attentions.1.camera_mixer.layers_CGL.0.out_proj.weight, pts_bbox_head.transformer.decoder.layers.1.attentions.1.camera_mixer.layers_CGL.1.A_log_h2t, pts_bbox_head.transformer.decoder.layers.1.attentions.1.camera_mixer.layers_CGL.1.D_h2t, pts_bbox_head.transformer.decoder.layers.1.attentions.1.camera_mixer.layers_CGL.1.A_log_t2h, pts_bbox_head.transformer.decoder.layers.1.attentions.1.camera_mixer.layers_CGL.1.D_t2h, pts_bbox_head.transformer.decoder.layers.1.attentions.1.camera_mixer.layers_CGL.1.in_proj.weight, pts_bbox_head.transformer.decoder.layers.1.attentions.1.camera_mixer.layers_CGL.1.in_proj_lidar.weight, pts_bbox_head.transformer.decoder.layers.1.attentions.1.camera_mixer.layers_CGL.1.conv1d_h2t.weight, pts_bbox_head.transformer.decoder.layers.1.attentions.1.camera_mixer.layers_CGL.1.conv1d_h2t.bias, pts_bbox_head.transformer.decoder.layers.1.attentions.1.camera_mixer.layers_CGL.1.x_proj_h2t.weight, pts_bbox_head.transformer.decoder.layers.1.attentions.1.camera_mixer.layers_CGL.1.dt_proj_h2t.weight, pts_bbox_head.transformer.decoder.layers.1.attentions.1.camera_mixer.layers_CGL.1.dt_proj_h2t.bias, pts_bbox_head.transformer.decoder.layers.1.attentions.1.camera_mixer.layers_CGL.1.conv1d_t2h.weight, pts_bbox_head.transformer.decoder.layers.1.attentions.1.camera_mixer.layers_CGL.1.conv1d_t2h.bias, pts_bbox_head.transformer.decoder.layers.1.attentions.1.camera_mixer.layers_CGL.1.x_proj_t2h.weight, pts_bbox_head.transformer.decoder.layers.1.attentions.1.camera_mixer.layers_CGL.1.dt_proj_t2h.weight, pts_bbox_head.transformer.decoder.layers.1.attentions.1.camera_mixer.layers_CGL.1.dt_proj_t2h.bias, pts_bbox_head.transformer.decoder.layers.1.attentions.1.camera_mixer.layers_CGL.1.lidar_guidance_proj.weight, pts_bbox_head.transformer.decoder.layers.1.attentions.1.camera_mixer.layers_CGL.1.lidar_guidance_proj.bias, pts_bbox_head.transformer.decoder.layers.1.attentions.1.camera_mixer.layers_CGL.1.out_proj.weight, pts_bbox_head.transformer.decoder.layers.1.attentions.1.camera_mixer.norm_L.0.weight, pts_bbox_head.transformer.decoder.layers.1.attentions.1.camera_mixer.norm_L.0.bias, pts_bbox_head.transformer.decoder.layers.1.attentions.1.camera_mixer.norm_L.1.weight, pts_bbox_head.transformer.decoder.layers.1.attentions.1.camera_mixer.norm_L.1.bias, pts_bbox_head.transformer.decoder.layers.1.attentions.1.camera_mixer.norm_C.0.weight, pts_bbox_head.transformer.decoder.layers.1.attentions.1.camera_mixer.norm_C.0.bias, pts_bbox_head.transformer.decoder.layers.1.attentions.1.camera_mixer.norm_C.1.weight, pts_bbox_head.transformer.decoder.layers.1.attentions.1.camera_mixer.norm_C.1.bias, pts_bbox_head.transformer.decoder.layers.1.attentions.1.camera_mixer.ffn_block_L.0.ffn.0.weight, pts_bbox_head.transformer.decoder.layers.1.attentions.1.camera_mixer.ffn_block_L.0.ffn.0.bias, pts_bbox_head.transformer.decoder.layers.1.attentions.1.camera_mixer.ffn_block_L.0.ffn.3.weight, pts_bbox_head.transformer.decoder.layers.1.attentions.1.camera_mixer.ffn_block_L.0.ffn.3.bias, pts_bbox_head.transformer.decoder.layers.1.attentions.1.camera_mixer.ffn_block_L.1.ffn.0.weight, pts_bbox_head.transformer.decoder.layers.1.attentions.1.camera_mixer.ffn_block_L.1.ffn.0.bias, pts_bbox_head.transformer.decoder.layers.1.attentions.1.camera_mixer.ffn_block_L.1.ffn.3.weight, pts_bbox_head.transformer.decoder.layers.1.attentions.1.camera_mixer.ffn_block_L.1.ffn.3.bias, pts_bbox_head.transformer.decoder.layers.1.attentions.1.camera_mixer.ffn_block_C.0.ffn.0.weight, pts_bbox_head.transformer.decoder.layers.1.attentions.1.camera_mixer.ffn_block_C.0.ffn.0.bias, pts_bbox_head.transformer.decoder.layers.1.attentions.1.camera_mixer.ffn_block_C.0.ffn.3.weight, pts_bbox_head.transformer.decoder.layers.1.attentions.1.camera_mixer.ffn_block_C.0.ffn.3.bias, pts_bbox_head.transformer.decoder.layers.1.attentions.1.camera_mixer.ffn_block_C.1.ffn.0.weight, pts_bbox_head.transformer.decoder.layers.1.attentions.1.camera_mixer.ffn_block_C.1.ffn.0.bias, pts_bbox_head.transformer.decoder.layers.1.attentions.1.camera_mixer.ffn_block_C.1.ffn.3.weight, pts_bbox_head.transformer.decoder.layers.1.attentions.1.camera_mixer.ffn_block_C.1.ffn.3.bias, pts_bbox_head.transformer.decoder.layers.1.attentions.1.camera_mixer.ffn_norm_L.0.weight, pts_bbox_head.transformer.decoder.layers.1.attentions.1.camera_mixer.ffn_norm_L.0.bias, pts_bbox_head.transformer.decoder.layers.1.attentions.1.camera_mixer.ffn_norm_L.1.weight, pts_bbox_head.transformer.decoder.layers.1.attentions.1.camera_mixer.ffn_norm_L.1.bias, pts_bbox_head.transformer.decoder.layers.1.attentions.1.camera_mixer.ffn_norm_C.0.weight, pts_bbox_head.transformer.decoder.layers.1.attentions.1.camera_mixer.ffn_norm_C.0.bias, pts_bbox_head.transformer.decoder.layers.1.attentions.1.camera_mixer.ffn_norm_C.1.weight, pts_bbox_head.transformer.decoder.layers.1.attentions.1.camera_mixer.ffn_norm_C.1.bias, pts_bbox_head.transformer.decoder.layers.2.attentions.1.img_attention_weights.weight, pts_bbox_head.transformer.decoder.layers.2.attentions.1.img_attention_weights.bias, pts_bbox_head.transformer.decoder.layers.2.attentions.1.img_output_proj.weight, pts_bbox_head.transformer.decoder.layers.2.attentions.1.img_output_proj.bias, pts_bbox_head.transformer.decoder.layers.2.attentions.1.modality_fusion_layer.0.weight, pts_bbox_head.transformer.decoder.layers.2.attentions.1.modality_fusion_layer.0.bias, pts_bbox_head.transformer.decoder.layers.2.attentions.1.modality_fusion_layer.1.weight, pts_bbox_head.transformer.decoder.layers.2.attentions.1.modality_fusion_layer.1.bias, pts_bbox_head.transformer.decoder.layers.2.attentions.1.modality_fusion_layer.3.weight, pts_bbox_head.transformer.decoder.layers.2.attentions.1.modality_fusion_layer.3.bias, pts_bbox_head.transformer.decoder.layers.2.attentions.1.modality_fusion_layer.4.weight, pts_bbox_head.transformer.decoder.layers.2.attentions.1.modality_fusion_layer.4.bias, pts_bbox_head.transformer.decoder.layers.2.attentions.1.camera_mixer.layers_LGC.0.A_log_h2t, pts_bbox_head.transformer.decoder.layers.2.attentions.1.camera_mixer.layers_LGC.0.D_h2t, pts_bbox_head.transformer.decoder.layers.2.attentions.1.camera_mixer.layers_LGC.0.A_log_t2h, pts_bbox_head.transformer.decoder.layers.2.attentions.1.camera_mixer.layers_LGC.0.D_t2h, pts_bbox_head.transformer.decoder.layers.2.attentions.1.camera_mixer.layers_LGC.0.in_proj.weight, pts_bbox_head.transformer.decoder.layers.2.attentions.1.camera_mixer.layers_LGC.0.in_proj_lidar.weight, pts_bbox_head.transformer.decoder.layers.2.attentions.1.camera_mixer.layers_LGC.0.conv1d_h2t.weight, pts_bbox_head.transformer.decoder.layers.2.attentions.1.camera_mixer.layers_LGC.0.conv1d_h2t.bias, pts_bbox_head.transformer.decoder.layers.2.attentions.1.camera_mixer.layers_LGC.0.x_proj_h2t.weight, pts_bbox_head.transformer.decoder.layers.2.attentions.1.camera_mixer.layers_LGC.0.dt_proj_h2t.weight, pts_bbox_head.transformer.decoder.layers.2.attentions.1.camera_mixer.layers_LGC.0.dt_proj_h2t.bias, pts_bbox_head.transformer.decoder.layers.2.attentions.1.camera_mixer.layers_LGC.0.conv1d_t2h.weight, pts_bbox_head.transformer.decoder.layers.2.attentions.1.camera_mixer.layers_LGC.0.conv1d_t2h.bias, pts_bbox_head.transformer.decoder.layers.2.attentions.1.camera_mixer.layers_LGC.0.x_proj_t2h.weight, pts_bbox_head.transformer.decoder.layers.2.attentions.1.camera_mixer.layers_LGC.0.dt_proj_t2h.weight, pts_bbox_head.transformer.decoder.layers.2.attentions.1.camera_mixer.layers_LGC.0.dt_proj_t2h.bias, pts_bbox_head.transformer.decoder.layers.2.attentions.1.camera_mixer.layers_LGC.0.lidar_guidance_proj.weight, pts_bbox_head.transformer.decoder.layers.2.attentions.1.camera_mixer.layers_LGC.0.lidar_guidance_proj.bias, pts_bbox_head.transformer.decoder.layers.2.attentions.1.camera_mixer.layers_LGC.0.out_proj.weight, pts_bbox_head.transformer.decoder.layers.2.attentions.1.camera_mixer.layers_LGC.1.A_log_h2t, pts_bbox_head.transformer.decoder.layers.2.attentions.1.camera_mixer.layers_LGC.1.D_h2t, pts_bbox_head.transformer.decoder.layers.2.attentions.1.camera_mixer.layers_LGC.1.A_log_t2h, pts_bbox_head.transformer.decoder.layers.2.attentions.1.camera_mixer.layers_LGC.1.D_t2h, pts_bbox_head.transformer.decoder.layers.2.attentions.1.camera_mixer.layers_LGC.1.in_proj.weight, pts_bbox_head.transformer.decoder.layers.2.attentions.1.camera_mixer.layers_LGC.1.in_proj_lidar.weight, pts_bbox_head.transformer.decoder.layers.2.attentions.1.camera_mixer.layers_LGC.1.conv1d_h2t.weight, pts_bbox_head.transformer.decoder.layers.2.attentions.1.camera_mixer.layers_LGC.1.conv1d_h2t.bias, pts_bbox_head.transformer.decoder.layers.2.attentions.1.camera_mixer.layers_LGC.1.x_proj_h2t.weight, pts_bbox_head.transformer.decoder.layers.2.attentions.1.camera_mixer.layers_LGC.1.dt_proj_h2t.weight, pts_bbox_head.transformer.decoder.layers.2.attentions.1.camera_mixer.layers_LGC.1.dt_proj_h2t.bias, pts_bbox_head.transformer.decoder.layers.2.attentions.1.camera_mixer.layers_LGC.1.conv1d_t2h.weight, pts_bbox_head.transformer.decoder.layers.2.attentions.1.camera_mixer.layers_LGC.1.conv1d_t2h.bias, pts_bbox_head.transformer.decoder.layers.2.attentions.1.camera_mixer.layers_LGC.1.x_proj_t2h.weight, pts_bbox_head.transformer.decoder.layers.2.attentions.1.camera_mixer.layers_LGC.1.dt_proj_t2h.weight, pts_bbox_head.transformer.decoder.layers.2.attentions.1.camera_mixer.layers_LGC.1.dt_proj_t2h.bias, pts_bbox_head.transformer.decoder.layers.2.attentions.1.camera_mixer.layers_LGC.1.lidar_guidance_proj.weight, pts_bbox_head.transformer.decoder.layers.2.attentions.1.camera_mixer.layers_LGC.1.lidar_guidance_proj.bias, pts_bbox_head.transformer.decoder.layers.2.attentions.1.camera_mixer.layers_LGC.1.out_proj.weight, pts_bbox_head.transformer.decoder.layers.2.attentions.1.camera_mixer.layers_CGL.0.A_log_h2t, pts_bbox_head.transformer.decoder.layers.2.attentions.1.camera_mixer.layers_CGL.0.D_h2t, pts_bbox_head.transformer.decoder.layers.2.attentions.1.camera_mixer.layers_CGL.0.A_log_t2h, pts_bbox_head.transformer.decoder.layers.2.attentions.1.camera_mixer.layers_CGL.0.D_t2h, pts_bbox_head.transformer.decoder.layers.2.attentions.1.camera_mixer.layers_CGL.0.in_proj.weight, pts_bbox_head.transformer.decoder.layers.2.attentions.1.camera_mixer.layers_CGL.0.in_proj_lidar.weight, pts_bbox_head.transformer.decoder.layers.2.attentions.1.camera_mixer.layers_CGL.0.conv1d_h2t.weight, pts_bbox_head.transformer.decoder.layers.2.attentions.1.camera_mixer.layers_CGL.0.conv1d_h2t.bias, pts_bbox_head.transformer.decoder.layers.2.attentions.1.camera_mixer.layers_CGL.0.x_proj_h2t.weight, pts_bbox_head.transformer.decoder.layers.2.attentions.1.camera_mixer.layers_CGL.0.dt_proj_h2t.weight, pts_bbox_head.transformer.decoder.layers.2.attentions.1.camera_mixer.layers_CGL.0.dt_proj_h2t.bias, pts_bbox_head.transformer.decoder.layers.2.attentions.1.camera_mixer.layers_CGL.0.conv1d_t2h.weight, pts_bbox_head.transformer.decoder.layers.2.attentions.1.camera_mixer.layers_CGL.0.conv1d_t2h.bias, pts_bbox_head.transformer.decoder.layers.2.attentions.1.camera_mixer.layers_CGL.0.x_proj_t2h.weight, pts_bbox_head.transformer.decoder.layers.2.attentions.1.camera_mixer.layers_CGL.0.dt_proj_t2h.weight, pts_bbox_head.transformer.decoder.layers.2.attentions.1.camera_mixer.layers_CGL.0.dt_proj_t2h.bias, pts_bbox_head.transformer.decoder.layers.2.attentions.1.camera_mixer.layers_CGL.0.lidar_guidance_proj.weight, pts_bbox_head.transformer.decoder.layers.2.attentions.1.camera_mixer.layers_CGL.0.lidar_guidance_proj.bias, pts_bbox_head.transformer.decoder.layers.2.attentions.1.camera_mixer.layers_CGL.0.out_proj.weight, pts_bbox_head.transformer.decoder.layers.2.attentions.1.camera_mixer.layers_CGL.1.A_log_h2t, pts_bbox_head.transformer.decoder.layers.2.attentions.1.camera_mixer.layers_CGL.1.D_h2t, pts_bbox_head.transformer.decoder.layers.2.attentions.1.camera_mixer.layers_CGL.1.A_log_t2h, pts_bbox_head.transformer.decoder.layers.2.attentions.1.camera_mixer.layers_CGL.1.D_t2h, pts_bbox_head.transformer.decoder.layers.2.attentions.1.camera_mixer.layers_CGL.1.in_proj.weight, pts_bbox_head.transformer.decoder.layers.2.attentions.1.camera_mixer.layers_CGL.1.in_proj_lidar.weight, pts_bbox_head.transformer.decoder.layers.2.attentions.1.camera_mixer.layers_CGL.1.conv1d_h2t.weight, pts_bbox_head.transformer.decoder.layers.2.attentions.1.camera_mixer.layers_CGL.1.conv1d_h2t.bias, pts_bbox_head.transformer.decoder.layers.2.attentions.1.camera_mixer.layers_CGL.1.x_proj_h2t.weight, pts_bbox_head.transformer.decoder.layers.2.attentions.1.camera_mixer.layers_CGL.1.dt_proj_h2t.weight, pts_bbox_head.transformer.decoder.layers.2.attentions.1.camera_mixer.layers_CGL.1.dt_proj_h2t.bias, pts_bbox_head.transformer.decoder.layers.2.attentions.1.camera_mixer.layers_CGL.1.conv1d_t2h.weight, pts_bbox_head.transformer.decoder.layers.2.attentions.1.camera_mixer.layers_CGL.1.conv1d_t2h.bias, pts_bbox_head.transformer.decoder.layers.2.attentions.1.camera_mixer.layers_CGL.1.x_proj_t2h.weight, pts_bbox_head.transformer.decoder.layers.2.attentions.1.camera_mixer.layers_CGL.1.dt_proj_t2h.weight, pts_bbox_head.transformer.decoder.layers.2.attentions.1.camera_mixer.layers_CGL.1.dt_proj_t2h.bias, pts_bbox_head.transformer.decoder.layers.2.attentions.1.camera_mixer.layers_CGL.1.lidar_guidance_proj.weight, pts_bbox_head.transformer.decoder.layers.2.attentions.1.camera_mixer.layers_CGL.1.lidar_guidance_proj.bias, pts_bbox_head.transformer.decoder.layers.2.attentions.1.camera_mixer.layers_CGL.1.out_proj.weight, pts_bbox_head.transformer.decoder.layers.2.attentions.1.camera_mixer.norm_L.0.weight, pts_bbox_head.transformer.decoder.layers.2.attentions.1.camera_mixer.norm_L.0.bias, pts_bbox_head.transformer.decoder.layers.2.attentions.1.camera_mixer.norm_L.1.weight, pts_bbox_head.transformer.decoder.layers.2.attentions.1.camera_mixer.norm_L.1.bias, pts_bbox_head.transformer.decoder.layers.2.attentions.1.camera_mixer.norm_C.0.weight, pts_bbox_head.transformer.decoder.layers.2.attentions.1.camera_mixer.norm_C.0.bias, pts_bbox_head.transformer.decoder.layers.2.attentions.1.camera_mixer.norm_C.1.weight, pts_bbox_head.transformer.decoder.layers.2.attentions.1.camera_mixer.norm_C.1.bias, pts_bbox_head.transformer.decoder.layers.2.attentions.1.camera_mixer.ffn_block_L.0.ffn.0.weight, pts_bbox_head.transformer.decoder.layers.2.attentions.1.camera_mixer.ffn_block_L.0.ffn.0.bias, pts_bbox_head.transformer.decoder.layers.2.attentions.1.camera_mixer.ffn_block_L.0.ffn.3.weight, pts_bbox_head.transformer.decoder.layers.2.attentions.1.camera_mixer.ffn_block_L.0.ffn.3.bias, pts_bbox_head.transformer.decoder.layers.2.attentions.1.camera_mixer.ffn_block_L.1.ffn.0.weight, pts_bbox_head.transformer.decoder.layers.2.attentions.1.camera_mixer.ffn_block_L.1.ffn.0.bias, pts_bbox_head.transformer.decoder.layers.2.attentions.1.camera_mixer.ffn_block_L.1.ffn.3.weight, pts_bbox_head.transformer.decoder.layers.2.attentions.1.camera_mixer.ffn_block_L.1.ffn.3.bias, pts_bbox_head.transformer.decoder.layers.2.attentions.1.camera_mixer.ffn_block_C.0.ffn.0.weight, pts_bbox_head.transformer.decoder.layers.2.attentions.1.camera_mixer.ffn_block_C.0.ffn.0.bias, pts_bbox_head.transformer.decoder.layers.2.attentions.1.camera_mixer.ffn_block_C.0.ffn.3.weight, pts_bbox_head.transformer.decoder.layers.2.attentions.1.camera_mixer.ffn_block_C.0.ffn.3.bias, pts_bbox_head.transformer.decoder.layers.2.attentions.1.camera_mixer.ffn_block_C.1.ffn.0.weight, pts_bbox_head.transformer.decoder.layers.2.attentions.1.camera_mixer.ffn_block_C.1.ffn.0.bias, pts_bbox_head.transformer.decoder.layers.2.attentions.1.camera_mixer.ffn_block_C.1.ffn.3.weight, pts_bbox_head.transformer.decoder.layers.2.attentions.1.camera_mixer.ffn_block_C.1.ffn.3.bias, pts_bbox_head.transformer.decoder.layers.2.attentions.1.camera_mixer.ffn_norm_L.0.weight, pts_bbox_head.transformer.decoder.layers.2.attentions.1.camera_mixer.ffn_norm_L.0.bias, pts_bbox_head.transformer.decoder.layers.2.attentions.1.camera_mixer.ffn_norm_L.1.weight, pts_bbox_head.transformer.decoder.layers.2.attentions.1.camera_mixer.ffn_norm_L.1.bias, pts_bbox_head.transformer.decoder.layers.2.attentions.1.camera_mixer.ffn_norm_C.0.weight, pts_bbox_head.transformer.decoder.layers.2.attentions.1.camera_mixer.ffn_norm_C.0.bias, pts_bbox_head.transformer.decoder.layers.2.attentions.1.camera_mixer.ffn_norm_C.1.weight, pts_bbox_head.transformer.decoder.layers.2.attentions.1.camera_mixer.ffn_norm_C.1.bias, pts_bbox_head.transformer.decoder.layers.3.attentions.1.img_attention_weights.weight, pts_bbox_head.transformer.decoder.layers.3.attentions.1.img_attention_weights.bias, pts_bbox_head.transformer.decoder.layers.3.attentions.1.img_output_proj.weight, pts_bbox_head.transformer.decoder.layers.3.attentions.1.img_output_proj.bias, pts_bbox_head.transformer.decoder.layers.3.attentions.1.modality_fusion_layer.0.weight, pts_bbox_head.transformer.decoder.layers.3.attentions.1.modality_fusion_layer.0.bias, pts_bbox_head.transformer.decoder.layers.3.attentions.1.modality_fusion_layer.1.weight, pts_bbox_head.transformer.decoder.layers.3.attentions.1.modality_fusion_layer.1.bias, pts_bbox_head.transformer.decoder.layers.3.attentions.1.modality_fusion_layer.3.weight, pts_bbox_head.transformer.decoder.layers.3.attentions.1.modality_fusion_layer.3.bias, pts_bbox_head.transformer.decoder.layers.3.attentions.1.modality_fusion_layer.4.weight, pts_bbox_head.transformer.decoder.layers.3.attentions.1.modality_fusion_layer.4.bias, pts_bbox_head.transformer.decoder.layers.3.attentions.1.camera_mixer.layers_LGC.0.A_log_h2t, pts_bbox_head.transformer.decoder.layers.3.attentions.1.camera_mixer.layers_LGC.0.D_h2t, pts_bbox_head.transformer.decoder.layers.3.attentions.1.camera_mixer.layers_LGC.0.A_log_t2h, pts_bbox_head.transformer.decoder.layers.3.attentions.1.camera_mixer.layers_LGC.0.D_t2h, pts_bbox_head.transformer.decoder.layers.3.attentions.1.camera_mixer.layers_LGC.0.in_proj.weight, pts_bbox_head.transformer.decoder.layers.3.attentions.1.camera_mixer.layers_LGC.0.in_proj_lidar.weight, pts_bbox_head.transformer.decoder.layers.3.attentions.1.camera_mixer.layers_LGC.0.conv1d_h2t.weight, pts_bbox_head.transformer.decoder.layers.3.attentions.1.camera_mixer.layers_LGC.0.conv1d_h2t.bias, pts_bbox_head.transformer.decoder.layers.3.attentions.1.camera_mixer.layers_LGC.0.x_proj_h2t.weight, pts_bbox_head.transformer.decoder.layers.3.attentions.1.camera_mixer.layers_LGC.0.dt_proj_h2t.weight, pts_bbox_head.transformer.decoder.layers.3.attentions.1.camera_mixer.layers_LGC.0.dt_proj_h2t.bias, pts_bbox_head.transformer.decoder.layers.3.attentions.1.camera_mixer.layers_LGC.0.conv1d_t2h.weight, pts_bbox_head.transformer.decoder.layers.3.attentions.1.camera_mixer.layers_LGC.0.conv1d_t2h.bias, pts_bbox_head.transformer.decoder.layers.3.attentions.1.camera_mixer.layers_LGC.0.x_proj_t2h.weight, pts_bbox_head.transformer.decoder.layers.3.attentions.1.camera_mixer.layers_LGC.0.dt_proj_t2h.weight, pts_bbox_head.transformer.decoder.layers.3.attentions.1.camera_mixer.layers_LGC.0.dt_proj_t2h.bias, pts_bbox_head.transformer.decoder.layers.3.attentions.1.camera_mixer.layers_LGC.0.lidar_guidance_proj.weight, pts_bbox_head.transformer.decoder.layers.3.attentions.1.camera_mixer.layers_LGC.0.lidar_guidance_proj.bias, pts_bbox_head.transformer.decoder.layers.3.attentions.1.camera_mixer.layers_LGC.0.out_proj.weight, pts_bbox_head.transformer.decoder.layers.3.attentions.1.camera_mixer.layers_LGC.1.A_log_h2t, pts_bbox_head.transformer.decoder.layers.3.attentions.1.camera_mixer.layers_LGC.1.D_h2t, pts_bbox_head.transformer.decoder.layers.3.attentions.1.camera_mixer.layers_LGC.1.A_log_t2h, pts_bbox_head.transformer.decoder.layers.3.attentions.1.camera_mixer.layers_LGC.1.D_t2h, pts_bbox_head.transformer.decoder.layers.3.attentions.1.camera_mixer.layers_LGC.1.in_proj.weight, pts_bbox_head.transformer.decoder.layers.3.attentions.1.camera_mixer.layers_LGC.1.in_proj_lidar.weight, pts_bbox_head.transformer.decoder.layers.3.attentions.1.camera_mixer.layers_LGC.1.conv1d_h2t.weight, pts_bbox_head.transformer.decoder.layers.3.attentions.1.camera_mixer.layers_LGC.1.conv1d_h2t.bias, pts_bbox_head.transformer.decoder.layers.3.attentions.1.camera_mixer.layers_LGC.1.x_proj_h2t.weight, pts_bbox_head.transformer.decoder.layers.3.attentions.1.camera_mixer.layers_LGC.1.dt_proj_h2t.weight, pts_bbox_head.transformer.decoder.layers.3.attentions.1.camera_mixer.layers_LGC.1.dt_proj_h2t.bias, pts_bbox_head.transformer.decoder.layers.3.attentions.1.camera_mixer.layers_LGC.1.conv1d_t2h.weight, pts_bbox_head.transformer.decoder.layers.3.attentions.1.camera_mixer.layers_LGC.1.conv1d_t2h.bias, pts_bbox_head.transformer.decoder.layers.3.attentions.1.camera_mixer.layers_LGC.1.x_proj_t2h.weight, pts_bbox_head.transformer.decoder.layers.3.attentions.1.camera_mixer.layers_LGC.1.dt_proj_t2h.weight, pts_bbox_head.transformer.decoder.layers.3.attentions.1.camera_mixer.layers_LGC.1.dt_proj_t2h.bias, pts_bbox_head.transformer.decoder.layers.3.attentions.1.camera_mixer.layers_LGC.1.lidar_guidance_proj.weight, pts_bbox_head.transformer.decoder.layers.3.attentions.1.camera_mixer.layers_LGC.1.lidar_guidance_proj.bias, pts_bbox_head.transformer.decoder.layers.3.attentions.1.camera_mixer.layers_LGC.1.out_proj.weight, pts_bbox_head.transformer.decoder.layers.3.attentions.1.camera_mixer.layers_CGL.0.A_log_h2t, pts_bbox_head.transformer.decoder.layers.3.attentions.1.camera_mixer.layers_CGL.0.D_h2t, pts_bbox_head.transformer.decoder.layers.3.attentions.1.camera_mixer.layers_CGL.0.A_log_t2h, pts_bbox_head.transformer.decoder.layers.3.attentions.1.camera_mixer.layers_CGL.0.D_t2h, pts_bbox_head.transformer.decoder.layers.3.attentions.1.camera_mixer.layers_CGL.0.in_proj.weight, pts_bbox_head.transformer.decoder.layers.3.attentions.1.camera_mixer.layers_CGL.0.in_proj_lidar.weight, pts_bbox_head.transformer.decoder.layers.3.attentions.1.camera_mixer.layers_CGL.0.conv1d_h2t.weight, pts_bbox_head.transformer.decoder.layers.3.attentions.1.camera_mixer.layers_CGL.0.conv1d_h2t.bias, pts_bbox_head.transformer.decoder.layers.3.attentions.1.camera_mixer.layers_CGL.0.x_proj_h2t.weight, pts_bbox_head.transformer.decoder.layers.3.attentions.1.camera_mixer.layers_CGL.0.dt_proj_h2t.weight, pts_bbox_head.transformer.decoder.layers.3.attentions.1.camera_mixer.layers_CGL.0.dt_proj_h2t.bias, pts_bbox_head.transformer.decoder.layers.3.attentions.1.camera_mixer.layers_CGL.0.conv1d_t2h.weight, pts_bbox_head.transformer.decoder.layers.3.attentions.1.camera_mixer.layers_CGL.0.conv1d_t2h.bias, pts_bbox_head.transformer.decoder.layers.3.attentions.1.camera_mixer.layers_CGL.0.x_proj_t2h.weight, pts_bbox_head.transformer.decoder.layers.3.attentions.1.camera_mixer.layers_CGL.0.dt_proj_t2h.weight, pts_bbox_head.transformer.decoder.layers.3.attentions.1.camera_mixer.layers_CGL.0.dt_proj_t2h.bias, pts_bbox_head.transformer.decoder.layers.3.attentions.1.camera_mixer.layers_CGL.0.lidar_guidance_proj.weight, pts_bbox_head.transformer.decoder.layers.3.attentions.1.camera_mixer.layers_CGL.0.lidar_guidance_proj.bias, pts_bbox_head.transformer.decoder.layers.3.attentions.1.camera_mixer.layers_CGL.0.out_proj.weight, pts_bbox_head.transformer.decoder.layers.3.attentions.1.camera_mixer.layers_CGL.1.A_log_h2t, pts_bbox_head.transformer.decoder.layers.3.attentions.1.camera_mixer.layers_CGL.1.D_h2t, pts_bbox_head.transformer.decoder.layers.3.attentions.1.camera_mixer.layers_CGL.1.A_log_t2h, pts_bbox_head.transformer.decoder.layers.3.attentions.1.camera_mixer.layers_CGL.1.D_t2h, pts_bbox_head.transformer.decoder.layers.3.attentions.1.camera_mixer.layers_CGL.1.in_proj.weight, pts_bbox_head.transformer.decoder.layers.3.attentions.1.camera_mixer.layers_CGL.1.in_proj_lidar.weight, pts_bbox_head.transformer.decoder.layers.3.attentions.1.camera_mixer.layers_CGL.1.conv1d_h2t.weight, pts_bbox_head.transformer.decoder.layers.3.attentions.1.camera_mixer.layers_CGL.1.conv1d_h2t.bias, pts_bbox_head.transformer.decoder.layers.3.attentions.1.camera_mixer.layers_CGL.1.x_proj_h2t.weight, pts_bbox_head.transformer.decoder.layers.3.attentions.1.camera_mixer.layers_CGL.1.dt_proj_h2t.weight, pts_bbox_head.transformer.decoder.layers.3.attentions.1.camera_mixer.layers_CGL.1.dt_proj_h2t.bias, pts_bbox_head.transformer.decoder.layers.3.attentions.1.camera_mixer.layers_CGL.1.conv1d_t2h.weight, pts_bbox_head.transformer.decoder.layers.3.attentions.1.camera_mixer.layers_CGL.1.conv1d_t2h.bias, pts_bbox_head.transformer.decoder.layers.3.attentions.1.camera_mixer.layers_CGL.1.x_proj_t2h.weight, pts_bbox_head.transformer.decoder.layers.3.attentions.1.camera_mixer.layers_CGL.1.dt_proj_t2h.weight, pts_bbox_head.transformer.decoder.layers.3.attentions.1.camera_mixer.layers_CGL.1.dt_proj_t2h.bias, pts_bbox_head.transformer.decoder.layers.3.attentions.1.camera_mixer.layers_CGL.1.lidar_guidance_proj.weight, pts_bbox_head.transformer.decoder.layers.3.attentions.1.camera_mixer.layers_CGL.1.lidar_guidance_proj.bias, pts_bbox_head.transformer.decoder.layers.3.attentions.1.camera_mixer.layers_CGL.1.out_proj.weight, pts_bbox_head.transformer.decoder.layers.3.attentions.1.camera_mixer.norm_L.0.weight, pts_bbox_head.transformer.decoder.layers.3.attentions.1.camera_mixer.norm_L.0.bias, pts_bbox_head.transformer.decoder.layers.3.attentions.1.camera_mixer.norm_L.1.weight, pts_bbox_head.transformer.decoder.layers.3.attentions.1.camera_mixer.norm_L.1.bias, pts_bbox_head.transformer.decoder.layers.3.attentions.1.camera_mixer.norm_C.0.weight, pts_bbox_head.transformer.decoder.layers.3.attentions.1.camera_mixer.norm_C.0.bias, pts_bbox_head.transformer.decoder.layers.3.attentions.1.camera_mixer.norm_C.1.weight, pts_bbox_head.transformer.decoder.layers.3.attentions.1.camera_mixer.norm_C.1.bias, pts_bbox_head.transformer.decoder.layers.3.attentions.1.camera_mixer.ffn_block_L.0.ffn.0.weight, pts_bbox_head.transformer.decoder.layers.3.attentions.1.camera_mixer.ffn_block_L.0.ffn.0.bias, pts_bbox_head.transformer.decoder.layers.3.attentions.1.camera_mixer.ffn_block_L.0.ffn.3.weight, pts_bbox_head.transformer.decoder.layers.3.attentions.1.camera_mixer.ffn_block_L.0.ffn.3.bias, pts_bbox_head.transformer.decoder.layers.3.attentions.1.camera_mixer.ffn_block_L.1.ffn.0.weight, pts_bbox_head.transformer.decoder.layers.3.attentions.1.camera_mixer.ffn_block_L.1.ffn.0.bias, pts_bbox_head.transformer.decoder.layers.3.attentions.1.camera_mixer.ffn_block_L.1.ffn.3.weight, pts_bbox_head.transformer.decoder.layers.3.attentions.1.camera_mixer.ffn_block_L.1.ffn.3.bias, pts_bbox_head.transformer.decoder.layers.3.attentions.1.camera_mixer.ffn_block_C.0.ffn.0.weight, pts_bbox_head.transformer.decoder.layers.3.attentions.1.camera_mixer.ffn_block_C.0.ffn.0.bias, pts_bbox_head.transformer.decoder.layers.3.attentions.1.camera_mixer.ffn_block_C.0.ffn.3.weight, pts_bbox_head.transformer.decoder.layers.3.attentions.1.camera_mixer.ffn_block_C.0.ffn.3.bias, pts_bbox_head.transformer.decoder.layers.3.attentions.1.camera_mixer.ffn_block_C.1.ffn.0.weight, pts_bbox_head.transformer.decoder.layers.3.attentions.1.camera_mixer.ffn_block_C.1.ffn.0.bias, pts_bbox_head.transformer.decoder.layers.3.attentions.1.camera_mixer.ffn_block_C.1.ffn.3.weight, pts_bbox_head.transformer.decoder.layers.3.attentions.1.camera_mixer.ffn_block_C.1.ffn.3.bias, pts_bbox_head.transformer.decoder.layers.3.attentions.1.camera_mixer.ffn_norm_L.0.weight, pts_bbox_head.transformer.decoder.layers.3.attentions.1.camera_mixer.ffn_norm_L.0.bias, pts_bbox_head.transformer.decoder.layers.3.attentions.1.camera_mixer.ffn_norm_L.1.weight, pts_bbox_head.transformer.decoder.layers.3.attentions.1.camera_mixer.ffn_norm_L.1.bias, pts_bbox_head.transformer.decoder.layers.3.attentions.1.camera_mixer.ffn_norm_C.0.weight, pts_bbox_head.transformer.decoder.layers.3.attentions.1.camera_mixer.ffn_norm_C.0.bias, pts_bbox_head.transformer.decoder.layers.3.attentions.1.camera_mixer.ffn_norm_C.1.weight, pts_bbox_head.transformer.decoder.layers.3.attentions.1.camera_mixer.ffn_norm_C.1.bias, pts_bbox_head.transformer.decoder.layers.4.attentions.1.img_attention_weights.weight, pts_bbox_head.transformer.decoder.layers.4.attentions.1.img_attention_weights.bias, pts_bbox_head.transformer.decoder.layers.4.attentions.1.img_output_proj.weight, pts_bbox_head.transformer.decoder.layers.4.attentions.1.img_output_proj.bias, pts_bbox_head.transformer.decoder.layers.4.attentions.1.modality_fusion_layer.0.weight, pts_bbox_head.transformer.decoder.layers.4.attentions.1.modality_fusion_layer.0.bias, pts_bbox_head.transformer.decoder.layers.4.attentions.1.modality_fusion_layer.1.weight, pts_bbox_head.transformer.decoder.layers.4.attentions.1.modality_fusion_layer.1.bias, pts_bbox_head.transformer.decoder.layers.4.attentions.1.modality_fusion_layer.3.weight, pts_bbox_head.transformer.decoder.layers.4.attentions.1.modality_fusion_layer.3.bias, pts_bbox_head.transformer.decoder.layers.4.attentions.1.modality_fusion_layer.4.weight, pts_bbox_head.transformer.decoder.layers.4.attentions.1.modality_fusion_layer.4.bias, pts_bbox_head.transformer.decoder.layers.4.attentions.1.camera_mixer.layers_LGC.0.A_log_h2t, pts_bbox_head.transformer.decoder.layers.4.attentions.1.camera_mixer.layers_LGC.0.D_h2t, pts_bbox_head.transformer.decoder.layers.4.attentions.1.camera_mixer.layers_LGC.0.A_log_t2h, pts_bbox_head.transformer.decoder.layers.4.attentions.1.camera_mixer.layers_LGC.0.D_t2h, pts_bbox_head.transformer.decoder.layers.4.attentions.1.camera_mixer.layers_LGC.0.in_proj.weight, pts_bbox_head.transformer.decoder.layers.4.attentions.1.camera_mixer.layers_LGC.0.in_proj_lidar.weight, pts_bbox_head.transformer.decoder.layers.4.attentions.1.camera_mixer.layers_LGC.0.conv1d_h2t.weight, pts_bbox_head.transformer.decoder.layers.4.attentions.1.camera_mixer.layers_LGC.0.conv1d_h2t.bias, pts_bbox_head.transformer.decoder.layers.4.attentions.1.camera_mixer.layers_LGC.0.x_proj_h2t.weight, pts_bbox_head.transformer.decoder.layers.4.attentions.1.camera_mixer.layers_LGC.0.dt_proj_h2t.weight, pts_bbox_head.transformer.decoder.layers.4.attentions.1.camera_mixer.layers_LGC.0.dt_proj_h2t.bias, pts_bbox_head.transformer.decoder.layers.4.attentions.1.camera_mixer.layers_LGC.0.conv1d_t2h.weight, pts_bbox_head.transformer.decoder.layers.4.attentions.1.camera_mixer.layers_LGC.0.conv1d_t2h.bias, pts_bbox_head.transformer.decoder.layers.4.attentions.1.camera_mixer.layers_LGC.0.x_proj_t2h.weight, pts_bbox_head.transformer.decoder.layers.4.attentions.1.camera_mixer.layers_LGC.0.dt_proj_t2h.weight, pts_bbox_head.transformer.decoder.layers.4.attentions.1.camera_mixer.layers_LGC.0.dt_proj_t2h.bias, pts_bbox_head.transformer.decoder.layers.4.attentions.1.camera_mixer.layers_LGC.0.lidar_guidance_proj.weight, pts_bbox_head.transformer.decoder.layers.4.attentions.1.camera_mixer.layers_LGC.0.lidar_guidance_proj.bias, pts_bbox_head.transformer.decoder.layers.4.attentions.1.camera_mixer.layers_LGC.0.out_proj.weight, pts_bbox_head.transformer.decoder.layers.4.attentions.1.camera_mixer.layers_LGC.1.A_log_h2t, pts_bbox_head.transformer.decoder.layers.4.attentions.1.camera_mixer.layers_LGC.1.D_h2t, pts_bbox_head.transformer.decoder.layers.4.attentions.1.camera_mixer.layers_LGC.1.A_log_t2h, pts_bbox_head.transformer.decoder.layers.4.attentions.1.camera_mixer.layers_LGC.1.D_t2h, pts_bbox_head.transformer.decoder.layers.4.attentions.1.camera_mixer.layers_LGC.1.in_proj.weight, pts_bbox_head.transformer.decoder.layers.4.attentions.1.camera_mixer.layers_LGC.1.in_proj_lidar.weight, pts_bbox_head.transformer.decoder.layers.4.attentions.1.camera_mixer.layers_LGC.1.conv1d_h2t.weight, pts_bbox_head.transformer.decoder.layers.4.attentions.1.camera_mixer.layers_LGC.1.conv1d_h2t.bias, pts_bbox_head.transformer.decoder.layers.4.attentions.1.camera_mixer.layers_LGC.1.x_proj_h2t.weight, pts_bbox_head.transformer.decoder.layers.4.attentions.1.camera_mixer.layers_LGC.1.dt_proj_h2t.weight, pts_bbox_head.transformer.decoder.layers.4.attentions.1.camera_mixer.layers_LGC.1.dt_proj_h2t.bias, pts_bbox_head.transformer.decoder.layers.4.attentions.1.camera_mixer.layers_LGC.1.conv1d_t2h.weight, pts_bbox_head.transformer.decoder.layers.4.attentions.1.camera_mixer.layers_LGC.1.conv1d_t2h.bias, pts_bbox_head.transformer.decoder.layers.4.attentions.1.camera_mixer.layers_LGC.1.x_proj_t2h.weight, pts_bbox_head.transformer.decoder.layers.4.attentions.1.camera_mixer.layers_LGC.1.dt_proj_t2h.weight, pts_bbox_head.transformer.decoder.layers.4.attentions.1.camera_mixer.layers_LGC.1.dt_proj_t2h.bias, pts_bbox_head.transformer.decoder.layers.4.attentions.1.camera_mixer.layers_LGC.1.lidar_guidance_proj.weight, pts_bbox_head.transformer.decoder.layers.4.attentions.1.camera_mixer.layers_LGC.1.lidar_guidance_proj.bias, pts_bbox_head.transformer.decoder.layers.4.attentions.1.camera_mixer.layers_LGC.1.out_proj.weight, pts_bbox_head.transformer.decoder.layers.4.attentions.1.camera_mixer.layers_CGL.0.A_log_h2t, pts_bbox_head.transformer.decoder.layers.4.attentions.1.camera_mixer.layers_CGL.0.D_h2t, pts_bbox_head.transformer.decoder.layers.4.attentions.1.camera_mixer.layers_CGL.0.A_log_t2h, pts_bbox_head.transformer.decoder.layers.4.attentions.1.camera_mixer.layers_CGL.0.D_t2h, pts_bbox_head.transformer.decoder.layers.4.attentions.1.camera_mixer.layers_CGL.0.in_proj.weight, pts_bbox_head.transformer.decoder.layers.4.attentions.1.camera_mixer.layers_CGL.0.in_proj_lidar.weight, pts_bbox_head.transformer.decoder.layers.4.attentions.1.camera_mixer.layers_CGL.0.conv1d_h2t.weight, pts_bbox_head.transformer.decoder.layers.4.attentions.1.camera_mixer.layers_CGL.0.conv1d_h2t.bias, pts_bbox_head.transformer.decoder.layers.4.attentions.1.camera_mixer.layers_CGL.0.x_proj_h2t.weight, pts_bbox_head.transformer.decoder.layers.4.attentions.1.camera_mixer.layers_CGL.0.dt_proj_h2t.weight, pts_bbox_head.transformer.decoder.layers.4.attentions.1.camera_mixer.layers_CGL.0.dt_proj_h2t.bias, pts_bbox_head.transformer.decoder.layers.4.attentions.1.camera_mixer.layers_CGL.0.conv1d_t2h.weight, pts_bbox_head.transformer.decoder.layers.4.attentions.1.camera_mixer.layers_CGL.0.conv1d_t2h.bias, pts_bbox_head.transformer.decoder.layers.4.attentions.1.camera_mixer.layers_CGL.0.x_proj_t2h.weight, pts_bbox_head.transformer.decoder.layers.4.attentions.1.camera_mixer.layers_CGL.0.dt_proj_t2h.weight, pts_bbox_head.transformer.decoder.layers.4.attentions.1.camera_mixer.layers_CGL.0.dt_proj_t2h.bias, pts_bbox_head.transformer.decoder.layers.4.attentions.1.camera_mixer.layers_CGL.0.lidar_guidance_proj.weight, pts_bbox_head.transformer.decoder.layers.4.attentions.1.camera_mixer.layers_CGL.0.lidar_guidance_proj.bias, pts_bbox_head.transformer.decoder.layers.4.attentions.1.camera_mixer.layers_CGL.0.out_proj.weight, pts_bbox_head.transformer.decoder.layers.4.attentions.1.camera_mixer.layers_CGL.1.A_log_h2t, pts_bbox_head.transformer.decoder.layers.4.attentions.1.camera_mixer.layers_CGL.1.D_h2t, pts_bbox_head.transformer.decoder.layers.4.attentions.1.camera_mixer.layers_CGL.1.A_log_t2h, pts_bbox_head.transformer.decoder.layers.4.attentions.1.camera_mixer.layers_CGL.1.D_t2h, pts_bbox_head.transformer.decoder.layers.4.attentions.1.camera_mixer.layers_CGL.1.in_proj.weight, pts_bbox_head.transformer.decoder.layers.4.attentions.1.camera_mixer.layers_CGL.1.in_proj_lidar.weight, pts_bbox_head.transformer.decoder.layers.4.attentions.1.camera_mixer.layers_CGL.1.conv1d_h2t.weight, pts_bbox_head.transformer.decoder.layers.4.attentions.1.camera_mixer.layers_CGL.1.conv1d_h2t.bias, pts_bbox_head.transformer.decoder.layers.4.attentions.1.camera_mixer.layers_CGL.1.x_proj_h2t.weight, pts_bbox_head.transformer.decoder.layers.4.attentions.1.camera_mixer.layers_CGL.1.dt_proj_h2t.weight, pts_bbox_head.transformer.decoder.layers.4.attentions.1.camera_mixer.layers_CGL.1.dt_proj_h2t.bias, pts_bbox_head.transformer.decoder.layers.4.attentions.1.camera_mixer.layers_CGL.1.conv1d_t2h.weight, pts_bbox_head.transformer.decoder.layers.4.attentions.1.camera_mixer.layers_CGL.1.conv1d_t2h.bias, pts_bbox_head.transformer.decoder.layers.4.attentions.1.camera_mixer.layers_CGL.1.x_proj_t2h.weight, pts_bbox_head.transformer.decoder.layers.4.attentions.1.camera_mixer.layers_CGL.1.dt_proj_t2h.weight, pts_bbox_head.transformer.decoder.layers.4.attentions.1.camera_mixer.layers_CGL.1.dt_proj_t2h.bias, pts_bbox_head.transformer.decoder.layers.4.attentions.1.camera_mixer.layers_CGL.1.lidar_guidance_proj.weight, pts_bbox_head.transformer.decoder.layers.4.attentions.1.camera_mixer.layers_CGL.1.lidar_guidance_proj.bias, pts_bbox_head.transformer.decoder.layers.4.attentions.1.camera_mixer.layers_CGL.1.out_proj.weight, pts_bbox_head.transformer.decoder.layers.4.attentions.1.camera_mixer.norm_L.0.weight, pts_bbox_head.transformer.decoder.layers.4.attentions.1.camera_mixer.norm_L.0.bias, pts_bbox_head.transformer.decoder.layers.4.attentions.1.camera_mixer.norm_L.1.weight, pts_bbox_head.transformer.decoder.layers.4.attentions.1.camera_mixer.norm_L.1.bias, pts_bbox_head.transformer.decoder.layers.4.attentions.1.camera_mixer.norm_C.0.weight, pts_bbox_head.transformer.decoder.layers.4.attentions.1.camera_mixer.norm_C.0.bias, pts_bbox_head.transformer.decoder.layers.4.attentions.1.camera_mixer.norm_C.1.weight, pts_bbox_head.transformer.decoder.layers.4.attentions.1.camera_mixer.norm_C.1.bias, pts_bbox_head.transformer.decoder.layers.4.attentions.1.camera_mixer.ffn_block_L.0.ffn.0.weight, pts_bbox_head.transformer.decoder.layers.4.attentions.1.camera_mixer.ffn_block_L.0.ffn.0.bias, pts_bbox_head.transformer.decoder.layers.4.attentions.1.camera_mixer.ffn_block_L.0.ffn.3.weight, pts_bbox_head.transformer.decoder.layers.4.attentions.1.camera_mixer.ffn_block_L.0.ffn.3.bias, pts_bbox_head.transformer.decoder.layers.4.attentions.1.camera_mixer.ffn_block_L.1.ffn.0.weight, pts_bbox_head.transformer.decoder.layers.4.attentions.1.camera_mixer.ffn_block_L.1.ffn.0.bias, pts_bbox_head.transformer.decoder.layers.4.attentions.1.camera_mixer.ffn_block_L.1.ffn.3.weight, pts_bbox_head.transformer.decoder.layers.4.attentions.1.camera_mixer.ffn_block_L.1.ffn.3.bias, pts_bbox_head.transformer.decoder.layers.4.attentions.1.camera_mixer.ffn_block_C.0.ffn.0.weight, pts_bbox_head.transformer.decoder.layers.4.attentions.1.camera_mixer.ffn_block_C.0.ffn.0.bias, pts_bbox_head.transformer.decoder.layers.4.attentions.1.camera_mixer.ffn_block_C.0.ffn.3.weight, pts_bbox_head.transformer.decoder.layers.4.attentions.1.camera_mixer.ffn_block_C.0.ffn.3.bias, pts_bbox_head.transformer.decoder.layers.4.attentions.1.camera_mixer.ffn_block_C.1.ffn.0.weight, pts_bbox_head.transformer.decoder.layers.4.attentions.1.camera_mixer.ffn_block_C.1.ffn.0.bias, pts_bbox_head.transformer.decoder.layers.4.attentions.1.camera_mixer.ffn_block_C.1.ffn.3.weight, pts_bbox_head.transformer.decoder.layers.4.attentions.1.camera_mixer.ffn_block_C.1.ffn.3.bias, pts_bbox_head.transformer.decoder.layers.4.attentions.1.camera_mixer.ffn_norm_L.0.weight, pts_bbox_head.transformer.decoder.layers.4.attentions.1.camera_mixer.ffn_norm_L.0.bias, pts_bbox_head.transformer.decoder.layers.4.attentions.1.camera_mixer.ffn_norm_L.1.weight, pts_bbox_head.transformer.decoder.layers.4.attentions.1.camera_mixer.ffn_norm_L.1.bias, pts_bbox_head.transformer.decoder.layers.4.attentions.1.camera_mixer.ffn_norm_C.0.weight, pts_bbox_head.transformer.decoder.layers.4.attentions.1.camera_mixer.ffn_norm_C.0.bias, pts_bbox_head.transformer.decoder.layers.4.attentions.1.camera_mixer.ffn_norm_C.1.weight, pts_bbox_head.transformer.decoder.layers.4.attentions.1.camera_mixer.ffn_norm_C.1.bias, pts_bbox_head.transformer.decoder.layers.5.attentions.1.img_attention_weights.weight, pts_bbox_head.transformer.decoder.layers.5.attentions.1.img_attention_weights.bias, pts_bbox_head.transformer.decoder.layers.5.attentions.1.img_output_proj.weight, pts_bbox_head.transformer.decoder.layers.5.attentions.1.img_output_proj.bias, pts_bbox_head.transformer.decoder.layers.5.attentions.1.modality_fusion_layer.0.weight, pts_bbox_head.transformer.decoder.layers.5.attentions.1.modality_fusion_layer.0.bias, pts_bbox_head.transformer.decoder.layers.5.attentions.1.modality_fusion_layer.1.weight, pts_bbox_head.transformer.decoder.layers.5.attentions.1.modality_fusion_layer.1.bias, pts_bbox_head.transformer.decoder.layers.5.attentions.1.modality_fusion_layer.3.weight, pts_bbox_head.transformer.decoder.layers.5.attentions.1.modality_fusion_layer.3.bias, pts_bbox_head.transformer.decoder.layers.5.attentions.1.modality_fusion_layer.4.weight, pts_bbox_head.transformer.decoder.layers.5.attentions.1.modality_fusion_layer.4.bias, pts_bbox_head.transformer.decoder.layers.5.attentions.1.camera_mixer.layers_LGC.0.A_log_h2t, pts_bbox_head.transformer.decoder.layers.5.attentions.1.camera_mixer.layers_LGC.0.D_h2t, pts_bbox_head.transformer.decoder.layers.5.attentions.1.camera_mixer.layers_LGC.0.A_log_t2h, pts_bbox_head.transformer.decoder.layers.5.attentions.1.camera_mixer.layers_LGC.0.D_t2h, pts_bbox_head.transformer.decoder.layers.5.attentions.1.camera_mixer.layers_LGC.0.in_proj.weight, pts_bbox_head.transformer.decoder.layers.5.attentions.1.camera_mixer.layers_LGC.0.in_proj_lidar.weight, pts_bbox_head.transformer.decoder.layers.5.attentions.1.camera_mixer.layers_LGC.0.conv1d_h2t.weight, pts_bbox_head.transformer.decoder.layers.5.attentions.1.camera_mixer.layers_LGC.0.conv1d_h2t.bias, pts_bbox_head.transformer.decoder.layers.5.attentions.1.camera_mixer.layers_LGC.0.x_proj_h2t.weight, pts_bbox_head.transformer.decoder.layers.5.attentions.1.camera_mixer.layers_LGC.0.dt_proj_h2t.weight, pts_bbox_head.transformer.decoder.layers.5.attentions.1.camera_mixer.layers_LGC.0.dt_proj_h2t.bias, pts_bbox_head.transformer.decoder.layers.5.attentions.1.camera_mixer.layers_LGC.0.conv1d_t2h.weight, pts_bbox_head.transformer.decoder.layers.5.attentions.1.camera_mixer.layers_LGC.0.conv1d_t2h.bias, pts_bbox_head.transformer.decoder.layers.5.attentions.1.camera_mixer.layers_LGC.0.x_proj_t2h.weight, pts_bbox_head.transformer.decoder.layers.5.attentions.1.camera_mixer.layers_LGC.0.dt_proj_t2h.weight, pts_bbox_head.transformer.decoder.layers.5.attentions.1.camera_mixer.layers_LGC.0.dt_proj_t2h.bias, pts_bbox_head.transformer.decoder.layers.5.attentions.1.camera_mixer.layers_LGC.0.lidar_guidance_proj.weight, pts_bbox_head.transformer.decoder.layers.5.attentions.1.camera_mixer.layers_LGC.0.lidar_guidance_proj.bias, pts_bbox_head.transformer.decoder.layers.5.attentions.1.camera_mixer.layers_LGC.0.out_proj.weight, pts_bbox_head.transformer.decoder.layers.5.attentions.1.camera_mixer.layers_LGC.1.A_log_h2t, pts_bbox_head.transformer.decoder.layers.5.attentions.1.camera_mixer.layers_LGC.1.D_h2t, pts_bbox_head.transformer.decoder.layers.5.attentions.1.camera_mixer.layers_LGC.1.A_log_t2h, pts_bbox_head.transformer.decoder.layers.5.attentions.1.camera_mixer.layers_LGC.1.D_t2h, pts_bbox_head.transformer.decoder.layers.5.attentions.1.camera_mixer.layers_LGC.1.in_proj.weight, pts_bbox_head.transformer.decoder.layers.5.attentions.1.camera_mixer.layers_LGC.1.in_proj_lidar.weight, pts_bbox_head.transformer.decoder.layers.5.attentions.1.camera_mixer.layers_LGC.1.conv1d_h2t.weight, pts_bbox_head.transformer.decoder.layers.5.attentions.1.camera_mixer.layers_LGC.1.conv1d_h2t.bias, pts_bbox_head.transformer.decoder.layers.5.attentions.1.camera_mixer.layers_LGC.1.x_proj_h2t.weight, pts_bbox_head.transformer.decoder.layers.5.attentions.1.camera_mixer.layers_LGC.1.dt_proj_h2t.weight, pts_bbox_head.transformer.decoder.layers.5.attentions.1.camera_mixer.layers_LGC.1.dt_proj_h2t.bias, pts_bbox_head.transformer.decoder.layers.5.attentions.1.camera_mixer.layers_LGC.1.conv1d_t2h.weight, pts_bbox_head.transformer.decoder.layers.5.attentions.1.camera_mixer.layers_LGC.1.conv1d_t2h.bias, pts_bbox_head.transformer.decoder.layers.5.attentions.1.camera_mixer.layers_LGC.1.x_proj_t2h.weight, pts_bbox_head.transformer.decoder.layers.5.attentions.1.camera_mixer.layers_LGC.1.dt_proj_t2h.weight, pts_bbox_head.transformer.decoder.layers.5.attentions.1.camera_mixer.layers_LGC.1.dt_proj_t2h.bias, pts_bbox_head.transformer.decoder.layers.5.attentions.1.camera_mixer.layers_LGC.1.lidar_guidance_proj.weight, pts_bbox_head.transformer.decoder.layers.5.attentions.1.camera_mixer.layers_LGC.1.lidar_guidance_proj.bias, pts_bbox_head.transformer.decoder.layers.5.attentions.1.camera_mixer.layers_LGC.1.out_proj.weight, pts_bbox_head.transformer.decoder.layers.5.attentions.1.camera_mixer.layers_CGL.0.A_log_h2t, pts_bbox_head.transformer.decoder.layers.5.attentions.1.camera_mixer.layers_CGL.0.D_h2t, pts_bbox_head.transformer.decoder.layers.5.attentions.1.camera_mixer.layers_CGL.0.A_log_t2h, pts_bbox_head.transformer.decoder.layers.5.attentions.1.camera_mixer.layers_CGL.0.D_t2h, pts_bbox_head.transformer.decoder.layers.5.attentions.1.camera_mixer.layers_CGL.0.in_proj.weight, pts_bbox_head.transformer.decoder.layers.5.attentions.1.camera_mixer.layers_CGL.0.in_proj_lidar.weight, pts_bbox_head.transformer.decoder.layers.5.attentions.1.camera_mixer.layers_CGL.0.conv1d_h2t.weight, pts_bbox_head.transformer.decoder.layers.5.attentions.1.camera_mixer.layers_CGL.0.conv1d_h2t.bias, pts_bbox_head.transformer.decoder.layers.5.attentions.1.camera_mixer.layers_CGL.0.x_proj_h2t.weight, pts_bbox_head.transformer.decoder.layers.5.attentions.1.camera_mixer.layers_CGL.0.dt_proj_h2t.weight, pts_bbox_head.transformer.decoder.layers.5.attentions.1.camera_mixer.layers_CGL.0.dt_proj_h2t.bias, pts_bbox_head.transformer.decoder.layers.5.attentions.1.camera_mixer.layers_CGL.0.conv1d_t2h.weight, pts_bbox_head.transformer.decoder.layers.5.attentions.1.camera_mixer.layers_CGL.0.conv1d_t2h.bias, pts_bbox_head.transformer.decoder.layers.5.attentions.1.camera_mixer.layers_CGL.0.x_proj_t2h.weight, pts_bbox_head.transformer.decoder.layers.5.attentions.1.camera_mixer.layers_CGL.0.dt_proj_t2h.weight, pts_bbox_head.transformer.decoder.layers.5.attentions.1.camera_mixer.layers_CGL.0.dt_proj_t2h.bias, pts_bbox_head.transformer.decoder.layers.5.attentions.1.camera_mixer.layers_CGL.0.lidar_guidance_proj.weight, pts_bbox_head.transformer.decoder.layers.5.attentions.1.camera_mixer.layers_CGL.0.lidar_guidance_proj.bias, pts_bbox_head.transformer.decoder.layers.5.attentions.1.camera_mixer.layers_CGL.0.out_proj.weight, pts_bbox_head.transformer.decoder.layers.5.attentions.1.camera_mixer.layers_CGL.1.A_log_h2t, pts_bbox_head.transformer.decoder.layers.5.attentions.1.camera_mixer.layers_CGL.1.D_h2t, pts_bbox_head.transformer.decoder.layers.5.attentions.1.camera_mixer.layers_CGL.1.A_log_t2h, pts_bbox_head.transformer.decoder.layers.5.attentions.1.camera_mixer.layers_CGL.1.D_t2h, pts_bbox_head.transformer.decoder.layers.5.attentions.1.camera_mixer.layers_CGL.1.in_proj.weight, pts_bbox_head.transformer.decoder.layers.5.attentions.1.camera_mixer.layers_CGL.1.in_proj_lidar.weight, pts_bbox_head.transformer.decoder.layers.5.attentions.1.camera_mixer.layers_CGL.1.conv1d_h2t.weight, pts_bbox_head.transformer.decoder.layers.5.attentions.1.camera_mixer.layers_CGL.1.conv1d_h2t.bias, pts_bbox_head.transformer.decoder.layers.5.attentions.1.camera_mixer.layers_CGL.1.x_proj_h2t.weight, pts_bbox_head.transformer.decoder.layers.5.attentions.1.camera_mixer.layers_CGL.1.dt_proj_h2t.weight, pts_bbox_head.transformer.decoder.layers.5.attentions.1.camera_mixer.layers_CGL.1.dt_proj_h2t.bias, pts_bbox_head.transformer.decoder.layers.5.attentions.1.camera_mixer.layers_CGL.1.conv1d_t2h.weight, pts_bbox_head.transformer.decoder.layers.5.attentions.1.camera_mixer.layers_CGL.1.conv1d_t2h.bias, pts_bbox_head.transformer.decoder.layers.5.attentions.1.camera_mixer.layers_CGL.1.x_proj_t2h.weight, pts_bbox_head.transformer.decoder.layers.5.attentions.1.camera_mixer.layers_CGL.1.dt_proj_t2h.weight, pts_bbox_head.transformer.decoder.layers.5.attentions.1.camera_mixer.layers_CGL.1.dt_proj_t2h.bias, pts_bbox_head.transformer.decoder.layers.5.attentions.1.camera_mixer.layers_CGL.1.lidar_guidance_proj.weight, pts_bbox_head.transformer.decoder.layers.5.attentions.1.camera_mixer.layers_CGL.1.lidar_guidance_proj.bias, pts_bbox_head.transformer.decoder.layers.5.attentions.1.camera_mixer.layers_CGL.1.out_proj.weight, pts_bbox_head.transformer.decoder.layers.5.attentions.1.camera_mixer.norm_L.0.weight, pts_bbox_head.transformer.decoder.layers.5.attentions.1.camera_mixer.norm_L.0.bias, pts_bbox_head.transformer.decoder.layers.5.attentions.1.camera_mixer.norm_L.1.weight, pts_bbox_head.transformer.decoder.layers.5.attentions.1.camera_mixer.norm_L.1.bias, pts_bbox_head.transformer.decoder.layers.5.attentions.1.camera_mixer.norm_C.0.weight, pts_bbox_head.transformer.decoder.layers.5.attentions.1.camera_mixer.norm_C.0.bias, pts_bbox_head.transformer.decoder.layers.5.attentions.1.camera_mixer.norm_C.1.weight, pts_bbox_head.transformer.decoder.layers.5.attentions.1.camera_mixer.norm_C.1.bias, pts_bbox_head.transformer.decoder.layers.5.attentions.1.camera_mixer.ffn_block_L.0.ffn.0.weight, pts_bbox_head.transformer.decoder.layers.5.attentions.1.camera_mixer.ffn_block_L.0.ffn.0.bias, pts_bbox_head.transformer.decoder.layers.5.attentions.1.camera_mixer.ffn_block_L.0.ffn.3.weight, pts_bbox_head.transformer.decoder.layers.5.attentions.1.camera_mixer.ffn_block_L.0.ffn.3.bias, pts_bbox_head.transformer.decoder.layers.5.attentions.1.camera_mixer.ffn_block_L.1.ffn.0.weight, pts_bbox_head.transformer.decoder.layers.5.attentions.1.camera_mixer.ffn_block_L.1.ffn.0.bias, pts_bbox_head.transformer.decoder.layers.5.attentions.1.camera_mixer.ffn_block_L.1.ffn.3.weight, pts_bbox_head.transformer.decoder.layers.5.attentions.1.camera_mixer.ffn_block_L.1.ffn.3.bias, pts_bbox_head.transformer.decoder.layers.5.attentions.1.camera_mixer.ffn_block_C.0.ffn.0.weight, pts_bbox_head.transformer.decoder.layers.5.attentions.1.camera_mixer.ffn_block_C.0.ffn.0.bias, pts_bbox_head.transformer.decoder.layers.5.attentions.1.camera_mixer.ffn_block_C.0.ffn.3.weight, pts_bbox_head.transformer.decoder.layers.5.attentions.1.camera_mixer.ffn_block_C.0.ffn.3.bias, pts_bbox_head.transformer.decoder.layers.5.attentions.1.camera_mixer.ffn_block_C.1.ffn.0.weight, pts_bbox_head.transformer.decoder.layers.5.attentions.1.camera_mixer.ffn_block_C.1.ffn.0.bias, pts_bbox_head.transformer.decoder.layers.5.attentions.1.camera_mixer.ffn_block_C.1.ffn.3.weight, pts_bbox_head.transformer.decoder.layers.5.attentions.1.camera_mixer.ffn_block_C.1.ffn.3.bias, pts_bbox_head.transformer.decoder.layers.5.attentions.1.camera_mixer.ffn_norm_L.0.weight, pts_bbox_head.transformer.decoder.layers.5.attentions.1.camera_mixer.ffn_norm_L.0.bias, pts_bbox_head.transformer.decoder.layers.5.attentions.1.camera_mixer.ffn_norm_L.1.weight, pts_bbox_head.transformer.decoder.layers.5.attentions.1.camera_mixer.ffn_norm_L.1.bias, pts_bbox_head.transformer.decoder.layers.5.attentions.1.camera_mixer.ffn_norm_C.0.weight, pts_bbox_head.transformer.decoder.layers.5.attentions.1.camera_mixer.ffn_norm_C.0.bias, pts_bbox_head.transformer.decoder.layers.5.attentions.1.camera_mixer.ffn_norm_C.1.weight, pts_bbox_head.transformer.decoder.layers.5.attentions.1.camera_mixer.ffn_norm_C.1.bias

2025-06-22 00:56:39,632 - mmdet - INFO - Start running, host: ubuntu@ubuntu, work_dir: /mnt/sdc/FUTR3D/work_dirs/lidar_0075v_cam_res_2x2_hednetmiddleencoder_hednetbackbone4_dss0511_dp03_hugeep2_num2_morton_conv_xy_rope_bs2/Port4092_fusionv3layer2state32cllc
2025-06-22 00:56:39,709 - mmdet - INFO - Hooks will be executed in the following order:
before_run:
(VERY_HIGH   ) CosineAnnealingLrUpdaterHook       
(NORMAL      ) CheckpointHook                     
(LOW         ) DistEvalHook                       
(VERY_LOW    ) TextLoggerHook                     
(VERY_LOW    ) TensorboardLoggerHook              
 -------------------- 
before_train_epoch:
(VERY_HIGH   ) CosineAnnealingLrUpdaterHook       
(NORMAL      ) DistSamplerSeedHook                
(LOW         ) IterTimerHook                      
(LOW         ) DistEvalHook                       
(VERY_LOW    ) TextLoggerHook                     
(VERY_LOW    ) TensorboardLoggerHook              
 -------------------- 
before_train_iter:
(VERY_HIGH   ) CosineAnnealingLrUpdaterHook       
(LOW         ) IterTimerHook                      
(LOW         ) DistEvalHook                       
 -------------------- 
after_train_iter:
(ABOVE_NORMAL) OptimizerHook                      
(NORMAL      ) CheckpointHook                     
(LOW         ) IterTimerHook                      
(LOW         ) DistEvalHook                       
(VERY_LOW    ) TextLoggerHook                     
(VERY_LOW    ) TensorboardLoggerHook              
 -------------------- 
after_train_epoch:
(NORMAL      ) CheckpointHook                     
(LOW         ) DistEvalHook                       
(VERY_LOW    ) TextLoggerHook                     
(VERY_LOW    ) TensorboardLoggerHook              
 -------------------- 
before_val_epoch:
(NORMAL      ) DistSamplerSeedHook                
(LOW         ) IterTimerHook                      
(VERY_LOW    ) TextLoggerHook                     
(VERY_LOW    ) TensorboardLoggerHook              
 -------------------- 
before_val_iter:
(LOW         ) IterTimerHook                      
 -------------------- 
after_val_iter:
(LOW         ) IterTimerHook                      
 -------------------- 
after_val_epoch:
(VERY_LOW    ) TextLoggerHook                     
(VERY_LOW    ) TensorboardLoggerHook              
 -------------------- 
after_run:
(VERY_LOW    ) TextLoggerHook                     
(VERY_LOW    ) TensorboardLoggerHook              
 -------------------- 
2025-06-22 00:56:39,756 - mmdet - INFO - workflow: [('train', 1)], max: 6 epochs
2025-06-22 00:56:39,757 - mmdet - INFO - Checkpoints will be saved to /mnt/sdc/FUTR3D/work_dirs/lidar_0075v_cam_res_2x2_hednetmiddleencoder_hednetbackbone4_dss0511_dp03_hugeep2_num2_morton_conv_xy_rope_bs2/Port4092_fusionv3layer2state32cllc by HardDiskBackend.
2025-06-22 00:58:12,053 - mmdet - INFO - Epoch [1][50/7033]	lr: 9.967e-06, eta: 21:31:26, time: 1.838, data_time: 0.099, memory: 19530, loss_cls: 1.3572, loss_bbox: 1.7394, d0.loss_cls: 1.2475, d0.loss_bbox: 1.7500, d1.loss_cls: 1.2405, d1.loss_bbox: 1.6919, d2.loss_cls: 1.1903, d2.loss_bbox: 1.7403, d3.loss_cls: 1.2012, d3.loss_bbox: 1.7381, d4.loss_cls: 1.3890, d4.loss_bbox: 1.7934, loss: 18.0787, grad_norm: 353.8861
2025-06-22 00:59:33,607 - mmdet - INFO - Epoch [1][100/7033]	lr: 1.163e-05, eta: 20:17:10, time: 1.631, data_time: 0.027, memory: 19648, loss_cls: 1.0361, loss_bbox: 1.5117, d0.loss_cls: 1.0879, d0.loss_bbox: 1.6020, d1.loss_cls: 1.0822, d1.loss_bbox: 1.5373, d2.loss_cls: 1.0461, d2.loss_bbox: 1.5166, d3.loss_cls: 1.0086, d3.loss_bbox: 1.5071, d4.loss_cls: 1.0435, d4.loss_bbox: 1.5356, loss: 15.5145, grad_norm: 195.9368
2025-06-22 01:00:55,266 - mmdet - INFO - Epoch [1][150/7033]	lr: 1.330e-05, eta: 19:51:58, time: 1.633, data_time: 0.026, memory: 19648, loss_cls: 0.9447, loss_bbox: 1.4160, d0.loss_cls: 1.0085, d0.loss_bbox: 1.5721, d1.loss_cls: 1.0038, d1.loss_bbox: 1.4652, d2.loss_cls: 0.9659, d2.loss_bbox: 1.4336, d3.loss_cls: 0.9246, d3.loss_bbox: 1.4153, d4.loss_cls: 0.9385, d4.loss_bbox: 1.4300, loss: 14.5182, grad_norm: 146.7301
2025-06-22 01:02:15,232 - mmdet - INFO - Epoch [1][200/7033]	lr: 1.497e-05, eta: 19:32:47, time: 1.599, data_time: 0.028, memory: 19648, loss_cls: 0.8652, loss_bbox: 1.3246, d0.loss_cls: 0.9685, d0.loss_bbox: 1.4953, d1.loss_cls: 0.9306, d1.loss_bbox: 1.3854, d2.loss_cls: 0.8953, d2.loss_bbox: 1.3582, d3.loss_cls: 0.8550, d3.loss_bbox: 1.3392, d4.loss_cls: 0.8509, d4.loss_bbox: 1.3358, loss: 13.6039, grad_norm: 125.7167
2025-06-22 01:03:35,338 - mmdet - INFO - Epoch [1][250/7033]	lr: 1.663e-05, eta: 19:21:07, time: 1.602, data_time: 0.027, memory: 19648, loss_cls: 0.8094, loss_bbox: 1.2443, d0.loss_cls: 0.9165, d0.loss_bbox: 1.4107, d1.loss_cls: 0.8717, d1.loss_bbox: 1.3028, d2.loss_cls: 0.8425, d2.loss_bbox: 1.2712, d3.loss_cls: 0.8071, d3.loss_bbox: 1.2560, d4.loss_cls: 0.8015, d4.loss_bbox: 1.2461, loss: 12.7799, grad_norm: 76.8922
2025-06-22 01:04:55,370 - mmdet - INFO - Epoch [1][300/7033]	lr: 1.830e-05, eta: 19:12:44, time: 1.601, data_time: 0.028, memory: 19648, loss_cls: 0.7760, loss_bbox: 1.1581, d0.loss_cls: 0.8829, d0.loss_bbox: 1.3466, d1.loss_cls: 0.8344, d1.loss_bbox: 1.2396, d2.loss_cls: 0.7959, d2.loss_bbox: 1.1967, d3.loss_cls: 0.7676, d3.loss_bbox: 1.1811, d4.loss_cls: 0.7635, d4.loss_bbox: 1.1622, loss: 12.1046, grad_norm: 53.5697
2025-06-22 01:06:15,594 - mmdet - INFO - Epoch [1][350/7033]	lr: 1.997e-05, eta: 19:06:45, time: 1.604, data_time: 0.028, memory: 19648, loss_cls: 0.7171, loss_bbox: 1.1509, d0.loss_cls: 0.8268, d0.loss_bbox: 1.3262, d1.loss_cls: 0.7643, d1.loss_bbox: 1.2226, d2.loss_cls: 0.7409, d2.loss_bbox: 1.1938, d3.loss_cls: 0.7296, d3.loss_bbox: 1.1759, d4.loss_cls: 0.7123, d4.loss_bbox: 1.1663, loss: 11.7266, grad_norm: 31.2920
2025-06-22 01:07:35,711 - mmdet - INFO - Epoch [1][400/7033]	lr: 2.163e-05, eta: 19:01:44, time: 1.602, data_time: 0.028, memory: 19674, loss_cls: 0.6687, loss_bbox: 1.1039, d0.loss_cls: 0.7928, d0.loss_bbox: 1.2752, d1.loss_cls: 0.7225, d1.loss_bbox: 1.1877, d2.loss_cls: 0.7022, d2.loss_bbox: 1.1401, d3.loss_cls: 0.6819, d3.loss_bbox: 1.1303, d4.loss_cls: 0.6684, d4.loss_bbox: 1.1176, loss: 11.1912, grad_norm: 26.6632
2025-06-22 01:08:55,831 - mmdet - INFO - Epoch [1][450/7033]	lr: 2.330e-05, eta: 18:57:32, time: 1.602, data_time: 0.029, memory: 19674, loss_cls: 0.6455, loss_bbox: 1.0519, d0.loss_cls: 0.7555, d0.loss_bbox: 1.2228, d1.loss_cls: 0.6956, d1.loss_bbox: 1.1219, d2.loss_cls: 0.6792, d2.loss_bbox: 1.0936, d3.loss_cls: 0.6575, d3.loss_bbox: 1.0828, d4.loss_cls: 0.6401, d4.loss_bbox: 1.0759, loss: 10.7222, grad_norm: 28.9688
2025-06-22 01:10:15,725 - mmdet - INFO - Epoch [1][500/7033]	lr: 2.497e-05, eta: 18:53:36, time: 1.598, data_time: 0.027, memory: 19674, loss_cls: 0.6212, loss_bbox: 1.0470, d0.loss_cls: 0.7522, d0.loss_bbox: 1.2205, d1.loss_cls: 0.6723, d1.loss_bbox: 1.1299, d2.loss_cls: 0.6617, d2.loss_bbox: 1.0933, d3.loss_cls: 0.6417, d3.loss_bbox: 1.0840, d4.loss_cls: 0.6179, d4.loss_bbox: 1.0728, loss: 10.6146, grad_norm: 29.3732
2025-06-22 01:11:35,481 - mmdet - INFO - Epoch [1][550/7033]	lr: 2.500e-05, eta: 18:49:58, time: 1.595, data_time: 0.026, memory: 19747, loss_cls: 0.5869, loss_bbox: 1.0285, d0.loss_cls: 0.7128, d0.loss_bbox: 1.1962, d1.loss_cls: 0.6424, d1.loss_bbox: 1.1018, d2.loss_cls: 0.6303, d2.loss_bbox: 1.0762, d3.loss_cls: 0.6147, d3.loss_bbox: 1.0614, d4.loss_cls: 0.5835, d4.loss_bbox: 1.0514, loss: 10.2861, grad_norm: 18.4114
2025-06-22 01:12:55,555 - mmdet - INFO - Epoch [1][600/7033]	lr: 2.500e-05, eta: 18:47:05, time: 1.601, data_time: 0.027, memory: 19942, loss_cls: 0.5596, loss_bbox: 1.0146, d0.loss_cls: 0.6932, d0.loss_bbox: 1.1929, d1.loss_cls: 0.6185, d1.loss_bbox: 1.0975, d2.loss_cls: 0.6072, d2.loss_bbox: 1.0685, d3.loss_cls: 0.5869, d3.loss_bbox: 1.0540, d4.loss_cls: 0.5562, d4.loss_bbox: 1.0449, loss: 10.0941, grad_norm: 16.7097
2025-06-22 01:14:15,577 - mmdet - INFO - Epoch [1][650/7033]	lr: 2.500e-05, eta: 18:44:23, time: 1.600, data_time: 0.027, memory: 19942, loss_cls: 0.5394, loss_bbox: 1.0124, d0.loss_cls: 0.6932, d0.loss_bbox: 1.2014, d1.loss_cls: 0.6008, d1.loss_bbox: 1.0937, d2.loss_cls: 0.5888, d2.loss_bbox: 1.0671, d3.loss_cls: 0.5663, d3.loss_bbox: 1.0505, d4.loss_cls: 0.5356, d4.loss_bbox: 1.0377, loss: 9.9869, grad_norm: 15.9474
2025-06-22 01:15:37,028 - mmdet - INFO - Epoch [1][700/7033]	lr: 2.500e-05, eta: 18:43:17, time: 1.629, data_time: 0.027, memory: 19942, loss_cls: 0.5360, loss_bbox: 0.9839, d0.loss_cls: 0.6701, d0.loss_bbox: 1.1662, d1.loss_cls: 0.5891, d1.loss_bbox: 1.0646, d2.loss_cls: 0.5797, d2.loss_bbox: 1.0352, d3.loss_cls: 0.5626, d3.loss_bbox: 1.0246, d4.loss_cls: 0.5351, d4.loss_bbox: 1.0112, loss: 9.7583, grad_norm: 16.1061
2025-06-22 01:16:57,078 - mmdet - INFO - Epoch [1][750/7033]	lr: 2.500e-05, eta: 18:40:52, time: 1.601, data_time: 0.026, memory: 19942, loss_cls: 0.5169, loss_bbox: 1.0125, d0.loss_cls: 0.6840, d0.loss_bbox: 1.1975, d1.loss_cls: 0.5777, d1.loss_bbox: 1.0877, d2.loss_cls: 0.5672, d2.loss_bbox: 1.0602, d3.loss_cls: 0.5505, d3.loss_bbox: 1.0476, d4.loss_cls: 0.5197, d4.loss_bbox: 1.0389, loss: 9.8605, grad_norm: 15.2880
2025-06-22 01:18:17,089 - mmdet - INFO - Epoch [1][800/7033]	lr: 2.500e-05, eta: 18:38:33, time: 1.600, data_time: 0.027, memory: 19942, loss_cls: 0.4922, loss_bbox: 0.9600, d0.loss_cls: 0.6542, d0.loss_bbox: 1.1492, d1.loss_cls: 0.5486, d1.loss_bbox: 1.0394, d2.loss_cls: 0.5352, d2.loss_bbox: 1.0157, d3.loss_cls: 0.5223, d3.loss_bbox: 1.0019, d4.loss_cls: 0.4892, d4.loss_bbox: 0.9938, loss: 9.4017, grad_norm: 14.7772
2025-06-22 01:19:36,917 - mmdet - INFO - Epoch [1][850/7033]	lr: 2.500e-05, eta: 18:36:12, time: 1.597, data_time: 0.028, memory: 19942, loss_cls: 0.4911, loss_bbox: 0.9675, d0.loss_cls: 0.6451, d0.loss_bbox: 1.1601, d1.loss_cls: 0.5389, d1.loss_bbox: 1.0481, d2.loss_cls: 0.5286, d2.loss_bbox: 1.0244, d3.loss_cls: 0.5157, d3.loss_bbox: 1.0076, d4.loss_cls: 0.4853, d4.loss_bbox: 0.9985, loss: 9.4110, grad_norm: 16.2002
2025-06-22 01:20:57,042 - mmdet - INFO - Epoch [1][900/7033]	lr: 2.500e-05, eta: 18:34:12, time: 1.602, data_time: 0.027, memory: 19942, loss_cls: 0.4922, loss_bbox: 0.9787, d0.loss_cls: 0.6422, d0.loss_bbox: 1.1590, d1.loss_cls: 0.5371, d1.loss_bbox: 1.0527, d2.loss_cls: 0.5249, d2.loss_bbox: 1.0267, d3.loss_cls: 0.5175, d3.loss_bbox: 1.0099, d4.loss_cls: 0.4872, d4.loss_bbox: 1.0013, loss: 9.4294, grad_norm: 16.3498
2025-06-22 01:22:16,841 - mmdet - INFO - Epoch [1][950/7033]	lr: 2.500e-05, eta: 18:32:01, time: 1.596, data_time: 0.027, memory: 19942, loss_cls: 0.4625, loss_bbox: 0.9394, d0.loss_cls: 0.6192, d0.loss_bbox: 1.1451, d1.loss_cls: 0.5188, d1.loss_bbox: 1.0294, d2.loss_cls: 0.5003, d2.loss_bbox: 0.9978, d3.loss_cls: 0.4941, d3.loss_bbox: 0.9760, d4.loss_cls: 0.4553, d4.loss_bbox: 0.9704, loss: 9.1084, grad_norm: 16.3003
2025-06-22 01:23:38,454 - mmdet - INFO - Exp name: lidar_0075v_cam_res_2x2_hednetmiddleencoder_hednetbackbone4_dss0511_dp03_hugeep2_num2_morton_conv_xy_rope_bs2.py
2025-06-22 01:23:38,455 - mmdet - INFO - Epoch [1][1000/7033]	lr: 2.500e-05, eta: 18:31:11, time: 1.632, data_time: 0.028, memory: 19942, loss_cls: 0.4434, loss_bbox: 0.9194, d0.loss_cls: 0.6140, d0.loss_bbox: 1.1209, d1.loss_cls: 0.4994, d1.loss_bbox: 1.0026, d2.loss_cls: 0.4881, d2.loss_bbox: 0.9822, d3.loss_cls: 0.4747, d3.loss_bbox: 0.9690, d4.loss_cls: 0.4440, d4.loss_bbox: 0.9516, loss: 8.9092, grad_norm: 17.2961
2025-06-22 01:24:58,485 - mmdet - INFO - Epoch [1][1050/7033]	lr: 2.500e-05, eta: 18:29:15, time: 1.601, data_time: 0.027, memory: 19942, loss_cls: 0.4499, loss_bbox: 0.9378, d0.loss_cls: 0.6232, d0.loss_bbox: 1.1566, d1.loss_cls: 0.4942, d1.loss_bbox: 1.0361, d2.loss_cls: 0.4799, d2.loss_bbox: 1.0063, d3.loss_cls: 0.4700, d3.loss_bbox: 0.9813, d4.loss_cls: 0.4449, d4.loss_bbox: 0.9685, loss: 9.0486, grad_norm: 15.7937
2025-06-22 01:26:18,507 - mmdet - INFO - Epoch [1][1100/7033]	lr: 2.500e-05, eta: 18:27:22, time: 1.600, data_time: 0.028, memory: 19942, loss_cls: 0.4463, loss_bbox: 0.8945, d0.loss_cls: 0.6193, d0.loss_bbox: 1.1158, d1.loss_cls: 0.4879, d1.loss_bbox: 0.9979, d2.loss_cls: 0.4769, d2.loss_bbox: 0.9662, d3.loss_cls: 0.4656, d3.loss_bbox: 0.9429, d4.loss_cls: 0.4419, d4.loss_bbox: 0.9245, loss: 8.7797, grad_norm: 18.7969
2025-06-22 01:27:38,829 - mmdet - INFO - Epoch [1][1150/7033]	lr: 2.500e-05, eta: 18:25:43, time: 1.606, data_time: 0.027, memory: 19942, loss_cls: 0.4491, loss_bbox: 0.8921, d0.loss_cls: 0.6125, d0.loss_bbox: 1.1162, d1.loss_cls: 0.4903, d1.loss_bbox: 0.9892, d2.loss_cls: 0.4746, d2.loss_bbox: 0.9606, d3.loss_cls: 0.4695, d3.loss_bbox: 0.9303, d4.loss_cls: 0.4420, d4.loss_bbox: 0.9167, loss: 8.7431, grad_norm: 17.7995
2025-06-22 01:28:58,943 - mmdet - INFO - Epoch [1][1200/7033]	lr: 2.500e-05, eta: 18:23:59, time: 1.602, data_time: 0.028, memory: 19942, loss_cls: 0.4230, loss_bbox: 0.9206, d0.loss_cls: 0.5880, d0.loss_bbox: 1.1388, d1.loss_cls: 0.4575, d1.loss_bbox: 1.0233, d2.loss_cls: 0.4474, d2.loss_bbox: 0.9882, d3.loss_cls: 0.4365, d3.loss_bbox: 0.9604, d4.loss_cls: 0.4166, d4.loss_bbox: 0.9429, loss: 8.7432, grad_norm: 15.7685
2025-06-22 01:30:19,093 - mmdet - INFO - Epoch [1][1250/7033]	lr: 2.500e-05, eta: 18:22:17, time: 1.603, data_time: 0.029, memory: 19942, loss_cls: 0.4295, loss_bbox: 0.9057, d0.loss_cls: 0.5903, d0.loss_bbox: 1.1395, d1.loss_cls: 0.4682, d1.loss_bbox: 1.0110, d2.loss_cls: 0.4556, d2.loss_bbox: 0.9755, d3.loss_cls: 0.4426, d3.loss_bbox: 0.9546, d4.loss_cls: 0.4206, d4.loss_bbox: 0.9358, loss: 8.7290, grad_norm: 16.5740
2025-06-22 01:31:39,262 - mmdet - INFO - Epoch [1][1300/7033]	lr: 2.500e-05, eta: 18:20:38, time: 1.603, data_time: 0.027, memory: 19942, loss_cls: 0.4087, loss_bbox: 0.8564, d0.loss_cls: 0.5796, d0.loss_bbox: 1.0906, d1.loss_cls: 0.4554, d1.loss_bbox: 0.9697, d2.loss_cls: 0.4394, d2.loss_bbox: 0.9400, d3.loss_cls: 0.4331, d3.loss_bbox: 0.9106, d4.loss_cls: 0.4037, d4.loss_bbox: 0.8964, loss: 8.3836, grad_norm: 15.6713
2025-06-22 01:32:58,880 - mmdet - INFO - Epoch [1][1350/7033]	lr: 2.500e-05, eta: 18:18:43, time: 1.592, data_time: 0.025, memory: 19942, loss_cls: 0.4045, loss_bbox: 0.8631, d0.loss_cls: 0.5645, d0.loss_bbox: 1.1029, d1.loss_cls: 0.4430, d1.loss_bbox: 0.9717, d2.loss_cls: 0.4293, d2.loss_bbox: 0.9399, d3.loss_cls: 0.4183, d3.loss_bbox: 0.9118, d4.loss_cls: 0.3968, d4.loss_bbox: 0.8960, loss: 8.3417, grad_norm: 15.5909
2025-06-22 01:34:19,127 - mmdet - INFO - Epoch [1][1400/7033]	lr: 2.500e-05, eta: 18:17:09, time: 1.605, data_time: 0.029, memory: 19942, loss_cls: 0.4107, loss_bbox: 0.8538, d0.loss_cls: 0.5696, d0.loss_bbox: 1.0878, d1.loss_cls: 0.4443, d1.loss_bbox: 0.9540, d2.loss_cls: 0.4260, d2.loss_bbox: 0.9254, d3.loss_cls: 0.4209, d3.loss_bbox: 0.8942, d4.loss_cls: 0.4031, d4.loss_bbox: 0.8739, loss: 8.2638, grad_norm: 19.0029
2025-06-22 01:35:39,437 - mmdet - INFO - Epoch [1][1450/7033]	lr: 2.500e-05, eta: 18:15:38, time: 1.606, data_time: 0.028, memory: 19942, loss_cls: 0.4007, loss_bbox: 0.8545, d0.loss_cls: 0.5636, d0.loss_bbox: 1.0887, d1.loss_cls: 0.4441, d1.loss_bbox: 0.9659, d2.loss_cls: 0.4285, d2.loss_bbox: 0.9323, d3.loss_cls: 0.4202, d3.loss_bbox: 0.9045, d4.loss_cls: 0.4002, d4.loss_bbox: 0.8834, loss: 8.2866, grad_norm: 17.3101
2025-06-22 01:36:59,268 - mmdet - INFO - Epoch [1][1500/7033]	lr: 2.500e-05, eta: 18:13:55, time: 1.597, data_time: 0.027, memory: 19942, loss_cls: 0.3947, loss_bbox: 0.8461, d0.loss_cls: 0.5616, d0.loss_bbox: 1.0912, d1.loss_cls: 0.4321, d1.loss_bbox: 0.9654, d2.loss_cls: 0.4124, d2.loss_bbox: 0.9287, d3.loss_cls: 0.4059, d3.loss_bbox: 0.8927, d4.loss_cls: 0.3870, d4.loss_bbox: 0.8759, loss: 8.1936, grad_norm: 15.8604
2025-06-22 01:38:20,643 - mmdet - INFO - Epoch [1][1550/7033]	lr: 2.500e-05, eta: 18:12:54, time: 1.627, data_time: 0.026, memory: 19942, loss_cls: 0.4002, loss_bbox: 0.8228, d0.loss_cls: 0.5576, d0.loss_bbox: 1.0902, d1.loss_cls: 0.4299, d1.loss_bbox: 0.9623, d2.loss_cls: 0.4132, d2.loss_bbox: 0.9249, d3.loss_cls: 0.4048, d3.loss_bbox: 0.8926, d4.loss_cls: 0.3945, d4.loss_bbox: 0.8678, loss: 8.1609, grad_norm: 15.7079
2025-06-22 01:39:40,739 - mmdet - INFO - Epoch [1][1600/7033]	lr: 2.500e-05, eta: 18:11:19, time: 1.602, data_time: 0.028, memory: 19942, loss_cls: 0.4051, loss_bbox: 0.8275, d0.loss_cls: 0.5486, d0.loss_bbox: 1.0999, d1.loss_cls: 0.4335, d1.loss_bbox: 0.9558, d2.loss_cls: 0.4198, d2.loss_bbox: 0.9199, d3.loss_cls: 0.4138, d3.loss_bbox: 0.8862, d4.loss_cls: 0.3980, d4.loss_bbox: 0.8657, loss: 8.1737, grad_norm: 15.0145
2025-06-22 01:41:00,350 - mmdet - INFO - Epoch [1][1650/7033]	lr: 2.500e-05, eta: 18:09:33, time: 1.592, data_time: 0.026, memory: 19942, loss_cls: 0.3831, loss_bbox: 0.7983, d0.loss_cls: 0.5317, d0.loss_bbox: 1.0709, d1.loss_cls: 0.4131, d1.loss_bbox: 0.9372, d2.loss_cls: 0.3953, d2.loss_bbox: 0.8979, d3.loss_cls: 0.3871, d3.loss_bbox: 0.8586, d4.loss_cls: 0.3774, d4.loss_bbox: 0.8366, loss: 7.8872, grad_norm: 18.4518
2025-06-22 01:42:20,251 - mmdet - INFO - Epoch [1][1700/7033]	lr: 2.500e-05, eta: 18:07:55, time: 1.598, data_time: 0.028, memory: 19942, loss_cls: 0.3940, loss_bbox: 0.8232, d0.loss_cls: 0.5449, d0.loss_bbox: 1.1093, d1.loss_cls: 0.4283, d1.loss_bbox: 0.9635, d2.loss_cls: 0.4087, d2.loss_bbox: 0.9222, d3.loss_cls: 0.4005, d3.loss_bbox: 0.8892, d4.loss_cls: 0.3867, d4.loss_bbox: 0.8682, loss: 8.1387, grad_norm: 14.4766
2025-06-22 01:43:40,340 - mmdet - INFO - Epoch [1][1750/7033]	lr: 2.500e-05, eta: 18:06:23, time: 1.602, data_time: 0.028, memory: 19963, loss_cls: 0.3843, loss_bbox: 0.8059, d0.loss_cls: 0.5434, d0.loss_bbox: 1.0751, d1.loss_cls: 0.4154, d1.loss_bbox: 0.9354, d2.loss_cls: 0.3958, d2.loss_bbox: 0.9072, d3.loss_cls: 0.3871, d3.loss_bbox: 0.8719, d4.loss_cls: 0.3808, d4.loss_bbox: 0.8420, loss: 7.9442, grad_norm: 16.5984
2025-06-22 01:45:01,683 - mmdet - INFO - Epoch [1][1800/7033]	lr: 2.500e-05, eta: 18:05:20, time: 1.627, data_time: 0.027, memory: 19963, loss_cls: 0.3833, loss_bbox: 0.8066, d0.loss_cls: 0.5348, d0.loss_bbox: 1.0766, d1.loss_cls: 0.4195, d1.loss_bbox: 0.9410, d2.loss_cls: 0.4023, d2.loss_bbox: 0.9021, d3.loss_cls: 0.3895, d3.loss_bbox: 0.8657, d4.loss_cls: 0.3757, d4.loss_bbox: 0.8431, loss: 7.9401, grad_norm: 15.3256
2025-06-22 01:46:21,415 - mmdet - INFO - Epoch [1][1850/7033]	lr: 2.500e-05, eta: 18:03:40, time: 1.595, data_time: 0.027, memory: 19963, loss_cls: 0.3830, loss_bbox: 0.7693, d0.loss_cls: 0.5375, d0.loss_bbox: 1.0595, d1.loss_cls: 0.4220, d1.loss_bbox: 0.9044, d2.loss_cls: 0.4089, d2.loss_bbox: 0.8677, d3.loss_cls: 0.3850, d3.loss_bbox: 0.8420, d4.loss_cls: 0.3784, d4.loss_bbox: 0.8072, loss: 7.7648, grad_norm: 14.2571
2025-06-22 01:47:41,269 - mmdet - INFO - Epoch [1][1900/7033]	lr: 2.500e-05, eta: 18:02:04, time: 1.597, data_time: 0.027, memory: 19963, loss_cls: 0.3756, loss_bbox: 0.7874, d0.loss_cls: 0.5287, d0.loss_bbox: 1.0553, d1.loss_cls: 0.4179, d1.loss_bbox: 0.9169, d2.loss_cls: 0.4013, d2.loss_bbox: 0.8800, d3.loss_cls: 0.3851, d3.loss_bbox: 0.8519, d4.loss_cls: 0.3743, d4.loss_bbox: 0.8232, loss: 7.7974, grad_norm: 17.1658
2025-06-22 01:49:01,393 - mmdet - INFO - Epoch [1][1950/7033]	lr: 2.500e-05, eta: 18:00:35, time: 1.602, data_time: 0.027, memory: 19963, loss_cls: 0.3722, loss_bbox: 0.7866, d0.loss_cls: 0.5234, d0.loss_bbox: 1.0833, d1.loss_cls: 0.4066, d1.loss_bbox: 0.9302, d2.loss_cls: 0.3883, d2.loss_bbox: 0.8869, d3.loss_cls: 0.3740, d3.loss_bbox: 0.8538, d4.loss_cls: 0.3654, d4.loss_bbox: 0.8231, loss: 7.7936, grad_norm: 15.6185
2025-06-22 01:50:21,331 - mmdet - INFO - Exp name: lidar_0075v_cam_res_2x2_hednetmiddleencoder_hednetbackbone4_dss0511_dp03_hugeep2_num2_morton_conv_xy_rope_bs2.py
2025-06-22 01:50:21,331 - mmdet - INFO - Epoch [1][2000/7033]	lr: 2.500e-05, eta: 17:59:02, time: 1.599, data_time: 0.026, memory: 19963, loss_cls: 0.3914, loss_bbox: 0.8157, d0.loss_cls: 0.5486, d0.loss_bbox: 1.0866, d1.loss_cls: 0.4287, d1.loss_bbox: 0.9494, d2.loss_cls: 0.4067, d2.loss_bbox: 0.9115, d3.loss_cls: 0.3934, d3.loss_bbox: 0.8804, d4.loss_cls: 0.3896, d4.loss_bbox: 0.8521, loss: 8.0539, grad_norm: 16.1171
2025-06-22 01:51:41,102 - mmdet - INFO - Epoch [1][2050/7033]	lr: 2.500e-05, eta: 17:57:27, time: 1.595, data_time: 0.027, memory: 19963, loss_cls: 0.3810, loss_bbox: 0.7846, d0.loss_cls: 0.5280, d0.loss_bbox: 1.0560, d1.loss_cls: 0.4181, d1.loss_bbox: 0.9224, d2.loss_cls: 0.3968, d2.loss_bbox: 0.8858, d3.loss_cls: 0.3837, d3.loss_bbox: 0.8545, d4.loss_cls: 0.3799, d4.loss_bbox: 0.8184, loss: 7.8091, grad_norm: 17.0114
2025-06-22 01:53:00,916 - mmdet - INFO - Epoch [1][2100/7033]	lr: 2.500e-05, eta: 17:55:53, time: 1.596, data_time: 0.026, memory: 19963, loss_cls: 0.3704, loss_bbox: 0.7832, d0.loss_cls: 0.5180, d0.loss_bbox: 1.0860, d1.loss_cls: 0.4045, d1.loss_bbox: 0.9260, d2.loss_cls: 0.3844, d2.loss_bbox: 0.8807, d3.loss_cls: 0.3717, d3.loss_bbox: 0.8436, d4.loss_cls: 0.3612, d4.loss_bbox: 0.8189, loss: 7.7486, grad_norm: 17.9069
2025-06-22 01:54:20,617 - mmdet - INFO - Epoch [1][2150/7033]	lr: 2.500e-05, eta: 17:54:18, time: 1.594, data_time: 0.025, memory: 19963, loss_cls: 0.3848, loss_bbox: 0.7863, d0.loss_cls: 0.5344, d0.loss_bbox: 1.0817, d1.loss_cls: 0.4206, d1.loss_bbox: 0.9314, d2.loss_cls: 0.3992, d2.loss_bbox: 0.8915, d3.loss_cls: 0.3895, d3.loss_bbox: 0.8561, d4.loss_cls: 0.3800, d4.loss_bbox: 0.8249, loss: 7.8804, grad_norm: 19.2754
2025-06-22 01:55:40,569 - mmdet - INFO - Epoch [1][2200/7033]	lr: 2.500e-05, eta: 17:52:48, time: 1.599, data_time: 0.028, memory: 19963, loss_cls: 0.3583, loss_bbox: 0.7635, d0.loss_cls: 0.5094, d0.loss_bbox: 1.0603, d1.loss_cls: 0.3996, d1.loss_bbox: 0.9076, d2.loss_cls: 0.3740, d2.loss_bbox: 0.8708, d3.loss_cls: 0.3612, d3.loss_bbox: 0.8322, d4.loss_cls: 0.3531, d4.loss_bbox: 0.7981, loss: 7.5882, grad_norm: 15.5000
2025-06-22 01:57:00,564 - mmdet - INFO - Epoch [1][2250/7033]	lr: 2.500e-05, eta: 17:51:19, time: 1.600, data_time: 0.028, memory: 19963, loss_cls: 0.3636, loss_bbox: 0.7631, d0.loss_cls: 0.5175, d0.loss_bbox: 1.0540, d1.loss_cls: 0.3967, d1.loss_bbox: 0.9130, d2.loss_cls: 0.3791, d2.loss_bbox: 0.8715, d3.loss_cls: 0.3688, d3.loss_bbox: 0.8335, d4.loss_cls: 0.3637, d4.loss_bbox: 0.7936, loss: 7.6180, grad_norm: 17.4566
2025-06-22 01:58:20,462 - mmdet - INFO - Epoch [1][2300/7033]	lr: 2.500e-05, eta: 17:49:49, time: 1.598, data_time: 0.027, memory: 19963, loss_cls: 0.3643, loss_bbox: 0.7552, d0.loss_cls: 0.5195, d0.loss_bbox: 1.0610, d1.loss_cls: 0.3939, d1.loss_bbox: 0.9083, d2.loss_cls: 0.3707, d2.loss_bbox: 0.8697, d3.loss_cls: 0.3624, d3.loss_bbox: 0.8267, d4.loss_cls: 0.3569, d4.loss_bbox: 0.7869, loss: 7.5755, grad_norm: 17.2191
2025-06-22 01:59:42,265 - mmdet - INFO - Epoch [1][2350/7033]	lr: 2.500e-05, eta: 17:48:51, time: 1.636, data_time: 0.028, memory: 19963, loss_cls: 0.3668, loss_bbox: 0.7609, d0.loss_cls: 0.5168, d0.loss_bbox: 1.0699, d1.loss_cls: 0.3964, d1.loss_bbox: 0.9162, d2.loss_cls: 0.3807, d2.loss_bbox: 0.8750, d3.loss_cls: 0.3722, d3.loss_bbox: 0.8321, d4.loss_cls: 0.3629, d4.loss_bbox: 0.7946, loss: 7.6446, grad_norm: 16.7249
2025-06-22 02:01:02,122 - mmdet - INFO - Epoch [1][2400/7033]	lr: 2.500e-05, eta: 17:47:21, time: 1.597, data_time: 0.025, memory: 19963, loss_cls: 0.3440, loss_bbox: 0.7441, d0.loss_cls: 0.4938, d0.loss_bbox: 1.0422, d1.loss_cls: 0.3837, d1.loss_bbox: 0.8986, d2.loss_cls: 0.3649, d2.loss_bbox: 0.8537, d3.loss_cls: 0.3496, d3.loss_bbox: 0.8155, d4.loss_cls: 0.3362, d4.loss_bbox: 0.7790, loss: 7.4053, grad_norm: 16.8117
2025-06-22 02:02:23,657 - mmdet - INFO - Epoch [1][2450/7033]	lr: 2.500e-05, eta: 17:46:18, time: 1.631, data_time: 0.025, memory: 19963, loss_cls: 0.3633, loss_bbox: 0.7419, d0.loss_cls: 0.5039, d0.loss_bbox: 1.0492, d1.loss_cls: 0.3935, d1.loss_bbox: 0.8974, d2.loss_cls: 0.3795, d2.loss_bbox: 0.8602, d3.loss_cls: 0.3589, d3.loss_bbox: 0.8186, d4.loss_cls: 0.3571, d4.loss_bbox: 0.7832, loss: 7.5066, grad_norm: 18.4954
2025-06-22 02:03:43,454 - mmdet - INFO - Epoch [1][2500/7033]	lr: 2.500e-05, eta: 17:44:46, time: 1.596, data_time: 0.028, memory: 19963, loss_cls: 0.3564, loss_bbox: 0.7534, d0.loss_cls: 0.4885, d0.loss_bbox: 1.0590, d1.loss_cls: 0.3848, d1.loss_bbox: 0.9089, d2.loss_cls: 0.3672, d2.loss_bbox: 0.8686, d3.loss_cls: 0.3477, d3.loss_bbox: 0.8334, d4.loss_cls: 0.3485, d4.loss_bbox: 0.7937, loss: 7.5102, grad_norm: 16.7857
2025-06-22 02:05:03,063 - mmdet - INFO - Epoch [1][2550/7033]	lr: 2.500e-05, eta: 17:43:13, time: 1.592, data_time: 0.028, memory: 19963, loss_cls: 0.3517, loss_bbox: 0.7180, d0.loss_cls: 0.5087, d0.loss_bbox: 1.0336, d1.loss_cls: 0.3858, d1.loss_bbox: 0.8821, d2.loss_cls: 0.3704, d2.loss_bbox: 0.8456, d3.loss_cls: 0.3512, d3.loss_bbox: 0.8027, d4.loss_cls: 0.3485, d4.loss_bbox: 0.7602, loss: 7.3586, grad_norm: 17.1705
2025-06-22 02:06:22,900 - mmdet - INFO - Epoch [1][2600/7033]	lr: 2.500e-05, eta: 17:41:43, time: 1.597, data_time: 0.026, memory: 19963, loss_cls: 0.3414, loss_bbox: 0.7249, d0.loss_cls: 0.4873, d0.loss_bbox: 1.0453, d1.loss_cls: 0.3765, d1.loss_bbox: 0.8905, d2.loss_cls: 0.3579, d2.loss_bbox: 0.8476, d3.loss_cls: 0.3433, d3.loss_bbox: 0.7974, d4.loss_cls: 0.3393, d4.loss_bbox: 0.7637, loss: 7.3150, grad_norm: 16.3391
2025-06-22 02:07:42,835 - mmdet - INFO - Epoch [1][2650/7033]	lr: 2.500e-05, eta: 17:40:15, time: 1.599, data_time: 0.028, memory: 19963, loss_cls: 0.3539, loss_bbox: 0.7378, d0.loss_cls: 0.4861, d0.loss_bbox: 1.0440, d1.loss_cls: 0.3765, d1.loss_bbox: 0.8926, d2.loss_cls: 0.3608, d2.loss_bbox: 0.8523, d3.loss_cls: 0.3438, d3.loss_bbox: 0.8106, d4.loss_cls: 0.3472, d4.loss_bbox: 0.7686, loss: 7.3743, grad_norm: 15.0775
2025-06-22 02:09:02,678 - mmdet - INFO - Epoch [1][2700/7033]	lr: 2.500e-05, eta: 17:38:46, time: 1.597, data_time: 0.028, memory: 19963, loss_cls: 0.3581, loss_bbox: 0.7110, d0.loss_cls: 0.5024, d0.loss_bbox: 1.0235, d1.loss_cls: 0.3891, d1.loss_bbox: 0.8674, d2.loss_cls: 0.3684, d2.loss_bbox: 0.8224, d3.loss_cls: 0.3519, d3.loss_bbox: 0.7820, d4.loss_cls: 0.3474, d4.loss_bbox: 0.7449, loss: 7.2683, grad_norm: 17.5799
2025-06-22 02:10:22,356 - mmdet - INFO - Epoch [1][2750/7033]	lr: 2.500e-05, eta: 17:37:15, time: 1.594, data_time: 0.027, memory: 19963, loss_cls: 0.3565, loss_bbox: 0.7106, d0.loss_cls: 0.5056, d0.loss_bbox: 1.0330, d1.loss_cls: 0.3843, d1.loss_bbox: 0.8762, d2.loss_cls: 0.3666, d2.loss_bbox: 0.8331, d3.loss_cls: 0.3521, d3.loss_bbox: 0.7868, d4.loss_cls: 0.3479, d4.loss_bbox: 0.7422, loss: 7.2950, grad_norm: 18.1654
2025-06-22 02:11:42,419 - mmdet - INFO - Epoch [1][2800/7033]	lr: 2.500e-05, eta: 17:35:50, time: 1.601, data_time: 0.028, memory: 19963, loss_cls: 0.3492, loss_bbox: 0.7068, d0.loss_cls: 0.4879, d0.loss_bbox: 1.0369, d1.loss_cls: 0.3716, d1.loss_bbox: 0.8711, d2.loss_cls: 0.3569, d2.loss_bbox: 0.8336, d3.loss_cls: 0.3409, d3.loss_bbox: 0.7815, d4.loss_cls: 0.3420, d4.loss_bbox: 0.7400, loss: 7.2184, grad_norm: 18.7212
2025-06-22 02:13:02,476 - mmdet - INFO - Epoch [1][2850/7033]	lr: 2.500e-05, eta: 17:34:24, time: 1.601, data_time: 0.026, memory: 19963, loss_cls: 0.3451, loss_bbox: 0.7099, d0.loss_cls: 0.4870, d0.loss_bbox: 1.0207, d1.loss_cls: 0.3733, d1.loss_bbox: 0.8738, d2.loss_cls: 0.3575, d2.loss_bbox: 0.8349, d3.loss_cls: 0.3437, d3.loss_bbox: 0.7846, d4.loss_cls: 0.3419, d4.loss_bbox: 0.7436, loss: 7.2160, grad_norm: 16.6612
2025-06-22 02:14:22,332 - mmdet - INFO - Epoch [1][2900/7033]	lr: 2.500e-05, eta: 17:32:57, time: 1.597, data_time: 0.027, memory: 19963, loss_cls: 0.3292, loss_bbox: 0.6982, d0.loss_cls: 0.4815, d0.loss_bbox: 1.0228, d1.loss_cls: 0.3700, d1.loss_bbox: 0.8614, d2.loss_cls: 0.3471, d2.loss_bbox: 0.8196, d3.loss_cls: 0.3350, d3.loss_bbox: 0.7641, d4.loss_cls: 0.3291, d4.loss_bbox: 0.7279, loss: 7.0860, grad_norm: 17.7226
2025-06-22 02:15:42,152 - mmdet - INFO - Epoch [1][2950/7033]	lr: 2.500e-05, eta: 17:31:29, time: 1.596, data_time: 0.028, memory: 19963, loss_cls: 0.3623, loss_bbox: 0.7068, d0.loss_cls: 0.5063, d0.loss_bbox: 1.0350, d1.loss_cls: 0.3918, d1.loss_bbox: 0.8763, d2.loss_cls: 0.3746, d2.loss_bbox: 0.8363, d3.loss_cls: 0.3616, d3.loss_bbox: 0.7787, d4.loss_cls: 0.3583, d4.loss_bbox: 0.7406, loss: 7.3287, grad_norm: 18.4707
2025-06-22 02:17:02,025 - mmdet - INFO - Exp name: lidar_0075v_cam_res_2x2_hednetmiddleencoder_hednetbackbone4_dss0511_dp03_hugeep2_num2_morton_conv_xy_rope_bs2.py
2025-06-22 02:17:02,026 - mmdet - INFO - Epoch [1][3000/7033]	lr: 2.500e-05, eta: 17:30:02, time: 1.597, data_time: 0.028, memory: 19963, loss_cls: 0.3615, loss_bbox: 0.7062, d0.loss_cls: 0.4976, d0.loss_bbox: 1.0594, d1.loss_cls: 0.3865, d1.loss_bbox: 0.8861, d2.loss_cls: 0.3656, d2.loss_bbox: 0.8417, d3.loss_cls: 0.3512, d3.loss_bbox: 0.7857, d4.loss_cls: 0.3562, d4.loss_bbox: 0.7430, loss: 7.3407, grad_norm: 17.0570
2025-06-22 02:18:21,752 - mmdet - INFO - Epoch [1][3050/7033]	lr: 2.500e-05, eta: 17:28:34, time: 1.595, data_time: 0.025, memory: 19963, loss_cls: 0.3503, loss_bbox: 0.6714, d0.loss_cls: 0.4774, d0.loss_bbox: 1.0183, d1.loss_cls: 0.3719, d1.loss_bbox: 0.8452, d2.loss_cls: 0.3534, d2.loss_bbox: 0.8043, d3.loss_cls: 0.3398, d3.loss_bbox: 0.7435, d4.loss_cls: 0.3423, d4.loss_bbox: 0.7092, loss: 7.0270, grad_norm: 19.3120
2025-06-22 02:19:43,405 - mmdet - INFO - Epoch [1][3100/7033]	lr: 2.500e-05, eta: 17:27:30, time: 1.633, data_time: 0.026, memory: 19963, loss_cls: 0.3447, loss_bbox: 0.6836, d0.loss_cls: 0.4768, d0.loss_bbox: 1.0173, d1.loss_cls: 0.3741, d1.loss_bbox: 0.8527, d2.loss_cls: 0.3572, d2.loss_bbox: 0.8065, d3.loss_cls: 0.3416, d3.loss_bbox: 0.7541, d4.loss_cls: 0.3385, d4.loss_bbox: 0.7171, loss: 7.0642, grad_norm: 17.7749
2025-06-22 02:21:03,461 - mmdet - INFO - Epoch [1][3150/7033]	lr: 2.500e-05, eta: 17:26:05, time: 1.601, data_time: 0.027, memory: 19963, loss_cls: 0.3516, loss_bbox: 0.7190, d0.loss_cls: 0.4813, d0.loss_bbox: 1.0492, d1.loss_cls: 0.3856, d1.loss_bbox: 0.8831, d2.loss_cls: 0.3612, d2.loss_bbox: 0.8452, d3.loss_cls: 0.3434, d3.loss_bbox: 0.7860, d4.loss_cls: 0.3456, d4.loss_bbox: 0.7525, loss: 7.3036, grad_norm: 17.5040
2025-06-22 02:22:24,996 - mmdet - INFO - Epoch [1][3200/7033]	lr: 2.500e-05, eta: 17:24:59, time: 1.631, data_time: 0.026, memory: 19963, loss_cls: 0.3413, loss_bbox: 0.6851, d0.loss_cls: 0.4732, d0.loss_bbox: 1.0238, d1.loss_cls: 0.3709, d1.loss_bbox: 0.8644, d2.loss_cls: 0.3548, d2.loss_bbox: 0.8240, d3.loss_cls: 0.3345, d3.loss_bbox: 0.7607, d4.loss_cls: 0.3366, d4.loss_bbox: 0.7169, loss: 7.0863, grad_norm: 17.8026
2025-06-22 02:23:44,611 - mmdet - INFO - Epoch [1][3250/7033]	lr: 2.500e-05, eta: 17:23:29, time: 1.592, data_time: 0.026, memory: 19963, loss_cls: 0.3343, loss_bbox: 0.6743, d0.loss_cls: 0.4782, d0.loss_bbox: 1.0204, d1.loss_cls: 0.3709, d1.loss_bbox: 0.8541, d2.loss_cls: 0.3477, d2.loss_bbox: 0.8101, d3.loss_cls: 0.3326, d3.loss_bbox: 0.7518, d4.loss_cls: 0.3320, d4.loss_bbox: 0.7089, loss: 7.0153, grad_norm: 17.8806
2025-06-22 02:25:04,590 - mmdet - INFO - Epoch [1][3300/7033]	lr: 2.500e-05, eta: 17:22:04, time: 1.600, data_time: 0.029, memory: 19963, loss_cls: 0.3317, loss_bbox: 0.6742, d0.loss_cls: 0.4630, d0.loss_bbox: 1.0215, d1.loss_cls: 0.3671, d1.loss_bbox: 0.8574, d2.loss_cls: 0.3393, d2.loss_bbox: 0.8146, d3.loss_cls: 0.3283, d3.loss_bbox: 0.7446, d4.loss_cls: 0.3292, d4.loss_bbox: 0.7069, loss: 6.9778, grad_norm: 18.2584
2025-06-22 02:26:24,260 - mmdet - INFO - Epoch [1][3350/7033]	lr: 2.500e-05, eta: 17:20:36, time: 1.593, data_time: 0.026, memory: 19963, loss_cls: 0.3564, loss_bbox: 0.6752, d0.loss_cls: 0.4812, d0.loss_bbox: 1.0238, d1.loss_cls: 0.3805, d1.loss_bbox: 0.8634, d2.loss_cls: 0.3644, d2.loss_bbox: 0.8139, d3.loss_cls: 0.3560, d3.loss_bbox: 0.7458, d4.loss_cls: 0.3544, d4.loss_bbox: 0.7082, loss: 7.1231, grad_norm: 18.1388
2025-06-22 02:27:44,246 - mmdet - INFO - Epoch [1][3400/7033]	lr: 2.500e-05, eta: 17:19:11, time: 1.600, data_time: 0.028, memory: 19963, loss_cls: 0.3345, loss_bbox: 0.6728, d0.loss_cls: 0.4821, d0.loss_bbox: 1.0015, d1.loss_cls: 0.3778, d1.loss_bbox: 0.8403, d2.loss_cls: 0.3584, d2.loss_bbox: 0.7875, d3.loss_cls: 0.3430, d3.loss_bbox: 0.7349, d4.loss_cls: 0.3393, d4.loss_bbox: 0.7009, loss: 6.9730, grad_norm: 17.8511
2025-06-22 02:29:04,283 - mmdet - INFO - Epoch [1][3450/7033]	lr: 2.500e-05, eta: 17:17:47, time: 1.601, data_time: 0.028, memory: 19963, loss_cls: 0.3257, loss_bbox: 0.6605, d0.loss_cls: 0.4614, d0.loss_bbox: 1.0074, d1.loss_cls: 0.3625, d1.loss_bbox: 0.8358, d2.loss_cls: 0.3402, d2.loss_bbox: 0.7897, d3.loss_cls: 0.3266, d3.loss_bbox: 0.7255, d4.loss_cls: 0.3241, d4.loss_bbox: 0.6920, loss: 6.8514, grad_norm: 18.2550
2025-06-22 02:30:25,167 - mmdet - INFO - Epoch [1][3500/7033]	lr: 2.500e-05, eta: 17:16:33, time: 1.618, data_time: 0.047, memory: 19963, loss_cls: 0.3387, loss_bbox: 0.6447, d0.loss_cls: 0.4713, d0.loss_bbox: 0.9794, d1.loss_cls: 0.3665, d1.loss_bbox: 0.8124, d2.loss_cls: 0.3510, d2.loss_bbox: 0.7650, d3.loss_cls: 0.3365, d3.loss_bbox: 0.7055, d4.loss_cls: 0.3401, d4.loss_bbox: 0.6698, loss: 6.7809, grad_norm: 20.4433
2025-06-22 02:31:45,060 - mmdet - INFO - Epoch [1][3550/7033]	lr: 2.500e-05, eta: 17:15:07, time: 1.598, data_time: 0.027, memory: 19963, loss_cls: 0.3251, loss_bbox: 0.6446, d0.loss_cls: 0.4639, d0.loss_bbox: 0.9984, d1.loss_cls: 0.3560, d1.loss_bbox: 0.8299, d2.loss_cls: 0.3425, d2.loss_bbox: 0.7790, d3.loss_cls: 0.3256, d3.loss_bbox: 0.7214, d4.loss_cls: 0.3241, d4.loss_bbox: 0.6802, loss: 6.7905, grad_norm: 19.0766
2025-06-22 02:33:04,922 - mmdet - INFO - Epoch [1][3600/7033]	lr: 2.500e-05, eta: 17:13:42, time: 1.597, data_time: 0.027, memory: 19963, loss_cls: 0.3337, loss_bbox: 0.6534, d0.loss_cls: 0.4654, d0.loss_bbox: 1.0000, d1.loss_cls: 0.3635, d1.loss_bbox: 0.8295, d2.loss_cls: 0.3539, d2.loss_bbox: 0.7814, d3.loss_cls: 0.3375, d3.loss_bbox: 0.7193, d4.loss_cls: 0.3344, d4.loss_bbox: 0.6797, loss: 6.8517, grad_norm: 18.9401
2025-06-22 02:34:24,738 - mmdet - INFO - Epoch [1][3650/7033]	lr: 2.500e-05, eta: 17:12:16, time: 1.596, data_time: 0.028, memory: 19963, loss_cls: 0.3311, loss_bbox: 0.6365, d0.loss_cls: 0.4550, d0.loss_bbox: 0.9952, d1.loss_cls: 0.3593, d1.loss_bbox: 0.8241, d2.loss_cls: 0.3427, d2.loss_bbox: 0.7749, d3.loss_cls: 0.3271, d3.loss_bbox: 0.7091, d4.loss_cls: 0.3280, d4.loss_bbox: 0.6727, loss: 6.7558, grad_norm: 18.4305
2025-06-22 02:35:44,514 - mmdet - INFO - Epoch [1][3700/7033]	lr: 2.500e-05, eta: 17:10:50, time: 1.596, data_time: 0.027, memory: 19963, loss_cls: 0.3177, loss_bbox: 0.6492, d0.loss_cls: 0.4415, d0.loss_bbox: 0.9992, d1.loss_cls: 0.3497, d1.loss_bbox: 0.8322, d2.loss_cls: 0.3320, d2.loss_bbox: 0.7747, d3.loss_cls: 0.3170, d3.loss_bbox: 0.7129, d4.loss_cls: 0.3169, d4.loss_bbox: 0.6780, loss: 6.7212, grad_norm: 18.2199
2025-06-22 02:37:06,247 - mmdet - INFO - Epoch [1][3750/7033]	lr: 2.500e-05, eta: 17:09:44, time: 1.635, data_time: 0.029, memory: 19963, loss_cls: 0.3328, loss_bbox: 0.6466, d0.loss_cls: 0.4661, d0.loss_bbox: 1.0006, d1.loss_cls: 0.3751, d1.loss_bbox: 0.8307, d2.loss_cls: 0.3531, d2.loss_bbox: 0.7767, d3.loss_cls: 0.3388, d3.loss_bbox: 0.7105, d4.loss_cls: 0.3347, d4.loss_bbox: 0.6743, loss: 6.8401, grad_norm: 16.9195
2025-06-22 02:38:26,338 - mmdet - INFO - Epoch [1][3800/7033]	lr: 2.500e-05, eta: 17:08:21, time: 1.602, data_time: 0.026, memory: 19963, loss_cls: 0.3307, loss_bbox: 0.6397, d0.loss_cls: 0.4738, d0.loss_bbox: 0.9998, d1.loss_cls: 0.3721, d1.loss_bbox: 0.8255, d2.loss_cls: 0.3531, d2.loss_bbox: 0.7718, d3.loss_cls: 0.3376, d3.loss_bbox: 0.7080, d4.loss_cls: 0.3310, d4.loss_bbox: 0.6682, loss: 6.8114, grad_norm: 18.7273
2025-06-22 02:39:48,059 - mmdet - INFO - Epoch [1][3850/7033]	lr: 2.500e-05, eta: 17:07:14, time: 1.634, data_time: 0.027, memory: 19963, loss_cls: 0.3240, loss_bbox: 0.6330, d0.loss_cls: 0.4524, d0.loss_bbox: 0.9907, d1.loss_cls: 0.3565, d1.loss_bbox: 0.8232, d2.loss_cls: 0.3454, d2.loss_bbox: 0.7599, d3.loss_cls: 0.3288, d3.loss_bbox: 0.6963, d4.loss_cls: 0.3291, d4.loss_bbox: 0.6635, loss: 6.7029, grad_norm: 17.3778
2025-06-22 02:41:08,038 - mmdet - INFO - Epoch [1][3900/7033]	lr: 2.500e-05, eta: 17:05:50, time: 1.600, data_time: 0.027, memory: 19963, loss_cls: 0.3177, loss_bbox: 0.6511, d0.loss_cls: 0.4609, d0.loss_bbox: 0.9886, d1.loss_cls: 0.3668, d1.loss_bbox: 0.8250, d2.loss_cls: 0.3446, d2.loss_bbox: 0.7734, d3.loss_cls: 0.3261, d3.loss_bbox: 0.7101, d4.loss_cls: 0.3215, d4.loss_bbox: 0.6726, loss: 6.7583, grad_norm: 19.9467
2025-06-22 02:42:27,980 - mmdet - INFO - Epoch [1][3950/7033]	lr: 2.500e-05, eta: 17:04:26, time: 1.599, data_time: 0.025, memory: 19963, loss_cls: 0.3176, loss_bbox: 0.6430, d0.loss_cls: 0.4588, d0.loss_bbox: 1.0024, d1.loss_cls: 0.3635, d1.loss_bbox: 0.8308, d2.loss_cls: 0.3410, d2.loss_bbox: 0.7805, d3.loss_cls: 0.3210, d3.loss_bbox: 0.7122, d4.loss_cls: 0.3169, d4.loss_bbox: 0.6768, loss: 6.7644, grad_norm: 16.5008
2025-06-22 02:43:47,821 - mmdet - INFO - Exp name: lidar_0075v_cam_res_2x2_hednetmiddleencoder_hednetbackbone4_dss0511_dp03_hugeep2_num2_morton_conv_xy_rope_bs2.py
2025-06-22 02:43:47,821 - mmdet - INFO - Epoch [1][4000/7033]	lr: 2.500e-05, eta: 17:03:00, time: 1.597, data_time: 0.028, memory: 19963, loss_cls: 0.3265, loss_bbox: 0.6319, d0.loss_cls: 0.4602, d0.loss_bbox: 0.9674, d1.loss_cls: 0.3713, d1.loss_bbox: 0.7995, d2.loss_cls: 0.3462, d2.loss_bbox: 0.7502, d3.loss_cls: 0.3252, d3.loss_bbox: 0.6961, d4.loss_cls: 0.3256, d4.loss_bbox: 0.6612, loss: 6.6613, grad_norm: 19.2890
2025-06-22 02:45:07,567 - mmdet - INFO - Epoch [1][4050/7033]	lr: 2.500e-05, eta: 17:01:34, time: 1.595, data_time: 0.028, memory: 19963, loss_cls: 0.3104, loss_bbox: 0.6319, d0.loss_cls: 0.4479, d0.loss_bbox: 0.9944, d1.loss_cls: 0.3555, d1.loss_bbox: 0.8188, d2.loss_cls: 0.3334, d2.loss_bbox: 0.7730, d3.loss_cls: 0.3132, d3.loss_bbox: 0.7032, d4.loss_cls: 0.3133, d4.loss_bbox: 0.6640, loss: 6.6590, grad_norm: 17.1952
2025-06-22 02:46:27,623 - mmdet - INFO - Epoch [1][4100/7033]	lr: 2.500e-05, eta: 17:00:11, time: 1.601, data_time: 0.028, memory: 19963, loss_cls: 0.3384, loss_bbox: 0.6570, d0.loss_cls: 0.4724, d0.loss_bbox: 0.9986, d1.loss_cls: 0.3749, d1.loss_bbox: 0.8330, d2.loss_cls: 0.3573, d2.loss_bbox: 0.7847, d3.loss_cls: 0.3398, d3.loss_bbox: 0.7196, d4.loss_cls: 0.3439, d4.loss_bbox: 0.6834, loss: 6.9029, grad_norm: 17.2002
2025-06-22 02:47:47,865 - mmdet - INFO - Epoch [1][4150/7033]	lr: 2.500e-05, eta: 16:58:50, time: 1.605, data_time: 0.028, memory: 19963, loss_cls: 0.3055, loss_bbox: 0.6278, d0.loss_cls: 0.4415, d0.loss_bbox: 0.9836, d1.loss_cls: 0.3558, d1.loss_bbox: 0.8104, d2.loss_cls: 0.3286, d2.loss_bbox: 0.7558, d3.loss_cls: 0.3123, d3.loss_bbox: 0.6866, d4.loss_cls: 0.3123, d4.loss_bbox: 0.6448, loss: 6.5649, grad_norm: 18.3832
2025-06-22 02:49:07,602 - mmdet - INFO - Epoch [1][4200/7033]	lr: 2.500e-05, eta: 16:57:25, time: 1.595, data_time: 0.025, memory: 19963, loss_cls: 0.3089, loss_bbox: 0.6305, d0.loss_cls: 0.4462, d0.loss_bbox: 0.9931, d1.loss_cls: 0.3631, d1.loss_bbox: 0.8223, d2.loss_cls: 0.3380, d2.loss_bbox: 0.7684, d3.loss_cls: 0.3167, d3.loss_bbox: 0.7039, d4.loss_cls: 0.3174, d4.loss_bbox: 0.6566, loss: 6.6652, grad_norm: 19.0411
2025-06-22 02:50:27,404 - mmdet - INFO - Epoch [1][4250/7033]	lr: 2.500e-05, eta: 16:56:00, time: 1.596, data_time: 0.025, memory: 19963, loss_cls: 0.2963, loss_bbox: 0.6087, d0.loss_cls: 0.4412, d0.loss_bbox: 0.9702, d1.loss_cls: 0.3493, d1.loss_bbox: 0.7978, d2.loss_cls: 0.3268, d2.loss_bbox: 0.7414, d3.loss_cls: 0.3070, d3.loss_bbox: 0.6691, d4.loss_cls: 0.2994, d4.loss_bbox: 0.6339, loss: 6.4412, grad_norm: 18.8750
2025-06-22 02:51:47,373 - mmdet - INFO - Epoch [1][4300/7033]	lr: 2.500e-05, eta: 16:54:36, time: 1.599, data_time: 0.027, memory: 19963, loss_cls: 0.3023, loss_bbox: 0.6243, d0.loss_cls: 0.4363, d0.loss_bbox: 0.9873, d1.loss_cls: 0.3414, d1.loss_bbox: 0.8165, d2.loss_cls: 0.3255, d2.loss_bbox: 0.7660, d3.loss_cls: 0.3056, d3.loss_bbox: 0.6894, d4.loss_cls: 0.3058, d4.loss_bbox: 0.6474, loss: 6.5479, grad_norm: 17.8388
2025-06-22 02:53:08,979 - mmdet - INFO - Epoch [1][4350/7033]	lr: 2.500e-05, eta: 16:53:27, time: 1.632, data_time: 0.025, memory: 19963, loss_cls: 0.3049, loss_bbox: 0.6279, d0.loss_cls: 0.4349, d0.loss_bbox: 0.9779, d1.loss_cls: 0.3509, d1.loss_bbox: 0.8015, d2.loss_cls: 0.3286, d2.loss_bbox: 0.7563, d3.loss_cls: 0.3101, d3.loss_bbox: 0.6835, d4.loss_cls: 0.3043, d4.loss_bbox: 0.6505, loss: 6.5313, grad_norm: 17.9237
2025-06-22 02:54:29,110 - mmdet - INFO - Epoch [1][4400/7033]	lr: 2.500e-05, eta: 16:52:05, time: 1.603, data_time: 0.026, memory: 19963, loss_cls: 0.3003, loss_bbox: 0.6269, d0.loss_cls: 0.4382, d0.loss_bbox: 1.0055, d1.loss_cls: 0.3482, d1.loss_bbox: 0.8288, d2.loss_cls: 0.3280, d2.loss_bbox: 0.7737, d3.loss_cls: 0.3078, d3.loss_bbox: 0.6946, d4.loss_cls: 0.3011, d4.loss_bbox: 0.6550, loss: 6.6080, grad_norm: 19.2709
2025-06-22 02:55:48,894 - mmdet - INFO - Epoch [1][4450/7033]	lr: 2.500e-05, eta: 16:50:40, time: 1.596, data_time: 0.027, memory: 19963, loss_cls: 0.3101, loss_bbox: 0.6277, d0.loss_cls: 0.4430, d0.loss_bbox: 0.9869, d1.loss_cls: 0.3555, d1.loss_bbox: 0.8184, d2.loss_cls: 0.3339, d2.loss_bbox: 0.7661, d3.loss_cls: 0.3206, d3.loss_bbox: 0.6802, d4.loss_cls: 0.3162, d4.loss_bbox: 0.6452, loss: 6.6037, grad_norm: 20.7039
2025-06-22 02:57:10,660 - mmdet - INFO - Epoch [1][4500/7033]	lr: 2.500e-05, eta: 16:49:32, time: 1.635, data_time: 0.027, memory: 19963, loss_cls: 0.3183, loss_bbox: 0.6398, d0.loss_cls: 0.4547, d0.loss_bbox: 0.9776, d1.loss_cls: 0.3699, d1.loss_bbox: 0.8054, d2.loss_cls: 0.3452, d2.loss_bbox: 0.7668, d3.loss_cls: 0.3297, d3.loss_bbox: 0.6920, d4.loss_cls: 0.3240, d4.loss_bbox: 0.6613, loss: 6.6846, grad_norm: 18.1017
2025-06-22 02:58:30,456 - mmdet - INFO - Epoch [1][4550/7033]	lr: 2.500e-05, eta: 16:48:07, time: 1.596, data_time: 0.025, memory: 19963, loss_cls: 0.3203, loss_bbox: 0.6270, d0.loss_cls: 0.4567, d0.loss_bbox: 0.9908, d1.loss_cls: 0.3673, d1.loss_bbox: 0.8097, d2.loss_cls: 0.3428, d2.loss_bbox: 0.7628, d3.loss_cls: 0.3234, d3.loss_bbox: 0.6910, d4.loss_cls: 0.3265, d4.loss_bbox: 0.6501, loss: 6.6684, grad_norm: 19.9244
2025-06-22 02:59:50,404 - mmdet - INFO - Epoch [1][4600/7033]	lr: 2.500e-05, eta: 16:46:43, time: 1.599, data_time: 0.027, memory: 19963, loss_cls: 0.3137, loss_bbox: 0.6307, d0.loss_cls: 0.4443, d0.loss_bbox: 0.9665, d1.loss_cls: 0.3491, d1.loss_bbox: 0.8078, d2.loss_cls: 0.3323, d2.loss_bbox: 0.7619, d3.loss_cls: 0.3151, d3.loss_bbox: 0.6928, d4.loss_cls: 0.3151, d4.loss_bbox: 0.6546, loss: 6.5838, grad_norm: 17.5916
2025-06-22 03:01:10,238 - mmdet - INFO - Epoch [1][4650/7033]	lr: 2.500e-05, eta: 16:45:19, time: 1.597, data_time: 0.025, memory: 19963, loss_cls: 0.2993, loss_bbox: 0.6265, d0.loss_cls: 0.4464, d0.loss_bbox: 0.9790, d1.loss_cls: 0.3442, d1.loss_bbox: 0.8051, d2.loss_cls: 0.3257, d2.loss_bbox: 0.7579, d3.loss_cls: 0.3059, d3.loss_bbox: 0.6843, d4.loss_cls: 0.3042, d4.loss_bbox: 0.6509, loss: 6.5293, grad_norm: 17.8221
2025-06-22 03:02:30,152 - mmdet - INFO - Epoch [1][4700/7033]	lr: 2.500e-05, eta: 16:43:56, time: 1.598, data_time: 0.026, memory: 19963, loss_cls: 0.2960, loss_bbox: 0.6170, d0.loss_cls: 0.4426, d0.loss_bbox: 0.9598, d1.loss_cls: 0.3437, d1.loss_bbox: 0.7954, d2.loss_cls: 0.3207, d2.loss_bbox: 0.7544, d3.loss_cls: 0.3030, d3.loss_bbox: 0.6738, d4.loss_cls: 0.2999, d4.loss_bbox: 0.6415, loss: 6.4478, grad_norm: 19.6964
2025-06-22 03:03:49,913 - mmdet - INFO - Epoch [1][4750/7033]	lr: 2.500e-05, eta: 16:42:31, time: 1.595, data_time: 0.027, memory: 19963, loss_cls: 0.2901, loss_bbox: 0.5996, d0.loss_cls: 0.4246, d0.loss_bbox: 0.9619, d1.loss_cls: 0.3395, d1.loss_bbox: 0.7819, d2.loss_cls: 0.3170, d2.loss_bbox: 0.7336, d3.loss_cls: 0.2996, d3.loss_bbox: 0.6645, d4.loss_cls: 0.2919, d4.loss_bbox: 0.6251, loss: 6.3294, grad_norm: 19.8795
2025-06-22 03:05:09,856 - mmdet - INFO - Epoch [1][4800/7033]	lr: 2.500e-05, eta: 16:41:08, time: 1.599, data_time: 0.027, memory: 19963, loss_cls: 0.2904, loss_bbox: 0.6018, d0.loss_cls: 0.4350, d0.loss_bbox: 0.9488, d1.loss_cls: 0.3472, d1.loss_bbox: 0.7776, d2.loss_cls: 0.3232, d2.loss_bbox: 0.7300, d3.loss_cls: 0.3012, d3.loss_bbox: 0.6547, d4.loss_cls: 0.2958, d4.loss_bbox: 0.6256, loss: 6.3314, grad_norm: 20.3447
2025-06-22 03:06:29,951 - mmdet - INFO - Epoch [1][4850/7033]	lr: 2.500e-05, eta: 16:39:46, time: 1.602, data_time: 0.027, memory: 19963, loss_cls: 0.3142, loss_bbox: 0.6200, d0.loss_cls: 0.4470, d0.loss_bbox: 0.9609, d1.loss_cls: 0.3659, d1.loss_bbox: 0.7906, d2.loss_cls: 0.3457, d2.loss_bbox: 0.7473, d3.loss_cls: 0.3247, d3.loss_bbox: 0.6726, d4.loss_cls: 0.3222, d4.loss_bbox: 0.6399, loss: 6.5510, grad_norm: 19.4831
2025-06-22 03:07:51,544 - mmdet - INFO - Epoch [1][4900/7033]	lr: 2.500e-05, eta: 16:38:35, time: 1.632, data_time: 0.027, memory: 19963, loss_cls: 0.3033, loss_bbox: 0.6106, d0.loss_cls: 0.4401, d0.loss_bbox: 0.9657, d1.loss_cls: 0.3557, d1.loss_bbox: 0.7967, d2.loss_cls: 0.3320, d2.loss_bbox: 0.7490, d3.loss_cls: 0.3093, d3.loss_bbox: 0.6743, d4.loss_cls: 0.3062, d4.loss_bbox: 0.6311, loss: 6.4740, grad_norm: 18.2560
2025-06-22 03:09:11,471 - mmdet - INFO - Epoch [1][4950/7033]	lr: 2.500e-05, eta: 16:37:12, time: 1.599, data_time: 0.025, memory: 19963, loss_cls: 0.3056, loss_bbox: 0.6235, d0.loss_cls: 0.4432, d0.loss_bbox: 0.9888, d1.loss_cls: 0.3601, d1.loss_bbox: 0.8085, d2.loss_cls: 0.3347, d2.loss_bbox: 0.7627, d3.loss_cls: 0.3167, d3.loss_bbox: 0.6814, d4.loss_cls: 0.3104, d4.loss_bbox: 0.6447, loss: 6.5802, grad_norm: 17.1047
2025-06-22 03:10:31,213 - mmdet - INFO - Exp name: lidar_0075v_cam_res_2x2_hednetmiddleencoder_hednetbackbone4_dss0511_dp03_hugeep2_num2_morton_conv_xy_rope_bs2.py
2025-06-22 03:10:31,213 - mmdet - INFO - Epoch [1][5000/7033]	lr: 2.500e-05, eta: 16:35:47, time: 1.595, data_time: 0.026, memory: 19963, loss_cls: 0.2750, loss_bbox: 0.5881, d0.loss_cls: 0.4207, d0.loss_bbox: 0.9479, d1.loss_cls: 0.3347, d1.loss_bbox: 0.7736, d2.loss_cls: 0.3140, d2.loss_bbox: 0.7246, d3.loss_cls: 0.2858, d3.loss_bbox: 0.6426, d4.loss_cls: 0.2772, d4.loss_bbox: 0.6079, loss: 6.1922, grad_norm: 18.7805
2025-06-22 03:11:51,246 - mmdet - INFO - Epoch [1][5050/7033]	lr: 2.500e-05, eta: 16:34:25, time: 1.601, data_time: 0.027, memory: 19963, loss_cls: 0.3003, loss_bbox: 0.6040, d0.loss_cls: 0.4425, d0.loss_bbox: 0.9473, d1.loss_cls: 0.3523, d1.loss_bbox: 0.7902, d2.loss_cls: 0.3317, d2.loss_bbox: 0.7418, d3.loss_cls: 0.3070, d3.loss_bbox: 0.6623, d4.loss_cls: 0.3053, d4.loss_bbox: 0.6239, loss: 6.4086, grad_norm: 18.7585
2025-06-22 03:13:12,675 - mmdet - INFO - Epoch [1][5100/7033]	lr: 2.500e-05, eta: 16:33:13, time: 1.629, data_time: 0.027, memory: 19963, loss_cls: 0.2957, loss_bbox: 0.5952, d0.loss_cls: 0.4278, d0.loss_bbox: 0.9429, d1.loss_cls: 0.3473, d1.loss_bbox: 0.7830, d2.loss_cls: 0.3208, d2.loss_bbox: 0.7347, d3.loss_cls: 0.3022, d3.loss_bbox: 0.6604, d4.loss_cls: 0.2969, d4.loss_bbox: 0.6231, loss: 6.3300, grad_norm: 19.0442
2025-06-22 03:14:32,561 - mmdet - INFO - Epoch [1][5150/7033]	lr: 2.500e-05, eta: 16:31:49, time: 1.598, data_time: 0.025, memory: 19963, loss_cls: 0.3137, loss_bbox: 0.6037, d0.loss_cls: 0.4395, d0.loss_bbox: 0.9511, d1.loss_cls: 0.3568, d1.loss_bbox: 0.7847, d2.loss_cls: 0.3365, d2.loss_bbox: 0.7413, d3.loss_cls: 0.3177, d3.loss_bbox: 0.6594, d4.loss_cls: 0.3189, d4.loss_bbox: 0.6240, loss: 6.4473, grad_norm: 18.7506
2025-06-22 03:15:52,403 - mmdet - INFO - Epoch [1][5200/7033]	lr: 2.500e-05, eta: 16:30:26, time: 1.597, data_time: 0.026, memory: 19963, loss_cls: 0.3185, loss_bbox: 0.5975, d0.loss_cls: 0.4437, d0.loss_bbox: 0.9375, d1.loss_cls: 0.3554, d1.loss_bbox: 0.7636, d2.loss_cls: 0.3367, d2.loss_bbox: 0.7126, d3.loss_cls: 0.3199, d3.loss_bbox: 0.6529, d4.loss_cls: 0.3170, d4.loss_bbox: 0.6180, loss: 6.3732, grad_norm: 18.6386
2025-06-22 03:17:12,141 - mmdet - INFO - Epoch [1][5250/7033]	lr: 2.500e-05, eta: 16:29:01, time: 1.595, data_time: 0.025, memory: 19963, loss_cls: 0.2869, loss_bbox: 0.5665, d0.loss_cls: 0.4346, d0.loss_bbox: 0.9141, d1.loss_cls: 0.3429, d1.loss_bbox: 0.7523, d2.loss_cls: 0.3169, d2.loss_bbox: 0.7062, d3.loss_cls: 0.2982, d3.loss_bbox: 0.6227, d4.loss_cls: 0.2917, d4.loss_bbox: 0.5906, loss: 6.1235, grad_norm: 22.4991
2025-06-22 03:18:31,789 - mmdet - INFO - Epoch [1][5300/7033]	lr: 2.500e-05, eta: 16:27:36, time: 1.593, data_time: 0.026, memory: 19963, loss_cls: 0.2824, loss_bbox: 0.5764, d0.loss_cls: 0.4296, d0.loss_bbox: 0.9452, d1.loss_cls: 0.3487, d1.loss_bbox: 0.7677, d2.loss_cls: 0.3215, d2.loss_bbox: 0.7180, d3.loss_cls: 0.2991, d3.loss_bbox: 0.6304, d4.loss_cls: 0.2876, d4.loss_bbox: 0.5952, loss: 6.2017, grad_norm: 20.5899
2025-06-22 03:19:51,819 - mmdet - INFO - Epoch [1][5350/7033]	lr: 2.500e-05, eta: 16:26:14, time: 1.601, data_time: 0.026, memory: 19963, loss_cls: 0.3030, loss_bbox: 0.6043, d0.loss_cls: 0.4390, d0.loss_bbox: 0.9441, d1.loss_cls: 0.3565, d1.loss_bbox: 0.7798, d2.loss_cls: 0.3279, d2.loss_bbox: 0.7350, d3.loss_cls: 0.3040, d3.loss_bbox: 0.6640, d4.loss_cls: 0.3012, d4.loss_bbox: 0.6278, loss: 6.3866, grad_norm: 19.5856
2025-06-22 03:21:11,709 - mmdet - INFO - Epoch [1][5400/7033]	lr: 2.500e-05, eta: 16:24:51, time: 1.598, data_time: 0.025, memory: 19963, loss_cls: 0.2862, loss_bbox: 0.5865, d0.loss_cls: 0.4235, d0.loss_bbox: 0.9320, d1.loss_cls: 0.3498, d1.loss_bbox: 0.7660, d2.loss_cls: 0.3245, d2.loss_bbox: 0.7155, d3.loss_cls: 0.3010, d3.loss_bbox: 0.6433, d4.loss_cls: 0.2925, d4.loss_bbox: 0.6061, loss: 6.2269, grad_norm: 18.3551
2025-06-22 03:22:31,390 - mmdet - INFO - Epoch [1][5450/7033]	lr: 2.500e-05, eta: 16:23:27, time: 1.594, data_time: 0.025, memory: 19963, loss_cls: 0.2927, loss_bbox: 0.6068, d0.loss_cls: 0.4299, d0.loss_bbox: 0.9459, d1.loss_cls: 0.3480, d1.loss_bbox: 0.7787, d2.loss_cls: 0.3265, d2.loss_bbox: 0.7275, d3.loss_cls: 0.3032, d3.loss_bbox: 0.6571, d4.loss_cls: 0.2954, d4.loss_bbox: 0.6275, loss: 6.3391, grad_norm: 22.4477
2025-06-22 03:23:52,875 - mmdet - INFO - Epoch [1][5500/7033]	lr: 2.500e-05, eta: 16:22:15, time: 1.630, data_time: 0.026, memory: 19963, loss_cls: 0.2920, loss_bbox: 0.5875, d0.loss_cls: 0.4335, d0.loss_bbox: 0.9308, d1.loss_cls: 0.3549, d1.loss_bbox: 0.7606, d2.loss_cls: 0.3273, d2.loss_bbox: 0.7092, d3.loss_cls: 0.3071, d3.loss_bbox: 0.6315, d4.loss_cls: 0.2986, d4.loss_bbox: 0.6022, loss: 6.2352, grad_norm: 19.8664
2025-06-22 03:25:12,596 - mmdet - INFO - Epoch [1][5550/7033]	lr: 2.500e-05, eta: 16:20:50, time: 1.594, data_time: 0.025, memory: 19963, loss_cls: 0.2826, loss_bbox: 0.5757, d0.loss_cls: 0.4220, d0.loss_bbox: 0.9310, d1.loss_cls: 0.3408, d1.loss_bbox: 0.7596, d2.loss_cls: 0.3139, d2.loss_bbox: 0.7112, d3.loss_cls: 0.2943, d3.loss_bbox: 0.6296, d4.loss_cls: 0.2876, d4.loss_bbox: 0.5943, loss: 6.1427, grad_norm: 22.7782
2025-06-22 03:26:32,257 - mmdet - INFO - Epoch [1][5600/7033]	lr: 2.500e-05, eta: 16:19:26, time: 1.593, data_time: 0.024, memory: 19963, loss_cls: 0.3017, loss_bbox: 0.5959, d0.loss_cls: 0.4226, d0.loss_bbox: 0.9323, d1.loss_cls: 0.3524, d1.loss_bbox: 0.7682, d2.loss_cls: 0.3329, d2.loss_bbox: 0.7146, d3.loss_cls: 0.3131, d3.loss_bbox: 0.6412, d4.loss_cls: 0.3076, d4.loss_bbox: 0.6091, loss: 6.2916, grad_norm: 22.6132
2025-06-22 03:27:53,651 - mmdet - INFO - Epoch [1][5650/7033]	lr: 2.500e-05, eta: 16:18:13, time: 1.628, data_time: 0.028, memory: 19963, loss_cls: 0.3065, loss_bbox: 0.5880, d0.loss_cls: 0.4364, d0.loss_bbox: 0.9382, d1.loss_cls: 0.3634, d1.loss_bbox: 0.7703, d2.loss_cls: 0.3373, d2.loss_bbox: 0.7275, d3.loss_cls: 0.3207, d3.loss_bbox: 0.6414, d4.loss_cls: 0.3154, d4.loss_bbox: 0.6067, loss: 6.3520, grad_norm: 20.2775
2025-06-22 03:29:13,347 - mmdet - INFO - Epoch [1][5700/7033]	lr: 2.500e-05, eta: 16:16:49, time: 1.594, data_time: 0.027, memory: 19963, loss_cls: 0.2835, loss_bbox: 0.5747, d0.loss_cls: 0.4141, d0.loss_bbox: 0.9208, d1.loss_cls: 0.3381, d1.loss_bbox: 0.7534, d2.loss_cls: 0.3148, d2.loss_bbox: 0.7030, d3.loss_cls: 0.2997, d3.loss_bbox: 0.6231, d4.loss_cls: 0.2925, d4.loss_bbox: 0.5877, loss: 6.1055, grad_norm: 18.4185
2025-06-22 03:30:33,136 - mmdet - INFO - Epoch [1][5750/7033]	lr: 2.500e-05, eta: 16:15:25, time: 1.596, data_time: 0.027, memory: 19963, loss_cls: 0.2759, loss_bbox: 0.5635, d0.loss_cls: 0.4150, d0.loss_bbox: 0.9232, d1.loss_cls: 0.3393, d1.loss_bbox: 0.7505, d2.loss_cls: 0.3148, d2.loss_bbox: 0.7001, d3.loss_cls: 0.2927, d3.loss_bbox: 0.6166, d4.loss_cls: 0.2845, d4.loss_bbox: 0.5793, loss: 6.0553, grad_norm: 17.9912
2025-06-22 03:31:52,978 - mmdet - INFO - Epoch [1][5800/7033]	lr: 2.500e-05, eta: 16:14:02, time: 1.597, data_time: 0.026, memory: 19963, loss_cls: 0.2901, loss_bbox: 0.5899, d0.loss_cls: 0.4262, d0.loss_bbox: 0.9413, d1.loss_cls: 0.3517, d1.loss_bbox: 0.7668, d2.loss_cls: 0.3232, d2.loss_bbox: 0.7185, d3.loss_cls: 0.3044, d3.loss_bbox: 0.6427, d4.loss_cls: 0.2947, d4.loss_bbox: 0.6061, loss: 6.2558, grad_norm: 18.2057
2025-06-22 03:33:12,708 - mmdet - INFO - Epoch [1][5850/7033]	lr: 2.500e-05, eta: 16:12:38, time: 1.595, data_time: 0.028, memory: 19963, loss_cls: 0.2782, loss_bbox: 0.5672, d0.loss_cls: 0.4154, d0.loss_bbox: 0.9117, d1.loss_cls: 0.3402, d1.loss_bbox: 0.7400, d2.loss_cls: 0.3171, d2.loss_bbox: 0.6911, d3.loss_cls: 0.2911, d3.loss_bbox: 0.6165, d4.loss_cls: 0.2836, d4.loss_bbox: 0.5819, loss: 6.0340, grad_norm: 18.3288
2025-06-22 03:34:32,898 - mmdet - INFO - Epoch [1][5900/7033]	lr: 2.500e-05, eta: 16:11:18, time: 1.604, data_time: 0.026, memory: 19963, loss_cls: 0.2926, loss_bbox: 0.5792, d0.loss_cls: 0.4263, d0.loss_bbox: 0.9067, d1.loss_cls: 0.3528, d1.loss_bbox: 0.7444, d2.loss_cls: 0.3289, d2.loss_bbox: 0.7002, d3.loss_cls: 0.3025, d3.loss_bbox: 0.6337, d4.loss_cls: 0.2968, d4.loss_bbox: 0.5929, loss: 6.1571, grad_norm: 18.9219
2025-06-22 03:35:52,569 - mmdet - INFO - Epoch [1][5950/7033]	lr: 2.500e-05, eta: 16:09:54, time: 1.593, data_time: 0.027, memory: 19963, loss_cls: 0.2863, loss_bbox: 0.5880, d0.loss_cls: 0.4245, d0.loss_bbox: 0.9201, d1.loss_cls: 0.3478, d1.loss_bbox: 0.7646, d2.loss_cls: 0.3244, d2.loss_bbox: 0.7181, d3.loss_cls: 0.2991, d3.loss_bbox: 0.6433, d4.loss_cls: 0.2935, d4.loss_bbox: 0.6044, loss: 6.2142, grad_norm: 17.8757
2025-06-22 03:37:13,740 - mmdet - INFO - Exp name: lidar_0075v_cam_res_2x2_hednetmiddleencoder_hednetbackbone4_dss0511_dp03_hugeep2_num2_morton_conv_xy_rope_bs2.py
2025-06-22 03:37:13,741 - mmdet - INFO - Epoch [1][6000/7033]	lr: 2.500e-05, eta: 16:08:39, time: 1.623, data_time: 0.047, memory: 20293, loss_cls: 0.2894, loss_bbox: 0.5850, d0.loss_cls: 0.4314, d0.loss_bbox: 0.9204, d1.loss_cls: 0.3553, d1.loss_bbox: 0.7567, d2.loss_cls: 0.3268, d2.loss_bbox: 0.7097, d3.loss_cls: 0.3070, d3.loss_bbox: 0.6336, d4.loss_cls: 0.2986, d4.loss_bbox: 0.6016, loss: 6.2155, grad_norm: 22.7562
2025-06-22 03:38:35,341 - mmdet - INFO - Epoch [1][6050/7033]	lr: 2.500e-05, eta: 16:07:26, time: 1.632, data_time: 0.026, memory: 20293, loss_cls: 0.2794, loss_bbox: 0.5698, d0.loss_cls: 0.4216, d0.loss_bbox: 0.8984, d1.loss_cls: 0.3423, d1.loss_bbox: 0.7398, d2.loss_cls: 0.3160, d2.loss_bbox: 0.6906, d3.loss_cls: 0.2910, d3.loss_bbox: 0.6178, d4.loss_cls: 0.2838, d4.loss_bbox: 0.5878, loss: 6.0383, grad_norm: 22.8463
2025-06-22 03:39:55,087 - mmdet - INFO - Epoch [1][6100/7033]	lr: 2.500e-05, eta: 16:06:03, time: 1.595, data_time: 0.026, memory: 20293, loss_cls: 0.2842, loss_bbox: 0.5662, d0.loss_cls: 0.4348, d0.loss_bbox: 0.9063, d1.loss_cls: 0.3517, d1.loss_bbox: 0.7407, d2.loss_cls: 0.3285, d2.loss_bbox: 0.6861, d3.loss_cls: 0.3044, d3.loss_bbox: 0.6070, d4.loss_cls: 0.2960, d4.loss_bbox: 0.5760, loss: 6.0818, grad_norm: 20.2414
2025-06-22 03:41:15,235 - mmdet - INFO - Epoch [1][6150/7033]	lr: 2.500e-05, eta: 16:04:42, time: 1.603, data_time: 0.027, memory: 20293, loss_cls: 0.2959, loss_bbox: 0.5823, d0.loss_cls: 0.4294, d0.loss_bbox: 0.9026, d1.loss_cls: 0.3594, d1.loss_bbox: 0.7378, d2.loss_cls: 0.3360, d2.loss_bbox: 0.6935, d3.loss_cls: 0.3161, d3.loss_bbox: 0.6223, d4.loss_cls: 0.3035, d4.loss_bbox: 0.5961, loss: 6.1749, grad_norm: 21.1092
2025-06-22 03:42:35,181 - mmdet - INFO - Epoch [1][6200/7033]	lr: 2.500e-05, eta: 16:03:20, time: 1.599, data_time: 0.028, memory: 20293, loss_cls: 0.2708, loss_bbox: 0.5632, d0.loss_cls: 0.4129, d0.loss_bbox: 0.8945, d1.loss_cls: 0.3382, d1.loss_bbox: 0.7396, d2.loss_cls: 0.3127, d2.loss_bbox: 0.6857, d3.loss_cls: 0.2893, d3.loss_bbox: 0.6072, d4.loss_cls: 0.2747, d4.loss_bbox: 0.5789, loss: 5.9678, grad_norm: 22.8810
2025-06-22 03:43:55,929 - mmdet - INFO - Epoch [1][6250/7033]	lr: 2.500e-05, eta: 16:02:02, time: 1.615, data_time: 0.048, memory: 20293, loss_cls: 0.2700, loss_bbox: 0.5626, d0.loss_cls: 0.4099, d0.loss_bbox: 0.8950, d1.loss_cls: 0.3442, d1.loss_bbox: 0.7339, d2.loss_cls: 0.3175, d2.loss_bbox: 0.6867, d3.loss_cls: 0.2889, d3.loss_bbox: 0.6076, d4.loss_cls: 0.2761, d4.loss_bbox: 0.5761, loss: 5.9687, grad_norm: 22.9041
2025-06-22 03:45:16,029 - mmdet - INFO - Epoch [1][6300/7033]	lr: 2.500e-05, eta: 16:00:41, time: 1.602, data_time: 0.027, memory: 20293, loss_cls: 0.2722, loss_bbox: 0.5775, d0.loss_cls: 0.4133, d0.loss_bbox: 0.9243, d1.loss_cls: 0.3436, d1.loss_bbox: 0.7457, d2.loss_cls: 0.3157, d2.loss_bbox: 0.6979, d3.loss_cls: 0.2885, d3.loss_bbox: 0.6257, d4.loss_cls: 0.2810, d4.loss_bbox: 0.5924, loss: 6.0779, grad_norm: 19.4528
2025-06-22 03:46:35,828 - mmdet - INFO - Epoch [1][6350/7033]	lr: 2.500e-05, eta: 15:59:18, time: 1.596, data_time: 0.027, memory: 20293, loss_cls: 0.2969, loss_bbox: 0.5764, d0.loss_cls: 0.4258, d0.loss_bbox: 0.9144, d1.loss_cls: 0.3622, d1.loss_bbox: 0.7474, d2.loss_cls: 0.3336, d2.loss_bbox: 0.7048, d3.loss_cls: 0.3153, d3.loss_bbox: 0.6264, d4.loss_cls: 0.3029, d4.loss_bbox: 0.5956, loss: 6.2018, grad_norm: 22.0213
2025-06-22 03:47:55,767 - mmdet - INFO - Epoch [1][6400/7033]	lr: 2.500e-05, eta: 15:57:55, time: 1.599, data_time: 0.028, memory: 20293, loss_cls: 0.2900, loss_bbox: 0.5727, d0.loss_cls: 0.4285, d0.loss_bbox: 0.9062, d1.loss_cls: 0.3568, d1.loss_bbox: 0.7431, d2.loss_cls: 0.3326, d2.loss_bbox: 0.6939, d3.loss_cls: 0.3015, d3.loss_bbox: 0.6198, d4.loss_cls: 0.2927, d4.loss_bbox: 0.5895, loss: 6.1271, grad_norm: 20.9513
2025-06-22 03:49:15,625 - mmdet - INFO - Epoch [1][6450/7033]	lr: 2.500e-05, eta: 15:56:33, time: 1.597, data_time: 0.027, memory: 20293, loss_cls: 0.2696, loss_bbox: 0.5706, d0.loss_cls: 0.4201, d0.loss_bbox: 0.9022, d1.loss_cls: 0.3455, d1.loss_bbox: 0.7434, d2.loss_cls: 0.3180, d2.loss_bbox: 0.6951, d3.loss_cls: 0.2887, d3.loss_bbox: 0.6232, d4.loss_cls: 0.2789, d4.loss_bbox: 0.5886, loss: 6.0439, grad_norm: 22.9780
2025-06-22 03:50:37,049 - mmdet - INFO - Epoch [1][6500/7033]	lr: 2.500e-05, eta: 15:55:19, time: 1.628, data_time: 0.027, memory: 20293, loss_cls: 0.2945, loss_bbox: 0.5690, d0.loss_cls: 0.4422, d0.loss_bbox: 0.9016, d1.loss_cls: 0.3627, d1.loss_bbox: 0.7319, d2.loss_cls: 0.3390, d2.loss_bbox: 0.6821, d3.loss_cls: 0.3161, d3.loss_bbox: 0.6082, d4.loss_cls: 0.3015, d4.loss_bbox: 0.5838, loss: 6.1324, grad_norm: 20.6845
2025-06-22 03:51:56,743 - mmdet - INFO - Epoch [1][6550/7033]	lr: 2.500e-05, eta: 15:53:55, time: 1.594, data_time: 0.027, memory: 20293, loss_cls: 0.2814, loss_bbox: 0.5679, d0.loss_cls: 0.4150, d0.loss_bbox: 0.9033, d1.loss_cls: 0.3444, d1.loss_bbox: 0.7412, d2.loss_cls: 0.3234, d2.loss_bbox: 0.6869, d3.loss_cls: 0.2984, d3.loss_bbox: 0.6161, d4.loss_cls: 0.2890, d4.loss_bbox: 0.5841, loss: 6.0511, grad_norm: 21.2112
2025-06-22 03:53:16,522 - mmdet - INFO - Epoch [1][6600/7033]	lr: 2.500e-05, eta: 15:52:32, time: 1.596, data_time: 0.028, memory: 20293, loss_cls: 0.2744, loss_bbox: 0.5589, d0.loss_cls: 0.4175, d0.loss_bbox: 0.8767, d1.loss_cls: 0.3488, d1.loss_bbox: 0.7152, d2.loss_cls: 0.3242, d2.loss_bbox: 0.6710, d3.loss_cls: 0.2942, d3.loss_bbox: 0.6055, d4.loss_cls: 0.2817, d4.loss_bbox: 0.5763, loss: 5.9443, grad_norm: 24.6961
2025-06-22 03:54:36,324 - mmdet - INFO - Epoch [1][6650/7033]	lr: 2.500e-05, eta: 15:51:10, time: 1.596, data_time: 0.025, memory: 20293, loss_cls: 0.2767, loss_bbox: 0.5768, d0.loss_cls: 0.4169, d0.loss_bbox: 0.9017, d1.loss_cls: 0.3522, d1.loss_bbox: 0.7339, d2.loss_cls: 0.3247, d2.loss_bbox: 0.6922, d3.loss_cls: 0.2952, d3.loss_bbox: 0.6228, d4.loss_cls: 0.2856, d4.loss_bbox: 0.5926, loss: 6.0713, grad_norm: 21.9852
2025-06-22 03:55:56,121 - mmdet - INFO - Epoch [1][6700/7033]	lr: 2.500e-05, eta: 15:49:47, time: 1.596, data_time: 0.027, memory: 20293, loss_cls: 0.2664, loss_bbox: 0.5606, d0.loss_cls: 0.4215, d0.loss_bbox: 0.8943, d1.loss_cls: 0.3471, d1.loss_bbox: 0.7266, d2.loss_cls: 0.3114, d2.loss_bbox: 0.6820, d3.loss_cls: 0.2813, d3.loss_bbox: 0.6099, d4.loss_cls: 0.2752, d4.loss_bbox: 0.5750, loss: 5.9513, grad_norm: 19.9697
2025-06-22 03:57:16,017 - mmdet - INFO - Epoch [1][6750/7033]	lr: 2.500e-05, eta: 15:48:25, time: 1.598, data_time: 0.026, memory: 20293, loss_cls: 0.2590, loss_bbox: 0.5459, d0.loss_cls: 0.4007, d0.loss_bbox: 0.8917, d1.loss_cls: 0.3294, d1.loss_bbox: 0.7222, d2.loss_cls: 0.3128, d2.loss_bbox: 0.6682, d3.loss_cls: 0.2778, d3.loss_bbox: 0.5895, d4.loss_cls: 0.2743, d4.loss_bbox: 0.5551, loss: 5.8265, grad_norm: 19.0536
2025-06-22 03:58:35,922 - mmdet - INFO - Epoch [1][6800/7033]	lr: 2.500e-05, eta: 15:47:02, time: 1.598, data_time: 0.027, memory: 20293, loss_cls: 0.2765, loss_bbox: 0.5666, d0.loss_cls: 0.4132, d0.loss_bbox: 0.8954, d1.loss_cls: 0.3465, d1.loss_bbox: 0.7324, d2.loss_cls: 0.3221, d2.loss_bbox: 0.6781, d3.loss_cls: 0.2940, d3.loss_bbox: 0.6166, d4.loss_cls: 0.2818, d4.loss_bbox: 0.5839, loss: 6.0072, grad_norm: 23.9760
2025-06-22 03:59:55,697 - mmdet - INFO - Epoch [1][6850/7033]	lr: 2.500e-05, eta: 15:45:40, time: 1.595, data_time: 0.028, memory: 20293, loss_cls: 0.2634, loss_bbox: 0.5506, d0.loss_cls: 0.4142, d0.loss_bbox: 0.8844, d1.loss_cls: 0.3402, d1.loss_bbox: 0.7264, d2.loss_cls: 0.3107, d2.loss_bbox: 0.6724, d3.loss_cls: 0.2814, d3.loss_bbox: 0.5939, d4.loss_cls: 0.2721, d4.loss_bbox: 0.5637, loss: 5.8734, grad_norm: 25.6209
2025-06-22 04:01:17,162 - mmdet - INFO - Epoch [1][6900/7033]	lr: 2.500e-05, eta: 15:44:26, time: 1.629, data_time: 0.027, memory: 20293, loss_cls: 0.2638, loss_bbox: 0.5507, d0.loss_cls: 0.3952, d0.loss_bbox: 0.8970, d1.loss_cls: 0.3362, d1.loss_bbox: 0.7277, d2.loss_cls: 0.3087, d2.loss_bbox: 0.6748, d3.loss_cls: 0.2827, d3.loss_bbox: 0.5979, d4.loss_cls: 0.2695, d4.loss_bbox: 0.5658, loss: 5.8700, grad_norm: 18.2166
2025-06-22 04:02:36,832 - mmdet - INFO - Epoch [1][6950/7033]	lr: 2.500e-05, eta: 15:43:02, time: 1.593, data_time: 0.025, memory: 20293, loss_cls: 0.2646, loss_bbox: 0.5497, d0.loss_cls: 0.4035, d0.loss_bbox: 0.8890, d1.loss_cls: 0.3393, d1.loss_bbox: 0.7250, d2.loss_cls: 0.3084, d2.loss_bbox: 0.6750, d3.loss_cls: 0.2815, d3.loss_bbox: 0.5950, d4.loss_cls: 0.2668, d4.loss_bbox: 0.5672, loss: 5.8650, grad_norm: 20.9043
2025-06-22 04:03:56,739 - mmdet - INFO - Exp name: lidar_0075v_cam_res_2x2_hednetmiddleencoder_hednetbackbone4_dss0511_dp03_hugeep2_num2_morton_conv_xy_rope_bs2.py
2025-06-22 04:03:56,739 - mmdet - INFO - Epoch [1][7000/7033]	lr: 2.500e-05, eta: 15:41:40, time: 1.598, data_time: 0.027, memory: 20293, loss_cls: 0.2765, loss_bbox: 0.5636, d0.loss_cls: 0.4190, d0.loss_bbox: 0.8963, d1.loss_cls: 0.3471, d1.loss_bbox: 0.7448, d2.loss_cls: 0.3232, d2.loss_bbox: 0.6881, d3.loss_cls: 0.2942, d3.loss_bbox: 0.6122, d4.loss_cls: 0.2809, d4.loss_bbox: 0.5805, loss: 6.0263, grad_norm: 19.5644
2025-06-22 04:04:49,623 - mmdet - INFO - Saving checkpoint at 1 epochs
2025-06-22 04:28:25,957 - mmdet - INFO - Exp name: lidar_0075v_cam_res_2x2_hednetmiddleencoder_hednetbackbone4_dss0511_dp03_hugeep2_num2_morton_conv_xy_rope_bs2.py
2025-06-22 04:28:25,957 - mmdet - INFO - Epoch(val) [1][3010]	pts_bbox_NuScenes/car_AP_dist_0.5: 0.0311, pts_bbox_NuScenes/car_AP_dist_1.0: 0.2628, pts_bbox_NuScenes/car_AP_dist_2.0: 0.6159, pts_bbox_NuScenes/car_AP_dist_4.0: 0.7836, pts_bbox_NuScenes/car_trans_err: 0.7898, pts_bbox_NuScenes/car_scale_err: 0.1595, pts_bbox_NuScenes/car_orient_err: 0.1566, pts_bbox_NuScenes/car_vel_err: 1.1427, pts_bbox_NuScenes/car_attr_err: 0.2022, pts_bbox_NuScenes/mATE: 0.9289, pts_bbox_NuScenes/mASE: 0.2864, pts_bbox_NuScenes/mAOE: 0.5400, pts_bbox_NuScenes/mAVE: 1.0039, pts_bbox_NuScenes/mAAE: 0.2122, pts_bbox_NuScenes/truck_AP_dist_0.5: 0.0004, pts_bbox_NuScenes/truck_AP_dist_1.0: 0.0714, pts_bbox_NuScenes/truck_AP_dist_2.0: 0.2974, pts_bbox_NuScenes/truck_AP_dist_4.0: 0.5391, pts_bbox_NuScenes/truck_trans_err: 0.9555, pts_bbox_NuScenes/truck_scale_err: 0.2302, pts_bbox_NuScenes/truck_orient_err: 0.2441, pts_bbox_NuScenes/truck_vel_err: 1.1842, pts_bbox_NuScenes/truck_attr_err: 0.2469, pts_bbox_NuScenes/construction_vehicle_AP_dist_0.5: 0.0000, pts_bbox_NuScenes/construction_vehicle_AP_dist_1.0: 0.0016, pts_bbox_NuScenes/construction_vehicle_AP_dist_2.0: 0.0536, pts_bbox_NuScenes/construction_vehicle_AP_dist_4.0: 0.1707, pts_bbox_NuScenes/construction_vehicle_trans_err: 1.1416, pts_bbox_NuScenes/construction_vehicle_scale_err: 0.4440, pts_bbox_NuScenes/construction_vehicle_orient_err: 1.1181, pts_bbox_NuScenes/construction_vehicle_vel_err: 0.1395, pts_bbox_NuScenes/construction_vehicle_attr_err: 0.3170, pts_bbox_NuScenes/bus_AP_dist_0.5: 0.0008, pts_bbox_NuScenes/bus_AP_dist_1.0: 0.0980, pts_bbox_NuScenes/bus_AP_dist_2.0: 0.4201, pts_bbox_NuScenes/bus_AP_dist_4.0: 0.6923, pts_bbox_NuScenes/bus_trans_err: 0.9737, pts_bbox_NuScenes/bus_scale_err: 0.2330, pts_bbox_NuScenes/bus_orient_err: 0.2426, pts_bbox_NuScenes/bus_vel_err: 2.0823, pts_bbox_NuScenes/bus_attr_err: 0.3803, pts_bbox_NuScenes/trailer_AP_dist_0.5: 0.0000, pts_bbox_NuScenes/trailer_AP_dist_1.0: 0.0129, pts_bbox_NuScenes/trailer_AP_dist_2.0: 0.1892, pts_bbox_NuScenes/trailer_AP_dist_4.0: 0.3744, pts_bbox_NuScenes/trailer_trans_err: 1.1787, pts_bbox_NuScenes/trailer_scale_err: 0.2744, pts_bbox_NuScenes/trailer_orient_err: 0.6208, pts_bbox_NuScenes/trailer_vel_err: 1.0627, pts_bbox_NuScenes/trailer_attr_err: 0.1534, pts_bbox_NuScenes/barrier_AP_dist_0.5: 0.0171, pts_bbox_NuScenes/barrier_AP_dist_1.0: 0.2298, pts_bbox_NuScenes/barrier_AP_dist_2.0: 0.5583, pts_bbox_NuScenes/barrier_AP_dist_4.0: 0.6740, pts_bbox_NuScenes/barrier_trans_err: 0.8625, pts_bbox_NuScenes/barrier_scale_err: 0.2935, pts_bbox_NuScenes/barrier_orient_err: 0.2275, pts_bbox_NuScenes/barrier_vel_err: nan, pts_bbox_NuScenes/barrier_attr_err: nan, pts_bbox_NuScenes/motorcycle_AP_dist_0.5: 0.0076, pts_bbox_NuScenes/motorcycle_AP_dist_1.0: 0.1237, pts_bbox_NuScenes/motorcycle_AP_dist_2.0: 0.3653, pts_bbox_NuScenes/motorcycle_AP_dist_4.0: 0.5087, pts_bbox_NuScenes/motorcycle_trans_err: 0.8872, pts_bbox_NuScenes/motorcycle_scale_err: 0.2784, pts_bbox_NuScenes/motorcycle_orient_err: 0.6805, pts_bbox_NuScenes/motorcycle_vel_err: 1.4514, pts_bbox_NuScenes/motorcycle_attr_err: 0.1604, pts_bbox_NuScenes/bicycle_AP_dist_0.5: 0.0051, pts_bbox_NuScenes/bicycle_AP_dist_1.0: 0.1377, pts_bbox_NuScenes/bicycle_AP_dist_2.0: 0.3071, pts_bbox_NuScenes/bicycle_AP_dist_4.0: 0.4245, pts_bbox_NuScenes/bicycle_trans_err: 0.8127, pts_bbox_NuScenes/bicycle_scale_err: 0.2903, pts_bbox_NuScenes/bicycle_orient_err: 0.8478, pts_bbox_NuScenes/bicycle_vel_err: 0.3596, pts_bbox_NuScenes/bicycle_attr_err: 0.0137, pts_bbox_NuScenes/pedestrian_AP_dist_0.5: 0.0169, pts_bbox_NuScenes/pedestrian_AP_dist_1.0: 0.1817, pts_bbox_NuScenes/pedestrian_AP_dist_2.0: 0.4571, pts_bbox_NuScenes/pedestrian_AP_dist_4.0: 0.6474, pts_bbox_NuScenes/pedestrian_trans_err: 0.8556, pts_bbox_NuScenes/pedestrian_scale_err: 0.3130, pts_bbox_NuScenes/pedestrian_orient_err: 0.7223, pts_bbox_NuScenes/pedestrian_vel_err: 0.6084, pts_bbox_NuScenes/pedestrian_attr_err: 0.2235, pts_bbox_NuScenes/traffic_cone_AP_dist_0.5: 0.0175, pts_bbox_NuScenes/traffic_cone_AP_dist_1.0: 0.2328, pts_bbox_NuScenes/traffic_cone_AP_dist_2.0: 0.5319, pts_bbox_NuScenes/traffic_cone_AP_dist_4.0: 0.6747, pts_bbox_NuScenes/traffic_cone_trans_err: 0.8317, pts_bbox_NuScenes/traffic_cone_scale_err: 0.3471, pts_bbox_NuScenes/traffic_cone_orient_err: nan, pts_bbox_NuScenes/traffic_cone_vel_err: nan, pts_bbox_NuScenes/traffic_cone_attr_err: nan, pts_bbox_NuScenes/NDS: 0.3374, pts_bbox_NuScenes/mAP: 0.2684
2025-06-22 04:29:54,547 - mmdet - INFO - Epoch [2][50/7033]	lr: 2.333e-05, eta: 15:35:24, time: 1.683, data_time: 0.111, memory: 20293, loss_cls: 0.2615, loss_bbox: 0.5450, d0.loss_cls: 0.4018, d0.loss_bbox: 0.8684, d1.loss_cls: 0.3313, d1.loss_bbox: 0.7157, d2.loss_cls: 0.3068, d2.loss_bbox: 0.6619, d3.loss_cls: 0.2818, d3.loss_bbox: 0.5901, d4.loss_cls: 0.2702, d4.loss_bbox: 0.5590, loss: 5.7937, grad_norm: 17.1904
2025-06-22 04:31:14,373 - mmdet - INFO - Epoch [2][100/7033]	lr: 2.333e-05, eta: 15:34:03, time: 1.597, data_time: 0.026, memory: 20293, loss_cls: 0.2803, loss_bbox: 0.5602, d0.loss_cls: 0.4246, d0.loss_bbox: 0.8983, d1.loss_cls: 0.3591, d1.loss_bbox: 0.7323, d2.loss_cls: 0.3353, d2.loss_bbox: 0.6721, d3.loss_cls: 0.3056, d3.loss_bbox: 0.6041, d4.loss_cls: 0.2919, d4.loss_bbox: 0.5738, loss: 6.0375, grad_norm: 22.8213
2025-06-22 04:32:34,392 - mmdet - INFO - Epoch [2][150/7033]	lr: 2.333e-05, eta: 15:32:44, time: 1.600, data_time: 0.027, memory: 20293, loss_cls: 0.2554, loss_bbox: 0.5388, d0.loss_cls: 0.3960, d0.loss_bbox: 0.8784, d1.loss_cls: 0.3271, d1.loss_bbox: 0.7146, d2.loss_cls: 0.2999, d2.loss_bbox: 0.6587, d3.loss_cls: 0.2747, d3.loss_bbox: 0.5831, d4.loss_cls: 0.2611, d4.loss_bbox: 0.5572, loss: 5.7449, grad_norm: 18.6444
2025-06-22 04:33:54,268 - mmdet - INFO - Epoch [2][200/7033]	lr: 2.333e-05, eta: 15:31:24, time: 1.598, data_time: 0.026, memory: 20293, loss_cls: 0.2693, loss_bbox: 0.5544, d0.loss_cls: 0.4079, d0.loss_bbox: 0.8953, d1.loss_cls: 0.3493, d1.loss_bbox: 0.7389, d2.loss_cls: 0.3232, d2.loss_bbox: 0.6826, d3.loss_cls: 0.2892, d3.loss_bbox: 0.6113, d4.loss_cls: 0.2754, d4.loss_bbox: 0.5730, loss: 5.9696, grad_norm: 21.6919
2025-06-22 04:35:13,939 - mmdet - INFO - Epoch [2][250/7033]	lr: 2.333e-05, eta: 15:30:03, time: 1.593, data_time: 0.027, memory: 20293, loss_cls: 0.2746, loss_bbox: 0.5566, d0.loss_cls: 0.4079, d0.loss_bbox: 0.8726, d1.loss_cls: 0.3443, d1.loss_bbox: 0.7156, d2.loss_cls: 0.3154, d2.loss_bbox: 0.6650, d3.loss_cls: 0.2919, d3.loss_bbox: 0.5973, d4.loss_cls: 0.2817, d4.loss_bbox: 0.5698, loss: 5.8927, grad_norm: 44.8553
2025-06-22 04:36:33,684 - mmdet - INFO - Epoch [2][300/7033]	lr: 2.333e-05, eta: 15:28:42, time: 1.595, data_time: 0.026, memory: 20293, loss_cls: 0.2592, loss_bbox: 0.5385, d0.loss_cls: 0.3999, d0.loss_bbox: 0.8632, d1.loss_cls: 0.3411, d1.loss_bbox: 0.7049, d2.loss_cls: 0.3104, d2.loss_bbox: 0.6573, d3.loss_cls: 0.2831, d3.loss_bbox: 0.5879, d4.loss_cls: 0.2671, d4.loss_bbox: 0.5553, loss: 5.7679, grad_norm: 25.3048
2025-06-22 04:37:53,591 - mmdet - INFO - Epoch [2][350/7033]	lr: 2.333e-05, eta: 15:27:22, time: 1.598, data_time: 0.026, memory: 20293, loss_cls: 0.2764, loss_bbox: 0.5643, d0.loss_cls: 0.4090, d0.loss_bbox: 0.8974, d1.loss_cls: 0.3486, d1.loss_bbox: 0.7492, d2.loss_cls: 0.3210, d2.loss_bbox: 0.6933, d3.loss_cls: 0.2960, d3.loss_bbox: 0.6164, d4.loss_cls: 0.2814, d4.loss_bbox: 0.5837, loss: 6.0368, grad_norm: 21.4931
2025-06-22 04:39:15,471 - mmdet - INFO - Epoch [2][400/7033]	lr: 2.333e-05, eta: 15:26:11, time: 1.638, data_time: 0.028, memory: 20293, loss_cls: 0.2563, loss_bbox: 0.5377, d0.loss_cls: 0.4043, d0.loss_bbox: 0.8613, d1.loss_cls: 0.3344, d1.loss_bbox: 0.7052, d2.loss_cls: 0.3078, d2.loss_bbox: 0.6491, d3.loss_cls: 0.2777, d3.loss_bbox: 0.5843, d4.loss_cls: 0.2639, d4.loss_bbox: 0.5519, loss: 5.7340, grad_norm: 20.0144
2025-06-22 04:40:35,451 - mmdet - INFO - Epoch [2][450/7033]	lr: 2.333e-05, eta: 15:24:52, time: 1.600, data_time: 0.026, memory: 20293, loss_cls: 0.2701, loss_bbox: 0.5496, d0.loss_cls: 0.4210, d0.loss_bbox: 0.8777, d1.loss_cls: 0.3501, d1.loss_bbox: 0.7097, d2.loss_cls: 0.3192, d2.loss_bbox: 0.6641, d3.loss_cls: 0.2913, d3.loss_bbox: 0.5944, d4.loss_cls: 0.2825, d4.loss_bbox: 0.5660, loss: 5.8958, grad_norm: 22.1593
2025-06-22 04:41:55,378 - mmdet - INFO - Epoch [2][500/7033]	lr: 2.333e-05, eta: 15:23:32, time: 1.599, data_time: 0.027, memory: 20293, loss_cls: 0.2528, loss_bbox: 0.5342, d0.loss_cls: 0.3935, d0.loss_bbox: 0.8615, d1.loss_cls: 0.3354, d1.loss_bbox: 0.7022, d2.loss_cls: 0.3063, d2.loss_bbox: 0.6485, d3.loss_cls: 0.2716, d3.loss_bbox: 0.5817, d4.loss_cls: 0.2611, d4.loss_bbox: 0.5487, loss: 5.6974, grad_norm: 27.8982
2025-06-22 04:43:15,127 - mmdet - INFO - Epoch [2][550/7033]	lr: 2.333e-05, eta: 15:22:11, time: 1.595, data_time: 0.028, memory: 20293, loss_cls: 0.2519, loss_bbox: 0.5381, d0.loss_cls: 0.3931, d0.loss_bbox: 0.8736, d1.loss_cls: 0.3349, d1.loss_bbox: 0.7095, d2.loss_cls: 0.2988, d2.loss_bbox: 0.6578, d3.loss_cls: 0.2694, d3.loss_bbox: 0.5886, d4.loss_cls: 0.2560, d4.loss_bbox: 0.5595, loss: 5.7313, grad_norm: 19.3440
2025-06-22 04:44:35,258 - mmdet - INFO - Epoch [2][600/7033]	lr: 2.333e-05, eta: 15:20:52, time: 1.603, data_time: 0.028, memory: 20293, loss_cls: 0.2565, loss_bbox: 0.5437, d0.loss_cls: 0.3950, d0.loss_bbox: 0.8698, d1.loss_cls: 0.3327, d1.loss_bbox: 0.7159, d2.loss_cls: 0.3028, d2.loss_bbox: 0.6630, d3.loss_cls: 0.2736, d3.loss_bbox: 0.5941, d4.loss_cls: 0.2620, d4.loss_bbox: 0.5628, loss: 5.7720, grad_norm: 23.6991
2025-06-22 04:45:55,117 - mmdet - INFO - Epoch [2][650/7033]	lr: 2.333e-05, eta: 15:19:32, time: 1.597, data_time: 0.026, memory: 20293, loss_cls: 0.2609, loss_bbox: 0.5494, d0.loss_cls: 0.4123, d0.loss_bbox: 0.8915, d1.loss_cls: 0.3435, d1.loss_bbox: 0.7357, d2.loss_cls: 0.3136, d2.loss_bbox: 0.6745, d3.loss_cls: 0.2816, d3.loss_bbox: 0.6011, d4.loss_cls: 0.2711, d4.loss_bbox: 0.5653, loss: 5.9005, grad_norm: 24.5359
2025-06-22 04:47:15,214 - mmdet - INFO - Epoch [2][700/7033]	lr: 2.333e-05, eta: 15:18:12, time: 1.602, data_time: 0.027, memory: 20293, loss_cls: 0.2652, loss_bbox: 0.5396, d0.loss_cls: 0.4072, d0.loss_bbox: 0.8711, d1.loss_cls: 0.3379, d1.loss_bbox: 0.7183, d2.loss_cls: 0.3116, d2.loss_bbox: 0.6598, d3.loss_cls: 0.2843, d3.loss_bbox: 0.5956, d4.loss_cls: 0.2718, d4.loss_bbox: 0.5625, loss: 5.8247, grad_norm: 25.1740
2025-06-22 04:48:35,011 - mmdet - INFO - Epoch [2][750/7033]	lr: 2.333e-05, eta: 15:16:52, time: 1.596, data_time: 0.027, memory: 20293, loss_cls: 0.2747, loss_bbox: 0.5552, d0.loss_cls: 0.4195, d0.loss_bbox: 0.8968, d1.loss_cls: 0.3518, d1.loss_bbox: 0.7297, d2.loss_cls: 0.3282, d2.loss_bbox: 0.6742, d3.loss_cls: 0.2958, d3.loss_bbox: 0.6094, d4.loss_cls: 0.2888, d4.loss_bbox: 0.5692, loss: 5.9931, grad_norm: 21.3339
2025-06-22 04:49:54,970 - mmdet - INFO - Epoch [2][800/7033]	lr: 2.333e-05, eta: 15:15:32, time: 1.599, data_time: 0.026, memory: 20293, loss_cls: 0.2602, loss_bbox: 0.5304, d0.loss_cls: 0.3853, d0.loss_bbox: 0.8660, d1.loss_cls: 0.3277, d1.loss_bbox: 0.7104, d2.loss_cls: 0.3063, d2.loss_bbox: 0.6464, d3.loss_cls: 0.2773, d3.loss_bbox: 0.5809, d4.loss_cls: 0.2681, d4.loss_bbox: 0.5484, loss: 5.7074, grad_norm: 23.2697
2025-06-22 04:51:14,675 - mmdet - INFO - Epoch [2][850/7033]	lr: 2.333e-05, eta: 15:14:11, time: 1.594, data_time: 0.025, memory: 20293, loss_cls: 0.2521, loss_bbox: 0.5416, d0.loss_cls: 0.3974, d0.loss_bbox: 0.8671, d1.loss_cls: 0.3342, d1.loss_bbox: 0.7067, d2.loss_cls: 0.2966, d2.loss_bbox: 0.6571, d3.loss_cls: 0.2675, d3.loss_bbox: 0.5866, d4.loss_cls: 0.2605, d4.loss_bbox: 0.5576, loss: 5.7250, grad_norm: 22.3734
2025-06-22 04:52:34,416 - mmdet - INFO - Epoch [2][900/7033]	lr: 2.333e-05, eta: 15:12:51, time: 1.595, data_time: 0.027, memory: 20293, loss_cls: 0.2725, loss_bbox: 0.5523, d0.loss_cls: 0.4085, d0.loss_bbox: 0.8830, d1.loss_cls: 0.3436, d1.loss_bbox: 0.7305, d2.loss_cls: 0.3204, d2.loss_bbox: 0.6672, d3.loss_cls: 0.2870, d3.loss_bbox: 0.6033, d4.loss_cls: 0.2776, d4.loss_bbox: 0.5692, loss: 5.9151, grad_norm: 23.4879
2025-06-22 04:53:54,324 - mmdet - INFO - Epoch [2][950/7033]	lr: 2.333e-05, eta: 15:11:31, time: 1.598, data_time: 0.026, memory: 20293, loss_cls: 0.2543, loss_bbox: 0.5304, d0.loss_cls: 0.4025, d0.loss_bbox: 0.8587, d1.loss_cls: 0.3375, d1.loss_bbox: 0.7065, d2.loss_cls: 0.3112, d2.loss_bbox: 0.6402, d3.loss_cls: 0.2766, d3.loss_bbox: 0.5791, d4.loss_cls: 0.2631, d4.loss_bbox: 0.5487, loss: 5.7086, grad_norm: 25.2157
2025-06-22 04:55:14,302 - mmdet - INFO - Epoch [2][1000/7033]	lr: 2.333e-05, eta: 15:10:11, time: 1.600, data_time: 0.027, memory: 20293, loss_cls: 0.2583, loss_bbox: 0.5180, d0.loss_cls: 0.3974, d0.loss_bbox: 0.8621, d1.loss_cls: 0.3345, d1.loss_bbox: 0.6957, d2.loss_cls: 0.3081, d2.loss_bbox: 0.6380, d3.loss_cls: 0.2772, d3.loss_bbox: 0.5753, d4.loss_cls: 0.2637, d4.loss_bbox: 0.5419, loss: 5.6703, grad_norm: 21.1342
2025-06-22 04:56:34,289 - mmdet - INFO - Epoch [2][1050/7033]	lr: 2.333e-05, eta: 15:08:51, time: 1.600, data_time: 0.027, memory: 20293, loss_cls: 0.2482, loss_bbox: 0.5279, d0.loss_cls: 0.3943, d0.loss_bbox: 0.8719, d1.loss_cls: 0.3341, d1.loss_bbox: 0.7127, d2.loss_cls: 0.2983, d2.loss_bbox: 0.6532, d3.loss_cls: 0.2690, d3.loss_bbox: 0.5816, d4.loss_cls: 0.2535, d4.loss_bbox: 0.5490, loss: 5.6939, grad_norm: 22.5653
2025-06-22 04:57:54,104 - mmdet - INFO - Epoch [2][1100/7033]	lr: 2.333e-05, eta: 15:07:31, time: 1.596, data_time: 0.025, memory: 20293, loss_cls: 0.2586, loss_bbox: 0.5384, d0.loss_cls: 0.4062, d0.loss_bbox: 0.8614, d1.loss_cls: 0.3436, d1.loss_bbox: 0.7052, d2.loss_cls: 0.3113, d2.loss_bbox: 0.6415, d3.loss_cls: 0.2756, d3.loss_bbox: 0.5878, d4.loss_cls: 0.2657, d4.loss_bbox: 0.5570, loss: 5.7522, grad_norm: 30.9636
2025-06-22 04:59:13,888 - mmdet - INFO - Epoch [2][1150/7033]	lr: 2.333e-05, eta: 15:06:10, time: 1.596, data_time: 0.026, memory: 20293, loss_cls: 0.2533, loss_bbox: 0.5412, d0.loss_cls: 0.3964, d0.loss_bbox: 0.8651, d1.loss_cls: 0.3403, d1.loss_bbox: 0.7046, d2.loss_cls: 0.3125, d2.loss_bbox: 0.6450, d3.loss_cls: 0.2732, d3.loss_bbox: 0.5854, d4.loss_cls: 0.2596, d4.loss_bbox: 0.5555, loss: 5.7320, grad_norm: 30.3581
2025-06-22 05:00:33,548 - mmdet - INFO - Epoch [2][1200/7033]	lr: 2.333e-05, eta: 15:04:49, time: 1.593, data_time: 0.026, memory: 20293, loss_cls: 0.2591, loss_bbox: 0.5236, d0.loss_cls: 0.4055, d0.loss_bbox: 0.8618, d1.loss_cls: 0.3445, d1.loss_bbox: 0.6925, d2.loss_cls: 0.3087, d2.loss_bbox: 0.6363, d3.loss_cls: 0.2790, d3.loss_bbox: 0.5753, d4.loss_cls: 0.2688, d4.loss_bbox: 0.5404, loss: 5.6955, grad_norm: 38.9926
2025-06-22 05:01:55,481 - mmdet - INFO - Epoch [2][1250/7033]	lr: 2.333e-05, eta: 15:03:38, time: 1.639, data_time: 0.026, memory: 20293, loss_cls: 0.2531, loss_bbox: 0.5291, d0.loss_cls: 0.3990, d0.loss_bbox: 0.8476, d1.loss_cls: 0.3388, d1.loss_bbox: 0.6904, d2.loss_cls: 0.3035, d2.loss_bbox: 0.6289, d3.loss_cls: 0.2745, d3.loss_bbox: 0.5737, d4.loss_cls: 0.2613, d4.loss_bbox: 0.5434, loss: 5.6434, grad_norm: 28.2400
2025-06-22 05:03:15,750 - mmdet - INFO - Epoch [2][1300/7033]	lr: 2.333e-05, eta: 15:02:19, time: 1.605, data_time: 0.027, memory: 20293, loss_cls: 0.2613, loss_bbox: 0.5227, d0.loss_cls: 0.4062, d0.loss_bbox: 0.8473, d1.loss_cls: 0.3447, d1.loss_bbox: 0.6915, d2.loss_cls: 0.3097, d2.loss_bbox: 0.6364, d3.loss_cls: 0.2864, d3.loss_bbox: 0.5695, d4.loss_cls: 0.2673, d4.loss_bbox: 0.5421, loss: 5.6850, grad_norm: 33.9446
2025-06-22 05:04:35,705 - mmdet - INFO - Epoch [2][1350/7033]	lr: 2.333e-05, eta: 15:00:59, time: 1.599, data_time: 0.026, memory: 20293, loss_cls: 0.2566, loss_bbox: 0.5280, d0.loss_cls: 0.4009, d0.loss_bbox: 0.8673, d1.loss_cls: 0.3437, d1.loss_bbox: 0.7053, d2.loss_cls: 0.3118, d2.loss_bbox: 0.6429, d3.loss_cls: 0.2859, d3.loss_bbox: 0.5747, d4.loss_cls: 0.2695, d4.loss_bbox: 0.5420, loss: 5.7287, grad_norm: 23.9530
2025-06-22 05:05:55,503 - mmdet - INFO - Epoch [2][1400/7033]	lr: 2.333e-05, eta: 14:59:39, time: 1.596, data_time: 0.025, memory: 20293, loss_cls: 0.2545, loss_bbox: 0.5278, d0.loss_cls: 0.3891, d0.loss_bbox: 0.8543, d1.loss_cls: 0.3262, d1.loss_bbox: 0.6993, d2.loss_cls: 0.2997, d2.loss_bbox: 0.6383, d3.loss_cls: 0.2738, d3.loss_bbox: 0.5706, d4.loss_cls: 0.2640, d4.loss_bbox: 0.5405, loss: 5.6381, grad_norm: 21.4103
2025-06-22 05:07:15,240 - mmdet - INFO - Epoch [2][1450/7033]	lr: 2.333e-05, eta: 14:58:18, time: 1.595, data_time: 0.025, memory: 20293, loss_cls: 0.2581, loss_bbox: 0.5136, d0.loss_cls: 0.3931, d0.loss_bbox: 0.8598, d1.loss_cls: 0.3362, d1.loss_bbox: 0.6897, d2.loss_cls: 0.3054, d2.loss_bbox: 0.6316, d3.loss_cls: 0.2820, d3.loss_bbox: 0.5607, d4.loss_cls: 0.2646, d4.loss_bbox: 0.5324, loss: 5.6272, grad_norm: 23.1874
2025-06-22 05:08:35,432 - mmdet - INFO - Epoch [2][1500/7033]	lr: 2.333e-05, eta: 14:56:59, time: 1.604, data_time: 0.027, memory: 20293, loss_cls: 0.2686, loss_bbox: 0.5347, d0.loss_cls: 0.4002, d0.loss_bbox: 0.8607, d1.loss_cls: 0.3427, d1.loss_bbox: 0.7013, d2.loss_cls: 0.3141, d2.loss_bbox: 0.6429, d3.loss_cls: 0.2888, d3.loss_bbox: 0.5785, d4.loss_cls: 0.2737, d4.loss_bbox: 0.5516, loss: 5.7579, grad_norm: 23.5776
2025-06-22 05:09:54,982 - mmdet - INFO - Epoch [2][1550/7033]	lr: 2.333e-05, eta: 14:55:38, time: 1.591, data_time: 0.027, memory: 20293, loss_cls: 0.2673, loss_bbox: 0.5148, d0.loss_cls: 0.3966, d0.loss_bbox: 0.8550, d1.loss_cls: 0.3416, d1.loss_bbox: 0.6922, d2.loss_cls: 0.3133, d2.loss_bbox: 0.6345, d3.loss_cls: 0.2831, d3.loss_bbox: 0.5696, d4.loss_cls: 0.2710, d4.loss_bbox: 0.5343, loss: 5.6733, grad_norm: 23.8703
2025-06-22 05:11:14,500 - mmdet - INFO - Epoch [2][1600/7033]	lr: 2.333e-05, eta: 14:54:16, time: 1.590, data_time: 0.025, memory: 20293, loss_cls: 0.2458, loss_bbox: 0.5049, d0.loss_cls: 0.3872, d0.loss_bbox: 0.8394, d1.loss_cls: 0.3282, d1.loss_bbox: 0.6860, d2.loss_cls: 0.2985, d2.loss_bbox: 0.6245, d3.loss_cls: 0.2625, d3.loss_bbox: 0.5552, d4.loss_cls: 0.2514, d4.loss_bbox: 0.5223, loss: 5.5059, grad_norm: 25.1841
2025-06-22 05:12:34,371 - mmdet - INFO - Epoch [2][1650/7033]	lr: 2.333e-05, eta: 14:52:56, time: 1.597, data_time: 0.027, memory: 20293, loss_cls: 0.2523, loss_bbox: 0.5219, d0.loss_cls: 0.3944, d0.loss_bbox: 0.8473, d1.loss_cls: 0.3364, d1.loss_bbox: 0.7002, d2.loss_cls: 0.3066, d2.loss_bbox: 0.6323, d3.loss_cls: 0.2738, d3.loss_bbox: 0.5730, d4.loss_cls: 0.2618, d4.loss_bbox: 0.5432, loss: 5.6433, grad_norm: 24.4049
2025-06-22 05:13:54,271 - mmdet - INFO - Epoch [2][1700/7033]	lr: 2.333e-05, eta: 14:51:36, time: 1.598, data_time: 0.026, memory: 20293, loss_cls: 0.2390, loss_bbox: 0.5109, d0.loss_cls: 0.3899, d0.loss_bbox: 0.8444, d1.loss_cls: 0.3250, d1.loss_bbox: 0.6814, d2.loss_cls: 0.2935, d2.loss_bbox: 0.6179, d3.loss_cls: 0.2594, d3.loss_bbox: 0.5593, d4.loss_cls: 0.2443, d4.loss_bbox: 0.5311, loss: 5.4961, grad_norm: 23.4946
2025-06-22 05:15:14,080 - mmdet - INFO - Epoch [2][1750/7033]	lr: 2.333e-05, eta: 14:50:16, time: 1.596, data_time: 0.026, memory: 20293, loss_cls: 0.2505, loss_bbox: 0.5195, d0.loss_cls: 0.3937, d0.loss_bbox: 0.8530, d1.loss_cls: 0.3364, d1.loss_bbox: 0.6931, d2.loss_cls: 0.3062, d2.loss_bbox: 0.6285, d3.loss_cls: 0.2751, d3.loss_bbox: 0.5629, d4.loss_cls: 0.2573, d4.loss_bbox: 0.5354, loss: 5.6117, grad_norm: 26.0960
2025-06-22 05:16:33,949 - mmdet - INFO - Epoch [2][1800/7033]	lr: 2.333e-05, eta: 14:48:55, time: 1.597, data_time: 0.027, memory: 20293, loss_cls: 0.2544, loss_bbox: 0.5055, d0.loss_cls: 0.3946, d0.loss_bbox: 0.8364, d1.loss_cls: 0.3350, d1.loss_bbox: 0.6788, d2.loss_cls: 0.3108, d2.loss_bbox: 0.6102, d3.loss_cls: 0.2749, d3.loss_bbox: 0.5528, d4.loss_cls: 0.2613, d4.loss_bbox: 0.5227, loss: 5.5374, grad_norm: 33.6305
2025-06-22 05:17:53,809 - mmdet - INFO - Epoch [2][1850/7033]	lr: 2.333e-05, eta: 14:47:35, time: 1.597, data_time: 0.027, memory: 20293, loss_cls: 0.2602, loss_bbox: 0.5227, d0.loss_cls: 0.3957, d0.loss_bbox: 0.8330, d1.loss_cls: 0.3432, d1.loss_bbox: 0.6886, d2.loss_cls: 0.3186, d2.loss_bbox: 0.6246, d3.loss_cls: 0.2840, d3.loss_bbox: 0.5684, d4.loss_cls: 0.2705, d4.loss_bbox: 0.5370, loss: 5.6463, grad_norm: 24.0351
2025-06-22 05:19:13,879 - mmdet - INFO - Epoch [2][1900/7033]	lr: 2.333e-05, eta: 14:46:16, time: 1.601, data_time: 0.027, memory: 20293, loss_cls: 0.2593, loss_bbox: 0.5179, d0.loss_cls: 0.3891, d0.loss_bbox: 0.8455, d1.loss_cls: 0.3418, d1.loss_bbox: 0.6890, d2.loss_cls: 0.3112, d2.loss_bbox: 0.6260, d3.loss_cls: 0.2791, d3.loss_bbox: 0.5697, d4.loss_cls: 0.2718, d4.loss_bbox: 0.5377, loss: 5.6383, grad_norm: 35.6404
2025-06-22 05:20:34,575 - mmdet - INFO - Epoch [2][1950/7033]	lr: 2.333e-05, eta: 14:44:59, time: 1.614, data_time: 0.046, memory: 20293, loss_cls: 0.2591, loss_bbox: 0.5207, d0.loss_cls: 0.3964, d0.loss_bbox: 0.8471, d1.loss_cls: 0.3415, d1.loss_bbox: 0.6979, d2.loss_cls: 0.3112, d2.loss_bbox: 0.6341, d3.loss_cls: 0.2812, d3.loss_bbox: 0.5752, d4.loss_cls: 0.2659, d4.loss_bbox: 0.5435, loss: 5.6739, grad_norm: 26.3286
2025-06-22 05:21:54,600 - mmdet - INFO - Epoch [2][2000/7033]	lr: 2.333e-05, eta: 14:43:39, time: 1.600, data_time: 0.027, memory: 20293, loss_cls: 0.2453, loss_bbox: 0.5052, d0.loss_cls: 0.3963, d0.loss_bbox: 0.8527, d1.loss_cls: 0.3309, d1.loss_bbox: 0.6850, d2.loss_cls: 0.3043, d2.loss_bbox: 0.6131, d3.loss_cls: 0.2713, d3.loss_bbox: 0.5506, d4.loss_cls: 0.2572, d4.loss_bbox: 0.5217, loss: 5.5337, grad_norm: 21.9996
2025-06-22 05:23:24,625 - mmdet - INFO - Epoch [2][2050/7033]	lr: 2.333e-05, eta: 14:42:56, time: 1.801, data_time: 0.048, memory: 20293, loss_cls: 0.2481, loss_bbox: 0.5174, d0.loss_cls: 0.3910, d0.loss_bbox: 0.8482, d1.loss_cls: 0.3266, d1.loss_bbox: 0.6868, d2.loss_cls: 0.3027, d2.loss_bbox: 0.6224, d3.loss_cls: 0.2736, d3.loss_bbox: 0.5585, d4.loss_cls: 0.2557, d4.loss_bbox: 0.5364, loss: 5.5672, grad_norm: 20.9022
2025-06-22 05:24:44,556 - mmdet - INFO - Epoch [2][2100/7033]	lr: 2.333e-05, eta: 14:41:36, time: 1.599, data_time: 0.029, memory: 20293, loss_cls: 0.2512, loss_bbox: 0.5140, d0.loss_cls: 0.4033, d0.loss_bbox: 0.8366, d1.loss_cls: 0.3346, d1.loss_bbox: 0.6904, d2.loss_cls: 0.3058, d2.loss_bbox: 0.6234, d3.loss_cls: 0.2659, d3.loss_bbox: 0.5677, d4.loss_cls: 0.2588, d4.loss_bbox: 0.5340, loss: 5.5856, grad_norm: 24.0607
2025-06-22 05:26:04,520 - mmdet - INFO - Epoch [2][2150/7033]	lr: 2.333e-05, eta: 14:40:16, time: 1.599, data_time: 0.027, memory: 20293, loss_cls: 0.2487, loss_bbox: 0.5274, d0.loss_cls: 0.3894, d0.loss_bbox: 0.8529, d1.loss_cls: 0.3326, d1.loss_bbox: 0.6971, d2.loss_cls: 0.3003, d2.loss_bbox: 0.6384, d3.loss_cls: 0.2683, d3.loss_bbox: 0.5793, d4.loss_cls: 0.2507, d4.loss_bbox: 0.5493, loss: 5.6344, grad_norm: 18.3251
2025-06-22 05:27:24,348 - mmdet - INFO - Epoch [2][2200/7033]	lr: 2.333e-05, eta: 14:38:55, time: 1.597, data_time: 0.027, memory: 20293, loss_cls: 0.2482, loss_bbox: 0.5231, d0.loss_cls: 0.3895, d0.loss_bbox: 0.8342, d1.loss_cls: 0.3352, d1.loss_bbox: 0.6844, d2.loss_cls: 0.3010, d2.loss_bbox: 0.6250, d3.loss_cls: 0.2689, d3.loss_bbox: 0.5691, d4.loss_cls: 0.2515, d4.loss_bbox: 0.5425, loss: 5.5726, grad_norm: 25.4292
2025-06-22 05:28:44,305 - mmdet - INFO - Epoch [2][2250/7033]	lr: 2.333e-05, eta: 14:37:35, time: 1.599, data_time: 0.027, memory: 20293, loss_cls: 0.2453, loss_bbox: 0.5172, d0.loss_cls: 0.3897, d0.loss_bbox: 0.8489, d1.loss_cls: 0.3366, d1.loss_bbox: 0.6844, d2.loss_cls: 0.3017, d2.loss_bbox: 0.6238, d3.loss_cls: 0.2669, d3.loss_bbox: 0.5693, d4.loss_cls: 0.2547, d4.loss_bbox: 0.5372, loss: 5.5756, grad_norm: 22.6341
2025-06-22 05:30:03,985 - mmdet - INFO - Epoch [2][2300/7033]	lr: 2.333e-05, eta: 14:36:14, time: 1.594, data_time: 0.026, memory: 20293, loss_cls: 0.2486, loss_bbox: 0.5244, d0.loss_cls: 0.3996, d0.loss_bbox: 0.8415, d1.loss_cls: 0.3367, d1.loss_bbox: 0.6961, d2.loss_cls: 0.3059, d2.loss_bbox: 0.6342, d3.loss_cls: 0.2694, d3.loss_bbox: 0.5790, d4.loss_cls: 0.2555, d4.loss_bbox: 0.5471, loss: 5.6381, grad_norm: 25.4242
2025-06-22 05:31:23,847 - mmdet - INFO - Epoch [2][2350/7033]	lr: 2.333e-05, eta: 14:34:54, time: 1.597, data_time: 0.026, memory: 20293, loss_cls: 0.2428, loss_bbox: 0.5030, d0.loss_cls: 0.3945, d0.loss_bbox: 0.8262, d1.loss_cls: 0.3340, d1.loss_bbox: 0.6666, d2.loss_cls: 0.2994, d2.loss_bbox: 0.6079, d3.loss_cls: 0.2609, d3.loss_bbox: 0.5546, d4.loss_cls: 0.2480, d4.loss_bbox: 0.5235, loss: 5.4614, grad_norm: 23.6209
2025-06-22 05:32:43,838 - mmdet - INFO - Epoch [2][2400/7033]	lr: 2.333e-05, eta: 14:33:34, time: 1.600, data_time: 0.027, memory: 20293, loss_cls: 0.2615, loss_bbox: 0.5211, d0.loss_cls: 0.4011, d0.loss_bbox: 0.8507, d1.loss_cls: 0.3416, d1.loss_bbox: 0.6902, d2.loss_cls: 0.3105, d2.loss_bbox: 0.6259, d3.loss_cls: 0.2721, d3.loss_bbox: 0.5738, d4.loss_cls: 0.2651, d4.loss_bbox: 0.5417, loss: 5.6553, grad_norm: 23.5084
2025-06-22 05:34:03,811 - mmdet - INFO - Epoch [2][2450/7033]	lr: 2.333e-05, eta: 14:32:14, time: 1.599, data_time: 0.028, memory: 20293, loss_cls: 0.2498, loss_bbox: 0.5059, d0.loss_cls: 0.3929, d0.loss_bbox: 0.8365, d1.loss_cls: 0.3305, d1.loss_bbox: 0.6905, d2.loss_cls: 0.3018, d2.loss_bbox: 0.6207, d3.loss_cls: 0.2683, d3.loss_bbox: 0.5623, d4.loss_cls: 0.2545, d4.loss_bbox: 0.5292, loss: 5.5428, grad_norm: 23.7725
2025-06-22 05:35:23,853 - mmdet - INFO - Epoch [2][2500/7033]	lr: 2.333e-05, eta: 14:30:54, time: 1.601, data_time: 0.027, memory: 20293, loss_cls: 0.2492, loss_bbox: 0.5267, d0.loss_cls: 0.3894, d0.loss_bbox: 0.8424, d1.loss_cls: 0.3367, d1.loss_bbox: 0.6983, d2.loss_cls: 0.3057, d2.loss_bbox: 0.6294, d3.loss_cls: 0.2703, d3.loss_bbox: 0.5720, d4.loss_cls: 0.2588, d4.loss_bbox: 0.5418, loss: 5.6208, grad_norm: 23.0036
2025-06-22 05:36:43,775 - mmdet - INFO - Epoch [2][2550/7033]	lr: 2.333e-05, eta: 14:29:34, time: 1.598, data_time: 0.026, memory: 20293, loss_cls: 0.2640, loss_bbox: 0.5369, d0.loss_cls: 0.4080, d0.loss_bbox: 0.8532, d1.loss_cls: 0.3466, d1.loss_bbox: 0.7076, d2.loss_cls: 0.3157, d2.loss_bbox: 0.6454, d3.loss_cls: 0.2872, d3.loss_bbox: 0.5863, d4.loss_cls: 0.2702, d4.loss_bbox: 0.5565, loss: 5.7774, grad_norm: 19.5720
2025-06-22 05:38:03,827 - mmdet - INFO - Epoch [2][2600/7033]	lr: 2.333e-05, eta: 14:28:14, time: 1.601, data_time: 0.026, memory: 20293, loss_cls: 0.2859, loss_bbox: 0.5441, d0.loss_cls: 0.4146, d0.loss_bbox: 0.8558, d1.loss_cls: 0.3620, d1.loss_bbox: 0.7121, d2.loss_cls: 0.3394, d2.loss_bbox: 0.6488, d3.loss_cls: 0.3012, d3.loss_bbox: 0.5963, d4.loss_cls: 0.2898, d4.loss_bbox: 0.5684, loss: 5.9184, grad_norm: 22.1399
2025-06-22 05:39:23,691 - mmdet - INFO - Epoch [2][2650/7033]	lr: 2.333e-05, eta: 14:26:53, time: 1.597, data_time: 0.027, memory: 20293, loss_cls: 0.2470, loss_bbox: 0.5147, d0.loss_cls: 0.3796, d0.loss_bbox: 0.8452, d1.loss_cls: 0.3384, d1.loss_bbox: 0.6904, d2.loss_cls: 0.3066, d2.loss_bbox: 0.6235, d3.loss_cls: 0.2720, d3.loss_bbox: 0.5659, d4.loss_cls: 0.2572, d4.loss_bbox: 0.5367, loss: 5.5772, grad_norm: 60.9015
2025-06-22 05:40:45,304 - mmdet - INFO - Epoch [2][2700/7033]	lr: 2.333e-05, eta: 14:25:39, time: 1.632, data_time: 0.027, memory: 20293, loss_cls: 0.2638, loss_bbox: 0.5192, d0.loss_cls: 0.4012, d0.loss_bbox: 0.8449, d1.loss_cls: 0.3429, d1.loss_bbox: 0.7006, d2.loss_cls: 0.3128, d2.loss_bbox: 0.6293, d3.loss_cls: 0.2775, d3.loss_bbox: 0.5763, d4.loss_cls: 0.2676, d4.loss_bbox: 0.5422, loss: 5.6784, grad_norm: 20.2166
2025-06-22 05:42:05,422 - mmdet - INFO - Epoch [2][2750/7033]	lr: 2.333e-05, eta: 14:24:19, time: 1.602, data_time: 0.028, memory: 20293, loss_cls: 0.2494, loss_bbox: 0.5111, d0.loss_cls: 0.3934, d0.loss_bbox: 0.8238, d1.loss_cls: 0.3317, d1.loss_bbox: 0.6852, d2.loss_cls: 0.3041, d2.loss_bbox: 0.6159, d3.loss_cls: 0.2650, d3.loss_bbox: 0.5649, d4.loss_cls: 0.2535, d4.loss_bbox: 0.5328, loss: 5.5309, grad_norm: 19.5319
2025-06-22 05:43:25,404 - mmdet - INFO - Epoch [2][2800/7033]	lr: 2.333e-05, eta: 14:22:59, time: 1.600, data_time: 0.027, memory: 20293, loss_cls: 0.2370, loss_bbox: 0.5040, d0.loss_cls: 0.3810, d0.loss_bbox: 0.8308, d1.loss_cls: 0.3307, d1.loss_bbox: 0.6853, d2.loss_cls: 0.2940, d2.loss_bbox: 0.6155, d3.loss_cls: 0.2571, d3.loss_bbox: 0.5577, d4.loss_cls: 0.2402, d4.loss_bbox: 0.5261, loss: 5.4594, grad_norm: 24.3443
2025-06-22 05:44:45,566 - mmdet - INFO - Epoch [2][2850/7033]	lr: 2.333e-05, eta: 14:21:40, time: 1.603, data_time: 0.028, memory: 20293, loss_cls: 0.2712, loss_bbox: 0.5327, d0.loss_cls: 0.3975, d0.loss_bbox: 0.8487, d1.loss_cls: 0.3490, d1.loss_bbox: 0.6964, d2.loss_cls: 0.3175, d2.loss_bbox: 0.6276, d3.loss_cls: 0.2890, d3.loss_bbox: 0.5807, d4.loss_cls: 0.2777, d4.loss_bbox: 0.5533, loss: 5.7413, grad_norm: 25.1346
2025-06-22 05:46:07,093 - mmdet - INFO - Epoch [2][2900/7033]	lr: 2.333e-05, eta: 14:20:25, time: 1.631, data_time: 0.027, memory: 20293, loss_cls: 0.2465, loss_bbox: 0.5042, d0.loss_cls: 0.3879, d0.loss_bbox: 0.8298, d1.loss_cls: 0.3379, d1.loss_bbox: 0.6737, d2.loss_cls: 0.2960, d2.loss_bbox: 0.6103, d3.loss_cls: 0.2679, d3.loss_bbox: 0.5524, d4.loss_cls: 0.2535, d4.loss_bbox: 0.5259, loss: 5.4859, grad_norm: 22.8432
2025-06-22 05:47:26,990 - mmdet - INFO - Epoch [2][2950/7033]	lr: 2.333e-05, eta: 14:19:05, time: 1.598, data_time: 0.025, memory: 20293, loss_cls: 0.2353, loss_bbox: 0.4917, d0.loss_cls: 0.3715, d0.loss_bbox: 0.8107, d1.loss_cls: 0.3238, d1.loss_bbox: 0.6577, d2.loss_cls: 0.2886, d2.loss_bbox: 0.5974, d3.loss_cls: 0.2557, d3.loss_bbox: 0.5418, d4.loss_cls: 0.2448, d4.loss_bbox: 0.5119, loss: 5.3308, grad_norm: 23.0998
2025-06-22 05:48:47,017 - mmdet - INFO - Epoch [2][3000/7033]	lr: 2.333e-05, eta: 14:17:45, time: 1.601, data_time: 0.028, memory: 20293, loss_cls: 0.2422, loss_bbox: 0.4921, d0.loss_cls: 0.3879, d0.loss_bbox: 0.8187, d1.loss_cls: 0.3308, d1.loss_bbox: 0.6641, d2.loss_cls: 0.2931, d2.loss_bbox: 0.6037, d3.loss_cls: 0.2646, d3.loss_bbox: 0.5441, d4.loss_cls: 0.2529, d4.loss_bbox: 0.5117, loss: 5.4059, grad_norm: 23.6096
2025-06-22 05:50:06,889 - mmdet - INFO - Epoch [2][3050/7033]	lr: 2.333e-05, eta: 14:16:24, time: 1.597, data_time: 0.027, memory: 20293, loss_cls: 0.2520, loss_bbox: 0.5084, d0.loss_cls: 0.3968, d0.loss_bbox: 0.8276, d1.loss_cls: 0.3399, d1.loss_bbox: 0.6754, d2.loss_cls: 0.3038, d2.loss_bbox: 0.6125, d3.loss_cls: 0.2700, d3.loss_bbox: 0.5567, d4.loss_cls: 0.2560, d4.loss_bbox: 0.5311, loss: 5.5302, grad_norm: 19.9707
2025-06-22 05:51:27,167 - mmdet - INFO - Epoch [2][3100/7033]	lr: 2.333e-05, eta: 14:15:05, time: 1.606, data_time: 0.025, memory: 20293, loss_cls: 0.2587, loss_bbox: 0.5183, d0.loss_cls: 0.4074, d0.loss_bbox: 0.8508, d1.loss_cls: 0.3522, d1.loss_bbox: 0.6960, d2.loss_cls: 0.3219, d2.loss_bbox: 0.6242, d3.loss_cls: 0.2837, d3.loss_bbox: 0.5663, d4.loss_cls: 0.2644, d4.loss_bbox: 0.5379, loss: 5.6820, grad_norm: 22.7093
2025-06-22 05:52:47,045 - mmdet - INFO - Epoch [2][3150/7033]	lr: 2.333e-05, eta: 14:13:45, time: 1.598, data_time: 0.028, memory: 20293, loss_cls: 0.2278, loss_bbox: 0.5039, d0.loss_cls: 0.3768, d0.loss_bbox: 0.8202, d1.loss_cls: 0.3210, d1.loss_bbox: 0.6636, d2.loss_cls: 0.2937, d2.loss_bbox: 0.5972, d3.loss_cls: 0.2521, d3.loss_bbox: 0.5475, d4.loss_cls: 0.2334, d4.loss_bbox: 0.5222, loss: 5.3593, grad_norm: 27.2445
2025-06-22 05:54:07,056 - mmdet - INFO - Epoch [2][3200/7033]	lr: 2.333e-05, eta: 14:12:25, time: 1.600, data_time: 0.027, memory: 20293, loss_cls: 0.2590, loss_bbox: 0.5095, d0.loss_cls: 0.3868, d0.loss_bbox: 0.8271, d1.loss_cls: 0.3376, d1.loss_bbox: 0.6906, d2.loss_cls: 0.3111, d2.loss_bbox: 0.6216, d3.loss_cls: 0.2760, d3.loss_bbox: 0.5676, d4.loss_cls: 0.2652, d4.loss_bbox: 0.5327, loss: 5.5848, grad_norm: 23.1247
2025-06-22 05:55:26,655 - mmdet - INFO - Epoch [2][3250/7033]	lr: 2.333e-05, eta: 14:11:03, time: 1.592, data_time: 0.024, memory: 20293, loss_cls: 0.2470, loss_bbox: 0.5093, d0.loss_cls: 0.3870, d0.loss_bbox: 0.8315, d1.loss_cls: 0.3411, d1.loss_bbox: 0.6798, d2.loss_cls: 0.3074, d2.loss_bbox: 0.6040, d3.loss_cls: 0.2677, d3.loss_bbox: 0.5544, d4.loss_cls: 0.2551, d4.loss_bbox: 0.5258, loss: 5.5101, grad_norm: 34.8223
2025-06-22 05:56:46,568 - mmdet - INFO - Epoch [2][3300/7033]	lr: 2.333e-05, eta: 14:09:43, time: 1.598, data_time: 0.027, memory: 20293, loss_cls: 0.2371, loss_bbox: 0.5071, d0.loss_cls: 0.3837, d0.loss_bbox: 0.8263, d1.loss_cls: 0.3303, d1.loss_bbox: 0.6741, d2.loss_cls: 0.2951, d2.loss_bbox: 0.6077, d3.loss_cls: 0.2586, d3.loss_bbox: 0.5543, d4.loss_cls: 0.2426, d4.loss_bbox: 0.5244, loss: 5.4412, grad_norm: 24.7747
2025-06-22 05:58:08,287 - mmdet - INFO - Epoch [2][3350/7033]	lr: 2.333e-05, eta: 14:08:28, time: 1.634, data_time: 0.027, memory: 20293, loss_cls: 0.2320, loss_bbox: 0.4974, d0.loss_cls: 0.3715, d0.loss_bbox: 0.8190, d1.loss_cls: 0.3246, d1.loss_bbox: 0.6798, d2.loss_cls: 0.2882, d2.loss_bbox: 0.6058, d3.loss_cls: 0.2534, d3.loss_bbox: 0.5487, d4.loss_cls: 0.2392, d4.loss_bbox: 0.5180, loss: 5.3775, grad_norm: 51.1024
2025-06-22 05:59:28,148 - mmdet - INFO - Epoch [2][3400/7033]	lr: 2.333e-05, eta: 14:07:08, time: 1.597, data_time: 0.028, memory: 20293, loss_cls: 0.2419, loss_bbox: 0.5083, d0.loss_cls: 0.3806, d0.loss_bbox: 0.8316, d1.loss_cls: 0.3347, d1.loss_bbox: 0.6810, d2.loss_cls: 0.3034, d2.loss_bbox: 0.6099, d3.loss_cls: 0.2653, d3.loss_bbox: 0.5636, d4.loss_cls: 0.2478, d4.loss_bbox: 0.5341, loss: 5.5022, grad_norm: 28.6590
2025-06-22 06:00:47,905 - mmdet - INFO - Epoch [2][3450/7033]	lr: 2.333e-05, eta: 14:05:47, time: 1.595, data_time: 0.027, memory: 20293, loss_cls: 0.2436, loss_bbox: 0.4862, d0.loss_cls: 0.3896, d0.loss_bbox: 0.8157, d1.loss_cls: 0.3366, d1.loss_bbox: 0.6714, d2.loss_cls: 0.2985, d2.loss_bbox: 0.5982, d3.loss_cls: 0.2661, d3.loss_bbox: 0.5402, d4.loss_cls: 0.2494, d4.loss_bbox: 0.5117, loss: 5.4072, grad_norm: 26.1740
2025-06-22 06:02:07,847 - mmdet - INFO - Epoch [2][3500/7033]	lr: 2.333e-05, eta: 14:04:27, time: 1.599, data_time: 0.028, memory: 20293, loss_cls: 0.2423, loss_bbox: 0.4955, d0.loss_cls: 0.3852, d0.loss_bbox: 0.8096, d1.loss_cls: 0.3306, d1.loss_bbox: 0.6710, d2.loss_cls: 0.2928, d2.loss_bbox: 0.6046, d3.loss_cls: 0.2597, d3.loss_bbox: 0.5522, d4.loss_cls: 0.2486, d4.loss_bbox: 0.5167, loss: 5.4089, grad_norm: 45.1676
2025-06-22 06:03:29,615 - mmdet - INFO - Epoch [2][3550/7033]	lr: 2.333e-05, eta: 14:03:12, time: 1.635, data_time: 0.026, memory: 20293, loss_cls: 0.2437, loss_bbox: 0.5030, d0.loss_cls: 0.3770, d0.loss_bbox: 0.8158, d1.loss_cls: 0.3381, d1.loss_bbox: 0.6756, d2.loss_cls: 0.2993, d2.loss_bbox: 0.6099, d3.loss_cls: 0.2625, d3.loss_bbox: 0.5578, d4.loss_cls: 0.2486, d4.loss_bbox: 0.5264, loss: 5.4577, grad_norm: 32.8262
2025-06-22 06:04:49,616 - mmdet - INFO - Epoch [2][3600/7033]	lr: 2.333e-05, eta: 14:01:52, time: 1.600, data_time: 0.027, memory: 20293, loss_cls: 0.2422, loss_bbox: 0.4988, d0.loss_cls: 0.3793, d0.loss_bbox: 0.8031, d1.loss_cls: 0.3252, d1.loss_bbox: 0.6626, d2.loss_cls: 0.2908, d2.loss_bbox: 0.6053, d3.loss_cls: 0.2605, d3.loss_bbox: 0.5547, d4.loss_cls: 0.2498, d4.loss_bbox: 0.5217, loss: 5.3941, grad_norm: 42.1064
2025-06-22 06:06:09,746 - mmdet - INFO - Epoch [2][3650/7033]	lr: 2.333e-05, eta: 14:00:33, time: 1.603, data_time: 0.027, memory: 20293, loss_cls: 0.2475, loss_bbox: 0.5071, d0.loss_cls: 0.3903, d0.loss_bbox: 0.8257, d1.loss_cls: 0.3387, d1.loss_bbox: 0.6829, d2.loss_cls: 0.3053, d2.loss_bbox: 0.6151, d3.loss_cls: 0.2662, d3.loss_bbox: 0.5607, d4.loss_cls: 0.2530, d4.loss_bbox: 0.5267, loss: 5.5193, grad_norm: 20.5177
2025-06-22 06:07:29,729 - mmdet - INFO - Epoch [2][3700/7033]	lr: 2.333e-05, eta: 13:59:12, time: 1.600, data_time: 0.026, memory: 20293, loss_cls: 0.2453, loss_bbox: 0.5155, d0.loss_cls: 0.3880, d0.loss_bbox: 0.8407, d1.loss_cls: 0.3448, d1.loss_bbox: 0.6905, d2.loss_cls: 0.3051, d2.loss_bbox: 0.6210, d3.loss_cls: 0.2678, d3.loss_bbox: 0.5700, d4.loss_cls: 0.2563, d4.loss_bbox: 0.5363, loss: 5.5814, grad_norm: 26.2358
2025-06-22 06:08:49,534 - mmdet - INFO - Epoch [2][3750/7033]	lr: 2.333e-05, eta: 13:57:52, time: 1.596, data_time: 0.027, memory: 20293, loss_cls: 0.2303, loss_bbox: 0.5022, d0.loss_cls: 0.3816, d0.loss_bbox: 0.8229, d1.loss_cls: 0.3296, d1.loss_bbox: 0.6739, d2.loss_cls: 0.2967, d2.loss_bbox: 0.6007, d3.loss_cls: 0.2571, d3.loss_bbox: 0.5470, d4.loss_cls: 0.2396, d4.loss_bbox: 0.5195, loss: 5.4011, grad_norm: 23.3858
2025-06-22 06:10:09,531 - mmdet - INFO - Epoch [2][3800/7033]	lr: 2.333e-05, eta: 13:56:32, time: 1.600, data_time: 0.027, memory: 20293, loss_cls: 0.2270, loss_bbox: 0.5006, d0.loss_cls: 0.3695, d0.loss_bbox: 0.8219, d1.loss_cls: 0.3187, d1.loss_bbox: 0.6794, d2.loss_cls: 0.2858, d2.loss_bbox: 0.6079, d3.loss_cls: 0.2496, d3.loss_bbox: 0.5495, d4.loss_cls: 0.2364, d4.loss_bbox: 0.5190, loss: 5.3654, grad_norm: 26.3103
2025-06-22 06:11:29,669 - mmdet - INFO - Epoch [2][3850/7033]	lr: 2.333e-05, eta: 13:55:12, time: 1.603, data_time: 0.027, memory: 20293, loss_cls: 0.2483, loss_bbox: 0.5192, d0.loss_cls: 0.3890, d0.loss_bbox: 0.8246, d1.loss_cls: 0.3416, d1.loss_bbox: 0.6878, d2.loss_cls: 0.3024, d2.loss_bbox: 0.6176, d3.loss_cls: 0.2666, d3.loss_bbox: 0.5685, d4.loss_cls: 0.2528, d4.loss_bbox: 0.5423, loss: 5.5608, grad_norm: 23.2540
2025-06-22 06:12:49,772 - mmdet - INFO - Epoch [2][3900/7033]	lr: 2.333e-05, eta: 13:53:52, time: 1.602, data_time: 0.024, memory: 20293, loss_cls: 0.2409, loss_bbox: 0.4956, d0.loss_cls: 0.3809, d0.loss_bbox: 0.8185, d1.loss_cls: 0.3346, d1.loss_bbox: 0.6657, d2.loss_cls: 0.2938, d2.loss_bbox: 0.6016, d3.loss_cls: 0.2606, d3.loss_bbox: 0.5508, d4.loss_cls: 0.2477, d4.loss_bbox: 0.5185, loss: 5.4091, grad_norm: 30.1797
2025-06-22 06:14:09,633 - mmdet - INFO - Epoch [2][3950/7033]	lr: 2.333e-05, eta: 13:52:32, time: 1.597, data_time: 0.028, memory: 20293, loss_cls: 0.2341, loss_bbox: 0.4945, d0.loss_cls: 0.3774, d0.loss_bbox: 0.8158, d1.loss_cls: 0.3219, d1.loss_bbox: 0.6724, d2.loss_cls: 0.2866, d2.loss_bbox: 0.5993, d3.loss_cls: 0.2552, d3.loss_bbox: 0.5473, d4.loss_cls: 0.2402, d4.loss_bbox: 0.5161, loss: 5.3608, grad_norm: 26.7065
2025-06-22 06:15:29,680 - mmdet - INFO - Epoch [2][4000/7033]	lr: 2.333e-05, eta: 13:51:12, time: 1.601, data_time: 0.026, memory: 20293, loss_cls: 0.2462, loss_bbox: 0.4963, d0.loss_cls: 0.3890, d0.loss_bbox: 0.8303, d1.loss_cls: 0.3413, d1.loss_bbox: 0.6720, d2.loss_cls: 0.3058, d2.loss_bbox: 0.6028, d3.loss_cls: 0.2683, d3.loss_bbox: 0.5505, d4.loss_cls: 0.2526, d4.loss_bbox: 0.5151, loss: 5.4701, grad_norm: 20.6362
2025-06-22 06:16:49,531 - mmdet - INFO - Epoch [2][4050/7033]	lr: 2.333e-05, eta: 13:49:52, time: 1.597, data_time: 0.025, memory: 20293, loss_cls: 0.2319, loss_bbox: 0.4897, d0.loss_cls: 0.3743, d0.loss_bbox: 0.8270, d1.loss_cls: 0.3310, d1.loss_bbox: 0.6671, d2.loss_cls: 0.2956, d2.loss_bbox: 0.5900, d3.loss_cls: 0.2571, d3.loss_bbox: 0.5387, d4.loss_cls: 0.2366, d4.loss_bbox: 0.5114, loss: 5.3503, grad_norm: 32.9760
2025-06-22 06:18:09,620 - mmdet - INFO - Epoch [2][4100/7033]	lr: 2.333e-05, eta: 13:48:32, time: 1.602, data_time: 0.028, memory: 20293, loss_cls: 0.2260, loss_bbox: 0.5023, d0.loss_cls: 0.3729, d0.loss_bbox: 0.8090, d1.loss_cls: 0.3157, d1.loss_bbox: 0.6721, d2.loss_cls: 0.2844, d2.loss_bbox: 0.6007, d3.loss_cls: 0.2505, d3.loss_bbox: 0.5467, d4.loss_cls: 0.2316, d4.loss_bbox: 0.5223, loss: 5.3340, grad_norm: 22.1177
2025-06-22 06:19:31,228 - mmdet - INFO - Epoch [2][4150/7033]	lr: 2.333e-05, eta: 13:47:16, time: 1.632, data_time: 0.028, memory: 20293, loss_cls: 0.2319, loss_bbox: 0.4908, d0.loss_cls: 0.3798, d0.loss_bbox: 0.8151, d1.loss_cls: 0.3337, d1.loss_bbox: 0.6582, d2.loss_cls: 0.2992, d2.loss_bbox: 0.5853, d3.loss_cls: 0.2582, d3.loss_bbox: 0.5369, d4.loss_cls: 0.2415, d4.loss_bbox: 0.5090, loss: 5.3397, grad_norm: 20.6322
2025-06-22 06:20:53,073 - mmdet - INFO - Epoch [2][4200/7033]	lr: 2.333e-05, eta: 13:46:01, time: 1.637, data_time: 0.027, memory: 20293, loss_cls: 0.2369, loss_bbox: 0.5005, d0.loss_cls: 0.3759, d0.loss_bbox: 0.8095, d1.loss_cls: 0.3327, d1.loss_bbox: 0.6705, d2.loss_cls: 0.2929, d2.loss_bbox: 0.5992, d3.loss_cls: 0.2580, d3.loss_bbox: 0.5528, d4.loss_cls: 0.2444, d4.loss_bbox: 0.5216, loss: 5.3948, grad_norm: 27.8869
2025-06-22 06:22:12,892 - mmdet - INFO - Epoch [2][4250/7033]	lr: 2.333e-05, eta: 13:44:41, time: 1.596, data_time: 0.028, memory: 20293, loss_cls: 0.2333, loss_bbox: 0.5004, d0.loss_cls: 0.3762, d0.loss_bbox: 0.8110, d1.loss_cls: 0.3221, d1.loss_bbox: 0.6692, d2.loss_cls: 0.2852, d2.loss_bbox: 0.6057, d3.loss_cls: 0.2548, d3.loss_bbox: 0.5545, d4.loss_cls: 0.2378, d4.loss_bbox: 0.5241, loss: 5.3742, grad_norm: 21.7290
2025-06-22 06:23:32,381 - mmdet - INFO - Epoch [2][4300/7033]	lr: 2.333e-05, eta: 13:43:19, time: 1.590, data_time: 0.025, memory: 20293, loss_cls: 0.2397, loss_bbox: 0.4868, d0.loss_cls: 0.3781, d0.loss_bbox: 0.8078, d1.loss_cls: 0.3265, d1.loss_bbox: 0.6637, d2.loss_cls: 0.2942, d2.loss_bbox: 0.5944, d3.loss_cls: 0.2602, d3.loss_bbox: 0.5375, d4.loss_cls: 0.2463, d4.loss_bbox: 0.5037, loss: 5.3390, grad_norm: 30.9907
2025-06-22 06:24:52,472 - mmdet - INFO - Epoch [2][4350/7033]	lr: 2.333e-05, eta: 13:41:59, time: 1.602, data_time: 0.026, memory: 20293, loss_cls: 0.2454, loss_bbox: 0.4950, d0.loss_cls: 0.3866, d0.loss_bbox: 0.8237, d1.loss_cls: 0.3394, d1.loss_bbox: 0.6798, d2.loss_cls: 0.3005, d2.loss_bbox: 0.6047, d3.loss_cls: 0.2643, d3.loss_bbox: 0.5450, d4.loss_cls: 0.2473, d4.loss_bbox: 0.5186, loss: 5.4502, grad_norm: 26.4258
2025-06-22 06:26:12,459 - mmdet - INFO - Epoch [2][4400/7033]	lr: 2.333e-05, eta: 13:40:39, time: 1.600, data_time: 0.027, memory: 20293, loss_cls: 0.2214, loss_bbox: 0.4912, d0.loss_cls: 0.3624, d0.loss_bbox: 0.8033, d1.loss_cls: 0.3105, d1.loss_bbox: 0.6668, d2.loss_cls: 0.2707, d2.loss_bbox: 0.5993, d3.loss_cls: 0.2455, d3.loss_bbox: 0.5406, d4.loss_cls: 0.2292, d4.loss_bbox: 0.5131, loss: 5.2539, grad_norm: 32.1679
2025-06-22 06:27:32,413 - mmdet - INFO - Epoch [2][4450/7033]	lr: 2.333e-05, eta: 13:39:19, time: 1.599, data_time: 0.028, memory: 20293, loss_cls: 0.2360, loss_bbox: 0.5038, d0.loss_cls: 0.3837, d0.loss_bbox: 0.8181, d1.loss_cls: 0.3302, d1.loss_bbox: 0.6730, d2.loss_cls: 0.2948, d2.loss_bbox: 0.6044, d3.loss_cls: 0.2608, d3.loss_bbox: 0.5543, d4.loss_cls: 0.2440, d4.loss_bbox: 0.5241, loss: 5.4272, grad_norm: 23.3001
2025-06-22 06:28:52,210 - mmdet - INFO - Epoch [2][4500/7033]	lr: 2.333e-05, eta: 13:37:58, time: 1.596, data_time: 0.028, memory: 20293, loss_cls: 0.2344, loss_bbox: 0.4938, d0.loss_cls: 0.3889, d0.loss_bbox: 0.8151, d1.loss_cls: 0.3379, d1.loss_bbox: 0.6650, d2.loss_cls: 0.2976, d2.loss_bbox: 0.5975, d3.loss_cls: 0.2569, d3.loss_bbox: 0.5472, d4.loss_cls: 0.2436, d4.loss_bbox: 0.5143, loss: 5.3922, grad_norm: 26.0461
2025-06-22 06:30:12,172 - mmdet - INFO - Epoch [2][4550/7033]	lr: 2.333e-05, eta: 13:36:38, time: 1.599, data_time: 0.028, memory: 20293, loss_cls: 0.2361, loss_bbox: 0.4960, d0.loss_cls: 0.3899, d0.loss_bbox: 0.8130, d1.loss_cls: 0.3345, d1.loss_bbox: 0.6668, d2.loss_cls: 0.3030, d2.loss_bbox: 0.5924, d3.loss_cls: 0.2640, d3.loss_bbox: 0.5390, d4.loss_cls: 0.2468, d4.loss_bbox: 0.5110, loss: 5.3925, grad_norm: 25.4408
2025-06-22 06:31:32,196 - mmdet - INFO - Epoch [2][4600/7033]	lr: 2.333e-05, eta: 13:35:18, time: 1.600, data_time: 0.028, memory: 20293, loss_cls: 0.2287, loss_bbox: 0.4965, d0.loss_cls: 0.3765, d0.loss_bbox: 0.8121, d1.loss_cls: 0.3233, d1.loss_bbox: 0.6680, d2.loss_cls: 0.2916, d2.loss_bbox: 0.5946, d3.loss_cls: 0.2551, d3.loss_bbox: 0.5425, d4.loss_cls: 0.2393, d4.loss_bbox: 0.5115, loss: 5.3395, grad_norm: 21.7850
2025-06-22 06:32:51,885 - mmdet - INFO - Epoch [2][4650/7033]	lr: 2.333e-05, eta: 13:33:57, time: 1.594, data_time: 0.027, memory: 20293, loss_cls: 0.2442, loss_bbox: 0.4997, d0.loss_cls: 0.3898, d0.loss_bbox: 0.8041, d1.loss_cls: 0.3388, d1.loss_bbox: 0.6597, d2.loss_cls: 0.3069, d2.loss_bbox: 0.5867, d3.loss_cls: 0.2661, d3.loss_bbox: 0.5478, d4.loss_cls: 0.2560, d4.loss_bbox: 0.5165, loss: 5.4161, grad_norm: 24.5089
2025-06-22 06:34:12,000 - mmdet - INFO - Epoch [2][4700/7033]	lr: 2.333e-05, eta: 13:32:37, time: 1.602, data_time: 0.027, memory: 20293, loss_cls: 0.2500, loss_bbox: 0.5049, d0.loss_cls: 0.3934, d0.loss_bbox: 0.8104, d1.loss_cls: 0.3448, d1.loss_bbox: 0.6783, d2.loss_cls: 0.3140, d2.loss_bbox: 0.6054, d3.loss_cls: 0.2774, d3.loss_bbox: 0.5600, d4.loss_cls: 0.2628, d4.loss_bbox: 0.5268, loss: 5.5280, grad_norm: 24.5035
2025-06-22 06:35:32,132 - mmdet - INFO - Epoch [2][4750/7033]	lr: 2.333e-05, eta: 13:31:18, time: 1.603, data_time: 0.027, memory: 20293, loss_cls: 0.2197, loss_bbox: 0.4761, d0.loss_cls: 0.3556, d0.loss_bbox: 0.7928, d1.loss_cls: 0.3146, d1.loss_bbox: 0.6454, d2.loss_cls: 0.2742, d2.loss_bbox: 0.5756, d3.loss_cls: 0.2377, d3.loss_bbox: 0.5267, d4.loss_cls: 0.2256, d4.loss_bbox: 0.4955, loss: 5.1394, grad_norm: 49.8870
2025-06-22 06:36:53,928 - mmdet - INFO - Epoch [2][4800/7033]	lr: 2.333e-05, eta: 13:30:02, time: 1.636, data_time: 0.027, memory: 20293, loss_cls: 0.2385, loss_bbox: 0.4926, d0.loss_cls: 0.3750, d0.loss_bbox: 0.8042, d1.loss_cls: 0.3313, d1.loss_bbox: 0.6583, d2.loss_cls: 0.2913, d2.loss_bbox: 0.5931, d3.loss_cls: 0.2595, d3.loss_bbox: 0.5426, d4.loss_cls: 0.2466, d4.loss_bbox: 0.5109, loss: 5.3439, grad_norm: 23.1157
2025-06-22 06:38:15,558 - mmdet - INFO - Epoch [2][4850/7033]	lr: 2.333e-05, eta: 13:28:46, time: 1.633, data_time: 0.027, memory: 20293, loss_cls: 0.2194, loss_bbox: 0.4775, d0.loss_cls: 0.3681, d0.loss_bbox: 0.7897, d1.loss_cls: 0.3217, d1.loss_bbox: 0.6499, d2.loss_cls: 0.2814, d2.loss_bbox: 0.5778, d3.loss_cls: 0.2473, d3.loss_bbox: 0.5207, d4.loss_cls: 0.2300, d4.loss_bbox: 0.4974, loss: 5.1810, grad_norm: 45.7107
2025-06-22 06:39:35,644 - mmdet - INFO - Epoch [2][4900/7033]	lr: 2.333e-05, eta: 13:27:26, time: 1.602, data_time: 0.027, memory: 20293, loss_cls: 0.2499, loss_bbox: 0.5007, d0.loss_cls: 0.3911, d0.loss_bbox: 0.8174, d1.loss_cls: 0.3454, d1.loss_bbox: 0.6722, d2.loss_cls: 0.3122, d2.loss_bbox: 0.5968, d3.loss_cls: 0.2700, d3.loss_bbox: 0.5514, d4.loss_cls: 0.2597, d4.loss_bbox: 0.5190, loss: 5.4859, grad_norm: 43.3577
2025-06-22 06:40:55,657 - mmdet - INFO - Epoch [2][4950/7033]	lr: 2.333e-05, eta: 13:26:06, time: 1.600, data_time: 0.025, memory: 20293, loss_cls: 0.2306, loss_bbox: 0.4855, d0.loss_cls: 0.3786, d0.loss_bbox: 0.7995, d1.loss_cls: 0.3316, d1.loss_bbox: 0.6597, d2.loss_cls: 0.2899, d2.loss_bbox: 0.5913, d3.loss_cls: 0.2576, d3.loss_bbox: 0.5405, d4.loss_cls: 0.2404, d4.loss_bbox: 0.5057, loss: 5.3110, grad_norm: 24.0142
2025-06-22 06:42:15,623 - mmdet - INFO - Epoch [2][5000/7033]	lr: 2.333e-05, eta: 13:24:46, time: 1.599, data_time: 0.027, memory: 20293, loss_cls: 0.2357, loss_bbox: 0.4805, d0.loss_cls: 0.3725, d0.loss_bbox: 0.8079, d1.loss_cls: 0.3392, d1.loss_bbox: 0.6503, d2.loss_cls: 0.2998, d2.loss_bbox: 0.5764, d3.loss_cls: 0.2609, d3.loss_bbox: 0.5258, d4.loss_cls: 0.2474, d4.loss_bbox: 0.4958, loss: 5.2922, grad_norm: 23.8840
2025-06-22 06:43:35,540 - mmdet - INFO - Epoch [2][5050/7033]	lr: 2.333e-05, eta: 13:23:26, time: 1.598, data_time: 0.027, memory: 20293, loss_cls: 0.2235, loss_bbox: 0.4884, d0.loss_cls: 0.3713, d0.loss_bbox: 0.8012, d1.loss_cls: 0.3278, d1.loss_bbox: 0.6459, d2.loss_cls: 0.2922, d2.loss_bbox: 0.5773, d3.loss_cls: 0.2499, d3.loss_bbox: 0.5300, d4.loss_cls: 0.2325, d4.loss_bbox: 0.5062, loss: 5.2463, grad_norm: 21.2118
2025-06-22 06:44:55,650 - mmdet - INFO - Epoch [2][5100/7033]	lr: 2.333e-05, eta: 13:22:06, time: 1.602, data_time: 0.028, memory: 20293, loss_cls: 0.2244, loss_bbox: 0.4753, d0.loss_cls: 0.3594, d0.loss_bbox: 0.7963, d1.loss_cls: 0.3193, d1.loss_bbox: 0.6482, d2.loss_cls: 0.2834, d2.loss_bbox: 0.5768, d3.loss_cls: 0.2476, d3.loss_bbox: 0.5305, d4.loss_cls: 0.2327, d4.loss_bbox: 0.4976, loss: 5.1916, grad_norm: 24.1930
2025-06-22 06:46:15,610 - mmdet - INFO - Epoch [2][5150/7033]	lr: 2.333e-05, eta: 13:20:45, time: 1.599, data_time: 0.028, memory: 20293, loss_cls: 0.2255, loss_bbox: 0.4925, d0.loss_cls: 0.3668, d0.loss_bbox: 0.8090, d1.loss_cls: 0.3233, d1.loss_bbox: 0.6563, d2.loss_cls: 0.2869, d2.loss_bbox: 0.5883, d3.loss_cls: 0.2426, d3.loss_bbox: 0.5412, d4.loss_cls: 0.2321, d4.loss_bbox: 0.5108, loss: 5.2753, grad_norm: 32.9731
2025-06-22 06:47:35,295 - mmdet - INFO - Epoch [2][5200/7033]	lr: 2.333e-05, eta: 13:19:25, time: 1.594, data_time: 0.027, memory: 20293, loss_cls: 0.2392, loss_bbox: 0.4865, d0.loss_cls: 0.3876, d0.loss_bbox: 0.8058, d1.loss_cls: 0.3453, d1.loss_bbox: 0.6514, d2.loss_cls: 0.3120, d2.loss_bbox: 0.5820, d3.loss_cls: 0.2626, d3.loss_bbox: 0.5351, d4.loss_cls: 0.2483, d4.loss_bbox: 0.5047, loss: 5.3603, grad_norm: 34.5901
2025-06-22 06:48:55,400 - mmdet - INFO - Epoch [2][5250/7033]	lr: 2.333e-05, eta: 13:18:05, time: 1.602, data_time: 0.028, memory: 20293, loss_cls: 0.2114, loss_bbox: 0.4780, d0.loss_cls: 0.3553, d0.loss_bbox: 0.7901, d1.loss_cls: 0.3184, d1.loss_bbox: 0.6463, d2.loss_cls: 0.2781, d2.loss_bbox: 0.5775, d3.loss_cls: 0.2373, d3.loss_bbox: 0.5289, d4.loss_cls: 0.2227, d4.loss_bbox: 0.4975, loss: 5.1416, grad_norm: 20.8295
2025-06-22 06:50:15,438 - mmdet - INFO - Epoch [2][5300/7033]	lr: 2.333e-05, eta: 13:16:45, time: 1.601, data_time: 0.026, memory: 20293, loss_cls: 0.2316, loss_bbox: 0.4974, d0.loss_cls: 0.3729, d0.loss_bbox: 0.8241, d1.loss_cls: 0.3386, d1.loss_bbox: 0.6710, d2.loss_cls: 0.2945, d2.loss_bbox: 0.5983, d3.loss_cls: 0.2516, d3.loss_bbox: 0.5522, d4.loss_cls: 0.2394, d4.loss_bbox: 0.5182, loss: 5.3898, grad_norm: 27.3451
2025-06-22 06:51:35,351 - mmdet - INFO - Epoch [2][5350/7033]	lr: 2.333e-05, eta: 13:15:24, time: 1.598, data_time: 0.026, memory: 20293, loss_cls: 0.2262, loss_bbox: 0.4829, d0.loss_cls: 0.3783, d0.loss_bbox: 0.7771, d1.loss_cls: 0.3346, d1.loss_bbox: 0.6387, d2.loss_cls: 0.2948, d2.loss_bbox: 0.5766, d3.loss_cls: 0.2517, d3.loss_bbox: 0.5275, d4.loss_cls: 0.2367, d4.loss_bbox: 0.4980, loss: 5.2231, grad_norm: 31.5072
2025-06-22 06:52:55,207 - mmdet - INFO - Epoch [2][5400/7033]	lr: 2.333e-05, eta: 13:14:04, time: 1.597, data_time: 0.027, memory: 20293, loss_cls: 0.2096, loss_bbox: 0.4671, d0.loss_cls: 0.3602, d0.loss_bbox: 0.7741, d1.loss_cls: 0.3115, d1.loss_bbox: 0.6341, d2.loss_cls: 0.2725, d2.loss_bbox: 0.5648, d3.loss_cls: 0.2284, d3.loss_bbox: 0.5171, d4.loss_cls: 0.2162, d4.loss_bbox: 0.4871, loss: 5.0427, grad_norm: 25.8916
2025-06-22 06:54:15,350 - mmdet - INFO - Epoch [2][5450/7033]	lr: 2.333e-05, eta: 13:12:44, time: 1.603, data_time: 0.027, memory: 20293, loss_cls: 0.2193, loss_bbox: 0.4872, d0.loss_cls: 0.3634, d0.loss_bbox: 0.8017, d1.loss_cls: 0.3185, d1.loss_bbox: 0.6557, d2.loss_cls: 0.2831, d2.loss_bbox: 0.5818, d3.loss_cls: 0.2459, d3.loss_bbox: 0.5365, d4.loss_cls: 0.2263, d4.loss_bbox: 0.5049, loss: 5.2245, grad_norm: 22.4029
2025-06-22 06:55:37,227 - mmdet - INFO - Epoch [2][5500/7033]	lr: 2.333e-05, eta: 13:11:28, time: 1.638, data_time: 0.029, memory: 20293, loss_cls: 0.2419, loss_bbox: 0.5000, d0.loss_cls: 0.3794, d0.loss_bbox: 0.7991, d1.loss_cls: 0.3344, d1.loss_bbox: 0.6702, d2.loss_cls: 0.2965, d2.loss_bbox: 0.5994, d3.loss_cls: 0.2633, d3.loss_bbox: 0.5527, d4.loss_cls: 0.2512, d4.loss_bbox: 0.5197, loss: 5.4077, grad_norm: 21.8154
2025-06-22 06:56:56,965 - mmdet - INFO - Epoch [2][5550/7033]	lr: 2.333e-05, eta: 13:10:08, time: 1.595, data_time: 0.025, memory: 20293, loss_cls: 0.2311, loss_bbox: 0.4840, d0.loss_cls: 0.3739, d0.loss_bbox: 0.7934, d1.loss_cls: 0.3307, d1.loss_bbox: 0.6430, d2.loss_cls: 0.2917, d2.loss_bbox: 0.5828, d3.loss_cls: 0.2526, d3.loss_bbox: 0.5307, d4.loss_cls: 0.2384, d4.loss_bbox: 0.5007, loss: 5.2530, grad_norm: 26.8743
2025-06-22 06:58:16,688 - mmdet - INFO - Epoch [2][5600/7033]	lr: 2.333e-05, eta: 13:08:47, time: 1.594, data_time: 0.027, memory: 20293, loss_cls: 0.2435, loss_bbox: 0.4883, d0.loss_cls: 0.3818, d0.loss_bbox: 0.7956, d1.loss_cls: 0.3420, d1.loss_bbox: 0.6539, d2.loss_cls: 0.2998, d2.loss_bbox: 0.5864, d3.loss_cls: 0.2625, d3.loss_bbox: 0.5410, d4.loss_cls: 0.2514, d4.loss_bbox: 0.5090, loss: 5.3552, grad_norm: 23.4743
2025-06-22 06:59:39,364 - mmdet - INFO - Epoch [2][5650/7033]	lr: 2.333e-05, eta: 13:07:33, time: 1.654, data_time: 0.048, memory: 20293, loss_cls: 0.2422, loss_bbox: 0.5034, d0.loss_cls: 0.3811, d0.loss_bbox: 0.8296, d1.loss_cls: 0.3439, d1.loss_bbox: 0.6857, d2.loss_cls: 0.3012, d2.loss_bbox: 0.6148, d3.loss_cls: 0.2707, d3.loss_bbox: 0.5542, d4.loss_cls: 0.2463, d4.loss_bbox: 0.5258, loss: 5.4987, grad_norm: 31.5178
2025-06-22 07:00:59,195 - mmdet - INFO - Epoch [2][5700/7033]	lr: 2.333e-05, eta: 13:06:12, time: 1.597, data_time: 0.025, memory: 20293, loss_cls: 0.2220, loss_bbox: 0.4735, d0.loss_cls: 0.3623, d0.loss_bbox: 0.7850, d1.loss_cls: 0.3278, d1.loss_bbox: 0.6469, d2.loss_cls: 0.2819, d2.loss_bbox: 0.5765, d3.loss_cls: 0.2428, d3.loss_bbox: 0.5238, d4.loss_cls: 0.2277, d4.loss_bbox: 0.4935, loss: 5.1636, grad_norm: 26.4114
2025-06-22 07:02:19,456 - mmdet - INFO - Epoch [2][5750/7033]	lr: 2.333e-05, eta: 13:04:53, time: 1.605, data_time: 0.027, memory: 20293, loss_cls: 0.2458, loss_bbox: 0.4917, d0.loss_cls: 0.3789, d0.loss_bbox: 0.8050, d1.loss_cls: 0.3423, d1.loss_bbox: 0.6589, d2.loss_cls: 0.3092, d2.loss_bbox: 0.5924, d3.loss_cls: 0.2649, d3.loss_bbox: 0.5461, d4.loss_cls: 0.2533, d4.loss_bbox: 0.5125, loss: 5.4008, grad_norm: 25.7595
2025-06-22 07:03:39,386 - mmdet - INFO - Epoch [2][5800/7033]	lr: 2.333e-05, eta: 13:03:33, time: 1.599, data_time: 0.027, memory: 20293, loss_cls: 0.2417, loss_bbox: 0.4857, d0.loss_cls: 0.3751, d0.loss_bbox: 0.8015, d1.loss_cls: 0.3391, d1.loss_bbox: 0.6561, d2.loss_cls: 0.2992, d2.loss_bbox: 0.5872, d3.loss_cls: 0.2645, d3.loss_bbox: 0.5374, d4.loss_cls: 0.2502, d4.loss_bbox: 0.5032, loss: 5.3410, grad_norm: 21.8446
2025-06-22 07:04:59,570 - mmdet - INFO - Epoch [2][5850/7033]	lr: 2.333e-05, eta: 13:02:13, time: 1.604, data_time: 0.028, memory: 20293, loss_cls: 0.2447, loss_bbox: 0.4843, d0.loss_cls: 0.3890, d0.loss_bbox: 0.7987, d1.loss_cls: 0.3370, d1.loss_bbox: 0.6607, d2.loss_cls: 0.3027, d2.loss_bbox: 0.5881, d3.loss_cls: 0.2652, d3.loss_bbox: 0.5385, d4.loss_cls: 0.2529, d4.loss_bbox: 0.5045, loss: 5.3664, grad_norm: 28.7462
2025-06-22 07:06:19,869 - mmdet - INFO - Epoch [2][5900/7033]	lr: 2.333e-05, eta: 13:00:53, time: 1.606, data_time: 0.028, memory: 20293, loss_cls: 0.2168, loss_bbox: 0.4643, d0.loss_cls: 0.3589, d0.loss_bbox: 0.7848, d1.loss_cls: 0.3087, d1.loss_bbox: 0.6392, d2.loss_cls: 0.2721, d2.loss_bbox: 0.5670, d3.loss_cls: 0.2343, d3.loss_bbox: 0.5225, d4.loss_cls: 0.2219, d4.loss_bbox: 0.4898, loss: 5.0803, grad_norm: 30.1198
2025-06-22 07:07:39,824 - mmdet - INFO - Epoch [2][5950/7033]	lr: 2.333e-05, eta: 12:59:33, time: 1.599, data_time: 0.027, memory: 20293, loss_cls: 0.2262, loss_bbox: 0.4878, d0.loss_cls: 0.3822, d0.loss_bbox: 0.8130, d1.loss_cls: 0.3334, d1.loss_bbox: 0.6700, d2.loss_cls: 0.2920, d2.loss_bbox: 0.5963, d3.loss_cls: 0.2510, d3.loss_bbox: 0.5392, d4.loss_cls: 0.2335, d4.loss_bbox: 0.5115, loss: 5.3362, grad_norm: 24.4745
2025-06-22 07:08:59,894 - mmdet - INFO - Epoch [2][6000/7033]	lr: 2.333e-05, eta: 12:58:13, time: 1.601, data_time: 0.027, memory: 20293, loss_cls: 0.2139, loss_bbox: 0.4658, d0.loss_cls: 0.3533, d0.loss_bbox: 0.7707, d1.loss_cls: 0.3183, d1.loss_bbox: 0.6290, d2.loss_cls: 0.2834, d2.loss_bbox: 0.5589, d3.loss_cls: 0.2399, d3.loss_bbox: 0.5134, d4.loss_cls: 0.2208, d4.loss_bbox: 0.4861, loss: 5.0536, grad_norm: 22.8864
2025-06-22 07:10:19,806 - mmdet - INFO - Epoch [2][6050/7033]	lr: 2.333e-05, eta: 12:56:53, time: 1.598, data_time: 0.028, memory: 20293, loss_cls: 0.2361, loss_bbox: 0.4848, d0.loss_cls: 0.3693, d0.loss_bbox: 0.7987, d1.loss_cls: 0.3344, d1.loss_bbox: 0.6573, d2.loss_cls: 0.2970, d2.loss_bbox: 0.5872, d3.loss_cls: 0.2565, d3.loss_bbox: 0.5395, d4.loss_cls: 0.2421, d4.loss_bbox: 0.5089, loss: 5.3118, grad_norm: 23.2777
2025-06-22 07:11:41,290 - mmdet - INFO - Epoch [2][6100/7033]	lr: 2.333e-05, eta: 12:55:36, time: 1.630, data_time: 0.027, memory: 20293, loss_cls: 0.2105, loss_bbox: 0.4683, d0.loss_cls: 0.3561, d0.loss_bbox: 0.7771, d1.loss_cls: 0.3137, d1.loss_bbox: 0.6317, d2.loss_cls: 0.2744, d2.loss_bbox: 0.5677, d3.loss_cls: 0.2299, d3.loss_bbox: 0.5224, d4.loss_cls: 0.2183, d4.loss_bbox: 0.4895, loss: 5.0597, grad_norm: 25.9719
2025-06-22 07:13:01,115 - mmdet - INFO - Epoch [2][6150/7033]	lr: 2.333e-05, eta: 12:54:15, time: 1.596, data_time: 0.027, memory: 20293, loss_cls: 0.2286, loss_bbox: 0.4800, d0.loss_cls: 0.3614, d0.loss_bbox: 0.7867, d1.loss_cls: 0.3278, d1.loss_bbox: 0.6453, d2.loss_cls: 0.2822, d2.loss_bbox: 0.5753, d3.loss_cls: 0.2444, d3.loss_bbox: 0.5320, d4.loss_cls: 0.2295, d4.loss_bbox: 0.5036, loss: 5.1969, grad_norm: 26.0006
2025-06-22 07:14:21,239 - mmdet - INFO - Epoch [2][6200/7033]	lr: 2.333e-05, eta: 12:52:55, time: 1.602, data_time: 0.027, memory: 20293, loss_cls: 0.2194, loss_bbox: 0.4662, d0.loss_cls: 0.3690, d0.loss_bbox: 0.7917, d1.loss_cls: 0.3269, d1.loss_bbox: 0.6353, d2.loss_cls: 0.2808, d2.loss_bbox: 0.5713, d3.loss_cls: 0.2384, d3.loss_bbox: 0.5225, d4.loss_cls: 0.2249, d4.loss_bbox: 0.4897, loss: 5.1362, grad_norm: 30.8910
2025-06-22 07:15:43,024 - mmdet - INFO - Epoch [2][6250/7033]	lr: 2.333e-05, eta: 12:51:39, time: 1.636, data_time: 0.028, memory: 20293, loss_cls: 0.2235, loss_bbox: 0.4788, d0.loss_cls: 0.3637, d0.loss_bbox: 0.7895, d1.loss_cls: 0.3240, d1.loss_bbox: 0.6491, d2.loss_cls: 0.2843, d2.loss_bbox: 0.5834, d3.loss_cls: 0.2436, d3.loss_bbox: 0.5292, d4.loss_cls: 0.2335, d4.loss_bbox: 0.4952, loss: 5.1980, grad_norm: 27.9205
2025-06-22 07:17:02,937 - mmdet - INFO - Epoch [2][6300/7033]	lr: 2.333e-05, eta: 12:50:19, time: 1.598, data_time: 0.027, memory: 20293, loss_cls: 0.2196, loss_bbox: 0.4713, d0.loss_cls: 0.3690, d0.loss_bbox: 0.7760, d1.loss_cls: 0.3276, d1.loss_bbox: 0.6379, d2.loss_cls: 0.2822, d2.loss_bbox: 0.5676, d3.loss_cls: 0.2397, d3.loss_bbox: 0.5214, d4.loss_cls: 0.2272, d4.loss_bbox: 0.4908, loss: 5.1303, grad_norm: 29.3653
2025-06-22 07:18:22,833 - mmdet - INFO - Epoch [2][6350/7033]	lr: 2.333e-05, eta: 12:48:58, time: 1.598, data_time: 0.026, memory: 20293, loss_cls: 0.2354, loss_bbox: 0.4859, d0.loss_cls: 0.3769, d0.loss_bbox: 0.8079, d1.loss_cls: 0.3357, d1.loss_bbox: 0.6626, d2.loss_cls: 0.2953, d2.loss_bbox: 0.5879, d3.loss_cls: 0.2563, d3.loss_bbox: 0.5382, d4.loss_cls: 0.2397, d4.loss_bbox: 0.5087, loss: 5.3305, grad_norm: 25.5972
2025-06-22 07:19:43,019 - mmdet - INFO - Epoch [2][6400/7033]	lr: 2.333e-05, eta: 12:47:38, time: 1.604, data_time: 0.027, memory: 20293, loss_cls: 0.2232, loss_bbox: 0.4800, d0.loss_cls: 0.3619, d0.loss_bbox: 0.7831, d1.loss_cls: 0.3264, d1.loss_bbox: 0.6445, d2.loss_cls: 0.2844, d2.loss_bbox: 0.5761, d3.loss_cls: 0.2487, d3.loss_bbox: 0.5292, d4.loss_cls: 0.2318, d4.loss_bbox: 0.5018, loss: 5.1913, grad_norm: 30.0083
2025-06-22 07:21:02,995 - mmdet - INFO - Epoch [2][6450/7033]	lr: 2.333e-05, eta: 12:46:18, time: 1.600, data_time: 0.027, memory: 20293, loss_cls: 0.2198, loss_bbox: 0.4915, d0.loss_cls: 0.3720, d0.loss_bbox: 0.7959, d1.loss_cls: 0.3292, d1.loss_bbox: 0.6512, d2.loss_cls: 0.2900, d2.loss_bbox: 0.5814, d3.loss_cls: 0.2453, d3.loss_bbox: 0.5392, d4.loss_cls: 0.2282, d4.loss_bbox: 0.5098, loss: 5.2536, grad_norm: 26.4075
2025-06-22 07:22:23,110 - mmdet - INFO - Epoch [2][6500/7033]	lr: 2.333e-05, eta: 12:44:58, time: 1.602, data_time: 0.028, memory: 20293, loss_cls: 0.2208, loss_bbox: 0.4790, d0.loss_cls: 0.3663, d0.loss_bbox: 0.7931, d1.loss_cls: 0.3324, d1.loss_bbox: 0.6415, d2.loss_cls: 0.2925, d2.loss_bbox: 0.5696, d3.loss_cls: 0.2450, d3.loss_bbox: 0.5213, d4.loss_cls: 0.2252, d4.loss_bbox: 0.4978, loss: 5.1846, grad_norm: 22.7513
2025-06-22 07:23:42,997 - mmdet - INFO - Epoch [2][6550/7033]	lr: 2.333e-05, eta: 12:43:38, time: 1.598, data_time: 0.027, memory: 20293, loss_cls: 0.2217, loss_bbox: 0.4778, d0.loss_cls: 0.3650, d0.loss_bbox: 0.7802, d1.loss_cls: 0.3315, d1.loss_bbox: 0.6436, d2.loss_cls: 0.2861, d2.loss_bbox: 0.5685, d3.loss_cls: 0.2408, d3.loss_bbox: 0.5270, d4.loss_cls: 0.2295, d4.loss_bbox: 0.4996, loss: 5.1712, grad_norm: 25.0385
2025-06-22 07:25:02,910 - mmdet - INFO - Epoch [2][6600/7033]	lr: 2.333e-05, eta: 12:42:17, time: 1.598, data_time: 0.026, memory: 20293, loss_cls: 0.2297, loss_bbox: 0.4730, d0.loss_cls: 0.3645, d0.loss_bbox: 0.7953, d1.loss_cls: 0.3296, d1.loss_bbox: 0.6521, d2.loss_cls: 0.2871, d2.loss_bbox: 0.5806, d3.loss_cls: 0.2494, d3.loss_bbox: 0.5304, d4.loss_cls: 0.2348, d4.loss_bbox: 0.4965, loss: 5.2230, grad_norm: 28.6662
2025-06-22 07:26:22,613 - mmdet - INFO - Epoch [2][6650/7033]	lr: 2.333e-05, eta: 12:40:57, time: 1.594, data_time: 0.025, memory: 20293, loss_cls: 0.2248, loss_bbox: 0.4769, d0.loss_cls: 0.3568, d0.loss_bbox: 0.7914, d1.loss_cls: 0.3201, d1.loss_bbox: 0.6477, d2.loss_cls: 0.2841, d2.loss_bbox: 0.5784, d3.loss_cls: 0.2447, d3.loss_bbox: 0.5294, d4.loss_cls: 0.2327, d4.loss_bbox: 0.4943, loss: 5.1813, grad_norm: 25.8104
2025-06-22 07:27:42,555 - mmdet - INFO - Epoch [2][6700/7033]	lr: 2.333e-05, eta: 12:39:36, time: 1.599, data_time: 0.028, memory: 20293, loss_cls: 0.2230, loss_bbox: 0.4746, d0.loss_cls: 0.3595, d0.loss_bbox: 0.7770, d1.loss_cls: 0.3312, d1.loss_bbox: 0.6438, d2.loss_cls: 0.2928, d2.loss_bbox: 0.5711, d3.loss_cls: 0.2446, d3.loss_bbox: 0.5275, d4.loss_cls: 0.2332, d4.loss_bbox: 0.4908, loss: 5.1692, grad_norm: 36.4502
2025-06-22 07:29:03,577 - mmdet - INFO - Epoch [2][6750/7033]	lr: 2.333e-05, eta: 12:38:18, time: 1.620, data_time: 0.047, memory: 20293, loss_cls: 0.2229, loss_bbox: 0.4857, d0.loss_cls: 0.3574, d0.loss_bbox: 0.7838, d1.loss_cls: 0.3227, d1.loss_bbox: 0.6438, d2.loss_cls: 0.2841, d2.loss_bbox: 0.5789, d3.loss_cls: 0.2464, d3.loss_bbox: 0.5314, d4.loss_cls: 0.2319, d4.loss_bbox: 0.5020, loss: 5.1910, grad_norm: 21.1835
2025-06-22 07:30:23,277 - mmdet - INFO - Epoch [2][6800/7033]	lr: 2.333e-05, eta: 12:36:58, time: 1.594, data_time: 0.027, memory: 20293, loss_cls: 0.2176, loss_bbox: 0.4731, d0.loss_cls: 0.3639, d0.loss_bbox: 0.7770, d1.loss_cls: 0.3299, d1.loss_bbox: 0.6310, d2.loss_cls: 0.2858, d2.loss_bbox: 0.5658, d3.loss_cls: 0.2447, d3.loss_bbox: 0.5219, d4.loss_cls: 0.2274, d4.loss_bbox: 0.4921, loss: 5.1301, grad_norm: 25.5861
2025-06-22 07:31:43,340 - mmdet - INFO - Epoch [2][6850/7033]	lr: 2.333e-05, eta: 12:35:37, time: 1.601, data_time: 0.027, memory: 20293, loss_cls: 0.2305, loss_bbox: 0.4912, d0.loss_cls: 0.3785, d0.loss_bbox: 0.7884, d1.loss_cls: 0.3373, d1.loss_bbox: 0.6487, d2.loss_cls: 0.2988, d2.loss_bbox: 0.5784, d3.loss_cls: 0.2604, d3.loss_bbox: 0.5319, d4.loss_cls: 0.2395, d4.loss_bbox: 0.5091, loss: 5.2928, grad_norm: 28.7173
2025-06-22 07:33:04,931 - mmdet - INFO - Epoch [2][6900/7033]	lr: 2.333e-05, eta: 12:34:20, time: 1.632, data_time: 0.027, memory: 20293, loss_cls: 0.2247, loss_bbox: 0.4850, d0.loss_cls: 0.3721, d0.loss_bbox: 0.7804, d1.loss_cls: 0.3314, d1.loss_bbox: 0.6418, d2.loss_cls: 0.2893, d2.loss_bbox: 0.5788, d3.loss_cls: 0.2493, d3.loss_bbox: 0.5309, d4.loss_cls: 0.2309, d4.loss_bbox: 0.5043, loss: 5.2188, grad_norm: 39.7502
2025-06-22 07:34:26,486 - mmdet - INFO - Epoch [2][6950/7033]	lr: 2.333e-05, eta: 12:33:03, time: 1.631, data_time: 0.025, memory: 20293, loss_cls: 0.2153, loss_bbox: 0.4645, d0.loss_cls: 0.3623, d0.loss_bbox: 0.7681, d1.loss_cls: 0.3191, d1.loss_bbox: 0.6274, d2.loss_cls: 0.2746, d2.loss_bbox: 0.5554, d3.loss_cls: 0.2324, d3.loss_bbox: 0.5178, d4.loss_cls: 0.2223, d4.loss_bbox: 0.4831, loss: 5.0423, grad_norm: 54.9062
2025-06-22 07:35:46,359 - mmdet - INFO - Epoch [2][7000/7033]	lr: 2.333e-05, eta: 12:31:43, time: 1.597, data_time: 0.027, memory: 20293, loss_cls: 0.2389, loss_bbox: 0.4680, d0.loss_cls: 0.3712, d0.loss_bbox: 0.7760, d1.loss_cls: 0.3350, d1.loss_bbox: 0.6359, d2.loss_cls: 0.2967, d2.loss_bbox: 0.5654, d3.loss_cls: 0.2608, d3.loss_bbox: 0.5199, d4.loss_cls: 0.2434, d4.loss_bbox: 0.4899, loss: 5.2010, grad_norm: 37.6831
2025-06-22 07:36:39,749 - mmdet - INFO - Saving checkpoint at 2 epochs
2025-06-22 07:59:55,453 - mmdet - INFO - Exp name: lidar_0075v_cam_res_2x2_hednetmiddleencoder_hednetbackbone4_dss0511_dp03_hugeep2_num2_morton_conv_xy_rope_bs2.py
2025-06-22 07:59:55,453 - mmdet - INFO - Epoch(val) [2][3010]	pts_bbox_NuScenes/car_AP_dist_0.5: 0.0919, pts_bbox_NuScenes/car_AP_dist_1.0: 0.3691, pts_bbox_NuScenes/car_AP_dist_2.0: 0.6851, pts_bbox_NuScenes/car_AP_dist_4.0: 0.8131, pts_bbox_NuScenes/car_trans_err: 0.6771, pts_bbox_NuScenes/car_scale_err: 0.1574, pts_bbox_NuScenes/car_orient_err: 0.1207, pts_bbox_NuScenes/car_vel_err: 1.0519, pts_bbox_NuScenes/car_attr_err: 0.2042, pts_bbox_NuScenes/mATE: 0.8430, pts_bbox_NuScenes/mASE: 0.2806, pts_bbox_NuScenes/mAOE: 0.4591, pts_bbox_NuScenes/mAVE: 0.9027, pts_bbox_NuScenes/mAAE: 0.2111, pts_bbox_NuScenes/truck_AP_dist_0.5: 0.0080, pts_bbox_NuScenes/truck_AP_dist_1.0: 0.1040, pts_bbox_NuScenes/truck_AP_dist_2.0: 0.3553, pts_bbox_NuScenes/truck_AP_dist_4.0: 0.5816, pts_bbox_NuScenes/truck_trans_err: 0.8892, pts_bbox_NuScenes/truck_scale_err: 0.2211, pts_bbox_NuScenes/truck_orient_err: 0.2015, pts_bbox_NuScenes/truck_vel_err: 1.0293, pts_bbox_NuScenes/truck_attr_err: 0.2331, pts_bbox_NuScenes/construction_vehicle_AP_dist_0.5: 0.0000, pts_bbox_NuScenes/construction_vehicle_AP_dist_1.0: 0.0010, pts_bbox_NuScenes/construction_vehicle_AP_dist_2.0: 0.1059, pts_bbox_NuScenes/construction_vehicle_AP_dist_4.0: 0.2166, pts_bbox_NuScenes/construction_vehicle_trans_err: 1.1284, pts_bbox_NuScenes/construction_vehicle_scale_err: 0.4397, pts_bbox_NuScenes/construction_vehicle_orient_err: 0.9816, pts_bbox_NuScenes/construction_vehicle_vel_err: 0.1151, pts_bbox_NuScenes/construction_vehicle_attr_err: 0.2987, pts_bbox_NuScenes/bus_AP_dist_0.5: 0.0039, pts_bbox_NuScenes/bus_AP_dist_1.0: 0.1056, pts_bbox_NuScenes/bus_AP_dist_2.0: 0.4037, pts_bbox_NuScenes/bus_AP_dist_4.0: 0.7220, pts_bbox_NuScenes/bus_trans_err: 0.9401, pts_bbox_NuScenes/bus_scale_err: 0.2211, pts_bbox_NuScenes/bus_orient_err: 0.2157, pts_bbox_NuScenes/bus_vel_err: 1.9046, pts_bbox_NuScenes/bus_attr_err: 0.4274, pts_bbox_NuScenes/trailer_AP_dist_0.5: 0.0000, pts_bbox_NuScenes/trailer_AP_dist_1.0: 0.0078, pts_bbox_NuScenes/trailer_AP_dist_2.0: 0.2025, pts_bbox_NuScenes/trailer_AP_dist_4.0: 0.4068, pts_bbox_NuScenes/trailer_trans_err: 1.1270, pts_bbox_NuScenes/trailer_scale_err: 0.2600, pts_bbox_NuScenes/trailer_orient_err: 0.5980, pts_bbox_NuScenes/trailer_vel_err: 0.9456, pts_bbox_NuScenes/trailer_attr_err: 0.1433, pts_bbox_NuScenes/barrier_AP_dist_0.5: 0.0668, pts_bbox_NuScenes/barrier_AP_dist_1.0: 0.3305, pts_bbox_NuScenes/barrier_AP_dist_2.0: 0.5859, pts_bbox_NuScenes/barrier_AP_dist_4.0: 0.6846, pts_bbox_NuScenes/barrier_trans_err: 0.7186, pts_bbox_NuScenes/barrier_scale_err: 0.2874, pts_bbox_NuScenes/barrier_orient_err: 0.1915, pts_bbox_NuScenes/barrier_vel_err: nan, pts_bbox_NuScenes/barrier_attr_err: nan, pts_bbox_NuScenes/motorcycle_AP_dist_0.5: 0.0411, pts_bbox_NuScenes/motorcycle_AP_dist_1.0: 0.2153, pts_bbox_NuScenes/motorcycle_AP_dist_2.0: 0.4256, pts_bbox_NuScenes/motorcycle_AP_dist_4.0: 0.5516, pts_bbox_NuScenes/motorcycle_trans_err: 0.7464, pts_bbox_NuScenes/motorcycle_scale_err: 0.2735, pts_bbox_NuScenes/motorcycle_orient_err: 0.5445, pts_bbox_NuScenes/motorcycle_vel_err: 1.2308, pts_bbox_NuScenes/motorcycle_attr_err: 0.1474, pts_bbox_NuScenes/bicycle_AP_dist_0.5: 0.0318, pts_bbox_NuScenes/bicycle_AP_dist_1.0: 0.1647, pts_bbox_NuScenes/bicycle_AP_dist_2.0: 0.3441, pts_bbox_NuScenes/bicycle_AP_dist_4.0: 0.4387, pts_bbox_NuScenes/bicycle_trans_err: 0.7461, pts_bbox_NuScenes/bicycle_scale_err: 0.2915, pts_bbox_NuScenes/bicycle_orient_err: 0.6421, pts_bbox_NuScenes/bicycle_vel_err: 0.3847, pts_bbox_NuScenes/bicycle_attr_err: 0.0209, pts_bbox_NuScenes/pedestrian_AP_dist_0.5: 0.0521, pts_bbox_NuScenes/pedestrian_AP_dist_1.0: 0.2582, pts_bbox_NuScenes/pedestrian_AP_dist_2.0: 0.5147, pts_bbox_NuScenes/pedestrian_AP_dist_4.0: 0.6817, pts_bbox_NuScenes/pedestrian_trans_err: 0.7546, pts_bbox_NuScenes/pedestrian_scale_err: 0.3125, pts_bbox_NuScenes/pedestrian_orient_err: 0.6358, pts_bbox_NuScenes/pedestrian_vel_err: 0.5597, pts_bbox_NuScenes/pedestrian_attr_err: 0.2137, pts_bbox_NuScenes/traffic_cone_AP_dist_0.5: 0.0809, pts_bbox_NuScenes/traffic_cone_AP_dist_1.0: 0.3273, pts_bbox_NuScenes/traffic_cone_AP_dist_2.0: 0.5777, pts_bbox_NuScenes/traffic_cone_AP_dist_4.0: 0.6947, pts_bbox_NuScenes/traffic_cone_trans_err: 0.7023, pts_bbox_NuScenes/traffic_cone_scale_err: 0.3417, pts_bbox_NuScenes/traffic_cone_orient_err: nan, pts_bbox_NuScenes/traffic_cone_vel_err: nan, pts_bbox_NuScenes/traffic_cone_attr_err: nan, pts_bbox_NuScenes/NDS: 0.3835, pts_bbox_NuScenes/mAP: 0.3063
2025-06-22 08:01:23,883 - mmdet - INFO - Epoch [3][50/7033]	lr: 1.876e-05, eta: 12:27:53, time: 1.684, data_time: 0.118, memory: 20293, loss_cls: 0.2155, loss_bbox: 0.4571, d0.loss_cls: 0.3555, d0.loss_bbox: 0.7724, d1.loss_cls: 0.3152, d1.loss_bbox: 0.6264, d2.loss_cls: 0.2702, d2.loss_bbox: 0.5583, d3.loss_cls: 0.2390, d3.loss_bbox: 0.5097, d4.loss_cls: 0.2247, d4.loss_bbox: 0.4797, loss: 5.0237, grad_norm: 58.3724
2025-06-22 08:02:43,801 - mmdet - INFO - Epoch [3][100/7033]	lr: 1.876e-05, eta: 12:26:33, time: 1.598, data_time: 0.026, memory: 20293, loss_cls: 0.2318, loss_bbox: 0.4760, d0.loss_cls: 0.3737, d0.loss_bbox: 0.7819, d1.loss_cls: 0.3351, d1.loss_bbox: 0.6393, d2.loss_cls: 0.2867, d2.loss_bbox: 0.5801, d3.loss_cls: 0.2559, d3.loss_bbox: 0.5270, d4.loss_cls: 0.2409, d4.loss_bbox: 0.4948, loss: 5.2231, grad_norm: 33.4324
2025-06-22 08:04:03,497 - mmdet - INFO - Epoch [3][150/7033]	lr: 1.876e-05, eta: 12:25:13, time: 1.594, data_time: 0.026, memory: 20293, loss_cls: 0.2145, loss_bbox: 0.4665, d0.loss_cls: 0.3534, d0.loss_bbox: 0.7727, d1.loss_cls: 0.3253, d1.loss_bbox: 0.6277, d2.loss_cls: 0.2797, d2.loss_bbox: 0.5615, d3.loss_cls: 0.2412, d3.loss_bbox: 0.5114, d4.loss_cls: 0.2221, d4.loss_bbox: 0.4826, loss: 5.0586, grad_norm: 22.4713
2025-06-22 08:05:23,463 - mmdet - INFO - Epoch [3][200/7033]	lr: 1.876e-05, eta: 12:23:53, time: 1.599, data_time: 0.028, memory: 20293, loss_cls: 0.2163, loss_bbox: 0.4809, d0.loss_cls: 0.3688, d0.loss_bbox: 0.7880, d1.loss_cls: 0.3287, d1.loss_bbox: 0.6445, d2.loss_cls: 0.2820, d2.loss_bbox: 0.5835, d3.loss_cls: 0.2416, d3.loss_bbox: 0.5340, d4.loss_cls: 0.2228, d4.loss_bbox: 0.5015, loss: 5.1926, grad_norm: 25.9219
2025-06-22 08:06:43,605 - mmdet - INFO - Epoch [3][250/7033]	lr: 1.876e-05, eta: 12:22:34, time: 1.603, data_time: 0.028, memory: 20293, loss_cls: 0.2238, loss_bbox: 0.4660, d0.loss_cls: 0.3637, d0.loss_bbox: 0.7716, d1.loss_cls: 0.3281, d1.loss_bbox: 0.6359, d2.loss_cls: 0.2828, d2.loss_bbox: 0.5625, d3.loss_cls: 0.2482, d3.loss_bbox: 0.5163, d4.loss_cls: 0.2315, d4.loss_bbox: 0.4858, loss: 5.1160, grad_norm: 29.4475
2025-06-22 08:08:03,528 - mmdet - INFO - Epoch [3][300/7033]	lr: 1.876e-05, eta: 12:21:14, time: 1.598, data_time: 0.028, memory: 20293, loss_cls: 0.2128, loss_bbox: 0.4546, d0.loss_cls: 0.3592, d0.loss_bbox: 0.7562, d1.loss_cls: 0.3209, d1.loss_bbox: 0.6217, d2.loss_cls: 0.2731, d2.loss_bbox: 0.5486, d3.loss_cls: 0.2379, d3.loss_bbox: 0.5018, d4.loss_cls: 0.2221, d4.loss_bbox: 0.4721, loss: 4.9809, grad_norm: 29.7041
2025-06-22 08:09:23,352 - mmdet - INFO - Epoch [3][350/7033]	lr: 1.876e-05, eta: 12:19:54, time: 1.596, data_time: 0.027, memory: 20293, loss_cls: 0.2200, loss_bbox: 0.4745, d0.loss_cls: 0.3690, d0.loss_bbox: 0.7717, d1.loss_cls: 0.3351, d1.loss_bbox: 0.6303, d2.loss_cls: 0.2872, d2.loss_bbox: 0.5641, d3.loss_cls: 0.2441, d3.loss_bbox: 0.5190, d4.loss_cls: 0.2249, d4.loss_bbox: 0.4927, loss: 5.1327, grad_norm: 28.5729
2025-06-22 08:10:43,028 - mmdet - INFO - Epoch [3][400/7033]	lr: 1.876e-05, eta: 12:18:34, time: 1.593, data_time: 0.025, memory: 20293, loss_cls: 0.2235, loss_bbox: 0.4669, d0.loss_cls: 0.3720, d0.loss_bbox: 0.7753, d1.loss_cls: 0.3327, d1.loss_bbox: 0.6337, d2.loss_cls: 0.2860, d2.loss_bbox: 0.5648, d3.loss_cls: 0.2529, d3.loss_bbox: 0.5142, d4.loss_cls: 0.2328, d4.loss_bbox: 0.4850, loss: 5.1396, grad_norm: 34.5274
2025-06-22 08:12:02,490 - mmdet - INFO - Epoch [3][450/7033]	lr: 1.876e-05, eta: 12:17:13, time: 1.589, data_time: 0.026, memory: 20293, loss_cls: 0.2133, loss_bbox: 0.4637, d0.loss_cls: 0.3564, d0.loss_bbox: 0.7561, d1.loss_cls: 0.3218, d1.loss_bbox: 0.6302, d2.loss_cls: 0.2784, d2.loss_bbox: 0.5618, d3.loss_cls: 0.2393, d3.loss_bbox: 0.5128, d4.loss_cls: 0.2201, d4.loss_bbox: 0.4825, loss: 5.0363, grad_norm: 32.0846
2025-06-22 08:13:24,336 - mmdet - INFO - Epoch [3][500/7033]	lr: 1.876e-05, eta: 12:15:57, time: 1.637, data_time: 0.028, memory: 20293, loss_cls: 0.2294, loss_bbox: 0.4693, d0.loss_cls: 0.3751, d0.loss_bbox: 0.7619, d1.loss_cls: 0.3352, d1.loss_bbox: 0.6305, d2.loss_cls: 0.2885, d2.loss_bbox: 0.5616, d3.loss_cls: 0.2528, d3.loss_bbox: 0.5201, d4.loss_cls: 0.2338, d4.loss_bbox: 0.4935, loss: 5.1517, grad_norm: 72.5078
2025-06-22 08:14:44,119 - mmdet - INFO - Epoch [3][550/7033]	lr: 1.876e-05, eta: 12:14:37, time: 1.596, data_time: 0.028, memory: 20293, loss_cls: 0.2055, loss_bbox: 0.4558, d0.loss_cls: 0.3506, d0.loss_bbox: 0.7618, d1.loss_cls: 0.3187, d1.loss_bbox: 0.6240, d2.loss_cls: 0.2699, d2.loss_bbox: 0.5520, d3.loss_cls: 0.2283, d3.loss_bbox: 0.5015, d4.loss_cls: 0.2118, d4.loss_bbox: 0.4746, loss: 4.9546, grad_norm: 33.5505
2025-06-22 08:16:04,205 - mmdet - INFO - Epoch [3][600/7033]	lr: 1.876e-05, eta: 12:13:17, time: 1.602, data_time: 0.029, memory: 20293, loss_cls: 0.2111, loss_bbox: 0.4759, d0.loss_cls: 0.3590, d0.loss_bbox: 0.7696, d1.loss_cls: 0.3191, d1.loss_bbox: 0.6299, d2.loss_cls: 0.2746, d2.loss_bbox: 0.5629, d3.loss_cls: 0.2402, d3.loss_bbox: 0.5142, d4.loss_cls: 0.2222, d4.loss_bbox: 0.4919, loss: 5.0705, grad_norm: 25.9360
2025-06-22 08:17:23,929 - mmdet - INFO - Epoch [3][650/7033]	lr: 1.876e-05, eta: 12:11:57, time: 1.594, data_time: 0.027, memory: 20293, loss_cls: 0.2122, loss_bbox: 0.4586, d0.loss_cls: 0.3543, d0.loss_bbox: 0.7586, d1.loss_cls: 0.3152, d1.loss_bbox: 0.6263, d2.loss_cls: 0.2729, d2.loss_bbox: 0.5580, d3.loss_cls: 0.2374, d3.loss_bbox: 0.5031, d4.loss_cls: 0.2181, d4.loss_bbox: 0.4769, loss: 4.9915, grad_norm: 23.4562
2025-06-22 08:18:43,805 - mmdet - INFO - Epoch [3][700/7033]	lr: 1.876e-05, eta: 12:10:37, time: 1.598, data_time: 0.024, memory: 20293, loss_cls: 0.2278, loss_bbox: 0.4732, d0.loss_cls: 0.3710, d0.loss_bbox: 0.7810, d1.loss_cls: 0.3325, d1.loss_bbox: 0.6369, d2.loss_cls: 0.2850, d2.loss_bbox: 0.5698, d3.loss_cls: 0.2534, d3.loss_bbox: 0.5173, d4.loss_cls: 0.2367, d4.loss_bbox: 0.4940, loss: 5.1785, grad_norm: 34.5174
2025-06-22 08:20:03,745 - mmdet - INFO - Epoch [3][750/7033]	lr: 1.876e-05, eta: 12:09:17, time: 1.599, data_time: 0.027, memory: 20293, loss_cls: 0.2124, loss_bbox: 0.4663, d0.loss_cls: 0.3606, d0.loss_bbox: 0.7562, d1.loss_cls: 0.3249, d1.loss_bbox: 0.6324, d2.loss_cls: 0.2849, d2.loss_bbox: 0.5623, d3.loss_cls: 0.2449, d3.loss_bbox: 0.5148, d4.loss_cls: 0.2255, d4.loss_bbox: 0.4849, loss: 5.0701, grad_norm: 36.4032
2025-06-22 08:21:23,707 - mmdet - INFO - Epoch [3][800/7033]	lr: 1.876e-05, eta: 12:07:57, time: 1.599, data_time: 0.027, memory: 20293, loss_cls: 0.2198, loss_bbox: 0.4673, d0.loss_cls: 0.3636, d0.loss_bbox: 0.7733, d1.loss_cls: 0.3281, d1.loss_bbox: 0.6450, d2.loss_cls: 0.2874, d2.loss_bbox: 0.5643, d3.loss_cls: 0.2466, d3.loss_bbox: 0.5158, d4.loss_cls: 0.2292, d4.loss_bbox: 0.4843, loss: 5.1246, grad_norm: 34.3101
2025-06-22 08:22:43,642 - mmdet - INFO - Epoch [3][850/7033]	lr: 1.876e-05, eta: 12:06:37, time: 1.599, data_time: 0.026, memory: 20293, loss_cls: 0.2102, loss_bbox: 0.4671, d0.loss_cls: 0.3498, d0.loss_bbox: 0.7751, d1.loss_cls: 0.3160, d1.loss_bbox: 0.6447, d2.loss_cls: 0.2746, d2.loss_bbox: 0.5694, d3.loss_cls: 0.2341, d3.loss_bbox: 0.5224, d4.loss_cls: 0.2189, d4.loss_bbox: 0.4885, loss: 5.0709, grad_norm: 49.3604
2025-06-22 08:24:03,691 - mmdet - INFO - Epoch [3][900/7033]	lr: 1.876e-05, eta: 12:05:18, time: 1.601, data_time: 0.024, memory: 20293, loss_cls: 0.2176, loss_bbox: 0.4700, d0.loss_cls: 0.3549, d0.loss_bbox: 0.7686, d1.loss_cls: 0.3230, d1.loss_bbox: 0.6341, d2.loss_cls: 0.2754, d2.loss_bbox: 0.5663, d3.loss_cls: 0.2407, d3.loss_bbox: 0.5204, d4.loss_cls: 0.2244, d4.loss_bbox: 0.4884, loss: 5.0839, grad_norm: 27.0175
2025-06-22 08:25:23,494 - mmdet - INFO - Epoch [3][950/7033]	lr: 1.876e-05, eta: 12:03:58, time: 1.596, data_time: 0.026, memory: 20293, loss_cls: 0.2209, loss_bbox: 0.4548, d0.loss_cls: 0.3533, d0.loss_bbox: 0.7676, d1.loss_cls: 0.3273, d1.loss_bbox: 0.6348, d2.loss_cls: 0.2856, d2.loss_bbox: 0.5553, d3.loss_cls: 0.2442, d3.loss_bbox: 0.5048, d4.loss_cls: 0.2270, d4.loss_bbox: 0.4750, loss: 5.0506, grad_norm: 30.5254
2025-06-22 08:26:43,607 - mmdet - INFO - Epoch [3][1000/7033]	lr: 1.876e-05, eta: 12:02:38, time: 1.602, data_time: 0.026, memory: 20293, loss_cls: 0.2029, loss_bbox: 0.4628, d0.loss_cls: 0.3520, d0.loss_bbox: 0.7622, d1.loss_cls: 0.3185, d1.loss_bbox: 0.6227, d2.loss_cls: 0.2709, d2.loss_bbox: 0.5528, d3.loss_cls: 0.2252, d3.loss_bbox: 0.5119, d4.loss_cls: 0.2078, d4.loss_bbox: 0.4809, loss: 4.9705, grad_norm: 30.3906
2025-06-22 08:28:03,411 - mmdet - INFO - Epoch [3][1050/7033]	lr: 1.876e-05, eta: 12:01:18, time: 1.596, data_time: 0.026, memory: 20293, loss_cls: 0.2028, loss_bbox: 0.4596, d0.loss_cls: 0.3516, d0.loss_bbox: 0.7559, d1.loss_cls: 0.3212, d1.loss_bbox: 0.6192, d2.loss_cls: 0.2768, d2.loss_bbox: 0.5463, d3.loss_cls: 0.2254, d3.loss_bbox: 0.5051, d4.loss_cls: 0.2076, d4.loss_bbox: 0.4796, loss: 4.9511, grad_norm: 46.6362
2025-06-22 08:29:23,343 - mmdet - INFO - Epoch [3][1100/7033]	lr: 1.876e-05, eta: 11:59:58, time: 1.599, data_time: 0.027, memory: 20293, loss_cls: 0.2139, loss_bbox: 0.4549, d0.loss_cls: 0.3542, d0.loss_bbox: 0.7638, d1.loss_cls: 0.3269, d1.loss_bbox: 0.6174, d2.loss_cls: 0.2758, d2.loss_bbox: 0.5545, d3.loss_cls: 0.2372, d3.loss_bbox: 0.5034, d4.loss_cls: 0.2185, d4.loss_bbox: 0.4765, loss: 4.9969, grad_norm: 32.3334
2025-06-22 08:30:43,332 - mmdet - INFO - Epoch [3][1150/7033]	lr: 1.876e-05, eta: 11:58:38, time: 1.600, data_time: 0.027, memory: 20293, loss_cls: 0.2229, loss_bbox: 0.4874, d0.loss_cls: 0.3728, d0.loss_bbox: 0.7852, d1.loss_cls: 0.3372, d1.loss_bbox: 0.6449, d2.loss_cls: 0.2891, d2.loss_bbox: 0.5776, d3.loss_cls: 0.2506, d3.loss_bbox: 0.5291, d4.loss_cls: 0.2317, d4.loss_bbox: 0.5010, loss: 5.2293, grad_norm: 30.5032
2025-06-22 08:32:05,084 - mmdet - INFO - Epoch [3][1200/7033]	lr: 1.876e-05, eta: 11:57:22, time: 1.635, data_time: 0.027, memory: 20293, loss_cls: 0.2111, loss_bbox: 0.4638, d0.loss_cls: 0.3559, d0.loss_bbox: 0.7624, d1.loss_cls: 0.3228, d1.loss_bbox: 0.6288, d2.loss_cls: 0.2741, d2.loss_bbox: 0.5562, d3.loss_cls: 0.2417, d3.loss_bbox: 0.5071, d4.loss_cls: 0.2206, d4.loss_bbox: 0.4819, loss: 5.0263, grad_norm: 23.2186
2025-06-22 08:33:25,169 - mmdet - INFO - Epoch [3][1250/7033]	lr: 1.876e-05, eta: 11:56:02, time: 1.602, data_time: 0.027, memory: 20293, loss_cls: 0.2159, loss_bbox: 0.4727, d0.loss_cls: 0.3680, d0.loss_bbox: 0.7804, d1.loss_cls: 0.3328, d1.loss_bbox: 0.6329, d2.loss_cls: 0.2870, d2.loss_bbox: 0.5638, d3.loss_cls: 0.2437, d3.loss_bbox: 0.5146, d4.loss_cls: 0.2247, d4.loss_bbox: 0.4860, loss: 5.1225, grad_norm: 38.3280
2025-06-22 08:34:45,000 - mmdet - INFO - Epoch [3][1300/7033]	lr: 1.876e-05, eta: 11:54:42, time: 1.597, data_time: 0.025, memory: 20293, loss_cls: 0.2054, loss_bbox: 0.4606, d0.loss_cls: 0.3568, d0.loss_bbox: 0.7593, d1.loss_cls: 0.3159, d1.loss_bbox: 0.6225, d2.loss_cls: 0.2710, d2.loss_bbox: 0.5545, d3.loss_cls: 0.2298, d3.loss_bbox: 0.5099, d4.loss_cls: 0.2139, d4.loss_bbox: 0.4755, loss: 4.9751, grad_norm: 26.7301
2025-06-22 08:36:04,908 - mmdet - INFO - Epoch [3][1350/7033]	lr: 1.876e-05, eta: 11:53:22, time: 1.598, data_time: 0.027, memory: 20293, loss_cls: 0.2315, loss_bbox: 0.4760, d0.loss_cls: 0.3773, d0.loss_bbox: 0.7743, d1.loss_cls: 0.3340, d1.loss_bbox: 0.6384, d2.loss_cls: 0.2932, d2.loss_bbox: 0.5723, d3.loss_cls: 0.2527, d3.loss_bbox: 0.5280, d4.loss_cls: 0.2375, d4.loss_bbox: 0.4954, loss: 5.2105, grad_norm: 40.8306
2025-06-22 08:37:24,981 - mmdet - INFO - Epoch [3][1400/7033]	lr: 1.876e-05, eta: 11:52:03, time: 1.602, data_time: 0.028, memory: 20293, loss_cls: 0.2094, loss_bbox: 0.4660, d0.loss_cls: 0.3475, d0.loss_bbox: 0.7653, d1.loss_cls: 0.3172, d1.loss_bbox: 0.6286, d2.loss_cls: 0.2683, d2.loss_bbox: 0.5608, d3.loss_cls: 0.2374, d3.loss_bbox: 0.5071, d4.loss_cls: 0.2179, d4.loss_bbox: 0.4817, loss: 5.0073, grad_norm: 27.1449
2025-06-22 08:38:45,094 - mmdet - INFO - Epoch [3][1450/7033]	lr: 1.876e-05, eta: 11:50:43, time: 1.602, data_time: 0.027, memory: 20293, loss_cls: 0.2238, loss_bbox: 0.4840, d0.loss_cls: 0.3639, d0.loss_bbox: 0.7757, d1.loss_cls: 0.3332, d1.loss_bbox: 0.6420, d2.loss_cls: 0.2904, d2.loss_bbox: 0.5747, d3.loss_cls: 0.2524, d3.loss_bbox: 0.5279, d4.loss_cls: 0.2316, d4.loss_bbox: 0.5029, loss: 5.2026, grad_norm: 33.9016
2025-06-22 08:40:05,045 - mmdet - INFO - Epoch [3][1500/7033]	lr: 1.876e-05, eta: 11:49:23, time: 1.599, data_time: 0.027, memory: 20293, loss_cls: 0.2105, loss_bbox: 0.4672, d0.loss_cls: 0.3555, d0.loss_bbox: 0.7603, d1.loss_cls: 0.3191, d1.loss_bbox: 0.6285, d2.loss_cls: 0.2761, d2.loss_bbox: 0.5596, d3.loss_cls: 0.2339, d3.loss_bbox: 0.5121, d4.loss_cls: 0.2193, d4.loss_bbox: 0.4847, loss: 5.0269, grad_norm: 28.5013
2025-06-22 08:41:25,021 - mmdet - INFO - Epoch [3][1550/7033]	lr: 1.876e-05, eta: 11:48:03, time: 1.600, data_time: 0.027, memory: 20293, loss_cls: 0.2107, loss_bbox: 0.4526, d0.loss_cls: 0.3582, d0.loss_bbox: 0.7644, d1.loss_cls: 0.3230, d1.loss_bbox: 0.6190, d2.loss_cls: 0.2812, d2.loss_bbox: 0.5520, d3.loss_cls: 0.2384, d3.loss_bbox: 0.5000, d4.loss_cls: 0.2179, d4.loss_bbox: 0.4707, loss: 4.9880, grad_norm: 52.3524
2025-06-22 08:42:44,894 - mmdet - INFO - Epoch [3][1600/7033]	lr: 1.876e-05, eta: 11:46:43, time: 1.597, data_time: 0.026, memory: 20293, loss_cls: 0.2163, loss_bbox: 0.4697, d0.loss_cls: 0.3610, d0.loss_bbox: 0.7525, d1.loss_cls: 0.3181, d1.loss_bbox: 0.6293, d2.loss_cls: 0.2836, d2.loss_bbox: 0.5605, d3.loss_cls: 0.2398, d3.loss_bbox: 0.5160, d4.loss_cls: 0.2232, d4.loss_bbox: 0.4873, loss: 5.0574, grad_norm: 25.5533
2025-06-22 08:44:05,143 - mmdet - INFO - Epoch [3][1650/7033]	lr: 1.876e-05, eta: 11:45:24, time: 1.605, data_time: 0.028, memory: 20293, loss_cls: 0.1978, loss_bbox: 0.4601, d0.loss_cls: 0.3485, d0.loss_bbox: 0.7509, d1.loss_cls: 0.3102, d1.loss_bbox: 0.6199, d2.loss_cls: 0.2750, d2.loss_bbox: 0.5472, d3.loss_cls: 0.2257, d3.loss_bbox: 0.5048, d4.loss_cls: 0.2052, d4.loss_bbox: 0.4774, loss: 4.9225, grad_norm: 34.3220
2025-06-22 08:45:25,113 - mmdet - INFO - Epoch [3][1700/7033]	lr: 1.876e-05, eta: 11:44:04, time: 1.599, data_time: 0.028, memory: 20293, loss_cls: 0.1996, loss_bbox: 0.4478, d0.loss_cls: 0.3369, d0.loss_bbox: 0.7485, d1.loss_cls: 0.3036, d1.loss_bbox: 0.6156, d2.loss_cls: 0.2619, d2.loss_bbox: 0.5404, d3.loss_cls: 0.2235, d3.loss_bbox: 0.4955, d4.loss_cls: 0.2059, d4.loss_bbox: 0.4659, loss: 4.8451, grad_norm: 49.7201
2025-06-22 08:46:46,827 - mmdet - INFO - Epoch [3][1750/7033]	lr: 1.876e-05, eta: 11:42:47, time: 1.634, data_time: 0.028, memory: 20293, loss_cls: 0.2175, loss_bbox: 0.4594, d0.loss_cls: 0.3513, d0.loss_bbox: 0.7578, d1.loss_cls: 0.3151, d1.loss_bbox: 0.6279, d2.loss_cls: 0.2732, d2.loss_bbox: 0.5612, d3.loss_cls: 0.2368, d3.loss_bbox: 0.5121, d4.loss_cls: 0.2212, d4.loss_bbox: 0.4790, loss: 5.0126, grad_norm: 26.2487
2025-06-22 08:48:06,791 - mmdet - INFO - Epoch [3][1800/7033]	lr: 1.876e-05, eta: 11:41:27, time: 1.599, data_time: 0.027, memory: 20293, loss_cls: 0.2109, loss_bbox: 0.4433, d0.loss_cls: 0.3535, d0.loss_bbox: 0.7533, d1.loss_cls: 0.3162, d1.loss_bbox: 0.6196, d2.loss_cls: 0.2699, d2.loss_bbox: 0.5475, d3.loss_cls: 0.2308, d3.loss_bbox: 0.4964, d4.loss_cls: 0.2165, d4.loss_bbox: 0.4651, loss: 4.9230, grad_norm: 43.0119
2025-06-22 08:49:26,800 - mmdet - INFO - Epoch [3][1850/7033]	lr: 1.876e-05, eta: 11:40:08, time: 1.600, data_time: 0.028, memory: 20293, loss_cls: 0.2143, loss_bbox: 0.4593, d0.loss_cls: 0.3546, d0.loss_bbox: 0.7623, d1.loss_cls: 0.3209, d1.loss_bbox: 0.6244, d2.loss_cls: 0.2777, d2.loss_bbox: 0.5522, d3.loss_cls: 0.2372, d3.loss_bbox: 0.5105, d4.loss_cls: 0.2182, d4.loss_bbox: 0.4814, loss: 5.0129, grad_norm: 38.2324
2025-06-22 08:50:46,575 - mmdet - INFO - Epoch [3][1900/7033]	lr: 1.876e-05, eta: 11:38:48, time: 1.595, data_time: 0.027, memory: 20293, loss_cls: 0.2083, loss_bbox: 0.4652, d0.loss_cls: 0.3601, d0.loss_bbox: 0.7557, d1.loss_cls: 0.3223, d1.loss_bbox: 0.6306, d2.loss_cls: 0.2750, d2.loss_bbox: 0.5601, d3.loss_cls: 0.2324, d3.loss_bbox: 0.5140, d4.loss_cls: 0.2178, d4.loss_bbox: 0.4806, loss: 5.0221, grad_norm: 30.3786
2025-06-22 08:52:06,535 - mmdet - INFO - Epoch [3][1950/7033]	lr: 1.876e-05, eta: 11:37:28, time: 1.599, data_time: 0.028, memory: 20293, loss_cls: 0.2197, loss_bbox: 0.4719, d0.loss_cls: 0.3578, d0.loss_bbox: 0.7700, d1.loss_cls: 0.3290, d1.loss_bbox: 0.6297, d2.loss_cls: 0.2807, d2.loss_bbox: 0.5688, d3.loss_cls: 0.2461, d3.loss_bbox: 0.5182, d4.loss_cls: 0.2285, d4.loss_bbox: 0.4885, loss: 5.1090, grad_norm: 24.0186
2025-06-22 08:53:26,266 - mmdet - INFO - Epoch [3][2000/7033]	lr: 1.876e-05, eta: 11:36:07, time: 1.595, data_time: 0.026, memory: 20293, loss_cls: 0.2051, loss_bbox: 0.4413, d0.loss_cls: 0.3481, d0.loss_bbox: 0.7408, d1.loss_cls: 0.3192, d1.loss_bbox: 0.6123, d2.loss_cls: 0.2718, d2.loss_bbox: 0.5415, d3.loss_cls: 0.2277, d3.loss_bbox: 0.4903, d4.loss_cls: 0.2118, d4.loss_bbox: 0.4590, loss: 4.8688, grad_norm: 30.3250
2025-06-22 08:54:46,147 - mmdet - INFO - Epoch [3][2050/7033]	lr: 1.876e-05, eta: 11:34:48, time: 1.598, data_time: 0.026, memory: 20293, loss_cls: 0.1963, loss_bbox: 0.4506, d0.loss_cls: 0.3386, d0.loss_bbox: 0.7290, d1.loss_cls: 0.3114, d1.loss_bbox: 0.6066, d2.loss_cls: 0.2649, d2.loss_bbox: 0.5412, d3.loss_cls: 0.2223, d3.loss_bbox: 0.4988, d4.loss_cls: 0.2047, d4.loss_bbox: 0.4693, loss: 4.8337, grad_norm: 28.5653
2025-06-22 08:56:05,934 - mmdet - INFO - Epoch [3][2100/7033]	lr: 1.876e-05, eta: 11:33:27, time: 1.596, data_time: 0.027, memory: 20293, loss_cls: 0.2182, loss_bbox: 0.4536, d0.loss_cls: 0.3610, d0.loss_bbox: 0.7535, d1.loss_cls: 0.3270, d1.loss_bbox: 0.6169, d2.loss_cls: 0.2879, d2.loss_bbox: 0.5560, d3.loss_cls: 0.2406, d3.loss_bbox: 0.5075, d4.loss_cls: 0.2227, d4.loss_bbox: 0.4763, loss: 5.0211, grad_norm: 30.1803
2025-06-22 08:57:25,737 - mmdet - INFO - Epoch [3][2150/7033]	lr: 1.876e-05, eta: 11:32:07, time: 1.596, data_time: 0.026, memory: 20293, loss_cls: 0.1956, loss_bbox: 0.4496, d0.loss_cls: 0.3437, d0.loss_bbox: 0.7500, d1.loss_cls: 0.3061, d1.loss_bbox: 0.6147, d2.loss_cls: 0.2647, d2.loss_bbox: 0.5372, d3.loss_cls: 0.2191, d3.loss_bbox: 0.4938, d4.loss_cls: 0.2052, d4.loss_bbox: 0.4623, loss: 4.8422, grad_norm: 20.6227
2025-06-22 08:58:45,782 - mmdet - INFO - Epoch [3][2200/7033]	lr: 1.876e-05, eta: 11:30:48, time: 1.601, data_time: 0.025, memory: 20293, loss_cls: 0.2014, loss_bbox: 0.4516, d0.loss_cls: 0.3450, d0.loss_bbox: 0.7427, d1.loss_cls: 0.3127, d1.loss_bbox: 0.6172, d2.loss_cls: 0.2668, d2.loss_bbox: 0.5453, d3.loss_cls: 0.2272, d3.loss_bbox: 0.5008, d4.loss_cls: 0.2111, d4.loss_bbox: 0.4704, loss: 4.8921, grad_norm: 27.1515
2025-06-22 09:00:05,861 - mmdet - INFO - Epoch [3][2250/7033]	lr: 1.876e-05, eta: 11:29:28, time: 1.602, data_time: 0.027, memory: 20293, loss_cls: 0.2051, loss_bbox: 0.4492, d0.loss_cls: 0.3552, d0.loss_bbox: 0.7413, d1.loss_cls: 0.3120, d1.loss_bbox: 0.6167, d2.loss_cls: 0.2671, d2.loss_bbox: 0.5477, d3.loss_cls: 0.2298, d3.loss_bbox: 0.4979, d4.loss_cls: 0.2119, d4.loss_bbox: 0.4666, loss: 4.9005, grad_norm: 33.4467
2025-06-22 09:01:25,630 - mmdet - INFO - Epoch [3][2300/7033]	lr: 1.876e-05, eta: 11:28:08, time: 1.595, data_time: 0.027, memory: 20293, loss_cls: 0.2232, loss_bbox: 0.4644, d0.loss_cls: 0.3702, d0.loss_bbox: 0.7554, d1.loss_cls: 0.3312, d1.loss_bbox: 0.6171, d2.loss_cls: 0.2845, d2.loss_bbox: 0.5582, d3.loss_cls: 0.2456, d3.loss_bbox: 0.5136, d4.loss_cls: 0.2280, d4.loss_bbox: 0.4837, loss: 5.0752, grad_norm: 33.9094
2025-06-22 09:02:45,321 - mmdet - INFO - Epoch [3][2350/7033]	lr: 1.876e-05, eta: 11:26:47, time: 1.594, data_time: 0.025, memory: 20293, loss_cls: 0.2306, loss_bbox: 0.4633, d0.loss_cls: 0.3771, d0.loss_bbox: 0.7439, d1.loss_cls: 0.3434, d1.loss_bbox: 0.6223, d2.loss_cls: 0.2923, d2.loss_bbox: 0.5577, d3.loss_cls: 0.2521, d3.loss_bbox: 0.5127, d4.loss_cls: 0.2363, d4.loss_bbox: 0.4846, loss: 5.1164, grad_norm: 32.1645
2025-06-22 09:04:05,529 - mmdet - INFO - Epoch [3][2400/7033]	lr: 1.876e-05, eta: 11:25:28, time: 1.604, data_time: 0.027, memory: 20293, loss_cls: 0.2198, loss_bbox: 0.4637, d0.loss_cls: 0.3596, d0.loss_bbox: 0.7672, d1.loss_cls: 0.3271, d1.loss_bbox: 0.6261, d2.loss_cls: 0.2858, d2.loss_bbox: 0.5553, d3.loss_cls: 0.2420, d3.loss_bbox: 0.5132, d4.loss_cls: 0.2247, d4.loss_bbox: 0.4819, loss: 5.0664, grad_norm: 31.3113
2025-06-22 09:05:26,546 - mmdet - INFO - Epoch [3][2450/7033]	lr: 1.876e-05, eta: 11:24:10, time: 1.620, data_time: 0.047, memory: 20293, loss_cls: 0.2010, loss_bbox: 0.4447, d0.loss_cls: 0.3465, d0.loss_bbox: 0.7329, d1.loss_cls: 0.3114, d1.loss_bbox: 0.5979, d2.loss_cls: 0.2642, d2.loss_bbox: 0.5374, d3.loss_cls: 0.2235, d3.loss_bbox: 0.4942, d4.loss_cls: 0.2106, d4.loss_bbox: 0.4641, loss: 4.8284, grad_norm: 37.9223
2025-06-22 09:06:46,165 - mmdet - INFO - Epoch [3][2500/7033]	lr: 1.876e-05, eta: 11:22:49, time: 1.592, data_time: 0.027, memory: 20293, loss_cls: 0.2144, loss_bbox: 0.4478, d0.loss_cls: 0.3577, d0.loss_bbox: 0.7469, d1.loss_cls: 0.3178, d1.loss_bbox: 0.6062, d2.loss_cls: 0.2761, d2.loss_bbox: 0.5433, d3.loss_cls: 0.2322, d3.loss_bbox: 0.4970, d4.loss_cls: 0.2192, d4.loss_bbox: 0.4688, loss: 4.9274, grad_norm: 30.1217
2025-06-22 09:08:12,909 - mmdet - INFO - Epoch [3][2550/7033]	lr: 1.876e-05, eta: 11:21:40, time: 1.735, data_time: 0.027, memory: 20293, loss_cls: 0.2233, loss_bbox: 0.4656, d0.loss_cls: 0.3656, d0.loss_bbox: 0.7681, d1.loss_cls: 0.3319, d1.loss_bbox: 0.6340, d2.loss_cls: 0.2855, d2.loss_bbox: 0.5617, d3.loss_cls: 0.2447, d3.loss_bbox: 0.5172, d4.loss_cls: 0.2338, d4.loss_bbox: 0.4811, loss: 5.1123, grad_norm: 22.9174
2025-06-22 09:09:34,568 - mmdet - INFO - Epoch [3][2600/7033]	lr: 1.876e-05, eta: 11:20:23, time: 1.633, data_time: 0.029, memory: 20293, loss_cls: 0.2145, loss_bbox: 0.4609, d0.loss_cls: 0.3644, d0.loss_bbox: 0.7422, d1.loss_cls: 0.3297, d1.loss_bbox: 0.6139, d2.loss_cls: 0.2844, d2.loss_bbox: 0.5458, d3.loss_cls: 0.2427, d3.loss_bbox: 0.5042, d4.loss_cls: 0.2251, d4.loss_bbox: 0.4754, loss: 5.0032, grad_norm: 37.6967
2025-06-22 09:10:54,519 - mmdet - INFO - Epoch [3][2650/7033]	lr: 1.876e-05, eta: 11:19:03, time: 1.599, data_time: 0.027, memory: 20293, loss_cls: 0.2170, loss_bbox: 0.4638, d0.loss_cls: 0.3511, d0.loss_bbox: 0.7538, d1.loss_cls: 0.3212, d1.loss_bbox: 0.6155, d2.loss_cls: 0.2768, d2.loss_bbox: 0.5526, d3.loss_cls: 0.2375, d3.loss_bbox: 0.5115, d4.loss_cls: 0.2235, d4.loss_bbox: 0.4802, loss: 5.0044, grad_norm: 26.7968
2025-06-22 09:12:14,675 - mmdet - INFO - Epoch [3][2700/7033]	lr: 1.876e-05, eta: 11:17:43, time: 1.603, data_time: 0.028, memory: 20293, loss_cls: 0.2077, loss_bbox: 0.4595, d0.loss_cls: 0.3463, d0.loss_bbox: 0.7523, d1.loss_cls: 0.3160, d1.loss_bbox: 0.6165, d2.loss_cls: 0.2749, d2.loss_bbox: 0.5492, d3.loss_cls: 0.2351, d3.loss_bbox: 0.5061, d4.loss_cls: 0.2161, d4.loss_bbox: 0.4778, loss: 4.9576, grad_norm: 27.1000
2025-06-22 09:13:34,656 - mmdet - INFO - Epoch [3][2750/7033]	lr: 1.876e-05, eta: 11:16:23, time: 1.600, data_time: 0.027, memory: 20293, loss_cls: 0.2008, loss_bbox: 0.4353, d0.loss_cls: 0.3417, d0.loss_bbox: 0.7164, d1.loss_cls: 0.3117, d1.loss_bbox: 0.5863, d2.loss_cls: 0.2673, d2.loss_bbox: 0.5237, d3.loss_cls: 0.2295, d3.loss_bbox: 0.4765, d4.loss_cls: 0.2073, d4.loss_bbox: 0.4541, loss: 4.7506, grad_norm: 36.0122
2025-06-22 09:14:54,716 - mmdet - INFO - Epoch [3][2800/7033]	lr: 1.876e-05, eta: 11:15:03, time: 1.601, data_time: 0.028, memory: 20293, loss_cls: 0.2222, loss_bbox: 0.4618, d0.loss_cls: 0.3601, d0.loss_bbox: 0.7591, d1.loss_cls: 0.3291, d1.loss_bbox: 0.6200, d2.loss_cls: 0.2895, d2.loss_bbox: 0.5493, d3.loss_cls: 0.2499, d3.loss_bbox: 0.5049, d4.loss_cls: 0.2306, d4.loss_bbox: 0.4786, loss: 5.0551, grad_norm: 36.9252
2025-06-22 09:16:14,467 - mmdet - INFO - Epoch [3][2850/7033]	lr: 1.876e-05, eta: 11:13:43, time: 1.595, data_time: 0.027, memory: 20293, loss_cls: 0.2128, loss_bbox: 0.4542, d0.loss_cls: 0.3632, d0.loss_bbox: 0.7499, d1.loss_cls: 0.3261, d1.loss_bbox: 0.6115, d2.loss_cls: 0.2799, d2.loss_bbox: 0.5424, d3.loss_cls: 0.2409, d3.loss_bbox: 0.4956, d4.loss_cls: 0.2225, d4.loss_bbox: 0.4680, loss: 4.9671, grad_norm: 25.0757
2025-06-22 09:17:34,438 - mmdet - INFO - Epoch [3][2900/7033]	lr: 1.876e-05, eta: 11:12:23, time: 1.599, data_time: 0.027, memory: 20293, loss_cls: 0.2260, loss_bbox: 0.4662, d0.loss_cls: 0.3752, d0.loss_bbox: 0.7528, d1.loss_cls: 0.3342, d1.loss_bbox: 0.6186, d2.loss_cls: 0.2940, d2.loss_bbox: 0.5518, d3.loss_cls: 0.2496, d3.loss_bbox: 0.5126, d4.loss_cls: 0.2334, d4.loss_bbox: 0.4826, loss: 5.0970, grad_norm: 24.4480
2025-06-22 09:18:54,210 - mmdet - INFO - Epoch [3][2950/7033]	lr: 1.876e-05, eta: 11:11:03, time: 1.595, data_time: 0.025, memory: 20293, loss_cls: 0.2036, loss_bbox: 0.4532, d0.loss_cls: 0.3458, d0.loss_bbox: 0.7578, d1.loss_cls: 0.3132, d1.loss_bbox: 0.6180, d2.loss_cls: 0.2695, d2.loss_bbox: 0.5435, d3.loss_cls: 0.2251, d3.loss_bbox: 0.4992, d4.loss_cls: 0.2087, d4.loss_bbox: 0.4708, loss: 4.9085, grad_norm: 51.9003
2025-06-22 09:20:14,132 - mmdet - INFO - Epoch [3][3000/7033]	lr: 1.876e-05, eta: 11:09:43, time: 1.598, data_time: 0.028, memory: 20293, loss_cls: 0.2014, loss_bbox: 0.4542, d0.loss_cls: 0.3526, d0.loss_bbox: 0.7409, d1.loss_cls: 0.3107, d1.loss_bbox: 0.6123, d2.loss_cls: 0.2639, d2.loss_bbox: 0.5432, d3.loss_cls: 0.2231, d3.loss_bbox: 0.4996, d4.loss_cls: 0.2070, d4.loss_bbox: 0.4703, loss: 4.8793, grad_norm: 26.5381
2025-06-22 09:21:34,240 - mmdet - INFO - Epoch [3][3050/7033]	lr: 1.876e-05, eta: 11:08:23, time: 1.602, data_time: 0.028, memory: 20293, loss_cls: 0.2106, loss_bbox: 0.4589, d0.loss_cls: 0.3543, d0.loss_bbox: 0.7481, d1.loss_cls: 0.3316, d1.loss_bbox: 0.6136, d2.loss_cls: 0.2769, d2.loss_bbox: 0.5474, d3.loss_cls: 0.2316, d3.loss_bbox: 0.5063, d4.loss_cls: 0.2173, d4.loss_bbox: 0.4742, loss: 4.9708, grad_norm: 25.8890
2025-06-22 09:22:54,045 - mmdet - INFO - Epoch [3][3100/7033]	lr: 1.876e-05, eta: 11:07:03, time: 1.596, data_time: 0.025, memory: 20293, loss_cls: 0.2171, loss_bbox: 0.4720, d0.loss_cls: 0.3656, d0.loss_bbox: 0.7557, d1.loss_cls: 0.3320, d1.loss_bbox: 0.6214, d2.loss_cls: 0.2804, d2.loss_bbox: 0.5571, d3.loss_cls: 0.2368, d3.loss_bbox: 0.5169, d4.loss_cls: 0.2204, d4.loss_bbox: 0.4853, loss: 5.0607, grad_norm: 29.2063
2025-06-22 09:24:15,542 - mmdet - INFO - Epoch [3][3150/7033]	lr: 1.876e-05, eta: 11:05:46, time: 1.630, data_time: 0.027, memory: 20293, loss_cls: 0.2095, loss_bbox: 0.4411, d0.loss_cls: 0.3523, d0.loss_bbox: 0.7333, d1.loss_cls: 0.3239, d1.loss_bbox: 0.5985, d2.loss_cls: 0.2746, d2.loss_bbox: 0.5308, d3.loss_cls: 0.2313, d3.loss_bbox: 0.4915, d4.loss_cls: 0.2153, d4.loss_bbox: 0.4620, loss: 4.8641, grad_norm: 36.4344
2025-06-22 09:25:35,384 - mmdet - INFO - Epoch [3][3200/7033]	lr: 1.876e-05, eta: 11:04:26, time: 1.597, data_time: 0.027, memory: 20293, loss_cls: 0.2042, loss_bbox: 0.4412, d0.loss_cls: 0.3550, d0.loss_bbox: 0.7405, d1.loss_cls: 0.3186, d1.loss_bbox: 0.6024, d2.loss_cls: 0.2679, d2.loss_bbox: 0.5399, d3.loss_cls: 0.2267, d3.loss_bbox: 0.4905, d4.loss_cls: 0.2089, d4.loss_bbox: 0.4613, loss: 4.8573, grad_norm: 26.8171
2025-06-22 09:26:57,069 - mmdet - INFO - Epoch [3][3250/7033]	lr: 1.876e-05, eta: 11:03:08, time: 1.634, data_time: 0.027, memory: 20293, loss_cls: 0.2012, loss_bbox: 0.4422, d0.loss_cls: 0.3529, d0.loss_bbox: 0.7232, d1.loss_cls: 0.3211, d1.loss_bbox: 0.5941, d2.loss_cls: 0.2712, d2.loss_bbox: 0.5227, d3.loss_cls: 0.2261, d3.loss_bbox: 0.4882, d4.loss_cls: 0.2054, d4.loss_bbox: 0.4622, loss: 4.8105, grad_norm: 30.7228
2025-06-22 09:28:16,930 - mmdet - INFO - Epoch [3][3300/7033]	lr: 1.876e-05, eta: 11:01:48, time: 1.597, data_time: 0.026, memory: 20293, loss_cls: 0.1986, loss_bbox: 0.4513, d0.loss_cls: 0.3477, d0.loss_bbox: 0.7443, d1.loss_cls: 0.3135, d1.loss_bbox: 0.6036, d2.loss_cls: 0.2689, d2.loss_bbox: 0.5396, d3.loss_cls: 0.2245, d3.loss_bbox: 0.4974, d4.loss_cls: 0.2058, d4.loss_bbox: 0.4672, loss: 4.8625, grad_norm: 74.9756
2025-06-22 09:29:36,957 - mmdet - INFO - Epoch [3][3350/7033]	lr: 1.876e-05, eta: 11:00:28, time: 1.600, data_time: 0.027, memory: 20293, loss_cls: 0.1924, loss_bbox: 0.4352, d0.loss_cls: 0.3381, d0.loss_bbox: 0.7281, d1.loss_cls: 0.3072, d1.loss_bbox: 0.5883, d2.loss_cls: 0.2611, d2.loss_bbox: 0.5249, d3.loss_cls: 0.2134, d3.loss_bbox: 0.4832, d4.loss_cls: 0.1980, d4.loss_bbox: 0.4556, loss: 4.7255, grad_norm: 26.3354
2025-06-22 09:30:57,062 - mmdet - INFO - Epoch [3][3400/7033]	lr: 1.876e-05, eta: 10:59:08, time: 1.602, data_time: 0.026, memory: 20293, loss_cls: 0.1937, loss_bbox: 0.4424, d0.loss_cls: 0.3462, d0.loss_bbox: 0.7396, d1.loss_cls: 0.3141, d1.loss_bbox: 0.5989, d2.loss_cls: 0.2652, d2.loss_bbox: 0.5305, d3.loss_cls: 0.2168, d3.loss_bbox: 0.4924, d4.loss_cls: 0.2003, d4.loss_bbox: 0.4613, loss: 4.8014, grad_norm: 23.4769
2025-06-22 09:32:17,080 - mmdet - INFO - Epoch [3][3450/7033]	lr: 1.876e-05, eta: 10:57:48, time: 1.600, data_time: 0.027, memory: 20293, loss_cls: 0.2128, loss_bbox: 0.4465, d0.loss_cls: 0.3526, d0.loss_bbox: 0.7435, d1.loss_cls: 0.3223, d1.loss_bbox: 0.6105, d2.loss_cls: 0.2780, d2.loss_bbox: 0.5412, d3.loss_cls: 0.2389, d3.loss_bbox: 0.4931, d4.loss_cls: 0.2213, d4.loss_bbox: 0.4641, loss: 4.9248, grad_norm: 35.6557
2025-06-22 09:33:36,940 - mmdet - INFO - Epoch [3][3500/7033]	lr: 1.876e-05, eta: 10:56:28, time: 1.597, data_time: 0.026, memory: 20293, loss_cls: 0.2074, loss_bbox: 0.4566, d0.loss_cls: 0.3599, d0.loss_bbox: 0.7426, d1.loss_cls: 0.3287, d1.loss_bbox: 0.6089, d2.loss_cls: 0.2756, d2.loss_bbox: 0.5409, d3.loss_cls: 0.2356, d3.loss_bbox: 0.4972, d4.loss_cls: 0.2159, d4.loss_bbox: 0.4699, loss: 4.9393, grad_norm: 33.0093
2025-06-22 09:34:56,675 - mmdet - INFO - Epoch [3][3550/7033]	lr: 1.876e-05, eta: 10:55:08, time: 1.595, data_time: 0.025, memory: 20293, loss_cls: 0.2015, loss_bbox: 0.4431, d0.loss_cls: 0.3539, d0.loss_bbox: 0.7396, d1.loss_cls: 0.3206, d1.loss_bbox: 0.6054, d2.loss_cls: 0.2768, d2.loss_bbox: 0.5326, d3.loss_cls: 0.2318, d3.loss_bbox: 0.4901, d4.loss_cls: 0.2102, d4.loss_bbox: 0.4613, loss: 4.8669, grad_norm: 31.5693
2025-06-22 09:36:16,705 - mmdet - INFO - Epoch [3][3600/7033]	lr: 1.876e-05, eta: 10:53:48, time: 1.601, data_time: 0.028, memory: 20293, loss_cls: 0.2001, loss_bbox: 0.4463, d0.loss_cls: 0.3489, d0.loss_bbox: 0.7318, d1.loss_cls: 0.3200, d1.loss_bbox: 0.6040, d2.loss_cls: 0.2711, d2.loss_bbox: 0.5336, d3.loss_cls: 0.2237, d3.loss_bbox: 0.4903, d4.loss_cls: 0.2055, d4.loss_bbox: 0.4610, loss: 4.8363, grad_norm: 52.0247
2025-06-22 09:37:36,437 - mmdet - INFO - Epoch [3][3650/7033]	lr: 1.876e-05, eta: 10:52:28, time: 1.595, data_time: 0.027, memory: 20293, loss_cls: 0.1930, loss_bbox: 0.4394, d0.loss_cls: 0.3415, d0.loss_bbox: 0.7296, d1.loss_cls: 0.3071, d1.loss_bbox: 0.5938, d2.loss_cls: 0.2639, d2.loss_bbox: 0.5215, d3.loss_cls: 0.2191, d3.loss_bbox: 0.4816, d4.loss_cls: 0.2021, d4.loss_bbox: 0.4548, loss: 4.7474, grad_norm: 199.3635
2025-06-22 09:38:56,703 - mmdet - INFO - Epoch [3][3700/7033]	lr: 1.876e-05, eta: 10:51:09, time: 1.605, data_time: 0.025, memory: 20293, loss_cls: 0.2201, loss_bbox: 0.4619, d0.loss_cls: 0.3593, d0.loss_bbox: 0.7499, d1.loss_cls: 0.3343, d1.loss_bbox: 0.6175, d2.loss_cls: 0.2867, d2.loss_bbox: 0.5456, d3.loss_cls: 0.2406, d3.loss_bbox: 0.5059, d4.loss_cls: 0.2297, d4.loss_bbox: 0.4766, loss: 5.0279, grad_norm: 33.2991
2025-06-22 09:40:18,356 - mmdet - INFO - Epoch [3][3750/7033]	lr: 1.876e-05, eta: 10:49:51, time: 1.633, data_time: 0.027, memory: 20293, loss_cls: 0.2252, loss_bbox: 0.4707, d0.loss_cls: 0.3690, d0.loss_bbox: 0.7626, d1.loss_cls: 0.3412, d1.loss_bbox: 0.6223, d2.loss_cls: 0.2969, d2.loss_bbox: 0.5599, d3.loss_cls: 0.2446, d3.loss_bbox: 0.5205, d4.loss_cls: 0.2290, d4.loss_bbox: 0.4863, loss: 5.1281, grad_norm: 28.1425
2025-06-22 09:41:38,699 - mmdet - INFO - Epoch [3][3800/7033]	lr: 1.876e-05, eta: 10:48:31, time: 1.607, data_time: 0.027, memory: 20293, loss_cls: 0.2125, loss_bbox: 0.4636, d0.loss_cls: 0.3623, d0.loss_bbox: 0.7487, d1.loss_cls: 0.3266, d1.loss_bbox: 0.6213, d2.loss_cls: 0.2833, d2.loss_bbox: 0.5515, d3.loss_cls: 0.2423, d3.loss_bbox: 0.5060, d4.loss_cls: 0.2210, d4.loss_bbox: 0.4787, loss: 5.0178, grad_norm: 28.6674
2025-06-22 09:42:58,462 - mmdet - INFO - Epoch [3][3850/7033]	lr: 1.876e-05, eta: 10:47:11, time: 1.595, data_time: 0.026, memory: 20293, loss_cls: 0.2109, loss_bbox: 0.4559, d0.loss_cls: 0.3496, d0.loss_bbox: 0.7277, d1.loss_cls: 0.3199, d1.loss_bbox: 0.6031, d2.loss_cls: 0.2820, d2.loss_bbox: 0.5353, d3.loss_cls: 0.2331, d3.loss_bbox: 0.5010, d4.loss_cls: 0.2186, d4.loss_bbox: 0.4696, loss: 4.9066, grad_norm: 47.8356
2025-06-22 09:44:18,380 - mmdet - INFO - Epoch [3][3900/7033]	lr: 1.876e-05, eta: 10:45:51, time: 1.598, data_time: 0.026, memory: 20293, loss_cls: 0.2081, loss_bbox: 0.4431, d0.loss_cls: 0.3662, d0.loss_bbox: 0.7418, d1.loss_cls: 0.3263, d1.loss_bbox: 0.5988, d2.loss_cls: 0.2828, d2.loss_bbox: 0.5241, d3.loss_cls: 0.2338, d3.loss_bbox: 0.4909, d4.loss_cls: 0.2178, d4.loss_bbox: 0.4590, loss: 4.8927, grad_norm: 38.5118
2025-06-22 09:45:38,431 - mmdet - INFO - Epoch [3][3950/7033]	lr: 1.876e-05, eta: 10:44:31, time: 1.601, data_time: 0.027, memory: 20293, loss_cls: 0.2042, loss_bbox: 0.4488, d0.loss_cls: 0.3432, d0.loss_bbox: 0.7377, d1.loss_cls: 0.3128, d1.loss_bbox: 0.6032, d2.loss_cls: 0.2684, d2.loss_bbox: 0.5405, d3.loss_cls: 0.2294, d3.loss_bbox: 0.4948, d4.loss_cls: 0.2102, d4.loss_bbox: 0.4700, loss: 4.8632, grad_norm: 25.4750
2025-06-22 09:46:58,353 - mmdet - INFO - Epoch [3][4000/7033]	lr: 1.876e-05, eta: 10:43:11, time: 1.598, data_time: 0.027, memory: 20293, loss_cls: 0.2059, loss_bbox: 0.4401, d0.loss_cls: 0.3402, d0.loss_bbox: 0.7375, d1.loss_cls: 0.3123, d1.loss_bbox: 0.5975, d2.loss_cls: 0.2737, d2.loss_bbox: 0.5295, d3.loss_cls: 0.2333, d3.loss_bbox: 0.4869, d4.loss_cls: 0.2162, d4.loss_bbox: 0.4569, loss: 4.8300, grad_norm: 25.9415
2025-06-22 09:48:19,924 - mmdet - INFO - Epoch [3][4050/7033]	lr: 1.876e-05, eta: 10:41:54, time: 1.631, data_time: 0.026, memory: 20293, loss_cls: 0.1924, loss_bbox: 0.4406, d0.loss_cls: 0.3406, d0.loss_bbox: 0.7266, d1.loss_cls: 0.3081, d1.loss_bbox: 0.6025, d2.loss_cls: 0.2622, d2.loss_bbox: 0.5312, d3.loss_cls: 0.2202, d3.loss_bbox: 0.4849, d4.loss_cls: 0.2010, d4.loss_bbox: 0.4581, loss: 4.7685, grad_norm: 27.1752
2025-06-22 09:49:40,084 - mmdet - INFO - Epoch [3][4100/7033]	lr: 1.876e-05, eta: 10:40:34, time: 1.603, data_time: 0.027, memory: 20293, loss_cls: 0.1988, loss_bbox: 0.4507, d0.loss_cls: 0.3293, d0.loss_bbox: 0.7370, d1.loss_cls: 0.3018, d1.loss_bbox: 0.6057, d2.loss_cls: 0.2596, d2.loss_bbox: 0.5379, d3.loss_cls: 0.2230, d3.loss_bbox: 0.4956, d4.loss_cls: 0.2086, d4.loss_bbox: 0.4655, loss: 4.8136, grad_norm: 71.4359
2025-06-22 09:51:00,086 - mmdet - INFO - Epoch [3][4150/7033]	lr: 1.876e-05, eta: 10:39:14, time: 1.600, data_time: 0.027, memory: 20293, loss_cls: 0.2116, loss_bbox: 0.4474, d0.loss_cls: 0.3608, d0.loss_bbox: 0.7283, d1.loss_cls: 0.3322, d1.loss_bbox: 0.6023, d2.loss_cls: 0.2851, d2.loss_bbox: 0.5371, d3.loss_cls: 0.2373, d3.loss_bbox: 0.4932, d4.loss_cls: 0.2177, d4.loss_bbox: 0.4675, loss: 4.9207, grad_norm: 39.5137
2025-06-22 09:52:20,180 - mmdet - INFO - Epoch [3][4200/7033]	lr: 1.876e-05, eta: 10:37:54, time: 1.602, data_time: 0.030, memory: 20293, loss_cls: 0.1989, loss_bbox: 0.4513, d0.loss_cls: 0.3402, d0.loss_bbox: 0.7300, d1.loss_cls: 0.3083, d1.loss_bbox: 0.6058, d2.loss_cls: 0.2618, d2.loss_bbox: 0.5413, d3.loss_cls: 0.2208, d3.loss_bbox: 0.4978, d4.loss_cls: 0.2085, d4.loss_bbox: 0.4690, loss: 4.8335, grad_norm: 28.3164
2025-06-22 09:53:40,193 - mmdet - INFO - Epoch [3][4250/7033]	lr: 1.876e-05, eta: 10:36:34, time: 1.600, data_time: 0.027, memory: 20293, loss_cls: 0.2304, loss_bbox: 0.4734, d0.loss_cls: 0.3590, d0.loss_bbox: 0.7527, d1.loss_cls: 0.3294, d1.loss_bbox: 0.6264, d2.loss_cls: 0.2901, d2.loss_bbox: 0.5617, d3.loss_cls: 0.2502, d3.loss_bbox: 0.5250, d4.loss_cls: 0.2371, d4.loss_bbox: 0.4925, loss: 5.1279, grad_norm: 26.3984
2025-06-22 09:55:00,140 - mmdet - INFO - Epoch [3][4300/7033]	lr: 1.876e-05, eta: 10:35:14, time: 1.599, data_time: 0.027, memory: 20293, loss_cls: 0.2135, loss_bbox: 0.4603, d0.loss_cls: 0.3537, d0.loss_bbox: 0.7565, d1.loss_cls: 0.3204, d1.loss_bbox: 0.6171, d2.loss_cls: 0.2751, d2.loss_bbox: 0.5511, d3.loss_cls: 0.2294, d3.loss_bbox: 0.5097, d4.loss_cls: 0.2157, d4.loss_bbox: 0.4789, loss: 4.9813, grad_norm: 310.0066
2025-06-22 09:56:21,101 - mmdet - INFO - Epoch [3][4350/7033]	lr: 1.876e-05, eta: 10:33:56, time: 1.619, data_time: 0.046, memory: 20293, loss_cls: 0.2105, loss_bbox: 0.4401, d0.loss_cls: 0.3541, d0.loss_bbox: 0.7247, d1.loss_cls: 0.3231, d1.loss_bbox: 0.5938, d2.loss_cls: 0.2838, d2.loss_bbox: 0.5247, d3.loss_cls: 0.2345, d3.loss_bbox: 0.4870, d4.loss_cls: 0.2182, d4.loss_bbox: 0.4578, loss: 4.8523, grad_norm: 30.3815
2025-06-22 09:57:41,117 - mmdet - INFO - Epoch [3][4400/7033]	lr: 1.876e-05, eta: 10:32:36, time: 1.600, data_time: 0.026, memory: 20293, loss_cls: 0.2094, loss_bbox: 0.4582, d0.loss_cls: 0.3508, d0.loss_bbox: 0.7467, d1.loss_cls: 0.3233, d1.loss_bbox: 0.6136, d2.loss_cls: 0.2741, d2.loss_bbox: 0.5465, d3.loss_cls: 0.2292, d3.loss_bbox: 0.5034, d4.loss_cls: 0.2146, d4.loss_bbox: 0.4792, loss: 4.9489, grad_norm: 31.5743
2025-06-22 09:59:01,069 - mmdet - INFO - Epoch [3][4450/7033]	lr: 1.876e-05, eta: 10:31:16, time: 1.599, data_time: 0.028, memory: 20293, loss_cls: 0.1884, loss_bbox: 0.4337, d0.loss_cls: 0.3306, d0.loss_bbox: 0.7130, d1.loss_cls: 0.3028, d1.loss_bbox: 0.5898, d2.loss_cls: 0.2561, d2.loss_bbox: 0.5223, d3.loss_cls: 0.2125, d3.loss_bbox: 0.4753, d4.loss_cls: 0.1947, d4.loss_bbox: 0.4474, loss: 4.6665, grad_norm: 32.6170
2025-06-22 10:00:20,863 - mmdet - INFO - Epoch [3][4500/7033]	lr: 1.876e-05, eta: 10:29:55, time: 1.596, data_time: 0.027, memory: 20293, loss_cls: 0.2048, loss_bbox: 0.4452, d0.loss_cls: 0.3372, d0.loss_bbox: 0.7328, d1.loss_cls: 0.3135, d1.loss_bbox: 0.6065, d2.loss_cls: 0.2728, d2.loss_bbox: 0.5373, d3.loss_cls: 0.2309, d3.loss_bbox: 0.4947, d4.loss_cls: 0.2145, d4.loss_bbox: 0.4632, loss: 4.8535, grad_norm: 26.3163
2025-06-22 10:01:42,355 - mmdet - INFO - Epoch [3][4550/7033]	lr: 1.876e-05, eta: 10:28:37, time: 1.630, data_time: 0.025, memory: 20293, loss_cls: 0.2127, loss_bbox: 0.4499, d0.loss_cls: 0.3446, d0.loss_bbox: 0.7314, d1.loss_cls: 0.3233, d1.loss_bbox: 0.6022, d2.loss_cls: 0.2741, d2.loss_bbox: 0.5339, d3.loss_cls: 0.2323, d3.loss_bbox: 0.4942, d4.loss_cls: 0.2180, d4.loss_bbox: 0.4678, loss: 4.8845, grad_norm: 44.9736
2025-06-22 10:03:02,360 - mmdet - INFO - Epoch [3][4600/7033]	lr: 1.876e-05, eta: 10:27:17, time: 1.600, data_time: 0.027, memory: 20293, loss_cls: 0.1881, loss_bbox: 0.4279, d0.loss_cls: 0.3391, d0.loss_bbox: 0.7126, d1.loss_cls: 0.3100, d1.loss_bbox: 0.5777, d2.loss_cls: 0.2564, d2.loss_bbox: 0.5193, d3.loss_cls: 0.2150, d3.loss_bbox: 0.4720, d4.loss_cls: 0.2005, d4.loss_bbox: 0.4397, loss: 4.6584, grad_norm: 99.2971
2025-06-22 10:04:22,351 - mmdet - INFO - Epoch [3][4650/7033]	lr: 1.876e-05, eta: 10:25:58, time: 1.600, data_time: 0.028, memory: 20293, loss_cls: 0.2180, loss_bbox: 0.4579, d0.loss_cls: 0.3503, d0.loss_bbox: 0.7257, d1.loss_cls: 0.3268, d1.loss_bbox: 0.5955, d2.loss_cls: 0.2822, d2.loss_bbox: 0.5372, d3.loss_cls: 0.2403, d3.loss_bbox: 0.4996, d4.loss_cls: 0.2221, d4.loss_bbox: 0.4766, loss: 4.9323, grad_norm: 27.0704
2025-06-22 10:05:44,136 - mmdet - INFO - Epoch [3][4700/7033]	lr: 1.876e-05, eta: 10:24:40, time: 1.636, data_time: 0.025, memory: 20293, loss_cls: 0.2149, loss_bbox: 0.4522, d0.loss_cls: 0.3531, d0.loss_bbox: 0.7358, d1.loss_cls: 0.3305, d1.loss_bbox: 0.6011, d2.loss_cls: 0.2796, d2.loss_bbox: 0.5389, d3.loss_cls: 0.2331, d3.loss_bbox: 0.5013, d4.loss_cls: 0.2195, d4.loss_bbox: 0.4727, loss: 4.9329, grad_norm: 33.3567
2025-06-22 10:07:04,050 - mmdet - INFO - Epoch [3][4750/7033]	lr: 1.876e-05, eta: 10:23:20, time: 1.598, data_time: 0.028, memory: 20293, loss_cls: 0.2034, loss_bbox: 0.4498, d0.loss_cls: 0.3498, d0.loss_bbox: 0.7246, d1.loss_cls: 0.3169, d1.loss_bbox: 0.5876, d2.loss_cls: 0.2685, d2.loss_bbox: 0.5265, d3.loss_cls: 0.2240, d3.loss_bbox: 0.4910, d4.loss_cls: 0.2084, d4.loss_bbox: 0.4669, loss: 4.8174, grad_norm: 31.6942
2025-06-22 10:08:23,987 - mmdet - INFO - Epoch [3][4800/7033]	lr: 1.876e-05, eta: 10:22:00, time: 1.599, data_time: 0.027, memory: 20293, loss_cls: 0.2194, loss_bbox: 0.4624, d0.loss_cls: 0.3630, d0.loss_bbox: 0.7434, d1.loss_cls: 0.3345, d1.loss_bbox: 0.6137, d2.loss_cls: 0.2917, d2.loss_bbox: 0.5528, d3.loss_cls: 0.2433, d3.loss_bbox: 0.5115, d4.loss_cls: 0.2268, d4.loss_bbox: 0.4822, loss: 5.0446, grad_norm: 27.7089
2025-06-22 10:09:43,717 - mmdet - INFO - Epoch [3][4850/7033]	lr: 1.876e-05, eta: 10:20:39, time: 1.595, data_time: 0.027, memory: 20293, loss_cls: 0.1824, loss_bbox: 0.4197, d0.loss_cls: 0.3289, d0.loss_bbox: 0.7061, d1.loss_cls: 0.2958, d1.loss_bbox: 0.5749, d2.loss_cls: 0.2507, d2.loss_bbox: 0.5055, d3.loss_cls: 0.2068, d3.loss_bbox: 0.4622, d4.loss_cls: 0.1889, d4.loss_bbox: 0.4340, loss: 4.5559, grad_norm: 55.1395
2025-06-22 10:11:03,667 - mmdet - INFO - Epoch [3][4900/7033]	lr: 1.876e-05, eta: 10:19:19, time: 1.599, data_time: 0.027, memory: 20293, loss_cls: 0.1842, loss_bbox: 0.4328, d0.loss_cls: 0.3442, d0.loss_bbox: 0.7226, d1.loss_cls: 0.3071, d1.loss_bbox: 0.5841, d2.loss_cls: 0.2540, d2.loss_bbox: 0.5163, d3.loss_cls: 0.2103, d3.loss_bbox: 0.4779, d4.loss_cls: 0.1935, d4.loss_bbox: 0.4491, loss: 4.6761, grad_norm: 23.3386
2025-06-22 10:12:24,575 - mmdet - INFO - Epoch [3][4950/7033]	lr: 1.876e-05, eta: 10:18:01, time: 1.618, data_time: 0.048, memory: 20293, loss_cls: 0.1796, loss_bbox: 0.4180, d0.loss_cls: 0.3283, d0.loss_bbox: 0.6969, d1.loss_cls: 0.2993, d1.loss_bbox: 0.5684, d2.loss_cls: 0.2533, d2.loss_bbox: 0.4990, d3.loss_cls: 0.2036, d3.loss_bbox: 0.4652, d4.loss_cls: 0.1896, d4.loss_bbox: 0.4333, loss: 4.5346, grad_norm: 26.6791
2025-06-22 10:13:44,441 - mmdet - INFO - Epoch [3][5000/7033]	lr: 1.876e-05, eta: 10:16:41, time: 1.597, data_time: 0.025, memory: 20293, loss_cls: 0.1996, loss_bbox: 0.4415, d0.loss_cls: 0.3482, d0.loss_bbox: 0.7185, d1.loss_cls: 0.3118, d1.loss_bbox: 0.5878, d2.loss_cls: 0.2704, d2.loss_bbox: 0.5254, d3.loss_cls: 0.2215, d3.loss_bbox: 0.4851, d4.loss_cls: 0.2086, d4.loss_bbox: 0.4579, loss: 4.7763, grad_norm: 38.3064
2025-06-22 10:15:04,326 - mmdet - INFO - Epoch [3][5050/7033]	lr: 1.876e-05, eta: 10:15:20, time: 1.598, data_time: 0.026, memory: 20293, loss_cls: 0.2189, loss_bbox: 0.4577, d0.loss_cls: 0.3540, d0.loss_bbox: 0.7292, d1.loss_cls: 0.3292, d1.loss_bbox: 0.6081, d2.loss_cls: 0.2833, d2.loss_bbox: 0.5383, d3.loss_cls: 0.2434, d3.loss_bbox: 0.5026, d4.loss_cls: 0.2312, d4.loss_bbox: 0.4711, loss: 4.9669, grad_norm: 28.4930
2025-06-22 10:16:24,221 - mmdet - INFO - Epoch [3][5100/7033]	lr: 1.876e-05, eta: 10:14:00, time: 1.598, data_time: 0.026, memory: 20293, loss_cls: 0.1987, loss_bbox: 0.4279, d0.loss_cls: 0.3416, d0.loss_bbox: 0.7177, d1.loss_cls: 0.3180, d1.loss_bbox: 0.5792, d2.loss_cls: 0.2724, d2.loss_bbox: 0.5134, d3.loss_cls: 0.2287, d3.loss_bbox: 0.4748, d4.loss_cls: 0.2086, d4.loss_bbox: 0.4414, loss: 4.7223, grad_norm: 28.2334
2025-06-22 10:17:44,077 - mmdet - INFO - Epoch [3][5150/7033]	lr: 1.876e-05, eta: 10:12:40, time: 1.597, data_time: 0.026, memory: 20293, loss_cls: 0.1901, loss_bbox: 0.4370, d0.loss_cls: 0.3366, d0.loss_bbox: 0.7058, d1.loss_cls: 0.3076, d1.loss_bbox: 0.5787, d2.loss_cls: 0.2626, d2.loss_bbox: 0.5141, d3.loss_cls: 0.2171, d3.loss_bbox: 0.4770, d4.loss_cls: 0.1999, d4.loss_bbox: 0.4511, loss: 4.6776, grad_norm: 42.9967
2025-06-22 10:19:05,730 - mmdet - INFO - Epoch [3][5200/7033]	lr: 1.876e-05, eta: 10:11:22, time: 1.633, data_time: 0.028, memory: 20293, loss_cls: 0.1822, loss_bbox: 0.4367, d0.loss_cls: 0.3366, d0.loss_bbox: 0.7238, d1.loss_cls: 0.3062, d1.loss_bbox: 0.5908, d2.loss_cls: 0.2558, d2.loss_bbox: 0.5222, d3.loss_cls: 0.2079, d3.loss_bbox: 0.4802, d4.loss_cls: 0.1958, d4.loss_bbox: 0.4511, loss: 4.6892, grad_norm: 37.9057
2025-06-22 10:20:25,742 - mmdet - INFO - Epoch [3][5250/7033]	lr: 1.876e-05, eta: 10:10:02, time: 1.600, data_time: 0.028, memory: 20293, loss_cls: 0.1977, loss_bbox: 0.4440, d0.loss_cls: 0.3476, d0.loss_bbox: 0.7120, d1.loss_cls: 0.3208, d1.loss_bbox: 0.5862, d2.loss_cls: 0.2739, d2.loss_bbox: 0.5196, d3.loss_cls: 0.2231, d3.loss_bbox: 0.4882, d4.loss_cls: 0.2063, d4.loss_bbox: 0.4584, loss: 4.7779, grad_norm: 26.4781
2025-06-22 10:21:45,662 - mmdet - INFO - Epoch [3][5300/7033]	lr: 1.876e-05, eta: 10:08:42, time: 1.598, data_time: 0.028, memory: 20293, loss_cls: 0.1941, loss_bbox: 0.4493, d0.loss_cls: 0.3438, d0.loss_bbox: 0.7306, d1.loss_cls: 0.3217, d1.loss_bbox: 0.5938, d2.loss_cls: 0.2685, d2.loss_bbox: 0.5253, d3.loss_cls: 0.2191, d3.loss_bbox: 0.4910, d4.loss_cls: 0.2033, d4.loss_bbox: 0.4657, loss: 4.8062, grad_norm: 57.7264
2025-06-22 10:23:07,401 - mmdet - INFO - Epoch [3][5350/7033]	lr: 1.876e-05, eta: 10:07:24, time: 1.635, data_time: 0.028, memory: 20293, loss_cls: 0.1970, loss_bbox: 0.4428, d0.loss_cls: 0.3380, d0.loss_bbox: 0.7179, d1.loss_cls: 0.3181, d1.loss_bbox: 0.5892, d2.loss_cls: 0.2670, d2.loss_bbox: 0.5294, d3.loss_cls: 0.2216, d3.loss_bbox: 0.4898, d4.loss_cls: 0.2037, d4.loss_bbox: 0.4614, loss: 4.7760, grad_norm: 30.0616
2025-06-22 10:24:27,305 - mmdet - INFO - Epoch [3][5400/7033]	lr: 1.876e-05, eta: 10:06:04, time: 1.598, data_time: 0.027, memory: 20293, loss_cls: 0.2148, loss_bbox: 0.4567, d0.loss_cls: 0.3539, d0.loss_bbox: 0.7343, d1.loss_cls: 0.3247, d1.loss_bbox: 0.6015, d2.loss_cls: 0.2824, d2.loss_bbox: 0.5406, d3.loss_cls: 0.2375, d3.loss_bbox: 0.5009, d4.loss_cls: 0.2212, d4.loss_bbox: 0.4762, loss: 4.9447, grad_norm: 36.0817
2025-06-22 10:25:47,321 - mmdet - INFO - Epoch [3][5450/7033]	lr: 1.876e-05, eta: 10:04:44, time: 1.600, data_time: 0.027, memory: 20293, loss_cls: 0.2055, loss_bbox: 0.4431, d0.loss_cls: 0.3419, d0.loss_bbox: 0.7173, d1.loss_cls: 0.3128, d1.loss_bbox: 0.5958, d2.loss_cls: 0.2674, d2.loss_bbox: 0.5293, d3.loss_cls: 0.2263, d3.loss_bbox: 0.4868, d4.loss_cls: 0.2102, d4.loss_bbox: 0.4609, loss: 4.7974, grad_norm: 28.5239
2025-06-22 10:27:07,248 - mmdet - INFO - Epoch [3][5500/7033]	lr: 1.876e-05, eta: 10:03:24, time: 1.599, data_time: 0.028, memory: 20293, loss_cls: 0.1886, loss_bbox: 0.4259, d0.loss_cls: 0.3310, d0.loss_bbox: 0.7047, d1.loss_cls: 0.3043, d1.loss_bbox: 0.5784, d2.loss_cls: 0.2573, d2.loss_bbox: 0.5096, d3.loss_cls: 0.2119, d3.loss_bbox: 0.4699, d4.loss_cls: 0.1949, d4.loss_bbox: 0.4444, loss: 4.6208, grad_norm: 26.1877
2025-06-22 10:28:27,199 - mmdet - INFO - Epoch [3][5550/7033]	lr: 1.876e-05, eta: 10:02:04, time: 1.599, data_time: 0.028, memory: 20293, loss_cls: 0.1936, loss_bbox: 0.4412, d0.loss_cls: 0.3338, d0.loss_bbox: 0.7209, d1.loss_cls: 0.3083, d1.loss_bbox: 0.5923, d2.loss_cls: 0.2613, d2.loss_bbox: 0.5262, d3.loss_cls: 0.2131, d3.loss_bbox: 0.4922, d4.loss_cls: 0.2012, d4.loss_bbox: 0.4616, loss: 4.7458, grad_norm: 34.2966
2025-06-22 10:29:47,086 - mmdet - INFO - Epoch [3][5600/7033]	lr: 1.876e-05, eta: 10:00:44, time: 1.598, data_time: 0.025, memory: 20293, loss_cls: 0.1846, loss_bbox: 0.4343, d0.loss_cls: 0.3234, d0.loss_bbox: 0.7129, d1.loss_cls: 0.3000, d1.loss_bbox: 0.5899, d2.loss_cls: 0.2560, d2.loss_bbox: 0.5202, d3.loss_cls: 0.2074, d3.loss_bbox: 0.4827, d4.loss_cls: 0.1912, d4.loss_bbox: 0.4518, loss: 4.6543, grad_norm: 32.6161
2025-06-22 10:31:06,970 - mmdet - INFO - Epoch [3][5650/7033]	lr: 1.876e-05, eta: 9:59:24, time: 1.598, data_time: 0.027, memory: 20293, loss_cls: 0.1971, loss_bbox: 0.4368, d0.loss_cls: 0.3328, d0.loss_bbox: 0.7204, d1.loss_cls: 0.3124, d1.loss_bbox: 0.5823, d2.loss_cls: 0.2672, d2.loss_bbox: 0.5157, d3.loss_cls: 0.2208, d3.loss_bbox: 0.4794, d4.loss_cls: 0.2042, d4.loss_bbox: 0.4524, loss: 4.7217, grad_norm: 36.3435
2025-06-22 10:32:26,933 - mmdet - INFO - Epoch [3][5700/7033]	lr: 1.876e-05, eta: 9:58:04, time: 1.599, data_time: 0.028, memory: 20293, loss_cls: 0.1924, loss_bbox: 0.4409, d0.loss_cls: 0.3349, d0.loss_bbox: 0.7166, d1.loss_cls: 0.3050, d1.loss_bbox: 0.5896, d2.loss_cls: 0.2596, d2.loss_bbox: 0.5201, d3.loss_cls: 0.2200, d3.loss_bbox: 0.4828, d4.loss_cls: 0.1992, d4.loss_bbox: 0.4569, loss: 4.7180, grad_norm: 30.5238
2025-06-22 10:33:46,918 - mmdet - INFO - Epoch [3][5750/7033]	lr: 1.876e-05, eta: 9:56:44, time: 1.600, data_time: 0.027, memory: 20293, loss_cls: 0.1878, loss_bbox: 0.4246, d0.loss_cls: 0.3278, d0.loss_bbox: 0.7067, d1.loss_cls: 0.3010, d1.loss_bbox: 0.5747, d2.loss_cls: 0.2528, d2.loss_bbox: 0.5087, d3.loss_cls: 0.2101, d3.loss_bbox: 0.4671, d4.loss_cls: 0.1966, d4.loss_bbox: 0.4409, loss: 4.5987, grad_norm: 25.7320
2025-06-22 10:35:06,948 - mmdet - INFO - Epoch [3][5800/7033]	lr: 1.876e-05, eta: 9:55:24, time: 1.601, data_time: 0.029, memory: 20293, loss_cls: 0.1995, loss_bbox: 0.4371, d0.loss_cls: 0.3363, d0.loss_bbox: 0.7264, d1.loss_cls: 0.3108, d1.loss_bbox: 0.5909, d2.loss_cls: 0.2674, d2.loss_bbox: 0.5238, d3.loss_cls: 0.2245, d3.loss_bbox: 0.4859, d4.loss_cls: 0.2092, d4.loss_bbox: 0.4546, loss: 4.7663, grad_norm: 46.1554
2025-06-22 10:36:27,000 - mmdet - INFO - Epoch [3][5850/7033]	lr: 1.876e-05, eta: 9:54:04, time: 1.601, data_time: 0.028, memory: 20293, loss_cls: 0.2007, loss_bbox: 0.4437, d0.loss_cls: 0.3328, d0.loss_bbox: 0.7181, d1.loss_cls: 0.3068, d1.loss_bbox: 0.5988, d2.loss_cls: 0.2621, d2.loss_bbox: 0.5328, d3.loss_cls: 0.2217, d3.loss_bbox: 0.4890, d4.loss_cls: 0.2038, d4.loss_bbox: 0.4632, loss: 4.7737, grad_norm: 27.9721
2025-06-22 10:37:48,635 - mmdet - INFO - Epoch [3][5900/7033]	lr: 1.876e-05, eta: 9:52:46, time: 1.633, data_time: 0.026, memory: 20293, loss_cls: 0.1875, loss_bbox: 0.4342, d0.loss_cls: 0.3326, d0.loss_bbox: 0.7117, d1.loss_cls: 0.3049, d1.loss_bbox: 0.5948, d2.loss_cls: 0.2555, d2.loss_bbox: 0.5216, d3.loss_cls: 0.2116, d3.loss_bbox: 0.4784, d4.loss_cls: 0.1955, d4.loss_bbox: 0.4494, loss: 4.6777, grad_norm: 45.3131
2025-06-22 10:39:08,662 - mmdet - INFO - Epoch [3][5950/7033]	lr: 1.876e-05, eta: 9:51:26, time: 1.601, data_time: 0.027, memory: 20293, loss_cls: 0.1960, loss_bbox: 0.4465, d0.loss_cls: 0.3390, d0.loss_bbox: 0.7241, d1.loss_cls: 0.3181, d1.loss_bbox: 0.5914, d2.loss_cls: 0.2667, d2.loss_bbox: 0.5241, d3.loss_cls: 0.2252, d3.loss_bbox: 0.4863, d4.loss_cls: 0.2085, d4.loss_bbox: 0.4612, loss: 4.7869, grad_norm: 31.5501
2025-06-22 10:40:30,366 - mmdet - INFO - Epoch [3][6000/7033]	lr: 1.876e-05, eta: 9:50:08, time: 1.634, data_time: 0.027, memory: 20293, loss_cls: 0.2117, loss_bbox: 0.4526, d0.loss_cls: 0.3471, d0.loss_bbox: 0.7290, d1.loss_cls: 0.3119, d1.loss_bbox: 0.6041, d2.loss_cls: 0.2668, d2.loss_bbox: 0.5406, d3.loss_cls: 0.2326, d3.loss_bbox: 0.4969, d4.loss_cls: 0.2141, d4.loss_bbox: 0.4727, loss: 4.8799, grad_norm: 27.8804
2025-06-22 10:41:50,231 - mmdet - INFO - Epoch [3][6050/7033]	lr: 1.876e-05, eta: 9:48:48, time: 1.597, data_time: 0.027, memory: 20293, loss_cls: 0.2034, loss_bbox: 0.4332, d0.loss_cls: 0.3434, d0.loss_bbox: 0.7009, d1.loss_cls: 0.3073, d1.loss_bbox: 0.5816, d2.loss_cls: 0.2663, d2.loss_bbox: 0.5119, d3.loss_cls: 0.2243, d3.loss_bbox: 0.4789, d4.loss_cls: 0.2083, d4.loss_bbox: 0.4525, loss: 4.7120, grad_norm: 21.9284
2025-06-22 10:43:10,172 - mmdet - INFO - Epoch [3][6100/7033]	lr: 1.876e-05, eta: 9:47:28, time: 1.599, data_time: 0.026, memory: 20293, loss_cls: 0.2119, loss_bbox: 0.4438, d0.loss_cls: 0.3502, d0.loss_bbox: 0.7233, d1.loss_cls: 0.3228, d1.loss_bbox: 0.5947, d2.loss_cls: 0.2766, d2.loss_bbox: 0.5305, d3.loss_cls: 0.2345, d3.loss_bbox: 0.4881, d4.loss_cls: 0.2215, d4.loss_bbox: 0.4561, loss: 4.8540, grad_norm: 39.1567
2025-06-22 10:44:29,979 - mmdet - INFO - Epoch [3][6150/7033]	lr: 1.876e-05, eta: 9:46:08, time: 1.596, data_time: 0.027, memory: 20293, loss_cls: 0.2070, loss_bbox: 0.4425, d0.loss_cls: 0.3478, d0.loss_bbox: 0.7145, d1.loss_cls: 0.3210, d1.loss_bbox: 0.5915, d2.loss_cls: 0.2720, d2.loss_bbox: 0.5272, d3.loss_cls: 0.2332, d3.loss_bbox: 0.4862, d4.loss_cls: 0.2133, d4.loss_bbox: 0.4605, loss: 4.8166, grad_norm: 24.4052
2025-06-22 10:45:49,786 - mmdet - INFO - Epoch [3][6200/7033]	lr: 1.876e-05, eta: 9:44:47, time: 1.596, data_time: 0.027, memory: 20293, loss_cls: 0.1926, loss_bbox: 0.4453, d0.loss_cls: 0.3411, d0.loss_bbox: 0.7124, d1.loss_cls: 0.3133, d1.loss_bbox: 0.5887, d2.loss_cls: 0.2651, d2.loss_bbox: 0.5223, d3.loss_cls: 0.2188, d3.loss_bbox: 0.4924, d4.loss_cls: 0.1989, d4.loss_bbox: 0.4647, loss: 4.7555, grad_norm: 29.2643
2025-06-22 10:47:09,713 - mmdet - INFO - Epoch [3][6250/7033]	lr: 1.876e-05, eta: 9:43:27, time: 1.599, data_time: 0.027, memory: 20293, loss_cls: 0.2067, loss_bbox: 0.4473, d0.loss_cls: 0.3452, d0.loss_bbox: 0.7233, d1.loss_cls: 0.3185, d1.loss_bbox: 0.5930, d2.loss_cls: 0.2669, d2.loss_bbox: 0.5303, d3.loss_cls: 0.2276, d3.loss_bbox: 0.4885, d4.loss_cls: 0.2112, d4.loss_bbox: 0.4645, loss: 4.8230, grad_norm: 30.9742
2025-06-22 10:48:29,496 - mmdet - INFO - Epoch [3][6300/7033]	lr: 1.876e-05, eta: 9:42:07, time: 1.596, data_time: 0.026, memory: 20293, loss_cls: 0.1971, loss_bbox: 0.4416, d0.loss_cls: 0.3402, d0.loss_bbox: 0.7157, d1.loss_cls: 0.3154, d1.loss_bbox: 0.5815, d2.loss_cls: 0.2677, d2.loss_bbox: 0.5205, d3.loss_cls: 0.2221, d3.loss_bbox: 0.4862, d4.loss_cls: 0.2030, d4.loss_bbox: 0.4592, loss: 4.7501, grad_norm: 32.3173
2025-06-22 10:49:49,326 - mmdet - INFO - Epoch [3][6350/7033]	lr: 1.876e-05, eta: 9:40:47, time: 1.597, data_time: 0.025, memory: 20293, loss_cls: 0.2039, loss_bbox: 0.4494, d0.loss_cls: 0.3440, d0.loss_bbox: 0.7309, d1.loss_cls: 0.3199, d1.loss_bbox: 0.6023, d2.loss_cls: 0.2641, d2.loss_bbox: 0.5382, d3.loss_cls: 0.2218, d3.loss_bbox: 0.4994, d4.loss_cls: 0.2107, d4.loss_bbox: 0.4673, loss: 4.8520, grad_norm: 35.5374
2025-06-22 10:51:09,584 - mmdet - INFO - Epoch [3][6400/7033]	lr: 1.876e-05, eta: 9:39:27, time: 1.605, data_time: 0.028, memory: 20293, loss_cls: 0.1905, loss_bbox: 0.4300, d0.loss_cls: 0.3344, d0.loss_bbox: 0.7077, d1.loss_cls: 0.3032, d1.loss_bbox: 0.5873, d2.loss_cls: 0.2545, d2.loss_bbox: 0.5175, d3.loss_cls: 0.2126, d3.loss_bbox: 0.4770, d4.loss_cls: 0.1962, d4.loss_bbox: 0.4487, loss: 4.6596, grad_norm: 36.0192
2025-06-22 10:52:29,495 - mmdet - INFO - Epoch [3][6450/7033]	lr: 1.876e-05, eta: 9:38:07, time: 1.598, data_time: 0.025, memory: 20293, loss_cls: 0.1978, loss_bbox: 0.4378, d0.loss_cls: 0.3354, d0.loss_bbox: 0.7102, d1.loss_cls: 0.3084, d1.loss_bbox: 0.5847, d2.loss_cls: 0.2575, d2.loss_bbox: 0.5274, d3.loss_cls: 0.2158, d3.loss_bbox: 0.4895, d4.loss_cls: 0.2025, d4.loss_bbox: 0.4585, loss: 4.7256, grad_norm: 26.2321
2025-06-22 10:53:49,218 - mmdet - INFO - Epoch [3][6500/7033]	lr: 1.876e-05, eta: 9:36:47, time: 1.594, data_time: 0.025, memory: 20293, loss_cls: 0.2136, loss_bbox: 0.4543, d0.loss_cls: 0.3506, d0.loss_bbox: 0.7266, d1.loss_cls: 0.3234, d1.loss_bbox: 0.6008, d2.loss_cls: 0.2742, d2.loss_bbox: 0.5380, d3.loss_cls: 0.2334, d3.loss_bbox: 0.4992, d4.loss_cls: 0.2190, d4.loss_bbox: 0.4698, loss: 4.9027, grad_norm: 25.3356
2025-06-22 10:55:09,158 - mmdet - INFO - Epoch [3][6550/7033]	lr: 1.876e-05, eta: 9:35:27, time: 1.599, data_time: 0.027, memory: 20293, loss_cls: 0.2047, loss_bbox: 0.4510, d0.loss_cls: 0.3503, d0.loss_bbox: 0.7163, d1.loss_cls: 0.3156, d1.loss_bbox: 0.5935, d2.loss_cls: 0.2689, d2.loss_bbox: 0.5279, d3.loss_cls: 0.2263, d3.loss_bbox: 0.4948, d4.loss_cls: 0.2132, d4.loss_bbox: 0.4667, loss: 4.8294, grad_norm: 29.5037
2025-06-22 10:56:32,464 - mmdet - INFO - Epoch [3][6600/7033]	lr: 1.876e-05, eta: 9:34:10, time: 1.666, data_time: 0.025, memory: 20293, loss_cls: 0.1884, loss_bbox: 0.4421, d0.loss_cls: 0.3414, d0.loss_bbox: 0.7169, d1.loss_cls: 0.3149, d1.loss_bbox: 0.5912, d2.loss_cls: 0.2579, d2.loss_bbox: 0.5281, d3.loss_cls: 0.2149, d3.loss_bbox: 0.4876, d4.loss_cls: 0.1978, d4.loss_bbox: 0.4599, loss: 4.7410, grad_norm: 30.0436
2025-06-22 10:57:52,318 - mmdet - INFO - Epoch [3][6650/7033]	lr: 1.876e-05, eta: 9:32:50, time: 1.597, data_time: 0.024, memory: 20293, loss_cls: 0.1880, loss_bbox: 0.4346, d0.loss_cls: 0.3306, d0.loss_bbox: 0.7190, d1.loss_cls: 0.3051, d1.loss_bbox: 0.5867, d2.loss_cls: 0.2605, d2.loss_bbox: 0.5204, d3.loss_cls: 0.2169, d3.loss_bbox: 0.4786, d4.loss_cls: 0.1971, d4.loss_bbox: 0.4529, loss: 4.6904, grad_norm: 88.9343
2025-06-22 10:59:12,356 - mmdet - INFO - Epoch [3][6700/7033]	lr: 1.876e-05, eta: 9:31:30, time: 1.601, data_time: 0.028, memory: 20293, loss_cls: 0.1895, loss_bbox: 0.4345, d0.loss_cls: 0.3307, d0.loss_bbox: 0.7017, d1.loss_cls: 0.3073, d1.loss_bbox: 0.5779, d2.loss_cls: 0.2638, d2.loss_bbox: 0.5116, d3.loss_cls: 0.2171, d3.loss_bbox: 0.4765, d4.loss_cls: 0.2010, d4.loss_bbox: 0.4457, loss: 4.6572, grad_norm: 35.0117
2025-06-22 11:00:32,016 - mmdet - INFO - Epoch [3][6750/7033]	lr: 1.876e-05, eta: 9:30:10, time: 1.593, data_time: 0.025, memory: 20293, loss_cls: 0.1952, loss_bbox: 0.4479, d0.loss_cls: 0.3394, d0.loss_bbox: 0.7160, d1.loss_cls: 0.3121, d1.loss_bbox: 0.5843, d2.loss_cls: 0.2650, d2.loss_bbox: 0.5234, d3.loss_cls: 0.2226, d3.loss_bbox: 0.4872, d4.loss_cls: 0.2016, d4.loss_bbox: 0.4647, loss: 4.7594, grad_norm: 26.9017
2025-06-22 11:01:51,914 - mmdet - INFO - Epoch [3][6800/7033]	lr: 1.876e-05, eta: 9:28:50, time: 1.598, data_time: 0.025, memory: 20293, loss_cls: 0.2070, loss_bbox: 0.4445, d0.loss_cls: 0.3468, d0.loss_bbox: 0.7103, d1.loss_cls: 0.3228, d1.loss_bbox: 0.5927, d2.loss_cls: 0.2715, d2.loss_bbox: 0.5291, d3.loss_cls: 0.2305, d3.loss_bbox: 0.4887, d4.loss_cls: 0.2122, d4.loss_bbox: 0.4641, loss: 4.8201, grad_norm: 34.2905
2025-06-22 11:03:12,044 - mmdet - INFO - Epoch [3][6850/7033]	lr: 1.876e-05, eta: 9:27:30, time: 1.603, data_time: 0.029, memory: 20293, loss_cls: 0.1994, loss_bbox: 0.4557, d0.loss_cls: 0.3527, d0.loss_bbox: 0.7334, d1.loss_cls: 0.3110, d1.loss_bbox: 0.6011, d2.loss_cls: 0.2658, d2.loss_bbox: 0.5408, d3.loss_cls: 0.2206, d3.loss_bbox: 0.5021, d4.loss_cls: 0.2055, d4.loss_bbox: 0.4743, loss: 4.8625, grad_norm: 121.0541
2025-06-22 11:04:32,131 - mmdet - INFO - Epoch [3][6900/7033]	lr: 1.876e-05, eta: 9:26:10, time: 1.602, data_time: 0.026, memory: 20293, loss_cls: 0.2079, loss_bbox: 0.4485, d0.loss_cls: 0.3520, d0.loss_bbox: 0.7241, d1.loss_cls: 0.3177, d1.loss_bbox: 0.5964, d2.loss_cls: 0.2699, d2.loss_bbox: 0.5284, d3.loss_cls: 0.2272, d3.loss_bbox: 0.4920, d4.loss_cls: 0.2154, d4.loss_bbox: 0.4629, loss: 4.8424, grad_norm: 33.6772
2025-06-22 11:05:51,975 - mmdet - INFO - Epoch [3][6950/7033]	lr: 1.876e-05, eta: 9:24:50, time: 1.597, data_time: 0.025, memory: 20293, loss_cls: 0.1943, loss_bbox: 0.4490, d0.loss_cls: 0.3341, d0.loss_bbox: 0.7154, d1.loss_cls: 0.3065, d1.loss_bbox: 0.5994, d2.loss_cls: 0.2651, d2.loss_bbox: 0.5338, d3.loss_cls: 0.2233, d3.loss_bbox: 0.4951, d4.loss_cls: 0.2020, d4.loss_bbox: 0.4684, loss: 4.7863, grad_norm: 33.8950
2025-06-22 11:07:11,960 - mmdet - INFO - Epoch [3][7000/7033]	lr: 1.876e-05, eta: 9:23:30, time: 1.600, data_time: 0.027, memory: 20293, loss_cls: 0.1796, loss_bbox: 0.4219, d0.loss_cls: 0.3223, d0.loss_bbox: 0.6991, d1.loss_cls: 0.2990, d1.loss_bbox: 0.5709, d2.loss_cls: 0.2497, d2.loss_bbox: 0.5015, d3.loss_cls: 0.2082, d3.loss_bbox: 0.4638, d4.loss_cls: 0.1892, d4.loss_bbox: 0.4370, loss: 4.5425, grad_norm: 33.3166
2025-06-22 11:08:05,141 - mmdet - INFO - Saving checkpoint at 3 epochs
2025-06-22 11:31:26,348 - mmdet - INFO - Exp name: lidar_0075v_cam_res_2x2_hednetmiddleencoder_hednetbackbone4_dss0511_dp03_hugeep2_num2_morton_conv_xy_rope_bs2.py
2025-06-22 11:31:26,349 - mmdet - INFO - Epoch(val) [3][3010]	pts_bbox_NuScenes/car_AP_dist_0.5: 0.1576, pts_bbox_NuScenes/car_AP_dist_1.0: 0.4784, pts_bbox_NuScenes/car_AP_dist_2.0: 0.7384, pts_bbox_NuScenes/car_AP_dist_4.0: 0.8303, pts_bbox_NuScenes/car_trans_err: 0.5790, pts_bbox_NuScenes/car_scale_err: 0.1592, pts_bbox_NuScenes/car_orient_err: 0.1059, pts_bbox_NuScenes/car_vel_err: 1.1193, pts_bbox_NuScenes/car_attr_err: 0.2034, pts_bbox_NuScenes/mATE: 0.7829, pts_bbox_NuScenes/mASE: 0.2849, pts_bbox_NuScenes/mAOE: 0.4477, pts_bbox_NuScenes/mAVE: 0.9487, pts_bbox_NuScenes/mAAE: 0.2097, pts_bbox_NuScenes/truck_AP_dist_0.5: 0.0176, pts_bbox_NuScenes/truck_AP_dist_1.0: 0.1613, pts_bbox_NuScenes/truck_AP_dist_2.0: 0.4355, pts_bbox_NuScenes/truck_AP_dist_4.0: 0.6210, pts_bbox_NuScenes/truck_trans_err: 0.8265, pts_bbox_NuScenes/truck_scale_err: 0.2271, pts_bbox_NuScenes/truck_orient_err: 0.1759, pts_bbox_NuScenes/truck_vel_err: 1.1116, pts_bbox_NuScenes/truck_attr_err: 0.2300, pts_bbox_NuScenes/construction_vehicle_AP_dist_0.5: 0.0000, pts_bbox_NuScenes/construction_vehicle_AP_dist_1.0: 0.0133, pts_bbox_NuScenes/construction_vehicle_AP_dist_2.0: 0.1326, pts_bbox_NuScenes/construction_vehicle_AP_dist_4.0: 0.2362, pts_bbox_NuScenes/construction_vehicle_trans_err: 0.9950, pts_bbox_NuScenes/construction_vehicle_scale_err: 0.4492, pts_bbox_NuScenes/construction_vehicle_orient_err: 0.9895, pts_bbox_NuScenes/construction_vehicle_vel_err: 0.1223, pts_bbox_NuScenes/construction_vehicle_attr_err: 0.3273, pts_bbox_NuScenes/bus_AP_dist_0.5: 0.0137, pts_bbox_NuScenes/bus_AP_dist_1.0: 0.1630, pts_bbox_NuScenes/bus_AP_dist_2.0: 0.5117, pts_bbox_NuScenes/bus_AP_dist_4.0: 0.7639, pts_bbox_NuScenes/bus_trans_err: 0.8612, pts_bbox_NuScenes/bus_scale_err: 0.2265, pts_bbox_NuScenes/bus_orient_err: 0.2316, pts_bbox_NuScenes/bus_vel_err: 1.9762, pts_bbox_NuScenes/bus_attr_err: 0.3921, pts_bbox_NuScenes/trailer_AP_dist_0.5: 0.0000, pts_bbox_NuScenes/trailer_AP_dist_1.0: 0.0119, pts_bbox_NuScenes/trailer_AP_dist_2.0: 0.2356, pts_bbox_NuScenes/trailer_AP_dist_4.0: 0.4174, pts_bbox_NuScenes/trailer_trans_err: 1.1366, pts_bbox_NuScenes/trailer_scale_err: 0.2760, pts_bbox_NuScenes/trailer_orient_err: 0.6102, pts_bbox_NuScenes/trailer_vel_err: 0.9198, pts_bbox_NuScenes/trailer_attr_err: 0.1531, pts_bbox_NuScenes/barrier_AP_dist_0.5: 0.0956, pts_bbox_NuScenes/barrier_AP_dist_1.0: 0.3657, pts_bbox_NuScenes/barrier_AP_dist_2.0: 0.5941, pts_bbox_NuScenes/barrier_AP_dist_4.0: 0.6852, pts_bbox_NuScenes/barrier_trans_err: 0.6572, pts_bbox_NuScenes/barrier_scale_err: 0.2874, pts_bbox_NuScenes/barrier_orient_err: 0.1816, pts_bbox_NuScenes/barrier_vel_err: nan, pts_bbox_NuScenes/barrier_attr_err: nan, pts_bbox_NuScenes/motorcycle_AP_dist_0.5: 0.0450, pts_bbox_NuScenes/motorcycle_AP_dist_1.0: 0.2356, pts_bbox_NuScenes/motorcycle_AP_dist_2.0: 0.4617, pts_bbox_NuScenes/motorcycle_AP_dist_4.0: 0.5708, pts_bbox_NuScenes/motorcycle_trans_err: 0.7339, pts_bbox_NuScenes/motorcycle_scale_err: 0.2673, pts_bbox_NuScenes/motorcycle_orient_err: 0.5202, pts_bbox_NuScenes/motorcycle_vel_err: 1.4156, pts_bbox_NuScenes/motorcycle_attr_err: 0.1526, pts_bbox_NuScenes/bicycle_AP_dist_0.5: 0.0414, pts_bbox_NuScenes/bicycle_AP_dist_1.0: 0.1897, pts_bbox_NuScenes/bicycle_AP_dist_2.0: 0.3736, pts_bbox_NuScenes/bicycle_AP_dist_4.0: 0.4578, pts_bbox_NuScenes/bicycle_trans_err: 0.7082, pts_bbox_NuScenes/bicycle_scale_err: 0.3013, pts_bbox_NuScenes/bicycle_orient_err: 0.6156, pts_bbox_NuScenes/bicycle_vel_err: 0.3838, pts_bbox_NuScenes/bicycle_attr_err: 0.0124, pts_bbox_NuScenes/pedestrian_AP_dist_0.5: 0.0783, pts_bbox_NuScenes/pedestrian_AP_dist_1.0: 0.3045, pts_bbox_NuScenes/pedestrian_AP_dist_2.0: 0.5449, pts_bbox_NuScenes/pedestrian_AP_dist_4.0: 0.6959, pts_bbox_NuScenes/pedestrian_trans_err: 0.6883, pts_bbox_NuScenes/pedestrian_scale_err: 0.3095, pts_bbox_NuScenes/pedestrian_orient_err: 0.5985, pts_bbox_NuScenes/pedestrian_vel_err: 0.5407, pts_bbox_NuScenes/pedestrian_attr_err: 0.2065, pts_bbox_NuScenes/traffic_cone_AP_dist_0.5: 0.1016, pts_bbox_NuScenes/traffic_cone_AP_dist_1.0: 0.3670, pts_bbox_NuScenes/traffic_cone_AP_dist_2.0: 0.5930, pts_bbox_NuScenes/traffic_cone_AP_dist_4.0: 0.7046, pts_bbox_NuScenes/traffic_cone_trans_err: 0.6434, pts_bbox_NuScenes/traffic_cone_scale_err: 0.3453, pts_bbox_NuScenes/traffic_cone_orient_err: nan, pts_bbox_NuScenes/traffic_cone_vel_err: nan, pts_bbox_NuScenes/traffic_cone_attr_err: nan, pts_bbox_NuScenes/NDS: 0.4007, pts_bbox_NuScenes/mAP: 0.3361
2025-06-22 11:32:55,051 - mmdet - INFO - Epoch [4][50/7033]	lr: 1.251e-05, eta: 9:20:29, time: 1.689, data_time: 0.117, memory: 20293, loss_cls: 0.1949, loss_bbox: 0.4251, d0.loss_cls: 0.3267, d0.loss_bbox: 0.6996, d1.loss_cls: 0.3015, d1.loss_bbox: 0.5744, d2.loss_cls: 0.2587, d2.loss_bbox: 0.5065, d3.loss_cls: 0.2165, d3.loss_bbox: 0.4704, d4.loss_cls: 0.2005, d4.loss_bbox: 0.4420, loss: 4.6168, grad_norm: 29.1134
2025-06-22 11:34:15,027 - mmdet - INFO - Epoch [4][100/7033]	lr: 1.251e-05, eta: 9:19:09, time: 1.600, data_time: 0.028, memory: 20293, loss_cls: 0.1916, loss_bbox: 0.4295, d0.loss_cls: 0.3339, d0.loss_bbox: 0.6887, d1.loss_cls: 0.3014, d1.loss_bbox: 0.5754, d2.loss_cls: 0.2530, d2.loss_bbox: 0.5057, d3.loss_cls: 0.2121, d3.loss_bbox: 0.4732, d4.loss_cls: 0.1973, d4.loss_bbox: 0.4449, loss: 4.6067, grad_norm: 34.6519
2025-06-22 11:35:35,102 - mmdet - INFO - Epoch [4][150/7033]	lr: 1.251e-05, eta: 9:17:49, time: 1.601, data_time: 0.028, memory: 20293, loss_cls: 0.1845, loss_bbox: 0.4213, d0.loss_cls: 0.3274, d0.loss_bbox: 0.6894, d1.loss_cls: 0.2939, d1.loss_bbox: 0.5712, d2.loss_cls: 0.2571, d2.loss_bbox: 0.4967, d3.loss_cls: 0.2090, d3.loss_bbox: 0.4622, d4.loss_cls: 0.1951, d4.loss_bbox: 0.4370, loss: 4.5448, grad_norm: 41.0681
2025-06-22 11:36:55,061 - mmdet - INFO - Epoch [4][200/7033]	lr: 1.251e-05, eta: 9:16:30, time: 1.599, data_time: 0.027, memory: 20293, loss_cls: 0.1840, loss_bbox: 0.4248, d0.loss_cls: 0.3272, d0.loss_bbox: 0.6895, d1.loss_cls: 0.2995, d1.loss_bbox: 0.5714, d2.loss_cls: 0.2529, d2.loss_bbox: 0.5037, d3.loss_cls: 0.2130, d3.loss_bbox: 0.4609, d4.loss_cls: 0.1925, d4.loss_bbox: 0.4372, loss: 4.5564, grad_norm: 27.8861
2025-06-22 11:38:17,008 - mmdet - INFO - Epoch [4][250/7033]	lr: 1.251e-05, eta: 9:15:12, time: 1.639, data_time: 0.028, memory: 20293, loss_cls: 0.1937, loss_bbox: 0.4266, d0.loss_cls: 0.3346, d0.loss_bbox: 0.7098, d1.loss_cls: 0.3046, d1.loss_bbox: 0.5790, d2.loss_cls: 0.2545, d2.loss_bbox: 0.5101, d3.loss_cls: 0.2153, d3.loss_bbox: 0.4726, d4.loss_cls: 0.2023, d4.loss_bbox: 0.4418, loss: 4.6446, grad_norm: 45.0519
2025-06-22 11:39:37,016 - mmdet - INFO - Epoch [4][300/7033]	lr: 1.251e-05, eta: 9:13:52, time: 1.600, data_time: 0.026, memory: 20293, loss_cls: 0.1902, loss_bbox: 0.4264, d0.loss_cls: 0.3357, d0.loss_bbox: 0.7208, d1.loss_cls: 0.3031, d1.loss_bbox: 0.5847, d2.loss_cls: 0.2557, d2.loss_bbox: 0.5162, d3.loss_cls: 0.2131, d3.loss_bbox: 0.4742, d4.loss_cls: 0.1965, d4.loss_bbox: 0.4472, loss: 4.6637, grad_norm: 41.4791
2025-06-22 11:40:56,969 - mmdet - INFO - Epoch [4][350/7033]	lr: 1.251e-05, eta: 9:12:32, time: 1.599, data_time: 0.027, memory: 20293, loss_cls: 0.1977, loss_bbox: 0.4382, d0.loss_cls: 0.3402, d0.loss_bbox: 0.7104, d1.loss_cls: 0.3103, d1.loss_bbox: 0.5811, d2.loss_cls: 0.2635, d2.loss_bbox: 0.5169, d3.loss_cls: 0.2228, d3.loss_bbox: 0.4784, d4.loss_cls: 0.2054, d4.loss_bbox: 0.4557, loss: 4.7205, grad_norm: 25.7939
