{"mode": "train", "epoch": 5, "iter": 1050, "lr": 5e-05, "memory": 13888, "data_time": 0.03172, "loss_cls": 0.0722, "loss_bbox": 0.21119, "d0.loss_cls": 0.15882, "d0.loss_bbox": 0.3264, "d1.loss_cls": 0.10929, "d1.loss_bbox": 0.23762, "d2.loss_cls": 0.09038, "d2.loss_bbox": 0.21947, "d3.loss_cls": 0.07707, "d3.loss_bbox": 0.21528, "d4.loss_cls": 0.07337, "d4.loss_bbox": 0.21314, "loss": 2.00423, "grad_norm": 82.81154, "time": 0.92449}
