2025-06-25 02:21:01,057 - mmdet - INFO - 分布式训练: True
2025-06-25 02:21:01,057 - mmdet - INFO - 设置随机种子为 0, deterministic: False
2025-06-25 02:21:01,355 - mmdet - INFO - initialize SECOND with init_cfg {'type': 'Kaiming', 'layer': 'Conv2d'}
2025-06-25 02:21:01,366 - mmdet - INFO - initialize FPN with init_cfg {'type': 'Xavier', 'layer': 'Conv2d', 'distribution': 'uniform'}
2025-06-25 02:21:01,396 - mmdet - INFO - initialize ResNet with init_cfg [{'type': 'Kaiming', 'layer': 'Conv2d'}, {'type': 'Constant', 'val': 1, 'layer': ['_BatchNorm', 'GroupNorm']}]
2025-06-25 02:21:01,466 - mmdet - INFO - initialize Bottleneck with init_cfg {'type': 'Constant', 'val': 0, 'override': {'name': 'norm3'}}
2025-06-25 02:21:01,503 - mmdet - INFO - initialize Bottleneck with init_cfg {'type': 'Constant', 'val': 0, 'override': {'name': 'norm3'}}
2025-06-25 02:21:01,503 - mmdet - INFO - initialize Bottleneck with init_cfg {'type': 'Constant', 'val': 0, 'override': {'name': 'norm3'}}
2025-06-25 02:21:01,505 - mmdet - INFO - initialize Bottleneck with init_cfg {'type': 'Constant', 'val': 0, 'override': {'name': 'norm3'}}
2025-06-25 02:21:01,506 - mmdet - INFO - initialize Bottleneck with init_cfg {'type': 'Constant', 'val': 0, 'override': {'name': 'norm3'}}
2025-06-25 02:21:01,506 - mmdet - INFO - initialize Bottleneck with init_cfg {'type': 'Constant', 'val': 0, 'override': {'name': 'norm3'}}
2025-06-25 02:21:01,507 - mmdet - INFO - initialize Bottleneck with init_cfg {'type': 'Constant', 'val': 0, 'override': {'name': 'norm3'}}
2025-06-25 02:21:01,508 - mmdet - INFO - initialize Bottleneck with init_cfg {'type': 'Constant', 'val': 0, 'override': {'name': 'norm3'}}
2025-06-25 02:21:01,513 - mmdet - INFO - initialize Bottleneck with init_cfg {'type': 'Constant', 'val': 0, 'override': {'name': 'norm3'}}
2025-06-25 02:21:01,516 - mmdet - INFO - initialize Bottleneck with init_cfg {'type': 'Constant', 'val': 0, 'override': {'name': 'norm3'}}
2025-06-25 02:21:01,518 - mmdet - INFO - initialize Bottleneck with init_cfg {'type': 'Constant', 'val': 0, 'override': {'name': 'norm3'}}
2025-06-25 02:21:01,520 - mmdet - INFO - initialize Bottleneck with init_cfg {'type': 'Constant', 'val': 0, 'override': {'name': 'norm3'}}
2025-06-25 02:21:01,522 - mmdet - INFO - initialize Bottleneck with init_cfg {'type': 'Constant', 'val': 0, 'override': {'name': 'norm3'}}
2025-06-25 02:21:01,524 - mmdet - INFO - initialize Bottleneck with init_cfg {'type': 'Constant', 'val': 0, 'override': {'name': 'norm3'}}
2025-06-25 02:21:01,526 - mmdet - INFO - initialize Bottleneck with init_cfg {'type': 'Constant', 'val': 0, 'override': {'name': 'norm3'}}
2025-06-25 02:21:01,528 - mmdet - INFO - initialize Bottleneck with init_cfg {'type': 'Constant', 'val': 0, 'override': {'name': 'norm3'}}
2025-06-25 02:21:01,530 - mmdet - INFO - initialize Bottleneck with init_cfg {'type': 'Constant', 'val': 0, 'override': {'name': 'norm3'}}
2025-06-25 02:21:01,532 - mmdet - INFO - initialize Bottleneck with init_cfg {'type': 'Constant', 'val': 0, 'override': {'name': 'norm3'}}
2025-06-25 02:21:01,534 - mmdet - INFO - initialize Bottleneck with init_cfg {'type': 'Constant', 'val': 0, 'override': {'name': 'norm3'}}
2025-06-25 02:21:01,535 - mmdet - INFO - initialize Bottleneck with init_cfg {'type': 'Constant', 'val': 0, 'override': {'name': 'norm3'}}
2025-06-25 02:21:01,537 - mmdet - INFO - initialize Bottleneck with init_cfg {'type': 'Constant', 'val': 0, 'override': {'name': 'norm3'}}
2025-06-25 02:21:01,539 - mmdet - INFO - initialize Bottleneck with init_cfg {'type': 'Constant', 'val': 0, 'override': {'name': 'norm3'}}
2025-06-25 02:21:01,541 - mmdet - INFO - initialize Bottleneck with init_cfg {'type': 'Constant', 'val': 0, 'override': {'name': 'norm3'}}
2025-06-25 02:21:01,543 - mmdet - INFO - initialize Bottleneck with init_cfg {'type': 'Constant', 'val': 0, 'override': {'name': 'norm3'}}
2025-06-25 02:21:01,545 - mmdet - INFO - initialize Bottleneck with init_cfg {'type': 'Constant', 'val': 0, 'override': {'name': 'norm3'}}
2025-06-25 02:21:01,547 - mmdet - INFO - initialize Bottleneck with init_cfg {'type': 'Constant', 'val': 0, 'override': {'name': 'norm3'}}
2025-06-25 02:21:01,549 - mmdet - INFO - initialize Bottleneck with init_cfg {'type': 'Constant', 'val': 0, 'override': {'name': 'norm3'}}
2025-06-25 02:21:01,551 - mmdet - INFO - initialize Bottleneck with init_cfg {'type': 'Constant', 'val': 0, 'override': {'name': 'norm3'}}
2025-06-25 02:21:01,553 - mmdet - INFO - initialize Bottleneck with init_cfg {'type': 'Constant', 'val': 0, 'override': {'name': 'norm3'}}
2025-06-25 02:21:01,555 - mmdet - INFO - initialize Bottleneck with init_cfg {'type': 'Constant', 'val': 0, 'override': {'name': 'norm3'}}
2025-06-25 02:21:01,562 - mmdet - INFO - initialize Bottleneck with init_cfg {'type': 'Constant', 'val': 0, 'override': {'name': 'norm3'}}
2025-06-25 02:21:01,570 - mmdet - INFO - initialize Bottleneck with init_cfg {'type': 'Constant', 'val': 0, 'override': {'name': 'norm3'}}
2025-06-25 02:21:01,577 - mmdet - INFO - initialize Bottleneck with init_cfg {'type': 'Constant', 'val': 0, 'override': {'name': 'norm3'}}
2025-06-25 02:21:01,595 - mmdet - INFO - initialize FPN with init_cfg {'type': 'Xavier', 'layer': 'Conv2d', 'distribution': 'uniform'}
Name of parameter - Initialization information

pts_middle_encoder.conv_input.0.weight - torch.Size([16, 3, 3, 3, 5]): 
The value is the same before and after calling `init_weights` of FUTR3D  

pts_middle_encoder.conv_input.1.weight - torch.Size([16]): 
The value is the same before and after calling `init_weights` of FUTR3D  

pts_middle_encoder.conv_input.1.bias - torch.Size([16]): 
The value is the same before and after calling `init_weights` of FUTR3D  

pts_middle_encoder.encoder_layers.encoder_layer1.0.conv1.weight - torch.Size([16, 3, 3, 3, 16]): 
The value is the same before and after calling `init_weights` of FUTR3D  

pts_middle_encoder.encoder_layers.encoder_layer1.0.bn1.weight - torch.Size([16]): 
The value is the same before and after calling `init_weights` of FUTR3D  

pts_middle_encoder.encoder_layers.encoder_layer1.0.bn1.bias - torch.Size([16]): 
The value is the same before and after calling `init_weights` of FUTR3D  

pts_middle_encoder.encoder_layers.encoder_layer1.0.conv2.weight - torch.Size([16, 3, 3, 3, 16]): 
The value is the same before and after calling `init_weights` of FUTR3D  

pts_middle_encoder.encoder_layers.encoder_layer1.0.bn2.weight - torch.Size([16]): 
The value is the same before and after calling `init_weights` of FUTR3D  

pts_middle_encoder.encoder_layers.encoder_layer1.0.bn2.bias - torch.Size([16]): 
The value is the same before and after calling `init_weights` of FUTR3D  

pts_middle_encoder.encoder_layers.encoder_layer1.1.conv1.weight - torch.Size([16, 3, 3, 3, 16]): 
The value is the same before and after calling `init_weights` of FUTR3D  

pts_middle_encoder.encoder_layers.encoder_layer1.1.bn1.weight - torch.Size([16]): 
The value is the same before and after calling `init_weights` of FUTR3D  

pts_middle_encoder.encoder_layers.encoder_layer1.1.bn1.bias - torch.Size([16]): 
The value is the same before and after calling `init_weights` of FUTR3D  

pts_middle_encoder.encoder_layers.encoder_layer1.1.conv2.weight - torch.Size([16, 3, 3, 3, 16]): 
The value is the same before and after calling `init_weights` of FUTR3D  

pts_middle_encoder.encoder_layers.encoder_layer1.1.bn2.weight - torch.Size([16]): 
The value is the same before and after calling `init_weights` of FUTR3D  

pts_middle_encoder.encoder_layers.encoder_layer1.1.bn2.bias - torch.Size([16]): 
The value is the same before and after calling `init_weights` of FUTR3D  

pts_middle_encoder.encoder_layers.encoder_layer1.2.0.weight - torch.Size([32, 3, 3, 3, 16]): 
The value is the same before and after calling `init_weights` of FUTR3D  

pts_middle_encoder.encoder_layers.encoder_layer1.2.1.weight - torch.Size([32]): 
The value is the same before and after calling `init_weights` of FUTR3D  

pts_middle_encoder.encoder_layers.encoder_layer1.2.1.bias - torch.Size([32]): 
The value is the same before and after calling `init_weights` of FUTR3D  

pts_middle_encoder.encoder_layers.encoder_layer2.0.conv1.weight - torch.Size([32, 3, 3, 3, 32]): 
The value is the same before and after calling `init_weights` of FUTR3D  

pts_middle_encoder.encoder_layers.encoder_layer2.0.bn1.weight - torch.Size([32]): 
The value is the same before and after calling `init_weights` of FUTR3D  

pts_middle_encoder.encoder_layers.encoder_layer2.0.bn1.bias - torch.Size([32]): 
The value is the same before and after calling `init_weights` of FUTR3D  

pts_middle_encoder.encoder_layers.encoder_layer2.0.conv2.weight - torch.Size([32, 3, 3, 3, 32]): 
The value is the same before and after calling `init_weights` of FUTR3D  

pts_middle_encoder.encoder_layers.encoder_layer2.0.bn2.weight - torch.Size([32]): 
The value is the same before and after calling `init_weights` of FUTR3D  

pts_middle_encoder.encoder_layers.encoder_layer2.0.bn2.bias - torch.Size([32]): 
The value is the same before and after calling `init_weights` of FUTR3D  

pts_middle_encoder.encoder_layers.encoder_layer2.1.conv1.weight - torch.Size([32, 3, 3, 3, 32]): 
The value is the same before and after calling `init_weights` of FUTR3D  

pts_middle_encoder.encoder_layers.encoder_layer2.1.bn1.weight - torch.Size([32]): 
The value is the same before and after calling `init_weights` of FUTR3D  

pts_middle_encoder.encoder_layers.encoder_layer2.1.bn1.bias - torch.Size([32]): 
The value is the same before and after calling `init_weights` of FUTR3D  

pts_middle_encoder.encoder_layers.encoder_layer2.1.conv2.weight - torch.Size([32, 3, 3, 3, 32]): 
The value is the same before and after calling `init_weights` of FUTR3D  

pts_middle_encoder.encoder_layers.encoder_layer2.1.bn2.weight - torch.Size([32]): 
The value is the same before and after calling `init_weights` of FUTR3D  

pts_middle_encoder.encoder_layers.encoder_layer2.1.bn2.bias - torch.Size([32]): 
The value is the same before and after calling `init_weights` of FUTR3D  

pts_middle_encoder.encoder_layers.encoder_layer2.2.0.weight - torch.Size([64, 3, 3, 3, 32]): 
The value is the same before and after calling `init_weights` of FUTR3D  

pts_middle_encoder.encoder_layers.encoder_layer2.2.1.weight - torch.Size([64]): 
The value is the same before and after calling `init_weights` of FUTR3D  

pts_middle_encoder.encoder_layers.encoder_layer2.2.1.bias - torch.Size([64]): 
The value is the same before and after calling `init_weights` of FUTR3D  

pts_middle_encoder.encoder_layers.encoder_layer3.0.conv1.weight - torch.Size([64, 3, 3, 3, 64]): 
The value is the same before and after calling `init_weights` of FUTR3D  

pts_middle_encoder.encoder_layers.encoder_layer3.0.bn1.weight - torch.Size([64]): 
The value is the same before and after calling `init_weights` of FUTR3D  

pts_middle_encoder.encoder_layers.encoder_layer3.0.bn1.bias - torch.Size([64]): 
The value is the same before and after calling `init_weights` of FUTR3D  

pts_middle_encoder.encoder_layers.encoder_layer3.0.conv2.weight - torch.Size([64, 3, 3, 3, 64]): 
The value is the same before and after calling `init_weights` of FUTR3D  

pts_middle_encoder.encoder_layers.encoder_layer3.0.bn2.weight - torch.Size([64]): 
The value is the same before and after calling `init_weights` of FUTR3D  

pts_middle_encoder.encoder_layers.encoder_layer3.0.bn2.bias - torch.Size([64]): 
The value is the same before and after calling `init_weights` of FUTR3D  

pts_middle_encoder.encoder_layers.encoder_layer3.1.conv1.weight - torch.Size([64, 3, 3, 3, 64]): 
The value is the same before and after calling `init_weights` of FUTR3D  

pts_middle_encoder.encoder_layers.encoder_layer3.1.bn1.weight - torch.Size([64]): 
The value is the same before and after calling `init_weights` of FUTR3D  

pts_middle_encoder.encoder_layers.encoder_layer3.1.bn1.bias - torch.Size([64]): 
The value is the same before and after calling `init_weights` of FUTR3D  

pts_middle_encoder.encoder_layers.encoder_layer3.1.conv2.weight - torch.Size([64, 3, 3, 3, 64]): 
The value is the same before and after calling `init_weights` of FUTR3D  

pts_middle_encoder.encoder_layers.encoder_layer3.1.bn2.weight - torch.Size([64]): 
The value is the same before and after calling `init_weights` of FUTR3D  

pts_middle_encoder.encoder_layers.encoder_layer3.1.bn2.bias - torch.Size([64]): 
The value is the same before and after calling `init_weights` of FUTR3D  

pts_middle_encoder.encoder_layers.encoder_layer3.2.0.weight - torch.Size([128, 3, 3, 3, 64]): 
The value is the same before and after calling `init_weights` of FUTR3D  

pts_middle_encoder.encoder_layers.encoder_layer3.2.1.weight - torch.Size([128]): 
The value is the same before and after calling `init_weights` of FUTR3D  

pts_middle_encoder.encoder_layers.encoder_layer3.2.1.bias - torch.Size([128]): 
The value is the same before and after calling `init_weights` of FUTR3D  

pts_middle_encoder.encoder_layers.encoder_layer4.0.conv1.weight - torch.Size([128, 3, 3, 3, 128]): 
The value is the same before and after calling `init_weights` of FUTR3D  

pts_middle_encoder.encoder_layers.encoder_layer4.0.bn1.weight - torch.Size([128]): 
The value is the same before and after calling `init_weights` of FUTR3D  

pts_middle_encoder.encoder_layers.encoder_layer4.0.bn1.bias - torch.Size([128]): 
The value is the same before and after calling `init_weights` of FUTR3D  

pts_middle_encoder.encoder_layers.encoder_layer4.0.conv2.weight - torch.Size([128, 3, 3, 3, 128]): 
The value is the same before and after calling `init_weights` of FUTR3D  

pts_middle_encoder.encoder_layers.encoder_layer4.0.bn2.weight - torch.Size([128]): 
The value is the same before and after calling `init_weights` of FUTR3D  

pts_middle_encoder.encoder_layers.encoder_layer4.0.bn2.bias - torch.Size([128]): 
The value is the same before and after calling `init_weights` of FUTR3D  

pts_middle_encoder.encoder_layers.encoder_layer4.1.conv1.weight - torch.Size([128, 3, 3, 3, 128]): 
The value is the same before and after calling `init_weights` of FUTR3D  

pts_middle_encoder.encoder_layers.encoder_layer4.1.bn1.weight - torch.Size([128]): 
The value is the same before and after calling `init_weights` of FUTR3D  

pts_middle_encoder.encoder_layers.encoder_layer4.1.bn1.bias - torch.Size([128]): 
The value is the same before and after calling `init_weights` of FUTR3D  

pts_middle_encoder.encoder_layers.encoder_layer4.1.conv2.weight - torch.Size([128, 3, 3, 3, 128]): 
The value is the same before and after calling `init_weights` of FUTR3D  

pts_middle_encoder.encoder_layers.encoder_layer4.1.bn2.weight - torch.Size([128]): 
The value is the same before and after calling `init_weights` of FUTR3D  

pts_middle_encoder.encoder_layers.encoder_layer4.1.bn2.bias - torch.Size([128]): 
The value is the same before and after calling `init_weights` of FUTR3D  

pts_middle_encoder.conv_out.0.weight - torch.Size([128, 3, 1, 1, 128]): 
The value is the same before and after calling `init_weights` of FUTR3D  

pts_middle_encoder.conv_out.1.weight - torch.Size([128]): 
The value is the same before and after calling `init_weights` of FUTR3D  

pts_middle_encoder.conv_out.1.bias - torch.Size([128]): 
The value is the same before and after calling `init_weights` of FUTR3D  

pts_backbone.blocks.0.0.weight - torch.Size([128, 256, 3, 3]): 
KaimingInit: a=0, mode=fan_out, nonlinearity=relu, distribution =normal, bias=0 

pts_backbone.blocks.0.1.weight - torch.Size([128]): 
The value is the same before and after calling `init_weights` of FUTR3D  

pts_backbone.blocks.0.1.bias - torch.Size([128]): 
The value is the same before and after calling `init_weights` of FUTR3D  

pts_backbone.blocks.0.3.weight - torch.Size([128, 128, 3, 3]): 
KaimingInit: a=0, mode=fan_out, nonlinearity=relu, distribution =normal, bias=0 

pts_backbone.blocks.0.4.weight - torch.Size([128]): 
The value is the same before and after calling `init_weights` of FUTR3D  

pts_backbone.blocks.0.4.bias - torch.Size([128]): 
The value is the same before and after calling `init_weights` of FUTR3D  

pts_backbone.blocks.0.6.weight - torch.Size([128, 128, 3, 3]): 
KaimingInit: a=0, mode=fan_out, nonlinearity=relu, distribution =normal, bias=0 

pts_backbone.blocks.0.7.weight - torch.Size([128]): 
The value is the same before and after calling `init_weights` of FUTR3D  

pts_backbone.blocks.0.7.bias - torch.Size([128]): 
The value is the same before and after calling `init_weights` of FUTR3D  

pts_backbone.blocks.0.9.weight - torch.Size([128, 128, 3, 3]): 
KaimingInit: a=0, mode=fan_out, nonlinearity=relu, distribution =normal, bias=0 

pts_backbone.blocks.0.10.weight - torch.Size([128]): 
The value is the same before and after calling `init_weights` of FUTR3D  

pts_backbone.blocks.0.10.bias - torch.Size([128]): 
The value is the same before and after calling `init_weights` of FUTR3D  

pts_backbone.blocks.0.12.weight - torch.Size([128, 128, 3, 3]): 
KaimingInit: a=0, mode=fan_out, nonlinearity=relu, distribution =normal, bias=0 

pts_backbone.blocks.0.13.weight - torch.Size([128]): 
The value is the same before and after calling `init_weights` of FUTR3D  

pts_backbone.blocks.0.13.bias - torch.Size([128]): 
The value is the same before and after calling `init_weights` of FUTR3D  

pts_backbone.blocks.0.15.weight - torch.Size([128, 128, 3, 3]): 
KaimingInit: a=0, mode=fan_out, nonlinearity=relu, distribution =normal, bias=0 

pts_backbone.blocks.0.16.weight - torch.Size([128]): 
The value is the same before and after calling `init_weights` of FUTR3D  

pts_backbone.blocks.0.16.bias - torch.Size([128]): 
The value is the same before and after calling `init_weights` of FUTR3D  

pts_backbone.blocks.1.0.weight - torch.Size([256, 128, 3, 3]): 
KaimingInit: a=0, mode=fan_out, nonlinearity=relu, distribution =normal, bias=0 

pts_backbone.blocks.1.1.weight - torch.Size([256]): 
The value is the same before and after calling `init_weights` of FUTR3D  

pts_backbone.blocks.1.1.bias - torch.Size([256]): 
The value is the same before and after calling `init_weights` of FUTR3D  

pts_backbone.blocks.1.3.weight - torch.Size([256, 256, 3, 3]): 
KaimingInit: a=0, mode=fan_out, nonlinearity=relu, distribution =normal, bias=0 

pts_backbone.blocks.1.4.weight - torch.Size([256]): 
The value is the same before and after calling `init_weights` of FUTR3D  

pts_backbone.blocks.1.4.bias - torch.Size([256]): 
The value is the same before and after calling `init_weights` of FUTR3D  

pts_backbone.blocks.1.6.weight - torch.Size([256, 256, 3, 3]): 
KaimingInit: a=0, mode=fan_out, nonlinearity=relu, distribution =normal, bias=0 

pts_backbone.blocks.1.7.weight - torch.Size([256]): 
The value is the same before and after calling `init_weights` of FUTR3D  

pts_backbone.blocks.1.7.bias - torch.Size([256]): 
The value is the same before and after calling `init_weights` of FUTR3D  

pts_backbone.blocks.1.9.weight - torch.Size([256, 256, 3, 3]): 
KaimingInit: a=0, mode=fan_out, nonlinearity=relu, distribution =normal, bias=0 

pts_backbone.blocks.1.10.weight - torch.Size([256]): 
The value is the same before and after calling `init_weights` of FUTR3D  

pts_backbone.blocks.1.10.bias - torch.Size([256]): 
The value is the same before and after calling `init_weights` of FUTR3D  

pts_backbone.blocks.1.12.weight - torch.Size([256, 256, 3, 3]): 
KaimingInit: a=0, mode=fan_out, nonlinearity=relu, distribution =normal, bias=0 

pts_backbone.blocks.1.13.weight - torch.Size([256]): 
The value is the same before and after calling `init_weights` of FUTR3D  

pts_backbone.blocks.1.13.bias - torch.Size([256]): 
The value is the same before and after calling `init_weights` of FUTR3D  

pts_backbone.blocks.1.15.weight - torch.Size([256, 256, 3, 3]): 
KaimingInit: a=0, mode=fan_out, nonlinearity=relu, distribution =normal, bias=0 

pts_backbone.blocks.1.16.weight - torch.Size([256]): 
The value is the same before and after calling `init_weights` of FUTR3D  

pts_backbone.blocks.1.16.bias - torch.Size([256]): 
The value is the same before and after calling `init_weights` of FUTR3D  

pts_neck.lateral_convs.0.conv.weight - torch.Size([256, 128, 1, 1]): 
XavierInit: gain=1, distribution=uniform, bias=0 

pts_neck.lateral_convs.0.bn.weight - torch.Size([256]): 
The value is the same before and after calling `init_weights` of FUTR3D  

pts_neck.lateral_convs.0.bn.bias - torch.Size([256]): 
The value is the same before and after calling `init_weights` of FUTR3D  

pts_neck.lateral_convs.1.conv.weight - torch.Size([256, 256, 1, 1]): 
XavierInit: gain=1, distribution=uniform, bias=0 

pts_neck.lateral_convs.1.bn.weight - torch.Size([256]): 
The value is the same before and after calling `init_weights` of FUTR3D  

pts_neck.lateral_convs.1.bn.bias - torch.Size([256]): 
The value is the same before and after calling `init_weights` of FUTR3D  

pts_neck.fpn_convs.0.conv.weight - torch.Size([256, 256, 3, 3]): 
XavierInit: gain=1, distribution=uniform, bias=0 

pts_neck.fpn_convs.0.bn.weight - torch.Size([256]): 
The value is the same before and after calling `init_weights` of FUTR3D  

pts_neck.fpn_convs.0.bn.bias - torch.Size([256]): 
The value is the same before and after calling `init_weights` of FUTR3D  

pts_neck.fpn_convs.1.conv.weight - torch.Size([256, 256, 3, 3]): 
XavierInit: gain=1, distribution=uniform, bias=0 

pts_neck.fpn_convs.1.bn.weight - torch.Size([256]): 
The value is the same before and after calling `init_weights` of FUTR3D  

pts_neck.fpn_convs.1.bn.bias - torch.Size([256]): 
The value is the same before and after calling `init_weights` of FUTR3D  

pts_neck.fpn_convs.2.conv.weight - torch.Size([256, 256, 3, 3]): 
XavierInit: gain=1, distribution=uniform, bias=0 

pts_neck.fpn_convs.2.bn.weight - torch.Size([256]): 
The value is the same before and after calling `init_weights` of FUTR3D  

pts_neck.fpn_convs.2.bn.bias - torch.Size([256]): 
The value is the same before and after calling `init_weights` of FUTR3D  

pts_neck.fpn_convs.3.conv.weight - torch.Size([256, 256, 3, 3]): 
XavierInit: gain=1, distribution=uniform, bias=0 

pts_neck.fpn_convs.3.bn.weight - torch.Size([256]): 
The value is the same before and after calling `init_weights` of FUTR3D  

pts_neck.fpn_convs.3.bn.bias - torch.Size([256]): 
The value is the same before and after calling `init_weights` of FUTR3D  

pts_bbox_head.transformer.level_embeds - torch.Size([4, 256]): 
Initialized by user-defined `init_weights` in FUTR3DHead  

pts_bbox_head.transformer.decoder.layers.0.attentions.0.attn.in_proj_weight - torch.Size([768, 256]): 
Initialized by user-defined `init_weights` in FUTR3DHead  

pts_bbox_head.transformer.decoder.layers.0.attentions.0.attn.in_proj_bias - torch.Size([768]): 
The value is the same before and after calling `init_weights` of FUTR3D  

pts_bbox_head.transformer.decoder.layers.0.attentions.0.attn.out_proj.weight - torch.Size([256, 256]): 
Initialized by user-defined `init_weights` in FUTR3DHead  

pts_bbox_head.transformer.decoder.layers.0.attentions.0.attn.out_proj.bias - torch.Size([256]): 
The value is the same before and after calling `init_weights` of FUTR3D  

pts_bbox_head.transformer.decoder.layers.0.attentions.1.sampling_offsets.weight - torch.Size([256, 256]): 
Initialized by user-defined `init_weights` in FUTR3DHead  

pts_bbox_head.transformer.decoder.layers.0.attentions.1.sampling_offsets.bias - torch.Size([256]): 
The value is the same before and after calling `init_weights` of FUTR3D  

pts_bbox_head.transformer.decoder.layers.0.attentions.1.attention_weights.weight - torch.Size([128, 256]): 
Initialized by user-defined `init_weights` in FUTR3DHead  

pts_bbox_head.transformer.decoder.layers.0.attentions.1.attention_weights.bias - torch.Size([128]): 
The value is the same before and after calling `init_weights` of FUTR3D  

pts_bbox_head.transformer.decoder.layers.0.attentions.1.value_proj.weight - torch.Size([256, 256]): 
Initialized by user-defined `init_weights` in FUTR3DHead  

pts_bbox_head.transformer.decoder.layers.0.attentions.1.value_proj.bias - torch.Size([256]): 
The value is the same before and after calling `init_weights` of FUTR3D  

pts_bbox_head.transformer.decoder.layers.0.attentions.1.output_proj.weight - torch.Size([256, 256]): 
Initialized by user-defined `init_weights` in FUTR3DHead  

pts_bbox_head.transformer.decoder.layers.0.attentions.1.output_proj.bias - torch.Size([256]): 
The value is the same before and after calling `init_weights` of FUTR3D  

pts_bbox_head.transformer.decoder.layers.0.attentions.1.img_attention_weights.weight - torch.Size([24, 256]): 
Initialized by user-defined `init_weights` in FUTR3DHead  

pts_bbox_head.transformer.decoder.layers.0.attentions.1.img_attention_weights.bias - torch.Size([24]): 
The value is the same before and after calling `init_weights` of FUTR3D  

pts_bbox_head.transformer.decoder.layers.0.attentions.1.img_output_proj.weight - torch.Size([256, 256]): 
Initialized by user-defined `init_weights` in FUTR3DHead  

pts_bbox_head.transformer.decoder.layers.0.attentions.1.img_output_proj.bias - torch.Size([256]): 
The value is the same before and after calling `init_weights` of FUTR3D  

pts_bbox_head.transformer.decoder.layers.0.attentions.1.position_encoder.0.weight - torch.Size([256, 3]): 
Initialized by user-defined `init_weights` in FUTR3DHead  

pts_bbox_head.transformer.decoder.layers.0.attentions.1.position_encoder.0.bias - torch.Size([256]): 
The value is the same before and after calling `init_weights` of FUTR3D  

pts_bbox_head.transformer.decoder.layers.0.attentions.1.position_encoder.1.weight - torch.Size([256]): 
The value is the same before and after calling `init_weights` of FUTR3D  

pts_bbox_head.transformer.decoder.layers.0.attentions.1.position_encoder.1.bias - torch.Size([256]): 
The value is the same before and after calling `init_weights` of FUTR3D  

pts_bbox_head.transformer.decoder.layers.0.attentions.1.position_encoder.3.weight - torch.Size([256, 256]): 
Initialized by user-defined `init_weights` in FUTR3DHead  

pts_bbox_head.transformer.decoder.layers.0.attentions.1.position_encoder.3.bias - torch.Size([256]): 
The value is the same before and after calling `init_weights` of FUTR3D  

pts_bbox_head.transformer.decoder.layers.0.attentions.1.position_encoder.4.weight - torch.Size([256]): 
The value is the same before and after calling `init_weights` of FUTR3D  

pts_bbox_head.transformer.decoder.layers.0.attentions.1.position_encoder.4.bias - torch.Size([256]): 
The value is the same before and after calling `init_weights` of FUTR3D  

pts_bbox_head.transformer.decoder.layers.0.attentions.1.modality_fusion_layer.0.weight - torch.Size([256, 512]): 
Initialized by user-defined `init_weights` in FUTR3DHead  

pts_bbox_head.transformer.decoder.layers.0.attentions.1.modality_fusion_layer.0.bias - torch.Size([256]): 
The value is the same before and after calling `init_weights` of FUTR3D  

pts_bbox_head.transformer.decoder.layers.0.attentions.1.modality_fusion_layer.1.weight - torch.Size([256]): 
The value is the same before and after calling `init_weights` of FUTR3D  

pts_bbox_head.transformer.decoder.layers.0.attentions.1.modality_fusion_layer.1.bias - torch.Size([256]): 
The value is the same before and after calling `init_weights` of FUTR3D  

pts_bbox_head.transformer.decoder.layers.0.attentions.1.modality_fusion_layer.3.weight - torch.Size([256, 256]): 
Initialized by user-defined `init_weights` in FUTR3DHead  

pts_bbox_head.transformer.decoder.layers.0.attentions.1.modality_fusion_layer.3.bias - torch.Size([256]): 
The value is the same before and after calling `init_weights` of FUTR3D  

pts_bbox_head.transformer.decoder.layers.0.attentions.1.modality_fusion_layer.4.weight - torch.Size([256]): 
The value is the same before and after calling `init_weights` of FUTR3D  

pts_bbox_head.transformer.decoder.layers.0.attentions.1.modality_fusion_layer.4.bias - torch.Size([256]): 
The value is the same before and after calling `init_weights` of FUTR3D  

pts_bbox_head.transformer.decoder.layers.0.ffns.0.layers.0.0.weight - torch.Size([1024, 256]): 
Initialized by user-defined `init_weights` in FUTR3DHead  

pts_bbox_head.transformer.decoder.layers.0.ffns.0.layers.0.0.bias - torch.Size([1024]): 
The value is the same before and after calling `init_weights` of FUTR3D  

pts_bbox_head.transformer.decoder.layers.0.ffns.0.layers.1.weight - torch.Size([256, 1024]): 
Initialized by user-defined `init_weights` in FUTR3DHead  

pts_bbox_head.transformer.decoder.layers.0.ffns.0.layers.1.bias - torch.Size([256]): 
The value is the same before and after calling `init_weights` of FUTR3D  

pts_bbox_head.transformer.decoder.layers.0.norms.0.weight - torch.Size([256]): 
The value is the same before and after calling `init_weights` of FUTR3D  

pts_bbox_head.transformer.decoder.layers.0.norms.0.bias - torch.Size([256]): 
The value is the same before and after calling `init_weights` of FUTR3D  

pts_bbox_head.transformer.decoder.layers.0.norms.1.weight - torch.Size([256]): 
The value is the same before and after calling `init_weights` of FUTR3D  

pts_bbox_head.transformer.decoder.layers.0.norms.1.bias - torch.Size([256]): 
The value is the same before and after calling `init_weights` of FUTR3D  

pts_bbox_head.transformer.decoder.layers.0.norms.2.weight - torch.Size([256]): 
The value is the same before and after calling `init_weights` of FUTR3D  

pts_bbox_head.transformer.decoder.layers.0.norms.2.bias - torch.Size([256]): 
The value is the same before and after calling `init_weights` of FUTR3D  

pts_bbox_head.transformer.decoder.layers.1.attentions.0.attn.in_proj_weight - torch.Size([768, 256]): 
Initialized by user-defined `init_weights` in FUTR3DHead  

pts_bbox_head.transformer.decoder.layers.1.attentions.0.attn.in_proj_bias - torch.Size([768]): 
The value is the same before and after calling `init_weights` of FUTR3D  

pts_bbox_head.transformer.decoder.layers.1.attentions.0.attn.out_proj.weight - torch.Size([256, 256]): 
Initialized by user-defined `init_weights` in FUTR3DHead  

pts_bbox_head.transformer.decoder.layers.1.attentions.0.attn.out_proj.bias - torch.Size([256]): 
The value is the same before and after calling `init_weights` of FUTR3D  

pts_bbox_head.transformer.decoder.layers.1.attentions.1.sampling_offsets.weight - torch.Size([256, 256]): 
Initialized by user-defined `init_weights` in FUTR3DHead  

pts_bbox_head.transformer.decoder.layers.1.attentions.1.sampling_offsets.bias - torch.Size([256]): 
The value is the same before and after calling `init_weights` of FUTR3D  

pts_bbox_head.transformer.decoder.layers.1.attentions.1.attention_weights.weight - torch.Size([128, 256]): 
Initialized by user-defined `init_weights` in FUTR3DHead  

pts_bbox_head.transformer.decoder.layers.1.attentions.1.attention_weights.bias - torch.Size([128]): 
The value is the same before and after calling `init_weights` of FUTR3D  

pts_bbox_head.transformer.decoder.layers.1.attentions.1.value_proj.weight - torch.Size([256, 256]): 
Initialized by user-defined `init_weights` in FUTR3DHead  

pts_bbox_head.transformer.decoder.layers.1.attentions.1.value_proj.bias - torch.Size([256]): 
The value is the same before and after calling `init_weights` of FUTR3D  

pts_bbox_head.transformer.decoder.layers.1.attentions.1.output_proj.weight - torch.Size([256, 256]): 
Initialized by user-defined `init_weights` in FUTR3DHead  

pts_bbox_head.transformer.decoder.layers.1.attentions.1.output_proj.bias - torch.Size([256]): 
The value is the same before and after calling `init_weights` of FUTR3D  

pts_bbox_head.transformer.decoder.layers.1.attentions.1.img_attention_weights.weight - torch.Size([24, 256]): 
Initialized by user-defined `init_weights` in FUTR3DHead  

pts_bbox_head.transformer.decoder.layers.1.attentions.1.img_attention_weights.bias - torch.Size([24]): 
The value is the same before and after calling `init_weights` of FUTR3D  

pts_bbox_head.transformer.decoder.layers.1.attentions.1.img_output_proj.weight - torch.Size([256, 256]): 
Initialized by user-defined `init_weights` in FUTR3DHead  

pts_bbox_head.transformer.decoder.layers.1.attentions.1.img_output_proj.bias - torch.Size([256]): 
The value is the same before and after calling `init_weights` of FUTR3D  

pts_bbox_head.transformer.decoder.layers.1.attentions.1.position_encoder.0.weight - torch.Size([256, 3]): 
Initialized by user-defined `init_weights` in FUTR3DHead  

pts_bbox_head.transformer.decoder.layers.1.attentions.1.position_encoder.0.bias - torch.Size([256]): 
The value is the same before and after calling `init_weights` of FUTR3D  

pts_bbox_head.transformer.decoder.layers.1.attentions.1.position_encoder.1.weight - torch.Size([256]): 
The value is the same before and after calling `init_weights` of FUTR3D  

pts_bbox_head.transformer.decoder.layers.1.attentions.1.position_encoder.1.bias - torch.Size([256]): 
The value is the same before and after calling `init_weights` of FUTR3D  

pts_bbox_head.transformer.decoder.layers.1.attentions.1.position_encoder.3.weight - torch.Size([256, 256]): 
Initialized by user-defined `init_weights` in FUTR3DHead  

pts_bbox_head.transformer.decoder.layers.1.attentions.1.position_encoder.3.bias - torch.Size([256]): 
The value is the same before and after calling `init_weights` of FUTR3D  

pts_bbox_head.transformer.decoder.layers.1.attentions.1.position_encoder.4.weight - torch.Size([256]): 
The value is the same before and after calling `init_weights` of FUTR3D  

pts_bbox_head.transformer.decoder.layers.1.attentions.1.position_encoder.4.bias - torch.Size([256]): 
The value is the same before and after calling `init_weights` of FUTR3D  

pts_bbox_head.transformer.decoder.layers.1.attentions.1.modality_fusion_layer.0.weight - torch.Size([256, 512]): 
Initialized by user-defined `init_weights` in FUTR3DHead  

pts_bbox_head.transformer.decoder.layers.1.attentions.1.modality_fusion_layer.0.bias - torch.Size([256]): 
The value is the same before and after calling `init_weights` of FUTR3D  

pts_bbox_head.transformer.decoder.layers.1.attentions.1.modality_fusion_layer.1.weight - torch.Size([256]): 
The value is the same before and after calling `init_weights` of FUTR3D  

pts_bbox_head.transformer.decoder.layers.1.attentions.1.modality_fusion_layer.1.bias - torch.Size([256]): 
The value is the same before and after calling `init_weights` of FUTR3D  

pts_bbox_head.transformer.decoder.layers.1.attentions.1.modality_fusion_layer.3.weight - torch.Size([256, 256]): 
Initialized by user-defined `init_weights` in FUTR3DHead  

pts_bbox_head.transformer.decoder.layers.1.attentions.1.modality_fusion_layer.3.bias - torch.Size([256]): 
The value is the same before and after calling `init_weights` of FUTR3D  

pts_bbox_head.transformer.decoder.layers.1.attentions.1.modality_fusion_layer.4.weight - torch.Size([256]): 
The value is the same before and after calling `init_weights` of FUTR3D  

pts_bbox_head.transformer.decoder.layers.1.attentions.1.modality_fusion_layer.4.bias - torch.Size([256]): 
The value is the same before and after calling `init_weights` of FUTR3D  

pts_bbox_head.transformer.decoder.layers.1.ffns.0.layers.0.0.weight - torch.Size([1024, 256]): 
Initialized by user-defined `init_weights` in FUTR3DHead  

pts_bbox_head.transformer.decoder.layers.1.ffns.0.layers.0.0.bias - torch.Size([1024]): 
The value is the same before and after calling `init_weights` of FUTR3D  

pts_bbox_head.transformer.decoder.layers.1.ffns.0.layers.1.weight - torch.Size([256, 1024]): 
Initialized by user-defined `init_weights` in FUTR3DHead  

pts_bbox_head.transformer.decoder.layers.1.ffns.0.layers.1.bias - torch.Size([256]): 
The value is the same before and after calling `init_weights` of FUTR3D  

pts_bbox_head.transformer.decoder.layers.1.norms.0.weight - torch.Size([256]): 
The value is the same before and after calling `init_weights` of FUTR3D  

pts_bbox_head.transformer.decoder.layers.1.norms.0.bias - torch.Size([256]): 
The value is the same before and after calling `init_weights` of FUTR3D  

pts_bbox_head.transformer.decoder.layers.1.norms.1.weight - torch.Size([256]): 
The value is the same before and after calling `init_weights` of FUTR3D  

pts_bbox_head.transformer.decoder.layers.1.norms.1.bias - torch.Size([256]): 
The value is the same before and after calling `init_weights` of FUTR3D  

pts_bbox_head.transformer.decoder.layers.1.norms.2.weight - torch.Size([256]): 
The value is the same before and after calling `init_weights` of FUTR3D  

pts_bbox_head.transformer.decoder.layers.1.norms.2.bias - torch.Size([256]): 
The value is the same before and after calling `init_weights` of FUTR3D  

pts_bbox_head.transformer.decoder.layers.2.attentions.0.attn.in_proj_weight - torch.Size([768, 256]): 
Initialized by user-defined `init_weights` in FUTR3DHead  

pts_bbox_head.transformer.decoder.layers.2.attentions.0.attn.in_proj_bias - torch.Size([768]): 
The value is the same before and after calling `init_weights` of FUTR3D  

pts_bbox_head.transformer.decoder.layers.2.attentions.0.attn.out_proj.weight - torch.Size([256, 256]): 
Initialized by user-defined `init_weights` in FUTR3DHead  

pts_bbox_head.transformer.decoder.layers.2.attentions.0.attn.out_proj.bias - torch.Size([256]): 
The value is the same before and after calling `init_weights` of FUTR3D  

pts_bbox_head.transformer.decoder.layers.2.attentions.1.sampling_offsets.weight - torch.Size([256, 256]): 
Initialized by user-defined `init_weights` in FUTR3DHead  

pts_bbox_head.transformer.decoder.layers.2.attentions.1.sampling_offsets.bias - torch.Size([256]): 
The value is the same before and after calling `init_weights` of FUTR3D  

pts_bbox_head.transformer.decoder.layers.2.attentions.1.attention_weights.weight - torch.Size([128, 256]): 
Initialized by user-defined `init_weights` in FUTR3DHead  

pts_bbox_head.transformer.decoder.layers.2.attentions.1.attention_weights.bias - torch.Size([128]): 
The value is the same before and after calling `init_weights` of FUTR3D  

pts_bbox_head.transformer.decoder.layers.2.attentions.1.value_proj.weight - torch.Size([256, 256]): 
Initialized by user-defined `init_weights` in FUTR3DHead  

pts_bbox_head.transformer.decoder.layers.2.attentions.1.value_proj.bias - torch.Size([256]): 
The value is the same before and after calling `init_weights` of FUTR3D  

pts_bbox_head.transformer.decoder.layers.2.attentions.1.output_proj.weight - torch.Size([256, 256]): 
Initialized by user-defined `init_weights` in FUTR3DHead  

pts_bbox_head.transformer.decoder.layers.2.attentions.1.output_proj.bias - torch.Size([256]): 
The value is the same before and after calling `init_weights` of FUTR3D  

pts_bbox_head.transformer.decoder.layers.2.attentions.1.img_attention_weights.weight - torch.Size([24, 256]): 
Initialized by user-defined `init_weights` in FUTR3DHead  

pts_bbox_head.transformer.decoder.layers.2.attentions.1.img_attention_weights.bias - torch.Size([24]): 
The value is the same before and after calling `init_weights` of FUTR3D  

pts_bbox_head.transformer.decoder.layers.2.attentions.1.img_output_proj.weight - torch.Size([256, 256]): 
Initialized by user-defined `init_weights` in FUTR3DHead  

pts_bbox_head.transformer.decoder.layers.2.attentions.1.img_output_proj.bias - torch.Size([256]): 
The value is the same before and after calling `init_weights` of FUTR3D  

pts_bbox_head.transformer.decoder.layers.2.attentions.1.position_encoder.0.weight - torch.Size([256, 3]): 
Initialized by user-defined `init_weights` in FUTR3DHead  

pts_bbox_head.transformer.decoder.layers.2.attentions.1.position_encoder.0.bias - torch.Size([256]): 
The value is the same before and after calling `init_weights` of FUTR3D  

pts_bbox_head.transformer.decoder.layers.2.attentions.1.position_encoder.1.weight - torch.Size([256]): 
The value is the same before and after calling `init_weights` of FUTR3D  

pts_bbox_head.transformer.decoder.layers.2.attentions.1.position_encoder.1.bias - torch.Size([256]): 
The value is the same before and after calling `init_weights` of FUTR3D  

pts_bbox_head.transformer.decoder.layers.2.attentions.1.position_encoder.3.weight - torch.Size([256, 256]): 
Initialized by user-defined `init_weights` in FUTR3DHead  

pts_bbox_head.transformer.decoder.layers.2.attentions.1.position_encoder.3.bias - torch.Size([256]): 
The value is the same before and after calling `init_weights` of FUTR3D  

pts_bbox_head.transformer.decoder.layers.2.attentions.1.position_encoder.4.weight - torch.Size([256]): 
The value is the same before and after calling `init_weights` of FUTR3D  

pts_bbox_head.transformer.decoder.layers.2.attentions.1.position_encoder.4.bias - torch.Size([256]): 
The value is the same before and after calling `init_weights` of FUTR3D  

pts_bbox_head.transformer.decoder.layers.2.attentions.1.modality_fusion_layer.0.weight - torch.Size([256, 512]): 
Initialized by user-defined `init_weights` in FUTR3DHead  

pts_bbox_head.transformer.decoder.layers.2.attentions.1.modality_fusion_layer.0.bias - torch.Size([256]): 
The value is the same before and after calling `init_weights` of FUTR3D  

pts_bbox_head.transformer.decoder.layers.2.attentions.1.modality_fusion_layer.1.weight - torch.Size([256]): 
The value is the same before and after calling `init_weights` of FUTR3D  

pts_bbox_head.transformer.decoder.layers.2.attentions.1.modality_fusion_layer.1.bias - torch.Size([256]): 
The value is the same before and after calling `init_weights` of FUTR3D  

pts_bbox_head.transformer.decoder.layers.2.attentions.1.modality_fusion_layer.3.weight - torch.Size([256, 256]): 
Initialized by user-defined `init_weights` in FUTR3DHead  

pts_bbox_head.transformer.decoder.layers.2.attentions.1.modality_fusion_layer.3.bias - torch.Size([256]): 
The value is the same before and after calling `init_weights` of FUTR3D  

pts_bbox_head.transformer.decoder.layers.2.attentions.1.modality_fusion_layer.4.weight - torch.Size([256]): 
The value is the same before and after calling `init_weights` of FUTR3D  

pts_bbox_head.transformer.decoder.layers.2.attentions.1.modality_fusion_layer.4.bias - torch.Size([256]): 
The value is the same before and after calling `init_weights` of FUTR3D  

pts_bbox_head.transformer.decoder.layers.2.ffns.0.layers.0.0.weight - torch.Size([1024, 256]): 
Initialized by user-defined `init_weights` in FUTR3DHead  

pts_bbox_head.transformer.decoder.layers.2.ffns.0.layers.0.0.bias - torch.Size([1024]): 
The value is the same before and after calling `init_weights` of FUTR3D  

pts_bbox_head.transformer.decoder.layers.2.ffns.0.layers.1.weight - torch.Size([256, 1024]): 
Initialized by user-defined `init_weights` in FUTR3DHead  

pts_bbox_head.transformer.decoder.layers.2.ffns.0.layers.1.bias - torch.Size([256]): 
The value is the same before and after calling `init_weights` of FUTR3D  

pts_bbox_head.transformer.decoder.layers.2.norms.0.weight - torch.Size([256]): 
The value is the same before and after calling `init_weights` of FUTR3D  

pts_bbox_head.transformer.decoder.layers.2.norms.0.bias - torch.Size([256]): 
The value is the same before and after calling `init_weights` of FUTR3D  

pts_bbox_head.transformer.decoder.layers.2.norms.1.weight - torch.Size([256]): 
The value is the same before and after calling `init_weights` of FUTR3D  

pts_bbox_head.transformer.decoder.layers.2.norms.1.bias - torch.Size([256]): 
The value is the same before and after calling `init_weights` of FUTR3D  

pts_bbox_head.transformer.decoder.layers.2.norms.2.weight - torch.Size([256]): 
The value is the same before and after calling `init_weights` of FUTR3D  

pts_bbox_head.transformer.decoder.layers.2.norms.2.bias - torch.Size([256]): 
The value is the same before and after calling `init_weights` of FUTR3D  

pts_bbox_head.transformer.decoder.layers.3.attentions.0.attn.in_proj_weight - torch.Size([768, 256]): 
Initialized by user-defined `init_weights` in FUTR3DHead  

pts_bbox_head.transformer.decoder.layers.3.attentions.0.attn.in_proj_bias - torch.Size([768]): 
The value is the same before and after calling `init_weights` of FUTR3D  

pts_bbox_head.transformer.decoder.layers.3.attentions.0.attn.out_proj.weight - torch.Size([256, 256]): 
Initialized by user-defined `init_weights` in FUTR3DHead  

pts_bbox_head.transformer.decoder.layers.3.attentions.0.attn.out_proj.bias - torch.Size([256]): 
The value is the same before and after calling `init_weights` of FUTR3D  

pts_bbox_head.transformer.decoder.layers.3.attentions.1.sampling_offsets.weight - torch.Size([256, 256]): 
Initialized by user-defined `init_weights` in FUTR3DHead  

pts_bbox_head.transformer.decoder.layers.3.attentions.1.sampling_offsets.bias - torch.Size([256]): 
The value is the same before and after calling `init_weights` of FUTR3D  

pts_bbox_head.transformer.decoder.layers.3.attentions.1.attention_weights.weight - torch.Size([128, 256]): 
Initialized by user-defined `init_weights` in FUTR3DHead  

pts_bbox_head.transformer.decoder.layers.3.attentions.1.attention_weights.bias - torch.Size([128]): 
The value is the same before and after calling `init_weights` of FUTR3D  

pts_bbox_head.transformer.decoder.layers.3.attentions.1.value_proj.weight - torch.Size([256, 256]): 
Initialized by user-defined `init_weights` in FUTR3DHead  

pts_bbox_head.transformer.decoder.layers.3.attentions.1.value_proj.bias - torch.Size([256]): 
The value is the same before and after calling `init_weights` of FUTR3D  

pts_bbox_head.transformer.decoder.layers.3.attentions.1.output_proj.weight - torch.Size([256, 256]): 
Initialized by user-defined `init_weights` in FUTR3DHead  

pts_bbox_head.transformer.decoder.layers.3.attentions.1.output_proj.bias - torch.Size([256]): 
The value is the same before and after calling `init_weights` of FUTR3D  

pts_bbox_head.transformer.decoder.layers.3.attentions.1.img_attention_weights.weight - torch.Size([24, 256]): 
Initialized by user-defined `init_weights` in FUTR3DHead  

pts_bbox_head.transformer.decoder.layers.3.attentions.1.img_attention_weights.bias - torch.Size([24]): 
The value is the same before and after calling `init_weights` of FUTR3D  

pts_bbox_head.transformer.decoder.layers.3.attentions.1.img_output_proj.weight - torch.Size([256, 256]): 
Initialized by user-defined `init_weights` in FUTR3DHead  

pts_bbox_head.transformer.decoder.layers.3.attentions.1.img_output_proj.bias - torch.Size([256]): 
The value is the same before and after calling `init_weights` of FUTR3D  

pts_bbox_head.transformer.decoder.layers.3.attentions.1.position_encoder.0.weight - torch.Size([256, 3]): 
Initialized by user-defined `init_weights` in FUTR3DHead  

pts_bbox_head.transformer.decoder.layers.3.attentions.1.position_encoder.0.bias - torch.Size([256]): 
The value is the same before and after calling `init_weights` of FUTR3D  

pts_bbox_head.transformer.decoder.layers.3.attentions.1.position_encoder.1.weight - torch.Size([256]): 
The value is the same before and after calling `init_weights` of FUTR3D  

pts_bbox_head.transformer.decoder.layers.3.attentions.1.position_encoder.1.bias - torch.Size([256]): 
The value is the same before and after calling `init_weights` of FUTR3D  

pts_bbox_head.transformer.decoder.layers.3.attentions.1.position_encoder.3.weight - torch.Size([256, 256]): 
Initialized by user-defined `init_weights` in FUTR3DHead  

pts_bbox_head.transformer.decoder.layers.3.attentions.1.position_encoder.3.bias - torch.Size([256]): 
The value is the same before and after calling `init_weights` of FUTR3D  

pts_bbox_head.transformer.decoder.layers.3.attentions.1.position_encoder.4.weight - torch.Size([256]): 
The value is the same before and after calling `init_weights` of FUTR3D  

pts_bbox_head.transformer.decoder.layers.3.attentions.1.position_encoder.4.bias - torch.Size([256]): 
The value is the same before and after calling `init_weights` of FUTR3D  

pts_bbox_head.transformer.decoder.layers.3.attentions.1.modality_fusion_layer.0.weight - torch.Size([256, 512]): 
Initialized by user-defined `init_weights` in FUTR3DHead  

pts_bbox_head.transformer.decoder.layers.3.attentions.1.modality_fusion_layer.0.bias - torch.Size([256]): 
The value is the same before and after calling `init_weights` of FUTR3D  

pts_bbox_head.transformer.decoder.layers.3.attentions.1.modality_fusion_layer.1.weight - torch.Size([256]): 
The value is the same before and after calling `init_weights` of FUTR3D  

pts_bbox_head.transformer.decoder.layers.3.attentions.1.modality_fusion_layer.1.bias - torch.Size([256]): 
The value is the same before and after calling `init_weights` of FUTR3D  

pts_bbox_head.transformer.decoder.layers.3.attentions.1.modality_fusion_layer.3.weight - torch.Size([256, 256]): 
Initialized by user-defined `init_weights` in FUTR3DHead  

pts_bbox_head.transformer.decoder.layers.3.attentions.1.modality_fusion_layer.3.bias - torch.Size([256]): 
The value is the same before and after calling `init_weights` of FUTR3D  

pts_bbox_head.transformer.decoder.layers.3.attentions.1.modality_fusion_layer.4.weight - torch.Size([256]): 
The value is the same before and after calling `init_weights` of FUTR3D  

pts_bbox_head.transformer.decoder.layers.3.attentions.1.modality_fusion_layer.4.bias - torch.Size([256]): 
The value is the same before and after calling `init_weights` of FUTR3D  

pts_bbox_head.transformer.decoder.layers.3.ffns.0.layers.0.0.weight - torch.Size([1024, 256]): 
Initialized by user-defined `init_weights` in FUTR3DHead  

pts_bbox_head.transformer.decoder.layers.3.ffns.0.layers.0.0.bias - torch.Size([1024]): 
The value is the same before and after calling `init_weights` of FUTR3D  

pts_bbox_head.transformer.decoder.layers.3.ffns.0.layers.1.weight - torch.Size([256, 1024]): 
Initialized by user-defined `init_weights` in FUTR3DHead  

pts_bbox_head.transformer.decoder.layers.3.ffns.0.layers.1.bias - torch.Size([256]): 
The value is the same before and after calling `init_weights` of FUTR3D  

pts_bbox_head.transformer.decoder.layers.3.norms.0.weight - torch.Size([256]): 
The value is the same before and after calling `init_weights` of FUTR3D  

pts_bbox_head.transformer.decoder.layers.3.norms.0.bias - torch.Size([256]): 
The value is the same before and after calling `init_weights` of FUTR3D  

pts_bbox_head.transformer.decoder.layers.3.norms.1.weight - torch.Size([256]): 
The value is the same before and after calling `init_weights` of FUTR3D  

pts_bbox_head.transformer.decoder.layers.3.norms.1.bias - torch.Size([256]): 
The value is the same before and after calling `init_weights` of FUTR3D  

pts_bbox_head.transformer.decoder.layers.3.norms.2.weight - torch.Size([256]): 
The value is the same before and after calling `init_weights` of FUTR3D  

pts_bbox_head.transformer.decoder.layers.3.norms.2.bias - torch.Size([256]): 
The value is the same before and after calling `init_weights` of FUTR3D  

pts_bbox_head.transformer.decoder.layers.4.attentions.0.attn.in_proj_weight - torch.Size([768, 256]): 
Initialized by user-defined `init_weights` in FUTR3DHead  

pts_bbox_head.transformer.decoder.layers.4.attentions.0.attn.in_proj_bias - torch.Size([768]): 
The value is the same before and after calling `init_weights` of FUTR3D  

pts_bbox_head.transformer.decoder.layers.4.attentions.0.attn.out_proj.weight - torch.Size([256, 256]): 
Initialized by user-defined `init_weights` in FUTR3DHead  

pts_bbox_head.transformer.decoder.layers.4.attentions.0.attn.out_proj.bias - torch.Size([256]): 
The value is the same before and after calling `init_weights` of FUTR3D  

pts_bbox_head.transformer.decoder.layers.4.attentions.1.sampling_offsets.weight - torch.Size([256, 256]): 
Initialized by user-defined `init_weights` in FUTR3DHead  

pts_bbox_head.transformer.decoder.layers.4.attentions.1.sampling_offsets.bias - torch.Size([256]): 
The value is the same before and after calling `init_weights` of FUTR3D  

pts_bbox_head.transformer.decoder.layers.4.attentions.1.attention_weights.weight - torch.Size([128, 256]): 
Initialized by user-defined `init_weights` in FUTR3DHead  

pts_bbox_head.transformer.decoder.layers.4.attentions.1.attention_weights.bias - torch.Size([128]): 
The value is the same before and after calling `init_weights` of FUTR3D  

pts_bbox_head.transformer.decoder.layers.4.attentions.1.value_proj.weight - torch.Size([256, 256]): 
Initialized by user-defined `init_weights` in FUTR3DHead  

pts_bbox_head.transformer.decoder.layers.4.attentions.1.value_proj.bias - torch.Size([256]): 
The value is the same before and after calling `init_weights` of FUTR3D  

pts_bbox_head.transformer.decoder.layers.4.attentions.1.output_proj.weight - torch.Size([256, 256]): 
Initialized by user-defined `init_weights` in FUTR3DHead  

pts_bbox_head.transformer.decoder.layers.4.attentions.1.output_proj.bias - torch.Size([256]): 
The value is the same before and after calling `init_weights` of FUTR3D  

pts_bbox_head.transformer.decoder.layers.4.attentions.1.img_attention_weights.weight - torch.Size([24, 256]): 
Initialized by user-defined `init_weights` in FUTR3DHead  

pts_bbox_head.transformer.decoder.layers.4.attentions.1.img_attention_weights.bias - torch.Size([24]): 
The value is the same before and after calling `init_weights` of FUTR3D  

pts_bbox_head.transformer.decoder.layers.4.attentions.1.img_output_proj.weight - torch.Size([256, 256]): 
Initialized by user-defined `init_weights` in FUTR3DHead  

pts_bbox_head.transformer.decoder.layers.4.attentions.1.img_output_proj.bias - torch.Size([256]): 
The value is the same before and after calling `init_weights` of FUTR3D  

pts_bbox_head.transformer.decoder.layers.4.attentions.1.position_encoder.0.weight - torch.Size([256, 3]): 
Initialized by user-defined `init_weights` in FUTR3DHead  

pts_bbox_head.transformer.decoder.layers.4.attentions.1.position_encoder.0.bias - torch.Size([256]): 
The value is the same before and after calling `init_weights` of FUTR3D  

pts_bbox_head.transformer.decoder.layers.4.attentions.1.position_encoder.1.weight - torch.Size([256]): 
The value is the same before and after calling `init_weights` of FUTR3D  

pts_bbox_head.transformer.decoder.layers.4.attentions.1.position_encoder.1.bias - torch.Size([256]): 
The value is the same before and after calling `init_weights` of FUTR3D  

pts_bbox_head.transformer.decoder.layers.4.attentions.1.position_encoder.3.weight - torch.Size([256, 256]): 
Initialized by user-defined `init_weights` in FUTR3DHead  

pts_bbox_head.transformer.decoder.layers.4.attentions.1.position_encoder.3.bias - torch.Size([256]): 
The value is the same before and after calling `init_weights` of FUTR3D  

pts_bbox_head.transformer.decoder.layers.4.attentions.1.position_encoder.4.weight - torch.Size([256]): 
The value is the same before and after calling `init_weights` of FUTR3D  

pts_bbox_head.transformer.decoder.layers.4.attentions.1.position_encoder.4.bias - torch.Size([256]): 
The value is the same before and after calling `init_weights` of FUTR3D  

pts_bbox_head.transformer.decoder.layers.4.attentions.1.modality_fusion_layer.0.weight - torch.Size([256, 512]): 
Initialized by user-defined `init_weights` in FUTR3DHead  

pts_bbox_head.transformer.decoder.layers.4.attentions.1.modality_fusion_layer.0.bias - torch.Size([256]): 
The value is the same before and after calling `init_weights` of FUTR3D  

pts_bbox_head.transformer.decoder.layers.4.attentions.1.modality_fusion_layer.1.weight - torch.Size([256]): 
The value is the same before and after calling `init_weights` of FUTR3D  

pts_bbox_head.transformer.decoder.layers.4.attentions.1.modality_fusion_layer.1.bias - torch.Size([256]): 
The value is the same before and after calling `init_weights` of FUTR3D  

pts_bbox_head.transformer.decoder.layers.4.attentions.1.modality_fusion_layer.3.weight - torch.Size([256, 256]): 
Initialized by user-defined `init_weights` in FUTR3DHead  

pts_bbox_head.transformer.decoder.layers.4.attentions.1.modality_fusion_layer.3.bias - torch.Size([256]): 
The value is the same before and after calling `init_weights` of FUTR3D  

pts_bbox_head.transformer.decoder.layers.4.attentions.1.modality_fusion_layer.4.weight - torch.Size([256]): 
The value is the same before and after calling `init_weights` of FUTR3D  

pts_bbox_head.transformer.decoder.layers.4.attentions.1.modality_fusion_layer.4.bias - torch.Size([256]): 
The value is the same before and after calling `init_weights` of FUTR3D  

pts_bbox_head.transformer.decoder.layers.4.ffns.0.layers.0.0.weight - torch.Size([1024, 256]): 
Initialized by user-defined `init_weights` in FUTR3DHead  

pts_bbox_head.transformer.decoder.layers.4.ffns.0.layers.0.0.bias - torch.Size([1024]): 
The value is the same before and after calling `init_weights` of FUTR3D  

pts_bbox_head.transformer.decoder.layers.4.ffns.0.layers.1.weight - torch.Size([256, 1024]): 
Initialized by user-defined `init_weights` in FUTR3DHead  

pts_bbox_head.transformer.decoder.layers.4.ffns.0.layers.1.bias - torch.Size([256]): 
The value is the same before and after calling `init_weights` of FUTR3D  

pts_bbox_head.transformer.decoder.layers.4.norms.0.weight - torch.Size([256]): 
The value is the same before and after calling `init_weights` of FUTR3D  

pts_bbox_head.transformer.decoder.layers.4.norms.0.bias - torch.Size([256]): 
The value is the same before and after calling `init_weights` of FUTR3D  

pts_bbox_head.transformer.decoder.layers.4.norms.1.weight - torch.Size([256]): 
The value is the same before and after calling `init_weights` of FUTR3D  

pts_bbox_head.transformer.decoder.layers.4.norms.1.bias - torch.Size([256]): 
The value is the same before and after calling `init_weights` of FUTR3D  

pts_bbox_head.transformer.decoder.layers.4.norms.2.weight - torch.Size([256]): 
The value is the same before and after calling `init_weights` of FUTR3D  

pts_bbox_head.transformer.decoder.layers.4.norms.2.bias - torch.Size([256]): 
The value is the same before and after calling `init_weights` of FUTR3D  

pts_bbox_head.transformer.decoder.layers.5.attentions.0.attn.in_proj_weight - torch.Size([768, 256]): 
Initialized by user-defined `init_weights` in FUTR3DHead  

pts_bbox_head.transformer.decoder.layers.5.attentions.0.attn.in_proj_bias - torch.Size([768]): 
The value is the same before and after calling `init_weights` of FUTR3D  

pts_bbox_head.transformer.decoder.layers.5.attentions.0.attn.out_proj.weight - torch.Size([256, 256]): 
Initialized by user-defined `init_weights` in FUTR3DHead  

pts_bbox_head.transformer.decoder.layers.5.attentions.0.attn.out_proj.bias - torch.Size([256]): 
The value is the same before and after calling `init_weights` of FUTR3D  

pts_bbox_head.transformer.decoder.layers.5.attentions.1.sampling_offsets.weight - torch.Size([256, 256]): 
Initialized by user-defined `init_weights` in FUTR3DHead  

pts_bbox_head.transformer.decoder.layers.5.attentions.1.sampling_offsets.bias - torch.Size([256]): 
The value is the same before and after calling `init_weights` of FUTR3D  

pts_bbox_head.transformer.decoder.layers.5.attentions.1.attention_weights.weight - torch.Size([128, 256]): 
Initialized by user-defined `init_weights` in FUTR3DHead  

pts_bbox_head.transformer.decoder.layers.5.attentions.1.attention_weights.bias - torch.Size([128]): 
The value is the same before and after calling `init_weights` of FUTR3D  

pts_bbox_head.transformer.decoder.layers.5.attentions.1.value_proj.weight - torch.Size([256, 256]): 
Initialized by user-defined `init_weights` in FUTR3DHead  

pts_bbox_head.transformer.decoder.layers.5.attentions.1.value_proj.bias - torch.Size([256]): 
The value is the same before and after calling `init_weights` of FUTR3D  

pts_bbox_head.transformer.decoder.layers.5.attentions.1.output_proj.weight - torch.Size([256, 256]): 
Initialized by user-defined `init_weights` in FUTR3DHead  

pts_bbox_head.transformer.decoder.layers.5.attentions.1.output_proj.bias - torch.Size([256]): 
The value is the same before and after calling `init_weights` of FUTR3D  

pts_bbox_head.transformer.decoder.layers.5.attentions.1.img_attention_weights.weight - torch.Size([24, 256]): 
Initialized by user-defined `init_weights` in FUTR3DHead  

pts_bbox_head.transformer.decoder.layers.5.attentions.1.img_attention_weights.bias - torch.Size([24]): 
The value is the same before and after calling `init_weights` of FUTR3D  

pts_bbox_head.transformer.decoder.layers.5.attentions.1.img_output_proj.weight - torch.Size([256, 256]): 
Initialized by user-defined `init_weights` in FUTR3DHead  

pts_bbox_head.transformer.decoder.layers.5.attentions.1.img_output_proj.bias - torch.Size([256]): 
The value is the same before and after calling `init_weights` of FUTR3D  

pts_bbox_head.transformer.decoder.layers.5.attentions.1.position_encoder.0.weight - torch.Size([256, 3]): 
Initialized by user-defined `init_weights` in FUTR3DHead  

pts_bbox_head.transformer.decoder.layers.5.attentions.1.position_encoder.0.bias - torch.Size([256]): 
The value is the same before and after calling `init_weights` of FUTR3D  

pts_bbox_head.transformer.decoder.layers.5.attentions.1.position_encoder.1.weight - torch.Size([256]): 
The value is the same before and after calling `init_weights` of FUTR3D  

pts_bbox_head.transformer.decoder.layers.5.attentions.1.position_encoder.1.bias - torch.Size([256]): 
The value is the same before and after calling `init_weights` of FUTR3D  

pts_bbox_head.transformer.decoder.layers.5.attentions.1.position_encoder.3.weight - torch.Size([256, 256]): 
Initialized by user-defined `init_weights` in FUTR3DHead  

pts_bbox_head.transformer.decoder.layers.5.attentions.1.position_encoder.3.bias - torch.Size([256]): 
The value is the same before and after calling `init_weights` of FUTR3D  

pts_bbox_head.transformer.decoder.layers.5.attentions.1.position_encoder.4.weight - torch.Size([256]): 
The value is the same before and after calling `init_weights` of FUTR3D  

pts_bbox_head.transformer.decoder.layers.5.attentions.1.position_encoder.4.bias - torch.Size([256]): 
The value is the same before and after calling `init_weights` of FUTR3D  

pts_bbox_head.transformer.decoder.layers.5.attentions.1.modality_fusion_layer.0.weight - torch.Size([256, 512]): 
Initialized by user-defined `init_weights` in FUTR3DHead  

pts_bbox_head.transformer.decoder.layers.5.attentions.1.modality_fusion_layer.0.bias - torch.Size([256]): 
The value is the same before and after calling `init_weights` of FUTR3D  

pts_bbox_head.transformer.decoder.layers.5.attentions.1.modality_fusion_layer.1.weight - torch.Size([256]): 
The value is the same before and after calling `init_weights` of FUTR3D  

pts_bbox_head.transformer.decoder.layers.5.attentions.1.modality_fusion_layer.1.bias - torch.Size([256]): 
The value is the same before and after calling `init_weights` of FUTR3D  

pts_bbox_head.transformer.decoder.layers.5.attentions.1.modality_fusion_layer.3.weight - torch.Size([256, 256]): 
Initialized by user-defined `init_weights` in FUTR3DHead  

pts_bbox_head.transformer.decoder.layers.5.attentions.1.modality_fusion_layer.3.bias - torch.Size([256]): 
The value is the same before and after calling `init_weights` of FUTR3D  

pts_bbox_head.transformer.decoder.layers.5.attentions.1.modality_fusion_layer.4.weight - torch.Size([256]): 
The value is the same before and after calling `init_weights` of FUTR3D  

pts_bbox_head.transformer.decoder.layers.5.attentions.1.modality_fusion_layer.4.bias - torch.Size([256]): 
The value is the same before and after calling `init_weights` of FUTR3D  

pts_bbox_head.transformer.decoder.layers.5.ffns.0.layers.0.0.weight - torch.Size([1024, 256]): 
Initialized by user-defined `init_weights` in FUTR3DHead  

pts_bbox_head.transformer.decoder.layers.5.ffns.0.layers.0.0.bias - torch.Size([1024]): 
The value is the same before and after calling `init_weights` of FUTR3D  

pts_bbox_head.transformer.decoder.layers.5.ffns.0.layers.1.weight - torch.Size([256, 1024]): 
Initialized by user-defined `init_weights` in FUTR3DHead  

pts_bbox_head.transformer.decoder.layers.5.ffns.0.layers.1.bias - torch.Size([256]): 
The value is the same before and after calling `init_weights` of FUTR3D  

pts_bbox_head.transformer.decoder.layers.5.norms.0.weight - torch.Size([256]): 
The value is the same before and after calling `init_weights` of FUTR3D  

pts_bbox_head.transformer.decoder.layers.5.norms.0.bias - torch.Size([256]): 
The value is the same before and after calling `init_weights` of FUTR3D  

pts_bbox_head.transformer.decoder.layers.5.norms.1.weight - torch.Size([256]): 
The value is the same before and after calling `init_weights` of FUTR3D  

pts_bbox_head.transformer.decoder.layers.5.norms.1.bias - torch.Size([256]): 
The value is the same before and after calling `init_weights` of FUTR3D  

pts_bbox_head.transformer.decoder.layers.5.norms.2.weight - torch.Size([256]): 
The value is the same before and after calling `init_weights` of FUTR3D  

pts_bbox_head.transformer.decoder.layers.5.norms.2.bias - torch.Size([256]): 
The value is the same before and after calling `init_weights` of FUTR3D  

pts_bbox_head.transformer.decoder.query_scale.layers.0.weight - torch.Size([256, 256]): 
Initialized by user-defined `init_weights` in FUTR3DHead  

pts_bbox_head.transformer.decoder.query_scale.layers.0.bias - torch.Size([256]): 
The value is the same before and after calling `init_weights` of FUTR3D  

pts_bbox_head.transformer.decoder.query_scale.layers.1.weight - torch.Size([256, 256]): 
Initialized by user-defined `init_weights` in FUTR3DHead  

pts_bbox_head.transformer.decoder.query_scale.layers.1.bias - torch.Size([256]): 
The value is the same before and after calling `init_weights` of FUTR3D  

pts_bbox_head.transformer.decoder.ref_point_head.layers.0.weight - torch.Size([256, 384]): 
Initialized by user-defined `init_weights` in FUTR3DHead  

pts_bbox_head.transformer.decoder.ref_point_head.layers.0.bias - torch.Size([256]): 
The value is the same before and after calling `init_weights` of FUTR3D  

pts_bbox_head.transformer.decoder.ref_point_head.layers.1.weight - torch.Size([256, 256]): 
Initialized by user-defined `init_weights` in FUTR3DHead  

pts_bbox_head.transformer.decoder.ref_point_head.layers.1.bias - torch.Size([256]): 
The value is the same before and after calling `init_weights` of FUTR3D  

pts_bbox_head.cls_branches.0.weight - torch.Size([10, 256]): 
The value is the same before and after calling `init_weights` of FUTR3D  

pts_bbox_head.cls_branches.0.bias - torch.Size([10]): 
Initialized by user-defined `init_weights` in FUTR3DHead  

pts_bbox_head.cls_branches.1.weight - torch.Size([10, 256]): 
The value is the same before and after calling `init_weights` of FUTR3D  

pts_bbox_head.cls_branches.1.bias - torch.Size([10]): 
Initialized by user-defined `init_weights` in FUTR3DHead  

pts_bbox_head.cls_branches.2.weight - torch.Size([10, 256]): 
The value is the same before and after calling `init_weights` of FUTR3D  

pts_bbox_head.cls_branches.2.bias - torch.Size([10]): 
Initialized by user-defined `init_weights` in FUTR3DHead  

pts_bbox_head.cls_branches.3.weight - torch.Size([10, 256]): 
The value is the same before and after calling `init_weights` of FUTR3D  

pts_bbox_head.cls_branches.3.bias - torch.Size([10]): 
Initialized by user-defined `init_weights` in FUTR3DHead  

pts_bbox_head.cls_branches.4.weight - torch.Size([10, 256]): 
The value is the same before and after calling `init_weights` of FUTR3D  

pts_bbox_head.cls_branches.4.bias - torch.Size([10]): 
Initialized by user-defined `init_weights` in FUTR3DHead  

pts_bbox_head.cls_branches.5.weight - torch.Size([10, 256]): 
The value is the same before and after calling `init_weights` of FUTR3D  

pts_bbox_head.cls_branches.5.bias - torch.Size([10]): 
Initialized by user-defined `init_weights` in FUTR3DHead  

pts_bbox_head.reg_branches.0.0.weight - torch.Size([256, 256]): 
The value is the same before and after calling `init_weights` of FUTR3D  

pts_bbox_head.reg_branches.0.0.bias - torch.Size([256]): 
The value is the same before and after calling `init_weights` of FUTR3D  

pts_bbox_head.reg_branches.0.2.weight - torch.Size([256, 256]): 
The value is the same before and after calling `init_weights` of FUTR3D  

pts_bbox_head.reg_branches.0.2.bias - torch.Size([256]): 
The value is the same before and after calling `init_weights` of FUTR3D  

pts_bbox_head.reg_branches.0.4.weight - torch.Size([10, 256]): 
Initialized by user-defined `init_weights` in FUTR3DHead  

pts_bbox_head.reg_branches.0.4.bias - torch.Size([10]): 
Initialized by user-defined `init_weights` in FUTR3DHead  

pts_bbox_head.reg_branches.1.0.weight - torch.Size([256, 256]): 
The value is the same before and after calling `init_weights` of FUTR3D  

pts_bbox_head.reg_branches.1.0.bias - torch.Size([256]): 
The value is the same before and after calling `init_weights` of FUTR3D  

pts_bbox_head.reg_branches.1.2.weight - torch.Size([256, 256]): 
The value is the same before and after calling `init_weights` of FUTR3D  

pts_bbox_head.reg_branches.1.2.bias - torch.Size([256]): 
The value is the same before and after calling `init_weights` of FUTR3D  

pts_bbox_head.reg_branches.1.4.weight - torch.Size([10, 256]): 
Initialized by user-defined `init_weights` in FUTR3DHead  

pts_bbox_head.reg_branches.1.4.bias - torch.Size([10]): 
Initialized by user-defined `init_weights` in FUTR3DHead  

pts_bbox_head.reg_branches.2.0.weight - torch.Size([256, 256]): 
The value is the same before and after calling `init_weights` of FUTR3D  

pts_bbox_head.reg_branches.2.0.bias - torch.Size([256]): 
The value is the same before and after calling `init_weights` of FUTR3D  

pts_bbox_head.reg_branches.2.2.weight - torch.Size([256, 256]): 
The value is the same before and after calling `init_weights` of FUTR3D  

pts_bbox_head.reg_branches.2.2.bias - torch.Size([256]): 
The value is the same before and after calling `init_weights` of FUTR3D  

pts_bbox_head.reg_branches.2.4.weight - torch.Size([10, 256]): 
Initialized by user-defined `init_weights` in FUTR3DHead  

pts_bbox_head.reg_branches.2.4.bias - torch.Size([10]): 
Initialized by user-defined `init_weights` in FUTR3DHead  

pts_bbox_head.reg_branches.3.0.weight - torch.Size([256, 256]): 
The value is the same before and after calling `init_weights` of FUTR3D  

pts_bbox_head.reg_branches.3.0.bias - torch.Size([256]): 
The value is the same before and after calling `init_weights` of FUTR3D  

pts_bbox_head.reg_branches.3.2.weight - torch.Size([256, 256]): 
The value is the same before and after calling `init_weights` of FUTR3D  

pts_bbox_head.reg_branches.3.2.bias - torch.Size([256]): 
The value is the same before and after calling `init_weights` of FUTR3D  

pts_bbox_head.reg_branches.3.4.weight - torch.Size([10, 256]): 
Initialized by user-defined `init_weights` in FUTR3DHead  

pts_bbox_head.reg_branches.3.4.bias - torch.Size([10]): 
Initialized by user-defined `init_weights` in FUTR3DHead  

pts_bbox_head.reg_branches.4.0.weight - torch.Size([256, 256]): 
The value is the same before and after calling `init_weights` of FUTR3D  

pts_bbox_head.reg_branches.4.0.bias - torch.Size([256]): 
The value is the same before and after calling `init_weights` of FUTR3D  

pts_bbox_head.reg_branches.4.2.weight - torch.Size([256, 256]): 
The value is the same before and after calling `init_weights` of FUTR3D  

pts_bbox_head.reg_branches.4.2.bias - torch.Size([256]): 
The value is the same before and after calling `init_weights` of FUTR3D  

pts_bbox_head.reg_branches.4.4.weight - torch.Size([10, 256]): 
Initialized by user-defined `init_weights` in FUTR3DHead  

pts_bbox_head.reg_branches.4.4.bias - torch.Size([10]): 
Initialized by user-defined `init_weights` in FUTR3DHead  

pts_bbox_head.reg_branches.5.0.weight - torch.Size([256, 256]): 
The value is the same before and after calling `init_weights` of FUTR3D  

pts_bbox_head.reg_branches.5.0.bias - torch.Size([256]): 
The value is the same before and after calling `init_weights` of FUTR3D  

pts_bbox_head.reg_branches.5.2.weight - torch.Size([256, 256]): 
The value is the same before and after calling `init_weights` of FUTR3D  

pts_bbox_head.reg_branches.5.2.bias - torch.Size([256]): 
The value is the same before and after calling `init_weights` of FUTR3D  

pts_bbox_head.reg_branches.5.4.weight - torch.Size([10, 256]): 
Initialized by user-defined `init_weights` in FUTR3DHead  

pts_bbox_head.reg_branches.5.4.bias - torch.Size([10]): 
Initialized by user-defined `init_weights` in FUTR3DHead  

pts_bbox_head.tgt_embed.weight - torch.Size([900, 256]): 
The value is the same before and after calling `init_weights` of FUTR3D  

pts_bbox_head.refpoint_embed.weight - torch.Size([900, 3]): 
The value is the same before and after calling `init_weights` of FUTR3D  

img_backbone.conv1.weight - torch.Size([64, 3, 7, 7]): 
KaimingInit: a=0, mode=fan_out, nonlinearity=relu, distribution =normal, bias=0 

img_backbone.bn1.weight - torch.Size([64]): 
The value is the same before and after calling `init_weights` of FUTR3D  

img_backbone.bn1.bias - torch.Size([64]): 
The value is the same before and after calling `init_weights` of FUTR3D  

img_backbone.layer1.0.conv1.weight - torch.Size([64, 64, 1, 1]): 
KaimingInit: a=0, mode=fan_out, nonlinearity=relu, distribution =normal, bias=0 

img_backbone.layer1.0.bn1.weight - torch.Size([64]): 
The value is the same before and after calling `init_weights` of FUTR3D  

img_backbone.layer1.0.bn1.bias - torch.Size([64]): 
The value is the same before and after calling `init_weights` of FUTR3D  

img_backbone.layer1.0.conv2.weight - torch.Size([64, 64, 3, 3]): 
KaimingInit: a=0, mode=fan_out, nonlinearity=relu, distribution =normal, bias=0 

img_backbone.layer1.0.bn2.weight - torch.Size([64]): 
The value is the same before and after calling `init_weights` of FUTR3D  

img_backbone.layer1.0.bn2.bias - torch.Size([64]): 
The value is the same before and after calling `init_weights` of FUTR3D  

img_backbone.layer1.0.conv3.weight - torch.Size([256, 64, 1, 1]): 
KaimingInit: a=0, mode=fan_out, nonlinearity=relu, distribution =normal, bias=0 

img_backbone.layer1.0.bn3.weight - torch.Size([256]): 
ConstantInit: val=0, bias=0 

img_backbone.layer1.0.bn3.bias - torch.Size([256]): 
The value is the same before and after calling `init_weights` of FUTR3D  

img_backbone.layer1.0.downsample.0.weight - torch.Size([256, 64, 1, 1]): 
KaimingInit: a=0, mode=fan_out, nonlinearity=relu, distribution =normal, bias=0 

img_backbone.layer1.0.downsample.1.weight - torch.Size([256]): 
The value is the same before and after calling `init_weights` of FUTR3D  

img_backbone.layer1.0.downsample.1.bias - torch.Size([256]): 
The value is the same before and after calling `init_weights` of FUTR3D  

img_backbone.layer1.1.conv1.weight - torch.Size([64, 256, 1, 1]): 
KaimingInit: a=0, mode=fan_out, nonlinearity=relu, distribution =normal, bias=0 

img_backbone.layer1.1.bn1.weight - torch.Size([64]): 
The value is the same before and after calling `init_weights` of FUTR3D  

img_backbone.layer1.1.bn1.bias - torch.Size([64]): 
The value is the same before and after calling `init_weights` of FUTR3D  

img_backbone.layer1.1.conv2.weight - torch.Size([64, 64, 3, 3]): 
KaimingInit: a=0, mode=fan_out, nonlinearity=relu, distribution =normal, bias=0 

img_backbone.layer1.1.bn2.weight - torch.Size([64]): 
The value is the same before and after calling `init_weights` of FUTR3D  

img_backbone.layer1.1.bn2.bias - torch.Size([64]): 
The value is the same before and after calling `init_weights` of FUTR3D  

img_backbone.layer1.1.conv3.weight - torch.Size([256, 64, 1, 1]): 
KaimingInit: a=0, mode=fan_out, nonlinearity=relu, distribution =normal, bias=0 

img_backbone.layer1.1.bn3.weight - torch.Size([256]): 
ConstantInit: val=0, bias=0 

img_backbone.layer1.1.bn3.bias - torch.Size([256]): 
The value is the same before and after calling `init_weights` of FUTR3D  

img_backbone.layer1.2.conv1.weight - torch.Size([64, 256, 1, 1]): 
KaimingInit: a=0, mode=fan_out, nonlinearity=relu, distribution =normal, bias=0 

img_backbone.layer1.2.bn1.weight - torch.Size([64]): 
The value is the same before and after calling `init_weights` of FUTR3D  

img_backbone.layer1.2.bn1.bias - torch.Size([64]): 
The value is the same before and after calling `init_weights` of FUTR3D  

img_backbone.layer1.2.conv2.weight - torch.Size([64, 64, 3, 3]): 
KaimingInit: a=0, mode=fan_out, nonlinearity=relu, distribution =normal, bias=0 

img_backbone.layer1.2.bn2.weight - torch.Size([64]): 
The value is the same before and after calling `init_weights` of FUTR3D  

img_backbone.layer1.2.bn2.bias - torch.Size([64]): 
The value is the same before and after calling `init_weights` of FUTR3D  

img_backbone.layer1.2.conv3.weight - torch.Size([256, 64, 1, 1]): 
KaimingInit: a=0, mode=fan_out, nonlinearity=relu, distribution =normal, bias=0 

img_backbone.layer1.2.bn3.weight - torch.Size([256]): 
ConstantInit: val=0, bias=0 

img_backbone.layer1.2.bn3.bias - torch.Size([256]): 
The value is the same before and after calling `init_weights` of FUTR3D  

img_backbone.layer2.0.conv1.weight - torch.Size([128, 256, 1, 1]): 
KaimingInit: a=0, mode=fan_out, nonlinearity=relu, distribution =normal, bias=0 

img_backbone.layer2.0.bn1.weight - torch.Size([128]): 
The value is the same before and after calling `init_weights` of FUTR3D  

img_backbone.layer2.0.bn1.bias - torch.Size([128]): 
The value is the same before and after calling `init_weights` of FUTR3D  

img_backbone.layer2.0.conv2.weight - torch.Size([128, 128, 3, 3]): 
KaimingInit: a=0, mode=fan_out, nonlinearity=relu, distribution =normal, bias=0 

img_backbone.layer2.0.bn2.weight - torch.Size([128]): 
The value is the same before and after calling `init_weights` of FUTR3D  

img_backbone.layer2.0.bn2.bias - torch.Size([128]): 
The value is the same before and after calling `init_weights` of FUTR3D  

img_backbone.layer2.0.conv3.weight - torch.Size([512, 128, 1, 1]): 
KaimingInit: a=0, mode=fan_out, nonlinearity=relu, distribution =normal, bias=0 

img_backbone.layer2.0.bn3.weight - torch.Size([512]): 
ConstantInit: val=0, bias=0 

img_backbone.layer2.0.bn3.bias - torch.Size([512]): 
The value is the same before and after calling `init_weights` of FUTR3D  

img_backbone.layer2.0.downsample.0.weight - torch.Size([512, 256, 1, 1]): 
KaimingInit: a=0, mode=fan_out, nonlinearity=relu, distribution =normal, bias=0 

img_backbone.layer2.0.downsample.1.weight - torch.Size([512]): 
The value is the same before and after calling `init_weights` of FUTR3D  

img_backbone.layer2.0.downsample.1.bias - torch.Size([512]): 
The value is the same before and after calling `init_weights` of FUTR3D  

img_backbone.layer2.1.conv1.weight - torch.Size([128, 512, 1, 1]): 
KaimingInit: a=0, mode=fan_out, nonlinearity=relu, distribution =normal, bias=0 

img_backbone.layer2.1.bn1.weight - torch.Size([128]): 
The value is the same before and after calling `init_weights` of FUTR3D  

img_backbone.layer2.1.bn1.bias - torch.Size([128]): 
The value is the same before and after calling `init_weights` of FUTR3D  

img_backbone.layer2.1.conv2.weight - torch.Size([128, 128, 3, 3]): 
KaimingInit: a=0, mode=fan_out, nonlinearity=relu, distribution =normal, bias=0 

img_backbone.layer2.1.bn2.weight - torch.Size([128]): 
The value is the same before and after calling `init_weights` of FUTR3D  

img_backbone.layer2.1.bn2.bias - torch.Size([128]): 
The value is the same before and after calling `init_weights` of FUTR3D  

img_backbone.layer2.1.conv3.weight - torch.Size([512, 128, 1, 1]): 
KaimingInit: a=0, mode=fan_out, nonlinearity=relu, distribution =normal, bias=0 

img_backbone.layer2.1.bn3.weight - torch.Size([512]): 
ConstantInit: val=0, bias=0 

img_backbone.layer2.1.bn3.bias - torch.Size([512]): 
The value is the same before and after calling `init_weights` of FUTR3D  

img_backbone.layer2.2.conv1.weight - torch.Size([128, 512, 1, 1]): 
KaimingInit: a=0, mode=fan_out, nonlinearity=relu, distribution =normal, bias=0 

img_backbone.layer2.2.bn1.weight - torch.Size([128]): 
The value is the same before and after calling `init_weights` of FUTR3D  

img_backbone.layer2.2.bn1.bias - torch.Size([128]): 
The value is the same before and after calling `init_weights` of FUTR3D  

img_backbone.layer2.2.conv2.weight - torch.Size([128, 128, 3, 3]): 
KaimingInit: a=0, mode=fan_out, nonlinearity=relu, distribution =normal, bias=0 

img_backbone.layer2.2.bn2.weight - torch.Size([128]): 
The value is the same before and after calling `init_weights` of FUTR3D  

img_backbone.layer2.2.bn2.bias - torch.Size([128]): 
The value is the same before and after calling `init_weights` of FUTR3D  

img_backbone.layer2.2.conv3.weight - torch.Size([512, 128, 1, 1]): 
KaimingInit: a=0, mode=fan_out, nonlinearity=relu, distribution =normal, bias=0 

img_backbone.layer2.2.bn3.weight - torch.Size([512]): 
ConstantInit: val=0, bias=0 

img_backbone.layer2.2.bn3.bias - torch.Size([512]): 
The value is the same before and after calling `init_weights` of FUTR3D  

img_backbone.layer2.3.conv1.weight - torch.Size([128, 512, 1, 1]): 
KaimingInit: a=0, mode=fan_out, nonlinearity=relu, distribution =normal, bias=0 

img_backbone.layer2.3.bn1.weight - torch.Size([128]): 
The value is the same before and after calling `init_weights` of FUTR3D  

img_backbone.layer2.3.bn1.bias - torch.Size([128]): 
The value is the same before and after calling `init_weights` of FUTR3D  

img_backbone.layer2.3.conv2.weight - torch.Size([128, 128, 3, 3]): 
KaimingInit: a=0, mode=fan_out, nonlinearity=relu, distribution =normal, bias=0 

img_backbone.layer2.3.bn2.weight - torch.Size([128]): 
The value is the same before and after calling `init_weights` of FUTR3D  

img_backbone.layer2.3.bn2.bias - torch.Size([128]): 
The value is the same before and after calling `init_weights` of FUTR3D  

img_backbone.layer2.3.conv3.weight - torch.Size([512, 128, 1, 1]): 
KaimingInit: a=0, mode=fan_out, nonlinearity=relu, distribution =normal, bias=0 

img_backbone.layer2.3.bn3.weight - torch.Size([512]): 
ConstantInit: val=0, bias=0 

img_backbone.layer2.3.bn3.bias - torch.Size([512]): 
The value is the same before and after calling `init_weights` of FUTR3D  

img_backbone.layer3.0.conv1.weight - torch.Size([256, 512, 1, 1]): 
KaimingInit: a=0, mode=fan_out, nonlinearity=relu, distribution =normal, bias=0 

img_backbone.layer3.0.bn1.weight - torch.Size([256]): 
The value is the same before and after calling `init_weights` of FUTR3D  

img_backbone.layer3.0.bn1.bias - torch.Size([256]): 
The value is the same before and after calling `init_weights` of FUTR3D  

img_backbone.layer3.0.conv2.weight - torch.Size([256, 256, 3, 3]): 
Initialized by user-defined `init_weights` in ModulatedDeformConv2dPack  

img_backbone.layer3.0.conv2.conv_offset.weight - torch.Size([27, 256, 3, 3]): 
Initialized by user-defined `init_weights` in ModulatedDeformConv2dPack  

img_backbone.layer3.0.conv2.conv_offset.bias - torch.Size([27]): 
The value is the same before and after calling `init_weights` of FUTR3D  

img_backbone.layer3.0.bn2.weight - torch.Size([256]): 
The value is the same before and after calling `init_weights` of FUTR3D  

img_backbone.layer3.0.bn2.bias - torch.Size([256]): 
The value is the same before and after calling `init_weights` of FUTR3D  

img_backbone.layer3.0.conv3.weight - torch.Size([1024, 256, 1, 1]): 
KaimingInit: a=0, mode=fan_out, nonlinearity=relu, distribution =normal, bias=0 

img_backbone.layer3.0.bn3.weight - torch.Size([1024]): 
ConstantInit: val=0, bias=0 

img_backbone.layer3.0.bn3.bias - torch.Size([1024]): 
The value is the same before and after calling `init_weights` of FUTR3D  

img_backbone.layer3.0.downsample.0.weight - torch.Size([1024, 512, 1, 1]): 
KaimingInit: a=0, mode=fan_out, nonlinearity=relu, distribution =normal, bias=0 

img_backbone.layer3.0.downsample.1.weight - torch.Size([1024]): 
The value is the same before and after calling `init_weights` of FUTR3D  

img_backbone.layer3.0.downsample.1.bias - torch.Size([1024]): 
The value is the same before and after calling `init_weights` of FUTR3D  

img_backbone.layer3.1.conv1.weight - torch.Size([256, 1024, 1, 1]): 
KaimingInit: a=0, mode=fan_out, nonlinearity=relu, distribution =normal, bias=0 

img_backbone.layer3.1.bn1.weight - torch.Size([256]): 
The value is the same before and after calling `init_weights` of FUTR3D  

img_backbone.layer3.1.bn1.bias - torch.Size([256]): 
The value is the same before and after calling `init_weights` of FUTR3D  

img_backbone.layer3.1.conv2.weight - torch.Size([256, 256, 3, 3]): 
Initialized by user-defined `init_weights` in ModulatedDeformConv2dPack  

img_backbone.layer3.1.conv2.conv_offset.weight - torch.Size([27, 256, 3, 3]): 
Initialized by user-defined `init_weights` in ModulatedDeformConv2dPack  

img_backbone.layer3.1.conv2.conv_offset.bias - torch.Size([27]): 
The value is the same before and after calling `init_weights` of FUTR3D  

img_backbone.layer3.1.bn2.weight - torch.Size([256]): 
The value is the same before and after calling `init_weights` of FUTR3D  

img_backbone.layer3.1.bn2.bias - torch.Size([256]): 
The value is the same before and after calling `init_weights` of FUTR3D  

img_backbone.layer3.1.conv3.weight - torch.Size([1024, 256, 1, 1]): 
KaimingInit: a=0, mode=fan_out, nonlinearity=relu, distribution =normal, bias=0 

img_backbone.layer3.1.bn3.weight - torch.Size([1024]): 
ConstantInit: val=0, bias=0 

img_backbone.layer3.1.bn3.bias - torch.Size([1024]): 
The value is the same before and after calling `init_weights` of FUTR3D  

img_backbone.layer3.2.conv1.weight - torch.Size([256, 1024, 1, 1]): 
KaimingInit: a=0, mode=fan_out, nonlinearity=relu, distribution =normal, bias=0 

img_backbone.layer3.2.bn1.weight - torch.Size([256]): 
The value is the same before and after calling `init_weights` of FUTR3D  

img_backbone.layer3.2.bn1.bias - torch.Size([256]): 
The value is the same before and after calling `init_weights` of FUTR3D  

img_backbone.layer3.2.conv2.weight - torch.Size([256, 256, 3, 3]): 
Initialized by user-defined `init_weights` in ModulatedDeformConv2dPack  

img_backbone.layer3.2.conv2.conv_offset.weight - torch.Size([27, 256, 3, 3]): 
Initialized by user-defined `init_weights` in ModulatedDeformConv2dPack  

img_backbone.layer3.2.conv2.conv_offset.bias - torch.Size([27]): 
The value is the same before and after calling `init_weights` of FUTR3D  

img_backbone.layer3.2.bn2.weight - torch.Size([256]): 
The value is the same before and after calling `init_weights` of FUTR3D  

img_backbone.layer3.2.bn2.bias - torch.Size([256]): 
The value is the same before and after calling `init_weights` of FUTR3D  

img_backbone.layer3.2.conv3.weight - torch.Size([1024, 256, 1, 1]): 
KaimingInit: a=0, mode=fan_out, nonlinearity=relu, distribution =normal, bias=0 

img_backbone.layer3.2.bn3.weight - torch.Size([1024]): 
ConstantInit: val=0, bias=0 

img_backbone.layer3.2.bn3.bias - torch.Size([1024]): 
The value is the same before and after calling `init_weights` of FUTR3D  

img_backbone.layer3.3.conv1.weight - torch.Size([256, 1024, 1, 1]): 
KaimingInit: a=0, mode=fan_out, nonlinearity=relu, distribution =normal, bias=0 

img_backbone.layer3.3.bn1.weight - torch.Size([256]): 
The value is the same before and after calling `init_weights` of FUTR3D  

img_backbone.layer3.3.bn1.bias - torch.Size([256]): 
The value is the same before and after calling `init_weights` of FUTR3D  

img_backbone.layer3.3.conv2.weight - torch.Size([256, 256, 3, 3]): 
Initialized by user-defined `init_weights` in ModulatedDeformConv2dPack  

img_backbone.layer3.3.conv2.conv_offset.weight - torch.Size([27, 256, 3, 3]): 
Initialized by user-defined `init_weights` in ModulatedDeformConv2dPack  

img_backbone.layer3.3.conv2.conv_offset.bias - torch.Size([27]): 
The value is the same before and after calling `init_weights` of FUTR3D  

img_backbone.layer3.3.bn2.weight - torch.Size([256]): 
The value is the same before and after calling `init_weights` of FUTR3D  

img_backbone.layer3.3.bn2.bias - torch.Size([256]): 
The value is the same before and after calling `init_weights` of FUTR3D  

img_backbone.layer3.3.conv3.weight - torch.Size([1024, 256, 1, 1]): 
KaimingInit: a=0, mode=fan_out, nonlinearity=relu, distribution =normal, bias=0 

img_backbone.layer3.3.bn3.weight - torch.Size([1024]): 
ConstantInit: val=0, bias=0 

img_backbone.layer3.3.bn3.bias - torch.Size([1024]): 
The value is the same before and after calling `init_weights` of FUTR3D  

img_backbone.layer3.4.conv1.weight - torch.Size([256, 1024, 1, 1]): 
KaimingInit: a=0, mode=fan_out, nonlinearity=relu, distribution =normal, bias=0 

img_backbone.layer3.4.bn1.weight - torch.Size([256]): 
The value is the same before and after calling `init_weights` of FUTR3D  

img_backbone.layer3.4.bn1.bias - torch.Size([256]): 
The value is the same before and after calling `init_weights` of FUTR3D  

img_backbone.layer3.4.conv2.weight - torch.Size([256, 256, 3, 3]): 
Initialized by user-defined `init_weights` in ModulatedDeformConv2dPack  

img_backbone.layer3.4.conv2.conv_offset.weight - torch.Size([27, 256, 3, 3]): 
Initialized by user-defined `init_weights` in ModulatedDeformConv2dPack  

img_backbone.layer3.4.conv2.conv_offset.bias - torch.Size([27]): 
The value is the same before and after calling `init_weights` of FUTR3D  

img_backbone.layer3.4.bn2.weight - torch.Size([256]): 
The value is the same before and after calling `init_weights` of FUTR3D  

img_backbone.layer3.4.bn2.bias - torch.Size([256]): 
The value is the same before and after calling `init_weights` of FUTR3D  

img_backbone.layer3.4.conv3.weight - torch.Size([1024, 256, 1, 1]): 
KaimingInit: a=0, mode=fan_out, nonlinearity=relu, distribution =normal, bias=0 

img_backbone.layer3.4.bn3.weight - torch.Size([1024]): 
ConstantInit: val=0, bias=0 

img_backbone.layer3.4.bn3.bias - torch.Size([1024]): 
The value is the same before and after calling `init_weights` of FUTR3D  

img_backbone.layer3.5.conv1.weight - torch.Size([256, 1024, 1, 1]): 
KaimingInit: a=0, mode=fan_out, nonlinearity=relu, distribution =normal, bias=0 

img_backbone.layer3.5.bn1.weight - torch.Size([256]): 
The value is the same before and after calling `init_weights` of FUTR3D  

img_backbone.layer3.5.bn1.bias - torch.Size([256]): 
The value is the same before and after calling `init_weights` of FUTR3D  

img_backbone.layer3.5.conv2.weight - torch.Size([256, 256, 3, 3]): 
Initialized by user-defined `init_weights` in ModulatedDeformConv2dPack  

img_backbone.layer3.5.conv2.conv_offset.weight - torch.Size([27, 256, 3, 3]): 
Initialized by user-defined `init_weights` in ModulatedDeformConv2dPack  

img_backbone.layer3.5.conv2.conv_offset.bias - torch.Size([27]): 
The value is the same before and after calling `init_weights` of FUTR3D  

img_backbone.layer3.5.bn2.weight - torch.Size([256]): 
The value is the same before and after calling `init_weights` of FUTR3D  

img_backbone.layer3.5.bn2.bias - torch.Size([256]): 
The value is the same before and after calling `init_weights` of FUTR3D  

img_backbone.layer3.5.conv3.weight - torch.Size([1024, 256, 1, 1]): 
KaimingInit: a=0, mode=fan_out, nonlinearity=relu, distribution =normal, bias=0 

img_backbone.layer3.5.bn3.weight - torch.Size([1024]): 
ConstantInit: val=0, bias=0 

img_backbone.layer3.5.bn3.bias - torch.Size([1024]): 
The value is the same before and after calling `init_weights` of FUTR3D  

img_backbone.layer3.6.conv1.weight - torch.Size([256, 1024, 1, 1]): 
KaimingInit: a=0, mode=fan_out, nonlinearity=relu, distribution =normal, bias=0 

img_backbone.layer3.6.bn1.weight - torch.Size([256]): 
The value is the same before and after calling `init_weights` of FUTR3D  

img_backbone.layer3.6.bn1.bias - torch.Size([256]): 
The value is the same before and after calling `init_weights` of FUTR3D  

img_backbone.layer3.6.conv2.weight - torch.Size([256, 256, 3, 3]): 
Initialized by user-defined `init_weights` in ModulatedDeformConv2dPack  

img_backbone.layer3.6.conv2.conv_offset.weight - torch.Size([27, 256, 3, 3]): 
Initialized by user-defined `init_weights` in ModulatedDeformConv2dPack  

img_backbone.layer3.6.conv2.conv_offset.bias - torch.Size([27]): 
The value is the same before and after calling `init_weights` of FUTR3D  

img_backbone.layer3.6.bn2.weight - torch.Size([256]): 
The value is the same before and after calling `init_weights` of FUTR3D  

img_backbone.layer3.6.bn2.bias - torch.Size([256]): 
The value is the same before and after calling `init_weights` of FUTR3D  

img_backbone.layer3.6.conv3.weight - torch.Size([1024, 256, 1, 1]): 
KaimingInit: a=0, mode=fan_out, nonlinearity=relu, distribution =normal, bias=0 

img_backbone.layer3.6.bn3.weight - torch.Size([1024]): 
ConstantInit: val=0, bias=0 

img_backbone.layer3.6.bn3.bias - torch.Size([1024]): 
The value is the same before and after calling `init_weights` of FUTR3D  

img_backbone.layer3.7.conv1.weight - torch.Size([256, 1024, 1, 1]): 
KaimingInit: a=0, mode=fan_out, nonlinearity=relu, distribution =normal, bias=0 

img_backbone.layer3.7.bn1.weight - torch.Size([256]): 
The value is the same before and after calling `init_weights` of FUTR3D  

img_backbone.layer3.7.bn1.bias - torch.Size([256]): 
The value is the same before and after calling `init_weights` of FUTR3D  

img_backbone.layer3.7.conv2.weight - torch.Size([256, 256, 3, 3]): 
Initialized by user-defined `init_weights` in ModulatedDeformConv2dPack  

img_backbone.layer3.7.conv2.conv_offset.weight - torch.Size([27, 256, 3, 3]): 
Initialized by user-defined `init_weights` in ModulatedDeformConv2dPack  

img_backbone.layer3.7.conv2.conv_offset.bias - torch.Size([27]): 
The value is the same before and after calling `init_weights` of FUTR3D  

img_backbone.layer3.7.bn2.weight - torch.Size([256]): 
The value is the same before and after calling `init_weights` of FUTR3D  

img_backbone.layer3.7.bn2.bias - torch.Size([256]): 
The value is the same before and after calling `init_weights` of FUTR3D  

img_backbone.layer3.7.conv3.weight - torch.Size([1024, 256, 1, 1]): 
KaimingInit: a=0, mode=fan_out, nonlinearity=relu, distribution =normal, bias=0 

img_backbone.layer3.7.bn3.weight - torch.Size([1024]): 
ConstantInit: val=0, bias=0 

img_backbone.layer3.7.bn3.bias - torch.Size([1024]): 
The value is the same before and after calling `init_weights` of FUTR3D  

img_backbone.layer3.8.conv1.weight - torch.Size([256, 1024, 1, 1]): 
KaimingInit: a=0, mode=fan_out, nonlinearity=relu, distribution =normal, bias=0 

img_backbone.layer3.8.bn1.weight - torch.Size([256]): 
The value is the same before and after calling `init_weights` of FUTR3D  

img_backbone.layer3.8.bn1.bias - torch.Size([256]): 
The value is the same before and after calling `init_weights` of FUTR3D  

img_backbone.layer3.8.conv2.weight - torch.Size([256, 256, 3, 3]): 
Initialized by user-defined `init_weights` in ModulatedDeformConv2dPack  

img_backbone.layer3.8.conv2.conv_offset.weight - torch.Size([27, 256, 3, 3]): 
Initialized by user-defined `init_weights` in ModulatedDeformConv2dPack  

img_backbone.layer3.8.conv2.conv_offset.bias - torch.Size([27]): 
The value is the same before and after calling `init_weights` of FUTR3D  

img_backbone.layer3.8.bn2.weight - torch.Size([256]): 
The value is the same before and after calling `init_weights` of FUTR3D  

img_backbone.layer3.8.bn2.bias - torch.Size([256]): 
The value is the same before and after calling `init_weights` of FUTR3D  

img_backbone.layer3.8.conv3.weight - torch.Size([1024, 256, 1, 1]): 
KaimingInit: a=0, mode=fan_out, nonlinearity=relu, distribution =normal, bias=0 

img_backbone.layer3.8.bn3.weight - torch.Size([1024]): 
ConstantInit: val=0, bias=0 

img_backbone.layer3.8.bn3.bias - torch.Size([1024]): 
The value is the same before and after calling `init_weights` of FUTR3D  

img_backbone.layer3.9.conv1.weight - torch.Size([256, 1024, 1, 1]): 
KaimingInit: a=0, mode=fan_out, nonlinearity=relu, distribution =normal, bias=0 

img_backbone.layer3.9.bn1.weight - torch.Size([256]): 
The value is the same before and after calling `init_weights` of FUTR3D  

img_backbone.layer3.9.bn1.bias - torch.Size([256]): 
The value is the same before and after calling `init_weights` of FUTR3D  

img_backbone.layer3.9.conv2.weight - torch.Size([256, 256, 3, 3]): 
Initialized by user-defined `init_weights` in ModulatedDeformConv2dPack  

img_backbone.layer3.9.conv2.conv_offset.weight - torch.Size([27, 256, 3, 3]): 
Initialized by user-defined `init_weights` in ModulatedDeformConv2dPack  

img_backbone.layer3.9.conv2.conv_offset.bias - torch.Size([27]): 
The value is the same before and after calling `init_weights` of FUTR3D  

img_backbone.layer3.9.bn2.weight - torch.Size([256]): 
The value is the same before and after calling `init_weights` of FUTR3D  

img_backbone.layer3.9.bn2.bias - torch.Size([256]): 
The value is the same before and after calling `init_weights` of FUTR3D  

img_backbone.layer3.9.conv3.weight - torch.Size([1024, 256, 1, 1]): 
KaimingInit: a=0, mode=fan_out, nonlinearity=relu, distribution =normal, bias=0 

img_backbone.layer3.9.bn3.weight - torch.Size([1024]): 
ConstantInit: val=0, bias=0 

img_backbone.layer3.9.bn3.bias - torch.Size([1024]): 
The value is the same before and after calling `init_weights` of FUTR3D  

img_backbone.layer3.10.conv1.weight - torch.Size([256, 1024, 1, 1]): 
KaimingInit: a=0, mode=fan_out, nonlinearity=relu, distribution =normal, bias=0 

img_backbone.layer3.10.bn1.weight - torch.Size([256]): 
The value is the same before and after calling `init_weights` of FUTR3D  

img_backbone.layer3.10.bn1.bias - torch.Size([256]): 
The value is the same before and after calling `init_weights` of FUTR3D  

img_backbone.layer3.10.conv2.weight - torch.Size([256, 256, 3, 3]): 
Initialized by user-defined `init_weights` in ModulatedDeformConv2dPack  

img_backbone.layer3.10.conv2.conv_offset.weight - torch.Size([27, 256, 3, 3]): 
Initialized by user-defined `init_weights` in ModulatedDeformConv2dPack  

img_backbone.layer3.10.conv2.conv_offset.bias - torch.Size([27]): 
The value is the same before and after calling `init_weights` of FUTR3D  

img_backbone.layer3.10.bn2.weight - torch.Size([256]): 
The value is the same before and after calling `init_weights` of FUTR3D  

img_backbone.layer3.10.bn2.bias - torch.Size([256]): 
The value is the same before and after calling `init_weights` of FUTR3D  

img_backbone.layer3.10.conv3.weight - torch.Size([1024, 256, 1, 1]): 
KaimingInit: a=0, mode=fan_out, nonlinearity=relu, distribution =normal, bias=0 

img_backbone.layer3.10.bn3.weight - torch.Size([1024]): 
ConstantInit: val=0, bias=0 

img_backbone.layer3.10.bn3.bias - torch.Size([1024]): 
The value is the same before and after calling `init_weights` of FUTR3D  

img_backbone.layer3.11.conv1.weight - torch.Size([256, 1024, 1, 1]): 
KaimingInit: a=0, mode=fan_out, nonlinearity=relu, distribution =normal, bias=0 

img_backbone.layer3.11.bn1.weight - torch.Size([256]): 
The value is the same before and after calling `init_weights` of FUTR3D  

img_backbone.layer3.11.bn1.bias - torch.Size([256]): 
The value is the same before and after calling `init_weights` of FUTR3D  

img_backbone.layer3.11.conv2.weight - torch.Size([256, 256, 3, 3]): 
Initialized by user-defined `init_weights` in ModulatedDeformConv2dPack  

img_backbone.layer3.11.conv2.conv_offset.weight - torch.Size([27, 256, 3, 3]): 
Initialized by user-defined `init_weights` in ModulatedDeformConv2dPack  

img_backbone.layer3.11.conv2.conv_offset.bias - torch.Size([27]): 
The value is the same before and after calling `init_weights` of FUTR3D  

img_backbone.layer3.11.bn2.weight - torch.Size([256]): 
The value is the same before and after calling `init_weights` of FUTR3D  

img_backbone.layer3.11.bn2.bias - torch.Size([256]): 
The value is the same before and after calling `init_weights` of FUTR3D  

img_backbone.layer3.11.conv3.weight - torch.Size([1024, 256, 1, 1]): 
KaimingInit: a=0, mode=fan_out, nonlinearity=relu, distribution =normal, bias=0 

img_backbone.layer3.11.bn3.weight - torch.Size([1024]): 
ConstantInit: val=0, bias=0 

img_backbone.layer3.11.bn3.bias - torch.Size([1024]): 
The value is the same before and after calling `init_weights` of FUTR3D  

img_backbone.layer3.12.conv1.weight - torch.Size([256, 1024, 1, 1]): 
KaimingInit: a=0, mode=fan_out, nonlinearity=relu, distribution =normal, bias=0 

img_backbone.layer3.12.bn1.weight - torch.Size([256]): 
The value is the same before and after calling `init_weights` of FUTR3D  

img_backbone.layer3.12.bn1.bias - torch.Size([256]): 
The value is the same before and after calling `init_weights` of FUTR3D  

img_backbone.layer3.12.conv2.weight - torch.Size([256, 256, 3, 3]): 
Initialized by user-defined `init_weights` in ModulatedDeformConv2dPack  

img_backbone.layer3.12.conv2.conv_offset.weight - torch.Size([27, 256, 3, 3]): 
Initialized by user-defined `init_weights` in ModulatedDeformConv2dPack  

img_backbone.layer3.12.conv2.conv_offset.bias - torch.Size([27]): 
The value is the same before and after calling `init_weights` of FUTR3D  

img_backbone.layer3.12.bn2.weight - torch.Size([256]): 
The value is the same before and after calling `init_weights` of FUTR3D  

img_backbone.layer3.12.bn2.bias - torch.Size([256]): 
The value is the same before and after calling `init_weights` of FUTR3D  

img_backbone.layer3.12.conv3.weight - torch.Size([1024, 256, 1, 1]): 
KaimingInit: a=0, mode=fan_out, nonlinearity=relu, distribution =normal, bias=0 

img_backbone.layer3.12.bn3.weight - torch.Size([1024]): 
ConstantInit: val=0, bias=0 

img_backbone.layer3.12.bn3.bias - torch.Size([1024]): 
The value is the same before and after calling `init_weights` of FUTR3D  

img_backbone.layer3.13.conv1.weight - torch.Size([256, 1024, 1, 1]): 
KaimingInit: a=0, mode=fan_out, nonlinearity=relu, distribution =normal, bias=0 

img_backbone.layer3.13.bn1.weight - torch.Size([256]): 
The value is the same before and after calling `init_weights` of FUTR3D  

img_backbone.layer3.13.bn1.bias - torch.Size([256]): 
The value is the same before and after calling `init_weights` of FUTR3D  

img_backbone.layer3.13.conv2.weight - torch.Size([256, 256, 3, 3]): 
Initialized by user-defined `init_weights` in ModulatedDeformConv2dPack  

img_backbone.layer3.13.conv2.conv_offset.weight - torch.Size([27, 256, 3, 3]): 
Initialized by user-defined `init_weights` in ModulatedDeformConv2dPack  

img_backbone.layer3.13.conv2.conv_offset.bias - torch.Size([27]): 
The value is the same before and after calling `init_weights` of FUTR3D  

img_backbone.layer3.13.bn2.weight - torch.Size([256]): 
The value is the same before and after calling `init_weights` of FUTR3D  

img_backbone.layer3.13.bn2.bias - torch.Size([256]): 
The value is the same before and after calling `init_weights` of FUTR3D  

img_backbone.layer3.13.conv3.weight - torch.Size([1024, 256, 1, 1]): 
KaimingInit: a=0, mode=fan_out, nonlinearity=relu, distribution =normal, bias=0 

img_backbone.layer3.13.bn3.weight - torch.Size([1024]): 
ConstantInit: val=0, bias=0 

img_backbone.layer3.13.bn3.bias - torch.Size([1024]): 
The value is the same before and after calling `init_weights` of FUTR3D  

img_backbone.layer3.14.conv1.weight - torch.Size([256, 1024, 1, 1]): 
KaimingInit: a=0, mode=fan_out, nonlinearity=relu, distribution =normal, bias=0 

img_backbone.layer3.14.bn1.weight - torch.Size([256]): 
The value is the same before and after calling `init_weights` of FUTR3D  

img_backbone.layer3.14.bn1.bias - torch.Size([256]): 
The value is the same before and after calling `init_weights` of FUTR3D  

img_backbone.layer3.14.conv2.weight - torch.Size([256, 256, 3, 3]): 
Initialized by user-defined `init_weights` in ModulatedDeformConv2dPack  

img_backbone.layer3.14.conv2.conv_offset.weight - torch.Size([27, 256, 3, 3]): 
Initialized by user-defined `init_weights` in ModulatedDeformConv2dPack  

img_backbone.layer3.14.conv2.conv_offset.bias - torch.Size([27]): 
The value is the same before and after calling `init_weights` of FUTR3D  

img_backbone.layer3.14.bn2.weight - torch.Size([256]): 
The value is the same before and after calling `init_weights` of FUTR3D  

img_backbone.layer3.14.bn2.bias - torch.Size([256]): 
The value is the same before and after calling `init_weights` of FUTR3D  

img_backbone.layer3.14.conv3.weight - torch.Size([1024, 256, 1, 1]): 
KaimingInit: a=0, mode=fan_out, nonlinearity=relu, distribution =normal, bias=0 

img_backbone.layer3.14.bn3.weight - torch.Size([1024]): 
ConstantInit: val=0, bias=0 

img_backbone.layer3.14.bn3.bias - torch.Size([1024]): 
The value is the same before and after calling `init_weights` of FUTR3D  

img_backbone.layer3.15.conv1.weight - torch.Size([256, 1024, 1, 1]): 
KaimingInit: a=0, mode=fan_out, nonlinearity=relu, distribution =normal, bias=0 

img_backbone.layer3.15.bn1.weight - torch.Size([256]): 
The value is the same before and after calling `init_weights` of FUTR3D  

img_backbone.layer3.15.bn1.bias - torch.Size([256]): 
The value is the same before and after calling `init_weights` of FUTR3D  

img_backbone.layer3.15.conv2.weight - torch.Size([256, 256, 3, 3]): 
Initialized by user-defined `init_weights` in ModulatedDeformConv2dPack  

img_backbone.layer3.15.conv2.conv_offset.weight - torch.Size([27, 256, 3, 3]): 
Initialized by user-defined `init_weights` in ModulatedDeformConv2dPack  

img_backbone.layer3.15.conv2.conv_offset.bias - torch.Size([27]): 
The value is the same before and after calling `init_weights` of FUTR3D  

img_backbone.layer3.15.bn2.weight - torch.Size([256]): 
The value is the same before and after calling `init_weights` of FUTR3D  

img_backbone.layer3.15.bn2.bias - torch.Size([256]): 
The value is the same before and after calling `init_weights` of FUTR3D  

img_backbone.layer3.15.conv3.weight - torch.Size([1024, 256, 1, 1]): 
KaimingInit: a=0, mode=fan_out, nonlinearity=relu, distribution =normal, bias=0 

img_backbone.layer3.15.bn3.weight - torch.Size([1024]): 
ConstantInit: val=0, bias=0 

img_backbone.layer3.15.bn3.bias - torch.Size([1024]): 
The value is the same before and after calling `init_weights` of FUTR3D  

img_backbone.layer3.16.conv1.weight - torch.Size([256, 1024, 1, 1]): 
KaimingInit: a=0, mode=fan_out, nonlinearity=relu, distribution =normal, bias=0 

img_backbone.layer3.16.bn1.weight - torch.Size([256]): 
The value is the same before and after calling `init_weights` of FUTR3D  

img_backbone.layer3.16.bn1.bias - torch.Size([256]): 
The value is the same before and after calling `init_weights` of FUTR3D  

img_backbone.layer3.16.conv2.weight - torch.Size([256, 256, 3, 3]): 
Initialized by user-defined `init_weights` in ModulatedDeformConv2dPack  

img_backbone.layer3.16.conv2.conv_offset.weight - torch.Size([27, 256, 3, 3]): 
Initialized by user-defined `init_weights` in ModulatedDeformConv2dPack  

img_backbone.layer3.16.conv2.conv_offset.bias - torch.Size([27]): 
The value is the same before and after calling `init_weights` of FUTR3D  

img_backbone.layer3.16.bn2.weight - torch.Size([256]): 
The value is the same before and after calling `init_weights` of FUTR3D  

img_backbone.layer3.16.bn2.bias - torch.Size([256]): 
The value is the same before and after calling `init_weights` of FUTR3D  

img_backbone.layer3.16.conv3.weight - torch.Size([1024, 256, 1, 1]): 
KaimingInit: a=0, mode=fan_out, nonlinearity=relu, distribution =normal, bias=0 

img_backbone.layer3.16.bn3.weight - torch.Size([1024]): 
ConstantInit: val=0, bias=0 

img_backbone.layer3.16.bn3.bias - torch.Size([1024]): 
The value is the same before and after calling `init_weights` of FUTR3D  

img_backbone.layer3.17.conv1.weight - torch.Size([256, 1024, 1, 1]): 
KaimingInit: a=0, mode=fan_out, nonlinearity=relu, distribution =normal, bias=0 

img_backbone.layer3.17.bn1.weight - torch.Size([256]): 
The value is the same before and after calling `init_weights` of FUTR3D  

img_backbone.layer3.17.bn1.bias - torch.Size([256]): 
The value is the same before and after calling `init_weights` of FUTR3D  

img_backbone.layer3.17.conv2.weight - torch.Size([256, 256, 3, 3]): 
Initialized by user-defined `init_weights` in ModulatedDeformConv2dPack  

img_backbone.layer3.17.conv2.conv_offset.weight - torch.Size([27, 256, 3, 3]): 
Initialized by user-defined `init_weights` in ModulatedDeformConv2dPack  

img_backbone.layer3.17.conv2.conv_offset.bias - torch.Size([27]): 
The value is the same before and after calling `init_weights` of FUTR3D  

img_backbone.layer3.17.bn2.weight - torch.Size([256]): 
The value is the same before and after calling `init_weights` of FUTR3D  

img_backbone.layer3.17.bn2.bias - torch.Size([256]): 
The value is the same before and after calling `init_weights` of FUTR3D  

img_backbone.layer3.17.conv3.weight - torch.Size([1024, 256, 1, 1]): 
KaimingInit: a=0, mode=fan_out, nonlinearity=relu, distribution =normal, bias=0 

img_backbone.layer3.17.bn3.weight - torch.Size([1024]): 
ConstantInit: val=0, bias=0 

img_backbone.layer3.17.bn3.bias - torch.Size([1024]): 
The value is the same before and after calling `init_weights` of FUTR3D  

img_backbone.layer3.18.conv1.weight - torch.Size([256, 1024, 1, 1]): 
KaimingInit: a=0, mode=fan_out, nonlinearity=relu, distribution =normal, bias=0 

img_backbone.layer3.18.bn1.weight - torch.Size([256]): 
The value is the same before and after calling `init_weights` of FUTR3D  

img_backbone.layer3.18.bn1.bias - torch.Size([256]): 
The value is the same before and after calling `init_weights` of FUTR3D  

img_backbone.layer3.18.conv2.weight - torch.Size([256, 256, 3, 3]): 
Initialized by user-defined `init_weights` in ModulatedDeformConv2dPack  

img_backbone.layer3.18.conv2.conv_offset.weight - torch.Size([27, 256, 3, 3]): 
Initialized by user-defined `init_weights` in ModulatedDeformConv2dPack  

img_backbone.layer3.18.conv2.conv_offset.bias - torch.Size([27]): 
The value is the same before and after calling `init_weights` of FUTR3D  

img_backbone.layer3.18.bn2.weight - torch.Size([256]): 
The value is the same before and after calling `init_weights` of FUTR3D  

img_backbone.layer3.18.bn2.bias - torch.Size([256]): 
The value is the same before and after calling `init_weights` of FUTR3D  

img_backbone.layer3.18.conv3.weight - torch.Size([1024, 256, 1, 1]): 
KaimingInit: a=0, mode=fan_out, nonlinearity=relu, distribution =normal, bias=0 

img_backbone.layer3.18.bn3.weight - torch.Size([1024]): 
ConstantInit: val=0, bias=0 

img_backbone.layer3.18.bn3.bias - torch.Size([1024]): 
The value is the same before and after calling `init_weights` of FUTR3D  

img_backbone.layer3.19.conv1.weight - torch.Size([256, 1024, 1, 1]): 
KaimingInit: a=0, mode=fan_out, nonlinearity=relu, distribution =normal, bias=0 

img_backbone.layer3.19.bn1.weight - torch.Size([256]): 
The value is the same before and after calling `init_weights` of FUTR3D  

img_backbone.layer3.19.bn1.bias - torch.Size([256]): 
The value is the same before and after calling `init_weights` of FUTR3D  

img_backbone.layer3.19.conv2.weight - torch.Size([256, 256, 3, 3]): 
Initialized by user-defined `init_weights` in ModulatedDeformConv2dPack  

img_backbone.layer3.19.conv2.conv_offset.weight - torch.Size([27, 256, 3, 3]): 
Initialized by user-defined `init_weights` in ModulatedDeformConv2dPack  

img_backbone.layer3.19.conv2.conv_offset.bias - torch.Size([27]): 
The value is the same before and after calling `init_weights` of FUTR3D  

img_backbone.layer3.19.bn2.weight - torch.Size([256]): 
The value is the same before and after calling `init_weights` of FUTR3D  

img_backbone.layer3.19.bn2.bias - torch.Size([256]): 
The value is the same before and after calling `init_weights` of FUTR3D  

img_backbone.layer3.19.conv3.weight - torch.Size([1024, 256, 1, 1]): 
KaimingInit: a=0, mode=fan_out, nonlinearity=relu, distribution =normal, bias=0 

img_backbone.layer3.19.bn3.weight - torch.Size([1024]): 
ConstantInit: val=0, bias=0 

img_backbone.layer3.19.bn3.bias - torch.Size([1024]): 
The value is the same before and after calling `init_weights` of FUTR3D  

img_backbone.layer3.20.conv1.weight - torch.Size([256, 1024, 1, 1]): 
KaimingInit: a=0, mode=fan_out, nonlinearity=relu, distribution =normal, bias=0 

img_backbone.layer3.20.bn1.weight - torch.Size([256]): 
The value is the same before and after calling `init_weights` of FUTR3D  

img_backbone.layer3.20.bn1.bias - torch.Size([256]): 
The value is the same before and after calling `init_weights` of FUTR3D  

img_backbone.layer3.20.conv2.weight - torch.Size([256, 256, 3, 3]): 
Initialized by user-defined `init_weights` in ModulatedDeformConv2dPack  

img_backbone.layer3.20.conv2.conv_offset.weight - torch.Size([27, 256, 3, 3]): 
Initialized by user-defined `init_weights` in ModulatedDeformConv2dPack  

img_backbone.layer3.20.conv2.conv_offset.bias - torch.Size([27]): 
The value is the same before and after calling `init_weights` of FUTR3D  

img_backbone.layer3.20.bn2.weight - torch.Size([256]): 
The value is the same before and after calling `init_weights` of FUTR3D  

img_backbone.layer3.20.bn2.bias - torch.Size([256]): 
The value is the same before and after calling `init_weights` of FUTR3D  

img_backbone.layer3.20.conv3.weight - torch.Size([1024, 256, 1, 1]): 
KaimingInit: a=0, mode=fan_out, nonlinearity=relu, distribution =normal, bias=0 

img_backbone.layer3.20.bn3.weight - torch.Size([1024]): 
ConstantInit: val=0, bias=0 

img_backbone.layer3.20.bn3.bias - torch.Size([1024]): 
The value is the same before and after calling `init_weights` of FUTR3D  

img_backbone.layer3.21.conv1.weight - torch.Size([256, 1024, 1, 1]): 
KaimingInit: a=0, mode=fan_out, nonlinearity=relu, distribution =normal, bias=0 

img_backbone.layer3.21.bn1.weight - torch.Size([256]): 
The value is the same before and after calling `init_weights` of FUTR3D  

img_backbone.layer3.21.bn1.bias - torch.Size([256]): 
The value is the same before and after calling `init_weights` of FUTR3D  

img_backbone.layer3.21.conv2.weight - torch.Size([256, 256, 3, 3]): 
Initialized by user-defined `init_weights` in ModulatedDeformConv2dPack  

img_backbone.layer3.21.conv2.conv_offset.weight - torch.Size([27, 256, 3, 3]): 
Initialized by user-defined `init_weights` in ModulatedDeformConv2dPack  

img_backbone.layer3.21.conv2.conv_offset.bias - torch.Size([27]): 
The value is the same before and after calling `init_weights` of FUTR3D  

img_backbone.layer3.21.bn2.weight - torch.Size([256]): 
The value is the same before and after calling `init_weights` of FUTR3D  

img_backbone.layer3.21.bn2.bias - torch.Size([256]): 
The value is the same before and after calling `init_weights` of FUTR3D  

img_backbone.layer3.21.conv3.weight - torch.Size([1024, 256, 1, 1]): 
KaimingInit: a=0, mode=fan_out, nonlinearity=relu, distribution =normal, bias=0 

img_backbone.layer3.21.bn3.weight - torch.Size([1024]): 
ConstantInit: val=0, bias=0 

img_backbone.layer3.21.bn3.bias - torch.Size([1024]): 
The value is the same before and after calling `init_weights` of FUTR3D  

img_backbone.layer3.22.conv1.weight - torch.Size([256, 1024, 1, 1]): 
KaimingInit: a=0, mode=fan_out, nonlinearity=relu, distribution =normal, bias=0 

img_backbone.layer3.22.bn1.weight - torch.Size([256]): 
The value is the same before and after calling `init_weights` of FUTR3D  

img_backbone.layer3.22.bn1.bias - torch.Size([256]): 
The value is the same before and after calling `init_weights` of FUTR3D  

img_backbone.layer3.22.conv2.weight - torch.Size([256, 256, 3, 3]): 
Initialized by user-defined `init_weights` in ModulatedDeformConv2dPack  

img_backbone.layer3.22.conv2.conv_offset.weight - torch.Size([27, 256, 3, 3]): 
Initialized by user-defined `init_weights` in ModulatedDeformConv2dPack  

img_backbone.layer3.22.conv2.conv_offset.bias - torch.Size([27]): 
The value is the same before and after calling `init_weights` of FUTR3D  

img_backbone.layer3.22.bn2.weight - torch.Size([256]): 
The value is the same before and after calling `init_weights` of FUTR3D  

img_backbone.layer3.22.bn2.bias - torch.Size([256]): 
The value is the same before and after calling `init_weights` of FUTR3D  

img_backbone.layer3.22.conv3.weight - torch.Size([1024, 256, 1, 1]): 
KaimingInit: a=0, mode=fan_out, nonlinearity=relu, distribution =normal, bias=0 

img_backbone.layer3.22.bn3.weight - torch.Size([1024]): 
ConstantInit: val=0, bias=0 

img_backbone.layer3.22.bn3.bias - torch.Size([1024]): 
The value is the same before and after calling `init_weights` of FUTR3D  

img_backbone.layer4.0.conv1.weight - torch.Size([512, 1024, 1, 1]): 
KaimingInit: a=0, mode=fan_out, nonlinearity=relu, distribution =normal, bias=0 

img_backbone.layer4.0.bn1.weight - torch.Size([512]): 
The value is the same before and after calling `init_weights` of FUTR3D  

img_backbone.layer4.0.bn1.bias - torch.Size([512]): 
The value is the same before and after calling `init_weights` of FUTR3D  

img_backbone.layer4.0.conv2.weight - torch.Size([512, 512, 3, 3]): 
Initialized by user-defined `init_weights` in ModulatedDeformConv2dPack  

img_backbone.layer4.0.conv2.conv_offset.weight - torch.Size([27, 512, 3, 3]): 
Initialized by user-defined `init_weights` in ModulatedDeformConv2dPack  

img_backbone.layer4.0.conv2.conv_offset.bias - torch.Size([27]): 
The value is the same before and after calling `init_weights` of FUTR3D  

img_backbone.layer4.0.bn2.weight - torch.Size([512]): 
The value is the same before and after calling `init_weights` of FUTR3D  

img_backbone.layer4.0.bn2.bias - torch.Size([512]): 
The value is the same before and after calling `init_weights` of FUTR3D  

img_backbone.layer4.0.conv3.weight - torch.Size([2048, 512, 1, 1]): 
KaimingInit: a=0, mode=fan_out, nonlinearity=relu, distribution =normal, bias=0 

img_backbone.layer4.0.bn3.weight - torch.Size([2048]): 
ConstantInit: val=0, bias=0 

img_backbone.layer4.0.bn3.bias - torch.Size([2048]): 
The value is the same before and after calling `init_weights` of FUTR3D  

img_backbone.layer4.0.downsample.0.weight - torch.Size([2048, 1024, 1, 1]): 
KaimingInit: a=0, mode=fan_out, nonlinearity=relu, distribution =normal, bias=0 

img_backbone.layer4.0.downsample.1.weight - torch.Size([2048]): 
The value is the same before and after calling `init_weights` of FUTR3D  

img_backbone.layer4.0.downsample.1.bias - torch.Size([2048]): 
The value is the same before and after calling `init_weights` of FUTR3D  

img_backbone.layer4.1.conv1.weight - torch.Size([512, 2048, 1, 1]): 
KaimingInit: a=0, mode=fan_out, nonlinearity=relu, distribution =normal, bias=0 

img_backbone.layer4.1.bn1.weight - torch.Size([512]): 
The value is the same before and after calling `init_weights` of FUTR3D  

img_backbone.layer4.1.bn1.bias - torch.Size([512]): 
The value is the same before and after calling `init_weights` of FUTR3D  

img_backbone.layer4.1.conv2.weight - torch.Size([512, 512, 3, 3]): 
Initialized by user-defined `init_weights` in ModulatedDeformConv2dPack  

img_backbone.layer4.1.conv2.conv_offset.weight - torch.Size([27, 512, 3, 3]): 
Initialized by user-defined `init_weights` in ModulatedDeformConv2dPack  

img_backbone.layer4.1.conv2.conv_offset.bias - torch.Size([27]): 
The value is the same before and after calling `init_weights` of FUTR3D  

img_backbone.layer4.1.bn2.weight - torch.Size([512]): 
The value is the same before and after calling `init_weights` of FUTR3D  

img_backbone.layer4.1.bn2.bias - torch.Size([512]): 
The value is the same before and after calling `init_weights` of FUTR3D  

img_backbone.layer4.1.conv3.weight - torch.Size([2048, 512, 1, 1]): 
KaimingInit: a=0, mode=fan_out, nonlinearity=relu, distribution =normal, bias=0 

img_backbone.layer4.1.bn3.weight - torch.Size([2048]): 
ConstantInit: val=0, bias=0 

img_backbone.layer4.1.bn3.bias - torch.Size([2048]): 
The value is the same before and after calling `init_weights` of FUTR3D  

img_backbone.layer4.2.conv1.weight - torch.Size([512, 2048, 1, 1]): 
KaimingInit: a=0, mode=fan_out, nonlinearity=relu, distribution =normal, bias=0 

img_backbone.layer4.2.bn1.weight - torch.Size([512]): 
The value is the same before and after calling `init_weights` of FUTR3D  

img_backbone.layer4.2.bn1.bias - torch.Size([512]): 
The value is the same before and after calling `init_weights` of FUTR3D  

img_backbone.layer4.2.conv2.weight - torch.Size([512, 512, 3, 3]): 
Initialized by user-defined `init_weights` in ModulatedDeformConv2dPack  

img_backbone.layer4.2.conv2.conv_offset.weight - torch.Size([27, 512, 3, 3]): 
Initialized by user-defined `init_weights` in ModulatedDeformConv2dPack  

img_backbone.layer4.2.conv2.conv_offset.bias - torch.Size([27]): 
The value is the same before and after calling `init_weights` of FUTR3D  

img_backbone.layer4.2.bn2.weight - torch.Size([512]): 
The value is the same before and after calling `init_weights` of FUTR3D  

img_backbone.layer4.2.bn2.bias - torch.Size([512]): 
The value is the same before and after calling `init_weights` of FUTR3D  

img_backbone.layer4.2.conv3.weight - torch.Size([2048, 512, 1, 1]): 
KaimingInit: a=0, mode=fan_out, nonlinearity=relu, distribution =normal, bias=0 

img_backbone.layer4.2.bn3.weight - torch.Size([2048]): 
ConstantInit: val=0, bias=0 

img_backbone.layer4.2.bn3.bias - torch.Size([2048]): 
The value is the same before and after calling `init_weights` of FUTR3D  

img_neck.lateral_convs.0.conv.weight - torch.Size([256, 512, 1, 1]): 
XavierInit: gain=1, distribution=uniform, bias=0 

img_neck.lateral_convs.0.conv.bias - torch.Size([256]): 
The value is the same before and after calling `init_weights` of FUTR3D  

img_neck.lateral_convs.1.conv.weight - torch.Size([256, 1024, 1, 1]): 
XavierInit: gain=1, distribution=uniform, bias=0 

img_neck.lateral_convs.1.conv.bias - torch.Size([256]): 
The value is the same before and after calling `init_weights` of FUTR3D  

img_neck.lateral_convs.2.conv.weight - torch.Size([256, 2048, 1, 1]): 
XavierInit: gain=1, distribution=uniform, bias=0 

img_neck.lateral_convs.2.conv.bias - torch.Size([256]): 
The value is the same before and after calling `init_weights` of FUTR3D  

img_neck.fpn_convs.0.conv.weight - torch.Size([256, 256, 3, 3]): 
XavierInit: gain=1, distribution=uniform, bias=0 

img_neck.fpn_convs.0.conv.bias - torch.Size([256]): 
The value is the same before and after calling `init_weights` of FUTR3D  

img_neck.fpn_convs.1.conv.weight - torch.Size([256, 256, 3, 3]): 
XavierInit: gain=1, distribution=uniform, bias=0 

img_neck.fpn_convs.1.conv.bias - torch.Size([256]): 
The value is the same before and after calling `init_weights` of FUTR3D  

img_neck.fpn_convs.2.conv.weight - torch.Size([256, 256, 3, 3]): 
XavierInit: gain=1, distribution=uniform, bias=0 

img_neck.fpn_convs.2.conv.bias - torch.Size([256]): 
The value is the same before and after calling `init_weights` of FUTR3D  

img_neck.fpn_convs.3.conv.weight - torch.Size([256, 256, 3, 3]): 
XavierInit: gain=1, distribution=uniform, bias=0 

img_neck.fpn_convs.3.conv.bias - torch.Size([256]): 
The value is the same before and after calling `init_weights` of FUTR3D  
2025-06-25 02:21:01,606 - mmdet - INFO - 使用SyncBN
2025-06-25 02:22:09,615 - mmdet - INFO - load checkpoint from local path: pretrained/lidar_0075_cam_res101_900q_fused.pth
2025-06-25 02:22:09,978 - mmdet - WARNING - The model and loaded state dict do not match exactly

unexpected key in source state_dict: pts_bbox_head.code_weights, pts_bbox_head.query_embedding.weight, pts_bbox_head.aux_head.shared_conv.conv.weight, pts_bbox_head.aux_head.shared_conv.bn.weight, pts_bbox_head.aux_head.shared_conv.bn.bias, pts_bbox_head.aux_head.shared_conv.bn.running_mean, pts_bbox_head.aux_head.shared_conv.bn.running_var, pts_bbox_head.aux_head.shared_conv.bn.num_batches_tracked, pts_bbox_head.aux_head.task_heads.0.reg.0.conv.weight, pts_bbox_head.aux_head.task_heads.0.reg.0.bn.weight, pts_bbox_head.aux_head.task_heads.0.reg.0.bn.bias, pts_bbox_head.aux_head.task_heads.0.reg.0.bn.running_mean, pts_bbox_head.aux_head.task_heads.0.reg.0.bn.running_var, pts_bbox_head.aux_head.task_heads.0.reg.0.bn.num_batches_tracked, pts_bbox_head.aux_head.task_heads.0.reg.1.weight, pts_bbox_head.aux_head.task_heads.0.reg.1.bias, pts_bbox_head.aux_head.task_heads.0.height.0.conv.weight, pts_bbox_head.aux_head.task_heads.0.height.0.bn.weight, pts_bbox_head.aux_head.task_heads.0.height.0.bn.bias, pts_bbox_head.aux_head.task_heads.0.height.0.bn.running_mean, pts_bbox_head.aux_head.task_heads.0.height.0.bn.running_var, pts_bbox_head.aux_head.task_heads.0.height.0.bn.num_batches_tracked, pts_bbox_head.aux_head.task_heads.0.height.1.weight, pts_bbox_head.aux_head.task_heads.0.height.1.bias, pts_bbox_head.aux_head.task_heads.0.dim.0.conv.weight, pts_bbox_head.aux_head.task_heads.0.dim.0.bn.weight, pts_bbox_head.aux_head.task_heads.0.dim.0.bn.bias, pts_bbox_head.aux_head.task_heads.0.dim.0.bn.running_mean, pts_bbox_head.aux_head.task_heads.0.dim.0.bn.running_var, pts_bbox_head.aux_head.task_heads.0.dim.0.bn.num_batches_tracked, pts_bbox_head.aux_head.task_heads.0.dim.1.weight, pts_bbox_head.aux_head.task_heads.0.dim.1.bias, pts_bbox_head.aux_head.task_heads.0.rot.0.conv.weight, pts_bbox_head.aux_head.task_heads.0.rot.0.bn.weight, pts_bbox_head.aux_head.task_heads.0.rot.0.bn.bias, pts_bbox_head.aux_head.task_heads.0.rot.0.bn.running_mean, pts_bbox_head.aux_head.task_heads.0.rot.0.bn.running_var, pts_bbox_head.aux_head.task_heads.0.rot.0.bn.num_batches_tracked, pts_bbox_head.aux_head.task_heads.0.rot.1.weight, pts_bbox_head.aux_head.task_heads.0.rot.1.bias, pts_bbox_head.aux_head.task_heads.0.vel.0.conv.weight, pts_bbox_head.aux_head.task_heads.0.vel.0.bn.weight, pts_bbox_head.aux_head.task_heads.0.vel.0.bn.bias, pts_bbox_head.aux_head.task_heads.0.vel.0.bn.running_mean, pts_bbox_head.aux_head.task_heads.0.vel.0.bn.running_var, pts_bbox_head.aux_head.task_heads.0.vel.0.bn.num_batches_tracked, pts_bbox_head.aux_head.task_heads.0.vel.1.weight, pts_bbox_head.aux_head.task_heads.0.vel.1.bias, pts_bbox_head.aux_head.task_heads.0.heatmap.0.conv.weight, pts_bbox_head.aux_head.task_heads.0.heatmap.0.bn.weight, pts_bbox_head.aux_head.task_heads.0.heatmap.0.bn.bias, pts_bbox_head.aux_head.task_heads.0.heatmap.0.bn.running_mean, pts_bbox_head.aux_head.task_heads.0.heatmap.0.bn.running_var, pts_bbox_head.aux_head.task_heads.0.heatmap.0.bn.num_batches_tracked, pts_bbox_head.aux_head.task_heads.0.heatmap.1.weight, pts_bbox_head.aux_head.task_heads.0.heatmap.1.bias, pts_bbox_head.aux_head.task_heads.1.reg.0.conv.weight, pts_bbox_head.aux_head.task_heads.1.reg.0.bn.weight, pts_bbox_head.aux_head.task_heads.1.reg.0.bn.bias, pts_bbox_head.aux_head.task_heads.1.reg.0.bn.running_mean, pts_bbox_head.aux_head.task_heads.1.reg.0.bn.running_var, pts_bbox_head.aux_head.task_heads.1.reg.0.bn.num_batches_tracked, pts_bbox_head.aux_head.task_heads.1.reg.1.weight, pts_bbox_head.aux_head.task_heads.1.reg.1.bias, pts_bbox_head.aux_head.task_heads.1.height.0.conv.weight, pts_bbox_head.aux_head.task_heads.1.height.0.bn.weight, pts_bbox_head.aux_head.task_heads.1.height.0.bn.bias, pts_bbox_head.aux_head.task_heads.1.height.0.bn.running_mean, pts_bbox_head.aux_head.task_heads.1.height.0.bn.running_var, pts_bbox_head.aux_head.task_heads.1.height.0.bn.num_batches_tracked, pts_bbox_head.aux_head.task_heads.1.height.1.weight, pts_bbox_head.aux_head.task_heads.1.height.1.bias, pts_bbox_head.aux_head.task_heads.1.dim.0.conv.weight, pts_bbox_head.aux_head.task_heads.1.dim.0.bn.weight, pts_bbox_head.aux_head.task_heads.1.dim.0.bn.bias, pts_bbox_head.aux_head.task_heads.1.dim.0.bn.running_mean, pts_bbox_head.aux_head.task_heads.1.dim.0.bn.running_var, pts_bbox_head.aux_head.task_heads.1.dim.0.bn.num_batches_tracked, pts_bbox_head.aux_head.task_heads.1.dim.1.weight, pts_bbox_head.aux_head.task_heads.1.dim.1.bias, pts_bbox_head.aux_head.task_heads.1.rot.0.conv.weight, pts_bbox_head.aux_head.task_heads.1.rot.0.bn.weight, pts_bbox_head.aux_head.task_heads.1.rot.0.bn.bias, pts_bbox_head.aux_head.task_heads.1.rot.0.bn.running_mean, pts_bbox_head.aux_head.task_heads.1.rot.0.bn.running_var, pts_bbox_head.aux_head.task_heads.1.rot.0.bn.num_batches_tracked, pts_bbox_head.aux_head.task_heads.1.rot.1.weight, pts_bbox_head.aux_head.task_heads.1.rot.1.bias, pts_bbox_head.aux_head.task_heads.1.vel.0.conv.weight, pts_bbox_head.aux_head.task_heads.1.vel.0.bn.weight, pts_bbox_head.aux_head.task_heads.1.vel.0.bn.bias, pts_bbox_head.aux_head.task_heads.1.vel.0.bn.running_mean, pts_bbox_head.aux_head.task_heads.1.vel.0.bn.running_var, pts_bbox_head.aux_head.task_heads.1.vel.0.bn.num_batches_tracked, pts_bbox_head.aux_head.task_heads.1.vel.1.weight, pts_bbox_head.aux_head.task_heads.1.vel.1.bias, pts_bbox_head.aux_head.task_heads.1.heatmap.0.conv.weight, pts_bbox_head.aux_head.task_heads.1.heatmap.0.bn.weight, pts_bbox_head.aux_head.task_heads.1.heatmap.0.bn.bias, pts_bbox_head.aux_head.task_heads.1.heatmap.0.bn.running_mean, pts_bbox_head.aux_head.task_heads.1.heatmap.0.bn.running_var, pts_bbox_head.aux_head.task_heads.1.heatmap.0.bn.num_batches_tracked, pts_bbox_head.aux_head.task_heads.1.heatmap.1.weight, pts_bbox_head.aux_head.task_heads.1.heatmap.1.bias, pts_bbox_head.aux_head.task_heads.2.reg.0.conv.weight, pts_bbox_head.aux_head.task_heads.2.reg.0.bn.weight, pts_bbox_head.aux_head.task_heads.2.reg.0.bn.bias, pts_bbox_head.aux_head.task_heads.2.reg.0.bn.running_mean, pts_bbox_head.aux_head.task_heads.2.reg.0.bn.running_var, pts_bbox_head.aux_head.task_heads.2.reg.0.bn.num_batches_tracked, pts_bbox_head.aux_head.task_heads.2.reg.1.weight, pts_bbox_head.aux_head.task_heads.2.reg.1.bias, pts_bbox_head.aux_head.task_heads.2.height.0.conv.weight, pts_bbox_head.aux_head.task_heads.2.height.0.bn.weight, pts_bbox_head.aux_head.task_heads.2.height.0.bn.bias, pts_bbox_head.aux_head.task_heads.2.height.0.bn.running_mean, pts_bbox_head.aux_head.task_heads.2.height.0.bn.running_var, pts_bbox_head.aux_head.task_heads.2.height.0.bn.num_batches_tracked, pts_bbox_head.aux_head.task_heads.2.height.1.weight, pts_bbox_head.aux_head.task_heads.2.height.1.bias, pts_bbox_head.aux_head.task_heads.2.dim.0.conv.weight, pts_bbox_head.aux_head.task_heads.2.dim.0.bn.weight, pts_bbox_head.aux_head.task_heads.2.dim.0.bn.bias, pts_bbox_head.aux_head.task_heads.2.dim.0.bn.running_mean, pts_bbox_head.aux_head.task_heads.2.dim.0.bn.running_var, pts_bbox_head.aux_head.task_heads.2.dim.0.bn.num_batches_tracked, pts_bbox_head.aux_head.task_heads.2.dim.1.weight, pts_bbox_head.aux_head.task_heads.2.dim.1.bias, pts_bbox_head.aux_head.task_heads.2.rot.0.conv.weight, pts_bbox_head.aux_head.task_heads.2.rot.0.bn.weight, pts_bbox_head.aux_head.task_heads.2.rot.0.bn.bias, pts_bbox_head.aux_head.task_heads.2.rot.0.bn.running_mean, pts_bbox_head.aux_head.task_heads.2.rot.0.bn.running_var, pts_bbox_head.aux_head.task_heads.2.rot.0.bn.num_batches_tracked, pts_bbox_head.aux_head.task_heads.2.rot.1.weight, pts_bbox_head.aux_head.task_heads.2.rot.1.bias, pts_bbox_head.aux_head.task_heads.2.vel.0.conv.weight, pts_bbox_head.aux_head.task_heads.2.vel.0.bn.weight, pts_bbox_head.aux_head.task_heads.2.vel.0.bn.bias, pts_bbox_head.aux_head.task_heads.2.vel.0.bn.running_mean, pts_bbox_head.aux_head.task_heads.2.vel.0.bn.running_var, pts_bbox_head.aux_head.task_heads.2.vel.0.bn.num_batches_tracked, pts_bbox_head.aux_head.task_heads.2.vel.1.weight, pts_bbox_head.aux_head.task_heads.2.vel.1.bias, pts_bbox_head.aux_head.task_heads.2.heatmap.0.conv.weight, pts_bbox_head.aux_head.task_heads.2.heatmap.0.bn.weight, pts_bbox_head.aux_head.task_heads.2.heatmap.0.bn.bias, pts_bbox_head.aux_head.task_heads.2.heatmap.0.bn.running_mean, pts_bbox_head.aux_head.task_heads.2.heatmap.0.bn.running_var, pts_bbox_head.aux_head.task_heads.2.heatmap.0.bn.num_batches_tracked, pts_bbox_head.aux_head.task_heads.2.heatmap.1.weight, pts_bbox_head.aux_head.task_heads.2.heatmap.1.bias, pts_bbox_head.aux_head.task_heads.3.reg.0.conv.weight, pts_bbox_head.aux_head.task_heads.3.reg.0.bn.weight, pts_bbox_head.aux_head.task_heads.3.reg.0.bn.bias, pts_bbox_head.aux_head.task_heads.3.reg.0.bn.running_mean, pts_bbox_head.aux_head.task_heads.3.reg.0.bn.running_var, pts_bbox_head.aux_head.task_heads.3.reg.0.bn.num_batches_tracked, pts_bbox_head.aux_head.task_heads.3.reg.1.weight, pts_bbox_head.aux_head.task_heads.3.reg.1.bias, pts_bbox_head.aux_head.task_heads.3.height.0.conv.weight, pts_bbox_head.aux_head.task_heads.3.height.0.bn.weight, pts_bbox_head.aux_head.task_heads.3.height.0.bn.bias, pts_bbox_head.aux_head.task_heads.3.height.0.bn.running_mean, pts_bbox_head.aux_head.task_heads.3.height.0.bn.running_var, pts_bbox_head.aux_head.task_heads.3.height.0.bn.num_batches_tracked, pts_bbox_head.aux_head.task_heads.3.height.1.weight, pts_bbox_head.aux_head.task_heads.3.height.1.bias, pts_bbox_head.aux_head.task_heads.3.dim.0.conv.weight, pts_bbox_head.aux_head.task_heads.3.dim.0.bn.weight, pts_bbox_head.aux_head.task_heads.3.dim.0.bn.bias, pts_bbox_head.aux_head.task_heads.3.dim.0.bn.running_mean, pts_bbox_head.aux_head.task_heads.3.dim.0.bn.running_var, pts_bbox_head.aux_head.task_heads.3.dim.0.bn.num_batches_tracked, pts_bbox_head.aux_head.task_heads.3.dim.1.weight, pts_bbox_head.aux_head.task_heads.3.dim.1.bias, pts_bbox_head.aux_head.task_heads.3.rot.0.conv.weight, pts_bbox_head.aux_head.task_heads.3.rot.0.bn.weight, pts_bbox_head.aux_head.task_heads.3.rot.0.bn.bias, pts_bbox_head.aux_head.task_heads.3.rot.0.bn.running_mean, pts_bbox_head.aux_head.task_heads.3.rot.0.bn.running_var, pts_bbox_head.aux_head.task_heads.3.rot.0.bn.num_batches_tracked, pts_bbox_head.aux_head.task_heads.3.rot.1.weight, pts_bbox_head.aux_head.task_heads.3.rot.1.bias, pts_bbox_head.aux_head.task_heads.3.vel.0.conv.weight, pts_bbox_head.aux_head.task_heads.3.vel.0.bn.weight, pts_bbox_head.aux_head.task_heads.3.vel.0.bn.bias, pts_bbox_head.aux_head.task_heads.3.vel.0.bn.running_mean, pts_bbox_head.aux_head.task_heads.3.vel.0.bn.running_var, pts_bbox_head.aux_head.task_heads.3.vel.0.bn.num_batches_tracked, pts_bbox_head.aux_head.task_heads.3.vel.1.weight, pts_bbox_head.aux_head.task_heads.3.vel.1.bias, pts_bbox_head.aux_head.task_heads.3.heatmap.0.conv.weight, pts_bbox_head.aux_head.task_heads.3.heatmap.0.bn.weight, pts_bbox_head.aux_head.task_heads.3.heatmap.0.bn.bias, pts_bbox_head.aux_head.task_heads.3.heatmap.0.bn.running_mean, pts_bbox_head.aux_head.task_heads.3.heatmap.0.bn.running_var, pts_bbox_head.aux_head.task_heads.3.heatmap.0.bn.num_batches_tracked, pts_bbox_head.aux_head.task_heads.3.heatmap.1.weight, pts_bbox_head.aux_head.task_heads.3.heatmap.1.bias, pts_bbox_head.aux_head.task_heads.4.reg.0.conv.weight, pts_bbox_head.aux_head.task_heads.4.reg.0.bn.weight, pts_bbox_head.aux_head.task_heads.4.reg.0.bn.bias, pts_bbox_head.aux_head.task_heads.4.reg.0.bn.running_mean, pts_bbox_head.aux_head.task_heads.4.reg.0.bn.running_var, pts_bbox_head.aux_head.task_heads.4.reg.0.bn.num_batches_tracked, pts_bbox_head.aux_head.task_heads.4.reg.1.weight, pts_bbox_head.aux_head.task_heads.4.reg.1.bias, pts_bbox_head.aux_head.task_heads.4.height.0.conv.weight, pts_bbox_head.aux_head.task_heads.4.height.0.bn.weight, pts_bbox_head.aux_head.task_heads.4.height.0.bn.bias, pts_bbox_head.aux_head.task_heads.4.height.0.bn.running_mean, pts_bbox_head.aux_head.task_heads.4.height.0.bn.running_var, pts_bbox_head.aux_head.task_heads.4.height.0.bn.num_batches_tracked, pts_bbox_head.aux_head.task_heads.4.height.1.weight, pts_bbox_head.aux_head.task_heads.4.height.1.bias, pts_bbox_head.aux_head.task_heads.4.dim.0.conv.weight, pts_bbox_head.aux_head.task_heads.4.dim.0.bn.weight, pts_bbox_head.aux_head.task_heads.4.dim.0.bn.bias, pts_bbox_head.aux_head.task_heads.4.dim.0.bn.running_mean, pts_bbox_head.aux_head.task_heads.4.dim.0.bn.running_var, pts_bbox_head.aux_head.task_heads.4.dim.0.bn.num_batches_tracked, pts_bbox_head.aux_head.task_heads.4.dim.1.weight, pts_bbox_head.aux_head.task_heads.4.dim.1.bias, pts_bbox_head.aux_head.task_heads.4.rot.0.conv.weight, pts_bbox_head.aux_head.task_heads.4.rot.0.bn.weight, pts_bbox_head.aux_head.task_heads.4.rot.0.bn.bias, pts_bbox_head.aux_head.task_heads.4.rot.0.bn.running_mean, pts_bbox_head.aux_head.task_heads.4.rot.0.bn.running_var, pts_bbox_head.aux_head.task_heads.4.rot.0.bn.num_batches_tracked, pts_bbox_head.aux_head.task_heads.4.rot.1.weight, pts_bbox_head.aux_head.task_heads.4.rot.1.bias, pts_bbox_head.aux_head.task_heads.4.vel.0.conv.weight, pts_bbox_head.aux_head.task_heads.4.vel.0.bn.weight, pts_bbox_head.aux_head.task_heads.4.vel.0.bn.bias, pts_bbox_head.aux_head.task_heads.4.vel.0.bn.running_mean, pts_bbox_head.aux_head.task_heads.4.vel.0.bn.running_var, pts_bbox_head.aux_head.task_heads.4.vel.0.bn.num_batches_tracked, pts_bbox_head.aux_head.task_heads.4.vel.1.weight, pts_bbox_head.aux_head.task_heads.4.vel.1.bias, pts_bbox_head.aux_head.task_heads.4.heatmap.0.conv.weight, pts_bbox_head.aux_head.task_heads.4.heatmap.0.bn.weight, pts_bbox_head.aux_head.task_heads.4.heatmap.0.bn.bias, pts_bbox_head.aux_head.task_heads.4.heatmap.0.bn.running_mean, pts_bbox_head.aux_head.task_heads.4.heatmap.0.bn.running_var, pts_bbox_head.aux_head.task_heads.4.heatmap.0.bn.num_batches_tracked, pts_bbox_head.aux_head.task_heads.4.heatmap.1.weight, pts_bbox_head.aux_head.task_heads.4.heatmap.1.bias, pts_bbox_head.aux_head.task_heads.5.reg.0.conv.weight, pts_bbox_head.aux_head.task_heads.5.reg.0.bn.weight, pts_bbox_head.aux_head.task_heads.5.reg.0.bn.bias, pts_bbox_head.aux_head.task_heads.5.reg.0.bn.running_mean, pts_bbox_head.aux_head.task_heads.5.reg.0.bn.running_var, pts_bbox_head.aux_head.task_heads.5.reg.0.bn.num_batches_tracked, pts_bbox_head.aux_head.task_heads.5.reg.1.weight, pts_bbox_head.aux_head.task_heads.5.reg.1.bias, pts_bbox_head.aux_head.task_heads.5.height.0.conv.weight, pts_bbox_head.aux_head.task_heads.5.height.0.bn.weight, pts_bbox_head.aux_head.task_heads.5.height.0.bn.bias, pts_bbox_head.aux_head.task_heads.5.height.0.bn.running_mean, pts_bbox_head.aux_head.task_heads.5.height.0.bn.running_var, pts_bbox_head.aux_head.task_heads.5.height.0.bn.num_batches_tracked, pts_bbox_head.aux_head.task_heads.5.height.1.weight, pts_bbox_head.aux_head.task_heads.5.height.1.bias, pts_bbox_head.aux_head.task_heads.5.dim.0.conv.weight, pts_bbox_head.aux_head.task_heads.5.dim.0.bn.weight, pts_bbox_head.aux_head.task_heads.5.dim.0.bn.bias, pts_bbox_head.aux_head.task_heads.5.dim.0.bn.running_mean, pts_bbox_head.aux_head.task_heads.5.dim.0.bn.running_var, pts_bbox_head.aux_head.task_heads.5.dim.0.bn.num_batches_tracked, pts_bbox_head.aux_head.task_heads.5.dim.1.weight, pts_bbox_head.aux_head.task_heads.5.dim.1.bias, pts_bbox_head.aux_head.task_heads.5.rot.0.conv.weight, pts_bbox_head.aux_head.task_heads.5.rot.0.bn.weight, pts_bbox_head.aux_head.task_heads.5.rot.0.bn.bias, pts_bbox_head.aux_head.task_heads.5.rot.0.bn.running_mean, pts_bbox_head.aux_head.task_heads.5.rot.0.bn.running_var, pts_bbox_head.aux_head.task_heads.5.rot.0.bn.num_batches_tracked, pts_bbox_head.aux_head.task_heads.5.rot.1.weight, pts_bbox_head.aux_head.task_heads.5.rot.1.bias, pts_bbox_head.aux_head.task_heads.5.vel.0.conv.weight, pts_bbox_head.aux_head.task_heads.5.vel.0.bn.weight, pts_bbox_head.aux_head.task_heads.5.vel.0.bn.bias, pts_bbox_head.aux_head.task_heads.5.vel.0.bn.running_mean, pts_bbox_head.aux_head.task_heads.5.vel.0.bn.running_var, pts_bbox_head.aux_head.task_heads.5.vel.0.bn.num_batches_tracked, pts_bbox_head.aux_head.task_heads.5.vel.1.weight, pts_bbox_head.aux_head.task_heads.5.vel.1.bias, pts_bbox_head.aux_head.task_heads.5.heatmap.0.conv.weight, pts_bbox_head.aux_head.task_heads.5.heatmap.0.bn.weight, pts_bbox_head.aux_head.task_heads.5.heatmap.0.bn.bias, pts_bbox_head.aux_head.task_heads.5.heatmap.0.bn.running_mean, pts_bbox_head.aux_head.task_heads.5.heatmap.0.bn.running_var, pts_bbox_head.aux_head.task_heads.5.heatmap.0.bn.num_batches_tracked, pts_bbox_head.aux_head.task_heads.5.heatmap.1.weight, pts_bbox_head.aux_head.task_heads.5.heatmap.1.bias, pts_bbox_head.transformer.reference_points.weight, pts_bbox_head.transformer.reference_points.bias, pts_bbox_head.cls_branches.0.0.weight, pts_bbox_head.cls_branches.0.0.bias, pts_bbox_head.cls_branches.0.1.weight, pts_bbox_head.cls_branches.0.1.bias, pts_bbox_head.cls_branches.0.3.weight, pts_bbox_head.cls_branches.0.3.bias, pts_bbox_head.cls_branches.0.4.weight, pts_bbox_head.cls_branches.0.4.bias, pts_bbox_head.cls_branches.0.6.weight, pts_bbox_head.cls_branches.0.6.bias, pts_bbox_head.cls_branches.1.0.weight, pts_bbox_head.cls_branches.1.0.bias, pts_bbox_head.cls_branches.1.1.weight, pts_bbox_head.cls_branches.1.1.bias, pts_bbox_head.cls_branches.1.3.weight, pts_bbox_head.cls_branches.1.3.bias, pts_bbox_head.cls_branches.1.4.weight, pts_bbox_head.cls_branches.1.4.bias, pts_bbox_head.cls_branches.1.6.weight, pts_bbox_head.cls_branches.1.6.bias, pts_bbox_head.cls_branches.2.0.weight, pts_bbox_head.cls_branches.2.0.bias, pts_bbox_head.cls_branches.2.1.weight, pts_bbox_head.cls_branches.2.1.bias, pts_bbox_head.cls_branches.2.3.weight, pts_bbox_head.cls_branches.2.3.bias, pts_bbox_head.cls_branches.2.4.weight, pts_bbox_head.cls_branches.2.4.bias, pts_bbox_head.cls_branches.2.6.weight, pts_bbox_head.cls_branches.2.6.bias, pts_bbox_head.cls_branches.3.0.weight, pts_bbox_head.cls_branches.3.0.bias, pts_bbox_head.cls_branches.3.1.weight, pts_bbox_head.cls_branches.3.1.bias, pts_bbox_head.cls_branches.3.3.weight, pts_bbox_head.cls_branches.3.3.bias, pts_bbox_head.cls_branches.3.4.weight, pts_bbox_head.cls_branches.3.4.bias, pts_bbox_head.cls_branches.3.6.weight, pts_bbox_head.cls_branches.3.6.bias, pts_bbox_head.cls_branches.4.0.weight, pts_bbox_head.cls_branches.4.0.bias, pts_bbox_head.cls_branches.4.1.weight, pts_bbox_head.cls_branches.4.1.bias, pts_bbox_head.cls_branches.4.3.weight, pts_bbox_head.cls_branches.4.3.bias, pts_bbox_head.cls_branches.4.4.weight, pts_bbox_head.cls_branches.4.4.bias, pts_bbox_head.cls_branches.4.6.weight, pts_bbox_head.cls_branches.4.6.bias, pts_bbox_head.cls_branches.5.0.weight, pts_bbox_head.cls_branches.5.0.bias, pts_bbox_head.cls_branches.5.1.weight, pts_bbox_head.cls_branches.5.1.bias, pts_bbox_head.cls_branches.5.3.weight, pts_bbox_head.cls_branches.5.3.bias, pts_bbox_head.cls_branches.5.4.weight, pts_bbox_head.cls_branches.5.4.bias, pts_bbox_head.cls_branches.5.6.weight, pts_bbox_head.cls_branches.5.6.bias

missing keys in source state_dict: pts_bbox_head.transformer.decoder.layers.0.attentions.1.img_attention_weights.weight, pts_bbox_head.transformer.decoder.layers.0.attentions.1.img_attention_weights.bias, pts_bbox_head.transformer.decoder.layers.0.attentions.1.img_output_proj.weight, pts_bbox_head.transformer.decoder.layers.0.attentions.1.img_output_proj.bias, pts_bbox_head.transformer.decoder.layers.0.attentions.1.modality_fusion_layer.0.weight, pts_bbox_head.transformer.decoder.layers.0.attentions.1.modality_fusion_layer.0.bias, pts_bbox_head.transformer.decoder.layers.0.attentions.1.modality_fusion_layer.1.weight, pts_bbox_head.transformer.decoder.layers.0.attentions.1.modality_fusion_layer.1.bias, pts_bbox_head.transformer.decoder.layers.0.attentions.1.modality_fusion_layer.3.weight, pts_bbox_head.transformer.decoder.layers.0.attentions.1.modality_fusion_layer.3.bias, pts_bbox_head.transformer.decoder.layers.0.attentions.1.modality_fusion_layer.4.weight, pts_bbox_head.transformer.decoder.layers.0.attentions.1.modality_fusion_layer.4.bias, pts_bbox_head.transformer.decoder.layers.1.attentions.1.img_attention_weights.weight, pts_bbox_head.transformer.decoder.layers.1.attentions.1.img_attention_weights.bias, pts_bbox_head.transformer.decoder.layers.1.attentions.1.img_output_proj.weight, pts_bbox_head.transformer.decoder.layers.1.attentions.1.img_output_proj.bias, pts_bbox_head.transformer.decoder.layers.1.attentions.1.modality_fusion_layer.0.weight, pts_bbox_head.transformer.decoder.layers.1.attentions.1.modality_fusion_layer.0.bias, pts_bbox_head.transformer.decoder.layers.1.attentions.1.modality_fusion_layer.1.weight, pts_bbox_head.transformer.decoder.layers.1.attentions.1.modality_fusion_layer.1.bias, pts_bbox_head.transformer.decoder.layers.1.attentions.1.modality_fusion_layer.3.weight, pts_bbox_head.transformer.decoder.layers.1.attentions.1.modality_fusion_layer.3.bias, pts_bbox_head.transformer.decoder.layers.1.attentions.1.modality_fusion_layer.4.weight, pts_bbox_head.transformer.decoder.layers.1.attentions.1.modality_fusion_layer.4.bias, pts_bbox_head.transformer.decoder.layers.2.attentions.1.img_attention_weights.weight, pts_bbox_head.transformer.decoder.layers.2.attentions.1.img_attention_weights.bias, pts_bbox_head.transformer.decoder.layers.2.attentions.1.img_output_proj.weight, pts_bbox_head.transformer.decoder.layers.2.attentions.1.img_output_proj.bias, pts_bbox_head.transformer.decoder.layers.2.attentions.1.modality_fusion_layer.0.weight, pts_bbox_head.transformer.decoder.layers.2.attentions.1.modality_fusion_layer.0.bias, pts_bbox_head.transformer.decoder.layers.2.attentions.1.modality_fusion_layer.1.weight, pts_bbox_head.transformer.decoder.layers.2.attentions.1.modality_fusion_layer.1.bias, pts_bbox_head.transformer.decoder.layers.2.attentions.1.modality_fusion_layer.3.weight, pts_bbox_head.transformer.decoder.layers.2.attentions.1.modality_fusion_layer.3.bias, pts_bbox_head.transformer.decoder.layers.2.attentions.1.modality_fusion_layer.4.weight, pts_bbox_head.transformer.decoder.layers.2.attentions.1.modality_fusion_layer.4.bias, pts_bbox_head.transformer.decoder.layers.3.attentions.1.img_attention_weights.weight, pts_bbox_head.transformer.decoder.layers.3.attentions.1.img_attention_weights.bias, pts_bbox_head.transformer.decoder.layers.3.attentions.1.img_output_proj.weight, pts_bbox_head.transformer.decoder.layers.3.attentions.1.img_output_proj.bias, pts_bbox_head.transformer.decoder.layers.3.attentions.1.modality_fusion_layer.0.weight, pts_bbox_head.transformer.decoder.layers.3.attentions.1.modality_fusion_layer.0.bias, pts_bbox_head.transformer.decoder.layers.3.attentions.1.modality_fusion_layer.1.weight, pts_bbox_head.transformer.decoder.layers.3.attentions.1.modality_fusion_layer.1.bias, pts_bbox_head.transformer.decoder.layers.3.attentions.1.modality_fusion_layer.3.weight, pts_bbox_head.transformer.decoder.layers.3.attentions.1.modality_fusion_layer.3.bias, pts_bbox_head.transformer.decoder.layers.3.attentions.1.modality_fusion_layer.4.weight, pts_bbox_head.transformer.decoder.layers.3.attentions.1.modality_fusion_layer.4.bias, pts_bbox_head.transformer.decoder.layers.4.attentions.1.img_attention_weights.weight, pts_bbox_head.transformer.decoder.layers.4.attentions.1.img_attention_weights.bias, pts_bbox_head.transformer.decoder.layers.4.attentions.1.img_output_proj.weight, pts_bbox_head.transformer.decoder.layers.4.attentions.1.img_output_proj.bias, pts_bbox_head.transformer.decoder.layers.4.attentions.1.modality_fusion_layer.0.weight, pts_bbox_head.transformer.decoder.layers.4.attentions.1.modality_fusion_layer.0.bias, pts_bbox_head.transformer.decoder.layers.4.attentions.1.modality_fusion_layer.1.weight, pts_bbox_head.transformer.decoder.layers.4.attentions.1.modality_fusion_layer.1.bias, pts_bbox_head.transformer.decoder.layers.4.attentions.1.modality_fusion_layer.3.weight, pts_bbox_head.transformer.decoder.layers.4.attentions.1.modality_fusion_layer.3.bias, pts_bbox_head.transformer.decoder.layers.4.attentions.1.modality_fusion_layer.4.weight, pts_bbox_head.transformer.decoder.layers.4.attentions.1.modality_fusion_layer.4.bias, pts_bbox_head.transformer.decoder.layers.5.attentions.1.img_attention_weights.weight, pts_bbox_head.transformer.decoder.layers.5.attentions.1.img_attention_weights.bias, pts_bbox_head.transformer.decoder.layers.5.attentions.1.img_output_proj.weight, pts_bbox_head.transformer.decoder.layers.5.attentions.1.img_output_proj.bias, pts_bbox_head.transformer.decoder.layers.5.attentions.1.modality_fusion_layer.0.weight, pts_bbox_head.transformer.decoder.layers.5.attentions.1.modality_fusion_layer.0.bias, pts_bbox_head.transformer.decoder.layers.5.attentions.1.modality_fusion_layer.1.weight, pts_bbox_head.transformer.decoder.layers.5.attentions.1.modality_fusion_layer.1.bias, pts_bbox_head.transformer.decoder.layers.5.attentions.1.modality_fusion_layer.3.weight, pts_bbox_head.transformer.decoder.layers.5.attentions.1.modality_fusion_layer.3.bias, pts_bbox_head.transformer.decoder.layers.5.attentions.1.modality_fusion_layer.4.weight, pts_bbox_head.transformer.decoder.layers.5.attentions.1.modality_fusion_layer.4.bias

2025-06-25 02:22:09,980 - mmdet - INFO - Start running, host: ubuntu@ubuntu, work_dir: /mnt/sdc/FUTR3D/work_dirs/lidar_0075v_cam_res101/双卡bs2
2025-06-25 02:22:09,980 - mmdet - INFO - Hooks will be executed in the following order:
before_run:
(VERY_HIGH   ) CosineAnnealingLrUpdaterHook       
(NORMAL      ) CheckpointHook                     
(LOW         ) DistEvalHook                       
(VERY_LOW    ) TextLoggerHook                     
(VERY_LOW    ) TensorboardLoggerHook              
 -------------------- 
before_train_epoch:
(VERY_HIGH   ) CosineAnnealingLrUpdaterHook       
(NORMAL      ) DistSamplerSeedHook                
(LOW         ) IterTimerHook                      
(LOW         ) DistEvalHook                       
(VERY_LOW    ) TextLoggerHook                     
(VERY_LOW    ) TensorboardLoggerHook              
 -------------------- 
before_train_iter:
(VERY_HIGH   ) CosineAnnealingLrUpdaterHook       
(LOW         ) IterTimerHook                      
(LOW         ) DistEvalHook                       
 -------------------- 
after_train_iter:
(ABOVE_NORMAL) OptimizerHook                      
(NORMAL      ) CheckpointHook                     
(LOW         ) IterTimerHook                      
(LOW         ) DistEvalHook                       
(VERY_LOW    ) TextLoggerHook                     
(VERY_LOW    ) TensorboardLoggerHook              
 -------------------- 
after_train_epoch:
(NORMAL      ) CheckpointHook                     
(LOW         ) DistEvalHook                       
(VERY_LOW    ) TextLoggerHook                     
(VERY_LOW    ) TensorboardLoggerHook              
 -------------------- 
before_val_epoch:
(NORMAL      ) DistSamplerSeedHook                
(LOW         ) IterTimerHook                      
(VERY_LOW    ) TextLoggerHook                     
(VERY_LOW    ) TensorboardLoggerHook              
 -------------------- 
before_val_iter:
(LOW         ) IterTimerHook                      
 -------------------- 
after_val_iter:
(LOW         ) IterTimerHook                      
 -------------------- 
after_val_epoch:
(VERY_LOW    ) TextLoggerHook                     
(VERY_LOW    ) TensorboardLoggerHook              
 -------------------- 
after_run:
(VERY_LOW    ) TextLoggerHook                     
(VERY_LOW    ) TensorboardLoggerHook              
 -------------------- 
2025-06-25 02:22:09,980 - mmdet - INFO - workflow: [('train', 1)], max: 6 epochs
2025-06-25 02:22:09,981 - mmdet - INFO - Checkpoints will be saved to /mnt/sdc/FUTR3D/work_dirs/lidar_0075v_cam_res101/双卡bs2 by HardDiskBackend.
2025-06-25 02:22:57,132 - mmdet - INFO - Epoch [1][50/7033]	lr: 7.973e-05, eta: 10:56:12, time: 0.934, data_time: 0.118, memory: 4350, loss_cls: 1.2000, loss_bbox: 1.5280, d0.loss_cls: 1.1631, d0.loss_bbox: 1.5572, d1.loss_cls: 1.0867, d1.loss_bbox: 1.5402, d2.loss_cls: 1.1106, d2.loss_bbox: 1.5348, d3.loss_cls: 1.1367, d3.loss_bbox: 1.5572, d4.loss_cls: 1.1135, d4.loss_bbox: 1.4834, loss: 16.0113, grad_norm: 14.2049
2025-06-25 02:23:37,316 - mmdet - INFO - Epoch [1][100/7033]	lr: 9.307e-05, eta: 10:09:34, time: 0.803, data_time: 0.027, memory: 4350, loss_cls: 0.8372, loss_bbox: 1.1929, d0.loss_cls: 0.9474, d0.loss_bbox: 1.2999, d1.loss_cls: 0.8775, d1.loss_bbox: 1.2420, d2.loss_cls: 0.8835, d2.loss_bbox: 1.2318, d3.loss_cls: 0.8816, d3.loss_bbox: 1.2210, d4.loss_cls: 0.8488, d4.loss_bbox: 1.1893, loss: 12.6527, grad_norm: 10.0410
2025-06-25 02:24:17,879 - mmdet - INFO - Epoch [1][150/7033]	lr: 1.064e-04, eta: 9:55:27, time: 0.811, data_time: 0.033, memory: 4350, loss_cls: 0.7534, loss_bbox: 1.1230, d0.loss_cls: 0.8483, d0.loss_bbox: 1.2237, d1.loss_cls: 0.7813, d1.loss_bbox: 1.1731, d2.loss_cls: 0.7832, d2.loss_bbox: 1.1658, d3.loss_cls: 0.7819, d3.loss_bbox: 1.1505, d4.loss_cls: 0.7631, d4.loss_bbox: 1.1243, loss: 11.6714, grad_norm: 8.8981
2025-06-25 02:24:57,908 - mmdet - INFO - Epoch [1][200/7033]	lr: 1.197e-04, eta: 9:46:09, time: 0.801, data_time: 0.026, memory: 4350, loss_cls: 0.7045, loss_bbox: 1.0936, d0.loss_cls: 0.8018, d0.loss_bbox: 1.1840, d1.loss_cls: 0.7195, d1.loss_bbox: 1.1364, d2.loss_cls: 0.7157, d2.loss_bbox: 1.1114, d3.loss_cls: 0.7167, d3.loss_bbox: 1.1057, d4.loss_cls: 0.7097, d4.loss_bbox: 1.0935, loss: 11.0925, grad_norm: 7.9614
2025-06-25 02:25:37,990 - mmdet - INFO - Epoch [1][250/7033]	lr: 1.331e-04, eta: 9:40:27, time: 0.802, data_time: 0.026, memory: 4350, loss_cls: 0.6837, loss_bbox: 1.0478, d0.loss_cls: 0.7817, d0.loss_bbox: 1.1363, d1.loss_cls: 0.6798, d1.loss_bbox: 1.0865, d2.loss_cls: 0.6808, d2.loss_bbox: 1.0699, d3.loss_cls: 0.6877, d3.loss_bbox: 1.0571, d4.loss_cls: 0.6861, d4.loss_bbox: 1.0415, loss: 10.6389, grad_norm: 8.0865
2025-06-25 02:26:18,522 - mmdet - INFO - Epoch [1][300/7033]	lr: 1.464e-04, eta: 9:37:28, time: 0.811, data_time: 0.030, memory: 4350, loss_cls: 0.6440, loss_bbox: 0.9864, d0.loss_cls: 0.7561, d0.loss_bbox: 1.0905, d1.loss_cls: 0.6368, d1.loss_bbox: 1.0414, d2.loss_cls: 0.6280, d2.loss_bbox: 1.0233, d3.loss_cls: 0.6412, d3.loss_bbox: 0.9991, d4.loss_cls: 0.6404, d4.loss_bbox: 0.9874, loss: 10.0746, grad_norm: 7.9491
2025-06-25 02:26:58,571 - mmdet - INFO - Epoch [1][350/7033]	lr: 1.597e-04, eta: 9:34:12, time: 0.801, data_time: 0.027, memory: 4350, loss_cls: 0.5999, loss_bbox: 0.9931, d0.loss_cls: 0.7462, d0.loss_bbox: 1.0974, d1.loss_cls: 0.5927, d1.loss_bbox: 1.0534, d2.loss_cls: 0.5859, d2.loss_bbox: 1.0350, d3.loss_cls: 0.5947, d3.loss_bbox: 1.0053, d4.loss_cls: 0.5926, d4.loss_bbox: 0.9956, loss: 9.8920, grad_norm: 8.2099
2025-06-25 02:27:38,767 - mmdet - INFO - Epoch [1][400/7033]	lr: 1.731e-04, eta: 9:31:49, time: 0.804, data_time: 0.027, memory: 4350, loss_cls: 0.5464, loss_bbox: 0.9583, d0.loss_cls: 0.7146, d0.loss_bbox: 1.0828, d1.loss_cls: 0.5424, d1.loss_bbox: 1.0281, d2.loss_cls: 0.5372, d2.loss_bbox: 1.0083, d3.loss_cls: 0.5462, d3.loss_bbox: 0.9821, d4.loss_cls: 0.5345, d4.loss_bbox: 0.9703, loss: 9.4512, grad_norm: 9.9284
2025-06-25 02:28:19,183 - mmdet - INFO - Epoch [1][450/7033]	lr: 1.864e-04, eta: 9:30:10, time: 0.808, data_time: 0.032, memory: 4350, loss_cls: 0.5293, loss_bbox: 0.9256, d0.loss_cls: 0.6841, d0.loss_bbox: 1.0487, d1.loss_cls: 0.5296, d1.loss_bbox: 0.9919, d2.loss_cls: 0.5198, d2.loss_bbox: 0.9790, d3.loss_cls: 0.5292, d3.loss_bbox: 0.9577, d4.loss_cls: 0.5159, d4.loss_bbox: 0.9434, loss: 9.1543, grad_norm: 10.4168
2025-06-25 02:28:59,301 - mmdet - INFO - Epoch [1][500/7033]	lr: 1.997e-04, eta: 9:28:18, time: 0.802, data_time: 0.028, memory: 4350, loss_cls: 0.4940, loss_bbox: 0.9067, d0.loss_cls: 0.6153, d0.loss_bbox: 1.0415, d1.loss_cls: 0.4980, d1.loss_bbox: 0.9820, d2.loss_cls: 0.4850, d2.loss_bbox: 0.9658, d3.loss_cls: 0.4974, d3.loss_bbox: 0.9333, d4.loss_cls: 0.4842, d4.loss_bbox: 0.9218, loss: 8.8250, grad_norm: 11.1762
2025-06-25 02:29:39,504 - mmdet - INFO - Epoch [1][550/7033]	lr: 2.000e-04, eta: 9:26:45, time: 0.804, data_time: 0.027, memory: 4350, loss_cls: 0.4340, loss_bbox: 0.8709, d0.loss_cls: 0.4803, d0.loss_bbox: 1.0172, d1.loss_cls: 0.4127, d1.loss_bbox: 0.9507, d2.loss_cls: 0.4100, d2.loss_bbox: 0.9347, d3.loss_cls: 0.4203, d3.loss_bbox: 0.8979, d4.loss_cls: 0.4213, d4.loss_bbox: 0.8875, loss: 8.1376, grad_norm: 10.0670
2025-06-25 02:30:19,877 - mmdet - INFO - Epoch [1][600/7033]	lr: 2.000e-04, eta: 9:25:33, time: 0.807, data_time: 0.030, memory: 4350, loss_cls: 0.3545, loss_bbox: 0.8436, d0.loss_cls: 0.4135, d0.loss_bbox: 0.9923, d1.loss_cls: 0.3443, d1.loss_bbox: 0.9353, d2.loss_cls: 0.3404, d2.loss_bbox: 0.9074, d3.loss_cls: 0.3442, d3.loss_bbox: 0.8715, d4.loss_cls: 0.3425, d4.loss_bbox: 0.8660, loss: 7.5554, grad_norm: 11.8306
2025-06-25 02:31:00,013 - mmdet - INFO - Epoch [1][650/7033]	lr: 2.000e-04, eta: 9:24:10, time: 0.803, data_time: 0.027, memory: 4350, loss_cls: 0.3274, loss_bbox: 0.8303, d0.loss_cls: 0.3615, d0.loss_bbox: 0.9741, d1.loss_cls: 0.3136, d1.loss_bbox: 0.9091, d2.loss_cls: 0.3075, d2.loss_bbox: 0.8734, d3.loss_cls: 0.3098, d3.loss_bbox: 0.8449, d4.loss_cls: 0.3183, d4.loss_bbox: 0.8417, loss: 7.2116, grad_norm: 11.3195
2025-06-25 02:31:40,448 - mmdet - INFO - Epoch [1][700/7033]	lr: 2.000e-04, eta: 9:23:12, time: 0.809, data_time: 0.031, memory: 4350, loss_cls: 0.3144, loss_bbox: 0.8091, d0.loss_cls: 0.3531, d0.loss_bbox: 0.9279, d1.loss_cls: 0.2966, d1.loss_bbox: 0.8788, d2.loss_cls: 0.2960, d2.loss_bbox: 0.8428, d3.loss_cls: 0.3016, d3.loss_bbox: 0.8122, d4.loss_cls: 0.3048, d4.loss_bbox: 0.8109, loss: 6.9482, grad_norm: 11.8825
2025-06-25 02:32:20,981 - mmdet - INFO - Epoch [1][750/7033]	lr: 2.000e-04, eta: 9:22:21, time: 0.811, data_time: 0.030, memory: 4350, loss_cls: 0.2924, loss_bbox: 0.7672, d0.loss_cls: 0.3377, d0.loss_bbox: 0.8817, d1.loss_cls: 0.2858, d1.loss_bbox: 0.8265, d2.loss_cls: 0.2834, d2.loss_bbox: 0.7936, d3.loss_cls: 0.2867, d3.loss_bbox: 0.7609, d4.loss_cls: 0.2889, d4.loss_bbox: 0.7586, loss: 6.5635, grad_norm: 12.2859
2025-06-25 02:33:01,242 - mmdet - INFO - Epoch [1][800/7033]	lr: 2.000e-04, eta: 9:21:17, time: 0.805, data_time: 0.027, memory: 4350, loss_cls: 0.2685, loss_bbox: 0.7035, d0.loss_cls: 0.3277, d0.loss_bbox: 0.7994, d1.loss_cls: 0.2720, d1.loss_bbox: 0.7558, d2.loss_cls: 0.2620, d2.loss_bbox: 0.7179, d3.loss_cls: 0.2692, d3.loss_bbox: 0.6899, d4.loss_cls: 0.2674, d4.loss_bbox: 0.6941, loss: 6.0275, grad_norm: 12.8992
2025-06-25 02:33:41,669 - mmdet - INFO - Epoch [1][850/7033]	lr: 2.000e-04, eta: 9:20:25, time: 0.809, data_time: 0.031, memory: 4350, loss_cls: 0.2601, loss_bbox: 0.6576, d0.loss_cls: 0.3116, d0.loss_bbox: 0.7520, d1.loss_cls: 0.2594, d1.loss_bbox: 0.7052, d2.loss_cls: 0.2484, d2.loss_bbox: 0.6676, d3.loss_cls: 0.2563, d3.loss_bbox: 0.6387, d4.loss_cls: 0.2570, d4.loss_bbox: 0.6389, loss: 5.6528, grad_norm: 14.2032
2025-06-25 02:34:21,814 - mmdet - INFO - Epoch [1][900/7033]	lr: 2.000e-04, eta: 9:19:20, time: 0.803, data_time: 0.028, memory: 4350, loss_cls: 0.2555, loss_bbox: 0.6461, d0.loss_cls: 0.2947, d0.loss_bbox: 0.7069, d1.loss_cls: 0.2558, d1.loss_bbox: 0.6794, d2.loss_cls: 0.2456, d2.loss_bbox: 0.6497, d3.loss_cls: 0.2520, d3.loss_bbox: 0.6253, d4.loss_cls: 0.2506, d4.loss_bbox: 0.6244, loss: 5.4859, grad_norm: 15.3502
2025-06-25 02:35:02,104 - mmdet - INFO - Epoch [1][950/7033]	lr: 2.000e-04, eta: 9:18:25, time: 0.806, data_time: 0.027, memory: 4350, loss_cls: 0.2330, loss_bbox: 0.5757, d0.loss_cls: 0.2866, d0.loss_bbox: 0.6636, d1.loss_cls: 0.2365, d1.loss_bbox: 0.6277, d2.loss_cls: 0.2312, d2.loss_bbox: 0.5994, d3.loss_cls: 0.2323, d3.loss_bbox: 0.5738, d4.loss_cls: 0.2369, d4.loss_bbox: 0.5653, loss: 5.0619, grad_norm: 14.1483
2025-06-25 02:35:42,337 - mmdet - INFO - Exp name: lidar_0075v_cam_res101.py
2025-06-25 02:35:42,337 - mmdet - INFO - Epoch [1][1000/7033]	lr: 2.000e-04, eta: 9:17:28, time: 0.805, data_time: 0.029, memory: 4350, loss_cls: 0.2250, loss_bbox: 0.5504, d0.loss_cls: 0.2775, d0.loss_bbox: 0.6018, d1.loss_cls: 0.2232, d1.loss_bbox: 0.5905, d2.loss_cls: 0.2207, d2.loss_bbox: 0.5662, d3.loss_cls: 0.2216, d3.loss_bbox: 0.5471, d4.loss_cls: 0.2249, d4.loss_bbox: 0.5402, loss: 4.7891, grad_norm: 16.6270
2025-06-25 02:36:22,718 - mmdet - INFO - Epoch [1][1050/7033]	lr: 2.000e-04, eta: 9:16:39, time: 0.808, data_time: 0.030, memory: 4350, loss_cls: 0.2301, loss_bbox: 0.5646, d0.loss_cls: 0.2882, d0.loss_bbox: 0.6181, d1.loss_cls: 0.2324, d1.loss_bbox: 0.6028, d2.loss_cls: 0.2310, d2.loss_bbox: 0.5877, d3.loss_cls: 0.2303, d3.loss_bbox: 0.5624, d4.loss_cls: 0.2334, d4.loss_bbox: 0.5517, loss: 4.9327, grad_norm: 16.2455
2025-06-25 02:37:03,060 - mmdet - INFO - Epoch [1][1100/7033]	lr: 2.000e-04, eta: 9:15:50, time: 0.807, data_time: 0.027, memory: 4350, loss_cls: 0.2229, loss_bbox: 0.5168, d0.loss_cls: 0.2858, d0.loss_bbox: 0.5659, d1.loss_cls: 0.2292, d1.loss_bbox: 0.5565, d2.loss_cls: 0.2238, d2.loss_bbox: 0.5394, d3.loss_cls: 0.2254, d3.loss_bbox: 0.5184, d4.loss_cls: 0.2235, d4.loss_bbox: 0.5065, loss: 4.6142, grad_norm: 16.3169
2025-06-25 02:37:43,187 - mmdet - INFO - Epoch [1][1150/7033]	lr: 2.000e-04, eta: 9:14:53, time: 0.803, data_time: 0.028, memory: 4350, loss_cls: 0.2220, loss_bbox: 0.5422, d0.loss_cls: 0.2743, d0.loss_bbox: 0.5768, d1.loss_cls: 0.2246, d1.loss_bbox: 0.5683, d2.loss_cls: 0.2264, d2.loss_bbox: 0.5549, d3.loss_cls: 0.2244, d3.loss_bbox: 0.5457, d4.loss_cls: 0.2228, d4.loss_bbox: 0.5340, loss: 4.7165, grad_norm: 18.2923
2025-06-25 02:38:23,919 - mmdet - INFO - Epoch [1][1200/7033]	lr: 2.000e-04, eta: 9:14:19, time: 0.815, data_time: 0.031, memory: 4350, loss_cls: 0.2323, loss_bbox: 0.5282, d0.loss_cls: 0.2850, d0.loss_bbox: 0.5693, d1.loss_cls: 0.2303, d1.loss_bbox: 0.5432, d2.loss_cls: 0.2274, d2.loss_bbox: 0.5422, d3.loss_cls: 0.2279, d3.loss_bbox: 0.5358, d4.loss_cls: 0.2282, d4.loss_bbox: 0.5171, loss: 4.6670, grad_norm: 15.6729
2025-06-25 02:39:04,040 - mmdet - INFO - Epoch [1][1250/7033]	lr: 2.000e-04, eta: 9:13:24, time: 0.802, data_time: 0.028, memory: 4350, loss_cls: 0.2126, loss_bbox: 0.5127, d0.loss_cls: 0.2823, d0.loss_bbox: 0.5580, d1.loss_cls: 0.2153, d1.loss_bbox: 0.5320, d2.loss_cls: 0.2102, d2.loss_bbox: 0.5388, d3.loss_cls: 0.2071, d3.loss_bbox: 0.5217, d4.loss_cls: 0.2105, d4.loss_bbox: 0.5031, loss: 4.5043, grad_norm: 15.2658
2025-06-25 02:39:44,391 - mmdet - INFO - Epoch [1][1300/7033]	lr: 2.000e-04, eta: 9:12:37, time: 0.807, data_time: 0.030, memory: 4350, loss_cls: 0.1984, loss_bbox: 0.4663, d0.loss_cls: 0.2628, d0.loss_bbox: 0.5290, d1.loss_cls: 0.2130, d1.loss_bbox: 0.4788, d2.loss_cls: 0.2003, d2.loss_bbox: 0.4893, d3.loss_cls: 0.2023, d3.loss_bbox: 0.4695, d4.loss_cls: 0.2002, d4.loss_bbox: 0.4561, loss: 4.1661, grad_norm: 15.8848
2025-06-25 02:40:24,574 - mmdet - INFO - Epoch [1][1350/7033]	lr: 2.000e-04, eta: 9:11:46, time: 0.804, data_time: 0.031, memory: 4350, loss_cls: 0.1871, loss_bbox: 0.4645, d0.loss_cls: 0.2585, d0.loss_bbox: 0.5109, d1.loss_cls: 0.1999, d1.loss_bbox: 0.4677, d2.loss_cls: 0.1899, d2.loss_bbox: 0.4725, d3.loss_cls: 0.1869, d3.loss_bbox: 0.4660, d4.loss_cls: 0.1840, d4.loss_bbox: 0.4557, loss: 4.0436, grad_norm: 15.6432
2025-06-25 02:41:04,702 - mmdet - INFO - Epoch [1][1400/7033]	lr: 2.000e-04, eta: 9:10:53, time: 0.802, data_time: 0.027, memory: 4350, loss_cls: 0.1918, loss_bbox: 0.4749, d0.loss_cls: 0.2633, d0.loss_bbox: 0.5019, d1.loss_cls: 0.2055, d1.loss_bbox: 0.4675, d2.loss_cls: 0.1940, d2.loss_bbox: 0.4744, d3.loss_cls: 0.1940, d3.loss_bbox: 0.4703, d4.loss_cls: 0.1922, d4.loss_bbox: 0.4633, loss: 4.0931, grad_norm: 18.0702
2025-06-25 02:41:45,120 - mmdet - INFO - Epoch [1][1450/7033]	lr: 2.000e-04, eta: 9:10:11, time: 0.809, data_time: 0.031, memory: 4350, loss_cls: 0.1839, loss_bbox: 0.4665, d0.loss_cls: 0.2583, d0.loss_bbox: 0.5115, d1.loss_cls: 0.1986, d1.loss_bbox: 0.4715, d2.loss_cls: 0.1890, d2.loss_bbox: 0.4820, d3.loss_cls: 0.1869, d3.loss_bbox: 0.4704, d4.loss_cls: 0.1875, d4.loss_bbox: 0.4581, loss: 4.0641, grad_norm: 17.5437
2025-06-25 02:42:25,219 - mmdet - INFO - Epoch [1][1500/7033]	lr: 2.000e-04, eta: 9:09:19, time: 0.802, data_time: 0.028, memory: 4350, loss_cls: 0.1828, loss_bbox: 0.4616, d0.loss_cls: 0.2598, d0.loss_bbox: 0.5116, d1.loss_cls: 0.2010, d1.loss_bbox: 0.4627, d2.loss_cls: 0.1876, d2.loss_bbox: 0.4675, d3.loss_cls: 0.1865, d3.loss_bbox: 0.4633, d4.loss_cls: 0.1849, d4.loss_bbox: 0.4536, loss: 4.0228, grad_norm: 15.3953
2025-06-25 02:43:05,525 - mmdet - INFO - Epoch [1][1550/7033]	lr: 2.000e-04, eta: 9:08:33, time: 0.806, data_time: 0.028, memory: 4350, loss_cls: 0.1833, loss_bbox: 0.4585, d0.loss_cls: 0.2707, d0.loss_bbox: 0.4993, d1.loss_cls: 0.2052, d1.loss_bbox: 0.4516, d2.loss_cls: 0.1912, d2.loss_bbox: 0.4601, d3.loss_cls: 0.1844, d3.loss_bbox: 0.4562, d4.loss_cls: 0.1841, d4.loss_bbox: 0.4470, loss: 3.9917, grad_norm: 17.1538
2025-06-25 02:43:45,958 - mmdet - INFO - Epoch [1][1600/7033]	lr: 2.000e-04, eta: 9:07:52, time: 0.809, data_time: 0.030, memory: 4350, loss_cls: 0.1858, loss_bbox: 0.4688, d0.loss_cls: 0.2592, d0.loss_bbox: 0.5070, d1.loss_cls: 0.2011, d1.loss_bbox: 0.4621, d2.loss_cls: 0.1907, d2.loss_bbox: 0.4669, d3.loss_cls: 0.1904, d3.loss_bbox: 0.4629, d4.loss_cls: 0.1862, d4.loss_bbox: 0.4609, loss: 4.0420, grad_norm: 18.2537
2025-06-25 02:44:26,304 - mmdet - INFO - Epoch [1][1650/7033]	lr: 2.000e-04, eta: 9:07:08, time: 0.807, data_time: 0.029, memory: 4350, loss_cls: 0.1779, loss_bbox: 0.4329, d0.loss_cls: 0.2558, d0.loss_bbox: 0.4887, d1.loss_cls: 0.1928, d1.loss_bbox: 0.4387, d2.loss_cls: 0.1811, d2.loss_bbox: 0.4412, d3.loss_cls: 0.1780, d3.loss_bbox: 0.4341, d4.loss_cls: 0.1765, d4.loss_bbox: 0.4272, loss: 3.8248, grad_norm: 16.1981
2025-06-25 02:45:06,362 - mmdet - INFO - Epoch [1][1700/7033]	lr: 2.000e-04, eta: 9:06:17, time: 0.801, data_time: 0.028, memory: 4350, loss_cls: 0.1789, loss_bbox: 0.4536, d0.loss_cls: 0.2593, d0.loss_bbox: 0.5043, d1.loss_cls: 0.1964, d1.loss_bbox: 0.4534, d2.loss_cls: 0.1849, d2.loss_bbox: 0.4581, d3.loss_cls: 0.1813, d3.loss_bbox: 0.4505, d4.loss_cls: 0.1792, d4.loss_bbox: 0.4443, loss: 3.9443, grad_norm: 16.6039
2025-06-25 02:45:46,742 - mmdet - INFO - Epoch [1][1750/7033]	lr: 2.000e-04, eta: 9:05:35, time: 0.808, data_time: 0.031, memory: 4350, loss_cls: 0.1755, loss_bbox: 0.4393, d0.loss_cls: 0.2633, d0.loss_bbox: 0.4843, d1.loss_cls: 0.1994, d1.loss_bbox: 0.4296, d2.loss_cls: 0.1862, d2.loss_bbox: 0.4366, d3.loss_cls: 0.1811, d3.loss_bbox: 0.4329, d4.loss_cls: 0.1771, d4.loss_bbox: 0.4317, loss: 3.8372, grad_norm: 20.1329
2025-06-25 02:46:27,182 - mmdet - INFO - Epoch [1][1800/7033]	lr: 2.000e-04, eta: 9:04:54, time: 0.809, data_time: 0.030, memory: 4350, loss_cls: 0.1732, loss_bbox: 0.4368, d0.loss_cls: 0.2525, d0.loss_bbox: 0.4946, d1.loss_cls: 0.1916, d1.loss_bbox: 0.4375, d2.loss_cls: 0.1805, d2.loss_bbox: 0.4350, d3.loss_cls: 0.1769, d3.loss_bbox: 0.4333, d4.loss_cls: 0.1747, d4.loss_bbox: 0.4286, loss: 3.8149, grad_norm: 17.4919
2025-06-25 02:47:07,537 - mmdet - INFO - Epoch [1][1850/7033]	lr: 2.000e-04, eta: 9:04:11, time: 0.807, data_time: 0.027, memory: 4350, loss_cls: 0.1698, loss_bbox: 0.4265, d0.loss_cls: 0.2545, d0.loss_bbox: 0.4742, d1.loss_cls: 0.1923, d1.loss_bbox: 0.4234, d2.loss_cls: 0.1796, d2.loss_bbox: 0.4187, d3.loss_cls: 0.1739, d3.loss_bbox: 0.4167, d4.loss_cls: 0.1722, d4.loss_bbox: 0.4164, loss: 3.7181, grad_norm: 19.1457
2025-06-25 02:47:47,811 - mmdet - INFO - Epoch [1][1900/7033]	lr: 2.000e-04, eta: 9:03:26, time: 0.805, data_time: 0.027, memory: 4350, loss_cls: 0.1730, loss_bbox: 0.4381, d0.loss_cls: 0.2509, d0.loss_bbox: 0.4767, d1.loss_cls: 0.1940, d1.loss_bbox: 0.4231, d2.loss_cls: 0.1815, d2.loss_bbox: 0.4186, d3.loss_cls: 0.1772, d3.loss_bbox: 0.4210, d4.loss_cls: 0.1732, d4.loss_bbox: 0.4227, loss: 3.7500, grad_norm: 18.9260
2025-06-25 02:48:28,184 - mmdet - INFO - Epoch [1][1950/7033]	lr: 2.000e-04, eta: 9:02:44, time: 0.807, data_time: 0.029, memory: 4350, loss_cls: 0.1665, loss_bbox: 0.4305, d0.loss_cls: 0.2573, d0.loss_bbox: 0.4886, d1.loss_cls: 0.1943, d1.loss_bbox: 0.4213, d2.loss_cls: 0.1840, d2.loss_bbox: 0.4225, d3.loss_cls: 0.1737, d3.loss_bbox: 0.4195, d4.loss_cls: 0.1683, d4.loss_bbox: 0.4204, loss: 3.7469, grad_norm: 19.9607
2025-06-25 02:49:08,321 - mmdet - INFO - Exp name: lidar_0075v_cam_res101.py
2025-06-25 02:49:08,321 - mmdet - INFO - Epoch [1][2000/7033]	lr: 2.000e-04, eta: 9:01:57, time: 0.803, data_time: 0.027, memory: 4350, loss_cls: 0.1821, loss_bbox: 0.4520, d0.loss_cls: 0.2727, d0.loss_bbox: 0.5123, d1.loss_cls: 0.2051, d1.loss_bbox: 0.4547, d2.loss_cls: 0.1937, d2.loss_bbox: 0.4515, d3.loss_cls: 0.1861, d3.loss_bbox: 0.4486, d4.loss_cls: 0.1824, d4.loss_bbox: 0.4432, loss: 3.9843, grad_norm: 18.7774
2025-06-25 02:49:48,859 - mmdet - INFO - Epoch [1][2050/7033]	lr: 2.000e-04, eta: 9:01:19, time: 0.811, data_time: 0.032, memory: 4350, loss_cls: 0.1627, loss_bbox: 0.4431, d0.loss_cls: 0.2470, d0.loss_bbox: 0.4680, d1.loss_cls: 0.1808, d1.loss_bbox: 0.4244, d2.loss_cls: 0.1662, d2.loss_bbox: 0.4284, d3.loss_cls: 0.1615, d3.loss_bbox: 0.4277, d4.loss_cls: 0.1624, d4.loss_bbox: 0.4299, loss: 3.7022, grad_norm: 18.5748
2025-06-25 02:50:29,013 - mmdet - INFO - Epoch [1][2100/7033]	lr: 2.000e-04, eta: 9:00:33, time: 0.803, data_time: 0.028, memory: 4350, loss_cls: 0.1689, loss_bbox: 0.4213, d0.loss_cls: 0.2560, d0.loss_bbox: 0.4891, d1.loss_cls: 0.1924, d1.loss_bbox: 0.4243, d2.loss_cls: 0.1771, d2.loss_bbox: 0.4226, d3.loss_cls: 0.1708, d3.loss_bbox: 0.4180, d4.loss_cls: 0.1699, d4.loss_bbox: 0.4154, loss: 3.7258, grad_norm: 17.8279
2025-06-25 02:51:09,568 - mmdet - INFO - Epoch [1][2150/7033]	lr: 2.000e-04, eta: 8:59:54, time: 0.811, data_time: 0.028, memory: 4350, loss_cls: 0.1731, loss_bbox: 0.4374, d0.loss_cls: 0.2520, d0.loss_bbox: 0.4846, d1.loss_cls: 0.1945, d1.loss_bbox: 0.4327, d2.loss_cls: 0.1810, d2.loss_bbox: 0.4282, d3.loss_cls: 0.1769, d3.loss_bbox: 0.4270, d4.loss_cls: 0.1766, d4.loss_bbox: 0.4266, loss: 3.7906, grad_norm: 17.2351
2025-06-25 02:51:50,084 - mmdet - INFO - Epoch [1][2200/7033]	lr: 2.000e-04, eta: 8:59:15, time: 0.810, data_time: 0.031, memory: 4350, loss_cls: 0.1591, loss_bbox: 0.4149, d0.loss_cls: 0.2474, d0.loss_bbox: 0.4696, d1.loss_cls: 0.1844, d1.loss_bbox: 0.4131, d2.loss_cls: 0.1689, d2.loss_bbox: 0.4082, d3.loss_cls: 0.1627, d3.loss_bbox: 0.4055, d4.loss_cls: 0.1605, d4.loss_bbox: 0.4082, loss: 3.6025, grad_norm: 18.4853
2025-06-25 02:52:30,429 - mmdet - INFO - Epoch [1][2250/7033]	lr: 2.000e-04, eta: 8:58:33, time: 0.807, data_time: 0.029, memory: 4350, loss_cls: 0.1590, loss_bbox: 0.4270, d0.loss_cls: 0.2529, d0.loss_bbox: 0.4712, d1.loss_cls: 0.1866, d1.loss_bbox: 0.4129, d2.loss_cls: 0.1699, d2.loss_bbox: 0.4104, d3.loss_cls: 0.1628, d3.loss_bbox: 0.4105, d4.loss_cls: 0.1587, d4.loss_bbox: 0.4167, loss: 3.6386, grad_norm: 18.6294
2025-06-25 02:53:10,909 - mmdet - INFO - Epoch [1][2300/7033]	lr: 2.000e-04, eta: 8:57:53, time: 0.810, data_time: 0.029, memory: 4350, loss_cls: 0.1593, loss_bbox: 0.4110, d0.loss_cls: 0.2533, d0.loss_bbox: 0.4671, d1.loss_cls: 0.1887, d1.loss_bbox: 0.4097, d2.loss_cls: 0.1721, d2.loss_bbox: 0.4079, d3.loss_cls: 0.1675, d3.loss_bbox: 0.4023, d4.loss_cls: 0.1603, d4.loss_bbox: 0.4058, loss: 3.6049, grad_norm: 18.6088
2025-06-25 02:53:51,307 - mmdet - INFO - Epoch [1][2350/7033]	lr: 2.000e-04, eta: 8:57:12, time: 0.808, data_time: 0.030, memory: 4350, loss_cls: 0.1621, loss_bbox: 0.4160, d0.loss_cls: 0.2556, d0.loss_bbox: 0.4802, d1.loss_cls: 0.1889, d1.loss_bbox: 0.4177, d2.loss_cls: 0.1712, d2.loss_bbox: 0.4154, d3.loss_cls: 0.1676, d3.loss_bbox: 0.4099, d4.loss_cls: 0.1614, d4.loss_bbox: 0.4103, loss: 3.6563, grad_norm: 17.4228
2025-06-25 02:54:31,740 - mmdet - INFO - Epoch [1][2400/7033]	lr: 2.000e-04, eta: 8:56:31, time: 0.809, data_time: 0.029, memory: 4350, loss_cls: 0.1499, loss_bbox: 0.4029, d0.loss_cls: 0.2388, d0.loss_bbox: 0.4658, d1.loss_cls: 0.1773, d1.loss_bbox: 0.4089, d2.loss_cls: 0.1616, d2.loss_bbox: 0.4047, d3.loss_cls: 0.1536, d3.loss_bbox: 0.3972, d4.loss_cls: 0.1515, d4.loss_bbox: 0.3964, loss: 3.5086, grad_norm: 20.1991
2025-06-25 02:55:12,013 - mmdet - INFO - Epoch [1][2450/7033]	lr: 2.000e-04, eta: 8:55:48, time: 0.805, data_time: 0.030, memory: 4350, loss_cls: 0.1565, loss_bbox: 0.4073, d0.loss_cls: 0.2474, d0.loss_bbox: 0.4620, d1.loss_cls: 0.1820, d1.loss_bbox: 0.4053, d2.loss_cls: 0.1693, d2.loss_bbox: 0.4000, d3.loss_cls: 0.1617, d3.loss_bbox: 0.4003, d4.loss_cls: 0.1591, d4.loss_bbox: 0.3993, loss: 3.5501, grad_norm: 19.1273
2025-06-25 02:55:52,169 - mmdet - INFO - Epoch [1][2500/7033]	lr: 2.000e-04, eta: 8:55:03, time: 0.803, data_time: 0.027, memory: 4350, loss_cls: 0.1573, loss_bbox: 0.4129, d0.loss_cls: 0.2475, d0.loss_bbox: 0.4671, d1.loss_cls: 0.1834, d1.loss_bbox: 0.4044, d2.loss_cls: 0.1707, d2.loss_bbox: 0.4014, d3.loss_cls: 0.1626, d3.loss_bbox: 0.4000, d4.loss_cls: 0.1593, d4.loss_bbox: 0.4040, loss: 3.5706, grad_norm: 18.4161
2025-06-25 02:56:32,539 - mmdet - INFO - Epoch [1][2550/7033]	lr: 2.000e-04, eta: 8:54:22, time: 0.808, data_time: 0.031, memory: 4350, loss_cls: 0.1532, loss_bbox: 0.4177, d0.loss_cls: 0.2467, d0.loss_bbox: 0.4598, d1.loss_cls: 0.1797, d1.loss_bbox: 0.4070, d2.loss_cls: 0.1698, d2.loss_bbox: 0.4003, d3.loss_cls: 0.1613, d3.loss_bbox: 0.3982, d4.loss_cls: 0.1551, d4.loss_bbox: 0.4033, loss: 3.5521, grad_norm: 21.1775
2025-06-25 02:57:12,941 - mmdet - INFO - Epoch [1][2600/7033]	lr: 2.000e-04, eta: 8:53:41, time: 0.808, data_time: 0.029, memory: 4350, loss_cls: 0.1535, loss_bbox: 0.4192, d0.loss_cls: 0.2480, d0.loss_bbox: 0.4597, d1.loss_cls: 0.1844, d1.loss_bbox: 0.4001, d2.loss_cls: 0.1655, d2.loss_bbox: 0.4009, d3.loss_cls: 0.1587, d3.loss_bbox: 0.3999, d4.loss_cls: 0.1541, d4.loss_bbox: 0.4037, loss: 3.5478, grad_norm: 20.5558
2025-06-25 02:57:53,101 - mmdet - INFO - Epoch [1][2650/7033]	lr: 2.000e-04, eta: 8:52:56, time: 0.803, data_time: 0.030, memory: 4350, loss_cls: 0.1518, loss_bbox: 0.4199, d0.loss_cls: 0.2418, d0.loss_bbox: 0.4719, d1.loss_cls: 0.1793, d1.loss_bbox: 0.4130, d2.loss_cls: 0.1636, d2.loss_bbox: 0.4087, d3.loss_cls: 0.1580, d3.loss_bbox: 0.4063, d4.loss_cls: 0.1539, d4.loss_bbox: 0.4105, loss: 3.5789, grad_norm: 20.7885
2025-06-25 02:58:33,395 - mmdet - INFO - Epoch [1][2700/7033]	lr: 2.000e-04, eta: 8:52:14, time: 0.806, data_time: 0.030, memory: 4350, loss_cls: 0.1602, loss_bbox: 0.3892, d0.loss_cls: 0.2546, d0.loss_bbox: 0.4523, d1.loss_cls: 0.1846, d1.loss_bbox: 0.3928, d2.loss_cls: 0.1718, d2.loss_bbox: 0.3883, d3.loss_cls: 0.1631, d3.loss_bbox: 0.3847, d4.loss_cls: 0.1595, d4.loss_bbox: 0.3838, loss: 3.4849, grad_norm: 22.3529
2025-06-25 02:59:13,841 - mmdet - INFO - Epoch [1][2750/7033]	lr: 2.000e-04, eta: 8:51:34, time: 0.809, data_time: 0.030, memory: 4350, loss_cls: 0.1541, loss_bbox: 0.4097, d0.loss_cls: 0.2561, d0.loss_bbox: 0.4664, d1.loss_cls: 0.1864, d1.loss_bbox: 0.4057, d2.loss_cls: 0.1677, d2.loss_bbox: 0.4013, d3.loss_cls: 0.1593, d3.loss_bbox: 0.3990, d4.loss_cls: 0.1565, d4.loss_bbox: 0.4015, loss: 3.5638, grad_norm: 21.2291
2025-06-25 02:59:54,456 - mmdet - INFO - Epoch [1][2800/7033]	lr: 2.000e-04, eta: 8:50:56, time: 0.812, data_time: 0.033, memory: 4350, loss_cls: 0.1468, loss_bbox: 0.3978, d0.loss_cls: 0.2486, d0.loss_bbox: 0.4505, d1.loss_cls: 0.1816, d1.loss_bbox: 0.3967, d2.loss_cls: 0.1602, d2.loss_bbox: 0.3945, d3.loss_cls: 0.1526, d3.loss_bbox: 0.3866, d4.loss_cls: 0.1498, d4.loss_bbox: 0.3896, loss: 3.4553, grad_norm: 18.6859
2025-06-25 03:00:35,006 - mmdet - INFO - Epoch [1][2850/7033]	lr: 2.000e-04, eta: 8:50:17, time: 0.811, data_time: 0.031, memory: 4350, loss_cls: 0.1405, loss_bbox: 0.3913, d0.loss_cls: 0.2395, d0.loss_bbox: 0.4430, d1.loss_cls: 0.1702, d1.loss_bbox: 0.3892, d2.loss_cls: 0.1529, d2.loss_bbox: 0.3849, d3.loss_cls: 0.1468, d3.loss_bbox: 0.3803, d4.loss_cls: 0.1423, d4.loss_bbox: 0.3840, loss: 3.3649, grad_norm: 22.1294
2025-06-25 03:01:15,838 - mmdet - INFO - Epoch [1][2900/7033]	lr: 2.000e-04, eta: 8:49:42, time: 0.817, data_time: 0.027, memory: 4350, loss_cls: 0.1411, loss_bbox: 0.3906, d0.loss_cls: 0.2399, d0.loss_bbox: 0.4396, d1.loss_cls: 0.1724, d1.loss_bbox: 0.3822, d2.loss_cls: 0.1562, d2.loss_bbox: 0.3788, d3.loss_cls: 0.1492, d3.loss_bbox: 0.3773, d4.loss_cls: 0.1437, d4.loss_bbox: 0.3806, loss: 3.3517, grad_norm: 22.7898
2025-06-25 03:01:56,451 - mmdet - INFO - Epoch [1][2950/7033]	lr: 2.000e-04, eta: 8:49:04, time: 0.812, data_time: 0.031, memory: 4350, loss_cls: 0.1554, loss_bbox: 0.4150, d0.loss_cls: 0.2542, d0.loss_bbox: 0.4557, d1.loss_cls: 0.1879, d1.loss_bbox: 0.4060, d2.loss_cls: 0.1680, d2.loss_bbox: 0.4002, d3.loss_cls: 0.1606, d3.loss_bbox: 0.3967, d4.loss_cls: 0.1569, d4.loss_bbox: 0.4021, loss: 3.5587, grad_norm: 25.5887
2025-06-25 03:02:36,734 - mmdet - INFO - Exp name: lidar_0075v_cam_res101.py
2025-06-25 03:02:36,734 - mmdet - INFO - Epoch [1][3000/7033]	lr: 2.000e-04, eta: 8:48:21, time: 0.806, data_time: 0.029, memory: 4350, loss_cls: 0.1461, loss_bbox: 0.4086, d0.loss_cls: 0.2511, d0.loss_bbox: 0.4658, d1.loss_cls: 0.1758, d1.loss_bbox: 0.4083, d2.loss_cls: 0.1599, d2.loss_bbox: 0.4030, d3.loss_cls: 0.1544, d3.loss_bbox: 0.3967, d4.loss_cls: 0.1468, d4.loss_bbox: 0.3993, loss: 3.5158, grad_norm: 19.5426
2025-06-25 03:03:17,037 - mmdet - INFO - Epoch [1][3050/7033]	lr: 2.000e-04, eta: 8:47:39, time: 0.806, data_time: 0.030, memory: 4350, loss_cls: 0.1421, loss_bbox: 0.3988, d0.loss_cls: 0.2422, d0.loss_bbox: 0.4550, d1.loss_cls: 0.1755, d1.loss_bbox: 0.3984, d2.loss_cls: 0.1583, d2.loss_bbox: 0.3914, d3.loss_cls: 0.1505, d3.loss_bbox: 0.3858, d4.loss_cls: 0.1440, d4.loss_bbox: 0.3892, loss: 3.4312, grad_norm: 25.7257
2025-06-25 03:03:57,325 - mmdet - INFO - Epoch [1][3100/7033]	lr: 2.000e-04, eta: 8:46:57, time: 0.806, data_time: 0.030, memory: 4350, loss_cls: 0.1397, loss_bbox: 0.3913, d0.loss_cls: 0.2416, d0.loss_bbox: 0.4503, d1.loss_cls: 0.1733, d1.loss_bbox: 0.3881, d2.loss_cls: 0.1559, d2.loss_bbox: 0.3832, d3.loss_cls: 0.1492, d3.loss_bbox: 0.3797, d4.loss_cls: 0.1436, d4.loss_bbox: 0.3811, loss: 3.3771, grad_norm: 20.2570
2025-06-25 03:04:37,774 - mmdet - INFO - Epoch [1][3150/7033]	lr: 2.000e-04, eta: 8:46:17, time: 0.809, data_time: 0.031, memory: 4350, loss_cls: 0.1537, loss_bbox: 0.4216, d0.loss_cls: 0.2518, d0.loss_bbox: 0.4906, d1.loss_cls: 0.1876, d1.loss_bbox: 0.4213, d2.loss_cls: 0.1684, d2.loss_bbox: 0.4132, d3.loss_cls: 0.1603, d3.loss_bbox: 0.4108, d4.loss_cls: 0.1556, d4.loss_bbox: 0.4126, loss: 3.6474, grad_norm: 22.3074
2025-06-25 03:05:18,008 - mmdet - INFO - Epoch [1][3200/7033]	lr: 2.000e-04, eta: 8:45:34, time: 0.805, data_time: 0.032, memory: 4350, loss_cls: 0.1527, loss_bbox: 0.3961, d0.loss_cls: 0.2553, d0.loss_bbox: 0.4757, d1.loss_cls: 0.1851, d1.loss_bbox: 0.4097, d2.loss_cls: 0.1684, d2.loss_bbox: 0.3958, d3.loss_cls: 0.1605, d3.loss_bbox: 0.3933, d4.loss_cls: 0.1522, d4.loss_bbox: 0.3956, loss: 3.5404, grad_norm: 21.0935
2025-06-25 03:05:58,124 - mmdet - INFO - Epoch [1][3250/7033]	lr: 2.000e-04, eta: 8:44:50, time: 0.802, data_time: 0.027, memory: 4350, loss_cls: 0.1460, loss_bbox: 0.4087, d0.loss_cls: 0.2415, d0.loss_bbox: 0.4599, d1.loss_cls: 0.1771, d1.loss_bbox: 0.3984, d2.loss_cls: 0.1582, d2.loss_bbox: 0.3970, d3.loss_cls: 0.1495, d3.loss_bbox: 0.3925, d4.loss_cls: 0.1461, d4.loss_bbox: 0.3978, loss: 3.4728, grad_norm: 20.6103
2025-06-25 03:06:38,783 - mmdet - INFO - Epoch [1][3300/7033]	lr: 2.000e-04, eta: 8:44:12, time: 0.813, data_time: 0.031, memory: 4350, loss_cls: 0.1349, loss_bbox: 0.3910, d0.loss_cls: 0.2415, d0.loss_bbox: 0.4548, d1.loss_cls: 0.1701, d1.loss_bbox: 0.3957, d2.loss_cls: 0.1527, d2.loss_bbox: 0.3830, d3.loss_cls: 0.1454, d3.loss_bbox: 0.3797, d4.loss_cls: 0.1380, d4.loss_bbox: 0.3826, loss: 3.3695, grad_norm: 22.4148
2025-06-25 03:07:19,029 - mmdet - INFO - Epoch [1][3350/7033]	lr: 2.000e-04, eta: 8:43:29, time: 0.805, data_time: 0.029, memory: 4350, loss_cls: 0.1440, loss_bbox: 0.3993, d0.loss_cls: 0.2435, d0.loss_bbox: 0.4547, d1.loss_cls: 0.1806, d1.loss_bbox: 0.3984, d2.loss_cls: 0.1595, d2.loss_bbox: 0.3887, d3.loss_cls: 0.1508, d3.loss_bbox: 0.3828, d4.loss_cls: 0.1474, d4.loss_bbox: 0.3876, loss: 3.4372, grad_norm: 21.0623
2025-06-25 03:07:59,300 - mmdet - INFO - Epoch [1][3400/7033]	lr: 2.000e-04, eta: 8:42:47, time: 0.806, data_time: 0.026, memory: 4350, loss_cls: 0.1489, loss_bbox: 0.4080, d0.loss_cls: 0.2510, d0.loss_bbox: 0.4582, d1.loss_cls: 0.1864, d1.loss_bbox: 0.3972, d2.loss_cls: 0.1646, d2.loss_bbox: 0.3918, d3.loss_cls: 0.1555, d3.loss_bbox: 0.3921, d4.loss_cls: 0.1525, d4.loss_bbox: 0.3956, loss: 3.5018, grad_norm: 32.4116
2025-06-25 03:08:39,567 - mmdet - INFO - Epoch [1][3450/7033]	lr: 2.000e-04, eta: 8:42:05, time: 0.805, data_time: 0.031, memory: 4350, loss_cls: 0.1356, loss_bbox: 0.3924, d0.loss_cls: 0.2322, d0.loss_bbox: 0.4466, d1.loss_cls: 0.1631, d1.loss_bbox: 0.3911, d2.loss_cls: 0.1497, d2.loss_bbox: 0.3834, d3.loss_cls: 0.1433, d3.loss_bbox: 0.3778, d4.loss_cls: 0.1371, d4.loss_bbox: 0.3832, loss: 3.3355, grad_norm: 20.0853
2025-06-25 03:09:19,925 - mmdet - INFO - Epoch [1][3500/7033]	lr: 2.000e-04, eta: 8:41:24, time: 0.807, data_time: 0.029, memory: 4350, loss_cls: 0.1502, loss_bbox: 0.3745, d0.loss_cls: 0.2522, d0.loss_bbox: 0.4382, d1.loss_cls: 0.1865, d1.loss_bbox: 0.3795, d2.loss_cls: 0.1678, d2.loss_bbox: 0.3675, d3.loss_cls: 0.1594, d3.loss_bbox: 0.3652, d4.loss_cls: 0.1517, d4.loss_bbox: 0.3688, loss: 3.3616, grad_norm: 22.7490
2025-06-25 03:10:00,052 - mmdet - INFO - Epoch [1][3550/7033]	lr: 2.000e-04, eta: 8:40:40, time: 0.802, data_time: 0.028, memory: 4350, loss_cls: 0.1415, loss_bbox: 0.3757, d0.loss_cls: 0.2426, d0.loss_bbox: 0.4431, d1.loss_cls: 0.1771, d1.loss_bbox: 0.3820, d2.loss_cls: 0.1575, d2.loss_bbox: 0.3729, d3.loss_cls: 0.1507, d3.loss_bbox: 0.3669, d4.loss_cls: 0.1436, d4.loss_bbox: 0.3690, loss: 3.3227, grad_norm: 20.2879
2025-06-25 03:10:40,350 - mmdet - INFO - Epoch [1][3600/7033]	lr: 2.000e-04, eta: 8:39:59, time: 0.806, data_time: 0.029, memory: 4350, loss_cls: 0.1301, loss_bbox: 0.3846, d0.loss_cls: 0.2391, d0.loss_bbox: 0.4397, d1.loss_cls: 0.1666, d1.loss_bbox: 0.3830, d2.loss_cls: 0.1456, d2.loss_bbox: 0.3747, d3.loss_cls: 0.1385, d3.loss_bbox: 0.3715, d4.loss_cls: 0.1344, d4.loss_bbox: 0.3751, loss: 3.2829, grad_norm: 21.2550
2025-06-25 03:11:20,892 - mmdet - INFO - Epoch [1][3650/7033]	lr: 2.000e-04, eta: 8:39:19, time: 0.811, data_time: 0.030, memory: 4350, loss_cls: 0.1464, loss_bbox: 0.3778, d0.loss_cls: 0.2456, d0.loss_bbox: 0.4487, d1.loss_cls: 0.1826, d1.loss_bbox: 0.3834, d2.loss_cls: 0.1637, d2.loss_bbox: 0.3693, d3.loss_cls: 0.1547, d3.loss_bbox: 0.3657, d4.loss_cls: 0.1485, d4.loss_bbox: 0.3680, loss: 3.3545, grad_norm: 26.5565
2025-06-25 03:12:01,184 - mmdet - INFO - Epoch [1][3700/7033]	lr: 2.000e-04, eta: 8:38:38, time: 0.806, data_time: 0.028, memory: 4350, loss_cls: 0.1385, loss_bbox: 0.3806, d0.loss_cls: 0.2359, d0.loss_bbox: 0.4519, d1.loss_cls: 0.1708, d1.loss_bbox: 0.3852, d2.loss_cls: 0.1492, d2.loss_bbox: 0.3788, d3.loss_cls: 0.1438, d3.loss_bbox: 0.3737, d4.loss_cls: 0.1409, d4.loss_bbox: 0.3736, loss: 3.3230, grad_norm: 17.1283
2025-06-25 03:12:41,730 - mmdet - INFO - Epoch [1][3750/7033]	lr: 2.000e-04, eta: 8:37:59, time: 0.811, data_time: 0.029, memory: 4350, loss_cls: 0.1481, loss_bbox: 0.3711, d0.loss_cls: 0.2380, d0.loss_bbox: 0.4389, d1.loss_cls: 0.1750, d1.loss_bbox: 0.3804, d2.loss_cls: 0.1585, d2.loss_bbox: 0.3720, d3.loss_cls: 0.1512, d3.loss_bbox: 0.3663, d4.loss_cls: 0.1473, d4.loss_bbox: 0.3679, loss: 3.3148, grad_norm: 20.7612
2025-06-25 03:13:22,124 - mmdet - INFO - Epoch [1][3800/7033]	lr: 2.000e-04, eta: 8:37:18, time: 0.808, data_time: 0.030, memory: 4350, loss_cls: 0.1402, loss_bbox: 0.3686, d0.loss_cls: 0.2482, d0.loss_bbox: 0.4297, d1.loss_cls: 0.1762, d1.loss_bbox: 0.3734, d2.loss_cls: 0.1570, d2.loss_bbox: 0.3669, d3.loss_cls: 0.1471, d3.loss_bbox: 0.3617, d4.loss_cls: 0.1401, d4.loss_bbox: 0.3646, loss: 3.2738, grad_norm: 23.9066
2025-06-25 03:14:02,299 - mmdet - INFO - Epoch [1][3850/7033]	lr: 2.000e-04, eta: 8:36:35, time: 0.803, data_time: 0.027, memory: 4350, loss_cls: 0.1300, loss_bbox: 0.3805, d0.loss_cls: 0.2341, d0.loss_bbox: 0.4442, d1.loss_cls: 0.1681, d1.loss_bbox: 0.3852, d2.loss_cls: 0.1450, d2.loss_bbox: 0.3755, d3.loss_cls: 0.1383, d3.loss_bbox: 0.3705, d4.loss_cls: 0.1319, d4.loss_bbox: 0.3716, loss: 3.2750, grad_norm: 27.8211
2025-06-25 03:14:42,860 - mmdet - INFO - Epoch [1][3900/7033]	lr: 2.000e-04, eta: 8:35:56, time: 0.811, data_time: 0.029, memory: 4350, loss_cls: 0.1385, loss_bbox: 0.3669, d0.loss_cls: 0.2447, d0.loss_bbox: 0.4366, d1.loss_cls: 0.1729, d1.loss_bbox: 0.3763, d2.loss_cls: 0.1548, d2.loss_bbox: 0.3657, d3.loss_cls: 0.1457, d3.loss_bbox: 0.3591, d4.loss_cls: 0.1377, d4.loss_bbox: 0.3620, loss: 3.2609, grad_norm: 22.0032
2025-06-25 03:15:23,166 - mmdet - INFO - Epoch [1][3950/7033]	lr: 2.000e-04, eta: 8:35:15, time: 0.806, data_time: 0.028, memory: 4350, loss_cls: 0.1361, loss_bbox: 0.3844, d0.loss_cls: 0.2419, d0.loss_bbox: 0.4466, d1.loss_cls: 0.1682, d1.loss_bbox: 0.3830, d2.loss_cls: 0.1508, d2.loss_bbox: 0.3732, d3.loss_cls: 0.1436, d3.loss_bbox: 0.3696, d4.loss_cls: 0.1377, d4.loss_bbox: 0.3743, loss: 3.3094, grad_norm: 20.0474
2025-06-25 03:16:03,902 - mmdet - INFO - Exp name: lidar_0075v_cam_res101.py
2025-06-25 03:16:03,902 - mmdet - INFO - Epoch [1][4000/7033]	lr: 2.000e-04, eta: 8:34:37, time: 0.815, data_time: 0.035, memory: 4350, loss_cls: 0.1393, loss_bbox: 0.3550, d0.loss_cls: 0.2374, d0.loss_bbox: 0.4250, d1.loss_cls: 0.1667, d1.loss_bbox: 0.3651, d2.loss_cls: 0.1505, d2.loss_bbox: 0.3556, d3.loss_cls: 0.1446, d3.loss_bbox: 0.3482, d4.loss_cls: 0.1397, d4.loss_bbox: 0.3498, loss: 3.1769, grad_norm: 23.1364
2025-06-25 03:16:44,584 - mmdet - INFO - Epoch [1][4050/7033]	lr: 2.000e-04, eta: 8:33:59, time: 0.814, data_time: 0.028, memory: 4350, loss_cls: 0.1371, loss_bbox: 0.3680, d0.loss_cls: 0.2378, d0.loss_bbox: 0.4372, d1.loss_cls: 0.1666, d1.loss_bbox: 0.3762, d2.loss_cls: 0.1505, d2.loss_bbox: 0.3638, d3.loss_cls: 0.1432, d3.loss_bbox: 0.3551, d4.loss_cls: 0.1360, d4.loss_bbox: 0.3601, loss: 3.2318, grad_norm: 21.3276
2025-06-25 03:17:25,060 - mmdet - INFO - Epoch [1][4100/7033]	lr: 2.000e-04, eta: 8:33:20, time: 0.810, data_time: 0.030, memory: 4350, loss_cls: 0.1353, loss_bbox: 0.3895, d0.loss_cls: 0.2418, d0.loss_bbox: 0.4493, d1.loss_cls: 0.1677, d1.loss_bbox: 0.3908, d2.loss_cls: 0.1450, d2.loss_bbox: 0.3848, d3.loss_cls: 0.1403, d3.loss_bbox: 0.3765, d4.loss_cls: 0.1365, d4.loss_bbox: 0.3816, loss: 3.3392, grad_norm: 20.7528
2025-06-25 03:18:05,292 - mmdet - INFO - Epoch [1][4150/7033]	lr: 2.000e-04, eta: 8:32:37, time: 0.805, data_time: 0.027, memory: 4350, loss_cls: 0.1259, loss_bbox: 0.3587, d0.loss_cls: 0.2365, d0.loss_bbox: 0.4223, d1.loss_cls: 0.1638, d1.loss_bbox: 0.3671, d2.loss_cls: 0.1418, d2.loss_bbox: 0.3597, d3.loss_cls: 0.1360, d3.loss_bbox: 0.3509, d4.loss_cls: 0.1290, d4.loss_bbox: 0.3513, loss: 3.1430, grad_norm: 20.7871
2025-06-25 03:18:45,404 - mmdet - INFO - Epoch [1][4200/7033]	lr: 2.000e-04, eta: 8:31:54, time: 0.802, data_time: 0.026, memory: 4350, loss_cls: 0.1309, loss_bbox: 0.3700, d0.loss_cls: 0.2396, d0.loss_bbox: 0.4387, d1.loss_cls: 0.1663, d1.loss_bbox: 0.3808, d2.loss_cls: 0.1449, d2.loss_bbox: 0.3704, d3.loss_cls: 0.1375, d3.loss_bbox: 0.3624, d4.loss_cls: 0.1330, d4.loss_bbox: 0.3637, loss: 3.2381, grad_norm: 21.5274
2025-06-25 03:19:25,728 - mmdet - INFO - Epoch [1][4250/7033]	lr: 2.000e-04, eta: 8:31:13, time: 0.807, data_time: 0.029, memory: 4350, loss_cls: 0.1277, loss_bbox: 0.3510, d0.loss_cls: 0.2312, d0.loss_bbox: 0.4219, d1.loss_cls: 0.1656, d1.loss_bbox: 0.3617, d2.loss_cls: 0.1429, d2.loss_bbox: 0.3516, d3.loss_cls: 0.1362, d3.loss_bbox: 0.3448, d4.loss_cls: 0.1305, d4.loss_bbox: 0.3447, loss: 3.1099, grad_norm: 20.3531
2025-06-25 03:20:07,014 - mmdet - INFO - Epoch [1][4300/7033]	lr: 2.000e-04, eta: 8:30:40, time: 0.826, data_time: 0.049, memory: 4350, loss_cls: 0.1300, loss_bbox: 0.3675, d0.loss_cls: 0.2444, d0.loss_bbox: 0.4429, d1.loss_cls: 0.1707, d1.loss_bbox: 0.3814, d2.loss_cls: 0.1472, d2.loss_bbox: 0.3668, d3.loss_cls: 0.1409, d3.loss_bbox: 0.3577, d4.loss_cls: 0.1309, d4.loss_bbox: 0.3617, loss: 3.2423, grad_norm: 17.6574
2025-06-25 03:20:47,679 - mmdet - INFO - Epoch [1][4350/7033]	lr: 2.000e-04, eta: 8:30:02, time: 0.813, data_time: 0.031, memory: 4350, loss_cls: 0.1319, loss_bbox: 0.3770, d0.loss_cls: 0.2309, d0.loss_bbox: 0.4320, d1.loss_cls: 0.1642, d1.loss_bbox: 0.3752, d2.loss_cls: 0.1445, d2.loss_bbox: 0.3687, d3.loss_cls: 0.1358, d3.loss_bbox: 0.3609, d4.loss_cls: 0.1320, d4.loss_bbox: 0.3677, loss: 3.2207, grad_norm: 21.0079
2025-06-25 03:21:28,113 - mmdet - INFO - Epoch [1][4400/7033]	lr: 2.000e-04, eta: 8:29:21, time: 0.808, data_time: 0.030, memory: 4350, loss_cls: 0.1278, loss_bbox: 0.3800, d0.loss_cls: 0.2412, d0.loss_bbox: 0.4498, d1.loss_cls: 0.1640, d1.loss_bbox: 0.3829, d2.loss_cls: 0.1473, d2.loss_bbox: 0.3709, d3.loss_cls: 0.1379, d3.loss_bbox: 0.3643, d4.loss_cls: 0.1306, d4.loss_bbox: 0.3689, loss: 3.2654, grad_norm: 18.8818
2025-06-25 03:22:08,525 - mmdet - INFO - Epoch [1][4450/7033]	lr: 2.000e-04, eta: 8:28:41, time: 0.809, data_time: 0.029, memory: 4350, loss_cls: 0.1373, loss_bbox: 0.3829, d0.loss_cls: 0.2359, d0.loss_bbox: 0.4491, d1.loss_cls: 0.1706, d1.loss_bbox: 0.3917, d2.loss_cls: 0.1505, d2.loss_bbox: 0.3774, d3.loss_cls: 0.1422, d3.loss_bbox: 0.3722, d4.loss_cls: 0.1383, d4.loss_bbox: 0.3742, loss: 3.3223, grad_norm: 22.3354
2025-06-25 03:22:48,915 - mmdet - INFO - Epoch [1][4500/7033]	lr: 2.000e-04, eta: 8:28:00, time: 0.808, data_time: 0.031, memory: 4350, loss_cls: 0.1297, loss_bbox: 0.3683, d0.loss_cls: 0.2341, d0.loss_bbox: 0.4337, d1.loss_cls: 0.1676, d1.loss_bbox: 0.3755, d2.loss_cls: 0.1457, d2.loss_bbox: 0.3638, d3.loss_cls: 0.1356, d3.loss_bbox: 0.3589, d4.loss_cls: 0.1306, d4.loss_bbox: 0.3624, loss: 3.2059, grad_norm: 20.6064
2025-06-25 03:23:29,242 - mmdet - INFO - Epoch [1][4550/7033]	lr: 2.000e-04, eta: 8:27:19, time: 0.807, data_time: 0.029, memory: 4350, loss_cls: 0.1362, loss_bbox: 0.3713, d0.loss_cls: 0.2496, d0.loss_bbox: 0.4458, d1.loss_cls: 0.1743, d1.loss_bbox: 0.3810, d2.loss_cls: 0.1487, d2.loss_bbox: 0.3709, d3.loss_cls: 0.1421, d3.loss_bbox: 0.3615, d4.loss_cls: 0.1371, d4.loss_bbox: 0.3632, loss: 3.2818, grad_norm: 19.9102
2025-06-25 03:24:09,499 - mmdet - INFO - Epoch [1][4600/7033]	lr: 2.000e-04, eta: 8:26:37, time: 0.805, data_time: 0.027, memory: 4350, loss_cls: 0.1369, loss_bbox: 0.3721, d0.loss_cls: 0.2326, d0.loss_bbox: 0.4340, d1.loss_cls: 0.1699, d1.loss_bbox: 0.3714, d2.loss_cls: 0.1511, d2.loss_bbox: 0.3643, d3.loss_cls: 0.1404, d3.loss_bbox: 0.3571, d4.loss_cls: 0.1364, d4.loss_bbox: 0.3636, loss: 3.2298, grad_norm: 17.4002
2025-06-25 03:24:49,714 - mmdet - INFO - Epoch [1][4650/7033]	lr: 2.000e-04, eta: 8:25:55, time: 0.804, data_time: 0.029, memory: 4350, loss_cls: 0.1303, loss_bbox: 0.3534, d0.loss_cls: 0.2351, d0.loss_bbox: 0.4298, d1.loss_cls: 0.1674, d1.loss_bbox: 0.3625, d2.loss_cls: 0.1479, d2.loss_bbox: 0.3514, d3.loss_cls: 0.1364, d3.loss_bbox: 0.3457, d4.loss_cls: 0.1321, d4.loss_bbox: 0.3449, loss: 3.1368, grad_norm: 24.2459
2025-06-25 03:25:30,058 - mmdet - INFO - Epoch [1][4700/7033]	lr: 2.000e-04, eta: 8:25:14, time: 0.807, data_time: 0.029, memory: 4350, loss_cls: 0.1317, loss_bbox: 0.3555, d0.loss_cls: 0.2365, d0.loss_bbox: 0.4343, d1.loss_cls: 0.1693, d1.loss_bbox: 0.3682, d2.loss_cls: 0.1495, d2.loss_bbox: 0.3534, d3.loss_cls: 0.1410, d3.loss_bbox: 0.3463, d4.loss_cls: 0.1350, d4.loss_bbox: 0.3487, loss: 3.1695, grad_norm: 20.8856
2025-06-25 03:26:10,524 - mmdet - INFO - Epoch [1][4750/7033]	lr: 2.000e-04, eta: 8:24:34, time: 0.809, data_time: 0.029, memory: 4350, loss_cls: 0.1202, loss_bbox: 0.3420, d0.loss_cls: 0.2256, d0.loss_bbox: 0.4122, d1.loss_cls: 0.1580, d1.loss_bbox: 0.3539, d2.loss_cls: 0.1362, d2.loss_bbox: 0.3446, d3.loss_cls: 0.1267, d3.loss_bbox: 0.3362, d4.loss_cls: 0.1201, d4.loss_bbox: 0.3370, loss: 3.0128, grad_norm: 19.5523
2025-06-25 03:26:50,588 - mmdet - INFO - Epoch [1][4800/7033]	lr: 2.000e-04, eta: 8:23:51, time: 0.801, data_time: 0.028, memory: 4350, loss_cls: 0.1212, loss_bbox: 0.3465, d0.loss_cls: 0.2394, d0.loss_bbox: 0.4143, d1.loss_cls: 0.1628, d1.loss_bbox: 0.3528, d2.loss_cls: 0.1365, d2.loss_bbox: 0.3409, d3.loss_cls: 0.1289, d3.loss_bbox: 0.3318, d4.loss_cls: 0.1241, d4.loss_bbox: 0.3368, loss: 3.0361, grad_norm: 23.6815
2025-06-25 03:27:31,207 - mmdet - INFO - Epoch [1][4850/7033]	lr: 2.000e-04, eta: 8:23:12, time: 0.812, data_time: 0.030, memory: 4350, loss_cls: 0.1387, loss_bbox: 0.3469, d0.loss_cls: 0.2424, d0.loss_bbox: 0.4248, d1.loss_cls: 0.1705, d1.loss_bbox: 0.3669, d2.loss_cls: 0.1514, d2.loss_bbox: 0.3518, d3.loss_cls: 0.1450, d3.loss_bbox: 0.3401, d4.loss_cls: 0.1403, d4.loss_bbox: 0.3404, loss: 3.1592, grad_norm: 27.3081
2025-06-25 03:28:11,357 - mmdet - INFO - Epoch [1][4900/7033]	lr: 2.000e-04, eta: 8:22:29, time: 0.803, data_time: 0.026, memory: 4350, loss_cls: 0.1359, loss_bbox: 0.3492, d0.loss_cls: 0.2365, d0.loss_bbox: 0.4347, d1.loss_cls: 0.1725, d1.loss_bbox: 0.3636, d2.loss_cls: 0.1468, d2.loss_bbox: 0.3506, d3.loss_cls: 0.1421, d3.loss_bbox: 0.3410, d4.loss_cls: 0.1356, d4.loss_bbox: 0.3422, loss: 3.1506, grad_norm: 21.1121
2025-06-25 03:28:52,901 - mmdet - INFO - Epoch [1][4950/7033]	lr: 2.000e-04, eta: 8:21:57, time: 0.831, data_time: 0.053, memory: 4350, loss_cls: 0.1357, loss_bbox: 0.3660, d0.loss_cls: 0.2492, d0.loss_bbox: 0.4533, d1.loss_cls: 0.1791, d1.loss_bbox: 0.3782, d2.loss_cls: 0.1531, d2.loss_bbox: 0.3696, d3.loss_cls: 0.1454, d3.loss_bbox: 0.3552, d4.loss_cls: 0.1378, d4.loss_bbox: 0.3594, loss: 3.2819, grad_norm: 28.7672
2025-06-25 03:29:33,138 - mmdet - INFO - Exp name: lidar_0075v_cam_res101.py
2025-06-25 03:29:33,139 - mmdet - INFO - Epoch [1][5000/7033]	lr: 2.000e-04, eta: 8:21:15, time: 0.805, data_time: 0.030, memory: 4350, loss_cls: 0.1179, loss_bbox: 0.3369, d0.loss_cls: 0.2231, d0.loss_bbox: 0.4199, d1.loss_cls: 0.1593, d1.loss_bbox: 0.3543, d2.loss_cls: 0.1342, d2.loss_bbox: 0.3442, d3.loss_cls: 0.1257, d3.loss_bbox: 0.3330, d4.loss_cls: 0.1190, d4.loss_bbox: 0.3319, loss: 2.9993, grad_norm: 27.7119
2025-06-25 03:30:13,404 - mmdet - INFO - Epoch [1][5050/7033]	lr: 2.000e-04, eta: 8:20:34, time: 0.805, data_time: 0.028, memory: 4350, loss_cls: 0.1343, loss_bbox: 0.3379, d0.loss_cls: 0.2433, d0.loss_bbox: 0.4226, d1.loss_cls: 0.1702, d1.loss_bbox: 0.3554, d2.loss_cls: 0.1520, d2.loss_bbox: 0.3439, d3.loss_cls: 0.1424, d3.loss_bbox: 0.3307, d4.loss_cls: 0.1378, d4.loss_bbox: 0.3316, loss: 3.1022, grad_norm: 20.2470
2025-06-25 03:30:53,995 - mmdet - INFO - Epoch [1][5100/7033]	lr: 2.000e-04, eta: 8:19:55, time: 0.812, data_time: 0.030, memory: 4350, loss_cls: 0.1243, loss_bbox: 0.3476, d0.loss_cls: 0.2453, d0.loss_bbox: 0.4267, d1.loss_cls: 0.1731, d1.loss_bbox: 0.3579, d2.loss_cls: 0.1468, d2.loss_bbox: 0.3454, d3.loss_cls: 0.1355, d3.loss_bbox: 0.3340, d4.loss_cls: 0.1278, d4.loss_bbox: 0.3379, loss: 3.1023, grad_norm: 26.8129
2025-06-25 03:31:34,502 - mmdet - INFO - Epoch [1][5150/7033]	lr: 2.000e-04, eta: 8:19:15, time: 0.810, data_time: 0.030, memory: 4350, loss_cls: 0.1432, loss_bbox: 0.3526, d0.loss_cls: 0.2452, d0.loss_bbox: 0.4410, d1.loss_cls: 0.1797, d1.loss_bbox: 0.3698, d2.loss_cls: 0.1537, d2.loss_bbox: 0.3590, d3.loss_cls: 0.1465, d3.loss_bbox: 0.3446, d4.loss_cls: 0.1439, d4.loss_bbox: 0.3467, loss: 3.2260, grad_norm: 23.2523
2025-06-25 03:32:14,934 - mmdet - INFO - Epoch [1][5200/7033]	lr: 2.000e-04, eta: 8:18:34, time: 0.809, data_time: 0.027, memory: 4350, loss_cls: 0.1286, loss_bbox: 0.3539, d0.loss_cls: 0.2409, d0.loss_bbox: 0.4305, d1.loss_cls: 0.1710, d1.loss_bbox: 0.3614, d2.loss_cls: 0.1481, d2.loss_bbox: 0.3523, d3.loss_cls: 0.1373, d3.loss_bbox: 0.3395, d4.loss_cls: 0.1295, d4.loss_bbox: 0.3447, loss: 3.1376, grad_norm: 39.9063
2025-06-25 03:32:55,296 - mmdet - INFO - Epoch [1][5250/7033]	lr: 2.000e-04, eta: 8:17:53, time: 0.807, data_time: 0.031, memory: 4350, loss_cls: 0.1287, loss_bbox: 0.3214, d0.loss_cls: 0.2370, d0.loss_bbox: 0.4181, d1.loss_cls: 0.1671, d1.loss_bbox: 0.3490, d2.loss_cls: 0.1438, d2.loss_bbox: 0.3399, d3.loss_cls: 0.1352, d3.loss_bbox: 0.3197, d4.loss_cls: 0.1297, d4.loss_bbox: 0.3177, loss: 3.0073, grad_norm: 26.9053
2025-06-25 03:33:35,655 - mmdet - INFO - Epoch [1][5300/7033]	lr: 2.000e-04, eta: 8:17:13, time: 0.807, data_time: 0.031, memory: 4350, loss_cls: 0.1299, loss_bbox: 0.3234, d0.loss_cls: 0.2356, d0.loss_bbox: 0.4232, d1.loss_cls: 0.1640, d1.loss_bbox: 0.3504, d2.loss_cls: 0.1447, d2.loss_bbox: 0.3379, d3.loss_cls: 0.1354, d3.loss_bbox: 0.3228, d4.loss_cls: 0.1316, d4.loss_bbox: 0.3194, loss: 3.0183, grad_norm: 18.2702
2025-06-25 03:34:16,054 - mmdet - INFO - Epoch [1][5350/7033]	lr: 2.000e-04, eta: 8:16:32, time: 0.808, data_time: 0.027, memory: 4350, loss_cls: 0.1332, loss_bbox: 0.3461, d0.loss_cls: 0.2419, d0.loss_bbox: 0.4452, d1.loss_cls: 0.1701, d1.loss_bbox: 0.3757, d2.loss_cls: 0.1497, d2.loss_bbox: 0.3646, d3.loss_cls: 0.1431, d3.loss_bbox: 0.3424, d4.loss_cls: 0.1361, d4.loss_bbox: 0.3407, loss: 3.1887, grad_norm: 22.9368
2025-06-25 03:34:56,476 - mmdet - INFO - Epoch [1][5400/7033]	lr: 2.000e-04, eta: 8:15:52, time: 0.808, data_time: 0.028, memory: 4350, loss_cls: 0.1285, loss_bbox: 0.3317, d0.loss_cls: 0.2411, d0.loss_bbox: 0.4277, d1.loss_cls: 0.1681, d1.loss_bbox: 0.3620, d2.loss_cls: 0.1462, d2.loss_bbox: 0.3458, d3.loss_cls: 0.1362, d3.loss_bbox: 0.3255, d4.loss_cls: 0.1297, d4.loss_bbox: 0.3266, loss: 3.0692, grad_norm: 29.0076
2025-06-25 03:35:36,784 - mmdet - INFO - Epoch [1][5450/7033]	lr: 2.000e-04, eta: 8:15:10, time: 0.806, data_time: 0.029, memory: 4350, loss_cls: 0.1278, loss_bbox: 0.3296, d0.loss_cls: 0.2441, d0.loss_bbox: 0.4355, d1.loss_cls: 0.1711, d1.loss_bbox: 0.3580, d2.loss_cls: 0.1439, d2.loss_bbox: 0.3458, d3.loss_cls: 0.1345, d3.loss_bbox: 0.3263, d4.loss_cls: 0.1290, d4.loss_bbox: 0.3252, loss: 3.0709, grad_norm: 24.2896
2025-06-25 03:36:17,248 - mmdet - INFO - Epoch [1][5500/7033]	lr: 2.000e-04, eta: 8:14:30, time: 0.809, data_time: 0.029, memory: 4350, loss_cls: 0.1334, loss_bbox: 0.3133, d0.loss_cls: 0.2334, d0.loss_bbox: 0.4103, d1.loss_cls: 0.1699, d1.loss_bbox: 0.3388, d2.loss_cls: 0.1479, d2.loss_bbox: 0.3329, d3.loss_cls: 0.1406, d3.loss_bbox: 0.3087, d4.loss_cls: 0.1341, d4.loss_bbox: 0.3104, loss: 2.9738, grad_norm: 19.4437
2025-06-25 03:36:57,383 - mmdet - INFO - Epoch [1][5550/7033]	lr: 2.000e-04, eta: 8:13:48, time: 0.802, data_time: 0.026, memory: 4350, loss_cls: 0.1232, loss_bbox: 0.3207, d0.loss_cls: 0.2406, d0.loss_bbox: 0.4232, d1.loss_cls: 0.1682, d1.loss_bbox: 0.3482, d2.loss_cls: 0.1436, d2.loss_bbox: 0.3377, d3.loss_cls: 0.1347, d3.loss_bbox: 0.3149, d4.loss_cls: 0.1266, d4.loss_bbox: 0.3146, loss: 2.9962, grad_norm: 23.6350
2025-06-25 03:37:37,785 - mmdet - INFO - Epoch [1][5600/7033]	lr: 2.000e-04, eta: 8:13:07, time: 0.808, data_time: 0.030, memory: 4350, loss_cls: 0.1238, loss_bbox: 0.3288, d0.loss_cls: 0.2341, d0.loss_bbox: 0.4220, d1.loss_cls: 0.1631, d1.loss_bbox: 0.3519, d2.loss_cls: 0.1445, d2.loss_bbox: 0.3427, d3.loss_cls: 0.1355, d3.loss_bbox: 0.3205, d4.loss_cls: 0.1275, d4.loss_bbox: 0.3229, loss: 3.0174, grad_norm: 22.3085
2025-06-25 03:38:18,080 - mmdet - INFO - Epoch [1][5650/7033]	lr: 2.000e-04, eta: 8:12:26, time: 0.806, data_time: 0.026, memory: 4350, loss_cls: 0.1355, loss_bbox: 0.3229, d0.loss_cls: 0.2406, d0.loss_bbox: 0.4247, d1.loss_cls: 0.1724, d1.loss_bbox: 0.3572, d2.loss_cls: 0.1496, d2.loss_bbox: 0.3437, d3.loss_cls: 0.1424, d3.loss_bbox: 0.3206, d4.loss_cls: 0.1371, d4.loss_bbox: 0.3192, loss: 3.0659, grad_norm: 18.7572
2025-06-25 03:38:58,246 - mmdet - INFO - Epoch [1][5700/7033]	lr: 2.000e-04, eta: 8:11:44, time: 0.803, data_time: 0.026, memory: 4350, loss_cls: 0.1180, loss_bbox: 0.3143, d0.loss_cls: 0.2268, d0.loss_bbox: 0.4135, d1.loss_cls: 0.1581, d1.loss_bbox: 0.3425, d2.loss_cls: 0.1370, d2.loss_bbox: 0.3313, d3.loss_cls: 0.1253, d3.loss_bbox: 0.3101, d4.loss_cls: 0.1183, d4.loss_bbox: 0.3114, loss: 2.9065, grad_norm: 27.0121
2025-06-25 03:39:38,759 - mmdet - INFO - Epoch [1][5750/7033]	lr: 2.000e-04, eta: 8:11:04, time: 0.810, data_time: 0.030, memory: 4350, loss_cls: 0.1182, loss_bbox: 0.3075, d0.loss_cls: 0.2289, d0.loss_bbox: 0.4183, d1.loss_cls: 0.1604, d1.loss_bbox: 0.3430, d2.loss_cls: 0.1348, d2.loss_bbox: 0.3330, d3.loss_cls: 0.1264, d3.loss_bbox: 0.3052, d4.loss_cls: 0.1201, d4.loss_bbox: 0.3039, loss: 2.8996, grad_norm: 23.9308
2025-06-25 03:40:19,944 - mmdet - INFO - Epoch [1][5800/7033]	lr: 2.000e-04, eta: 8:10:28, time: 0.824, data_time: 0.050, memory: 4350, loss_cls: 0.1234, loss_bbox: 0.3139, d0.loss_cls: 0.2340, d0.loss_bbox: 0.4213, d1.loss_cls: 0.1669, d1.loss_bbox: 0.3464, d2.loss_cls: 0.1392, d2.loss_bbox: 0.3367, d3.loss_cls: 0.1302, d3.loss_bbox: 0.3100, d4.loss_cls: 0.1242, d4.loss_bbox: 0.3101, loss: 2.9564, grad_norm: 22.5243
2025-06-25 03:41:00,140 - mmdet - INFO - Epoch [1][5850/7033]	lr: 2.000e-04, eta: 8:09:47, time: 0.804, data_time: 0.026, memory: 4350, loss_cls: 0.1178, loss_bbox: 0.3079, d0.loss_cls: 0.2365, d0.loss_bbox: 0.4184, d1.loss_cls: 0.1587, d1.loss_bbox: 0.3427, d2.loss_cls: 0.1333, d2.loss_bbox: 0.3277, d3.loss_cls: 0.1243, d3.loss_bbox: 0.3058, d4.loss_cls: 0.1184, d4.loss_bbox: 0.3048, loss: 2.8963, grad_norm: 21.9517
2025-06-25 03:41:40,579 - mmdet - INFO - Epoch [1][5900/7033]	lr: 2.000e-04, eta: 8:09:06, time: 0.809, data_time: 0.029, memory: 4350, loss_cls: 0.1250, loss_bbox: 0.3167, d0.loss_cls: 0.2401, d0.loss_bbox: 0.4283, d1.loss_cls: 0.1692, d1.loss_bbox: 0.3535, d2.loss_cls: 0.1434, d2.loss_bbox: 0.3412, d3.loss_cls: 0.1339, d3.loss_bbox: 0.3139, d4.loss_cls: 0.1271, d4.loss_bbox: 0.3136, loss: 3.0060, grad_norm: 26.3662
2025-06-25 03:42:21,034 - mmdet - INFO - Epoch [1][5950/7033]	lr: 2.000e-04, eta: 8:08:26, time: 0.809, data_time: 0.029, memory: 4350, loss_cls: 0.1250, loss_bbox: 0.3142, d0.loss_cls: 0.2306, d0.loss_bbox: 0.4237, d1.loss_cls: 0.1683, d1.loss_bbox: 0.3492, d2.loss_cls: 0.1445, d2.loss_bbox: 0.3387, d3.loss_cls: 0.1350, d3.loss_bbox: 0.3096, d4.loss_cls: 0.1269, d4.loss_bbox: 0.3095, loss: 2.9754, grad_norm: 32.8941
2025-06-25 03:43:01,325 - mmdet - INFO - Exp name: lidar_0075v_cam_res101.py
2025-06-25 03:43:01,325 - mmdet - INFO - Epoch [1][6000/7033]	lr: 2.000e-04, eta: 8:07:45, time: 0.806, data_time: 0.026, memory: 4350, loss_cls: 0.1223, loss_bbox: 0.3158, d0.loss_cls: 0.2377, d0.loss_bbox: 0.4260, d1.loss_cls: 0.1668, d1.loss_bbox: 0.3471, d2.loss_cls: 0.1421, d2.loss_bbox: 0.3362, d3.loss_cls: 0.1305, d3.loss_bbox: 0.3098, d4.loss_cls: 0.1248, d4.loss_bbox: 0.3101, loss: 2.9691, grad_norm: 31.8171
2025-06-25 03:43:41,749 - mmdet - INFO - Epoch [1][6050/7033]	lr: 2.000e-04, eta: 8:07:04, time: 0.808, data_time: 0.031, memory: 4350, loss_cls: 0.1165, loss_bbox: 0.3041, d0.loss_cls: 0.2326, d0.loss_bbox: 0.4112, d1.loss_cls: 0.1593, d1.loss_bbox: 0.3389, d2.loss_cls: 0.1362, d2.loss_bbox: 0.3252, d3.loss_cls: 0.1250, d3.loss_bbox: 0.2997, d4.loss_cls: 0.1193, d4.loss_bbox: 0.2971, loss: 2.8651, grad_norm: 28.3168
2025-06-25 03:44:22,031 - mmdet - INFO - Epoch [1][6100/7033]	lr: 2.000e-04, eta: 8:06:23, time: 0.806, data_time: 0.029, memory: 4350, loss_cls: 0.1276, loss_bbox: 0.3052, d0.loss_cls: 0.2409, d0.loss_bbox: 0.4117, d1.loss_cls: 0.1704, d1.loss_bbox: 0.3399, d2.loss_cls: 0.1458, d2.loss_bbox: 0.3276, d3.loss_cls: 0.1352, d3.loss_bbox: 0.3026, d4.loss_cls: 0.1280, d4.loss_bbox: 0.3016, loss: 2.9365, grad_norm: 19.9552
2025-06-25 03:45:02,664 - mmdet - INFO - Epoch [1][6150/7033]	lr: 2.000e-04, eta: 8:05:44, time: 0.813, data_time: 0.029, memory: 4350, loss_cls: 0.1273, loss_bbox: 0.3198, d0.loss_cls: 0.2364, d0.loss_bbox: 0.4190, d1.loss_cls: 0.1627, d1.loss_bbox: 0.3466, d2.loss_cls: 0.1406, d2.loss_bbox: 0.3393, d3.loss_cls: 0.1345, d3.loss_bbox: 0.3150, d4.loss_cls: 0.1278, d4.loss_bbox: 0.3151, loss: 2.9843, grad_norm: 16.8956
2025-06-25 03:45:43,193 - mmdet - INFO - Epoch [1][6200/7033]	lr: 2.000e-04, eta: 8:05:04, time: 0.811, data_time: 0.030, memory: 4350, loss_cls: 0.1135, loss_bbox: 0.3043, d0.loss_cls: 0.2345, d0.loss_bbox: 0.4144, d1.loss_cls: 0.1583, d1.loss_bbox: 0.3370, d2.loss_cls: 0.1318, d2.loss_bbox: 0.3277, d3.loss_cls: 0.1197, d3.loss_bbox: 0.3003, d4.loss_cls: 0.1149, d4.loss_bbox: 0.2992, loss: 2.8556, grad_norm: 18.4994
2025-06-25 03:46:23,481 - mmdet - INFO - Epoch [1][6250/7033]	lr: 2.000e-04, eta: 8:04:23, time: 0.806, data_time: 0.029, memory: 4350, loss_cls: 0.1198, loss_bbox: 0.3031, d0.loss_cls: 0.2373, d0.loss_bbox: 0.4147, d1.loss_cls: 0.1655, d1.loss_bbox: 0.3425, d2.loss_cls: 0.1372, d2.loss_bbox: 0.3302, d3.loss_cls: 0.1281, d3.loss_bbox: 0.3028, d4.loss_cls: 0.1213, d4.loss_bbox: 0.3006, loss: 2.9031, grad_norm: 20.6621
2025-06-25 03:47:03,932 - mmdet - INFO - Epoch [1][6300/7033]	lr: 2.000e-04, eta: 8:03:43, time: 0.809, data_time: 0.026, memory: 4350, loss_cls: 0.1208, loss_bbox: 0.3212, d0.loss_cls: 0.2311, d0.loss_bbox: 0.4337, d1.loss_cls: 0.1649, d1.loss_bbox: 0.3542, d2.loss_cls: 0.1397, d2.loss_bbox: 0.3404, d3.loss_cls: 0.1298, d3.loss_bbox: 0.3160, d4.loss_cls: 0.1233, d4.loss_bbox: 0.3160, loss: 2.9909, grad_norm: 25.5366
2025-06-25 03:47:44,259 - mmdet - INFO - Epoch [1][6350/7033]	lr: 2.000e-04, eta: 8:03:01, time: 0.806, data_time: 0.026, memory: 4350, loss_cls: 0.1312, loss_bbox: 0.3143, d0.loss_cls: 0.2343, d0.loss_bbox: 0.4338, d1.loss_cls: 0.1747, d1.loss_bbox: 0.3536, d2.loss_cls: 0.1532, d2.loss_bbox: 0.3405, d3.loss_cls: 0.1399, d3.loss_bbox: 0.3106, d4.loss_cls: 0.1320, d4.loss_bbox: 0.3101, loss: 3.0282, grad_norm: 26.9232
2025-06-25 03:48:24,749 - mmdet - INFO - Epoch [1][6400/7033]	lr: 2.000e-04, eta: 8:02:21, time: 0.810, data_time: 0.030, memory: 4350, loss_cls: 0.1260, loss_bbox: 0.3163, d0.loss_cls: 0.2456, d0.loss_bbox: 0.4355, d1.loss_cls: 0.1768, d1.loss_bbox: 0.3534, d2.loss_cls: 0.1470, d2.loss_bbox: 0.3403, d3.loss_cls: 0.1392, d3.loss_bbox: 0.3123, d4.loss_cls: 0.1304, d4.loss_bbox: 0.3122, loss: 3.0350, grad_norm: 23.6095
2025-06-25 03:49:05,062 - mmdet - INFO - Epoch [1][6450/7033]	lr: 2.000e-04, eta: 8:01:41, time: 0.807, data_time: 0.027, memory: 4350, loss_cls: 0.1150, loss_bbox: 0.3031, d0.loss_cls: 0.2296, d0.loss_bbox: 0.4096, d1.loss_cls: 0.1653, d1.loss_bbox: 0.3359, d2.loss_cls: 0.1361, d2.loss_bbox: 0.3259, d3.loss_cls: 0.1196, d3.loss_bbox: 0.3013, d4.loss_cls: 0.1154, d4.loss_bbox: 0.2993, loss: 2.8561, grad_norm: 29.1654
2025-06-25 03:49:45,246 - mmdet - INFO - Epoch [1][6500/7033]	lr: 2.000e-04, eta: 8:00:59, time: 0.804, data_time: 0.027, memory: 4350, loss_cls: 0.1326, loss_bbox: 0.3122, d0.loss_cls: 0.2484, d0.loss_bbox: 0.4260, d1.loss_cls: 0.1761, d1.loss_bbox: 0.3469, d2.loss_cls: 0.1502, d2.loss_bbox: 0.3366, d3.loss_cls: 0.1420, d3.loss_bbox: 0.3083, d4.loss_cls: 0.1341, d4.loss_bbox: 0.3090, loss: 3.0223, grad_norm: 21.3034
2025-06-25 03:50:25,718 - mmdet - INFO - Epoch [1][6550/7033]	lr: 2.000e-04, eta: 8:00:19, time: 0.809, data_time: 0.031, memory: 4350, loss_cls: 0.1263, loss_bbox: 0.3091, d0.loss_cls: 0.2403, d0.loss_bbox: 0.4298, d1.loss_cls: 0.1680, d1.loss_bbox: 0.3485, d2.loss_cls: 0.1424, d2.loss_bbox: 0.3352, d3.loss_cls: 0.1353, d3.loss_bbox: 0.3065, d4.loss_cls: 0.1275, d4.loss_bbox: 0.3057, loss: 2.9745, grad_norm: 25.3846
2025-06-25 03:51:05,913 - mmdet - INFO - Epoch [1][6600/7033]	lr: 2.000e-04, eta: 7:59:37, time: 0.804, data_time: 0.028, memory: 4350, loss_cls: 0.1165, loss_bbox: 0.3002, d0.loss_cls: 0.2329, d0.loss_bbox: 0.4095, d1.loss_cls: 0.1619, d1.loss_bbox: 0.3308, d2.loss_cls: 0.1351, d2.loss_bbox: 0.3202, d3.loss_cls: 0.1252, d3.loss_bbox: 0.2954, d4.loss_cls: 0.1181, d4.loss_bbox: 0.2950, loss: 2.8409, grad_norm: 28.6323
2025-06-25 03:51:46,447 - mmdet - INFO - Epoch [1][6650/7033]	lr: 2.000e-04, eta: 7:58:57, time: 0.811, data_time: 0.028, memory: 4350, loss_cls: 0.1183, loss_bbox: 0.3141, d0.loss_cls: 0.2326, d0.loss_bbox: 0.4216, d1.loss_cls: 0.1608, d1.loss_bbox: 0.3475, d2.loss_cls: 0.1360, d2.loss_bbox: 0.3327, d3.loss_cls: 0.1260, d3.loss_bbox: 0.3094, d4.loss_cls: 0.1197, d4.loss_bbox: 0.3099, loss: 2.9287, grad_norm: 24.6037
2025-06-25 03:52:26,637 - mmdet - INFO - Epoch [1][6700/7033]	lr: 2.000e-04, eta: 7:58:16, time: 0.804, data_time: 0.028, memory: 4350, loss_cls: 0.1129, loss_bbox: 0.2973, d0.loss_cls: 0.2338, d0.loss_bbox: 0.4087, d1.loss_cls: 0.1594, d1.loss_bbox: 0.3317, d2.loss_cls: 0.1332, d2.loss_bbox: 0.3216, d3.loss_cls: 0.1212, d3.loss_bbox: 0.2949, d4.loss_cls: 0.1142, d4.loss_bbox: 0.2935, loss: 2.8224, grad_norm: 25.0223
2025-06-25 03:53:06,708 - mmdet - INFO - Epoch [1][6750/7033]	lr: 2.000e-04, eta: 7:57:33, time: 0.801, data_time: 0.024, memory: 4350, loss_cls: 0.1158, loss_bbox: 0.2987, d0.loss_cls: 0.2376, d0.loss_bbox: 0.4220, d1.loss_cls: 0.1589, d1.loss_bbox: 0.3427, d2.loss_cls: 0.1355, d2.loss_bbox: 0.3224, d3.loss_cls: 0.1239, d3.loss_bbox: 0.2952, d4.loss_cls: 0.1179, d4.loss_bbox: 0.2931, loss: 2.8637, grad_norm: 25.1266
2025-06-25 03:53:46,699 - mmdet - INFO - Epoch [1][6800/7033]	lr: 2.000e-04, eta: 7:56:51, time: 0.800, data_time: 0.026, memory: 4350, loss_cls: 0.1313, loss_bbox: 0.2999, d0.loss_cls: 0.2501, d0.loss_bbox: 0.4170, d1.loss_cls: 0.1740, d1.loss_bbox: 0.3390, d2.loss_cls: 0.1480, d2.loss_bbox: 0.3218, d3.loss_cls: 0.1369, d3.loss_bbox: 0.2975, d4.loss_cls: 0.1325, d4.loss_bbox: 0.2949, loss: 2.9429, grad_norm: 25.8151
2025-06-25 03:54:26,972 - mmdet - INFO - Epoch [1][6850/7033]	lr: 2.000e-04, eta: 7:56:10, time: 0.805, data_time: 0.028, memory: 4350, loss_cls: 0.1140, loss_bbox: 0.2945, d0.loss_cls: 0.2269, d0.loss_bbox: 0.4140, d1.loss_cls: 0.1588, d1.loss_bbox: 0.3357, d2.loss_cls: 0.1360, d2.loss_bbox: 0.3187, d3.loss_cls: 0.1245, d3.loss_bbox: 0.2929, d4.loss_cls: 0.1163, d4.loss_bbox: 0.2909, loss: 2.8231, grad_norm: 28.4222
2025-06-25 03:55:07,116 - mmdet - INFO - Epoch [1][6900/7033]	lr: 2.000e-04, eta: 7:55:28, time: 0.803, data_time: 0.027, memory: 4350, loss_cls: 0.1166, loss_bbox: 0.3046, d0.loss_cls: 0.2295, d0.loss_bbox: 0.4229, d1.loss_cls: 0.1583, d1.loss_bbox: 0.3380, d2.loss_cls: 0.1342, d2.loss_bbox: 0.3249, d3.loss_cls: 0.1241, d3.loss_bbox: 0.3027, d4.loss_cls: 0.1179, d4.loss_bbox: 0.3013, loss: 2.8751, grad_norm: 22.6369
2025-06-25 03:55:47,374 - mmdet - INFO - Epoch [1][6950/7033]	lr: 2.000e-04, eta: 7:54:47, time: 0.805, data_time: 0.026, memory: 4350, loss_cls: 0.1120, loss_bbox: 0.2935, d0.loss_cls: 0.2250, d0.loss_bbox: 0.4159, d1.loss_cls: 0.1581, d1.loss_bbox: 0.3303, d2.loss_cls: 0.1293, d2.loss_bbox: 0.3176, d3.loss_cls: 0.1192, d3.loss_bbox: 0.2937, d4.loss_cls: 0.1152, d4.loss_bbox: 0.2895, loss: 2.7993, grad_norm: 28.6844
2025-06-25 03:56:27,820 - mmdet - INFO - Exp name: lidar_0075v_cam_res101.py
2025-06-25 03:56:27,821 - mmdet - INFO - Epoch [1][7000/7033]	lr: 2.000e-04, eta: 7:54:06, time: 0.809, data_time: 0.029, memory: 4350, loss_cls: 0.1177, loss_bbox: 0.3006, d0.loss_cls: 0.2267, d0.loss_bbox: 0.4206, d1.loss_cls: 0.1596, d1.loss_bbox: 0.3328, d2.loss_cls: 0.1349, d2.loss_bbox: 0.3214, d3.loss_cls: 0.1263, d3.loss_bbox: 0.2946, d4.loss_cls: 0.1218, d4.loss_bbox: 0.2952, loss: 2.8522, grad_norm: 25.8162
2025-06-25 03:56:54,586 - mmdet - INFO - Saving checkpoint at 1 epochs
