2025-06-25 12:49:11,377 - mmdet - INFO - 分布式训练: True
2025-06-25 12:49:11,377 - mmdet - INFO - 设置随机种子为 0, deterministic: False
2025-06-25 12:49:11,689 - mmdet - INFO - initialize SECOND with init_cfg {'type': 'Kaiming', 'layer': 'Conv2d'}
2025-06-25 12:49:11,700 - mmdet - INFO - initialize FPN with init_cfg {'type': 'Xavier', 'layer': 'Conv2d', 'distribution': 'uniform'}
2025-06-25 12:49:11,730 - mmdet - INFO - initialize ResNet with init_cfg [{'type': 'Kaiming', 'layer': 'Conv2d'}, {'type': 'Constant', 'val': 1, 'layer': ['_BatchNorm', 'GroupNorm']}]
2025-06-25 12:49:11,801 - mmdet - INFO - initialize Bottleneck with init_cfg {'type': 'Constant', 'val': 0, 'override': {'name': 'norm3'}}
2025-06-25 12:49:11,801 - mmdet - INFO - initialize Bottleneck with init_cfg {'type': 'Constant', 'val': 0, 'override': {'name': 'norm3'}}
2025-06-25 12:49:11,801 - mmdet - INFO - initialize Bottleneck with init_cfg {'type': 'Constant', 'val': 0, 'override': {'name': 'norm3'}}
2025-06-25 12:49:11,801 - mmdet - INFO - initialize Bottleneck with init_cfg {'type': 'Constant', 'val': 0, 'override': {'name': 'norm3'}}
2025-06-25 12:49:11,802 - mmdet - INFO - initialize Bottleneck with init_cfg {'type': 'Constant', 'val': 0, 'override': {'name': 'norm3'}}
2025-06-25 12:49:11,802 - mmdet - INFO - initialize Bottleneck with init_cfg {'type': 'Constant', 'val': 0, 'override': {'name': 'norm3'}}
2025-06-25 12:49:11,802 - mmdet - INFO - initialize Bottleneck with init_cfg {'type': 'Constant', 'val': 0, 'override': {'name': 'norm3'}}
2025-06-25 12:49:11,803 - mmdet - INFO - initialize Bottleneck with init_cfg {'type': 'Constant', 'val': 0, 'override': {'name': 'norm3'}}
2025-06-25 12:49:11,805 - mmdet - INFO - initialize Bottleneck with init_cfg {'type': 'Constant', 'val': 0, 'override': {'name': 'norm3'}}
2025-06-25 12:49:11,807 - mmdet - INFO - initialize Bottleneck with init_cfg {'type': 'Constant', 'val': 0, 'override': {'name': 'norm3'}}
2025-06-25 12:49:11,809 - mmdet - INFO - initialize Bottleneck with init_cfg {'type': 'Constant', 'val': 0, 'override': {'name': 'norm3'}}
2025-06-25 12:49:11,811 - mmdet - INFO - initialize Bottleneck with init_cfg {'type': 'Constant', 'val': 0, 'override': {'name': 'norm3'}}
2025-06-25 12:49:11,812 - mmdet - INFO - initialize Bottleneck with init_cfg {'type': 'Constant', 'val': 0, 'override': {'name': 'norm3'}}
2025-06-25 12:49:11,814 - mmdet - INFO - initialize Bottleneck with init_cfg {'type': 'Constant', 'val': 0, 'override': {'name': 'norm3'}}
2025-06-25 12:49:11,816 - mmdet - INFO - initialize Bottleneck with init_cfg {'type': 'Constant', 'val': 0, 'override': {'name': 'norm3'}}
2025-06-25 12:49:11,818 - mmdet - INFO - initialize Bottleneck with init_cfg {'type': 'Constant', 'val': 0, 'override': {'name': 'norm3'}}
2025-06-25 12:49:11,820 - mmdet - INFO - initialize Bottleneck with init_cfg {'type': 'Constant', 'val': 0, 'override': {'name': 'norm3'}}
2025-06-25 12:49:11,822 - mmdet - INFO - initialize Bottleneck with init_cfg {'type': 'Constant', 'val': 0, 'override': {'name': 'norm3'}}
2025-06-25 12:49:11,824 - mmdet - INFO - initialize Bottleneck with init_cfg {'type': 'Constant', 'val': 0, 'override': {'name': 'norm3'}}
2025-06-25 12:49:11,826 - mmdet - INFO - initialize Bottleneck with init_cfg {'type': 'Constant', 'val': 0, 'override': {'name': 'norm3'}}
2025-06-25 12:49:11,828 - mmdet - INFO - initialize Bottleneck with init_cfg {'type': 'Constant', 'val': 0, 'override': {'name': 'norm3'}}
2025-06-25 12:49:11,830 - mmdet - INFO - initialize Bottleneck with init_cfg {'type': 'Constant', 'val': 0, 'override': {'name': 'norm3'}}
2025-06-25 12:49:11,832 - mmdet - INFO - initialize Bottleneck with init_cfg {'type': 'Constant', 'val': 0, 'override': {'name': 'norm3'}}
2025-06-25 12:49:11,834 - mmdet - INFO - initialize Bottleneck with init_cfg {'type': 'Constant', 'val': 0, 'override': {'name': 'norm3'}}
2025-06-25 12:49:11,836 - mmdet - INFO - initialize Bottleneck with init_cfg {'type': 'Constant', 'val': 0, 'override': {'name': 'norm3'}}
2025-06-25 12:49:11,838 - mmdet - INFO - initialize Bottleneck with init_cfg {'type': 'Constant', 'val': 0, 'override': {'name': 'norm3'}}
2025-06-25 12:49:11,840 - mmdet - INFO - initialize Bottleneck with init_cfg {'type': 'Constant', 'val': 0, 'override': {'name': 'norm3'}}
2025-06-25 12:49:11,841 - mmdet - INFO - initialize Bottleneck with init_cfg {'type': 'Constant', 'val': 0, 'override': {'name': 'norm3'}}
2025-06-25 12:49:11,843 - mmdet - INFO - initialize Bottleneck with init_cfg {'type': 'Constant', 'val': 0, 'override': {'name': 'norm3'}}
2025-06-25 12:49:11,845 - mmdet - INFO - initialize Bottleneck with init_cfg {'type': 'Constant', 'val': 0, 'override': {'name': 'norm3'}}
2025-06-25 12:49:11,853 - mmdet - INFO - initialize Bottleneck with init_cfg {'type': 'Constant', 'val': 0, 'override': {'name': 'norm3'}}
2025-06-25 12:49:11,861 - mmdet - INFO - initialize Bottleneck with init_cfg {'type': 'Constant', 'val': 0, 'override': {'name': 'norm3'}}
2025-06-25 12:49:11,868 - mmdet - INFO - initialize Bottleneck with init_cfg {'type': 'Constant', 'val': 0, 'override': {'name': 'norm3'}}
2025-06-25 12:49:11,887 - mmdet - INFO - initialize FPN with init_cfg {'type': 'Xavier', 'layer': 'Conv2d', 'distribution': 'uniform'}
Name of parameter - Initialization information

pts_middle_encoder.conv_input.0.weight - torch.Size([16, 3, 3, 3, 5]): 
The value is the same before and after calling `init_weights` of FUTR3D  

pts_middle_encoder.conv_input.1.weight - torch.Size([16]): 
The value is the same before and after calling `init_weights` of FUTR3D  

pts_middle_encoder.conv_input.1.bias - torch.Size([16]): 
The value is the same before and after calling `init_weights` of FUTR3D  

pts_middle_encoder.encoder_layers.encoder_layer1.0.conv1.weight - torch.Size([16, 3, 3, 3, 16]): 
The value is the same before and after calling `init_weights` of FUTR3D  

pts_middle_encoder.encoder_layers.encoder_layer1.0.bn1.weight - torch.Size([16]): 
The value is the same before and after calling `init_weights` of FUTR3D  

pts_middle_encoder.encoder_layers.encoder_layer1.0.bn1.bias - torch.Size([16]): 
The value is the same before and after calling `init_weights` of FUTR3D  

pts_middle_encoder.encoder_layers.encoder_layer1.0.conv2.weight - torch.Size([16, 3, 3, 3, 16]): 
The value is the same before and after calling `init_weights` of FUTR3D  

pts_middle_encoder.encoder_layers.encoder_layer1.0.bn2.weight - torch.Size([16]): 
The value is the same before and after calling `init_weights` of FUTR3D  

pts_middle_encoder.encoder_layers.encoder_layer1.0.bn2.bias - torch.Size([16]): 
The value is the same before and after calling `init_weights` of FUTR3D  

pts_middle_encoder.encoder_layers.encoder_layer1.1.conv1.weight - torch.Size([16, 3, 3, 3, 16]): 
The value is the same before and after calling `init_weights` of FUTR3D  

pts_middle_encoder.encoder_layers.encoder_layer1.1.bn1.weight - torch.Size([16]): 
The value is the same before and after calling `init_weights` of FUTR3D  

pts_middle_encoder.encoder_layers.encoder_layer1.1.bn1.bias - torch.Size([16]): 
The value is the same before and after calling `init_weights` of FUTR3D  

pts_middle_encoder.encoder_layers.encoder_layer1.1.conv2.weight - torch.Size([16, 3, 3, 3, 16]): 
The value is the same before and after calling `init_weights` of FUTR3D  

pts_middle_encoder.encoder_layers.encoder_layer1.1.bn2.weight - torch.Size([16]): 
The value is the same before and after calling `init_weights` of FUTR3D  

pts_middle_encoder.encoder_layers.encoder_layer1.1.bn2.bias - torch.Size([16]): 
The value is the same before and after calling `init_weights` of FUTR3D  

pts_middle_encoder.encoder_layers.encoder_layer1.2.0.weight - torch.Size([32, 3, 3, 3, 16]): 
The value is the same before and after calling `init_weights` of FUTR3D  

pts_middle_encoder.encoder_layers.encoder_layer1.2.1.weight - torch.Size([32]): 
The value is the same before and after calling `init_weights` of FUTR3D  

pts_middle_encoder.encoder_layers.encoder_layer1.2.1.bias - torch.Size([32]): 
The value is the same before and after calling `init_weights` of FUTR3D  

pts_middle_encoder.encoder_layers.encoder_layer2.0.conv1.weight - torch.Size([32, 3, 3, 3, 32]): 
The value is the same before and after calling `init_weights` of FUTR3D  

pts_middle_encoder.encoder_layers.encoder_layer2.0.bn1.weight - torch.Size([32]): 
The value is the same before and after calling `init_weights` of FUTR3D  

pts_middle_encoder.encoder_layers.encoder_layer2.0.bn1.bias - torch.Size([32]): 
The value is the same before and after calling `init_weights` of FUTR3D  

pts_middle_encoder.encoder_layers.encoder_layer2.0.conv2.weight - torch.Size([32, 3, 3, 3, 32]): 
The value is the same before and after calling `init_weights` of FUTR3D  

pts_middle_encoder.encoder_layers.encoder_layer2.0.bn2.weight - torch.Size([32]): 
The value is the same before and after calling `init_weights` of FUTR3D  

pts_middle_encoder.encoder_layers.encoder_layer2.0.bn2.bias - torch.Size([32]): 
The value is the same before and after calling `init_weights` of FUTR3D  

pts_middle_encoder.encoder_layers.encoder_layer2.1.conv1.weight - torch.Size([32, 3, 3, 3, 32]): 
The value is the same before and after calling `init_weights` of FUTR3D  

pts_middle_encoder.encoder_layers.encoder_layer2.1.bn1.weight - torch.Size([32]): 
The value is the same before and after calling `init_weights` of FUTR3D  

pts_middle_encoder.encoder_layers.encoder_layer2.1.bn1.bias - torch.Size([32]): 
The value is the same before and after calling `init_weights` of FUTR3D  

pts_middle_encoder.encoder_layers.encoder_layer2.1.conv2.weight - torch.Size([32, 3, 3, 3, 32]): 
The value is the same before and after calling `init_weights` of FUTR3D  

pts_middle_encoder.encoder_layers.encoder_layer2.1.bn2.weight - torch.Size([32]): 
The value is the same before and after calling `init_weights` of FUTR3D  

pts_middle_encoder.encoder_layers.encoder_layer2.1.bn2.bias - torch.Size([32]): 
The value is the same before and after calling `init_weights` of FUTR3D  

pts_middle_encoder.encoder_layers.encoder_layer2.2.0.weight - torch.Size([64, 3, 3, 3, 32]): 
The value is the same before and after calling `init_weights` of FUTR3D  

pts_middle_encoder.encoder_layers.encoder_layer2.2.1.weight - torch.Size([64]): 
The value is the same before and after calling `init_weights` of FUTR3D  

pts_middle_encoder.encoder_layers.encoder_layer2.2.1.bias - torch.Size([64]): 
The value is the same before and after calling `init_weights` of FUTR3D  

pts_middle_encoder.encoder_layers.encoder_layer3.0.conv1.weight - torch.Size([64, 3, 3, 3, 64]): 
The value is the same before and after calling `init_weights` of FUTR3D  

pts_middle_encoder.encoder_layers.encoder_layer3.0.bn1.weight - torch.Size([64]): 
The value is the same before and after calling `init_weights` of FUTR3D  

pts_middle_encoder.encoder_layers.encoder_layer3.0.bn1.bias - torch.Size([64]): 
The value is the same before and after calling `init_weights` of FUTR3D  

pts_middle_encoder.encoder_layers.encoder_layer3.0.conv2.weight - torch.Size([64, 3, 3, 3, 64]): 
The value is the same before and after calling `init_weights` of FUTR3D  

pts_middle_encoder.encoder_layers.encoder_layer3.0.bn2.weight - torch.Size([64]): 
The value is the same before and after calling `init_weights` of FUTR3D  

pts_middle_encoder.encoder_layers.encoder_layer3.0.bn2.bias - torch.Size([64]): 
The value is the same before and after calling `init_weights` of FUTR3D  

pts_middle_encoder.encoder_layers.encoder_layer3.1.conv1.weight - torch.Size([64, 3, 3, 3, 64]): 
The value is the same before and after calling `init_weights` of FUTR3D  

pts_middle_encoder.encoder_layers.encoder_layer3.1.bn1.weight - torch.Size([64]): 
The value is the same before and after calling `init_weights` of FUTR3D  

pts_middle_encoder.encoder_layers.encoder_layer3.1.bn1.bias - torch.Size([64]): 
The value is the same before and after calling `init_weights` of FUTR3D  

pts_middle_encoder.encoder_layers.encoder_layer3.1.conv2.weight - torch.Size([64, 3, 3, 3, 64]): 
The value is the same before and after calling `init_weights` of FUTR3D  

pts_middle_encoder.encoder_layers.encoder_layer3.1.bn2.weight - torch.Size([64]): 
The value is the same before and after calling `init_weights` of FUTR3D  

pts_middle_encoder.encoder_layers.encoder_layer3.1.bn2.bias - torch.Size([64]): 
The value is the same before and after calling `init_weights` of FUTR3D  

pts_middle_encoder.encoder_layers.encoder_layer3.2.0.weight - torch.Size([128, 3, 3, 3, 64]): 
The value is the same before and after calling `init_weights` of FUTR3D  

pts_middle_encoder.encoder_layers.encoder_layer3.2.1.weight - torch.Size([128]): 
The value is the same before and after calling `init_weights` of FUTR3D  

pts_middle_encoder.encoder_layers.encoder_layer3.2.1.bias - torch.Size([128]): 
The value is the same before and after calling `init_weights` of FUTR3D  

pts_middle_encoder.encoder_layers.encoder_layer4.0.conv1.weight - torch.Size([128, 3, 3, 3, 128]): 
The value is the same before and after calling `init_weights` of FUTR3D  

pts_middle_encoder.encoder_layers.encoder_layer4.0.bn1.weight - torch.Size([128]): 
The value is the same before and after calling `init_weights` of FUTR3D  

pts_middle_encoder.encoder_layers.encoder_layer4.0.bn1.bias - torch.Size([128]): 
The value is the same before and after calling `init_weights` of FUTR3D  

pts_middle_encoder.encoder_layers.encoder_layer4.0.conv2.weight - torch.Size([128, 3, 3, 3, 128]): 
The value is the same before and after calling `init_weights` of FUTR3D  

pts_middle_encoder.encoder_layers.encoder_layer4.0.bn2.weight - torch.Size([128]): 
The value is the same before and after calling `init_weights` of FUTR3D  

pts_middle_encoder.encoder_layers.encoder_layer4.0.bn2.bias - torch.Size([128]): 
The value is the same before and after calling `init_weights` of FUTR3D  

pts_middle_encoder.encoder_layers.encoder_layer4.1.conv1.weight - torch.Size([128, 3, 3, 3, 128]): 
The value is the same before and after calling `init_weights` of FUTR3D  

pts_middle_encoder.encoder_layers.encoder_layer4.1.bn1.weight - torch.Size([128]): 
The value is the same before and after calling `init_weights` of FUTR3D  

pts_middle_encoder.encoder_layers.encoder_layer4.1.bn1.bias - torch.Size([128]): 
The value is the same before and after calling `init_weights` of FUTR3D  

pts_middle_encoder.encoder_layers.encoder_layer4.1.conv2.weight - torch.Size([128, 3, 3, 3, 128]): 
The value is the same before and after calling `init_weights` of FUTR3D  

pts_middle_encoder.encoder_layers.encoder_layer4.1.bn2.weight - torch.Size([128]): 
The value is the same before and after calling `init_weights` of FUTR3D  

pts_middle_encoder.encoder_layers.encoder_layer4.1.bn2.bias - torch.Size([128]): 
The value is the same before and after calling `init_weights` of FUTR3D  

pts_middle_encoder.conv_out.0.weight - torch.Size([128, 3, 1, 1, 128]): 
The value is the same before and after calling `init_weights` of FUTR3D  

pts_middle_encoder.conv_out.1.weight - torch.Size([128]): 
The value is the same before and after calling `init_weights` of FUTR3D  

pts_middle_encoder.conv_out.1.bias - torch.Size([128]): 
The value is the same before and after calling `init_weights` of FUTR3D  

pts_backbone.blocks.0.0.weight - torch.Size([128, 256, 3, 3]): 
KaimingInit: a=0, mode=fan_out, nonlinearity=relu, distribution =normal, bias=0 

pts_backbone.blocks.0.1.weight - torch.Size([128]): 
The value is the same before and after calling `init_weights` of FUTR3D  

pts_backbone.blocks.0.1.bias - torch.Size([128]): 
The value is the same before and after calling `init_weights` of FUTR3D  

pts_backbone.blocks.0.3.weight - torch.Size([128, 128, 3, 3]): 
KaimingInit: a=0, mode=fan_out, nonlinearity=relu, distribution =normal, bias=0 

pts_backbone.blocks.0.4.weight - torch.Size([128]): 
The value is the same before and after calling `init_weights` of FUTR3D  

pts_backbone.blocks.0.4.bias - torch.Size([128]): 
The value is the same before and after calling `init_weights` of FUTR3D  

pts_backbone.blocks.0.6.weight - torch.Size([128, 128, 3, 3]): 
KaimingInit: a=0, mode=fan_out, nonlinearity=relu, distribution =normal, bias=0 

pts_backbone.blocks.0.7.weight - torch.Size([128]): 
The value is the same before and after calling `init_weights` of FUTR3D  

pts_backbone.blocks.0.7.bias - torch.Size([128]): 
The value is the same before and after calling `init_weights` of FUTR3D  

pts_backbone.blocks.0.9.weight - torch.Size([128, 128, 3, 3]): 
KaimingInit: a=0, mode=fan_out, nonlinearity=relu, distribution =normal, bias=0 

pts_backbone.blocks.0.10.weight - torch.Size([128]): 
The value is the same before and after calling `init_weights` of FUTR3D  

pts_backbone.blocks.0.10.bias - torch.Size([128]): 
The value is the same before and after calling `init_weights` of FUTR3D  

pts_backbone.blocks.0.12.weight - torch.Size([128, 128, 3, 3]): 
KaimingInit: a=0, mode=fan_out, nonlinearity=relu, distribution =normal, bias=0 

pts_backbone.blocks.0.13.weight - torch.Size([128]): 
The value is the same before and after calling `init_weights` of FUTR3D  

pts_backbone.blocks.0.13.bias - torch.Size([128]): 
The value is the same before and after calling `init_weights` of FUTR3D  

pts_backbone.blocks.0.15.weight - torch.Size([128, 128, 3, 3]): 
KaimingInit: a=0, mode=fan_out, nonlinearity=relu, distribution =normal, bias=0 

pts_backbone.blocks.0.16.weight - torch.Size([128]): 
The value is the same before and after calling `init_weights` of FUTR3D  

pts_backbone.blocks.0.16.bias - torch.Size([128]): 
The value is the same before and after calling `init_weights` of FUTR3D  

pts_backbone.blocks.1.0.weight - torch.Size([256, 128, 3, 3]): 
KaimingInit: a=0, mode=fan_out, nonlinearity=relu, distribution =normal, bias=0 

pts_backbone.blocks.1.1.weight - torch.Size([256]): 
The value is the same before and after calling `init_weights` of FUTR3D  

pts_backbone.blocks.1.1.bias - torch.Size([256]): 
The value is the same before and after calling `init_weights` of FUTR3D  

pts_backbone.blocks.1.3.weight - torch.Size([256, 256, 3, 3]): 
KaimingInit: a=0, mode=fan_out, nonlinearity=relu, distribution =normal, bias=0 

pts_backbone.blocks.1.4.weight - torch.Size([256]): 
The value is the same before and after calling `init_weights` of FUTR3D  

pts_backbone.blocks.1.4.bias - torch.Size([256]): 
The value is the same before and after calling `init_weights` of FUTR3D  

pts_backbone.blocks.1.6.weight - torch.Size([256, 256, 3, 3]): 
KaimingInit: a=0, mode=fan_out, nonlinearity=relu, distribution =normal, bias=0 

pts_backbone.blocks.1.7.weight - torch.Size([256]): 
The value is the same before and after calling `init_weights` of FUTR3D  

pts_backbone.blocks.1.7.bias - torch.Size([256]): 
The value is the same before and after calling `init_weights` of FUTR3D  

pts_backbone.blocks.1.9.weight - torch.Size([256, 256, 3, 3]): 
KaimingInit: a=0, mode=fan_out, nonlinearity=relu, distribution =normal, bias=0 

pts_backbone.blocks.1.10.weight - torch.Size([256]): 
The value is the same before and after calling `init_weights` of FUTR3D  

pts_backbone.blocks.1.10.bias - torch.Size([256]): 
The value is the same before and after calling `init_weights` of FUTR3D  

pts_backbone.blocks.1.12.weight - torch.Size([256, 256, 3, 3]): 
KaimingInit: a=0, mode=fan_out, nonlinearity=relu, distribution =normal, bias=0 

pts_backbone.blocks.1.13.weight - torch.Size([256]): 
The value is the same before and after calling `init_weights` of FUTR3D  

pts_backbone.blocks.1.13.bias - torch.Size([256]): 
The value is the same before and after calling `init_weights` of FUTR3D  

pts_backbone.blocks.1.15.weight - torch.Size([256, 256, 3, 3]): 
KaimingInit: a=0, mode=fan_out, nonlinearity=relu, distribution =normal, bias=0 

pts_backbone.blocks.1.16.weight - torch.Size([256]): 
The value is the same before and after calling `init_weights` of FUTR3D  

pts_backbone.blocks.1.16.bias - torch.Size([256]): 
The value is the same before and after calling `init_weights` of FUTR3D  

pts_neck.lateral_convs.0.conv.weight - torch.Size([256, 128, 1, 1]): 
XavierInit: gain=1, distribution=uniform, bias=0 

pts_neck.lateral_convs.0.bn.weight - torch.Size([256]): 
The value is the same before and after calling `init_weights` of FUTR3D  

pts_neck.lateral_convs.0.bn.bias - torch.Size([256]): 
The value is the same before and after calling `init_weights` of FUTR3D  

pts_neck.lateral_convs.1.conv.weight - torch.Size([256, 256, 1, 1]): 
XavierInit: gain=1, distribution=uniform, bias=0 

pts_neck.lateral_convs.1.bn.weight - torch.Size([256]): 
The value is the same before and after calling `init_weights` of FUTR3D  

pts_neck.lateral_convs.1.bn.bias - torch.Size([256]): 
The value is the same before and after calling `init_weights` of FUTR3D  

pts_neck.fpn_convs.0.conv.weight - torch.Size([256, 256, 3, 3]): 
XavierInit: gain=1, distribution=uniform, bias=0 

pts_neck.fpn_convs.0.bn.weight - torch.Size([256]): 
The value is the same before and after calling `init_weights` of FUTR3D  

pts_neck.fpn_convs.0.bn.bias - torch.Size([256]): 
The value is the same before and after calling `init_weights` of FUTR3D  

pts_neck.fpn_convs.1.conv.weight - torch.Size([256, 256, 3, 3]): 
XavierInit: gain=1, distribution=uniform, bias=0 

pts_neck.fpn_convs.1.bn.weight - torch.Size([256]): 
The value is the same before and after calling `init_weights` of FUTR3D  

pts_neck.fpn_convs.1.bn.bias - torch.Size([256]): 
The value is the same before and after calling `init_weights` of FUTR3D  

pts_neck.fpn_convs.2.conv.weight - torch.Size([256, 256, 3, 3]): 
XavierInit: gain=1, distribution=uniform, bias=0 

pts_neck.fpn_convs.2.bn.weight - torch.Size([256]): 
The value is the same before and after calling `init_weights` of FUTR3D  

pts_neck.fpn_convs.2.bn.bias - torch.Size([256]): 
The value is the same before and after calling `init_weights` of FUTR3D  

pts_neck.fpn_convs.3.conv.weight - torch.Size([256, 256, 3, 3]): 
XavierInit: gain=1, distribution=uniform, bias=0 

pts_neck.fpn_convs.3.bn.weight - torch.Size([256]): 
The value is the same before and after calling `init_weights` of FUTR3D  

pts_neck.fpn_convs.3.bn.bias - torch.Size([256]): 
The value is the same before and after calling `init_weights` of FUTR3D  

pts_bbox_head.transformer.level_embeds - torch.Size([4, 256]): 
Initialized by user-defined `init_weights` in FUTR3DHead  

pts_bbox_head.transformer.decoder.layers.0.attentions.0.attn.in_proj_weight - torch.Size([768, 256]): 
Initialized by user-defined `init_weights` in FUTR3DHead  

pts_bbox_head.transformer.decoder.layers.0.attentions.0.attn.in_proj_bias - torch.Size([768]): 
The value is the same before and after calling `init_weights` of FUTR3D  

pts_bbox_head.transformer.decoder.layers.0.attentions.0.attn.out_proj.weight - torch.Size([256, 256]): 
Initialized by user-defined `init_weights` in FUTR3DHead  

pts_bbox_head.transformer.decoder.layers.0.attentions.0.attn.out_proj.bias - torch.Size([256]): 
The value is the same before and after calling `init_weights` of FUTR3D  

pts_bbox_head.transformer.decoder.layers.0.attentions.1.sampling_offsets.weight - torch.Size([256, 256]): 
Initialized by user-defined `init_weights` in FUTR3DHead  

pts_bbox_head.transformer.decoder.layers.0.attentions.1.sampling_offsets.bias - torch.Size([256]): 
The value is the same before and after calling `init_weights` of FUTR3D  

pts_bbox_head.transformer.decoder.layers.0.attentions.1.attention_weights.weight - torch.Size([128, 256]): 
Initialized by user-defined `init_weights` in FUTR3DHead  

pts_bbox_head.transformer.decoder.layers.0.attentions.1.attention_weights.bias - torch.Size([128]): 
The value is the same before and after calling `init_weights` of FUTR3D  

pts_bbox_head.transformer.decoder.layers.0.attentions.1.value_proj.weight - torch.Size([256, 256]): 
Initialized by user-defined `init_weights` in FUTR3DHead  

pts_bbox_head.transformer.decoder.layers.0.attentions.1.value_proj.bias - torch.Size([256]): 
The value is the same before and after calling `init_weights` of FUTR3D  

pts_bbox_head.transformer.decoder.layers.0.attentions.1.output_proj.weight - torch.Size([256, 256]): 
Initialized by user-defined `init_weights` in FUTR3DHead  

pts_bbox_head.transformer.decoder.layers.0.attentions.1.output_proj.bias - torch.Size([256]): 
The value is the same before and after calling `init_weights` of FUTR3D  

pts_bbox_head.transformer.decoder.layers.0.attentions.1.img_attention_weights.weight - torch.Size([24, 256]): 
Initialized by user-defined `init_weights` in FUTR3DHead  

pts_bbox_head.transformer.decoder.layers.0.attentions.1.img_attention_weights.bias - torch.Size([24]): 
The value is the same before and after calling `init_weights` of FUTR3D  

pts_bbox_head.transformer.decoder.layers.0.attentions.1.img_output_proj.weight - torch.Size([256, 256]): 
Initialized by user-defined `init_weights` in FUTR3DHead  

pts_bbox_head.transformer.decoder.layers.0.attentions.1.img_output_proj.bias - torch.Size([256]): 
The value is the same before and after calling `init_weights` of FUTR3D  

pts_bbox_head.transformer.decoder.layers.0.attentions.1.position_encoder.0.weight - torch.Size([256, 3]): 
Initialized by user-defined `init_weights` in FUTR3DHead  

pts_bbox_head.transformer.decoder.layers.0.attentions.1.position_encoder.0.bias - torch.Size([256]): 
The value is the same before and after calling `init_weights` of FUTR3D  

pts_bbox_head.transformer.decoder.layers.0.attentions.1.position_encoder.1.weight - torch.Size([256]): 
The value is the same before and after calling `init_weights` of FUTR3D  

pts_bbox_head.transformer.decoder.layers.0.attentions.1.position_encoder.1.bias - torch.Size([256]): 
The value is the same before and after calling `init_weights` of FUTR3D  

pts_bbox_head.transformer.decoder.layers.0.attentions.1.position_encoder.3.weight - torch.Size([256, 256]): 
Initialized by user-defined `init_weights` in FUTR3DHead  

pts_bbox_head.transformer.decoder.layers.0.attentions.1.position_encoder.3.bias - torch.Size([256]): 
The value is the same before and after calling `init_weights` of FUTR3D  

pts_bbox_head.transformer.decoder.layers.0.attentions.1.position_encoder.4.weight - torch.Size([256]): 
The value is the same before and after calling `init_weights` of FUTR3D  

pts_bbox_head.transformer.decoder.layers.0.attentions.1.position_encoder.4.bias - torch.Size([256]): 
The value is the same before and after calling `init_weights` of FUTR3D  

pts_bbox_head.transformer.decoder.layers.0.attentions.1.modality_fusion_layer.0.weight - torch.Size([256, 512]): 
Initialized by user-defined `init_weights` in FUTR3DHead  

pts_bbox_head.transformer.decoder.layers.0.attentions.1.modality_fusion_layer.0.bias - torch.Size([256]): 
The value is the same before and after calling `init_weights` of FUTR3D  

pts_bbox_head.transformer.decoder.layers.0.attentions.1.modality_fusion_layer.1.weight - torch.Size([256]): 
The value is the same before and after calling `init_weights` of FUTR3D  

pts_bbox_head.transformer.decoder.layers.0.attentions.1.modality_fusion_layer.1.bias - torch.Size([256]): 
The value is the same before and after calling `init_weights` of FUTR3D  

pts_bbox_head.transformer.decoder.layers.0.attentions.1.modality_fusion_layer.3.weight - torch.Size([256, 256]): 
Initialized by user-defined `init_weights` in FUTR3DHead  

pts_bbox_head.transformer.decoder.layers.0.attentions.1.modality_fusion_layer.3.bias - torch.Size([256]): 
The value is the same before and after calling `init_weights` of FUTR3D  

pts_bbox_head.transformer.decoder.layers.0.attentions.1.modality_fusion_layer.4.weight - torch.Size([256]): 
The value is the same before and after calling `init_weights` of FUTR3D  

pts_bbox_head.transformer.decoder.layers.0.attentions.1.modality_fusion_layer.4.bias - torch.Size([256]): 
The value is the same before and after calling `init_weights` of FUTR3D  

pts_bbox_head.transformer.decoder.layers.0.ffns.0.layers.0.0.weight - torch.Size([1024, 256]): 
Initialized by user-defined `init_weights` in FUTR3DHead  

pts_bbox_head.transformer.decoder.layers.0.ffns.0.layers.0.0.bias - torch.Size([1024]): 
The value is the same before and after calling `init_weights` of FUTR3D  

pts_bbox_head.transformer.decoder.layers.0.ffns.0.layers.1.weight - torch.Size([256, 1024]): 
Initialized by user-defined `init_weights` in FUTR3DHead  

pts_bbox_head.transformer.decoder.layers.0.ffns.0.layers.1.bias - torch.Size([256]): 
The value is the same before and after calling `init_weights` of FUTR3D  

pts_bbox_head.transformer.decoder.layers.0.norms.0.weight - torch.Size([256]): 
The value is the same before and after calling `init_weights` of FUTR3D  

pts_bbox_head.transformer.decoder.layers.0.norms.0.bias - torch.Size([256]): 
The value is the same before and after calling `init_weights` of FUTR3D  

pts_bbox_head.transformer.decoder.layers.0.norms.1.weight - torch.Size([256]): 
The value is the same before and after calling `init_weights` of FUTR3D  

pts_bbox_head.transformer.decoder.layers.0.norms.1.bias - torch.Size([256]): 
The value is the same before and after calling `init_weights` of FUTR3D  

pts_bbox_head.transformer.decoder.layers.0.norms.2.weight - torch.Size([256]): 
The value is the same before and after calling `init_weights` of FUTR3D  

pts_bbox_head.transformer.decoder.layers.0.norms.2.bias - torch.Size([256]): 
The value is the same before and after calling `init_weights` of FUTR3D  

pts_bbox_head.transformer.decoder.layers.1.attentions.0.attn.in_proj_weight - torch.Size([768, 256]): 
Initialized by user-defined `init_weights` in FUTR3DHead  

pts_bbox_head.transformer.decoder.layers.1.attentions.0.attn.in_proj_bias - torch.Size([768]): 
The value is the same before and after calling `init_weights` of FUTR3D  

pts_bbox_head.transformer.decoder.layers.1.attentions.0.attn.out_proj.weight - torch.Size([256, 256]): 
Initialized by user-defined `init_weights` in FUTR3DHead  

pts_bbox_head.transformer.decoder.layers.1.attentions.0.attn.out_proj.bias - torch.Size([256]): 
The value is the same before and after calling `init_weights` of FUTR3D  

pts_bbox_head.transformer.decoder.layers.1.attentions.1.sampling_offsets.weight - torch.Size([256, 256]): 
Initialized by user-defined `init_weights` in FUTR3DHead  

pts_bbox_head.transformer.decoder.layers.1.attentions.1.sampling_offsets.bias - torch.Size([256]): 
The value is the same before and after calling `init_weights` of FUTR3D  

pts_bbox_head.transformer.decoder.layers.1.attentions.1.attention_weights.weight - torch.Size([128, 256]): 
Initialized by user-defined `init_weights` in FUTR3DHead  

pts_bbox_head.transformer.decoder.layers.1.attentions.1.attention_weights.bias - torch.Size([128]): 
The value is the same before and after calling `init_weights` of FUTR3D  

pts_bbox_head.transformer.decoder.layers.1.attentions.1.value_proj.weight - torch.Size([256, 256]): 
Initialized by user-defined `init_weights` in FUTR3DHead  

pts_bbox_head.transformer.decoder.layers.1.attentions.1.value_proj.bias - torch.Size([256]): 
The value is the same before and after calling `init_weights` of FUTR3D  

pts_bbox_head.transformer.decoder.layers.1.attentions.1.output_proj.weight - torch.Size([256, 256]): 
Initialized by user-defined `init_weights` in FUTR3DHead  

pts_bbox_head.transformer.decoder.layers.1.attentions.1.output_proj.bias - torch.Size([256]): 
The value is the same before and after calling `init_weights` of FUTR3D  

pts_bbox_head.transformer.decoder.layers.1.attentions.1.img_attention_weights.weight - torch.Size([24, 256]): 
Initialized by user-defined `init_weights` in FUTR3DHead  

pts_bbox_head.transformer.decoder.layers.1.attentions.1.img_attention_weights.bias - torch.Size([24]): 
The value is the same before and after calling `init_weights` of FUTR3D  

pts_bbox_head.transformer.decoder.layers.1.attentions.1.img_output_proj.weight - torch.Size([256, 256]): 
Initialized by user-defined `init_weights` in FUTR3DHead  

pts_bbox_head.transformer.decoder.layers.1.attentions.1.img_output_proj.bias - torch.Size([256]): 
The value is the same before and after calling `init_weights` of FUTR3D  

pts_bbox_head.transformer.decoder.layers.1.attentions.1.position_encoder.0.weight - torch.Size([256, 3]): 
Initialized by user-defined `init_weights` in FUTR3DHead  

pts_bbox_head.transformer.decoder.layers.1.attentions.1.position_encoder.0.bias - torch.Size([256]): 
The value is the same before and after calling `init_weights` of FUTR3D  

pts_bbox_head.transformer.decoder.layers.1.attentions.1.position_encoder.1.weight - torch.Size([256]): 
The value is the same before and after calling `init_weights` of FUTR3D  

pts_bbox_head.transformer.decoder.layers.1.attentions.1.position_encoder.1.bias - torch.Size([256]): 
The value is the same before and after calling `init_weights` of FUTR3D  

pts_bbox_head.transformer.decoder.layers.1.attentions.1.position_encoder.3.weight - torch.Size([256, 256]): 
Initialized by user-defined `init_weights` in FUTR3DHead  

pts_bbox_head.transformer.decoder.layers.1.attentions.1.position_encoder.3.bias - torch.Size([256]): 
The value is the same before and after calling `init_weights` of FUTR3D  

pts_bbox_head.transformer.decoder.layers.1.attentions.1.position_encoder.4.weight - torch.Size([256]): 
The value is the same before and after calling `init_weights` of FUTR3D  

pts_bbox_head.transformer.decoder.layers.1.attentions.1.position_encoder.4.bias - torch.Size([256]): 
The value is the same before and after calling `init_weights` of FUTR3D  

pts_bbox_head.transformer.decoder.layers.1.attentions.1.modality_fusion_layer.0.weight - torch.Size([256, 512]): 
Initialized by user-defined `init_weights` in FUTR3DHead  

pts_bbox_head.transformer.decoder.layers.1.attentions.1.modality_fusion_layer.0.bias - torch.Size([256]): 
The value is the same before and after calling `init_weights` of FUTR3D  

pts_bbox_head.transformer.decoder.layers.1.attentions.1.modality_fusion_layer.1.weight - torch.Size([256]): 
The value is the same before and after calling `init_weights` of FUTR3D  

pts_bbox_head.transformer.decoder.layers.1.attentions.1.modality_fusion_layer.1.bias - torch.Size([256]): 
The value is the same before and after calling `init_weights` of FUTR3D  

pts_bbox_head.transformer.decoder.layers.1.attentions.1.modality_fusion_layer.3.weight - torch.Size([256, 256]): 
Initialized by user-defined `init_weights` in FUTR3DHead  

pts_bbox_head.transformer.decoder.layers.1.attentions.1.modality_fusion_layer.3.bias - torch.Size([256]): 
The value is the same before and after calling `init_weights` of FUTR3D  

pts_bbox_head.transformer.decoder.layers.1.attentions.1.modality_fusion_layer.4.weight - torch.Size([256]): 
The value is the same before and after calling `init_weights` of FUTR3D  

pts_bbox_head.transformer.decoder.layers.1.attentions.1.modality_fusion_layer.4.bias - torch.Size([256]): 
The value is the same before and after calling `init_weights` of FUTR3D  

pts_bbox_head.transformer.decoder.layers.1.ffns.0.layers.0.0.weight - torch.Size([1024, 256]): 
Initialized by user-defined `init_weights` in FUTR3DHead  

pts_bbox_head.transformer.decoder.layers.1.ffns.0.layers.0.0.bias - torch.Size([1024]): 
The value is the same before and after calling `init_weights` of FUTR3D  

pts_bbox_head.transformer.decoder.layers.1.ffns.0.layers.1.weight - torch.Size([256, 1024]): 
Initialized by user-defined `init_weights` in FUTR3DHead  

pts_bbox_head.transformer.decoder.layers.1.ffns.0.layers.1.bias - torch.Size([256]): 
The value is the same before and after calling `init_weights` of FUTR3D  

pts_bbox_head.transformer.decoder.layers.1.norms.0.weight - torch.Size([256]): 
The value is the same before and after calling `init_weights` of FUTR3D  

pts_bbox_head.transformer.decoder.layers.1.norms.0.bias - torch.Size([256]): 
The value is the same before and after calling `init_weights` of FUTR3D  

pts_bbox_head.transformer.decoder.layers.1.norms.1.weight - torch.Size([256]): 
The value is the same before and after calling `init_weights` of FUTR3D  

pts_bbox_head.transformer.decoder.layers.1.norms.1.bias - torch.Size([256]): 
The value is the same before and after calling `init_weights` of FUTR3D  

pts_bbox_head.transformer.decoder.layers.1.norms.2.weight - torch.Size([256]): 
The value is the same before and after calling `init_weights` of FUTR3D  

pts_bbox_head.transformer.decoder.layers.1.norms.2.bias - torch.Size([256]): 
The value is the same before and after calling `init_weights` of FUTR3D  

pts_bbox_head.transformer.decoder.layers.2.attentions.0.attn.in_proj_weight - torch.Size([768, 256]): 
Initialized by user-defined `init_weights` in FUTR3DHead  

pts_bbox_head.transformer.decoder.layers.2.attentions.0.attn.in_proj_bias - torch.Size([768]): 
The value is the same before and after calling `init_weights` of FUTR3D  

pts_bbox_head.transformer.decoder.layers.2.attentions.0.attn.out_proj.weight - torch.Size([256, 256]): 
Initialized by user-defined `init_weights` in FUTR3DHead  

pts_bbox_head.transformer.decoder.layers.2.attentions.0.attn.out_proj.bias - torch.Size([256]): 
The value is the same before and after calling `init_weights` of FUTR3D  

pts_bbox_head.transformer.decoder.layers.2.attentions.1.sampling_offsets.weight - torch.Size([256, 256]): 
Initialized by user-defined `init_weights` in FUTR3DHead  

pts_bbox_head.transformer.decoder.layers.2.attentions.1.sampling_offsets.bias - torch.Size([256]): 
The value is the same before and after calling `init_weights` of FUTR3D  

pts_bbox_head.transformer.decoder.layers.2.attentions.1.attention_weights.weight - torch.Size([128, 256]): 
Initialized by user-defined `init_weights` in FUTR3DHead  

pts_bbox_head.transformer.decoder.layers.2.attentions.1.attention_weights.bias - torch.Size([128]): 
The value is the same before and after calling `init_weights` of FUTR3D  

pts_bbox_head.transformer.decoder.layers.2.attentions.1.value_proj.weight - torch.Size([256, 256]): 
Initialized by user-defined `init_weights` in FUTR3DHead  

pts_bbox_head.transformer.decoder.layers.2.attentions.1.value_proj.bias - torch.Size([256]): 
The value is the same before and after calling `init_weights` of FUTR3D  

pts_bbox_head.transformer.decoder.layers.2.attentions.1.output_proj.weight - torch.Size([256, 256]): 
Initialized by user-defined `init_weights` in FUTR3DHead  

pts_bbox_head.transformer.decoder.layers.2.attentions.1.output_proj.bias - torch.Size([256]): 
The value is the same before and after calling `init_weights` of FUTR3D  

pts_bbox_head.transformer.decoder.layers.2.attentions.1.img_attention_weights.weight - torch.Size([24, 256]): 
Initialized by user-defined `init_weights` in FUTR3DHead  

pts_bbox_head.transformer.decoder.layers.2.attentions.1.img_attention_weights.bias - torch.Size([24]): 
The value is the same before and after calling `init_weights` of FUTR3D  

pts_bbox_head.transformer.decoder.layers.2.attentions.1.img_output_proj.weight - torch.Size([256, 256]): 
Initialized by user-defined `init_weights` in FUTR3DHead  

pts_bbox_head.transformer.decoder.layers.2.attentions.1.img_output_proj.bias - torch.Size([256]): 
The value is the same before and after calling `init_weights` of FUTR3D  

pts_bbox_head.transformer.decoder.layers.2.attentions.1.position_encoder.0.weight - torch.Size([256, 3]): 
Initialized by user-defined `init_weights` in FUTR3DHead  

pts_bbox_head.transformer.decoder.layers.2.attentions.1.position_encoder.0.bias - torch.Size([256]): 
The value is the same before and after calling `init_weights` of FUTR3D  

pts_bbox_head.transformer.decoder.layers.2.attentions.1.position_encoder.1.weight - torch.Size([256]): 
The value is the same before and after calling `init_weights` of FUTR3D  

pts_bbox_head.transformer.decoder.layers.2.attentions.1.position_encoder.1.bias - torch.Size([256]): 
The value is the same before and after calling `init_weights` of FUTR3D  

pts_bbox_head.transformer.decoder.layers.2.attentions.1.position_encoder.3.weight - torch.Size([256, 256]): 
Initialized by user-defined `init_weights` in FUTR3DHead  

pts_bbox_head.transformer.decoder.layers.2.attentions.1.position_encoder.3.bias - torch.Size([256]): 
The value is the same before and after calling `init_weights` of FUTR3D  

pts_bbox_head.transformer.decoder.layers.2.attentions.1.position_encoder.4.weight - torch.Size([256]): 
The value is the same before and after calling `init_weights` of FUTR3D  

pts_bbox_head.transformer.decoder.layers.2.attentions.1.position_encoder.4.bias - torch.Size([256]): 
The value is the same before and after calling `init_weights` of FUTR3D  

pts_bbox_head.transformer.decoder.layers.2.attentions.1.modality_fusion_layer.0.weight - torch.Size([256, 512]): 
Initialized by user-defined `init_weights` in FUTR3DHead  

pts_bbox_head.transformer.decoder.layers.2.attentions.1.modality_fusion_layer.0.bias - torch.Size([256]): 
The value is the same before and after calling `init_weights` of FUTR3D  

pts_bbox_head.transformer.decoder.layers.2.attentions.1.modality_fusion_layer.1.weight - torch.Size([256]): 
The value is the same before and after calling `init_weights` of FUTR3D  

pts_bbox_head.transformer.decoder.layers.2.attentions.1.modality_fusion_layer.1.bias - torch.Size([256]): 
The value is the same before and after calling `init_weights` of FUTR3D  

pts_bbox_head.transformer.decoder.layers.2.attentions.1.modality_fusion_layer.3.weight - torch.Size([256, 256]): 
Initialized by user-defined `init_weights` in FUTR3DHead  

pts_bbox_head.transformer.decoder.layers.2.attentions.1.modality_fusion_layer.3.bias - torch.Size([256]): 
The value is the same before and after calling `init_weights` of FUTR3D  

pts_bbox_head.transformer.decoder.layers.2.attentions.1.modality_fusion_layer.4.weight - torch.Size([256]): 
The value is the same before and after calling `init_weights` of FUTR3D  

pts_bbox_head.transformer.decoder.layers.2.attentions.1.modality_fusion_layer.4.bias - torch.Size([256]): 
The value is the same before and after calling `init_weights` of FUTR3D  

pts_bbox_head.transformer.decoder.layers.2.ffns.0.layers.0.0.weight - torch.Size([1024, 256]): 
Initialized by user-defined `init_weights` in FUTR3DHead  

pts_bbox_head.transformer.decoder.layers.2.ffns.0.layers.0.0.bias - torch.Size([1024]): 
The value is the same before and after calling `init_weights` of FUTR3D  

pts_bbox_head.transformer.decoder.layers.2.ffns.0.layers.1.weight - torch.Size([256, 1024]): 
Initialized by user-defined `init_weights` in FUTR3DHead  

pts_bbox_head.transformer.decoder.layers.2.ffns.0.layers.1.bias - torch.Size([256]): 
The value is the same before and after calling `init_weights` of FUTR3D  

pts_bbox_head.transformer.decoder.layers.2.norms.0.weight - torch.Size([256]): 
The value is the same before and after calling `init_weights` of FUTR3D  

pts_bbox_head.transformer.decoder.layers.2.norms.0.bias - torch.Size([256]): 
The value is the same before and after calling `init_weights` of FUTR3D  

pts_bbox_head.transformer.decoder.layers.2.norms.1.weight - torch.Size([256]): 
The value is the same before and after calling `init_weights` of FUTR3D  

pts_bbox_head.transformer.decoder.layers.2.norms.1.bias - torch.Size([256]): 
The value is the same before and after calling `init_weights` of FUTR3D  

pts_bbox_head.transformer.decoder.layers.2.norms.2.weight - torch.Size([256]): 
The value is the same before and after calling `init_weights` of FUTR3D  

pts_bbox_head.transformer.decoder.layers.2.norms.2.bias - torch.Size([256]): 
The value is the same before and after calling `init_weights` of FUTR3D  

pts_bbox_head.transformer.decoder.layers.3.attentions.0.attn.in_proj_weight - torch.Size([768, 256]): 
Initialized by user-defined `init_weights` in FUTR3DHead  

pts_bbox_head.transformer.decoder.layers.3.attentions.0.attn.in_proj_bias - torch.Size([768]): 
The value is the same before and after calling `init_weights` of FUTR3D  

pts_bbox_head.transformer.decoder.layers.3.attentions.0.attn.out_proj.weight - torch.Size([256, 256]): 
Initialized by user-defined `init_weights` in FUTR3DHead  

pts_bbox_head.transformer.decoder.layers.3.attentions.0.attn.out_proj.bias - torch.Size([256]): 
The value is the same before and after calling `init_weights` of FUTR3D  

pts_bbox_head.transformer.decoder.layers.3.attentions.1.sampling_offsets.weight - torch.Size([256, 256]): 
Initialized by user-defined `init_weights` in FUTR3DHead  

pts_bbox_head.transformer.decoder.layers.3.attentions.1.sampling_offsets.bias - torch.Size([256]): 
The value is the same before and after calling `init_weights` of FUTR3D  

pts_bbox_head.transformer.decoder.layers.3.attentions.1.attention_weights.weight - torch.Size([128, 256]): 
Initialized by user-defined `init_weights` in FUTR3DHead  

pts_bbox_head.transformer.decoder.layers.3.attentions.1.attention_weights.bias - torch.Size([128]): 
The value is the same before and after calling `init_weights` of FUTR3D  

pts_bbox_head.transformer.decoder.layers.3.attentions.1.value_proj.weight - torch.Size([256, 256]): 
Initialized by user-defined `init_weights` in FUTR3DHead  

pts_bbox_head.transformer.decoder.layers.3.attentions.1.value_proj.bias - torch.Size([256]): 
The value is the same before and after calling `init_weights` of FUTR3D  

pts_bbox_head.transformer.decoder.layers.3.attentions.1.output_proj.weight - torch.Size([256, 256]): 
Initialized by user-defined `init_weights` in FUTR3DHead  

pts_bbox_head.transformer.decoder.layers.3.attentions.1.output_proj.bias - torch.Size([256]): 
The value is the same before and after calling `init_weights` of FUTR3D  

pts_bbox_head.transformer.decoder.layers.3.attentions.1.img_attention_weights.weight - torch.Size([24, 256]): 
Initialized by user-defined `init_weights` in FUTR3DHead  

pts_bbox_head.transformer.decoder.layers.3.attentions.1.img_attention_weights.bias - torch.Size([24]): 
The value is the same before and after calling `init_weights` of FUTR3D  

pts_bbox_head.transformer.decoder.layers.3.attentions.1.img_output_proj.weight - torch.Size([256, 256]): 
Initialized by user-defined `init_weights` in FUTR3DHead  

pts_bbox_head.transformer.decoder.layers.3.attentions.1.img_output_proj.bias - torch.Size([256]): 
The value is the same before and after calling `init_weights` of FUTR3D  

pts_bbox_head.transformer.decoder.layers.3.attentions.1.position_encoder.0.weight - torch.Size([256, 3]): 
Initialized by user-defined `init_weights` in FUTR3DHead  

pts_bbox_head.transformer.decoder.layers.3.attentions.1.position_encoder.0.bias - torch.Size([256]): 
The value is the same before and after calling `init_weights` of FUTR3D  

pts_bbox_head.transformer.decoder.layers.3.attentions.1.position_encoder.1.weight - torch.Size([256]): 
The value is the same before and after calling `init_weights` of FUTR3D  

pts_bbox_head.transformer.decoder.layers.3.attentions.1.position_encoder.1.bias - torch.Size([256]): 
The value is the same before and after calling `init_weights` of FUTR3D  

pts_bbox_head.transformer.decoder.layers.3.attentions.1.position_encoder.3.weight - torch.Size([256, 256]): 
Initialized by user-defined `init_weights` in FUTR3DHead  

pts_bbox_head.transformer.decoder.layers.3.attentions.1.position_encoder.3.bias - torch.Size([256]): 
The value is the same before and after calling `init_weights` of FUTR3D  

pts_bbox_head.transformer.decoder.layers.3.attentions.1.position_encoder.4.weight - torch.Size([256]): 
The value is the same before and after calling `init_weights` of FUTR3D  

pts_bbox_head.transformer.decoder.layers.3.attentions.1.position_encoder.4.bias - torch.Size([256]): 
The value is the same before and after calling `init_weights` of FUTR3D  

pts_bbox_head.transformer.decoder.layers.3.attentions.1.modality_fusion_layer.0.weight - torch.Size([256, 512]): 
Initialized by user-defined `init_weights` in FUTR3DHead  

pts_bbox_head.transformer.decoder.layers.3.attentions.1.modality_fusion_layer.0.bias - torch.Size([256]): 
The value is the same before and after calling `init_weights` of FUTR3D  

pts_bbox_head.transformer.decoder.layers.3.attentions.1.modality_fusion_layer.1.weight - torch.Size([256]): 
The value is the same before and after calling `init_weights` of FUTR3D  

pts_bbox_head.transformer.decoder.layers.3.attentions.1.modality_fusion_layer.1.bias - torch.Size([256]): 
The value is the same before and after calling `init_weights` of FUTR3D  

pts_bbox_head.transformer.decoder.layers.3.attentions.1.modality_fusion_layer.3.weight - torch.Size([256, 256]): 
Initialized by user-defined `init_weights` in FUTR3DHead  

pts_bbox_head.transformer.decoder.layers.3.attentions.1.modality_fusion_layer.3.bias - torch.Size([256]): 
The value is the same before and after calling `init_weights` of FUTR3D  

pts_bbox_head.transformer.decoder.layers.3.attentions.1.modality_fusion_layer.4.weight - torch.Size([256]): 
The value is the same before and after calling `init_weights` of FUTR3D  

pts_bbox_head.transformer.decoder.layers.3.attentions.1.modality_fusion_layer.4.bias - torch.Size([256]): 
The value is the same before and after calling `init_weights` of FUTR3D  

pts_bbox_head.transformer.decoder.layers.3.ffns.0.layers.0.0.weight - torch.Size([1024, 256]): 
Initialized by user-defined `init_weights` in FUTR3DHead  

pts_bbox_head.transformer.decoder.layers.3.ffns.0.layers.0.0.bias - torch.Size([1024]): 
The value is the same before and after calling `init_weights` of FUTR3D  

pts_bbox_head.transformer.decoder.layers.3.ffns.0.layers.1.weight - torch.Size([256, 1024]): 
Initialized by user-defined `init_weights` in FUTR3DHead  

pts_bbox_head.transformer.decoder.layers.3.ffns.0.layers.1.bias - torch.Size([256]): 
The value is the same before and after calling `init_weights` of FUTR3D  

pts_bbox_head.transformer.decoder.layers.3.norms.0.weight - torch.Size([256]): 
The value is the same before and after calling `init_weights` of FUTR3D  

pts_bbox_head.transformer.decoder.layers.3.norms.0.bias - torch.Size([256]): 
The value is the same before and after calling `init_weights` of FUTR3D  

pts_bbox_head.transformer.decoder.layers.3.norms.1.weight - torch.Size([256]): 
The value is the same before and after calling `init_weights` of FUTR3D  

pts_bbox_head.transformer.decoder.layers.3.norms.1.bias - torch.Size([256]): 
The value is the same before and after calling `init_weights` of FUTR3D  

pts_bbox_head.transformer.decoder.layers.3.norms.2.weight - torch.Size([256]): 
The value is the same before and after calling `init_weights` of FUTR3D  

pts_bbox_head.transformer.decoder.layers.3.norms.2.bias - torch.Size([256]): 
The value is the same before and after calling `init_weights` of FUTR3D  

pts_bbox_head.transformer.decoder.layers.4.attentions.0.attn.in_proj_weight - torch.Size([768, 256]): 
Initialized by user-defined `init_weights` in FUTR3DHead  

pts_bbox_head.transformer.decoder.layers.4.attentions.0.attn.in_proj_bias - torch.Size([768]): 
The value is the same before and after calling `init_weights` of FUTR3D  

pts_bbox_head.transformer.decoder.layers.4.attentions.0.attn.out_proj.weight - torch.Size([256, 256]): 
Initialized by user-defined `init_weights` in FUTR3DHead  

pts_bbox_head.transformer.decoder.layers.4.attentions.0.attn.out_proj.bias - torch.Size([256]): 
The value is the same before and after calling `init_weights` of FUTR3D  

pts_bbox_head.transformer.decoder.layers.4.attentions.1.sampling_offsets.weight - torch.Size([256, 256]): 
Initialized by user-defined `init_weights` in FUTR3DHead  

pts_bbox_head.transformer.decoder.layers.4.attentions.1.sampling_offsets.bias - torch.Size([256]): 
The value is the same before and after calling `init_weights` of FUTR3D  

pts_bbox_head.transformer.decoder.layers.4.attentions.1.attention_weights.weight - torch.Size([128, 256]): 
Initialized by user-defined `init_weights` in FUTR3DHead  

pts_bbox_head.transformer.decoder.layers.4.attentions.1.attention_weights.bias - torch.Size([128]): 
The value is the same before and after calling `init_weights` of FUTR3D  

pts_bbox_head.transformer.decoder.layers.4.attentions.1.value_proj.weight - torch.Size([256, 256]): 
Initialized by user-defined `init_weights` in FUTR3DHead  

pts_bbox_head.transformer.decoder.layers.4.attentions.1.value_proj.bias - torch.Size([256]): 
The value is the same before and after calling `init_weights` of FUTR3D  

pts_bbox_head.transformer.decoder.layers.4.attentions.1.output_proj.weight - torch.Size([256, 256]): 
Initialized by user-defined `init_weights` in FUTR3DHead  

pts_bbox_head.transformer.decoder.layers.4.attentions.1.output_proj.bias - torch.Size([256]): 
The value is the same before and after calling `init_weights` of FUTR3D  

pts_bbox_head.transformer.decoder.layers.4.attentions.1.img_attention_weights.weight - torch.Size([24, 256]): 
Initialized by user-defined `init_weights` in FUTR3DHead  

pts_bbox_head.transformer.decoder.layers.4.attentions.1.img_attention_weights.bias - torch.Size([24]): 
The value is the same before and after calling `init_weights` of FUTR3D  

pts_bbox_head.transformer.decoder.layers.4.attentions.1.img_output_proj.weight - torch.Size([256, 256]): 
Initialized by user-defined `init_weights` in FUTR3DHead  

pts_bbox_head.transformer.decoder.layers.4.attentions.1.img_output_proj.bias - torch.Size([256]): 
The value is the same before and after calling `init_weights` of FUTR3D  

pts_bbox_head.transformer.decoder.layers.4.attentions.1.position_encoder.0.weight - torch.Size([256, 3]): 
Initialized by user-defined `init_weights` in FUTR3DHead  

pts_bbox_head.transformer.decoder.layers.4.attentions.1.position_encoder.0.bias - torch.Size([256]): 
The value is the same before and after calling `init_weights` of FUTR3D  

pts_bbox_head.transformer.decoder.layers.4.attentions.1.position_encoder.1.weight - torch.Size([256]): 
The value is the same before and after calling `init_weights` of FUTR3D  

pts_bbox_head.transformer.decoder.layers.4.attentions.1.position_encoder.1.bias - torch.Size([256]): 
The value is the same before and after calling `init_weights` of FUTR3D  

pts_bbox_head.transformer.decoder.layers.4.attentions.1.position_encoder.3.weight - torch.Size([256, 256]): 
Initialized by user-defined `init_weights` in FUTR3DHead  

pts_bbox_head.transformer.decoder.layers.4.attentions.1.position_encoder.3.bias - torch.Size([256]): 
The value is the same before and after calling `init_weights` of FUTR3D  

pts_bbox_head.transformer.decoder.layers.4.attentions.1.position_encoder.4.weight - torch.Size([256]): 
The value is the same before and after calling `init_weights` of FUTR3D  

pts_bbox_head.transformer.decoder.layers.4.attentions.1.position_encoder.4.bias - torch.Size([256]): 
The value is the same before and after calling `init_weights` of FUTR3D  

pts_bbox_head.transformer.decoder.layers.4.attentions.1.modality_fusion_layer.0.weight - torch.Size([256, 512]): 
Initialized by user-defined `init_weights` in FUTR3DHead  

pts_bbox_head.transformer.decoder.layers.4.attentions.1.modality_fusion_layer.0.bias - torch.Size([256]): 
The value is the same before and after calling `init_weights` of FUTR3D  

pts_bbox_head.transformer.decoder.layers.4.attentions.1.modality_fusion_layer.1.weight - torch.Size([256]): 
The value is the same before and after calling `init_weights` of FUTR3D  

pts_bbox_head.transformer.decoder.layers.4.attentions.1.modality_fusion_layer.1.bias - torch.Size([256]): 
The value is the same before and after calling `init_weights` of FUTR3D  

pts_bbox_head.transformer.decoder.layers.4.attentions.1.modality_fusion_layer.3.weight - torch.Size([256, 256]): 
Initialized by user-defined `init_weights` in FUTR3DHead  

pts_bbox_head.transformer.decoder.layers.4.attentions.1.modality_fusion_layer.3.bias - torch.Size([256]): 
The value is the same before and after calling `init_weights` of FUTR3D  

pts_bbox_head.transformer.decoder.layers.4.attentions.1.modality_fusion_layer.4.weight - torch.Size([256]): 
The value is the same before and after calling `init_weights` of FUTR3D  

pts_bbox_head.transformer.decoder.layers.4.attentions.1.modality_fusion_layer.4.bias - torch.Size([256]): 
The value is the same before and after calling `init_weights` of FUTR3D  

pts_bbox_head.transformer.decoder.layers.4.ffns.0.layers.0.0.weight - torch.Size([1024, 256]): 
Initialized by user-defined `init_weights` in FUTR3DHead  

pts_bbox_head.transformer.decoder.layers.4.ffns.0.layers.0.0.bias - torch.Size([1024]): 
The value is the same before and after calling `init_weights` of FUTR3D  

pts_bbox_head.transformer.decoder.layers.4.ffns.0.layers.1.weight - torch.Size([256, 1024]): 
Initialized by user-defined `init_weights` in FUTR3DHead  

pts_bbox_head.transformer.decoder.layers.4.ffns.0.layers.1.bias - torch.Size([256]): 
The value is the same before and after calling `init_weights` of FUTR3D  

pts_bbox_head.transformer.decoder.layers.4.norms.0.weight - torch.Size([256]): 
The value is the same before and after calling `init_weights` of FUTR3D  

pts_bbox_head.transformer.decoder.layers.4.norms.0.bias - torch.Size([256]): 
The value is the same before and after calling `init_weights` of FUTR3D  

pts_bbox_head.transformer.decoder.layers.4.norms.1.weight - torch.Size([256]): 
The value is the same before and after calling `init_weights` of FUTR3D  

pts_bbox_head.transformer.decoder.layers.4.norms.1.bias - torch.Size([256]): 
The value is the same before and after calling `init_weights` of FUTR3D  

pts_bbox_head.transformer.decoder.layers.4.norms.2.weight - torch.Size([256]): 
The value is the same before and after calling `init_weights` of FUTR3D  

pts_bbox_head.transformer.decoder.layers.4.norms.2.bias - torch.Size([256]): 
The value is the same before and after calling `init_weights` of FUTR3D  

pts_bbox_head.transformer.decoder.layers.5.attentions.0.attn.in_proj_weight - torch.Size([768, 256]): 
Initialized by user-defined `init_weights` in FUTR3DHead  

pts_bbox_head.transformer.decoder.layers.5.attentions.0.attn.in_proj_bias - torch.Size([768]): 
The value is the same before and after calling `init_weights` of FUTR3D  

pts_bbox_head.transformer.decoder.layers.5.attentions.0.attn.out_proj.weight - torch.Size([256, 256]): 
Initialized by user-defined `init_weights` in FUTR3DHead  

pts_bbox_head.transformer.decoder.layers.5.attentions.0.attn.out_proj.bias - torch.Size([256]): 
The value is the same before and after calling `init_weights` of FUTR3D  

pts_bbox_head.transformer.decoder.layers.5.attentions.1.sampling_offsets.weight - torch.Size([256, 256]): 
Initialized by user-defined `init_weights` in FUTR3DHead  

pts_bbox_head.transformer.decoder.layers.5.attentions.1.sampling_offsets.bias - torch.Size([256]): 
The value is the same before and after calling `init_weights` of FUTR3D  

pts_bbox_head.transformer.decoder.layers.5.attentions.1.attention_weights.weight - torch.Size([128, 256]): 
Initialized by user-defined `init_weights` in FUTR3DHead  

pts_bbox_head.transformer.decoder.layers.5.attentions.1.attention_weights.bias - torch.Size([128]): 
The value is the same before and after calling `init_weights` of FUTR3D  

pts_bbox_head.transformer.decoder.layers.5.attentions.1.value_proj.weight - torch.Size([256, 256]): 
Initialized by user-defined `init_weights` in FUTR3DHead  

pts_bbox_head.transformer.decoder.layers.5.attentions.1.value_proj.bias - torch.Size([256]): 
The value is the same before and after calling `init_weights` of FUTR3D  

pts_bbox_head.transformer.decoder.layers.5.attentions.1.output_proj.weight - torch.Size([256, 256]): 
Initialized by user-defined `init_weights` in FUTR3DHead  

pts_bbox_head.transformer.decoder.layers.5.attentions.1.output_proj.bias - torch.Size([256]): 
The value is the same before and after calling `init_weights` of FUTR3D  

pts_bbox_head.transformer.decoder.layers.5.attentions.1.img_attention_weights.weight - torch.Size([24, 256]): 
Initialized by user-defined `init_weights` in FUTR3DHead  

pts_bbox_head.transformer.decoder.layers.5.attentions.1.img_attention_weights.bias - torch.Size([24]): 
The value is the same before and after calling `init_weights` of FUTR3D  

pts_bbox_head.transformer.decoder.layers.5.attentions.1.img_output_proj.weight - torch.Size([256, 256]): 
Initialized by user-defined `init_weights` in FUTR3DHead  

pts_bbox_head.transformer.decoder.layers.5.attentions.1.img_output_proj.bias - torch.Size([256]): 
The value is the same before and after calling `init_weights` of FUTR3D  

pts_bbox_head.transformer.decoder.layers.5.attentions.1.position_encoder.0.weight - torch.Size([256, 3]): 
Initialized by user-defined `init_weights` in FUTR3DHead  

pts_bbox_head.transformer.decoder.layers.5.attentions.1.position_encoder.0.bias - torch.Size([256]): 
The value is the same before and after calling `init_weights` of FUTR3D  

pts_bbox_head.transformer.decoder.layers.5.attentions.1.position_encoder.1.weight - torch.Size([256]): 
The value is the same before and after calling `init_weights` of FUTR3D  

pts_bbox_head.transformer.decoder.layers.5.attentions.1.position_encoder.1.bias - torch.Size([256]): 
The value is the same before and after calling `init_weights` of FUTR3D  

pts_bbox_head.transformer.decoder.layers.5.attentions.1.position_encoder.3.weight - torch.Size([256, 256]): 
Initialized by user-defined `init_weights` in FUTR3DHead  

pts_bbox_head.transformer.decoder.layers.5.attentions.1.position_encoder.3.bias - torch.Size([256]): 
The value is the same before and after calling `init_weights` of FUTR3D  

pts_bbox_head.transformer.decoder.layers.5.attentions.1.position_encoder.4.weight - torch.Size([256]): 
The value is the same before and after calling `init_weights` of FUTR3D  

pts_bbox_head.transformer.decoder.layers.5.attentions.1.position_encoder.4.bias - torch.Size([256]): 
The value is the same before and after calling `init_weights` of FUTR3D  

pts_bbox_head.transformer.decoder.layers.5.attentions.1.modality_fusion_layer.0.weight - torch.Size([256, 512]): 
Initialized by user-defined `init_weights` in FUTR3DHead  

pts_bbox_head.transformer.decoder.layers.5.attentions.1.modality_fusion_layer.0.bias - torch.Size([256]): 
The value is the same before and after calling `init_weights` of FUTR3D  

pts_bbox_head.transformer.decoder.layers.5.attentions.1.modality_fusion_layer.1.weight - torch.Size([256]): 
The value is the same before and after calling `init_weights` of FUTR3D  

pts_bbox_head.transformer.decoder.layers.5.attentions.1.modality_fusion_layer.1.bias - torch.Size([256]): 
The value is the same before and after calling `init_weights` of FUTR3D  

pts_bbox_head.transformer.decoder.layers.5.attentions.1.modality_fusion_layer.3.weight - torch.Size([256, 256]): 
Initialized by user-defined `init_weights` in FUTR3DHead  

pts_bbox_head.transformer.decoder.layers.5.attentions.1.modality_fusion_layer.3.bias - torch.Size([256]): 
The value is the same before and after calling `init_weights` of FUTR3D  

pts_bbox_head.transformer.decoder.layers.5.attentions.1.modality_fusion_layer.4.weight - torch.Size([256]): 
The value is the same before and after calling `init_weights` of FUTR3D  

pts_bbox_head.transformer.decoder.layers.5.attentions.1.modality_fusion_layer.4.bias - torch.Size([256]): 
The value is the same before and after calling `init_weights` of FUTR3D  

pts_bbox_head.transformer.decoder.layers.5.ffns.0.layers.0.0.weight - torch.Size([1024, 256]): 
Initialized by user-defined `init_weights` in FUTR3DHead  

pts_bbox_head.transformer.decoder.layers.5.ffns.0.layers.0.0.bias - torch.Size([1024]): 
The value is the same before and after calling `init_weights` of FUTR3D  

pts_bbox_head.transformer.decoder.layers.5.ffns.0.layers.1.weight - torch.Size([256, 1024]): 
Initialized by user-defined `init_weights` in FUTR3DHead  

pts_bbox_head.transformer.decoder.layers.5.ffns.0.layers.1.bias - torch.Size([256]): 
The value is the same before and after calling `init_weights` of FUTR3D  

pts_bbox_head.transformer.decoder.layers.5.norms.0.weight - torch.Size([256]): 
The value is the same before and after calling `init_weights` of FUTR3D  

pts_bbox_head.transformer.decoder.layers.5.norms.0.bias - torch.Size([256]): 
The value is the same before and after calling `init_weights` of FUTR3D  

pts_bbox_head.transformer.decoder.layers.5.norms.1.weight - torch.Size([256]): 
The value is the same before and after calling `init_weights` of FUTR3D  

pts_bbox_head.transformer.decoder.layers.5.norms.1.bias - torch.Size([256]): 
The value is the same before and after calling `init_weights` of FUTR3D  

pts_bbox_head.transformer.decoder.layers.5.norms.2.weight - torch.Size([256]): 
The value is the same before and after calling `init_weights` of FUTR3D  

pts_bbox_head.transformer.decoder.layers.5.norms.2.bias - torch.Size([256]): 
The value is the same before and after calling `init_weights` of FUTR3D  

pts_bbox_head.transformer.decoder.query_scale.layers.0.weight - torch.Size([256, 256]): 
Initialized by user-defined `init_weights` in FUTR3DHead  

pts_bbox_head.transformer.decoder.query_scale.layers.0.bias - torch.Size([256]): 
The value is the same before and after calling `init_weights` of FUTR3D  

pts_bbox_head.transformer.decoder.query_scale.layers.1.weight - torch.Size([256, 256]): 
Initialized by user-defined `init_weights` in FUTR3DHead  

pts_bbox_head.transformer.decoder.query_scale.layers.1.bias - torch.Size([256]): 
The value is the same before and after calling `init_weights` of FUTR3D  

pts_bbox_head.transformer.decoder.ref_point_head.layers.0.weight - torch.Size([256, 384]): 
Initialized by user-defined `init_weights` in FUTR3DHead  

pts_bbox_head.transformer.decoder.ref_point_head.layers.0.bias - torch.Size([256]): 
The value is the same before and after calling `init_weights` of FUTR3D  

pts_bbox_head.transformer.decoder.ref_point_head.layers.1.weight - torch.Size([256, 256]): 
Initialized by user-defined `init_weights` in FUTR3DHead  

pts_bbox_head.transformer.decoder.ref_point_head.layers.1.bias - torch.Size([256]): 
The value is the same before and after calling `init_weights` of FUTR3D  

pts_bbox_head.cls_branches.0.weight - torch.Size([10, 256]): 
The value is the same before and after calling `init_weights` of FUTR3D  

pts_bbox_head.cls_branches.0.bias - torch.Size([10]): 
Initialized by user-defined `init_weights` in FUTR3DHead  

pts_bbox_head.cls_branches.1.weight - torch.Size([10, 256]): 
The value is the same before and after calling `init_weights` of FUTR3D  

pts_bbox_head.cls_branches.1.bias - torch.Size([10]): 
Initialized by user-defined `init_weights` in FUTR3DHead  

pts_bbox_head.cls_branches.2.weight - torch.Size([10, 256]): 
The value is the same before and after calling `init_weights` of FUTR3D  

pts_bbox_head.cls_branches.2.bias - torch.Size([10]): 
Initialized by user-defined `init_weights` in FUTR3DHead  

pts_bbox_head.cls_branches.3.weight - torch.Size([10, 256]): 
The value is the same before and after calling `init_weights` of FUTR3D  

pts_bbox_head.cls_branches.3.bias - torch.Size([10]): 
Initialized by user-defined `init_weights` in FUTR3DHead  

pts_bbox_head.cls_branches.4.weight - torch.Size([10, 256]): 
The value is the same before and after calling `init_weights` of FUTR3D  

pts_bbox_head.cls_branches.4.bias - torch.Size([10]): 
Initialized by user-defined `init_weights` in FUTR3DHead  

pts_bbox_head.cls_branches.5.weight - torch.Size([10, 256]): 
The value is the same before and after calling `init_weights` of FUTR3D  

pts_bbox_head.cls_branches.5.bias - torch.Size([10]): 
Initialized by user-defined `init_weights` in FUTR3DHead  

pts_bbox_head.reg_branches.0.0.weight - torch.Size([256, 256]): 
The value is the same before and after calling `init_weights` of FUTR3D  

pts_bbox_head.reg_branches.0.0.bias - torch.Size([256]): 
The value is the same before and after calling `init_weights` of FUTR3D  

pts_bbox_head.reg_branches.0.2.weight - torch.Size([256, 256]): 
The value is the same before and after calling `init_weights` of FUTR3D  

pts_bbox_head.reg_branches.0.2.bias - torch.Size([256]): 
The value is the same before and after calling `init_weights` of FUTR3D  

pts_bbox_head.reg_branches.0.4.weight - torch.Size([10, 256]): 
Initialized by user-defined `init_weights` in FUTR3DHead  

pts_bbox_head.reg_branches.0.4.bias - torch.Size([10]): 
Initialized by user-defined `init_weights` in FUTR3DHead  

pts_bbox_head.reg_branches.1.0.weight - torch.Size([256, 256]): 
The value is the same before and after calling `init_weights` of FUTR3D  

pts_bbox_head.reg_branches.1.0.bias - torch.Size([256]): 
The value is the same before and after calling `init_weights` of FUTR3D  

pts_bbox_head.reg_branches.1.2.weight - torch.Size([256, 256]): 
The value is the same before and after calling `init_weights` of FUTR3D  

pts_bbox_head.reg_branches.1.2.bias - torch.Size([256]): 
The value is the same before and after calling `init_weights` of FUTR3D  

pts_bbox_head.reg_branches.1.4.weight - torch.Size([10, 256]): 
Initialized by user-defined `init_weights` in FUTR3DHead  

pts_bbox_head.reg_branches.1.4.bias - torch.Size([10]): 
Initialized by user-defined `init_weights` in FUTR3DHead  

pts_bbox_head.reg_branches.2.0.weight - torch.Size([256, 256]): 
The value is the same before and after calling `init_weights` of FUTR3D  

pts_bbox_head.reg_branches.2.0.bias - torch.Size([256]): 
The value is the same before and after calling `init_weights` of FUTR3D  

pts_bbox_head.reg_branches.2.2.weight - torch.Size([256, 256]): 
The value is the same before and after calling `init_weights` of FUTR3D  

pts_bbox_head.reg_branches.2.2.bias - torch.Size([256]): 
The value is the same before and after calling `init_weights` of FUTR3D  

pts_bbox_head.reg_branches.2.4.weight - torch.Size([10, 256]): 
Initialized by user-defined `init_weights` in FUTR3DHead  

pts_bbox_head.reg_branches.2.4.bias - torch.Size([10]): 
Initialized by user-defined `init_weights` in FUTR3DHead  

pts_bbox_head.reg_branches.3.0.weight - torch.Size([256, 256]): 
The value is the same before and after calling `init_weights` of FUTR3D  

pts_bbox_head.reg_branches.3.0.bias - torch.Size([256]): 
The value is the same before and after calling `init_weights` of FUTR3D  

pts_bbox_head.reg_branches.3.2.weight - torch.Size([256, 256]): 
The value is the same before and after calling `init_weights` of FUTR3D  

pts_bbox_head.reg_branches.3.2.bias - torch.Size([256]): 
The value is the same before and after calling `init_weights` of FUTR3D  

pts_bbox_head.reg_branches.3.4.weight - torch.Size([10, 256]): 
Initialized by user-defined `init_weights` in FUTR3DHead  

pts_bbox_head.reg_branches.3.4.bias - torch.Size([10]): 
Initialized by user-defined `init_weights` in FUTR3DHead  

pts_bbox_head.reg_branches.4.0.weight - torch.Size([256, 256]): 
The value is the same before and after calling `init_weights` of FUTR3D  

pts_bbox_head.reg_branches.4.0.bias - torch.Size([256]): 
The value is the same before and after calling `init_weights` of FUTR3D  

pts_bbox_head.reg_branches.4.2.weight - torch.Size([256, 256]): 
The value is the same before and after calling `init_weights` of FUTR3D  

pts_bbox_head.reg_branches.4.2.bias - torch.Size([256]): 
The value is the same before and after calling `init_weights` of FUTR3D  

pts_bbox_head.reg_branches.4.4.weight - torch.Size([10, 256]): 
Initialized by user-defined `init_weights` in FUTR3DHead  

pts_bbox_head.reg_branches.4.4.bias - torch.Size([10]): 
Initialized by user-defined `init_weights` in FUTR3DHead  

pts_bbox_head.reg_branches.5.0.weight - torch.Size([256, 256]): 
The value is the same before and after calling `init_weights` of FUTR3D  

pts_bbox_head.reg_branches.5.0.bias - torch.Size([256]): 
The value is the same before and after calling `init_weights` of FUTR3D  

pts_bbox_head.reg_branches.5.2.weight - torch.Size([256, 256]): 
The value is the same before and after calling `init_weights` of FUTR3D  

pts_bbox_head.reg_branches.5.2.bias - torch.Size([256]): 
The value is the same before and after calling `init_weights` of FUTR3D  

pts_bbox_head.reg_branches.5.4.weight - torch.Size([10, 256]): 
Initialized by user-defined `init_weights` in FUTR3DHead  

pts_bbox_head.reg_branches.5.4.bias - torch.Size([10]): 
Initialized by user-defined `init_weights` in FUTR3DHead  

pts_bbox_head.tgt_embed.weight - torch.Size([900, 256]): 
The value is the same before and after calling `init_weights` of FUTR3D  

pts_bbox_head.refpoint_embed.weight - torch.Size([900, 3]): 
The value is the same before and after calling `init_weights` of FUTR3D  

img_backbone.conv1.weight - torch.Size([64, 3, 7, 7]): 
KaimingInit: a=0, mode=fan_out, nonlinearity=relu, distribution =normal, bias=0 

img_backbone.bn1.weight - torch.Size([64]): 
The value is the same before and after calling `init_weights` of FUTR3D  

img_backbone.bn1.bias - torch.Size([64]): 
The value is the same before and after calling `init_weights` of FUTR3D  

img_backbone.layer1.0.conv1.weight - torch.Size([64, 64, 1, 1]): 
KaimingInit: a=0, mode=fan_out, nonlinearity=relu, distribution =normal, bias=0 

img_backbone.layer1.0.bn1.weight - torch.Size([64]): 
The value is the same before and after calling `init_weights` of FUTR3D  

img_backbone.layer1.0.bn1.bias - torch.Size([64]): 
The value is the same before and after calling `init_weights` of FUTR3D  

img_backbone.layer1.0.conv2.weight - torch.Size([64, 64, 3, 3]): 
KaimingInit: a=0, mode=fan_out, nonlinearity=relu, distribution =normal, bias=0 

img_backbone.layer1.0.bn2.weight - torch.Size([64]): 
The value is the same before and after calling `init_weights` of FUTR3D  

img_backbone.layer1.0.bn2.bias - torch.Size([64]): 
The value is the same before and after calling `init_weights` of FUTR3D  

img_backbone.layer1.0.conv3.weight - torch.Size([256, 64, 1, 1]): 
KaimingInit: a=0, mode=fan_out, nonlinearity=relu, distribution =normal, bias=0 

img_backbone.layer1.0.bn3.weight - torch.Size([256]): 
ConstantInit: val=0, bias=0 

img_backbone.layer1.0.bn3.bias - torch.Size([256]): 
The value is the same before and after calling `init_weights` of FUTR3D  

img_backbone.layer1.0.downsample.0.weight - torch.Size([256, 64, 1, 1]): 
KaimingInit: a=0, mode=fan_out, nonlinearity=relu, distribution =normal, bias=0 

img_backbone.layer1.0.downsample.1.weight - torch.Size([256]): 
The value is the same before and after calling `init_weights` of FUTR3D  

img_backbone.layer1.0.downsample.1.bias - torch.Size([256]): 
The value is the same before and after calling `init_weights` of FUTR3D  

img_backbone.layer1.1.conv1.weight - torch.Size([64, 256, 1, 1]): 
KaimingInit: a=0, mode=fan_out, nonlinearity=relu, distribution =normal, bias=0 

img_backbone.layer1.1.bn1.weight - torch.Size([64]): 
The value is the same before and after calling `init_weights` of FUTR3D  

img_backbone.layer1.1.bn1.bias - torch.Size([64]): 
The value is the same before and after calling `init_weights` of FUTR3D  

img_backbone.layer1.1.conv2.weight - torch.Size([64, 64, 3, 3]): 
KaimingInit: a=0, mode=fan_out, nonlinearity=relu, distribution =normal, bias=0 

img_backbone.layer1.1.bn2.weight - torch.Size([64]): 
The value is the same before and after calling `init_weights` of FUTR3D  

img_backbone.layer1.1.bn2.bias - torch.Size([64]): 
The value is the same before and after calling `init_weights` of FUTR3D  

img_backbone.layer1.1.conv3.weight - torch.Size([256, 64, 1, 1]): 
KaimingInit: a=0, mode=fan_out, nonlinearity=relu, distribution =normal, bias=0 

img_backbone.layer1.1.bn3.weight - torch.Size([256]): 
ConstantInit: val=0, bias=0 

img_backbone.layer1.1.bn3.bias - torch.Size([256]): 
The value is the same before and after calling `init_weights` of FUTR3D  

img_backbone.layer1.2.conv1.weight - torch.Size([64, 256, 1, 1]): 
KaimingInit: a=0, mode=fan_out, nonlinearity=relu, distribution =normal, bias=0 

img_backbone.layer1.2.bn1.weight - torch.Size([64]): 
The value is the same before and after calling `init_weights` of FUTR3D  

img_backbone.layer1.2.bn1.bias - torch.Size([64]): 
The value is the same before and after calling `init_weights` of FUTR3D  

img_backbone.layer1.2.conv2.weight - torch.Size([64, 64, 3, 3]): 
KaimingInit: a=0, mode=fan_out, nonlinearity=relu, distribution =normal, bias=0 

img_backbone.layer1.2.bn2.weight - torch.Size([64]): 
The value is the same before and after calling `init_weights` of FUTR3D  

img_backbone.layer1.2.bn2.bias - torch.Size([64]): 
The value is the same before and after calling `init_weights` of FUTR3D  

img_backbone.layer1.2.conv3.weight - torch.Size([256, 64, 1, 1]): 
KaimingInit: a=0, mode=fan_out, nonlinearity=relu, distribution =normal, bias=0 

img_backbone.layer1.2.bn3.weight - torch.Size([256]): 
ConstantInit: val=0, bias=0 

img_backbone.layer1.2.bn3.bias - torch.Size([256]): 
The value is the same before and after calling `init_weights` of FUTR3D  

img_backbone.layer2.0.conv1.weight - torch.Size([128, 256, 1, 1]): 
KaimingInit: a=0, mode=fan_out, nonlinearity=relu, distribution =normal, bias=0 

img_backbone.layer2.0.bn1.weight - torch.Size([128]): 
The value is the same before and after calling `init_weights` of FUTR3D  

img_backbone.layer2.0.bn1.bias - torch.Size([128]): 
The value is the same before and after calling `init_weights` of FUTR3D  

img_backbone.layer2.0.conv2.weight - torch.Size([128, 128, 3, 3]): 
KaimingInit: a=0, mode=fan_out, nonlinearity=relu, distribution =normal, bias=0 

img_backbone.layer2.0.bn2.weight - torch.Size([128]): 
The value is the same before and after calling `init_weights` of FUTR3D  

img_backbone.layer2.0.bn2.bias - torch.Size([128]): 
The value is the same before and after calling `init_weights` of FUTR3D  

img_backbone.layer2.0.conv3.weight - torch.Size([512, 128, 1, 1]): 
KaimingInit: a=0, mode=fan_out, nonlinearity=relu, distribution =normal, bias=0 

img_backbone.layer2.0.bn3.weight - torch.Size([512]): 
ConstantInit: val=0, bias=0 

img_backbone.layer2.0.bn3.bias - torch.Size([512]): 
The value is the same before and after calling `init_weights` of FUTR3D  

img_backbone.layer2.0.downsample.0.weight - torch.Size([512, 256, 1, 1]): 
KaimingInit: a=0, mode=fan_out, nonlinearity=relu, distribution =normal, bias=0 

img_backbone.layer2.0.downsample.1.weight - torch.Size([512]): 
The value is the same before and after calling `init_weights` of FUTR3D  

img_backbone.layer2.0.downsample.1.bias - torch.Size([512]): 
The value is the same before and after calling `init_weights` of FUTR3D  

img_backbone.layer2.1.conv1.weight - torch.Size([128, 512, 1, 1]): 
KaimingInit: a=0, mode=fan_out, nonlinearity=relu, distribution =normal, bias=0 

img_backbone.layer2.1.bn1.weight - torch.Size([128]): 
The value is the same before and after calling `init_weights` of FUTR3D  

img_backbone.layer2.1.bn1.bias - torch.Size([128]): 
The value is the same before and after calling `init_weights` of FUTR3D  

img_backbone.layer2.1.conv2.weight - torch.Size([128, 128, 3, 3]): 
KaimingInit: a=0, mode=fan_out, nonlinearity=relu, distribution =normal, bias=0 

img_backbone.layer2.1.bn2.weight - torch.Size([128]): 
The value is the same before and after calling `init_weights` of FUTR3D  

img_backbone.layer2.1.bn2.bias - torch.Size([128]): 
The value is the same before and after calling `init_weights` of FUTR3D  

img_backbone.layer2.1.conv3.weight - torch.Size([512, 128, 1, 1]): 
KaimingInit: a=0, mode=fan_out, nonlinearity=relu, distribution =normal, bias=0 

img_backbone.layer2.1.bn3.weight - torch.Size([512]): 
ConstantInit: val=0, bias=0 

img_backbone.layer2.1.bn3.bias - torch.Size([512]): 
The value is the same before and after calling `init_weights` of FUTR3D  

img_backbone.layer2.2.conv1.weight - torch.Size([128, 512, 1, 1]): 
KaimingInit: a=0, mode=fan_out, nonlinearity=relu, distribution =normal, bias=0 

img_backbone.layer2.2.bn1.weight - torch.Size([128]): 
The value is the same before and after calling `init_weights` of FUTR3D  

img_backbone.layer2.2.bn1.bias - torch.Size([128]): 
The value is the same before and after calling `init_weights` of FUTR3D  

img_backbone.layer2.2.conv2.weight - torch.Size([128, 128, 3, 3]): 
KaimingInit: a=0, mode=fan_out, nonlinearity=relu, distribution =normal, bias=0 

img_backbone.layer2.2.bn2.weight - torch.Size([128]): 
The value is the same before and after calling `init_weights` of FUTR3D  

img_backbone.layer2.2.bn2.bias - torch.Size([128]): 
The value is the same before and after calling `init_weights` of FUTR3D  

img_backbone.layer2.2.conv3.weight - torch.Size([512, 128, 1, 1]): 
KaimingInit: a=0, mode=fan_out, nonlinearity=relu, distribution =normal, bias=0 

img_backbone.layer2.2.bn3.weight - torch.Size([512]): 
ConstantInit: val=0, bias=0 

img_backbone.layer2.2.bn3.bias - torch.Size([512]): 
The value is the same before and after calling `init_weights` of FUTR3D  

img_backbone.layer2.3.conv1.weight - torch.Size([128, 512, 1, 1]): 
KaimingInit: a=0, mode=fan_out, nonlinearity=relu, distribution =normal, bias=0 

img_backbone.layer2.3.bn1.weight - torch.Size([128]): 
The value is the same before and after calling `init_weights` of FUTR3D  

img_backbone.layer2.3.bn1.bias - torch.Size([128]): 
The value is the same before and after calling `init_weights` of FUTR3D  

img_backbone.layer2.3.conv2.weight - torch.Size([128, 128, 3, 3]): 
KaimingInit: a=0, mode=fan_out, nonlinearity=relu, distribution =normal, bias=0 

img_backbone.layer2.3.bn2.weight - torch.Size([128]): 
The value is the same before and after calling `init_weights` of FUTR3D  

img_backbone.layer2.3.bn2.bias - torch.Size([128]): 
The value is the same before and after calling `init_weights` of FUTR3D  

img_backbone.layer2.3.conv3.weight - torch.Size([512, 128, 1, 1]): 
KaimingInit: a=0, mode=fan_out, nonlinearity=relu, distribution =normal, bias=0 

img_backbone.layer2.3.bn3.weight - torch.Size([512]): 
ConstantInit: val=0, bias=0 

img_backbone.layer2.3.bn3.bias - torch.Size([512]): 
The value is the same before and after calling `init_weights` of FUTR3D  

img_backbone.layer3.0.conv1.weight - torch.Size([256, 512, 1, 1]): 
KaimingInit: a=0, mode=fan_out, nonlinearity=relu, distribution =normal, bias=0 

img_backbone.layer3.0.bn1.weight - torch.Size([256]): 
The value is the same before and after calling `init_weights` of FUTR3D  

img_backbone.layer3.0.bn1.bias - torch.Size([256]): 
The value is the same before and after calling `init_weights` of FUTR3D  

img_backbone.layer3.0.conv2.weight - torch.Size([256, 256, 3, 3]): 
Initialized by user-defined `init_weights` in ModulatedDeformConv2dPack  

img_backbone.layer3.0.conv2.conv_offset.weight - torch.Size([27, 256, 3, 3]): 
Initialized by user-defined `init_weights` in ModulatedDeformConv2dPack  

img_backbone.layer3.0.conv2.conv_offset.bias - torch.Size([27]): 
The value is the same before and after calling `init_weights` of FUTR3D  

img_backbone.layer3.0.bn2.weight - torch.Size([256]): 
The value is the same before and after calling `init_weights` of FUTR3D  

img_backbone.layer3.0.bn2.bias - torch.Size([256]): 
The value is the same before and after calling `init_weights` of FUTR3D  

img_backbone.layer3.0.conv3.weight - torch.Size([1024, 256, 1, 1]): 
KaimingInit: a=0, mode=fan_out, nonlinearity=relu, distribution =normal, bias=0 

img_backbone.layer3.0.bn3.weight - torch.Size([1024]): 
ConstantInit: val=0, bias=0 

img_backbone.layer3.0.bn3.bias - torch.Size([1024]): 
The value is the same before and after calling `init_weights` of FUTR3D  

img_backbone.layer3.0.downsample.0.weight - torch.Size([1024, 512, 1, 1]): 
KaimingInit: a=0, mode=fan_out, nonlinearity=relu, distribution =normal, bias=0 

img_backbone.layer3.0.downsample.1.weight - torch.Size([1024]): 
The value is the same before and after calling `init_weights` of FUTR3D  

img_backbone.layer3.0.downsample.1.bias - torch.Size([1024]): 
The value is the same before and after calling `init_weights` of FUTR3D  

img_backbone.layer3.1.conv1.weight - torch.Size([256, 1024, 1, 1]): 
KaimingInit: a=0, mode=fan_out, nonlinearity=relu, distribution =normal, bias=0 

img_backbone.layer3.1.bn1.weight - torch.Size([256]): 
The value is the same before and after calling `init_weights` of FUTR3D  

img_backbone.layer3.1.bn1.bias - torch.Size([256]): 
The value is the same before and after calling `init_weights` of FUTR3D  

img_backbone.layer3.1.conv2.weight - torch.Size([256, 256, 3, 3]): 
Initialized by user-defined `init_weights` in ModulatedDeformConv2dPack  

img_backbone.layer3.1.conv2.conv_offset.weight - torch.Size([27, 256, 3, 3]): 
Initialized by user-defined `init_weights` in ModulatedDeformConv2dPack  

img_backbone.layer3.1.conv2.conv_offset.bias - torch.Size([27]): 
The value is the same before and after calling `init_weights` of FUTR3D  

img_backbone.layer3.1.bn2.weight - torch.Size([256]): 
The value is the same before and after calling `init_weights` of FUTR3D  

img_backbone.layer3.1.bn2.bias - torch.Size([256]): 
The value is the same before and after calling `init_weights` of FUTR3D  

img_backbone.layer3.1.conv3.weight - torch.Size([1024, 256, 1, 1]): 
KaimingInit: a=0, mode=fan_out, nonlinearity=relu, distribution =normal, bias=0 

img_backbone.layer3.1.bn3.weight - torch.Size([1024]): 
ConstantInit: val=0, bias=0 

img_backbone.layer3.1.bn3.bias - torch.Size([1024]): 
The value is the same before and after calling `init_weights` of FUTR3D  

img_backbone.layer3.2.conv1.weight - torch.Size([256, 1024, 1, 1]): 
KaimingInit: a=0, mode=fan_out, nonlinearity=relu, distribution =normal, bias=0 

img_backbone.layer3.2.bn1.weight - torch.Size([256]): 
The value is the same before and after calling `init_weights` of FUTR3D  

img_backbone.layer3.2.bn1.bias - torch.Size([256]): 
The value is the same before and after calling `init_weights` of FUTR3D  

img_backbone.layer3.2.conv2.weight - torch.Size([256, 256, 3, 3]): 
Initialized by user-defined `init_weights` in ModulatedDeformConv2dPack  

img_backbone.layer3.2.conv2.conv_offset.weight - torch.Size([27, 256, 3, 3]): 
Initialized by user-defined `init_weights` in ModulatedDeformConv2dPack  

img_backbone.layer3.2.conv2.conv_offset.bias - torch.Size([27]): 
The value is the same before and after calling `init_weights` of FUTR3D  

img_backbone.layer3.2.bn2.weight - torch.Size([256]): 
The value is the same before and after calling `init_weights` of FUTR3D  

img_backbone.layer3.2.bn2.bias - torch.Size([256]): 
The value is the same before and after calling `init_weights` of FUTR3D  

img_backbone.layer3.2.conv3.weight - torch.Size([1024, 256, 1, 1]): 
KaimingInit: a=0, mode=fan_out, nonlinearity=relu, distribution =normal, bias=0 

img_backbone.layer3.2.bn3.weight - torch.Size([1024]): 
ConstantInit: val=0, bias=0 

img_backbone.layer3.2.bn3.bias - torch.Size([1024]): 
The value is the same before and after calling `init_weights` of FUTR3D  

img_backbone.layer3.3.conv1.weight - torch.Size([256, 1024, 1, 1]): 
KaimingInit: a=0, mode=fan_out, nonlinearity=relu, distribution =normal, bias=0 

img_backbone.layer3.3.bn1.weight - torch.Size([256]): 
The value is the same before and after calling `init_weights` of FUTR3D  

img_backbone.layer3.3.bn1.bias - torch.Size([256]): 
The value is the same before and after calling `init_weights` of FUTR3D  

img_backbone.layer3.3.conv2.weight - torch.Size([256, 256, 3, 3]): 
Initialized by user-defined `init_weights` in ModulatedDeformConv2dPack  

img_backbone.layer3.3.conv2.conv_offset.weight - torch.Size([27, 256, 3, 3]): 
Initialized by user-defined `init_weights` in ModulatedDeformConv2dPack  

img_backbone.layer3.3.conv2.conv_offset.bias - torch.Size([27]): 
The value is the same before and after calling `init_weights` of FUTR3D  

img_backbone.layer3.3.bn2.weight - torch.Size([256]): 
The value is the same before and after calling `init_weights` of FUTR3D  

img_backbone.layer3.3.bn2.bias - torch.Size([256]): 
The value is the same before and after calling `init_weights` of FUTR3D  

img_backbone.layer3.3.conv3.weight - torch.Size([1024, 256, 1, 1]): 
KaimingInit: a=0, mode=fan_out, nonlinearity=relu, distribution =normal, bias=0 

img_backbone.layer3.3.bn3.weight - torch.Size([1024]): 
ConstantInit: val=0, bias=0 

img_backbone.layer3.3.bn3.bias - torch.Size([1024]): 
The value is the same before and after calling `init_weights` of FUTR3D  

img_backbone.layer3.4.conv1.weight - torch.Size([256, 1024, 1, 1]): 
KaimingInit: a=0, mode=fan_out, nonlinearity=relu, distribution =normal, bias=0 

img_backbone.layer3.4.bn1.weight - torch.Size([256]): 
The value is the same before and after calling `init_weights` of FUTR3D  

img_backbone.layer3.4.bn1.bias - torch.Size([256]): 
The value is the same before and after calling `init_weights` of FUTR3D  

img_backbone.layer3.4.conv2.weight - torch.Size([256, 256, 3, 3]): 
Initialized by user-defined `init_weights` in ModulatedDeformConv2dPack  

img_backbone.layer3.4.conv2.conv_offset.weight - torch.Size([27, 256, 3, 3]): 
Initialized by user-defined `init_weights` in ModulatedDeformConv2dPack  

img_backbone.layer3.4.conv2.conv_offset.bias - torch.Size([27]): 
The value is the same before and after calling `init_weights` of FUTR3D  

img_backbone.layer3.4.bn2.weight - torch.Size([256]): 
The value is the same before and after calling `init_weights` of FUTR3D  

img_backbone.layer3.4.bn2.bias - torch.Size([256]): 
The value is the same before and after calling `init_weights` of FUTR3D  

img_backbone.layer3.4.conv3.weight - torch.Size([1024, 256, 1, 1]): 
KaimingInit: a=0, mode=fan_out, nonlinearity=relu, distribution =normal, bias=0 

img_backbone.layer3.4.bn3.weight - torch.Size([1024]): 
ConstantInit: val=0, bias=0 

img_backbone.layer3.4.bn3.bias - torch.Size([1024]): 
The value is the same before and after calling `init_weights` of FUTR3D  

img_backbone.layer3.5.conv1.weight - torch.Size([256, 1024, 1, 1]): 
KaimingInit: a=0, mode=fan_out, nonlinearity=relu, distribution =normal, bias=0 

img_backbone.layer3.5.bn1.weight - torch.Size([256]): 
The value is the same before and after calling `init_weights` of FUTR3D  

img_backbone.layer3.5.bn1.bias - torch.Size([256]): 
The value is the same before and after calling `init_weights` of FUTR3D  

img_backbone.layer3.5.conv2.weight - torch.Size([256, 256, 3, 3]): 
Initialized by user-defined `init_weights` in ModulatedDeformConv2dPack  

img_backbone.layer3.5.conv2.conv_offset.weight - torch.Size([27, 256, 3, 3]): 
Initialized by user-defined `init_weights` in ModulatedDeformConv2dPack  

img_backbone.layer3.5.conv2.conv_offset.bias - torch.Size([27]): 
The value is the same before and after calling `init_weights` of FUTR3D  

img_backbone.layer3.5.bn2.weight - torch.Size([256]): 
The value is the same before and after calling `init_weights` of FUTR3D  

img_backbone.layer3.5.bn2.bias - torch.Size([256]): 
The value is the same before and after calling `init_weights` of FUTR3D  

img_backbone.layer3.5.conv3.weight - torch.Size([1024, 256, 1, 1]): 
KaimingInit: a=0, mode=fan_out, nonlinearity=relu, distribution =normal, bias=0 

img_backbone.layer3.5.bn3.weight - torch.Size([1024]): 
ConstantInit: val=0, bias=0 

img_backbone.layer3.5.bn3.bias - torch.Size([1024]): 
The value is the same before and after calling `init_weights` of FUTR3D  

img_backbone.layer3.6.conv1.weight - torch.Size([256, 1024, 1, 1]): 
KaimingInit: a=0, mode=fan_out, nonlinearity=relu, distribution =normal, bias=0 

img_backbone.layer3.6.bn1.weight - torch.Size([256]): 
The value is the same before and after calling `init_weights` of FUTR3D  

img_backbone.layer3.6.bn1.bias - torch.Size([256]): 
The value is the same before and after calling `init_weights` of FUTR3D  

img_backbone.layer3.6.conv2.weight - torch.Size([256, 256, 3, 3]): 
Initialized by user-defined `init_weights` in ModulatedDeformConv2dPack  

img_backbone.layer3.6.conv2.conv_offset.weight - torch.Size([27, 256, 3, 3]): 
Initialized by user-defined `init_weights` in ModulatedDeformConv2dPack  

img_backbone.layer3.6.conv2.conv_offset.bias - torch.Size([27]): 
The value is the same before and after calling `init_weights` of FUTR3D  

img_backbone.layer3.6.bn2.weight - torch.Size([256]): 
The value is the same before and after calling `init_weights` of FUTR3D  

img_backbone.layer3.6.bn2.bias - torch.Size([256]): 
The value is the same before and after calling `init_weights` of FUTR3D  

img_backbone.layer3.6.conv3.weight - torch.Size([1024, 256, 1, 1]): 
KaimingInit: a=0, mode=fan_out, nonlinearity=relu, distribution =normal, bias=0 

img_backbone.layer3.6.bn3.weight - torch.Size([1024]): 
ConstantInit: val=0, bias=0 

img_backbone.layer3.6.bn3.bias - torch.Size([1024]): 
The value is the same before and after calling `init_weights` of FUTR3D  

img_backbone.layer3.7.conv1.weight - torch.Size([256, 1024, 1, 1]): 
KaimingInit: a=0, mode=fan_out, nonlinearity=relu, distribution =normal, bias=0 

img_backbone.layer3.7.bn1.weight - torch.Size([256]): 
The value is the same before and after calling `init_weights` of FUTR3D  

img_backbone.layer3.7.bn1.bias - torch.Size([256]): 
The value is the same before and after calling `init_weights` of FUTR3D  

img_backbone.layer3.7.conv2.weight - torch.Size([256, 256, 3, 3]): 
Initialized by user-defined `init_weights` in ModulatedDeformConv2dPack  

img_backbone.layer3.7.conv2.conv_offset.weight - torch.Size([27, 256, 3, 3]): 
Initialized by user-defined `init_weights` in ModulatedDeformConv2dPack  

img_backbone.layer3.7.conv2.conv_offset.bias - torch.Size([27]): 
The value is the same before and after calling `init_weights` of FUTR3D  

img_backbone.layer3.7.bn2.weight - torch.Size([256]): 
The value is the same before and after calling `init_weights` of FUTR3D  

img_backbone.layer3.7.bn2.bias - torch.Size([256]): 
The value is the same before and after calling `init_weights` of FUTR3D  

img_backbone.layer3.7.conv3.weight - torch.Size([1024, 256, 1, 1]): 
KaimingInit: a=0, mode=fan_out, nonlinearity=relu, distribution =normal, bias=0 

img_backbone.layer3.7.bn3.weight - torch.Size([1024]): 
ConstantInit: val=0, bias=0 

img_backbone.layer3.7.bn3.bias - torch.Size([1024]): 
The value is the same before and after calling `init_weights` of FUTR3D  

img_backbone.layer3.8.conv1.weight - torch.Size([256, 1024, 1, 1]): 
KaimingInit: a=0, mode=fan_out, nonlinearity=relu, distribution =normal, bias=0 

img_backbone.layer3.8.bn1.weight - torch.Size([256]): 
The value is the same before and after calling `init_weights` of FUTR3D  

img_backbone.layer3.8.bn1.bias - torch.Size([256]): 
The value is the same before and after calling `init_weights` of FUTR3D  

img_backbone.layer3.8.conv2.weight - torch.Size([256, 256, 3, 3]): 
Initialized by user-defined `init_weights` in ModulatedDeformConv2dPack  

img_backbone.layer3.8.conv2.conv_offset.weight - torch.Size([27, 256, 3, 3]): 
Initialized by user-defined `init_weights` in ModulatedDeformConv2dPack  

img_backbone.layer3.8.conv2.conv_offset.bias - torch.Size([27]): 
The value is the same before and after calling `init_weights` of FUTR3D  

img_backbone.layer3.8.bn2.weight - torch.Size([256]): 
The value is the same before and after calling `init_weights` of FUTR3D  

img_backbone.layer3.8.bn2.bias - torch.Size([256]): 
The value is the same before and after calling `init_weights` of FUTR3D  

img_backbone.layer3.8.conv3.weight - torch.Size([1024, 256, 1, 1]): 
KaimingInit: a=0, mode=fan_out, nonlinearity=relu, distribution =normal, bias=0 

img_backbone.layer3.8.bn3.weight - torch.Size([1024]): 
ConstantInit: val=0, bias=0 

img_backbone.layer3.8.bn3.bias - torch.Size([1024]): 
The value is the same before and after calling `init_weights` of FUTR3D  

img_backbone.layer3.9.conv1.weight - torch.Size([256, 1024, 1, 1]): 
KaimingInit: a=0, mode=fan_out, nonlinearity=relu, distribution =normal, bias=0 

img_backbone.layer3.9.bn1.weight - torch.Size([256]): 
The value is the same before and after calling `init_weights` of FUTR3D  

img_backbone.layer3.9.bn1.bias - torch.Size([256]): 
The value is the same before and after calling `init_weights` of FUTR3D  

img_backbone.layer3.9.conv2.weight - torch.Size([256, 256, 3, 3]): 
Initialized by user-defined `init_weights` in ModulatedDeformConv2dPack  

img_backbone.layer3.9.conv2.conv_offset.weight - torch.Size([27, 256, 3, 3]): 
Initialized by user-defined `init_weights` in ModulatedDeformConv2dPack  

img_backbone.layer3.9.conv2.conv_offset.bias - torch.Size([27]): 
The value is the same before and after calling `init_weights` of FUTR3D  

img_backbone.layer3.9.bn2.weight - torch.Size([256]): 
The value is the same before and after calling `init_weights` of FUTR3D  

img_backbone.layer3.9.bn2.bias - torch.Size([256]): 
The value is the same before and after calling `init_weights` of FUTR3D  

img_backbone.layer3.9.conv3.weight - torch.Size([1024, 256, 1, 1]): 
KaimingInit: a=0, mode=fan_out, nonlinearity=relu, distribution =normal, bias=0 

img_backbone.layer3.9.bn3.weight - torch.Size([1024]): 
ConstantInit: val=0, bias=0 

img_backbone.layer3.9.bn3.bias - torch.Size([1024]): 
The value is the same before and after calling `init_weights` of FUTR3D  

img_backbone.layer3.10.conv1.weight - torch.Size([256, 1024, 1, 1]): 
KaimingInit: a=0, mode=fan_out, nonlinearity=relu, distribution =normal, bias=0 

img_backbone.layer3.10.bn1.weight - torch.Size([256]): 
The value is the same before and after calling `init_weights` of FUTR3D  

img_backbone.layer3.10.bn1.bias - torch.Size([256]): 
The value is the same before and after calling `init_weights` of FUTR3D  

img_backbone.layer3.10.conv2.weight - torch.Size([256, 256, 3, 3]): 
Initialized by user-defined `init_weights` in ModulatedDeformConv2dPack  

img_backbone.layer3.10.conv2.conv_offset.weight - torch.Size([27, 256, 3, 3]): 
Initialized by user-defined `init_weights` in ModulatedDeformConv2dPack  

img_backbone.layer3.10.conv2.conv_offset.bias - torch.Size([27]): 
The value is the same before and after calling `init_weights` of FUTR3D  

img_backbone.layer3.10.bn2.weight - torch.Size([256]): 
The value is the same before and after calling `init_weights` of FUTR3D  

img_backbone.layer3.10.bn2.bias - torch.Size([256]): 
The value is the same before and after calling `init_weights` of FUTR3D  

img_backbone.layer3.10.conv3.weight - torch.Size([1024, 256, 1, 1]): 
KaimingInit: a=0, mode=fan_out, nonlinearity=relu, distribution =normal, bias=0 

img_backbone.layer3.10.bn3.weight - torch.Size([1024]): 
ConstantInit: val=0, bias=0 

img_backbone.layer3.10.bn3.bias - torch.Size([1024]): 
The value is the same before and after calling `init_weights` of FUTR3D  

img_backbone.layer3.11.conv1.weight - torch.Size([256, 1024, 1, 1]): 
KaimingInit: a=0, mode=fan_out, nonlinearity=relu, distribution =normal, bias=0 

img_backbone.layer3.11.bn1.weight - torch.Size([256]): 
The value is the same before and after calling `init_weights` of FUTR3D  

img_backbone.layer3.11.bn1.bias - torch.Size([256]): 
The value is the same before and after calling `init_weights` of FUTR3D  

img_backbone.layer3.11.conv2.weight - torch.Size([256, 256, 3, 3]): 
Initialized by user-defined `init_weights` in ModulatedDeformConv2dPack  

img_backbone.layer3.11.conv2.conv_offset.weight - torch.Size([27, 256, 3, 3]): 
Initialized by user-defined `init_weights` in ModulatedDeformConv2dPack  

img_backbone.layer3.11.conv2.conv_offset.bias - torch.Size([27]): 
The value is the same before and after calling `init_weights` of FUTR3D  

img_backbone.layer3.11.bn2.weight - torch.Size([256]): 
The value is the same before and after calling `init_weights` of FUTR3D  

img_backbone.layer3.11.bn2.bias - torch.Size([256]): 
The value is the same before and after calling `init_weights` of FUTR3D  

img_backbone.layer3.11.conv3.weight - torch.Size([1024, 256, 1, 1]): 
KaimingInit: a=0, mode=fan_out, nonlinearity=relu, distribution =normal, bias=0 

img_backbone.layer3.11.bn3.weight - torch.Size([1024]): 
ConstantInit: val=0, bias=0 

img_backbone.layer3.11.bn3.bias - torch.Size([1024]): 
The value is the same before and after calling `init_weights` of FUTR3D  

img_backbone.layer3.12.conv1.weight - torch.Size([256, 1024, 1, 1]): 
KaimingInit: a=0, mode=fan_out, nonlinearity=relu, distribution =normal, bias=0 

img_backbone.layer3.12.bn1.weight - torch.Size([256]): 
The value is the same before and after calling `init_weights` of FUTR3D  

img_backbone.layer3.12.bn1.bias - torch.Size([256]): 
The value is the same before and after calling `init_weights` of FUTR3D  

img_backbone.layer3.12.conv2.weight - torch.Size([256, 256, 3, 3]): 
Initialized by user-defined `init_weights` in ModulatedDeformConv2dPack  

img_backbone.layer3.12.conv2.conv_offset.weight - torch.Size([27, 256, 3, 3]): 
Initialized by user-defined `init_weights` in ModulatedDeformConv2dPack  

img_backbone.layer3.12.conv2.conv_offset.bias - torch.Size([27]): 
The value is the same before and after calling `init_weights` of FUTR3D  

img_backbone.layer3.12.bn2.weight - torch.Size([256]): 
The value is the same before and after calling `init_weights` of FUTR3D  

img_backbone.layer3.12.bn2.bias - torch.Size([256]): 
The value is the same before and after calling `init_weights` of FUTR3D  

img_backbone.layer3.12.conv3.weight - torch.Size([1024, 256, 1, 1]): 
KaimingInit: a=0, mode=fan_out, nonlinearity=relu, distribution =normal, bias=0 

img_backbone.layer3.12.bn3.weight - torch.Size([1024]): 
ConstantInit: val=0, bias=0 

img_backbone.layer3.12.bn3.bias - torch.Size([1024]): 
The value is the same before and after calling `init_weights` of FUTR3D  

img_backbone.layer3.13.conv1.weight - torch.Size([256, 1024, 1, 1]): 
KaimingInit: a=0, mode=fan_out, nonlinearity=relu, distribution =normal, bias=0 

img_backbone.layer3.13.bn1.weight - torch.Size([256]): 
The value is the same before and after calling `init_weights` of FUTR3D  

img_backbone.layer3.13.bn1.bias - torch.Size([256]): 
The value is the same before and after calling `init_weights` of FUTR3D  

img_backbone.layer3.13.conv2.weight - torch.Size([256, 256, 3, 3]): 
Initialized by user-defined `init_weights` in ModulatedDeformConv2dPack  

img_backbone.layer3.13.conv2.conv_offset.weight - torch.Size([27, 256, 3, 3]): 
Initialized by user-defined `init_weights` in ModulatedDeformConv2dPack  

img_backbone.layer3.13.conv2.conv_offset.bias - torch.Size([27]): 
The value is the same before and after calling `init_weights` of FUTR3D  

img_backbone.layer3.13.bn2.weight - torch.Size([256]): 
The value is the same before and after calling `init_weights` of FUTR3D  

img_backbone.layer3.13.bn2.bias - torch.Size([256]): 
The value is the same before and after calling `init_weights` of FUTR3D  

img_backbone.layer3.13.conv3.weight - torch.Size([1024, 256, 1, 1]): 
KaimingInit: a=0, mode=fan_out, nonlinearity=relu, distribution =normal, bias=0 

img_backbone.layer3.13.bn3.weight - torch.Size([1024]): 
ConstantInit: val=0, bias=0 

img_backbone.layer3.13.bn3.bias - torch.Size([1024]): 
The value is the same before and after calling `init_weights` of FUTR3D  

img_backbone.layer3.14.conv1.weight - torch.Size([256, 1024, 1, 1]): 
KaimingInit: a=0, mode=fan_out, nonlinearity=relu, distribution =normal, bias=0 

img_backbone.layer3.14.bn1.weight - torch.Size([256]): 
The value is the same before and after calling `init_weights` of FUTR3D  

img_backbone.layer3.14.bn1.bias - torch.Size([256]): 
The value is the same before and after calling `init_weights` of FUTR3D  

img_backbone.layer3.14.conv2.weight - torch.Size([256, 256, 3, 3]): 
Initialized by user-defined `init_weights` in ModulatedDeformConv2dPack  

img_backbone.layer3.14.conv2.conv_offset.weight - torch.Size([27, 256, 3, 3]): 
Initialized by user-defined `init_weights` in ModulatedDeformConv2dPack  

img_backbone.layer3.14.conv2.conv_offset.bias - torch.Size([27]): 
The value is the same before and after calling `init_weights` of FUTR3D  

img_backbone.layer3.14.bn2.weight - torch.Size([256]): 
The value is the same before and after calling `init_weights` of FUTR3D  

img_backbone.layer3.14.bn2.bias - torch.Size([256]): 
The value is the same before and after calling `init_weights` of FUTR3D  

img_backbone.layer3.14.conv3.weight - torch.Size([1024, 256, 1, 1]): 
KaimingInit: a=0, mode=fan_out, nonlinearity=relu, distribution =normal, bias=0 

img_backbone.layer3.14.bn3.weight - torch.Size([1024]): 
ConstantInit: val=0, bias=0 

img_backbone.layer3.14.bn3.bias - torch.Size([1024]): 
The value is the same before and after calling `init_weights` of FUTR3D  

img_backbone.layer3.15.conv1.weight - torch.Size([256, 1024, 1, 1]): 
KaimingInit: a=0, mode=fan_out, nonlinearity=relu, distribution =normal, bias=0 

img_backbone.layer3.15.bn1.weight - torch.Size([256]): 
The value is the same before and after calling `init_weights` of FUTR3D  

img_backbone.layer3.15.bn1.bias - torch.Size([256]): 
The value is the same before and after calling `init_weights` of FUTR3D  

img_backbone.layer3.15.conv2.weight - torch.Size([256, 256, 3, 3]): 
Initialized by user-defined `init_weights` in ModulatedDeformConv2dPack  

img_backbone.layer3.15.conv2.conv_offset.weight - torch.Size([27, 256, 3, 3]): 
Initialized by user-defined `init_weights` in ModulatedDeformConv2dPack  

img_backbone.layer3.15.conv2.conv_offset.bias - torch.Size([27]): 
The value is the same before and after calling `init_weights` of FUTR3D  

img_backbone.layer3.15.bn2.weight - torch.Size([256]): 
The value is the same before and after calling `init_weights` of FUTR3D  

img_backbone.layer3.15.bn2.bias - torch.Size([256]): 
The value is the same before and after calling `init_weights` of FUTR3D  

img_backbone.layer3.15.conv3.weight - torch.Size([1024, 256, 1, 1]): 
KaimingInit: a=0, mode=fan_out, nonlinearity=relu, distribution =normal, bias=0 

img_backbone.layer3.15.bn3.weight - torch.Size([1024]): 
ConstantInit: val=0, bias=0 

img_backbone.layer3.15.bn3.bias - torch.Size([1024]): 
The value is the same before and after calling `init_weights` of FUTR3D  

img_backbone.layer3.16.conv1.weight - torch.Size([256, 1024, 1, 1]): 
KaimingInit: a=0, mode=fan_out, nonlinearity=relu, distribution =normal, bias=0 

img_backbone.layer3.16.bn1.weight - torch.Size([256]): 
The value is the same before and after calling `init_weights` of FUTR3D  

img_backbone.layer3.16.bn1.bias - torch.Size([256]): 
The value is the same before and after calling `init_weights` of FUTR3D  

img_backbone.layer3.16.conv2.weight - torch.Size([256, 256, 3, 3]): 
Initialized by user-defined `init_weights` in ModulatedDeformConv2dPack  

img_backbone.layer3.16.conv2.conv_offset.weight - torch.Size([27, 256, 3, 3]): 
Initialized by user-defined `init_weights` in ModulatedDeformConv2dPack  

img_backbone.layer3.16.conv2.conv_offset.bias - torch.Size([27]): 
The value is the same before and after calling `init_weights` of FUTR3D  

img_backbone.layer3.16.bn2.weight - torch.Size([256]): 
The value is the same before and after calling `init_weights` of FUTR3D  

img_backbone.layer3.16.bn2.bias - torch.Size([256]): 
The value is the same before and after calling `init_weights` of FUTR3D  

img_backbone.layer3.16.conv3.weight - torch.Size([1024, 256, 1, 1]): 
KaimingInit: a=0, mode=fan_out, nonlinearity=relu, distribution =normal, bias=0 

img_backbone.layer3.16.bn3.weight - torch.Size([1024]): 
ConstantInit: val=0, bias=0 

img_backbone.layer3.16.bn3.bias - torch.Size([1024]): 
The value is the same before and after calling `init_weights` of FUTR3D  

img_backbone.layer3.17.conv1.weight - torch.Size([256, 1024, 1, 1]): 
KaimingInit: a=0, mode=fan_out, nonlinearity=relu, distribution =normal, bias=0 

img_backbone.layer3.17.bn1.weight - torch.Size([256]): 
The value is the same before and after calling `init_weights` of FUTR3D  

img_backbone.layer3.17.bn1.bias - torch.Size([256]): 
The value is the same before and after calling `init_weights` of FUTR3D  

img_backbone.layer3.17.conv2.weight - torch.Size([256, 256, 3, 3]): 
Initialized by user-defined `init_weights` in ModulatedDeformConv2dPack  

img_backbone.layer3.17.conv2.conv_offset.weight - torch.Size([27, 256, 3, 3]): 
Initialized by user-defined `init_weights` in ModulatedDeformConv2dPack  

img_backbone.layer3.17.conv2.conv_offset.bias - torch.Size([27]): 
The value is the same before and after calling `init_weights` of FUTR3D  

img_backbone.layer3.17.bn2.weight - torch.Size([256]): 
The value is the same before and after calling `init_weights` of FUTR3D  

img_backbone.layer3.17.bn2.bias - torch.Size([256]): 
The value is the same before and after calling `init_weights` of FUTR3D  

img_backbone.layer3.17.conv3.weight - torch.Size([1024, 256, 1, 1]): 
KaimingInit: a=0, mode=fan_out, nonlinearity=relu, distribution =normal, bias=0 

img_backbone.layer3.17.bn3.weight - torch.Size([1024]): 
ConstantInit: val=0, bias=0 

img_backbone.layer3.17.bn3.bias - torch.Size([1024]): 
The value is the same before and after calling `init_weights` of FUTR3D  

img_backbone.layer3.18.conv1.weight - torch.Size([256, 1024, 1, 1]): 
KaimingInit: a=0, mode=fan_out, nonlinearity=relu, distribution =normal, bias=0 

img_backbone.layer3.18.bn1.weight - torch.Size([256]): 
The value is the same before and after calling `init_weights` of FUTR3D  

img_backbone.layer3.18.bn1.bias - torch.Size([256]): 
The value is the same before and after calling `init_weights` of FUTR3D  

img_backbone.layer3.18.conv2.weight - torch.Size([256, 256, 3, 3]): 
Initialized by user-defined `init_weights` in ModulatedDeformConv2dPack  

img_backbone.layer3.18.conv2.conv_offset.weight - torch.Size([27, 256, 3, 3]): 
Initialized by user-defined `init_weights` in ModulatedDeformConv2dPack  

img_backbone.layer3.18.conv2.conv_offset.bias - torch.Size([27]): 
The value is the same before and after calling `init_weights` of FUTR3D  

img_backbone.layer3.18.bn2.weight - torch.Size([256]): 
The value is the same before and after calling `init_weights` of FUTR3D  

img_backbone.layer3.18.bn2.bias - torch.Size([256]): 
The value is the same before and after calling `init_weights` of FUTR3D  

img_backbone.layer3.18.conv3.weight - torch.Size([1024, 256, 1, 1]): 
KaimingInit: a=0, mode=fan_out, nonlinearity=relu, distribution =normal, bias=0 

img_backbone.layer3.18.bn3.weight - torch.Size([1024]): 
ConstantInit: val=0, bias=0 

img_backbone.layer3.18.bn3.bias - torch.Size([1024]): 
The value is the same before and after calling `init_weights` of FUTR3D  

img_backbone.layer3.19.conv1.weight - torch.Size([256, 1024, 1, 1]): 
KaimingInit: a=0, mode=fan_out, nonlinearity=relu, distribution =normal, bias=0 

img_backbone.layer3.19.bn1.weight - torch.Size([256]): 
The value is the same before and after calling `init_weights` of FUTR3D  

img_backbone.layer3.19.bn1.bias - torch.Size([256]): 
The value is the same before and after calling `init_weights` of FUTR3D  

img_backbone.layer3.19.conv2.weight - torch.Size([256, 256, 3, 3]): 
Initialized by user-defined `init_weights` in ModulatedDeformConv2dPack  

img_backbone.layer3.19.conv2.conv_offset.weight - torch.Size([27, 256, 3, 3]): 
Initialized by user-defined `init_weights` in ModulatedDeformConv2dPack  

img_backbone.layer3.19.conv2.conv_offset.bias - torch.Size([27]): 
The value is the same before and after calling `init_weights` of FUTR3D  

img_backbone.layer3.19.bn2.weight - torch.Size([256]): 
The value is the same before and after calling `init_weights` of FUTR3D  

img_backbone.layer3.19.bn2.bias - torch.Size([256]): 
The value is the same before and after calling `init_weights` of FUTR3D  

img_backbone.layer3.19.conv3.weight - torch.Size([1024, 256, 1, 1]): 
KaimingInit: a=0, mode=fan_out, nonlinearity=relu, distribution =normal, bias=0 

img_backbone.layer3.19.bn3.weight - torch.Size([1024]): 
ConstantInit: val=0, bias=0 

img_backbone.layer3.19.bn3.bias - torch.Size([1024]): 
The value is the same before and after calling `init_weights` of FUTR3D  

img_backbone.layer3.20.conv1.weight - torch.Size([256, 1024, 1, 1]): 
KaimingInit: a=0, mode=fan_out, nonlinearity=relu, distribution =normal, bias=0 

img_backbone.layer3.20.bn1.weight - torch.Size([256]): 
The value is the same before and after calling `init_weights` of FUTR3D  

img_backbone.layer3.20.bn1.bias - torch.Size([256]): 
The value is the same before and after calling `init_weights` of FUTR3D  

img_backbone.layer3.20.conv2.weight - torch.Size([256, 256, 3, 3]): 
Initialized by user-defined `init_weights` in ModulatedDeformConv2dPack  

img_backbone.layer3.20.conv2.conv_offset.weight - torch.Size([27, 256, 3, 3]): 
Initialized by user-defined `init_weights` in ModulatedDeformConv2dPack  

img_backbone.layer3.20.conv2.conv_offset.bias - torch.Size([27]): 
The value is the same before and after calling `init_weights` of FUTR3D  

img_backbone.layer3.20.bn2.weight - torch.Size([256]): 
The value is the same before and after calling `init_weights` of FUTR3D  

img_backbone.layer3.20.bn2.bias - torch.Size([256]): 
The value is the same before and after calling `init_weights` of FUTR3D  

img_backbone.layer3.20.conv3.weight - torch.Size([1024, 256, 1, 1]): 
KaimingInit: a=0, mode=fan_out, nonlinearity=relu, distribution =normal, bias=0 

img_backbone.layer3.20.bn3.weight - torch.Size([1024]): 
ConstantInit: val=0, bias=0 

img_backbone.layer3.20.bn3.bias - torch.Size([1024]): 
The value is the same before and after calling `init_weights` of FUTR3D  

img_backbone.layer3.21.conv1.weight - torch.Size([256, 1024, 1, 1]): 
KaimingInit: a=0, mode=fan_out, nonlinearity=relu, distribution =normal, bias=0 

img_backbone.layer3.21.bn1.weight - torch.Size([256]): 
The value is the same before and after calling `init_weights` of FUTR3D  

img_backbone.layer3.21.bn1.bias - torch.Size([256]): 
The value is the same before and after calling `init_weights` of FUTR3D  

img_backbone.layer3.21.conv2.weight - torch.Size([256, 256, 3, 3]): 
Initialized by user-defined `init_weights` in ModulatedDeformConv2dPack  

img_backbone.layer3.21.conv2.conv_offset.weight - torch.Size([27, 256, 3, 3]): 
Initialized by user-defined `init_weights` in ModulatedDeformConv2dPack  

img_backbone.layer3.21.conv2.conv_offset.bias - torch.Size([27]): 
The value is the same before and after calling `init_weights` of FUTR3D  

img_backbone.layer3.21.bn2.weight - torch.Size([256]): 
The value is the same before and after calling `init_weights` of FUTR3D  

img_backbone.layer3.21.bn2.bias - torch.Size([256]): 
The value is the same before and after calling `init_weights` of FUTR3D  

img_backbone.layer3.21.conv3.weight - torch.Size([1024, 256, 1, 1]): 
KaimingInit: a=0, mode=fan_out, nonlinearity=relu, distribution =normal, bias=0 

img_backbone.layer3.21.bn3.weight - torch.Size([1024]): 
ConstantInit: val=0, bias=0 

img_backbone.layer3.21.bn3.bias - torch.Size([1024]): 
The value is the same before and after calling `init_weights` of FUTR3D  

img_backbone.layer3.22.conv1.weight - torch.Size([256, 1024, 1, 1]): 
KaimingInit: a=0, mode=fan_out, nonlinearity=relu, distribution =normal, bias=0 

img_backbone.layer3.22.bn1.weight - torch.Size([256]): 
The value is the same before and after calling `init_weights` of FUTR3D  

img_backbone.layer3.22.bn1.bias - torch.Size([256]): 
The value is the same before and after calling `init_weights` of FUTR3D  

img_backbone.layer3.22.conv2.weight - torch.Size([256, 256, 3, 3]): 
Initialized by user-defined `init_weights` in ModulatedDeformConv2dPack  

img_backbone.layer3.22.conv2.conv_offset.weight - torch.Size([27, 256, 3, 3]): 
Initialized by user-defined `init_weights` in ModulatedDeformConv2dPack  

img_backbone.layer3.22.conv2.conv_offset.bias - torch.Size([27]): 
The value is the same before and after calling `init_weights` of FUTR3D  

img_backbone.layer3.22.bn2.weight - torch.Size([256]): 
The value is the same before and after calling `init_weights` of FUTR3D  

img_backbone.layer3.22.bn2.bias - torch.Size([256]): 
The value is the same before and after calling `init_weights` of FUTR3D  

img_backbone.layer3.22.conv3.weight - torch.Size([1024, 256, 1, 1]): 
KaimingInit: a=0, mode=fan_out, nonlinearity=relu, distribution =normal, bias=0 

img_backbone.layer3.22.bn3.weight - torch.Size([1024]): 
ConstantInit: val=0, bias=0 

img_backbone.layer3.22.bn3.bias - torch.Size([1024]): 
The value is the same before and after calling `init_weights` of FUTR3D  

img_backbone.layer4.0.conv1.weight - torch.Size([512, 1024, 1, 1]): 
KaimingInit: a=0, mode=fan_out, nonlinearity=relu, distribution =normal, bias=0 

img_backbone.layer4.0.bn1.weight - torch.Size([512]): 
The value is the same before and after calling `init_weights` of FUTR3D  

img_backbone.layer4.0.bn1.bias - torch.Size([512]): 
The value is the same before and after calling `init_weights` of FUTR3D  

img_backbone.layer4.0.conv2.weight - torch.Size([512, 512, 3, 3]): 
Initialized by user-defined `init_weights` in ModulatedDeformConv2dPack  

img_backbone.layer4.0.conv2.conv_offset.weight - torch.Size([27, 512, 3, 3]): 
Initialized by user-defined `init_weights` in ModulatedDeformConv2dPack  

img_backbone.layer4.0.conv2.conv_offset.bias - torch.Size([27]): 
The value is the same before and after calling `init_weights` of FUTR3D  

img_backbone.layer4.0.bn2.weight - torch.Size([512]): 
The value is the same before and after calling `init_weights` of FUTR3D  

img_backbone.layer4.0.bn2.bias - torch.Size([512]): 
The value is the same before and after calling `init_weights` of FUTR3D  

img_backbone.layer4.0.conv3.weight - torch.Size([2048, 512, 1, 1]): 
KaimingInit: a=0, mode=fan_out, nonlinearity=relu, distribution =normal, bias=0 

img_backbone.layer4.0.bn3.weight - torch.Size([2048]): 
ConstantInit: val=0, bias=0 

img_backbone.layer4.0.bn3.bias - torch.Size([2048]): 
The value is the same before and after calling `init_weights` of FUTR3D  

img_backbone.layer4.0.downsample.0.weight - torch.Size([2048, 1024, 1, 1]): 
KaimingInit: a=0, mode=fan_out, nonlinearity=relu, distribution =normal, bias=0 

img_backbone.layer4.0.downsample.1.weight - torch.Size([2048]): 
The value is the same before and after calling `init_weights` of FUTR3D  

img_backbone.layer4.0.downsample.1.bias - torch.Size([2048]): 
The value is the same before and after calling `init_weights` of FUTR3D  

img_backbone.layer4.1.conv1.weight - torch.Size([512, 2048, 1, 1]): 
KaimingInit: a=0, mode=fan_out, nonlinearity=relu, distribution =normal, bias=0 

img_backbone.layer4.1.bn1.weight - torch.Size([512]): 
The value is the same before and after calling `init_weights` of FUTR3D  

img_backbone.layer4.1.bn1.bias - torch.Size([512]): 
The value is the same before and after calling `init_weights` of FUTR3D  

img_backbone.layer4.1.conv2.weight - torch.Size([512, 512, 3, 3]): 
Initialized by user-defined `init_weights` in ModulatedDeformConv2dPack  

img_backbone.layer4.1.conv2.conv_offset.weight - torch.Size([27, 512, 3, 3]): 
Initialized by user-defined `init_weights` in ModulatedDeformConv2dPack  

img_backbone.layer4.1.conv2.conv_offset.bias - torch.Size([27]): 
The value is the same before and after calling `init_weights` of FUTR3D  

img_backbone.layer4.1.bn2.weight - torch.Size([512]): 
The value is the same before and after calling `init_weights` of FUTR3D  

img_backbone.layer4.1.bn2.bias - torch.Size([512]): 
The value is the same before and after calling `init_weights` of FUTR3D  

img_backbone.layer4.1.conv3.weight - torch.Size([2048, 512, 1, 1]): 
KaimingInit: a=0, mode=fan_out, nonlinearity=relu, distribution =normal, bias=0 

img_backbone.layer4.1.bn3.weight - torch.Size([2048]): 
ConstantInit: val=0, bias=0 

img_backbone.layer4.1.bn3.bias - torch.Size([2048]): 
The value is the same before and after calling `init_weights` of FUTR3D  

img_backbone.layer4.2.conv1.weight - torch.Size([512, 2048, 1, 1]): 
KaimingInit: a=0, mode=fan_out, nonlinearity=relu, distribution =normal, bias=0 

img_backbone.layer4.2.bn1.weight - torch.Size([512]): 
The value is the same before and after calling `init_weights` of FUTR3D  

img_backbone.layer4.2.bn1.bias - torch.Size([512]): 
The value is the same before and after calling `init_weights` of FUTR3D  

img_backbone.layer4.2.conv2.weight - torch.Size([512, 512, 3, 3]): 
Initialized by user-defined `init_weights` in ModulatedDeformConv2dPack  

img_backbone.layer4.2.conv2.conv_offset.weight - torch.Size([27, 512, 3, 3]): 
Initialized by user-defined `init_weights` in ModulatedDeformConv2dPack  

img_backbone.layer4.2.conv2.conv_offset.bias - torch.Size([27]): 
The value is the same before and after calling `init_weights` of FUTR3D  

img_backbone.layer4.2.bn2.weight - torch.Size([512]): 
The value is the same before and after calling `init_weights` of FUTR3D  

img_backbone.layer4.2.bn2.bias - torch.Size([512]): 
The value is the same before and after calling `init_weights` of FUTR3D  

img_backbone.layer4.2.conv3.weight - torch.Size([2048, 512, 1, 1]): 
KaimingInit: a=0, mode=fan_out, nonlinearity=relu, distribution =normal, bias=0 

img_backbone.layer4.2.bn3.weight - torch.Size([2048]): 
ConstantInit: val=0, bias=0 

img_backbone.layer4.2.bn3.bias - torch.Size([2048]): 
The value is the same before and after calling `init_weights` of FUTR3D  

img_neck.lateral_convs.0.conv.weight - torch.Size([256, 512, 1, 1]): 
XavierInit: gain=1, distribution=uniform, bias=0 

img_neck.lateral_convs.0.conv.bias - torch.Size([256]): 
The value is the same before and after calling `init_weights` of FUTR3D  

img_neck.lateral_convs.1.conv.weight - torch.Size([256, 1024, 1, 1]): 
XavierInit: gain=1, distribution=uniform, bias=0 

img_neck.lateral_convs.1.conv.bias - torch.Size([256]): 
The value is the same before and after calling `init_weights` of FUTR3D  

img_neck.lateral_convs.2.conv.weight - torch.Size([256, 2048, 1, 1]): 
XavierInit: gain=1, distribution=uniform, bias=0 

img_neck.lateral_convs.2.conv.bias - torch.Size([256]): 
The value is the same before and after calling `init_weights` of FUTR3D  

img_neck.fpn_convs.0.conv.weight - torch.Size([256, 256, 3, 3]): 
XavierInit: gain=1, distribution=uniform, bias=0 

img_neck.fpn_convs.0.conv.bias - torch.Size([256]): 
The value is the same before and after calling `init_weights` of FUTR3D  

img_neck.fpn_convs.1.conv.weight - torch.Size([256, 256, 3, 3]): 
XavierInit: gain=1, distribution=uniform, bias=0 

img_neck.fpn_convs.1.conv.bias - torch.Size([256]): 
The value is the same before and after calling `init_weights` of FUTR3D  

img_neck.fpn_convs.2.conv.weight - torch.Size([256, 256, 3, 3]): 
XavierInit: gain=1, distribution=uniform, bias=0 

img_neck.fpn_convs.2.conv.bias - torch.Size([256]): 
The value is the same before and after calling `init_weights` of FUTR3D  

img_neck.fpn_convs.3.conv.weight - torch.Size([256, 256, 3, 3]): 
XavierInit: gain=1, distribution=uniform, bias=0 

img_neck.fpn_convs.3.conv.bias - torch.Size([256]): 
The value is the same before and after calling `init_weights` of FUTR3D  
2025-06-25 12:49:11,898 - mmdet - INFO - 使用SyncBN
2025-06-25 12:52:25,583 - mmdet - INFO - load checkpoint from local path: ./work_dirs/lidar_0075v_cam_res101/双卡bs2/latest.pth
2025-06-25 12:52:31,751 - mmdet - INFO - resumed epoch 1, iter 7033
2025-06-25 12:52:31,753 - mmdet - INFO - Start running, host: ubuntu@ubuntu, work_dir: /mnt/sdc/FUTR3D/work_dirs/lidar_0075v_cam_res101/双卡bs2
2025-06-25 12:52:31,753 - mmdet - INFO - Hooks will be executed in the following order:
before_run:
(VERY_HIGH   ) CosineAnnealingLrUpdaterHook       
(NORMAL      ) CheckpointHook                     
(LOW         ) DistEvalHook                       
(VERY_LOW    ) TextLoggerHook                     
(VERY_LOW    ) TensorboardLoggerHook              
 -------------------- 
before_train_epoch:
(VERY_HIGH   ) CosineAnnealingLrUpdaterHook       
(NORMAL      ) DistSamplerSeedHook                
(LOW         ) IterTimerHook                      
(LOW         ) DistEvalHook                       
(VERY_LOW    ) TextLoggerHook                     
(VERY_LOW    ) TensorboardLoggerHook              
 -------------------- 
before_train_iter:
(VERY_HIGH   ) CosineAnnealingLrUpdaterHook       
(LOW         ) IterTimerHook                      
(LOW         ) DistEvalHook                       
 -------------------- 
after_train_iter:
(ABOVE_NORMAL) OptimizerHook                      
(NORMAL      ) CheckpointHook                     
(LOW         ) IterTimerHook                      
(LOW         ) DistEvalHook                       
(VERY_LOW    ) TextLoggerHook                     
(VERY_LOW    ) TensorboardLoggerHook              
 -------------------- 
after_train_epoch:
(NORMAL      ) CheckpointHook                     
(LOW         ) DistEvalHook                       
(VERY_LOW    ) TextLoggerHook                     
(VERY_LOW    ) TensorboardLoggerHook              
 -------------------- 
before_val_epoch:
(NORMAL      ) DistSamplerSeedHook                
(LOW         ) IterTimerHook                      
(VERY_LOW    ) TextLoggerHook                     
(VERY_LOW    ) TensorboardLoggerHook              
 -------------------- 
before_val_iter:
(LOW         ) IterTimerHook                      
 -------------------- 
after_val_iter:
(LOW         ) IterTimerHook                      
 -------------------- 
after_val_epoch:
(VERY_LOW    ) TextLoggerHook                     
(VERY_LOW    ) TensorboardLoggerHook              
 -------------------- 
after_run:
(VERY_LOW    ) TextLoggerHook                     
(VERY_LOW    ) TensorboardLoggerHook              
 -------------------- 
2025-06-25 12:52:31,753 - mmdet - INFO - workflow: [('train', 1)], max: 6 epochs
2025-06-25 12:52:31,754 - mmdet - INFO - Checkpoints will be saved to /mnt/sdc/FUTR3D/work_dirs/lidar_0075v_cam_res101/双卡bs2 by HardDiskBackend.
2025-06-25 12:53:24,983 - mmdet - INFO - Epoch [2][50/7033]	lr: 1.866e-04, eta: 10:16:08, time: 1.053, data_time: 0.114, memory: 4350, loss_cls: 0.1196, loss_bbox: 0.2925, d0.loss_cls: 0.2289, d0.loss_bbox: 0.4092, d1.loss_cls: 0.1605, d1.loss_bbox: 0.3266, d2.loss_cls: 0.1388, d2.loss_bbox: 0.3135, d3.loss_cls: 0.1264, d3.loss_bbox: 0.2901, d4.loss_cls: 0.1228, d4.loss_bbox: 0.2874, loss: 2.8164, grad_norm: 20.8385
2025-06-25 12:54:08,123 - mmdet - INFO - Epoch [2][100/7033]	lr: 1.866e-04, eta: 9:20:29, time: 0.865, data_time: 0.031, memory: 4350, loss_cls: 0.1262, loss_bbox: 0.3090, d0.loss_cls: 0.2390, d0.loss_bbox: 0.4232, d1.loss_cls: 0.1694, d1.loss_bbox: 0.3467, d2.loss_cls: 0.1429, d2.loss_bbox: 0.3328, d3.loss_cls: 0.1348, d3.loss_bbox: 0.3051, d4.loss_cls: 0.1279, d4.loss_bbox: 0.3049, loss: 2.9618, grad_norm: 24.7747
2025-06-25 12:54:53,583 - mmdet - INFO - Epoch [2][150/7033]	lr: 1.866e-04, eta: 9:10:04, time: 0.910, data_time: 0.143, memory: 4350, loss_cls: 0.1114, loss_bbox: 0.2868, d0.loss_cls: 0.2193, d0.loss_bbox: 0.4079, d1.loss_cls: 0.1529, d1.loss_bbox: 0.3279, d2.loss_cls: 0.1294, d2.loss_bbox: 0.3103, d3.loss_cls: 0.1174, d3.loss_bbox: 0.2884, d4.loss_cls: 0.1126, d4.loss_bbox: 0.2848, loss: 2.7491, grad_norm: 21.6377
2025-06-25 12:55:34,290 - mmdet - INFO - Epoch [2][200/7033]	lr: 1.866e-04, eta: 8:50:34, time: 0.814, data_time: 0.040, memory: 4350, loss_cls: 0.1274, loss_bbox: 0.3013, d0.loss_cls: 0.2399, d0.loss_bbox: 0.4337, d1.loss_cls: 0.1748, d1.loss_bbox: 0.3431, d2.loss_cls: 0.1465, d2.loss_bbox: 0.3282, d3.loss_cls: 0.1363, d3.loss_bbox: 0.3015, d4.loss_cls: 0.1296, d4.loss_bbox: 0.2985, loss: 2.9606, grad_norm: 60.4033
2025-06-25 12:56:14,856 - mmdet - INFO - Epoch [2][250/7033]	lr: 1.866e-04, eta: 8:38:16, time: 0.811, data_time: 0.030, memory: 4350, loss_cls: 0.1222, loss_bbox: 0.2931, d0.loss_cls: 0.2283, d0.loss_bbox: 0.4086, d1.loss_cls: 0.1609, d1.loss_bbox: 0.3273, d2.loss_cls: 0.1366, d2.loss_bbox: 0.3189, d3.loss_cls: 0.1264, d3.loss_bbox: 0.2928, d4.loss_cls: 0.1235, d4.loss_bbox: 0.2904, loss: 2.8291, grad_norm: 25.5483
2025-06-25 12:56:56,769 - mmdet - INFO - Epoch [2][300/7033]	lr: 1.866e-04, eta: 8:32:27, time: 0.838, data_time: 0.044, memory: 4350, loss_cls: 0.1105, loss_bbox: 0.2900, d0.loss_cls: 0.2266, d0.loss_bbox: 0.4086, d1.loss_cls: 0.1545, d1.loss_bbox: 0.3255, d2.loss_cls: 0.1312, d2.loss_bbox: 0.3114, d3.loss_cls: 0.1198, d3.loss_bbox: 0.2858, d4.loss_cls: 0.1145, d4.loss_bbox: 0.2842, loss: 2.7627, grad_norm: 22.4597
2025-06-25 12:57:37,014 - mmdet - INFO - Epoch [2][350/7033]	lr: 1.866e-04, eta: 8:25:20, time: 0.805, data_time: 0.030, memory: 4350, loss_cls: 0.1244, loss_bbox: 0.3026, d0.loss_cls: 0.2349, d0.loss_bbox: 0.4291, d1.loss_cls: 0.1716, d1.loss_bbox: 0.3377, d2.loss_cls: 0.1421, d2.loss_bbox: 0.3274, d3.loss_cls: 0.1309, d3.loss_bbox: 0.3023, d4.loss_cls: 0.1252, d4.loss_bbox: 0.3005, loss: 2.9287, grad_norm: 18.5292
2025-06-25 12:58:17,796 - mmdet - INFO - Epoch [2][400/7033]	lr: 1.866e-04, eta: 8:20:36, time: 0.816, data_time: 0.029, memory: 4350, loss_cls: 0.1134, loss_bbox: 0.2818, d0.loss_cls: 0.2236, d0.loss_bbox: 0.3994, d1.loss_cls: 0.1580, d1.loss_bbox: 0.3187, d2.loss_cls: 0.1300, d2.loss_bbox: 0.3047, d3.loss_cls: 0.1199, d3.loss_bbox: 0.2819, d4.loss_cls: 0.1154, d4.loss_bbox: 0.2784, loss: 2.7253, grad_norm: 20.6370
2025-06-25 12:58:58,963 - mmdet - INFO - Epoch [2][450/7033]	lr: 1.866e-04, eta: 8:17:16, time: 0.823, data_time: 0.054, memory: 4350, loss_cls: 0.1224, loss_bbox: 0.3025, d0.loss_cls: 0.2398, d0.loss_bbox: 0.4291, d1.loss_cls: 0.1695, d1.loss_bbox: 0.3382, d2.loss_cls: 0.1427, d2.loss_bbox: 0.3222, d3.loss_cls: 0.1318, d3.loss_bbox: 0.2988, d4.loss_cls: 0.1249, d4.loss_bbox: 0.2998, loss: 2.9217, grad_norm: 23.5589
2025-06-25 12:59:39,091 - mmdet - INFO - Epoch [2][500/7033]	lr: 1.866e-04, eta: 8:13:16, time: 0.803, data_time: 0.026, memory: 4350, loss_cls: 0.1173, loss_bbox: 0.2757, d0.loss_cls: 0.2348, d0.loss_bbox: 0.4044, d1.loss_cls: 0.1628, d1.loss_bbox: 0.3178, d2.loss_cls: 0.1344, d2.loss_bbox: 0.3012, d3.loss_cls: 0.1255, d3.loss_bbox: 0.2756, d4.loss_cls: 0.1191, d4.loss_bbox: 0.2719, loss: 2.7405, grad_norm: 27.7513
2025-06-25 13:00:19,112 - mmdet - INFO - Epoch [2][550/7033]	lr: 1.866e-04, eta: 8:09:45, time: 0.800, data_time: 0.027, memory: 4350, loss_cls: 0.1189, loss_bbox: 0.3054, d0.loss_cls: 0.2360, d0.loss_bbox: 0.4329, d1.loss_cls: 0.1650, d1.loss_bbox: 0.3438, d2.loss_cls: 0.1392, d2.loss_bbox: 0.3283, d3.loss_cls: 0.1263, d3.loss_bbox: 0.3045, d4.loss_cls: 0.1211, d4.loss_bbox: 0.3023, loss: 2.9235, grad_norm: 26.9755
2025-06-25 13:01:00,056 - mmdet - INFO - Epoch [2][600/7033]	lr: 1.866e-04, eta: 8:07:36, time: 0.819, data_time: 0.046, memory: 4350, loss_cls: 0.1139, loss_bbox: 0.3010, d0.loss_cls: 0.2270, d0.loss_bbox: 0.4230, d1.loss_cls: 0.1551, d1.loss_bbox: 0.3352, d2.loss_cls: 0.1328, d2.loss_bbox: 0.3198, d3.loss_cls: 0.1208, d3.loss_bbox: 0.2981, d4.loss_cls: 0.1134, d4.loss_bbox: 0.2982, loss: 2.8384, grad_norm: 25.9751
2025-06-25 13:01:40,301 - mmdet - INFO - Epoch [2][650/7033]	lr: 1.866e-04, eta: 8:05:04, time: 0.805, data_time: 0.027, memory: 4350, loss_cls: 0.1178, loss_bbox: 0.2955, d0.loss_cls: 0.2296, d0.loss_bbox: 0.4279, d1.loss_cls: 0.1628, d1.loss_bbox: 0.3354, d2.loss_cls: 0.1373, d2.loss_bbox: 0.3195, d3.loss_cls: 0.1268, d3.loss_bbox: 0.2936, d4.loss_cls: 0.1192, d4.loss_bbox: 0.2922, loss: 2.8577, grad_norm: 24.2857
2025-06-25 13:02:20,312 - mmdet - INFO - Epoch [2][700/7033]	lr: 1.866e-04, eta: 8:02:35, time: 0.800, data_time: 0.027, memory: 4350, loss_cls: 0.1242, loss_bbox: 0.3059, d0.loss_cls: 0.2371, d0.loss_bbox: 0.4317, d1.loss_cls: 0.1719, d1.loss_bbox: 0.3404, d2.loss_cls: 0.1452, d2.loss_bbox: 0.3279, d3.loss_cls: 0.1321, d3.loss_bbox: 0.3045, d4.loss_cls: 0.1257, d4.loss_bbox: 0.3033, loss: 2.9501, grad_norm: 35.7507
2025-06-25 13:03:00,462 - mmdet - INFO - Epoch [2][750/7033]	lr: 1.866e-04, eta: 8:00:27, time: 0.803, data_time: 0.028, memory: 4350, loss_cls: 0.1301, loss_bbox: 0.3033, d0.loss_cls: 0.2401, d0.loss_bbox: 0.4320, d1.loss_cls: 0.1733, d1.loss_bbox: 0.3364, d2.loss_cls: 0.1463, d2.loss_bbox: 0.3208, d3.loss_cls: 0.1349, d3.loss_bbox: 0.2987, d4.loss_cls: 0.1309, d4.loss_bbox: 0.2982, loss: 2.9451, grad_norm: 18.0281
2025-06-25 13:03:40,959 - mmdet - INFO - Epoch [2][800/7033]	lr: 1.866e-04, eta: 7:58:47, time: 0.810, data_time: 0.030, memory: 4350, loss_cls: 0.1289, loss_bbox: 0.2873, d0.loss_cls: 0.2313, d0.loss_bbox: 0.4060, d1.loss_cls: 0.1639, d1.loss_bbox: 0.3196, d2.loss_cls: 0.1436, d2.loss_bbox: 0.3070, d3.loss_cls: 0.1357, d3.loss_bbox: 0.2854, d4.loss_cls: 0.1296, d4.loss_bbox: 0.2832, loss: 2.8215, grad_norm: 23.0869
2025-06-25 13:04:21,299 - mmdet - INFO - Epoch [2][850/7033]	lr: 1.866e-04, eta: 7:57:06, time: 0.807, data_time: 0.031, memory: 4350, loss_cls: 0.1132, loss_bbox: 0.2804, d0.loss_cls: 0.2276, d0.loss_bbox: 0.4030, d1.loss_cls: 0.1610, d1.loss_bbox: 0.3136, d2.loss_cls: 0.1348, d2.loss_bbox: 0.2988, d3.loss_cls: 0.1255, d3.loss_bbox: 0.2754, d4.loss_cls: 0.1164, d4.loss_bbox: 0.2757, loss: 2.7253, grad_norm: 34.7271
2025-06-25 13:05:01,776 - mmdet - INFO - Epoch [2][900/7033]	lr: 1.866e-04, eta: 7:55:37, time: 0.809, data_time: 0.031, memory: 4350, loss_cls: 0.1138, loss_bbox: 0.2919, d0.loss_cls: 0.2309, d0.loss_bbox: 0.4080, d1.loss_cls: 0.1587, d1.loss_bbox: 0.3254, d2.loss_cls: 0.1367, d2.loss_bbox: 0.3100, d3.loss_cls: 0.1228, d3.loss_bbox: 0.2882, d4.loss_cls: 0.1152, d4.loss_bbox: 0.2878, loss: 2.7894, grad_norm: 34.3098
2025-06-25 13:05:41,958 - mmdet - INFO - Epoch [2][950/7033]	lr: 1.866e-04, eta: 7:54:03, time: 0.804, data_time: 0.028, memory: 4350, loss_cls: 0.1060, loss_bbox: 0.2776, d0.loss_cls: 0.2264, d0.loss_bbox: 0.4011, d1.loss_cls: 0.1532, d1.loss_bbox: 0.3119, d2.loss_cls: 0.1273, d2.loss_bbox: 0.2971, d3.loss_cls: 0.1153, d3.loss_bbox: 0.2741, d4.loss_cls: 0.1090, d4.loss_bbox: 0.2716, loss: 2.6706, grad_norm: 18.4132
2025-06-25 13:06:21,952 - mmdet - INFO - Epoch [2][1000/7033]	lr: 1.866e-04, eta: 7:52:28, time: 0.800, data_time: 0.029, memory: 4350, loss_cls: 0.1094, loss_bbox: 0.2852, d0.loss_cls: 0.2227, d0.loss_bbox: 0.4113, d1.loss_cls: 0.1533, d1.loss_bbox: 0.3175, d2.loss_cls: 0.1285, d2.loss_bbox: 0.3039, d3.loss_cls: 0.1180, d3.loss_bbox: 0.2810, d4.loss_cls: 0.1132, d4.loss_bbox: 0.2797, loss: 2.7239, grad_norm: 20.2217
2025-06-25 13:07:02,267 - mmdet - INFO - Epoch [2][1050/7033]	lr: 1.866e-04, eta: 7:51:08, time: 0.806, data_time: 0.030, memory: 4350, loss_cls: 0.1096, loss_bbox: 0.2828, d0.loss_cls: 0.2311, d0.loss_bbox: 0.4029, d1.loss_cls: 0.1510, d1.loss_bbox: 0.3171, d2.loss_cls: 0.1288, d2.loss_bbox: 0.3010, d3.loss_cls: 0.1200, d3.loss_bbox: 0.2773, d4.loss_cls: 0.1113, d4.loss_bbox: 0.2791, loss: 2.7120, grad_norm: 32.8980
2025-06-25 13:07:42,341 - mmdet - INFO - Epoch [2][1100/7033]	lr: 1.866e-04, eta: 7:49:45, time: 0.802, data_time: 0.027, memory: 4350, loss_cls: 0.1255, loss_bbox: 0.2783, d0.loss_cls: 0.2321, d0.loss_bbox: 0.4093, d1.loss_cls: 0.1634, d1.loss_bbox: 0.3167, d2.loss_cls: 0.1424, d2.loss_bbox: 0.2996, d3.loss_cls: 0.1331, d3.loss_bbox: 0.2782, d4.loss_cls: 0.1261, d4.loss_bbox: 0.2754, loss: 2.7801, grad_norm: 18.8040
2025-06-25 13:08:22,634 - mmdet - INFO - Epoch [2][1150/7033]	lr: 1.866e-04, eta: 7:48:32, time: 0.806, data_time: 0.027, memory: 4350, loss_cls: 0.1093, loss_bbox: 0.2814, d0.loss_cls: 0.2268, d0.loss_bbox: 0.4001, d1.loss_cls: 0.1540, d1.loss_bbox: 0.3193, d2.loss_cls: 0.1285, d2.loss_bbox: 0.3061, d3.loss_cls: 0.1165, d3.loss_bbox: 0.2803, d4.loss_cls: 0.1108, d4.loss_bbox: 0.2782, loss: 2.7112, grad_norm: 20.7548
2025-06-25 13:09:02,795 - mmdet - INFO - Epoch [2][1200/7033]	lr: 1.866e-04, eta: 7:47:17, time: 0.803, data_time: 0.030, memory: 4350, loss_cls: 0.1088, loss_bbox: 0.2727, d0.loss_cls: 0.2248, d0.loss_bbox: 0.4007, d1.loss_cls: 0.1526, d1.loss_bbox: 0.3096, d2.loss_cls: 0.1290, d2.loss_bbox: 0.2963, d3.loss_cls: 0.1181, d3.loss_bbox: 0.2725, d4.loss_cls: 0.1119, d4.loss_bbox: 0.2692, loss: 2.6661, grad_norm: 27.1561
2025-06-25 13:09:43,290 - mmdet - INFO - Epoch [2][1250/7033]	lr: 1.866e-04, eta: 7:46:15, time: 0.810, data_time: 0.029, memory: 4350, loss_cls: 0.1033, loss_bbox: 0.2878, d0.loss_cls: 0.2229, d0.loss_bbox: 0.4025, d1.loss_cls: 0.1516, d1.loss_bbox: 0.3190, d2.loss_cls: 0.1253, d2.loss_bbox: 0.3090, d3.loss_cls: 0.1112, d3.loss_bbox: 0.2835, d4.loss_cls: 0.1051, d4.loss_bbox: 0.2835, loss: 2.7046, grad_norm: 21.7626
2025-06-25 13:10:23,668 - mmdet - INFO - Epoch [2][1300/7033]	lr: 1.866e-04, eta: 7:45:11, time: 0.808, data_time: 0.030, memory: 4350, loss_cls: 0.1112, loss_bbox: 0.2812, d0.loss_cls: 0.2250, d0.loss_bbox: 0.4012, d1.loss_cls: 0.1564, d1.loss_bbox: 0.3133, d2.loss_cls: 0.1314, d2.loss_bbox: 0.2992, d3.loss_cls: 0.1190, d3.loss_bbox: 0.2784, d4.loss_cls: 0.1133, d4.loss_bbox: 0.2772, loss: 2.7067, grad_norm: 20.3964
2025-06-25 13:11:04,038 - mmdet - INFO - Epoch [2][1350/7033]	lr: 1.866e-04, eta: 7:44:09, time: 0.807, data_time: 0.032, memory: 4350, loss_cls: 0.1092, loss_bbox: 0.2827, d0.loss_cls: 0.2248, d0.loss_bbox: 0.4073, d1.loss_cls: 0.1535, d1.loss_bbox: 0.3150, d2.loss_cls: 0.1280, d2.loss_bbox: 0.3039, d3.loss_cls: 0.1182, d3.loss_bbox: 0.2808, d4.loss_cls: 0.1098, d4.loss_bbox: 0.2813, loss: 2.7145, grad_norm: 27.2966
2025-06-25 13:11:44,240 - mmdet - INFO - Epoch [2][1400/7033]	lr: 1.866e-04, eta: 7:43:04, time: 0.804, data_time: 0.028, memory: 4350, loss_cls: 0.1180, loss_bbox: 0.2790, d0.loss_cls: 0.2341, d0.loss_bbox: 0.4055, d1.loss_cls: 0.1632, d1.loss_bbox: 0.3163, d2.loss_cls: 0.1360, d2.loss_bbox: 0.3010, d3.loss_cls: 0.1274, d3.loss_bbox: 0.2760, d4.loss_cls: 0.1191, d4.loss_bbox: 0.2770, loss: 2.7527, grad_norm: 19.6235
2025-06-25 13:12:24,771 - mmdet - INFO - Epoch [2][1450/7033]	lr: 1.866e-04, eta: 7:42:09, time: 0.811, data_time: 0.031, memory: 4350, loss_cls: 0.1185, loss_bbox: 0.2834, d0.loss_cls: 0.2230, d0.loss_bbox: 0.4139, d1.loss_cls: 0.1600, d1.loss_bbox: 0.3200, d2.loss_cls: 0.1346, d2.loss_bbox: 0.3034, d3.loss_cls: 0.1249, d3.loss_bbox: 0.2790, d4.loss_cls: 0.1187, d4.loss_bbox: 0.2803, loss: 2.7597, grad_norm: 21.7592
2025-06-25 13:13:05,405 - mmdet - INFO - Epoch [2][1500/7033]	lr: 1.866e-04, eta: 7:41:17, time: 0.813, data_time: 0.033, memory: 4350, loss_cls: 0.1150, loss_bbox: 0.2795, d0.loss_cls: 0.2324, d0.loss_bbox: 0.4107, d1.loss_cls: 0.1610, d1.loss_bbox: 0.3188, d2.loss_cls: 0.1302, d2.loss_bbox: 0.3036, d3.loss_cls: 0.1223, d3.loss_bbox: 0.2784, d4.loss_cls: 0.1148, d4.loss_bbox: 0.2778, loss: 2.7445, grad_norm: 22.1451
2025-06-25 13:13:46,021 - mmdet - INFO - Epoch [2][1550/7033]	lr: 1.866e-04, eta: 7:40:25, time: 0.812, data_time: 0.034, memory: 4350, loss_cls: 0.1135, loss_bbox: 0.2851, d0.loss_cls: 0.2254, d0.loss_bbox: 0.4059, d1.loss_cls: 0.1569, d1.loss_bbox: 0.3178, d2.loss_cls: 0.1309, d2.loss_bbox: 0.3037, d3.loss_cls: 0.1211, d3.loss_bbox: 0.2799, d4.loss_cls: 0.1163, d4.loss_bbox: 0.2798, loss: 2.7364, grad_norm: 23.9548
2025-06-25 13:14:26,367 - mmdet - INFO - Epoch [2][1600/7033]	lr: 1.866e-04, eta: 7:39:28, time: 0.807, data_time: 0.030, memory: 4350, loss_cls: 0.1066, loss_bbox: 0.2752, d0.loss_cls: 0.2205, d0.loss_bbox: 0.3958, d1.loss_cls: 0.1499, d1.loss_bbox: 0.3104, d2.loss_cls: 0.1238, d2.loss_bbox: 0.2963, d3.loss_cls: 0.1139, d3.loss_bbox: 0.2732, d4.loss_cls: 0.1071, d4.loss_bbox: 0.2724, loss: 2.6452, grad_norm: 26.1976
2025-06-25 13:15:07,026 - mmdet - INFO - Epoch [2][1650/7033]	lr: 1.866e-04, eta: 7:38:39, time: 0.813, data_time: 0.032, memory: 4350, loss_cls: 0.1094, loss_bbox: 0.2783, d0.loss_cls: 0.2316, d0.loss_bbox: 0.4046, d1.loss_cls: 0.1561, d1.loss_bbox: 0.3191, d2.loss_cls: 0.1301, d2.loss_bbox: 0.3018, d3.loss_cls: 0.1189, d3.loss_bbox: 0.2778, d4.loss_cls: 0.1104, d4.loss_bbox: 0.2765, loss: 2.7147, grad_norm: 42.4055
2025-06-25 13:15:47,708 - mmdet - INFO - Epoch [2][1700/7033]	lr: 1.866e-04, eta: 7:37:50, time: 0.814, data_time: 0.034, memory: 4350, loss_cls: 0.1099, loss_bbox: 0.2875, d0.loss_cls: 0.2265, d0.loss_bbox: 0.4091, d1.loss_cls: 0.1554, d1.loss_bbox: 0.3190, d2.loss_cls: 0.1267, d2.loss_bbox: 0.3062, d3.loss_cls: 0.1167, d3.loss_bbox: 0.2838, d4.loss_cls: 0.1110, d4.loss_bbox: 0.2829, loss: 2.7346, grad_norm: 20.3463
2025-06-25 13:16:28,596 - mmdet - INFO - Epoch [2][1750/7033]	lr: 1.866e-04, eta: 7:37:06, time: 0.818, data_time: 0.034, memory: 4350, loss_cls: 0.1137, loss_bbox: 0.2837, d0.loss_cls: 0.2286, d0.loss_bbox: 0.4128, d1.loss_cls: 0.1605, d1.loss_bbox: 0.3194, d2.loss_cls: 0.1326, d2.loss_bbox: 0.3066, d3.loss_cls: 0.1205, d3.loss_bbox: 0.2820, d4.loss_cls: 0.1147, d4.loss_bbox: 0.2800, loss: 2.7551, grad_norm: 27.3129
2025-06-25 13:17:09,274 - mmdet - INFO - Epoch [2][1800/7033]	lr: 1.866e-04, eta: 7:36:19, time: 0.814, data_time: 0.033, memory: 4350, loss_cls: 0.1150, loss_bbox: 0.2763, d0.loss_cls: 0.2329, d0.loss_bbox: 0.4043, d1.loss_cls: 0.1581, d1.loss_bbox: 0.3116, d2.loss_cls: 0.1335, d2.loss_bbox: 0.3002, d3.loss_cls: 0.1226, d3.loss_bbox: 0.2737, d4.loss_cls: 0.1173, d4.loss_bbox: 0.2729, loss: 2.7186, grad_norm: 32.7962
2025-06-25 13:17:49,838 - mmdet - INFO - Epoch [2][1850/7033]	lr: 1.866e-04, eta: 7:35:29, time: 0.811, data_time: 0.034, memory: 4350, loss_cls: 0.1072, loss_bbox: 0.2717, d0.loss_cls: 0.2285, d0.loss_bbox: 0.3975, d1.loss_cls: 0.1579, d1.loss_bbox: 0.3098, d2.loss_cls: 0.1271, d2.loss_bbox: 0.2954, d3.loss_cls: 0.1154, d3.loss_bbox: 0.2690, d4.loss_cls: 0.1096, d4.loss_bbox: 0.2674, loss: 2.6566, grad_norm: 23.5847
2025-06-25 13:18:30,358 - mmdet - INFO - Epoch [2][1900/7033]	lr: 1.866e-04, eta: 7:34:39, time: 0.810, data_time: 0.031, memory: 4350, loss_cls: 0.1112, loss_bbox: 0.2774, d0.loss_cls: 0.2339, d0.loss_bbox: 0.4028, d1.loss_cls: 0.1617, d1.loss_bbox: 0.3103, d2.loss_cls: 0.1297, d2.loss_bbox: 0.2992, d3.loss_cls: 0.1213, d3.loss_bbox: 0.2737, d4.loss_cls: 0.1129, d4.loss_bbox: 0.2734, loss: 2.7074, grad_norm: 33.1741
2025-06-25 13:19:10,878 - mmdet - INFO - Epoch [2][1950/7033]	lr: 1.866e-04, eta: 7:33:50, time: 0.810, data_time: 0.032, memory: 4350, loss_cls: 0.1031, loss_bbox: 0.2724, d0.loss_cls: 0.2268, d0.loss_bbox: 0.4062, d1.loss_cls: 0.1529, d1.loss_bbox: 0.3086, d2.loss_cls: 0.1246, d2.loss_bbox: 0.2953, d3.loss_cls: 0.1124, d3.loss_bbox: 0.2697, d4.loss_cls: 0.1056, d4.loss_bbox: 0.2679, loss: 2.6455, grad_norm: 42.7585
2025-06-25 13:19:51,318 - mmdet - INFO - Epoch [2][2000/7033]	lr: 1.866e-04, eta: 7:33:00, time: 0.809, data_time: 0.031, memory: 4350, loss_cls: 0.1158, loss_bbox: 0.2814, d0.loss_cls: 0.2295, d0.loss_bbox: 0.4103, d1.loss_cls: 0.1635, d1.loss_bbox: 0.3144, d2.loss_cls: 0.1359, d2.loss_bbox: 0.3000, d3.loss_cls: 0.1232, d3.loss_bbox: 0.2773, d4.loss_cls: 0.1166, d4.loss_bbox: 0.2769, loss: 2.7449, grad_norm: 19.2335
2025-06-25 13:20:31,818 - mmdet - INFO - Epoch [2][2050/7033]	lr: 1.866e-04, eta: 7:32:11, time: 0.810, data_time: 0.029, memory: 4350, loss_cls: 0.1243, loss_bbox: 0.2911, d0.loss_cls: 0.2286, d0.loss_bbox: 0.4239, d1.loss_cls: 0.1671, d1.loss_bbox: 0.3281, d2.loss_cls: 0.1409, d2.loss_bbox: 0.3115, d3.loss_cls: 0.1319, d3.loss_bbox: 0.2874, d4.loss_cls: 0.1253, d4.loss_bbox: 0.2882, loss: 2.8483, grad_norm: 23.5421
2025-06-25 13:21:12,507 - mmdet - INFO - Epoch [2][2100/7033]	lr: 1.866e-04, eta: 7:31:26, time: 0.814, data_time: 0.035, memory: 4350, loss_cls: 0.1041, loss_bbox: 0.2682, d0.loss_cls: 0.2182, d0.loss_bbox: 0.3966, d1.loss_cls: 0.1496, d1.loss_bbox: 0.3037, d2.loss_cls: 0.1233, d2.loss_bbox: 0.2890, d3.loss_cls: 0.1121, d3.loss_bbox: 0.2682, d4.loss_cls: 0.1062, d4.loss_bbox: 0.2661, loss: 2.6053, grad_norm: 24.4630
2025-06-25 13:21:53,215 - mmdet - INFO - Epoch [2][2150/7033]	lr: 1.866e-04, eta: 7:30:41, time: 0.814, data_time: 0.032, memory: 4350, loss_cls: 0.1120, loss_bbox: 0.2829, d0.loss_cls: 0.2243, d0.loss_bbox: 0.4076, d1.loss_cls: 0.1551, d1.loss_bbox: 0.3195, d2.loss_cls: 0.1300, d2.loss_bbox: 0.3044, d3.loss_cls: 0.1188, d3.loss_bbox: 0.2822, d4.loss_cls: 0.1138, d4.loss_bbox: 0.2789, loss: 2.7294, grad_norm: 25.3550
2025-06-25 13:22:34,041 - mmdet - INFO - Epoch [2][2200/7033]	lr: 1.866e-04, eta: 7:29:58, time: 0.816, data_time: 0.033, memory: 4350, loss_cls: 0.1133, loss_bbox: 0.2778, d0.loss_cls: 0.2269, d0.loss_bbox: 0.4054, d1.loss_cls: 0.1583, d1.loss_bbox: 0.3118, d2.loss_cls: 0.1324, d2.loss_bbox: 0.3011, d3.loss_cls: 0.1201, d3.loss_bbox: 0.2773, d4.loss_cls: 0.1152, d4.loss_bbox: 0.2751, loss: 2.7147, grad_norm: 35.8351
2025-06-25 13:23:14,559 - mmdet - INFO - Epoch [2][2250/7033]	lr: 1.866e-04, eta: 7:29:11, time: 0.811, data_time: 0.032, memory: 4350, loss_cls: 0.1100, loss_bbox: 0.2956, d0.loss_cls: 0.2166, d0.loss_bbox: 0.4179, d1.loss_cls: 0.1515, d1.loss_bbox: 0.3291, d2.loss_cls: 0.1267, d2.loss_bbox: 0.3140, d3.loss_cls: 0.1169, d3.loss_bbox: 0.2925, d4.loss_cls: 0.1110, d4.loss_bbox: 0.2905, loss: 2.7723, grad_norm: 22.3663
2025-06-25 13:23:55,041 - mmdet - INFO - Epoch [2][2300/7033]	lr: 1.866e-04, eta: 7:28:24, time: 0.810, data_time: 0.031, memory: 4350, loss_cls: 0.1116, loss_bbox: 0.2864, d0.loss_cls: 0.2237, d0.loss_bbox: 0.4069, d1.loss_cls: 0.1598, d1.loss_bbox: 0.3178, d2.loss_cls: 0.1293, d2.loss_bbox: 0.3061, d3.loss_cls: 0.1188, d3.loss_bbox: 0.2845, d4.loss_cls: 0.1129, d4.loss_bbox: 0.2846, loss: 2.7424, grad_norm: 30.1850
2025-06-25 13:24:35,487 - mmdet - INFO - Epoch [2][2350/7033]	lr: 1.866e-04, eta: 7:27:36, time: 0.809, data_time: 0.030, memory: 4350, loss_cls: 0.1159, loss_bbox: 0.2797, d0.loss_cls: 0.2344, d0.loss_bbox: 0.4017, d1.loss_cls: 0.1617, d1.loss_bbox: 0.3123, d2.loss_cls: 0.1350, d2.loss_bbox: 0.3020, d3.loss_cls: 0.1223, d3.loss_bbox: 0.2776, d4.loss_cls: 0.1178, d4.loss_bbox: 0.2764, loss: 2.7368, grad_norm: 37.7147
2025-06-25 13:25:15,866 - mmdet - INFO - Epoch [2][2400/7033]	lr: 1.866e-04, eta: 7:26:47, time: 0.808, data_time: 0.031, memory: 4350, loss_cls: 0.1174, loss_bbox: 0.2836, d0.loss_cls: 0.2369, d0.loss_bbox: 0.4116, d1.loss_cls: 0.1737, d1.loss_bbox: 0.3175, d2.loss_cls: 0.1445, d2.loss_bbox: 0.3081, d3.loss_cls: 0.1277, d3.loss_bbox: 0.2838, d4.loss_cls: 0.1195, d4.loss_bbox: 0.2807, loss: 2.8049, grad_norm: 24.3478
2025-06-25 13:25:56,357 - mmdet - INFO - Epoch [2][2450/7033]	lr: 1.866e-04, eta: 7:26:01, time: 0.810, data_time: 0.030, memory: 4350, loss_cls: 0.1181, loss_bbox: 0.2829, d0.loss_cls: 0.2263, d0.loss_bbox: 0.4055, d1.loss_cls: 0.1579, d1.loss_bbox: 0.3187, d2.loss_cls: 0.1344, d2.loss_bbox: 0.3025, d3.loss_cls: 0.1239, d3.loss_bbox: 0.2799, d4.loss_cls: 0.1177, d4.loss_bbox: 0.2796, loss: 2.7476, grad_norm: 24.4644
2025-06-25 13:26:36,827 - mmdet - INFO - Epoch [2][2500/7033]	lr: 1.866e-04, eta: 7:25:14, time: 0.809, data_time: 0.030, memory: 4350, loss_cls: 0.1073, loss_bbox: 0.2765, d0.loss_cls: 0.2227, d0.loss_bbox: 0.4001, d1.loss_cls: 0.1550, d1.loss_bbox: 0.3112, d2.loss_cls: 0.1302, d2.loss_bbox: 0.2973, d3.loss_cls: 0.1161, d3.loss_bbox: 0.2755, d4.loss_cls: 0.1082, d4.loss_bbox: 0.2738, loss: 2.6739, grad_norm: 26.6978
2025-06-25 13:27:17,126 - mmdet - INFO - Epoch [2][2550/7033]	lr: 1.866e-04, eta: 7:24:26, time: 0.806, data_time: 0.031, memory: 4350, loss_cls: 0.1178, loss_bbox: 0.2888, d0.loss_cls: 0.2308, d0.loss_bbox: 0.4197, d1.loss_cls: 0.1603, d1.loss_bbox: 0.3252, d2.loss_cls: 0.1354, d2.loss_bbox: 0.3116, d3.loss_cls: 0.1279, d3.loss_bbox: 0.2852, d4.loss_cls: 0.1200, d4.loss_bbox: 0.2860, loss: 2.8086, grad_norm: 58.2020
2025-06-25 13:27:57,554 - mmdet - INFO - Epoch [2][2600/7033]	lr: 1.866e-04, eta: 7:23:39, time: 0.809, data_time: 0.030, memory: 4350, loss_cls: 0.1106, loss_bbox: 0.2920, d0.loss_cls: 0.2318, d0.loss_bbox: 0.4168, d1.loss_cls: 0.1601, d1.loss_bbox: 0.3237, d2.loss_cls: 0.1314, d2.loss_bbox: 0.3098, d3.loss_cls: 0.1206, d3.loss_bbox: 0.2889, d4.loss_cls: 0.1124, d4.loss_bbox: 0.2883, loss: 2.7863, grad_norm: 31.8654
2025-06-25 13:28:38,259 - mmdet - INFO - Epoch [2][2650/7033]	lr: 1.866e-04, eta: 7:22:56, time: 0.814, data_time: 0.033, memory: 4350, loss_cls: 0.1122, loss_bbox: 0.2778, d0.loss_cls: 0.2284, d0.loss_bbox: 0.4029, d1.loss_cls: 0.1593, d1.loss_bbox: 0.3082, d2.loss_cls: 0.1325, d2.loss_bbox: 0.2975, d3.loss_cls: 0.1212, d3.loss_bbox: 0.2732, d4.loss_cls: 0.1145, d4.loss_bbox: 0.2732, loss: 2.7009, grad_norm: 37.7148
2025-06-25 13:29:18,804 - mmdet - INFO - Epoch [2][2700/7033]	lr: 1.866e-04, eta: 7:22:12, time: 0.811, data_time: 0.032, memory: 4350, loss_cls: 0.1166, loss_bbox: 0.2904, d0.loss_cls: 0.2351, d0.loss_bbox: 0.4176, d1.loss_cls: 0.1655, d1.loss_bbox: 0.3242, d2.loss_cls: 0.1396, d2.loss_bbox: 0.3115, d3.loss_cls: 0.1265, d3.loss_bbox: 0.2882, d4.loss_cls: 0.1196, d4.loss_bbox: 0.2868, loss: 2.8216, grad_norm: 35.3726
2025-06-25 13:29:59,587 - mmdet - INFO - Epoch [2][2750/7033]	lr: 1.866e-04, eta: 7:21:30, time: 0.816, data_time: 0.032, memory: 4350, loss_cls: 0.1138, loss_bbox: 0.2807, d0.loss_cls: 0.2304, d0.loss_bbox: 0.4116, d1.loss_cls: 0.1574, d1.loss_bbox: 0.3158, d2.loss_cls: 0.1348, d2.loss_bbox: 0.2994, d3.loss_cls: 0.1227, d3.loss_bbox: 0.2780, d4.loss_cls: 0.1149, d4.loss_bbox: 0.2787, loss: 2.7383, grad_norm: 21.3466
2025-06-25 13:30:40,392 - mmdet - INFO - Epoch [2][2800/7033]	lr: 1.866e-04, eta: 7:20:48, time: 0.816, data_time: 0.032, memory: 4350, loss_cls: 0.1094, loss_bbox: 0.2800, d0.loss_cls: 0.2209, d0.loss_bbox: 0.4099, d1.loss_cls: 0.1532, d1.loss_bbox: 0.3120, d2.loss_cls: 0.1271, d2.loss_bbox: 0.3039, d3.loss_cls: 0.1162, d3.loss_bbox: 0.2786, d4.loss_cls: 0.1103, d4.loss_bbox: 0.2775, loss: 2.6991, grad_norm: 21.3018
2025-06-25 13:31:22,000 - mmdet - INFO - Epoch [2][2850/7033]	lr: 1.866e-04, eta: 7:20:16, time: 0.832, data_time: 0.053, memory: 4350, loss_cls: 0.1169, loss_bbox: 0.2849, d0.loss_cls: 0.2305, d0.loss_bbox: 0.4103, d1.loss_cls: 0.1636, d1.loss_bbox: 0.3182, d2.loss_cls: 0.1366, d2.loss_bbox: 0.3062, d3.loss_cls: 0.1279, d3.loss_bbox: 0.2801, d4.loss_cls: 0.1198, d4.loss_bbox: 0.2800, loss: 2.7750, grad_norm: 24.8067
2025-06-25 13:32:02,462 - mmdet - INFO - Epoch [2][2900/7033]	lr: 1.866e-04, eta: 7:19:31, time: 0.809, data_time: 0.029, memory: 4350, loss_cls: 0.1090, loss_bbox: 0.2713, d0.loss_cls: 0.2186, d0.loss_bbox: 0.3990, d1.loss_cls: 0.1530, d1.loss_bbox: 0.3051, d2.loss_cls: 0.1290, d2.loss_bbox: 0.2910, d3.loss_cls: 0.1155, d3.loss_bbox: 0.2689, d4.loss_cls: 0.1102, d4.loss_bbox: 0.2685, loss: 2.6392, grad_norm: 33.1451
2025-06-25 13:32:43,132 - mmdet - INFO - Epoch [2][2950/7033]	lr: 1.866e-04, eta: 7:18:47, time: 0.813, data_time: 0.033, memory: 4350, loss_cls: 0.1134, loss_bbox: 0.2731, d0.loss_cls: 0.2234, d0.loss_bbox: 0.4051, d1.loss_cls: 0.1605, d1.loss_bbox: 0.3106, d2.loss_cls: 0.1322, d2.loss_bbox: 0.2981, d3.loss_cls: 0.1186, d3.loss_bbox: 0.2717, d4.loss_cls: 0.1136, d4.loss_bbox: 0.2707, loss: 2.6911, grad_norm: 32.7075
2025-06-25 13:33:23,484 - mmdet - INFO - Epoch [2][3000/7033]	lr: 1.866e-04, eta: 7:18:01, time: 0.807, data_time: 0.030, memory: 4350, loss_cls: 0.1031, loss_bbox: 0.2770, d0.loss_cls: 0.2183, d0.loss_bbox: 0.3992, d1.loss_cls: 0.1524, d1.loss_bbox: 0.3079, d2.loss_cls: 0.1242, d2.loss_bbox: 0.2959, d3.loss_cls: 0.1103, d3.loss_bbox: 0.2750, d4.loss_cls: 0.1044, d4.loss_bbox: 0.2724, loss: 2.6400, grad_norm: 32.8505
2025-06-25 13:34:04,175 - mmdet - INFO - Epoch [2][3050/7033]	lr: 1.866e-04, eta: 7:17:19, time: 0.814, data_time: 0.032, memory: 4350, loss_cls: 0.1098, loss_bbox: 0.2828, d0.loss_cls: 0.2281, d0.loss_bbox: 0.4089, d1.loss_cls: 0.1542, d1.loss_bbox: 0.3194, d2.loss_cls: 0.1291, d2.loss_bbox: 0.3030, d3.loss_cls: 0.1196, d3.loss_bbox: 0.2803, d4.loss_cls: 0.1103, d4.loss_bbox: 0.2814, loss: 2.7269, grad_norm: 19.0265
2025-06-25 13:34:45,333 - mmdet - INFO - Epoch [2][3100/7033]	lr: 1.866e-04, eta: 7:16:41, time: 0.823, data_time: 0.032, memory: 4350, loss_cls: 0.1154, loss_bbox: 0.2920, d0.loss_cls: 0.2351, d0.loss_bbox: 0.4260, d1.loss_cls: 0.1628, d1.loss_bbox: 0.3279, d2.loss_cls: 0.1362, d2.loss_bbox: 0.3142, d3.loss_cls: 0.1229, d3.loss_bbox: 0.2892, d4.loss_cls: 0.1169, d4.loss_bbox: 0.2890, loss: 2.8276, grad_norm: 30.8265
2025-06-25 13:35:25,995 - mmdet - INFO - Epoch [2][3150/7033]	lr: 1.866e-04, eta: 7:15:58, time: 0.813, data_time: 0.031, memory: 4351, loss_cls: 0.1157, loss_bbox: 0.2872, d0.loss_cls: 0.2249, d0.loss_bbox: 0.4077, d1.loss_cls: 0.1602, d1.loss_bbox: 0.3187, d2.loss_cls: 0.1360, d2.loss_bbox: 0.3070, d3.loss_cls: 0.1245, d3.loss_bbox: 0.2847, d4.loss_cls: 0.1180, d4.loss_bbox: 0.2831, loss: 2.7676, grad_norm: 42.4255
2025-06-25 13:36:06,602 - mmdet - INFO - Epoch [2][3200/7033]	lr: 1.866e-04, eta: 7:15:15, time: 0.812, data_time: 0.034, memory: 4351, loss_cls: 0.1257, loss_bbox: 0.2877, d0.loss_cls: 0.2368, d0.loss_bbox: 0.4133, d1.loss_cls: 0.1636, d1.loss_bbox: 0.3214, d2.loss_cls: 0.1377, d2.loss_bbox: 0.3082, d3.loss_cls: 0.1274, d3.loss_bbox: 0.2856, d4.loss_cls: 0.1259, d4.loss_bbox: 0.2840, loss: 2.8174, grad_norm: 26.6680
2025-06-25 13:36:47,546 - mmdet - INFO - Epoch [2][3250/7033]	lr: 1.866e-04, eta: 7:14:35, time: 0.819, data_time: 0.037, memory: 4351, loss_cls: 0.1119, loss_bbox: 0.2777, d0.loss_cls: 0.2332, d0.loss_bbox: 0.4019, d1.loss_cls: 0.1602, d1.loss_bbox: 0.3132, d2.loss_cls: 0.1320, d2.loss_bbox: 0.3006, d3.loss_cls: 0.1210, d3.loss_bbox: 0.2755, d4.loss_cls: 0.1143, d4.loss_bbox: 0.2753, loss: 2.7169, grad_norm: 40.3552
2025-06-25 13:37:28,403 - mmdet - INFO - Epoch [2][3300/7033]	lr: 1.866e-04, eta: 7:13:54, time: 0.817, data_time: 0.030, memory: 4351, loss_cls: 0.1080, loss_bbox: 0.2780, d0.loss_cls: 0.2275, d0.loss_bbox: 0.4094, d1.loss_cls: 0.1540, d1.loss_bbox: 0.3121, d2.loss_cls: 0.1281, d2.loss_bbox: 0.3001, d3.loss_cls: 0.1157, d3.loss_bbox: 0.2762, d4.loss_cls: 0.1095, d4.loss_bbox: 0.2747, loss: 2.6934, grad_norm: 18.9794
2025-06-25 13:38:09,766 - mmdet - INFO - Epoch [2][3350/7033]	lr: 1.866e-04, eta: 7:13:18, time: 0.827, data_time: 0.037, memory: 4351, loss_cls: 0.1126, loss_bbox: 0.2811, d0.loss_cls: 0.2243, d0.loss_bbox: 0.3997, d1.loss_cls: 0.1565, d1.loss_bbox: 0.3119, d2.loss_cls: 0.1325, d2.loss_bbox: 0.3003, d3.loss_cls: 0.1224, d3.loss_bbox: 0.2771, d4.loss_cls: 0.1142, d4.loss_bbox: 0.2778, loss: 2.7105, grad_norm: 19.5543
2025-06-25 13:38:50,595 - mmdet - INFO - Epoch [2][3400/7033]	lr: 1.866e-04, eta: 7:12:37, time: 0.817, data_time: 0.034, memory: 4351, loss_cls: 0.1158, loss_bbox: 0.2789, d0.loss_cls: 0.2275, d0.loss_bbox: 0.4143, d1.loss_cls: 0.1597, d1.loss_bbox: 0.3156, d2.loss_cls: 0.1350, d2.loss_bbox: 0.3021, d3.loss_cls: 0.1229, d3.loss_bbox: 0.2790, d4.loss_cls: 0.1158, d4.loss_bbox: 0.2778, loss: 2.7445, grad_norm: 21.3676
2025-06-25 13:39:33,199 - mmdet - INFO - Epoch [2][3450/7033]	lr: 1.866e-04, eta: 7:12:12, time: 0.852, data_time: 0.068, memory: 4351, loss_cls: 0.1109, loss_bbox: 0.2793, d0.loss_cls: 0.2270, d0.loss_bbox: 0.4049, d1.loss_cls: 0.1594, d1.loss_bbox: 0.3101, d2.loss_cls: 0.1332, d2.loss_bbox: 0.2999, d3.loss_cls: 0.1169, d3.loss_bbox: 0.2773, d4.loss_cls: 0.1118, d4.loss_bbox: 0.2769, loss: 2.7076, grad_norm: 22.5441
2025-06-25 13:40:13,758 - mmdet - INFO - Epoch [2][3500/7033]	lr: 1.866e-04, eta: 7:11:28, time: 0.811, data_time: 0.033, memory: 4351, loss_cls: 0.1138, loss_bbox: 0.2804, d0.loss_cls: 0.2234, d0.loss_bbox: 0.4065, d1.loss_cls: 0.1565, d1.loss_bbox: 0.3132, d2.loss_cls: 0.1337, d2.loss_bbox: 0.3010, d3.loss_cls: 0.1234, d3.loss_bbox: 0.2780, d4.loss_cls: 0.1161, d4.loss_bbox: 0.2779, loss: 2.7239, grad_norm: 20.1330
2025-06-25 13:40:54,395 - mmdet - INFO - Epoch [2][3550/7033]	lr: 1.866e-04, eta: 7:10:45, time: 0.813, data_time: 0.031, memory: 4351, loss_cls: 0.0982, loss_bbox: 0.2785, d0.loss_cls: 0.2157, d0.loss_bbox: 0.3987, d1.loss_cls: 0.1507, d1.loss_bbox: 0.3092, d2.loss_cls: 0.1216, d2.loss_bbox: 0.2951, d3.loss_cls: 0.1089, d3.loss_bbox: 0.2710, d4.loss_cls: 0.1019, d4.loss_bbox: 0.2719, loss: 2.6214, grad_norm: 35.2836
2025-06-25 13:41:34,842 - mmdet - INFO - Epoch [2][3600/7033]	lr: 1.866e-04, eta: 7:10:01, time: 0.809, data_time: 0.029, memory: 4351, loss_cls: 0.1082, loss_bbox: 0.2828, d0.loss_cls: 0.2186, d0.loss_bbox: 0.4063, d1.loss_cls: 0.1560, d1.loss_bbox: 0.3122, d2.loss_cls: 0.1290, d2.loss_bbox: 0.3010, d3.loss_cls: 0.1169, d3.loss_bbox: 0.2761, d4.loss_cls: 0.1119, d4.loss_bbox: 0.2782, loss: 2.6973, grad_norm: 19.1121
2025-06-25 13:42:15,878 - mmdet - INFO - Epoch [2][3650/7033]	lr: 1.866e-04, eta: 7:09:21, time: 0.821, data_time: 0.036, memory: 4351, loss_cls: 0.1094, loss_bbox: 0.2726, d0.loss_cls: 0.2201, d0.loss_bbox: 0.4029, d1.loss_cls: 0.1552, d1.loss_bbox: 0.3092, d2.loss_cls: 0.1289, d2.loss_bbox: 0.2962, d3.loss_cls: 0.1159, d3.loss_bbox: 0.2722, d4.loss_cls: 0.1110, d4.loss_bbox: 0.2693, loss: 2.6631, grad_norm: 18.6472
2025-06-25 13:42:56,554 - mmdet - INFO - Epoch [2][3700/7033]	lr: 1.866e-04, eta: 7:08:39, time: 0.814, data_time: 0.033, memory: 4351, loss_cls: 0.1085, loss_bbox: 0.2755, d0.loss_cls: 0.2203, d0.loss_bbox: 0.4044, d1.loss_cls: 0.1562, d1.loss_bbox: 0.3052, d2.loss_cls: 0.1271, d2.loss_bbox: 0.2935, d3.loss_cls: 0.1186, d3.loss_bbox: 0.2706, d4.loss_cls: 0.1103, d4.loss_bbox: 0.2704, loss: 2.6606, grad_norm: 19.6685
2025-06-25 13:44:06,031 - mmdet - INFO - Epoch [2][3750/7033]	lr: 1.866e-04, eta: 7:11:57, time: 1.390, data_time: 0.604, memory: 4351, loss_cls: 0.1143, loss_bbox: 0.2713, d0.loss_cls: 0.2280, d0.loss_bbox: 0.4014, d1.loss_cls: 0.1618, d1.loss_bbox: 0.3067, d2.loss_cls: 0.1377, d2.loss_bbox: 0.2927, d3.loss_cls: 0.1218, d3.loss_bbox: 0.2693, d4.loss_cls: 0.1158, d4.loss_bbox: 0.2676, loss: 2.6883, grad_norm: 26.0836
2025-06-25 13:44:46,853 - mmdet - INFO - Epoch [2][3800/7033]	lr: 1.866e-04, eta: 7:11:13, time: 0.816, data_time: 0.031, memory: 4351, loss_cls: 0.1067, loss_bbox: 0.2833, d0.loss_cls: 0.2229, d0.loss_bbox: 0.4137, d1.loss_cls: 0.1577, d1.loss_bbox: 0.3198, d2.loss_cls: 0.1297, d2.loss_bbox: 0.3045, d3.loss_cls: 0.1167, d3.loss_bbox: 0.2819, d4.loss_cls: 0.1090, d4.loss_bbox: 0.2804, loss: 2.7263, grad_norm: 42.3183
2025-06-25 13:45:27,834 - mmdet - INFO - Epoch [2][3850/7033]	lr: 1.866e-04, eta: 7:10:29, time: 0.820, data_time: 0.033, memory: 4351, loss_cls: 0.1147, loss_bbox: 0.2873, d0.loss_cls: 0.2268, d0.loss_bbox: 0.4103, d1.loss_cls: 0.1593, d1.loss_bbox: 0.3169, d2.loss_cls: 0.1335, d2.loss_bbox: 0.3028, d3.loss_cls: 0.1232, d3.loss_bbox: 0.2807, d4.loss_cls: 0.1160, d4.loss_bbox: 0.2829, loss: 2.7543, grad_norm: 23.8129
2025-06-25 13:46:09,463 - mmdet - INFO - Epoch [2][3900/7033]	lr: 1.866e-04, eta: 7:09:51, time: 0.833, data_time: 0.032, memory: 4351, loss_cls: 0.1086, loss_bbox: 0.2745, d0.loss_cls: 0.2216, d0.loss_bbox: 0.4010, d1.loss_cls: 0.1517, d1.loss_bbox: 0.3095, d2.loss_cls: 0.1263, d2.loss_bbox: 0.2947, d3.loss_cls: 0.1157, d3.loss_bbox: 0.2717, d4.loss_cls: 0.1106, d4.loss_bbox: 0.2708, loss: 2.6568, grad_norm: 25.0628
2025-06-25 13:46:50,423 - mmdet - INFO - Epoch [2][3950/7033]	lr: 1.866e-04, eta: 7:09:08, time: 0.819, data_time: 0.032, memory: 4351, loss_cls: 0.1085, loss_bbox: 0.2728, d0.loss_cls: 0.2207, d0.loss_bbox: 0.4085, d1.loss_cls: 0.1553, d1.loss_bbox: 0.3048, d2.loss_cls: 0.1261, d2.loss_bbox: 0.2922, d3.loss_cls: 0.1173, d3.loss_bbox: 0.2705, d4.loss_cls: 0.1095, d4.loss_bbox: 0.2700, loss: 2.6563, grad_norm: 65.8305
2025-06-25 13:47:31,491 - mmdet - INFO - Epoch [2][4000/7033]	lr: 1.866e-04, eta: 7:08:25, time: 0.821, data_time: 0.031, memory: 4351, loss_cls: 0.1197, loss_bbox: 0.2933, d0.loss_cls: 0.2414, d0.loss_bbox: 0.4346, d1.loss_cls: 0.1656, d1.loss_bbox: 0.3343, d2.loss_cls: 0.1419, d2.loss_bbox: 0.3173, d3.loss_cls: 0.1282, d3.loss_bbox: 0.2909, d4.loss_cls: 0.1211, d4.loss_bbox: 0.2907, loss: 2.8789, grad_norm: 59.7762
2025-06-25 13:48:12,397 - mmdet - INFO - Epoch [2][4050/7033]	lr: 1.866e-04, eta: 7:07:41, time: 0.818, data_time: 0.033, memory: 4351, loss_cls: 0.1206, loss_bbox: 0.2853, d0.loss_cls: 0.2365, d0.loss_bbox: 0.4226, d1.loss_cls: 0.1677, d1.loss_bbox: 0.3228, d2.loss_cls: 0.1380, d2.loss_bbox: 0.3107, d3.loss_cls: 0.1287, d3.loss_bbox: 0.2856, d4.loss_cls: 0.1231, d4.loss_bbox: 0.2831, loss: 2.8247, grad_norm: 31.2810
2025-06-25 13:48:53,808 - mmdet - INFO - Epoch [2][4100/7033]	lr: 1.866e-04, eta: 7:07:01, time: 0.828, data_time: 0.033, memory: 4351, loss_cls: 0.1192, loss_bbox: 0.2819, d0.loss_cls: 0.2277, d0.loss_bbox: 0.4213, d1.loss_cls: 0.1635, d1.loss_bbox: 0.3169, d2.loss_cls: 0.1360, d2.loss_bbox: 0.3025, d3.loss_cls: 0.1244, d3.loss_bbox: 0.2801, d4.loss_cls: 0.1193, d4.loss_bbox: 0.2800, loss: 2.7726, grad_norm: 19.9700
2025-06-25 13:49:34,466 - mmdet - INFO - Epoch [2][4150/7033]	lr: 1.866e-04, eta: 7:06:16, time: 0.813, data_time: 0.036, memory: 4351, loss_cls: 0.1151, loss_bbox: 0.2723, d0.loss_cls: 0.2336, d0.loss_bbox: 0.4134, d1.loss_cls: 0.1588, d1.loss_bbox: 0.3081, d2.loss_cls: 0.1350, d2.loss_bbox: 0.2921, d3.loss_cls: 0.1217, d3.loss_bbox: 0.2704, d4.loss_cls: 0.1165, d4.loss_bbox: 0.2692, loss: 2.7062, grad_norm: 88.2205
2025-06-25 13:50:15,076 - mmdet - INFO - Epoch [2][4200/7033]	lr: 1.866e-04, eta: 7:05:30, time: 0.812, data_time: 0.032, memory: 4351, loss_cls: 0.1098, loss_bbox: 0.2891, d0.loss_cls: 0.2293, d0.loss_bbox: 0.4150, d1.loss_cls: 0.1555, d1.loss_bbox: 0.3207, d2.loss_cls: 0.1290, d2.loss_bbox: 0.3061, d3.loss_cls: 0.1188, d3.loss_bbox: 0.2837, d4.loss_cls: 0.1123, d4.loss_bbox: 0.2836, loss: 2.7529, grad_norm: 47.1644
2025-06-25 13:50:55,554 - mmdet - INFO - Epoch [2][4250/7033]	lr: 1.866e-04, eta: 7:04:43, time: 0.810, data_time: 0.030, memory: 4351, loss_cls: 0.1130, loss_bbox: 0.2835, d0.loss_cls: 0.2221, d0.loss_bbox: 0.4060, d1.loss_cls: 0.1551, d1.loss_bbox: 0.3124, d2.loss_cls: 0.1294, d2.loss_bbox: 0.3030, d3.loss_cls: 0.1173, d3.loss_bbox: 0.2801, d4.loss_cls: 0.1141, d4.loss_bbox: 0.2788, loss: 2.7149, grad_norm: 31.2666
2025-06-25 13:51:35,985 - mmdet - INFO - Epoch [2][4300/7033]	lr: 1.866e-04, eta: 7:03:56, time: 0.809, data_time: 0.029, memory: 4351, loss_cls: 0.1124, loss_bbox: 0.2838, d0.loss_cls: 0.2313, d0.loss_bbox: 0.4136, d1.loss_cls: 0.1606, d1.loss_bbox: 0.3137, d2.loss_cls: 0.1333, d2.loss_bbox: 0.2975, d3.loss_cls: 0.1217, d3.loss_bbox: 0.2787, d4.loss_cls: 0.1127, d4.loss_bbox: 0.2802, loss: 2.7395, grad_norm: 20.5147
2025-06-25 13:52:16,390 - mmdet - INFO - Epoch [2][4350/7033]	lr: 1.866e-04, eta: 7:03:09, time: 0.808, data_time: 0.030, memory: 4351, loss_cls: 0.1152, loss_bbox: 0.2753, d0.loss_cls: 0.2377, d0.loss_bbox: 0.4040, d1.loss_cls: 0.1652, d1.loss_bbox: 0.3082, d2.loss_cls: 0.1349, d2.loss_bbox: 0.2955, d3.loss_cls: 0.1264, d3.loss_bbox: 0.2716, d4.loss_cls: 0.1171, d4.loss_bbox: 0.2721, loss: 2.7232, grad_norm: 20.4400
2025-06-25 13:52:56,614 - mmdet - INFO - Epoch [2][4400/7033]	lr: 1.866e-04, eta: 7:02:21, time: 0.804, data_time: 0.028, memory: 4351, loss_cls: 0.1040, loss_bbox: 0.2670, d0.loss_cls: 0.2141, d0.loss_bbox: 0.3985, d1.loss_cls: 0.1502, d1.loss_bbox: 0.3005, d2.loss_cls: 0.1272, d2.loss_bbox: 0.2845, d3.loss_cls: 0.1140, d3.loss_bbox: 0.2626, d4.loss_cls: 0.1071, d4.loss_bbox: 0.2620, loss: 2.5917, grad_norm: 24.6909
2025-06-25 13:53:37,004 - mmdet - INFO - Epoch [2][4450/7033]	lr: 1.866e-04, eta: 7:01:35, time: 0.808, data_time: 0.028, memory: 4351, loss_cls: 0.1127, loss_bbox: 0.2784, d0.loss_cls: 0.2313, d0.loss_bbox: 0.4063, d1.loss_cls: 0.1610, d1.loss_bbox: 0.3163, d2.loss_cls: 0.1324, d2.loss_bbox: 0.3014, d3.loss_cls: 0.1234, d3.loss_bbox: 0.2764, d4.loss_cls: 0.1157, d4.loss_bbox: 0.2757, loss: 2.7310, grad_norm: 18.9500
2025-06-25 13:54:17,334 - mmdet - INFO - Epoch [2][4500/7033]	lr: 1.866e-04, eta: 7:00:48, time: 0.807, data_time: 0.033, memory: 4351, loss_cls: 0.1118, loss_bbox: 0.2797, d0.loss_cls: 0.2232, d0.loss_bbox: 0.4024, d1.loss_cls: 0.1586, d1.loss_bbox: 0.3057, d2.loss_cls: 0.1319, d2.loss_bbox: 0.2968, d3.loss_cls: 0.1195, d3.loss_bbox: 0.2748, d4.loss_cls: 0.1134, d4.loss_bbox: 0.2747, loss: 2.6924, grad_norm: 25.8390
2025-06-25 13:54:57,804 - mmdet - INFO - Epoch [2][4550/7033]	lr: 1.866e-04, eta: 7:00:02, time: 0.809, data_time: 0.029, memory: 4351, loss_cls: 0.1078, loss_bbox: 0.2709, d0.loss_cls: 0.2248, d0.loss_bbox: 0.3983, d1.loss_cls: 0.1557, d1.loss_bbox: 0.3059, d2.loss_cls: 0.1286, d2.loss_bbox: 0.2950, d3.loss_cls: 0.1143, d3.loss_bbox: 0.2678, d4.loss_cls: 0.1081, d4.loss_bbox: 0.2685, loss: 2.6458, grad_norm: 30.3718
2025-06-25 13:55:41,114 - mmdet - INFO - Epoch [2][4600/7033]	lr: 1.866e-04, eta: 6:59:35, time: 0.866, data_time: 0.047, memory: 4351, loss_cls: 0.1112, loss_bbox: 0.2778, d0.loss_cls: 0.2187, d0.loss_bbox: 0.4001, d1.loss_cls: 0.1552, d1.loss_bbox: 0.3085, d2.loss_cls: 0.1313, d2.loss_bbox: 0.2997, d3.loss_cls: 0.1198, d3.loss_bbox: 0.2748, d4.loss_cls: 0.1129, d4.loss_bbox: 0.2738, loss: 2.6837, grad_norm: 26.3805
2025-06-25 13:56:21,355 - mmdet - INFO - Epoch [2][4650/7033]	lr: 1.866e-04, eta: 6:58:48, time: 0.805, data_time: 0.028, memory: 4351, loss_cls: 0.1084, loss_bbox: 0.2746, d0.loss_cls: 0.2295, d0.loss_bbox: 0.3999, d1.loss_cls: 0.1576, d1.loss_bbox: 0.3095, d2.loss_cls: 0.1301, d2.loss_bbox: 0.2958, d3.loss_cls: 0.1176, d3.loss_bbox: 0.2735, d4.loss_cls: 0.1102, d4.loss_bbox: 0.2715, loss: 2.6781, grad_norm: 24.4924
2025-06-25 13:57:01,537 - mmdet - INFO - Epoch [2][4700/7033]	lr: 1.866e-04, eta: 6:58:00, time: 0.804, data_time: 0.028, memory: 4351, loss_cls: 0.0997, loss_bbox: 0.2610, d0.loss_cls: 0.2117, d0.loss_bbox: 0.3854, d1.loss_cls: 0.1486, d1.loss_bbox: 0.2928, d2.loss_cls: 0.1179, d2.loss_bbox: 0.2841, d3.loss_cls: 0.1056, d3.loss_bbox: 0.2607, d4.loss_cls: 0.1016, d4.loss_bbox: 0.2588, loss: 2.5279, grad_norm: 21.7062
2025-06-25 13:57:42,345 - mmdet - INFO - Epoch [2][4750/7033]	lr: 1.866e-04, eta: 6:57:17, time: 0.816, data_time: 0.036, memory: 4351, loss_cls: 0.1087, loss_bbox: 0.2725, d0.loss_cls: 0.2197, d0.loss_bbox: 0.4065, d1.loss_cls: 0.1544, d1.loss_bbox: 0.3064, d2.loss_cls: 0.1281, d2.loss_bbox: 0.2944, d3.loss_cls: 0.1170, d3.loss_bbox: 0.2723, d4.loss_cls: 0.1116, d4.loss_bbox: 0.2702, loss: 2.6618, grad_norm: 46.6551
2025-06-25 13:58:22,800 - mmdet - INFO - Epoch [2][4800/7033]	lr: 1.866e-04, eta: 6:56:31, time: 0.809, data_time: 0.028, memory: 4351, loss_cls: 0.1104, loss_bbox: 0.2704, d0.loss_cls: 0.2208, d0.loss_bbox: 0.3990, d1.loss_cls: 0.1572, d1.loss_bbox: 0.3071, d2.loss_cls: 0.1329, d2.loss_bbox: 0.2913, d3.loss_cls: 0.1164, d3.loss_bbox: 0.2699, d4.loss_cls: 0.1114, d4.loss_bbox: 0.2684, loss: 2.6553, grad_norm: 25.9883
2025-06-25 13:59:03,172 - mmdet - INFO - Epoch [2][4850/7033]	lr: 1.866e-04, eta: 6:55:45, time: 0.807, data_time: 0.029, memory: 4351, loss_cls: 0.1061, loss_bbox: 0.2720, d0.loss_cls: 0.2198, d0.loss_bbox: 0.4001, d1.loss_cls: 0.1543, d1.loss_bbox: 0.3034, d2.loss_cls: 0.1264, d2.loss_bbox: 0.2916, d3.loss_cls: 0.1140, d3.loss_bbox: 0.2694, d4.loss_cls: 0.1074, d4.loss_bbox: 0.2684, loss: 2.6329, grad_norm: 48.1923
2025-06-25 13:59:44,799 - mmdet - INFO - Epoch [2][4900/7033]	lr: 1.866e-04, eta: 6:55:07, time: 0.833, data_time: 0.034, memory: 4351, loss_cls: 0.1138, loss_bbox: 0.2786, d0.loss_cls: 0.2280, d0.loss_bbox: 0.4084, d1.loss_cls: 0.1654, d1.loss_bbox: 0.3134, d2.loss_cls: 0.1342, d2.loss_bbox: 0.3005, d3.loss_cls: 0.1212, d3.loss_bbox: 0.2768, d4.loss_cls: 0.1140, d4.loss_bbox: 0.2767, loss: 2.7312, grad_norm: 20.8764
2025-06-25 14:00:25,422 - mmdet - INFO - Epoch [2][4950/7033]	lr: 1.866e-04, eta: 6:54:22, time: 0.812, data_time: 0.031, memory: 4351, loss_cls: 0.1121, loss_bbox: 0.2795, d0.loss_cls: 0.2257, d0.loss_bbox: 0.3974, d1.loss_cls: 0.1588, d1.loss_bbox: 0.3101, d2.loss_cls: 0.1321, d2.loss_bbox: 0.2996, d3.loss_cls: 0.1211, d3.loss_bbox: 0.2776, d4.loss_cls: 0.1144, d4.loss_bbox: 0.2765, loss: 2.7050, grad_norm: 19.6466
2025-06-25 14:01:05,940 - mmdet - INFO - Epoch [2][5000/7033]	lr: 1.866e-04, eta: 6:53:37, time: 0.810, data_time: 0.031, memory: 4351, loss_cls: 0.0998, loss_bbox: 0.2601, d0.loss_cls: 0.2201, d0.loss_bbox: 0.3967, d1.loss_cls: 0.1503, d1.loss_bbox: 0.2953, d2.loss_cls: 0.1226, d2.loss_bbox: 0.2827, d3.loss_cls: 0.1100, d3.loss_bbox: 0.2576, d4.loss_cls: 0.1021, d4.loss_bbox: 0.2567, loss: 2.5540, grad_norm: 35.8674
2025-06-25 14:01:46,415 - mmdet - INFO - Epoch [2][5050/7033]	lr: 1.866e-04, eta: 6:52:52, time: 0.809, data_time: 0.029, memory: 4351, loss_cls: 0.1058, loss_bbox: 0.2746, d0.loss_cls: 0.2246, d0.loss_bbox: 0.4023, d1.loss_cls: 0.1607, d1.loss_bbox: 0.3051, d2.loss_cls: 0.1270, d2.loss_bbox: 0.2974, d3.loss_cls: 0.1142, d3.loss_bbox: 0.2749, d4.loss_cls: 0.1066, d4.loss_bbox: 0.2726, loss: 2.6658, grad_norm: 23.1011
2025-06-25 14:02:26,745 - mmdet - INFO - Epoch [2][5100/7033]	lr: 1.866e-04, eta: 6:52:07, time: 0.807, data_time: 0.028, memory: 4351, loss_cls: 0.1026, loss_bbox: 0.2665, d0.loss_cls: 0.2170, d0.loss_bbox: 0.3902, d1.loss_cls: 0.1505, d1.loss_bbox: 0.2985, d2.loss_cls: 0.1220, d2.loss_bbox: 0.2889, d3.loss_cls: 0.1105, d3.loss_bbox: 0.2637, d4.loss_cls: 0.1038, d4.loss_bbox: 0.2638, loss: 2.5778, grad_norm: 17.9012
2025-06-25 14:03:06,918 - mmdet - INFO - Epoch [2][5150/7033]	lr: 1.866e-04, eta: 6:51:20, time: 0.803, data_time: 0.027, memory: 4351, loss_cls: 0.1062, loss_bbox: 0.2828, d0.loss_cls: 0.2213, d0.loss_bbox: 0.4105, d1.loss_cls: 0.1537, d1.loss_bbox: 0.3177, d2.loss_cls: 0.1271, d2.loss_bbox: 0.3018, d3.loss_cls: 0.1150, d3.loss_bbox: 0.2798, d4.loss_cls: 0.1089, d4.loss_bbox: 0.2793, loss: 2.7041, grad_norm: 25.9508
2025-06-25 14:03:47,402 - mmdet - INFO - Epoch [2][5200/7033]	lr: 1.866e-04, eta: 6:50:35, time: 0.810, data_time: 0.030, memory: 4351, loss_cls: 0.1175, loss_bbox: 0.2683, d0.loss_cls: 0.2297, d0.loss_bbox: 0.3988, d1.loss_cls: 0.1611, d1.loss_bbox: 0.3039, d2.loss_cls: 0.1362, d2.loss_bbox: 0.2907, d3.loss_cls: 0.1234, d3.loss_bbox: 0.2658, d4.loss_cls: 0.1177, d4.loss_bbox: 0.2662, loss: 2.6793, grad_norm: 28.9813
2025-06-25 14:04:28,026 - mmdet - INFO - Epoch [2][5250/7033]	lr: 1.866e-04, eta: 6:49:51, time: 0.812, data_time: 0.027, memory: 4351, loss_cls: 0.1125, loss_bbox: 0.2716, d0.loss_cls: 0.2351, d0.loss_bbox: 0.4082, d1.loss_cls: 0.1587, d1.loss_bbox: 0.3112, d2.loss_cls: 0.1325, d2.loss_bbox: 0.2959, d3.loss_cls: 0.1197, d3.loss_bbox: 0.2729, d4.loss_cls: 0.1135, d4.loss_bbox: 0.2705, loss: 2.7023, grad_norm: 20.8096
2025-06-25 14:05:08,409 - mmdet - INFO - Epoch [2][5300/7033]	lr: 1.866e-04, eta: 6:49:06, time: 0.808, data_time: 0.030, memory: 4351, loss_cls: 0.1063, loss_bbox: 0.2786, d0.loss_cls: 0.2252, d0.loss_bbox: 0.4109, d1.loss_cls: 0.1547, d1.loss_bbox: 0.3125, d2.loss_cls: 0.1261, d2.loss_bbox: 0.2999, d3.loss_cls: 0.1132, d3.loss_bbox: 0.2753, d4.loss_cls: 0.1078, d4.loss_bbox: 0.2759, loss: 2.6863, grad_norm: 21.8939
2025-06-25 14:05:48,724 - mmdet - INFO - Epoch [2][5350/7033]	lr: 1.866e-04, eta: 6:48:21, time: 0.806, data_time: 0.029, memory: 4351, loss_cls: 0.1097, loss_bbox: 0.2681, d0.loss_cls: 0.2214, d0.loss_bbox: 0.3913, d1.loss_cls: 0.1525, d1.loss_bbox: 0.2998, d2.loss_cls: 0.1274, d2.loss_bbox: 0.2882, d3.loss_cls: 0.1171, d3.loss_bbox: 0.2664, d4.loss_cls: 0.1109, d4.loss_bbox: 0.2658, loss: 2.6187, grad_norm: 28.9152
2025-06-25 14:06:29,039 - mmdet - INFO - Epoch [2][5400/7033]	lr: 1.866e-04, eta: 6:47:35, time: 0.806, data_time: 0.030, memory: 4351, loss_cls: 0.1051, loss_bbox: 0.2604, d0.loss_cls: 0.2190, d0.loss_bbox: 0.3959, d1.loss_cls: 0.1500, d1.loss_bbox: 0.2943, d2.loss_cls: 0.1243, d2.loss_bbox: 0.2820, d3.loss_cls: 0.1139, d3.loss_bbox: 0.2576, d4.loss_cls: 0.1067, d4.loss_bbox: 0.2571, loss: 2.5662, grad_norm: 21.8182
2025-06-25 14:07:09,278 - mmdet - INFO - Epoch [2][5450/7033]	lr: 1.866e-04, eta: 6:46:50, time: 0.805, data_time: 0.027, memory: 4351, loss_cls: 0.1025, loss_bbox: 0.2741, d0.loss_cls: 0.2166, d0.loss_bbox: 0.4051, d1.loss_cls: 0.1498, d1.loss_bbox: 0.3073, d2.loss_cls: 0.1231, d2.loss_bbox: 0.2940, d3.loss_cls: 0.1108, d3.loss_bbox: 0.2716, d4.loss_cls: 0.1045, d4.loss_bbox: 0.2711, loss: 2.6304, grad_norm: 35.4738
2025-06-25 14:07:49,759 - mmdet - INFO - Epoch [2][5500/7033]	lr: 1.866e-04, eta: 6:46:05, time: 0.810, data_time: 0.025, memory: 4351, loss_cls: 0.1162, loss_bbox: 0.2850, d0.loss_cls: 0.2336, d0.loss_bbox: 0.4011, d1.loss_cls: 0.1634, d1.loss_bbox: 0.3144, d2.loss_cls: 0.1375, d2.loss_bbox: 0.3036, d3.loss_cls: 0.1240, d3.loss_bbox: 0.2802, d4.loss_cls: 0.1171, d4.loss_bbox: 0.2809, loss: 2.7568, grad_norm: 23.1675
2025-06-25 14:08:30,915 - mmdet - INFO - Epoch [2][5550/7033]	lr: 1.866e-04, eta: 6:45:25, time: 0.823, data_time: 0.041, memory: 4351, loss_cls: 0.1016, loss_bbox: 0.2746, d0.loss_cls: 0.2187, d0.loss_bbox: 0.4033, d1.loss_cls: 0.1487, d1.loss_bbox: 0.3068, d2.loss_cls: 0.1218, d2.loss_bbox: 0.2956, d3.loss_cls: 0.1103, d3.loss_bbox: 0.2729, d4.loss_cls: 0.1036, d4.loss_bbox: 0.2717, loss: 2.6298, grad_norm: 17.4518
2025-06-25 14:09:11,382 - mmdet - INFO - Epoch [2][5600/7033]	lr: 1.866e-04, eta: 6:44:41, time: 0.809, data_time: 0.031, memory: 4351, loss_cls: 0.1139, loss_bbox: 0.2695, d0.loss_cls: 0.2268, d0.loss_bbox: 0.3953, d1.loss_cls: 0.1575, d1.loss_bbox: 0.3042, d2.loss_cls: 0.1318, d2.loss_bbox: 0.2925, d3.loss_cls: 0.1244, d3.loss_bbox: 0.2673, d4.loss_cls: 0.1160, d4.loss_bbox: 0.2675, loss: 2.6668, grad_norm: 25.2117
2025-06-25 14:09:51,613 - mmdet - INFO - Epoch [2][5650/7033]	lr: 1.866e-04, eta: 6:43:55, time: 0.804, data_time: 0.027, memory: 4351, loss_cls: 0.1075, loss_bbox: 0.2822, d0.loss_cls: 0.2252, d0.loss_bbox: 0.4143, d1.loss_cls: 0.1540, d1.loss_bbox: 0.3138, d2.loss_cls: 0.1263, d2.loss_bbox: 0.3011, d3.loss_cls: 0.1140, d3.loss_bbox: 0.2796, d4.loss_cls: 0.1083, d4.loss_bbox: 0.2786, loss: 2.7050, grad_norm: 18.7891
2025-06-25 14:10:32,034 - mmdet - INFO - Epoch [2][5700/7033]	lr: 1.866e-04, eta: 6:43:11, time: 0.808, data_time: 0.029, memory: 4351, loss_cls: 0.0955, loss_bbox: 0.2647, d0.loss_cls: 0.2201, d0.loss_bbox: 0.3870, d1.loss_cls: 0.1474, d1.loss_bbox: 0.2948, d2.loss_cls: 0.1213, d2.loss_bbox: 0.2857, d3.loss_cls: 0.1058, d3.loss_bbox: 0.2627, d4.loss_cls: 0.0986, d4.loss_bbox: 0.2610, loss: 2.5446, grad_norm: 38.5595
2025-06-25 14:11:12,485 - mmdet - INFO - Epoch [2][5750/7033]	lr: 1.866e-04, eta: 6:42:27, time: 0.809, data_time: 0.028, memory: 4351, loss_cls: 0.1075, loss_bbox: 0.2633, d0.loss_cls: 0.2310, d0.loss_bbox: 0.3966, d1.loss_cls: 0.1566, d1.loss_bbox: 0.2941, d2.loss_cls: 0.1296, d2.loss_bbox: 0.2827, d3.loss_cls: 0.1157, d3.loss_bbox: 0.2610, d4.loss_cls: 0.1103, d4.loss_bbox: 0.2594, loss: 2.6078, grad_norm: 31.3231
2025-06-25 14:11:52,926 - mmdet - INFO - Epoch [2][5800/7033]	lr: 1.866e-04, eta: 6:41:43, time: 0.809, data_time: 0.028, memory: 4351, loss_cls: 0.1015, loss_bbox: 0.2698, d0.loss_cls: 0.2141, d0.loss_bbox: 0.3961, d1.loss_cls: 0.1491, d1.loss_bbox: 0.2971, d2.loss_cls: 0.1235, d2.loss_bbox: 0.2845, d3.loss_cls: 0.1095, d3.loss_bbox: 0.2628, d4.loss_cls: 0.1036, d4.loss_bbox: 0.2648, loss: 2.5764, grad_norm: 41.1239
2025-06-25 14:12:50,329 - mmdet - INFO - Epoch [2][5850/7033]	lr: 1.866e-04, eta: 6:42:23, time: 1.148, data_time: 0.367, memory: 4351, loss_cls: 0.1027, loss_bbox: 0.2706, d0.loss_cls: 0.2191, d0.loss_bbox: 0.4065, d1.loss_cls: 0.1492, d1.loss_bbox: 0.3051, d2.loss_cls: 0.1231, d2.loss_bbox: 0.2937, d3.loss_cls: 0.1108, d3.loss_bbox: 0.2684, d4.loss_cls: 0.1049, d4.loss_bbox: 0.2679, loss: 2.6219, grad_norm: 61.4988
2025-06-25 14:13:30,759 - mmdet - INFO - Epoch [2][5900/7033]	lr: 1.866e-04, eta: 6:41:39, time: 0.809, data_time: 0.026, memory: 4351, loss_cls: 0.1099, loss_bbox: 0.2731, d0.loss_cls: 0.2217, d0.loss_bbox: 0.4043, d1.loss_cls: 0.1586, d1.loss_bbox: 0.3056, d2.loss_cls: 0.1306, d2.loss_bbox: 0.2921, d3.loss_cls: 0.1195, d3.loss_bbox: 0.2685, d4.loss_cls: 0.1119, d4.loss_bbox: 0.2697, loss: 2.6654, grad_norm: 20.0159
2025-06-25 14:14:11,422 - mmdet - INFO - Epoch [2][5950/7033]	lr: 1.866e-04, eta: 6:40:55, time: 0.813, data_time: 0.028, memory: 4351, loss_cls: 0.1095, loss_bbox: 0.2831, d0.loss_cls: 0.2312, d0.loss_bbox: 0.4148, d1.loss_cls: 0.1585, d1.loss_bbox: 0.3156, d2.loss_cls: 0.1304, d2.loss_bbox: 0.3044, d3.loss_cls: 0.1182, d3.loss_bbox: 0.2821, d4.loss_cls: 0.1105, d4.loss_bbox: 0.2806, loss: 2.7388, grad_norm: 18.5624
2025-06-25 14:14:52,584 - mmdet - INFO - Epoch [2][6000/7033]	lr: 1.866e-04, eta: 6:40:14, time: 0.824, data_time: 0.033, memory: 4351, loss_cls: 0.1006, loss_bbox: 0.2664, d0.loss_cls: 0.2160, d0.loss_bbox: 0.3921, d1.loss_cls: 0.1457, d1.loss_bbox: 0.2985, d2.loss_cls: 0.1181, d2.loss_bbox: 0.2864, d3.loss_cls: 0.1072, d3.loss_bbox: 0.2645, d4.loss_cls: 0.1033, d4.loss_bbox: 0.2623, loss: 2.5610, grad_norm: 19.4487
2025-06-25 14:15:32,884 - mmdet - INFO - Epoch [2][6050/7033]	lr: 1.866e-04, eta: 6:39:28, time: 0.806, data_time: 0.029, memory: 4351, loss_cls: 0.1048, loss_bbox: 0.2811, d0.loss_cls: 0.2272, d0.loss_bbox: 0.4089, d1.loss_cls: 0.1546, d1.loss_bbox: 0.3144, d2.loss_cls: 0.1278, d2.loss_bbox: 0.3025, d3.loss_cls: 0.1147, d3.loss_bbox: 0.2790, d4.loss_cls: 0.1077, d4.loss_bbox: 0.2775, loss: 2.7003, grad_norm: 29.2199
2025-06-25 14:16:50,807 - mmdet - INFO - Epoch [2][6100/7033]	lr: 1.866e-04, eta: 6:41:42, time: 1.558, data_time: 0.776, memory: 4351, loss_cls: 0.1025, loss_bbox: 0.2666, d0.loss_cls: 0.2155, d0.loss_bbox: 0.3912, d1.loss_cls: 0.1471, d1.loss_bbox: 0.2995, d2.loss_cls: 0.1254, d2.loss_bbox: 0.2846, d3.loss_cls: 0.1096, d3.loss_bbox: 0.2654, d4.loss_cls: 0.1038, d4.loss_bbox: 0.2648, loss: 2.5762, grad_norm: 18.8127
2025-06-25 14:17:31,080 - mmdet - INFO - Epoch [2][6150/7033]	lr: 1.866e-04, eta: 6:40:55, time: 0.805, data_time: 0.028, memory: 4351, loss_cls: 0.1077, loss_bbox: 0.2843, d0.loss_cls: 0.2189, d0.loss_bbox: 0.4079, d1.loss_cls: 0.1513, d1.loss_bbox: 0.3145, d2.loss_cls: 0.1263, d2.loss_bbox: 0.3041, d3.loss_cls: 0.1148, d3.loss_bbox: 0.2830, d4.loss_cls: 0.1092, d4.loss_bbox: 0.2818, loss: 2.7038, grad_norm: 23.1953
2025-06-25 14:18:11,621 - mmdet - INFO - Epoch [2][6200/7033]	lr: 1.866e-04, eta: 6:40:10, time: 0.811, data_time: 0.031, memory: 4351, loss_cls: 0.1067, loss_bbox: 0.2696, d0.loss_cls: 0.2211, d0.loss_bbox: 0.4011, d1.loss_cls: 0.1536, d1.loss_bbox: 0.3071, d2.loss_cls: 0.1276, d2.loss_bbox: 0.2910, d3.loss_cls: 0.1166, d3.loss_bbox: 0.2667, d4.loss_cls: 0.1098, d4.loss_bbox: 0.2647, loss: 2.6357, grad_norm: 23.3984
2025-06-25 14:18:52,612 - mmdet - INFO - Epoch [2][6250/7033]	lr: 1.866e-04, eta: 6:39:26, time: 0.820, data_time: 0.037, memory: 4351, loss_cls: 0.1095, loss_bbox: 0.2754, d0.loss_cls: 0.2169, d0.loss_bbox: 0.4031, d1.loss_cls: 0.1539, d1.loss_bbox: 0.3071, d2.loss_cls: 0.1264, d2.loss_bbox: 0.2926, d3.loss_cls: 0.1140, d3.loss_bbox: 0.2729, d4.loss_cls: 0.1098, d4.loss_bbox: 0.2720, loss: 2.6537, grad_norm: 41.7503
2025-06-25 14:19:32,917 - mmdet - INFO - Epoch [2][6300/7033]	lr: 1.866e-04, eta: 6:38:39, time: 0.806, data_time: 0.027, memory: 4351, loss_cls: 0.1017, loss_bbox: 0.2788, d0.loss_cls: 0.2238, d0.loss_bbox: 0.4080, d1.loss_cls: 0.1518, d1.loss_bbox: 0.3109, d2.loss_cls: 0.1230, d2.loss_bbox: 0.2977, d3.loss_cls: 0.1100, d3.loss_bbox: 0.2759, d4.loss_cls: 0.1036, d4.loss_bbox: 0.2758, loss: 2.6609, grad_norm: 31.6182
2025-06-25 14:20:13,314 - mmdet - INFO - Epoch [2][6350/7033]	lr: 1.866e-04, eta: 6:37:53, time: 0.808, data_time: 0.030, memory: 4351, loss_cls: 0.1124, loss_bbox: 0.2811, d0.loss_cls: 0.2250, d0.loss_bbox: 0.4128, d1.loss_cls: 0.1631, d1.loss_bbox: 0.3128, d2.loss_cls: 0.1335, d2.loss_bbox: 0.2999, d3.loss_cls: 0.1210, d3.loss_bbox: 0.2775, d4.loss_cls: 0.1128, d4.loss_bbox: 0.2788, loss: 2.7307, grad_norm: 27.9156
2025-06-25 14:20:53,849 - mmdet - INFO - Epoch [2][6400/7033]	lr: 1.866e-04, eta: 6:37:08, time: 0.811, data_time: 0.027, memory: 4351, loss_cls: 0.1032, loss_bbox: 0.2738, d0.loss_cls: 0.2236, d0.loss_bbox: 0.4044, d1.loss_cls: 0.1554, d1.loss_bbox: 0.3068, d2.loss_cls: 0.1257, d2.loss_bbox: 0.2938, d3.loss_cls: 0.1132, d3.loss_bbox: 0.2723, d4.loss_cls: 0.1060, d4.loss_bbox: 0.2711, loss: 2.6493, grad_norm: 26.0111
2025-06-25 14:21:34,034 - mmdet - INFO - Epoch [2][6450/7033]	lr: 1.866e-04, eta: 6:36:21, time: 0.804, data_time: 0.026, memory: 4351, loss_cls: 0.1021, loss_bbox: 0.2752, d0.loss_cls: 0.2161, d0.loss_bbox: 0.4018, d1.loss_cls: 0.1512, d1.loss_bbox: 0.3061, d2.loss_cls: 0.1246, d2.loss_bbox: 0.2938, d3.loss_cls: 0.1094, d3.loss_bbox: 0.2726, d4.loss_cls: 0.1023, d4.loss_bbox: 0.2718, loss: 2.6270, grad_norm: 29.3465
2025-06-25 14:22:14,729 - mmdet - INFO - Epoch [2][6500/7033]	lr: 1.866e-04, eta: 6:35:36, time: 0.814, data_time: 0.031, memory: 4351, loss_cls: 0.1059, loss_bbox: 0.2683, d0.loss_cls: 0.2196, d0.loss_bbox: 0.3874, d1.loss_cls: 0.1550, d1.loss_bbox: 0.2956, d2.loss_cls: 0.1266, d2.loss_bbox: 0.2862, d3.loss_cls: 0.1127, d3.loss_bbox: 0.2659, d4.loss_cls: 0.1068, d4.loss_bbox: 0.2646, loss: 2.5947, grad_norm: 27.9225
2025-06-25 14:22:55,202 - mmdet - INFO - Epoch [2][6550/7033]	lr: 1.866e-04, eta: 6:34:51, time: 0.809, data_time: 0.032, memory: 4351, loss_cls: 0.0970, loss_bbox: 0.2672, d0.loss_cls: 0.2127, d0.loss_bbox: 0.3868, d1.loss_cls: 0.1454, d1.loss_bbox: 0.2950, d2.loss_cls: 0.1167, d2.loss_bbox: 0.2840, d3.loss_cls: 0.1053, d3.loss_bbox: 0.2615, d4.loss_cls: 0.0990, d4.loss_bbox: 0.2618, loss: 2.5323, grad_norm: 21.0010
2025-06-25 14:23:39,916 - mmdet - INFO - Epoch [2][6600/7033]	lr: 1.866e-04, eta: 6:34:24, time: 0.894, data_time: 0.029, memory: 4351, loss_cls: 0.0979, loss_bbox: 0.2618, d0.loss_cls: 0.2183, d0.loss_bbox: 0.3987, d1.loss_cls: 0.1504, d1.loss_bbox: 0.2969, d2.loss_cls: 0.1210, d2.loss_bbox: 0.2842, d3.loss_cls: 0.1066, d3.loss_bbox: 0.2606, d4.loss_cls: 0.0994, d4.loss_bbox: 0.2596, loss: 2.5555, grad_norm: 24.0807
2025-06-25 14:24:30,484 - mmdet - INFO - Epoch [2][6650/7033]	lr: 1.866e-04, eta: 6:34:21, time: 1.011, data_time: 0.234, memory: 4351, loss_cls: 0.1095, loss_bbox: 0.2761, d0.loss_cls: 0.2231, d0.loss_bbox: 0.4039, d1.loss_cls: 0.1604, d1.loss_bbox: 0.3088, d2.loss_cls: 0.1304, d2.loss_bbox: 0.2965, d3.loss_cls: 0.1186, d3.loss_bbox: 0.2739, d4.loss_cls: 0.1107, d4.loss_bbox: 0.2736, loss: 2.6855, grad_norm: 21.2475
2025-06-25 14:25:11,514 - mmdet - INFO - Epoch [2][6700/7033]	lr: 1.866e-04, eta: 6:33:38, time: 0.821, data_time: 0.038, memory: 4351, loss_cls: 0.0971, loss_bbox: 0.2710, d0.loss_cls: 0.2133, d0.loss_bbox: 0.3960, d1.loss_cls: 0.1392, d1.loss_bbox: 0.3039, d2.loss_cls: 0.1142, d2.loss_bbox: 0.2919, d3.loss_cls: 0.1048, d3.loss_bbox: 0.2673, d4.loss_cls: 0.0979, d4.loss_bbox: 0.2678, loss: 2.5644, grad_norm: 22.9493
2025-06-25 14:25:52,324 - mmdet - INFO - Epoch [2][6750/7033]	lr: 1.866e-04, eta: 6:32:54, time: 0.816, data_time: 0.033, memory: 4351, loss_cls: 0.1019, loss_bbox: 0.2709, d0.loss_cls: 0.2087, d0.loss_bbox: 0.4003, d1.loss_cls: 0.1412, d1.loss_bbox: 0.3038, d2.loss_cls: 0.1191, d2.loss_bbox: 0.2932, d3.loss_cls: 0.1080, d3.loss_bbox: 0.2684, d4.loss_cls: 0.1030, d4.loss_bbox: 0.2668, loss: 2.5853, grad_norm: 16.8977
2025-06-25 14:26:32,812 - mmdet - INFO - Epoch [2][6800/7033]	lr: 1.866e-04, eta: 6:32:08, time: 0.810, data_time: 0.031, memory: 4351, loss_cls: 0.1029, loss_bbox: 0.2693, d0.loss_cls: 0.2166, d0.loss_bbox: 0.3960, d1.loss_cls: 0.1492, d1.loss_bbox: 0.3014, d2.loss_cls: 0.1213, d2.loss_bbox: 0.2881, d3.loss_cls: 0.1090, d3.loss_bbox: 0.2651, d4.loss_cls: 0.1027, d4.loss_bbox: 0.2646, loss: 2.5863, grad_norm: 18.8127
2025-06-25 14:27:13,305 - mmdet - INFO - Epoch [2][6850/7033]	lr: 1.866e-04, eta: 6:31:23, time: 0.810, data_time: 0.030, memory: 4351, loss_cls: 0.1043, loss_bbox: 0.2719, d0.loss_cls: 0.2205, d0.loss_bbox: 0.4082, d1.loss_cls: 0.1543, d1.loss_bbox: 0.3033, d2.loss_cls: 0.1275, d2.loss_bbox: 0.2884, d3.loss_cls: 0.1137, d3.loss_bbox: 0.2686, d4.loss_cls: 0.1061, d4.loss_bbox: 0.2690, loss: 2.6360, grad_norm: 24.5291
2025-06-25 14:27:53,732 - mmdet - INFO - Epoch [2][6900/7033]	lr: 1.866e-04, eta: 6:30:37, time: 0.809, data_time: 0.027, memory: 4351, loss_cls: 0.1078, loss_bbox: 0.2787, d0.loss_cls: 0.2305, d0.loss_bbox: 0.4096, d1.loss_cls: 0.1601, d1.loss_bbox: 0.3092, d2.loss_cls: 0.1324, d2.loss_bbox: 0.3004, d3.loss_cls: 0.1145, d3.loss_bbox: 0.2749, d4.loss_cls: 0.1099, d4.loss_bbox: 0.2747, loss: 2.7028, grad_norm: 23.2586
2025-06-25 14:28:34,197 - mmdet - INFO - Epoch [2][6950/7033]	lr: 1.866e-04, eta: 6:29:51, time: 0.809, data_time: 0.028, memory: 4351, loss_cls: 0.1015, loss_bbox: 0.2655, d0.loss_cls: 0.2298, d0.loss_bbox: 0.3983, d1.loss_cls: 0.1533, d1.loss_bbox: 0.2951, d2.loss_cls: 0.1253, d2.loss_bbox: 0.2844, d3.loss_cls: 0.1111, d3.loss_bbox: 0.2620, d4.loss_cls: 0.1053, d4.loss_bbox: 0.2613, loss: 2.5930, grad_norm: 23.5358
2025-06-25 14:29:14,638 - mmdet - INFO - Epoch [2][7000/7033]	lr: 1.866e-04, eta: 6:29:06, time: 0.809, data_time: 0.028, memory: 4351, loss_cls: 0.1036, loss_bbox: 0.2664, d0.loss_cls: 0.2244, d0.loss_bbox: 0.3860, d1.loss_cls: 0.1511, d1.loss_bbox: 0.2919, d2.loss_cls: 0.1255, d2.loss_bbox: 0.2836, d3.loss_cls: 0.1122, d3.loss_bbox: 0.2614, d4.loss_cls: 0.1065, d4.loss_bbox: 0.2629, loss: 2.5755, grad_norm: 22.3922
2025-06-25 14:29:41,381 - mmdet - INFO - Saving checkpoint at 2 epochs
2025-06-25 14:57:12,160 - mmdet - INFO - Exp name: lidar_0075v_cam_res101.py
2025-06-25 14:57:12,160 - mmdet - INFO - Epoch(val) [2][3010]	pts_bbox_NuScenes/car_AP_dist_0.5: 0.7325, pts_bbox_NuScenes/car_AP_dist_1.0: 0.8479, pts_bbox_NuScenes/car_AP_dist_2.0: 0.8849, pts_bbox_NuScenes/car_AP_dist_4.0: 0.9044, pts_bbox_NuScenes/car_trans_err: 0.2136, pts_bbox_NuScenes/car_scale_err: 0.1505, pts_bbox_NuScenes/car_orient_err: 0.0533, pts_bbox_NuScenes/car_vel_err: 0.4188, pts_bbox_NuScenes/car_attr_err: 0.1911, pts_bbox_NuScenes/mATE: 0.3669, pts_bbox_NuScenes/mASE: 0.2722, pts_bbox_NuScenes/mAOE: 0.2849, pts_bbox_NuScenes/mAVE: 0.4036, pts_bbox_NuScenes/mAAE: 0.1809, pts_bbox_NuScenes/truck_AP_dist_0.5: 0.3892, pts_bbox_NuScenes/truck_AP_dist_1.0: 0.5936, pts_bbox_NuScenes/truck_AP_dist_2.0: 0.6834, pts_bbox_NuScenes/truck_AP_dist_4.0: 0.7394, pts_bbox_NuScenes/truck_trans_err: 0.3460, pts_bbox_NuScenes/truck_scale_err: 0.2074, pts_bbox_NuScenes/truck_orient_err: 0.0602, pts_bbox_NuScenes/truck_vel_err: 0.3874, pts_bbox_NuScenes/truck_attr_err: 0.1963, pts_bbox_NuScenes/construction_vehicle_AP_dist_0.5: 0.0132, pts_bbox_NuScenes/construction_vehicle_AP_dist_1.0: 0.1348, pts_bbox_NuScenes/construction_vehicle_AP_dist_2.0: 0.4065, pts_bbox_NuScenes/construction_vehicle_AP_dist_4.0: 0.4516, pts_bbox_NuScenes/construction_vehicle_trans_err: 0.8545, pts_bbox_NuScenes/construction_vehicle_scale_err: 0.4836, pts_bbox_NuScenes/construction_vehicle_orient_err: 0.8645, pts_bbox_NuScenes/construction_vehicle_vel_err: 0.1217, pts_bbox_NuScenes/construction_vehicle_attr_err: 0.2982, pts_bbox_NuScenes/bus_AP_dist_0.5: 0.4235, pts_bbox_NuScenes/bus_AP_dist_1.0: 0.7163, pts_bbox_NuScenes/bus_AP_dist_2.0: 0.8497, pts_bbox_NuScenes/bus_AP_dist_4.0: 0.8918, pts_bbox_NuScenes/bus_trans_err: 0.3734, pts_bbox_NuScenes/bus_scale_err: 0.2033, pts_bbox_NuScenes/bus_orient_err: 0.0632, pts_bbox_NuScenes/bus_vel_err: 0.7197, pts_bbox_NuScenes/bus_attr_err: 0.2573, pts_bbox_NuScenes/trailer_AP_dist_0.5: 0.1006, pts_bbox_NuScenes/trailer_AP_dist_1.0: 0.3366, pts_bbox_NuScenes/trailer_AP_dist_2.0: 0.4899, pts_bbox_NuScenes/trailer_AP_dist_4.0: 0.6067, pts_bbox_NuScenes/trailer_trans_err: 0.5552, pts_bbox_NuScenes/trailer_scale_err: 0.2585, pts_bbox_NuScenes/trailer_orient_err: 0.5349, pts_bbox_NuScenes/trailer_vel_err: 0.3603, pts_bbox_NuScenes/trailer_attr_err: 0.1709, pts_bbox_NuScenes/barrier_AP_dist_0.5: 0.5197, pts_bbox_NuScenes/barrier_AP_dist_1.0: 0.6481, pts_bbox_NuScenes/barrier_AP_dist_2.0: 0.7233, pts_bbox_NuScenes/barrier_AP_dist_4.0: 0.7488, pts_bbox_NuScenes/barrier_trans_err: 0.2774, pts_bbox_NuScenes/barrier_scale_err: 0.2751, pts_bbox_NuScenes/barrier_orient_err: 0.0752, pts_bbox_NuScenes/barrier_vel_err: nan, pts_bbox_NuScenes/barrier_attr_err: nan, pts_bbox_NuScenes/motorcycle_AP_dist_0.5: 0.5216, pts_bbox_NuScenes/motorcycle_AP_dist_1.0: 0.7220, pts_bbox_NuScenes/motorcycle_AP_dist_2.0: 0.7798, pts_bbox_NuScenes/motorcycle_AP_dist_4.0: 0.7895, pts_bbox_NuScenes/motorcycle_trans_err: 0.3042, pts_bbox_NuScenes/motorcycle_scale_err: 0.2458, pts_bbox_NuScenes/motorcycle_orient_err: 0.2472, pts_bbox_NuScenes/motorcycle_vel_err: 0.6740, pts_bbox_NuScenes/motorcycle_attr_err: 0.2098, pts_bbox_NuScenes/bicycle_AP_dist_0.5: 0.4924, pts_bbox_NuScenes/bicycle_AP_dist_1.0: 0.5673, pts_bbox_NuScenes/bicycle_AP_dist_2.0: 0.5828, pts_bbox_NuScenes/bicycle_AP_dist_4.0: 0.5933, pts_bbox_NuScenes/bicycle_trans_err: 0.2568, pts_bbox_NuScenes/bicycle_scale_err: 0.2754, pts_bbox_NuScenes/bicycle_orient_err: 0.3293, pts_bbox_NuScenes/bicycle_vel_err: 0.2976, pts_bbox_NuScenes/bicycle_attr_err: 0.0115, pts_bbox_NuScenes/pedestrian_AP_dist_0.5: 0.7340, pts_bbox_NuScenes/pedestrian_AP_dist_1.0: 0.8103, pts_bbox_NuScenes/pedestrian_AP_dist_2.0: 0.8468, pts_bbox_NuScenes/pedestrian_AP_dist_4.0: 0.8664, pts_bbox_NuScenes/pedestrian_trans_err: 0.2428, pts_bbox_NuScenes/pedestrian_scale_err: 0.2954, pts_bbox_NuScenes/pedestrian_orient_err: 0.3361, pts_bbox_NuScenes/pedestrian_vel_err: 0.2492, pts_bbox_NuScenes/pedestrian_attr_err: 0.1123, pts_bbox_NuScenes/traffic_cone_AP_dist_0.5: 0.6343, pts_bbox_NuScenes/traffic_cone_AP_dist_1.0: 0.6963, pts_bbox_NuScenes/traffic_cone_AP_dist_2.0: 0.7402, pts_bbox_NuScenes/traffic_cone_AP_dist_4.0: 0.7777, pts_bbox_NuScenes/traffic_cone_trans_err: 0.2446, pts_bbox_NuScenes/traffic_cone_scale_err: 0.3270, pts_bbox_NuScenes/traffic_cone_orient_err: nan, pts_bbox_NuScenes/traffic_cone_vel_err: nan, pts_bbox_NuScenes/traffic_cone_attr_err: nan, pts_bbox_NuScenes/NDS: 0.6615, pts_bbox_NuScenes/mAP: 0.6248
2025-06-25 14:58:05,643 - mmdet - INFO - Epoch [3][50/7033]	lr: 1.501e-04, eta: 6:26:33, time: 0.953, data_time: 0.163, memory: 4351, loss_cls: 0.1060, loss_bbox: 0.2642, d0.loss_cls: 0.2196, d0.loss_bbox: 0.3924, d1.loss_cls: 0.1516, d1.loss_bbox: 0.2972, d2.loss_cls: 0.1302, d2.loss_bbox: 0.2833, d3.loss_cls: 0.1153, d3.loss_bbox: 0.2627, d4.loss_cls: 0.1089, d4.loss_bbox: 0.2611, loss: 2.5924, grad_norm: 44.7194
2025-06-25 14:58:46,041 - mmdet - INFO - Epoch [3][100/7033]	lr: 1.501e-04, eta: 6:25:48, time: 0.808, data_time: 0.030, memory: 4351, loss_cls: 0.1016, loss_bbox: 0.2629, d0.loss_cls: 0.2184, d0.loss_bbox: 0.3979, d1.loss_cls: 0.1528, d1.loss_bbox: 0.2981, d2.loss_cls: 0.1245, d2.loss_bbox: 0.2851, d3.loss_cls: 0.1096, d3.loss_bbox: 0.2640, d4.loss_cls: 0.1031, d4.loss_bbox: 0.2607, loss: 2.5788, grad_norm: 30.7632
2025-06-25 14:59:26,386 - mmdet - INFO - Epoch [3][150/7033]	lr: 1.501e-04, eta: 6:25:03, time: 0.807, data_time: 0.029, memory: 4351, loss_cls: 0.0995, loss_bbox: 0.2569, d0.loss_cls: 0.2196, d0.loss_bbox: 0.3849, d1.loss_cls: 0.1504, d1.loss_bbox: 0.2923, d2.loss_cls: 0.1233, d2.loss_bbox: 0.2793, d3.loss_cls: 0.1097, d3.loss_bbox: 0.2564, d4.loss_cls: 0.1006, d4.loss_bbox: 0.2561, loss: 2.5291, grad_norm: 19.1171
2025-06-25 15:00:06,680 - mmdet - INFO - Epoch [3][200/7033]	lr: 1.501e-04, eta: 6:24:18, time: 0.806, data_time: 0.028, memory: 4351, loss_cls: 0.1016, loss_bbox: 0.2729, d0.loss_cls: 0.2154, d0.loss_bbox: 0.4079, d1.loss_cls: 0.1482, d1.loss_bbox: 0.3100, d2.loss_cls: 0.1215, d2.loss_bbox: 0.2981, d3.loss_cls: 0.1102, d3.loss_bbox: 0.2724, d4.loss_cls: 0.1033, d4.loss_bbox: 0.2703, loss: 2.6318, grad_norm: 17.3924
2025-06-25 15:00:47,057 - mmdet - INFO - Epoch [3][250/7033]	lr: 1.501e-04, eta: 6:23:33, time: 0.808, data_time: 0.029, memory: 4351, loss_cls: 0.1011, loss_bbox: 0.2697, d0.loss_cls: 0.2213, d0.loss_bbox: 0.3858, d1.loss_cls: 0.1476, d1.loss_bbox: 0.2965, d2.loss_cls: 0.1209, d2.loss_bbox: 0.2883, d3.loss_cls: 0.1093, d3.loss_bbox: 0.2662, d4.loss_cls: 0.1031, d4.loss_bbox: 0.2668, loss: 2.5767, grad_norm: 39.2685
2025-06-25 15:01:27,452 - mmdet - INFO - Epoch [3][300/7033]	lr: 1.501e-04, eta: 6:22:49, time: 0.808, data_time: 0.028, memory: 4351, loss_cls: 0.0979, loss_bbox: 0.2653, d0.loss_cls: 0.2157, d0.loss_bbox: 0.3900, d1.loss_cls: 0.1499, d1.loss_bbox: 0.2973, d2.loss_cls: 0.1203, d2.loss_bbox: 0.2849, d3.loss_cls: 0.1070, d3.loss_bbox: 0.2629, d4.loss_cls: 0.1006, d4.loss_bbox: 0.2618, loss: 2.5537, grad_norm: 25.3551
2025-06-25 15:02:07,881 - mmdet - INFO - Epoch [3][350/7033]	lr: 1.501e-04, eta: 6:22:04, time: 0.809, data_time: 0.029, memory: 4351, loss_cls: 0.1005, loss_bbox: 0.2758, d0.loss_cls: 0.2207, d0.loss_bbox: 0.4086, d1.loss_cls: 0.1503, d1.loss_bbox: 0.3102, d2.loss_cls: 0.1233, d2.loss_bbox: 0.2944, d3.loss_cls: 0.1095, d3.loss_bbox: 0.2729, d4.loss_cls: 0.1029, d4.loss_bbox: 0.2732, loss: 2.6422, grad_norm: 17.3471
2025-06-25 15:02:48,235 - mmdet - INFO - Epoch [3][400/7033]	lr: 1.501e-04, eta: 6:21:20, time: 0.807, data_time: 0.027, memory: 4351, loss_cls: 0.1021, loss_bbox: 0.2563, d0.loss_cls: 0.2176, d0.loss_bbox: 0.3801, d1.loss_cls: 0.1509, d1.loss_bbox: 0.2889, d2.loss_cls: 0.1221, d2.loss_bbox: 0.2800, d3.loss_cls: 0.1120, d3.loss_bbox: 0.2542, d4.loss_cls: 0.1048, d4.loss_bbox: 0.2531, loss: 2.5222, grad_norm: 37.5891
2025-06-25 15:03:28,528 - mmdet - INFO - Epoch [3][450/7033]	lr: 1.501e-04, eta: 6:20:35, time: 0.806, data_time: 0.027, memory: 4351, loss_cls: 0.1017, loss_bbox: 0.2592, d0.loss_cls: 0.2154, d0.loss_bbox: 0.3829, d1.loss_cls: 0.1535, d1.loss_bbox: 0.2912, d2.loss_cls: 0.1245, d2.loss_bbox: 0.2784, d3.loss_cls: 0.1114, d3.loss_bbox: 0.2561, d4.loss_cls: 0.1042, d4.loss_bbox: 0.2559, loss: 2.5342, grad_norm: 22.5464
2025-06-25 15:04:10,037 - mmdet - INFO - Epoch [3][500/7033]	lr: 1.501e-04, eta: 6:19:55, time: 0.830, data_time: 0.050, memory: 4351, loss_cls: 0.1000, loss_bbox: 0.2577, d0.loss_cls: 0.2208, d0.loss_bbox: 0.3812, d1.loss_cls: 0.1454, d1.loss_bbox: 0.2865, d2.loss_cls: 0.1197, d2.loss_bbox: 0.2756, d3.loss_cls: 0.1082, d3.loss_bbox: 0.2550, d4.loss_cls: 0.1024, d4.loss_bbox: 0.2553, loss: 2.5078, grad_norm: 27.1122
2025-06-25 15:04:50,725 - mmdet - INFO - Epoch [3][550/7033]	lr: 1.501e-04, eta: 6:19:11, time: 0.814, data_time: 0.034, memory: 4351, loss_cls: 0.0936, loss_bbox: 0.2666, d0.loss_cls: 0.2073, d0.loss_bbox: 0.3910, d1.loss_cls: 0.1365, d1.loss_bbox: 0.3011, d2.loss_cls: 0.1103, d2.loss_bbox: 0.2897, d3.loss_cls: 0.1001, d3.loss_bbox: 0.2668, d4.loss_cls: 0.0951, d4.loss_bbox: 0.2652, loss: 2.5232, grad_norm: 18.3976
2025-06-25 15:05:31,122 - mmdet - INFO - Epoch [3][600/7033]	lr: 1.501e-04, eta: 6:18:27, time: 0.808, data_time: 0.030, memory: 4351, loss_cls: 0.1040, loss_bbox: 0.2687, d0.loss_cls: 0.2254, d0.loss_bbox: 0.3933, d1.loss_cls: 0.1489, d1.loss_bbox: 0.3011, d2.loss_cls: 0.1255, d2.loss_bbox: 0.2873, d3.loss_cls: 0.1108, d3.loss_bbox: 0.2676, d4.loss_cls: 0.1052, d4.loss_bbox: 0.2664, loss: 2.6042, grad_norm: 31.5397
2025-06-25 15:06:11,653 - mmdet - INFO - Epoch [3][650/7033]	lr: 1.501e-04, eta: 6:17:43, time: 0.811, data_time: 0.030, memory: 4351, loss_cls: 0.0940, loss_bbox: 0.2486, d0.loss_cls: 0.2093, d0.loss_bbox: 0.3909, d1.loss_cls: 0.1438, d1.loss_bbox: 0.2890, d2.loss_cls: 0.1175, d2.loss_bbox: 0.2741, d3.loss_cls: 0.1030, d3.loss_bbox: 0.2489, d4.loss_cls: 0.0957, d4.loss_bbox: 0.2479, loss: 2.4626, grad_norm: 24.9183
2025-06-25 15:06:52,359 - mmdet - INFO - Epoch [3][700/7033]	lr: 1.501e-04, eta: 6:17:00, time: 0.814, data_time: 0.032, memory: 4351, loss_cls: 0.1153, loss_bbox: 0.2637, d0.loss_cls: 0.2286, d0.loss_bbox: 0.4004, d1.loss_cls: 0.1601, d1.loss_bbox: 0.3039, d2.loss_cls: 0.1362, d2.loss_bbox: 0.2874, d3.loss_cls: 0.1231, d3.loss_bbox: 0.2623, d4.loss_cls: 0.1174, d4.loss_bbox: 0.2615, loss: 2.6600, grad_norm: 57.6826
2025-06-25 15:07:33,152 - mmdet - INFO - Epoch [3][750/7033]	lr: 1.501e-04, eta: 6:16:18, time: 0.816, data_time: 0.033, memory: 4351, loss_cls: 0.1024, loss_bbox: 0.2677, d0.loss_cls: 0.2136, d0.loss_bbox: 0.4013, d1.loss_cls: 0.1523, d1.loss_bbox: 0.2995, d2.loss_cls: 0.1257, d2.loss_bbox: 0.2864, d3.loss_cls: 0.1116, d3.loss_bbox: 0.2662, d4.loss_cls: 0.1053, d4.loss_bbox: 0.2637, loss: 2.5955, grad_norm: 38.8507
2025-06-25 15:08:13,682 - mmdet - INFO - Epoch [3][800/7033]	lr: 1.501e-04, eta: 6:15:34, time: 0.811, data_time: 0.031, memory: 4351, loss_cls: 0.0993, loss_bbox: 0.2708, d0.loss_cls: 0.2203, d0.loss_bbox: 0.3985, d1.loss_cls: 0.1526, d1.loss_bbox: 0.3005, d2.loss_cls: 0.1274, d2.loss_bbox: 0.2878, d3.loss_cls: 0.1113, d3.loss_bbox: 0.2641, d4.loss_cls: 0.1016, d4.loss_bbox: 0.2667, loss: 2.6010, grad_norm: 35.0179
2025-06-25 15:08:59,231 - mmdet - INFO - Epoch [3][850/7033]	lr: 1.501e-04, eta: 6:15:08, time: 0.911, data_time: 0.131, memory: 4351, loss_cls: 0.0939, loss_bbox: 0.2601, d0.loss_cls: 0.2090, d0.loss_bbox: 0.3858, d1.loss_cls: 0.1371, d1.loss_bbox: 0.2950, d2.loss_cls: 0.1138, d2.loss_bbox: 0.2796, d3.loss_cls: 0.1008, d3.loss_bbox: 0.2592, d4.loss_cls: 0.0949, d4.loss_bbox: 0.2580, loss: 2.4872, grad_norm: 26.2100
2025-06-25 15:09:45,974 - mmdet - INFO - Epoch [3][900/7033]	lr: 1.501e-04, eta: 6:14:45, time: 0.935, data_time: 0.186, memory: 4351, loss_cls: 0.1068, loss_bbox: 0.2743, d0.loss_cls: 0.2208, d0.loss_bbox: 0.4030, d1.loss_cls: 0.1492, d1.loss_bbox: 0.3083, d2.loss_cls: 0.1232, d2.loss_bbox: 0.2967, d3.loss_cls: 0.1145, d3.loss_bbox: 0.2737, d4.loss_cls: 0.1082, d4.loss_bbox: 0.2719, loss: 2.6504, grad_norm: 19.8728
2025-06-25 15:10:32,840 - mmdet - INFO - Epoch [3][950/7033]	lr: 1.501e-04, eta: 6:14:23, time: 0.937, data_time: 0.079, memory: 4351, loss_cls: 0.0970, loss_bbox: 0.2576, d0.loss_cls: 0.2178, d0.loss_bbox: 0.3886, d1.loss_cls: 0.1508, d1.loss_bbox: 0.2895, d2.loss_cls: 0.1175, d2.loss_bbox: 0.2780, d3.loss_cls: 0.1040, d3.loss_bbox: 0.2567, d4.loss_cls: 0.0994, d4.loss_bbox: 0.2550, loss: 2.5118, grad_norm: 42.5554
2025-06-25 15:11:13,366 - mmdet - INFO - Epoch [3][1000/7033]	lr: 1.501e-04, eta: 6:13:39, time: 0.811, data_time: 0.031, memory: 4351, loss_cls: 0.0943, loss_bbox: 0.2561, d0.loss_cls: 0.2079, d0.loss_bbox: 0.3823, d1.loss_cls: 0.1451, d1.loss_bbox: 0.2833, d2.loss_cls: 0.1157, d2.loss_bbox: 0.2760, d3.loss_cls: 0.1026, d3.loss_bbox: 0.2539, d4.loss_cls: 0.0963, d4.loss_bbox: 0.2527, loss: 2.4662, grad_norm: 33.4194
2025-06-25 15:11:53,679 - mmdet - INFO - Epoch [3][1050/7033]	lr: 1.501e-04, eta: 6:12:54, time: 0.806, data_time: 0.027, memory: 4351, loss_cls: 0.0985, loss_bbox: 0.2569, d0.loss_cls: 0.2157, d0.loss_bbox: 0.3798, d1.loss_cls: 0.1486, d1.loss_bbox: 0.2856, d2.loss_cls: 0.1165, d2.loss_bbox: 0.2719, d3.loss_cls: 0.1055, d3.loss_bbox: 0.2543, d4.loss_cls: 0.1003, d4.loss_bbox: 0.2532, loss: 2.4868, grad_norm: 32.3929
2025-06-25 15:12:34,002 - mmdet - INFO - Epoch [3][1100/7033]	lr: 1.501e-04, eta: 6:12:10, time: 0.806, data_time: 0.030, memory: 4351, loss_cls: 0.0993, loss_bbox: 0.2614, d0.loss_cls: 0.2089, d0.loss_bbox: 0.3915, d1.loss_cls: 0.1428, d1.loss_bbox: 0.2912, d2.loss_cls: 0.1182, d2.loss_bbox: 0.2805, d3.loss_cls: 0.1085, d3.loss_bbox: 0.2579, d4.loss_cls: 0.1021, d4.loss_bbox: 0.2572, loss: 2.5196, grad_norm: 21.7373
2025-06-25 15:13:14,418 - mmdet - INFO - Epoch [3][1150/7033]	lr: 1.501e-04, eta: 6:11:25, time: 0.808, data_time: 0.028, memory: 4351, loss_cls: 0.1103, loss_bbox: 0.2752, d0.loss_cls: 0.2273, d0.loss_bbox: 0.4067, d1.loss_cls: 0.1555, d1.loss_bbox: 0.3109, d2.loss_cls: 0.1262, d2.loss_bbox: 0.2993, d3.loss_cls: 0.1170, d3.loss_bbox: 0.2758, d4.loss_cls: 0.1121, d4.loss_bbox: 0.2724, loss: 2.6887, grad_norm: 33.4267
2025-06-25 15:13:54,840 - mmdet - INFO - Epoch [3][1200/7033]	lr: 1.501e-04, eta: 6:10:41, time: 0.808, data_time: 0.026, memory: 4351, loss_cls: 0.1027, loss_bbox: 0.2618, d0.loss_cls: 0.2148, d0.loss_bbox: 0.3998, d1.loss_cls: 0.1486, d1.loss_bbox: 0.2979, d2.loss_cls: 0.1242, d2.loss_bbox: 0.2820, d3.loss_cls: 0.1105, d3.loss_bbox: 0.2628, d4.loss_cls: 0.1041, d4.loss_bbox: 0.2602, loss: 2.5695, grad_norm: 22.0863
2025-06-25 15:14:35,391 - mmdet - INFO - Epoch [3][1250/7033]	lr: 1.501e-04, eta: 6:09:58, time: 0.811, data_time: 0.029, memory: 4351, loss_cls: 0.0988, loss_bbox: 0.2655, d0.loss_cls: 0.2183, d0.loss_bbox: 0.4048, d1.loss_cls: 0.1495, d1.loss_bbox: 0.2999, d2.loss_cls: 0.1254, d2.loss_bbox: 0.2882, d3.loss_cls: 0.1095, d3.loss_bbox: 0.2637, d4.loss_cls: 0.1010, d4.loss_bbox: 0.2630, loss: 2.5876, grad_norm: 34.1914
2025-06-25 15:15:15,807 - mmdet - INFO - Epoch [3][1300/7033]	lr: 1.501e-04, eta: 6:09:13, time: 0.808, data_time: 0.028, memory: 4351, loss_cls: 0.1027, loss_bbox: 0.2571, d0.loss_cls: 0.2151, d0.loss_bbox: 0.3883, d1.loss_cls: 0.1517, d1.loss_bbox: 0.2911, d2.loss_cls: 0.1259, d2.loss_bbox: 0.2791, d3.loss_cls: 0.1097, d3.loss_bbox: 0.2586, d4.loss_cls: 0.1033, d4.loss_bbox: 0.2562, loss: 2.5388, grad_norm: 20.7709
2025-06-25 15:15:55,990 - mmdet - INFO - Epoch [3][1350/7033]	lr: 1.501e-04, eta: 6:08:29, time: 0.804, data_time: 0.024, memory: 4351, loss_cls: 0.1048, loss_bbox: 0.2597, d0.loss_cls: 0.2166, d0.loss_bbox: 0.3897, d1.loss_cls: 0.1513, d1.loss_bbox: 0.2933, d2.loss_cls: 0.1273, d2.loss_bbox: 0.2825, d3.loss_cls: 0.1120, d3.loss_bbox: 0.2604, d4.loss_cls: 0.1048, d4.loss_bbox: 0.2597, loss: 2.5621, grad_norm: 37.9352
2025-06-25 15:16:36,442 - mmdet - INFO - Epoch [3][1400/7033]	lr: 1.501e-04, eta: 6:07:45, time: 0.809, data_time: 0.029, memory: 4351, loss_cls: 0.1040, loss_bbox: 0.2635, d0.loss_cls: 0.2201, d0.loss_bbox: 0.3954, d1.loss_cls: 0.1531, d1.loss_bbox: 0.2945, d2.loss_cls: 0.1272, d2.loss_bbox: 0.2806, d3.loss_cls: 0.1117, d3.loss_bbox: 0.2603, d4.loss_cls: 0.1071, d4.loss_bbox: 0.2596, loss: 2.5771, grad_norm: 76.3012
2025-06-25 15:17:19,231 - mmdet - INFO - Epoch [3][1450/7033]	lr: 1.501e-04, eta: 6:07:08, time: 0.856, data_time: 0.040, memory: 4351, loss_cls: 0.0991, loss_bbox: 0.2700, d0.loss_cls: 0.2154, d0.loss_bbox: 0.4113, d1.loss_cls: 0.1439, d1.loss_bbox: 0.3075, d2.loss_cls: 0.1214, d2.loss_bbox: 0.2921, d3.loss_cls: 0.1056, d3.loss_bbox: 0.2693, d4.loss_cls: 0.0996, d4.loss_bbox: 0.2680, loss: 2.6032, grad_norm: 22.6816
2025-06-25 15:18:09,672 - mmdet - INFO - Epoch [3][1500/7033]	lr: 1.501e-04, eta: 6:06:56, time: 1.009, data_time: 0.041, memory: 4351, loss_cls: 0.1081, loss_bbox: 0.2660, d0.loss_cls: 0.2229, d0.loss_bbox: 0.3923, d1.loss_cls: 0.1530, d1.loss_bbox: 0.3006, d2.loss_cls: 0.1308, d2.loss_bbox: 0.2878, d3.loss_cls: 0.1178, d3.loss_bbox: 0.2651, d4.loss_cls: 0.1108, d4.loss_bbox: 0.2641, loss: 2.6192, grad_norm: 36.7004
2025-06-25 15:19:03,923 - mmdet - INFO - Epoch [3][1550/7033]	lr: 1.501e-04, eta: 6:06:54, time: 1.085, data_time: 0.039, memory: 4351, loss_cls: 0.1024, loss_bbox: 0.2642, d0.loss_cls: 0.2169, d0.loss_bbox: 0.3946, d1.loss_cls: 0.1496, d1.loss_bbox: 0.2963, d2.loss_cls: 0.1241, d2.loss_bbox: 0.2856, d3.loss_cls: 0.1114, d3.loss_bbox: 0.2641, d4.loss_cls: 0.1027, d4.loss_bbox: 0.2630, loss: 2.5748, grad_norm: 28.6947
2025-06-25 15:19:57,115 - mmdet - INFO - Epoch [3][1600/7033]	lr: 1.501e-04, eta: 6:06:49, time: 1.064, data_time: 0.028, memory: 4351, loss_cls: 0.1016, loss_bbox: 0.2595, d0.loss_cls: 0.2178, d0.loss_bbox: 0.3890, d1.loss_cls: 0.1473, d1.loss_bbox: 0.2964, d2.loss_cls: 0.1240, d2.loss_bbox: 0.2835, d3.loss_cls: 0.1080, d3.loss_bbox: 0.2610, d4.loss_cls: 0.1023, d4.loss_bbox: 0.2596, loss: 2.5499, grad_norm: 50.5112
2025-06-25 15:20:49,021 - mmdet - INFO - Epoch [3][1650/7033]	lr: 1.501e-04, eta: 6:06:39, time: 1.038, data_time: 0.071, memory: 4351, loss_cls: 0.0994, loss_bbox: 0.2613, d0.loss_cls: 0.2109, d0.loss_bbox: 0.3866, d1.loss_cls: 0.1457, d1.loss_bbox: 0.2922, d2.loss_cls: 0.1211, d2.loss_bbox: 0.2799, d3.loss_cls: 0.1077, d3.loss_bbox: 0.2602, d4.loss_cls: 0.1003, d4.loss_bbox: 0.2601, loss: 2.5252, grad_norm: 18.2170
2025-06-25 15:21:42,020 - mmdet - INFO - Epoch [3][1700/7033]	lr: 1.501e-04, eta: 6:06:33, time: 1.060, data_time: 0.029, memory: 4351, loss_cls: 0.0906, loss_bbox: 0.2490, d0.loss_cls: 0.1999, d0.loss_bbox: 0.3752, d1.loss_cls: 0.1345, d1.loss_bbox: 0.2791, d2.loss_cls: 0.1109, d2.loss_bbox: 0.2666, d3.loss_cls: 0.0964, d3.loss_bbox: 0.2470, d4.loss_cls: 0.0916, d4.loss_bbox: 0.2452, loss: 2.3860, grad_norm: 23.9532
2025-06-25 15:22:33,206 - mmdet - INFO - Epoch [3][1750/7033]	lr: 1.501e-04, eta: 6:06:20, time: 1.024, data_time: 0.045, memory: 4351, loss_cls: 0.0968, loss_bbox: 0.2579, d0.loss_cls: 0.2149, d0.loss_bbox: 0.3902, d1.loss_cls: 0.1466, d1.loss_bbox: 0.2910, d2.loss_cls: 0.1191, d2.loss_bbox: 0.2800, d3.loss_cls: 0.1066, d3.loss_bbox: 0.2562, d4.loss_cls: 0.1007, d4.loss_bbox: 0.2543, loss: 2.5142, grad_norm: 20.8107
2025-06-25 15:23:25,726 - mmdet - INFO - Epoch [3][1800/7033]	lr: 1.501e-04, eta: 6:06:10, time: 1.050, data_time: 0.028, memory: 4351, loss_cls: 0.1000, loss_bbox: 0.2594, d0.loss_cls: 0.2116, d0.loss_bbox: 0.3864, d1.loss_cls: 0.1444, d1.loss_bbox: 0.2915, d2.loss_cls: 0.1184, d2.loss_bbox: 0.2799, d3.loss_cls: 0.1065, d3.loss_bbox: 0.2579, d4.loss_cls: 0.1012, d4.loss_bbox: 0.2573, loss: 2.5145, grad_norm: 22.0015
2025-06-25 15:24:17,724 - mmdet - INFO - Epoch [3][1850/7033]	lr: 1.501e-04, eta: 6:05:59, time: 1.040, data_time: 0.027, memory: 4351, loss_cls: 0.1094, loss_bbox: 0.2619, d0.loss_cls: 0.2140, d0.loss_bbox: 0.3951, d1.loss_cls: 0.1504, d1.loss_bbox: 0.2985, d2.loss_cls: 0.1268, d2.loss_bbox: 0.2854, d3.loss_cls: 0.1160, d3.loss_bbox: 0.2588, d4.loss_cls: 0.1119, d4.loss_bbox: 0.2572, loss: 2.5854, grad_norm: 36.6030
2025-06-25 15:25:07,015 - mmdet - INFO - Epoch [3][1900/7033]	lr: 1.501e-04, eta: 6:05:39, time: 0.986, data_time: 0.036, memory: 4351, loss_cls: 0.1019, loss_bbox: 0.2613, d0.loss_cls: 0.2250, d0.loss_bbox: 0.3980, d1.loss_cls: 0.1550, d1.loss_bbox: 0.2990, d2.loss_cls: 0.1261, d2.loss_bbox: 0.2850, d3.loss_cls: 0.1109, d3.loss_bbox: 0.2623, d4.loss_cls: 0.1044, d4.loss_bbox: 0.2597, loss: 2.5885, grad_norm: 30.2202
2025-06-25 15:26:03,281 - mmdet - INFO - Epoch [3][1950/7033]	lr: 1.501e-04, eta: 6:05:40, time: 1.125, data_time: 0.184, memory: 4351, loss_cls: 0.0963, loss_bbox: 0.2661, d0.loss_cls: 0.2136, d0.loss_bbox: 0.3989, d1.loss_cls: 0.1454, d1.loss_bbox: 0.3031, d2.loss_cls: 0.1144, d2.loss_bbox: 0.2903, d3.loss_cls: 0.1030, d3.loss_bbox: 0.2667, d4.loss_cls: 0.0966, d4.loss_bbox: 0.2651, loss: 2.5595, grad_norm: 29.8421
2025-06-25 15:27:06,230 - mmdet - INFO - Epoch [3][2000/7033]	lr: 1.501e-04, eta: 6:05:59, time: 1.259, data_time: 0.354, memory: 4351, loss_cls: 0.0920, loss_bbox: 0.2570, d0.loss_cls: 0.2210, d0.loss_bbox: 0.3795, d1.loss_cls: 0.1447, d1.loss_bbox: 0.2844, d2.loss_cls: 0.1160, d2.loss_bbox: 0.2732, d3.loss_cls: 0.1006, d3.loss_bbox: 0.2539, d4.loss_cls: 0.0932, d4.loss_bbox: 0.2528, loss: 2.4683, grad_norm: 28.9610
2025-06-25 15:28:01,203 - mmdet - INFO - Epoch [3][2050/7033]	lr: 1.501e-04, eta: 6:05:54, time: 1.099, data_time: 0.204, memory: 4351, loss_cls: 0.0948, loss_bbox: 0.2552, d0.loss_cls: 0.2236, d0.loss_bbox: 0.3824, d1.loss_cls: 0.1428, d1.loss_bbox: 0.2898, d2.loss_cls: 0.1171, d2.loss_bbox: 0.2771, d3.loss_cls: 0.1028, d3.loss_bbox: 0.2561, d4.loss_cls: 0.0966, d4.loss_bbox: 0.2539, loss: 2.4922, grad_norm: 19.1002
2025-06-25 15:28:42,078 - mmdet - INFO - Epoch [3][2100/7033]	lr: 1.501e-04, eta: 6:05:08, time: 0.817, data_time: 0.034, memory: 4351, loss_cls: 0.1040, loss_bbox: 0.2624, d0.loss_cls: 0.2190, d0.loss_bbox: 0.3993, d1.loss_cls: 0.1520, d1.loss_bbox: 0.2985, d2.loss_cls: 0.1257, d2.loss_bbox: 0.2870, d3.loss_cls: 0.1134, d3.loss_bbox: 0.2608, d4.loss_cls: 0.1065, d4.loss_bbox: 0.2600, loss: 2.5885, grad_norm: 26.1785
2025-06-25 15:29:22,678 - mmdet - INFO - Epoch [3][2150/7033]	lr: 1.501e-04, eta: 6:04:22, time: 0.812, data_time: 0.032, memory: 4351, loss_cls: 0.1026, loss_bbox: 0.2551, d0.loss_cls: 0.2132, d0.loss_bbox: 0.3925, d1.loss_cls: 0.1489, d1.loss_bbox: 0.2920, d2.loss_cls: 0.1237, d2.loss_bbox: 0.2757, d3.loss_cls: 0.1129, d3.loss_bbox: 0.2543, d4.loss_cls: 0.1047, d4.loss_bbox: 0.2536, loss: 2.5291, grad_norm: 32.1144
2025-06-25 15:30:02,947 - mmdet - INFO - Epoch [3][2200/7033]	lr: 1.501e-04, eta: 6:03:35, time: 0.805, data_time: 0.028, memory: 4351, loss_cls: 0.1011, loss_bbox: 0.2619, d0.loss_cls: 0.2170, d0.loss_bbox: 0.3863, d1.loss_cls: 0.1506, d1.loss_bbox: 0.2936, d2.loss_cls: 0.1235, d2.loss_bbox: 0.2807, d3.loss_cls: 0.1098, d3.loss_bbox: 0.2619, d4.loss_cls: 0.1037, d4.loss_bbox: 0.2597, loss: 2.5498, grad_norm: 39.1589
2025-06-25 15:30:43,387 - mmdet - INFO - Epoch [3][2250/7033]	lr: 1.501e-04, eta: 6:02:48, time: 0.809, data_time: 0.031, memory: 4351, loss_cls: 0.1031, loss_bbox: 0.2511, d0.loss_cls: 0.2100, d0.loss_bbox: 0.3846, d1.loss_cls: 0.1477, d1.loss_bbox: 0.2900, d2.loss_cls: 0.1209, d2.loss_bbox: 0.2741, d3.loss_cls: 0.1087, d3.loss_bbox: 0.2545, d4.loss_cls: 0.1040, d4.loss_bbox: 0.2508, loss: 2.4994, grad_norm: 32.4673
2025-06-25 15:31:25,608 - mmdet - INFO - Epoch [3][2300/7033]	lr: 1.501e-04, eta: 6:02:07, time: 0.844, data_time: 0.029, memory: 4351, loss_cls: 0.1075, loss_bbox: 0.2609, d0.loss_cls: 0.2264, d0.loss_bbox: 0.3889, d1.loss_cls: 0.1551, d1.loss_bbox: 0.2953, d2.loss_cls: 0.1266, d2.loss_bbox: 0.2812, d3.loss_cls: 0.1140, d3.loss_bbox: 0.2604, d4.loss_cls: 0.1082, d4.loss_bbox: 0.2594, loss: 2.5839, grad_norm: 21.2474
2025-06-25 15:32:20,724 - mmdet - INFO - Epoch [3][2350/7033]	lr: 1.501e-04, eta: 6:02:01, time: 1.102, data_time: 0.073, memory: 4351, loss_cls: 0.1018, loss_bbox: 0.2669, d0.loss_cls: 0.2251, d0.loss_bbox: 0.4022, d1.loss_cls: 0.1492, d1.loss_bbox: 0.3052, d2.loss_cls: 0.1237, d2.loss_bbox: 0.2902, d3.loss_cls: 0.1102, d3.loss_bbox: 0.2681, d4.loss_cls: 0.1031, d4.loss_bbox: 0.2665, loss: 2.6122, grad_norm: 35.9313
2025-06-25 15:33:25,158 - mmdet - INFO - Epoch [3][2400/7033]	lr: 1.501e-04, eta: 6:02:19, time: 1.289, data_time: 0.058, memory: 4351, loss_cls: 0.1007, loss_bbox: 0.2682, d0.loss_cls: 0.2212, d0.loss_bbox: 0.4023, d1.loss_cls: 0.1452, d1.loss_bbox: 0.3041, d2.loss_cls: 0.1223, d2.loss_bbox: 0.2919, d3.loss_cls: 0.1078, d3.loss_bbox: 0.2697, d4.loss_cls: 0.1023, d4.loss_bbox: 0.2672, loss: 2.6030, grad_norm: 92.6765
2025-06-25 15:34:26,701 - mmdet - INFO - Epoch [3][2450/7033]	lr: 1.501e-04, eta: 6:02:29, time: 1.231, data_time: 0.029, memory: 4351, loss_cls: 0.0936, loss_bbox: 0.2628, d0.loss_cls: 0.2137, d0.loss_bbox: 0.3911, d1.loss_cls: 0.1407, d1.loss_bbox: 0.2965, d2.loss_cls: 0.1159, d2.loss_bbox: 0.2828, d3.loss_cls: 0.1019, d3.loss_bbox: 0.2610, d4.loss_cls: 0.0953, d4.loss_bbox: 0.2596, loss: 2.5148, grad_norm: 18.3067
2025-06-25 15:35:24,929 - mmdet - INFO - Epoch [3][2500/7033]	lr: 1.501e-04, eta: 6:02:30, time: 1.165, data_time: 0.026, memory: 4351, loss_cls: 0.1010, loss_bbox: 0.2638, d0.loss_cls: 0.2214, d0.loss_bbox: 0.3993, d1.loss_cls: 0.1522, d1.loss_bbox: 0.2993, d2.loss_cls: 0.1245, d2.loss_bbox: 0.2850, d3.loss_cls: 0.1085, d3.loss_bbox: 0.2636, d4.loss_cls: 0.1026, d4.loss_bbox: 0.2627, loss: 2.5838, grad_norm: 25.4981
2025-06-25 15:36:08,149 - mmdet - INFO - Epoch [3][2550/7033]	lr: 1.501e-04, eta: 6:01:49, time: 0.864, data_time: 0.031, memory: 4351, loss_cls: 0.1035, loss_bbox: 0.2683, d0.loss_cls: 0.2172, d0.loss_bbox: 0.3955, d1.loss_cls: 0.1474, d1.loss_bbox: 0.2973, d2.loss_cls: 0.1233, d2.loss_bbox: 0.2874, d3.loss_cls: 0.1102, d3.loss_bbox: 0.2640, d4.loss_cls: 0.1050, d4.loss_bbox: 0.2643, loss: 2.5834, grad_norm: 27.2707
2025-06-25 15:36:48,787 - mmdet - INFO - Epoch [3][2600/7033]	lr: 1.501e-04, eta: 6:01:02, time: 0.813, data_time: 0.032, memory: 4351, loss_cls: 0.1039, loss_bbox: 0.2623, d0.loss_cls: 0.2263, d0.loss_bbox: 0.3883, d1.loss_cls: 0.1551, d1.loss_bbox: 0.2918, d2.loss_cls: 0.1221, d2.loss_bbox: 0.2819, d3.loss_cls: 0.1105, d3.loss_bbox: 0.2626, d4.loss_cls: 0.1054, d4.loss_bbox: 0.2599, loss: 2.5702, grad_norm: 22.3559
2025-06-25 15:37:29,291 - mmdet - INFO - Epoch [3][2650/7033]	lr: 1.501e-04, eta: 6:00:15, time: 0.810, data_time: 0.032, memory: 4351, loss_cls: 0.0973, loss_bbox: 0.2611, d0.loss_cls: 0.2042, d0.loss_bbox: 0.3862, d1.loss_cls: 0.1423, d1.loss_bbox: 0.2920, d2.loss_cls: 0.1176, d2.loss_bbox: 0.2796, d3.loss_cls: 0.1044, d3.loss_bbox: 0.2582, d4.loss_cls: 0.0990, d4.loss_bbox: 0.2574, loss: 2.4993, grad_norm: 21.6109
2025-06-25 15:38:09,834 - mmdet - INFO - Epoch [3][2700/7033]	lr: 1.501e-04, eta: 5:59:27, time: 0.811, data_time: 0.031, memory: 4351, loss_cls: 0.1034, loss_bbox: 0.2713, d0.loss_cls: 0.2086, d0.loss_bbox: 0.3984, d1.loss_cls: 0.1513, d1.loss_bbox: 0.3022, d2.loss_cls: 0.1229, d2.loss_bbox: 0.2898, d3.loss_cls: 0.1113, d3.loss_bbox: 0.2701, d4.loss_cls: 0.1050, d4.loss_bbox: 0.2689, loss: 2.6032, grad_norm: 29.1448
2025-06-25 15:38:52,699 - mmdet - INFO - Epoch [3][2750/7033]	lr: 1.501e-04, eta: 5:58:46, time: 0.857, data_time: 0.060, memory: 4351, loss_cls: 0.1005, loss_bbox: 0.2643, d0.loss_cls: 0.2125, d0.loss_bbox: 0.3932, d1.loss_cls: 0.1474, d1.loss_bbox: 0.2950, d2.loss_cls: 0.1209, d2.loss_bbox: 0.2848, d3.loss_cls: 0.1088, d3.loss_bbox: 0.2634, d4.loss_cls: 0.1029, d4.loss_bbox: 0.2616, loss: 2.5553, grad_norm: 26.8689
2025-06-25 15:39:34,912 - mmdet - INFO - Epoch [3][2800/7033]	lr: 1.501e-04, eta: 5:58:03, time: 0.844, data_time: 0.030, memory: 4351, loss_cls: 0.0983, loss_bbox: 0.2653, d0.loss_cls: 0.2147, d0.loss_bbox: 0.4079, d1.loss_cls: 0.1440, d1.loss_bbox: 0.3038, d2.loss_cls: 0.1204, d2.loss_bbox: 0.2909, d3.loss_cls: 0.1063, d3.loss_bbox: 0.2658, d4.loss_cls: 0.0989, d4.loss_bbox: 0.2645, loss: 2.5808, grad_norm: 22.2902
2025-06-25 15:40:16,435 - mmdet - INFO - Epoch [3][2850/7033]	lr: 1.501e-04, eta: 5:57:19, time: 0.830, data_time: 0.031, memory: 4351, loss_cls: 0.1026, loss_bbox: 0.2705, d0.loss_cls: 0.2211, d0.loss_bbox: 0.3987, d1.loss_cls: 0.1511, d1.loss_bbox: 0.3020, d2.loss_cls: 0.1243, d2.loss_bbox: 0.2880, d3.loss_cls: 0.1101, d3.loss_bbox: 0.2694, d4.loss_cls: 0.1034, d4.loss_bbox: 0.2679, loss: 2.6090, grad_norm: 23.6834
2025-06-25 15:40:57,675 - mmdet - INFO - Epoch [3][2900/7033]	lr: 1.501e-04, eta: 5:56:33, time: 0.825, data_time: 0.028, memory: 4351, loss_cls: 0.0972, loss_bbox: 0.2543, d0.loss_cls: 0.2147, d0.loss_bbox: 0.3801, d1.loss_cls: 0.1436, d1.loss_bbox: 0.2865, d2.loss_cls: 0.1170, d2.loss_bbox: 0.2755, d3.loss_cls: 0.1043, d3.loss_bbox: 0.2538, d4.loss_cls: 0.0972, d4.loss_bbox: 0.2539, loss: 2.4781, grad_norm: 32.2581
2025-06-25 15:41:40,234 - mmdet - INFO - Epoch [3][2950/7033]	lr: 1.501e-04, eta: 5:55:51, time: 0.851, data_time: 0.029, memory: 4351, loss_cls: 0.0886, loss_bbox: 0.2522, d0.loss_cls: 0.2059, d0.loss_bbox: 0.3741, d1.loss_cls: 0.1366, d1.loss_bbox: 0.2826, d2.loss_cls: 0.1093, d2.loss_bbox: 0.2687, d3.loss_cls: 0.0980, d3.loss_bbox: 0.2466, d4.loss_cls: 0.0899, d4.loss_bbox: 0.2486, loss: 2.4012, grad_norm: 25.1391
2025-06-25 15:42:21,943 - mmdet - INFO - Epoch [3][3000/7033]	lr: 1.501e-04, eta: 5:55:07, time: 0.834, data_time: 0.064, memory: 4351, loss_cls: 0.0981, loss_bbox: 0.2580, d0.loss_cls: 0.2106, d0.loss_bbox: 0.3954, d1.loss_cls: 0.1425, d1.loss_bbox: 0.2962, d2.loss_cls: 0.1192, d2.loss_bbox: 0.2804, d3.loss_cls: 0.1063, d3.loss_bbox: 0.2598, d4.loss_cls: 0.0994, d4.loss_bbox: 0.2578, loss: 2.5238, grad_norm: 26.4402
2025-06-25 15:43:05,129 - mmdet - INFO - Epoch [3][3050/7033]	lr: 1.501e-04, eta: 5:54:27, time: 0.864, data_time: 0.082, memory: 4351, loss_cls: 0.1042, loss_bbox: 0.2575, d0.loss_cls: 0.2173, d0.loss_bbox: 0.3838, d1.loss_cls: 0.1506, d1.loss_bbox: 0.2905, d2.loss_cls: 0.1236, d2.loss_bbox: 0.2806, d3.loss_cls: 0.1124, d3.loss_bbox: 0.2565, d4.loss_cls: 0.1062, d4.loss_bbox: 0.2555, loss: 2.5388, grad_norm: 24.4102
2025-06-25 15:43:48,715 - mmdet - INFO - Epoch [3][3100/7033]	lr: 1.501e-04, eta: 5:53:47, time: 0.872, data_time: 0.085, memory: 4351, loss_cls: 0.1036, loss_bbox: 0.2601, d0.loss_cls: 0.2249, d0.loss_bbox: 0.3909, d1.loss_cls: 0.1492, d1.loss_bbox: 0.2956, d2.loss_cls: 0.1221, d2.loss_bbox: 0.2812, d3.loss_cls: 0.1107, d3.loss_bbox: 0.2581, d4.loss_cls: 0.1049, d4.loss_bbox: 0.2579, loss: 2.5592, grad_norm: 22.2716
2025-06-25 15:44:29,093 - mmdet - INFO - Epoch [3][3150/7033]	lr: 1.501e-04, eta: 5:53:00, time: 0.807, data_time: 0.029, memory: 4351, loss_cls: 0.0996, loss_bbox: 0.2440, d0.loss_cls: 0.2215, d0.loss_bbox: 0.3767, d1.loss_cls: 0.1525, d1.loss_bbox: 0.2803, d2.loss_cls: 0.1213, d2.loss_bbox: 0.2665, d3.loss_cls: 0.1075, d3.loss_bbox: 0.2441, d4.loss_cls: 0.1004, d4.loss_bbox: 0.2429, loss: 2.4575, grad_norm: 32.3392
2025-06-25 15:45:09,594 - mmdet - INFO - Epoch [3][3200/7033]	lr: 1.501e-04, eta: 5:52:13, time: 0.810, data_time: 0.028, memory: 4351, loss_cls: 0.1072, loss_bbox: 0.2621, d0.loss_cls: 0.2286, d0.loss_bbox: 0.3926, d1.loss_cls: 0.1572, d1.loss_bbox: 0.2953, d2.loss_cls: 0.1305, d2.loss_bbox: 0.2831, d3.loss_cls: 0.1173, d3.loss_bbox: 0.2609, d4.loss_cls: 0.1090, d4.loss_bbox: 0.2604, loss: 2.6043, grad_norm: 23.5142
2025-06-25 15:45:49,868 - mmdet - INFO - Epoch [3][3250/7033]	lr: 1.501e-04, eta: 5:51:26, time: 0.805, data_time: 0.030, memory: 4351, loss_cls: 0.0987, loss_bbox: 0.2487, d0.loss_cls: 0.2171, d0.loss_bbox: 0.3699, d1.loss_cls: 0.1448, d1.loss_bbox: 0.2812, d2.loss_cls: 0.1158, d2.loss_bbox: 0.2702, d3.loss_cls: 0.1076, d3.loss_bbox: 0.2467, d4.loss_cls: 0.1008, d4.loss_bbox: 0.2452, loss: 2.4467, grad_norm: 25.5263
2025-06-25 15:46:30,144 - mmdet - INFO - Epoch [3][3300/7033]	lr: 1.501e-04, eta: 5:50:38, time: 0.806, data_time: 0.028, memory: 4351, loss_cls: 0.1036, loss_bbox: 0.2631, d0.loss_cls: 0.2160, d0.loss_bbox: 0.3973, d1.loss_cls: 0.1489, d1.loss_bbox: 0.2961, d2.loss_cls: 0.1267, d2.loss_bbox: 0.2840, d3.loss_cls: 0.1124, d3.loss_bbox: 0.2617, d4.loss_cls: 0.1037, d4.loss_bbox: 0.2620, loss: 2.5756, grad_norm: 25.8382
2025-06-25 15:47:12,588 - mmdet - INFO - Epoch [3][3350/7033]	lr: 1.501e-04, eta: 5:49:56, time: 0.849, data_time: 0.082, memory: 4351, loss_cls: 0.0929, loss_bbox: 0.2578, d0.loss_cls: 0.2148, d0.loss_bbox: 0.3905, d1.loss_cls: 0.1446, d1.loss_bbox: 0.2908, d2.loss_cls: 0.1164, d2.loss_bbox: 0.2789, d3.loss_cls: 0.1014, d3.loss_bbox: 0.2581, d4.loss_cls: 0.0940, d4.loss_bbox: 0.2561, loss: 2.4962, grad_norm: 36.8454
2025-06-25 15:47:54,609 - mmdet - INFO - Epoch [3][3400/7033]	lr: 1.501e-04, eta: 5:49:13, time: 0.840, data_time: 0.028, memory: 4351, loss_cls: 0.0984, loss_bbox: 0.2639, d0.loss_cls: 0.2117, d0.loss_bbox: 0.3997, d1.loss_cls: 0.1481, d1.loss_bbox: 0.2970, d2.loss_cls: 0.1233, d2.loss_bbox: 0.2831, d3.loss_cls: 0.1085, d3.loss_bbox: 0.2621, d4.loss_cls: 0.0998, d4.loss_bbox: 0.2613, loss: 2.5570, grad_norm: 31.7118
2025-06-25 15:48:35,030 - mmdet - INFO - Epoch [3][3450/7033]	lr: 1.501e-04, eta: 5:48:26, time: 0.808, data_time: 0.028, memory: 4351, loss_cls: 0.0989, loss_bbox: 0.2693, d0.loss_cls: 0.2094, d0.loss_bbox: 0.4018, d1.loss_cls: 0.1446, d1.loss_bbox: 0.3034, d2.loss_cls: 0.1205, d2.loss_bbox: 0.2929, d3.loss_cls: 0.1083, d3.loss_bbox: 0.2693, d4.loss_cls: 0.1022, d4.loss_bbox: 0.2661, loss: 2.5866, grad_norm: 22.3657
2025-06-25 15:49:15,908 - mmdet - INFO - Epoch [3][3500/7033]	lr: 1.501e-04, eta: 5:47:40, time: 0.818, data_time: 0.046, memory: 4351, loss_cls: 0.0931, loss_bbox: 0.2538, d0.loss_cls: 0.2106, d0.loss_bbox: 0.3807, d1.loss_cls: 0.1421, d1.loss_bbox: 0.2837, d2.loss_cls: 0.1128, d2.loss_bbox: 0.2738, d3.loss_cls: 0.1009, d3.loss_bbox: 0.2531, d4.loss_cls: 0.0938, d4.loss_bbox: 0.2514, loss: 2.4497, grad_norm: 27.3138
2025-06-25 15:49:57,254 - mmdet - INFO - Epoch [3][3550/7033]	lr: 1.501e-04, eta: 5:46:55, time: 0.827, data_time: 0.064, memory: 4351, loss_cls: 0.0956, loss_bbox: 0.2532, d0.loss_cls: 0.2095, d0.loss_bbox: 0.3828, d1.loss_cls: 0.1443, d1.loss_bbox: 0.2878, d2.loss_cls: 0.1177, d2.loss_bbox: 0.2746, d3.loss_cls: 0.1048, d3.loss_bbox: 0.2535, d4.loss_cls: 0.0980, d4.loss_bbox: 0.2519, loss: 2.4737, grad_norm: 18.8618
2025-06-25 15:50:39,160 - mmdet - INFO - Epoch [3][3600/7033]	lr: 1.501e-04, eta: 5:46:12, time: 0.838, data_time: 0.055, memory: 4351, loss_cls: 0.0961, loss_bbox: 0.2610, d0.loss_cls: 0.2149, d0.loss_bbox: 0.3923, d1.loss_cls: 0.1466, d1.loss_bbox: 0.2922, d2.loss_cls: 0.1239, d2.loss_bbox: 0.2805, d3.loss_cls: 0.1072, d3.loss_bbox: 0.2610, d4.loss_cls: 0.0990, d4.loss_bbox: 0.2602, loss: 2.5350, grad_norm: 25.7596
2025-06-25 15:51:19,520 - mmdet - INFO - Epoch [3][3650/7033]	lr: 1.501e-04, eta: 5:45:25, time: 0.807, data_time: 0.029, memory: 4351, loss_cls: 0.0929, loss_bbox: 0.2640, d0.loss_cls: 0.2120, d0.loss_bbox: 0.3953, d1.loss_cls: 0.1432, d1.loss_bbox: 0.2940, d2.loss_cls: 0.1172, d2.loss_bbox: 0.2825, d3.loss_cls: 0.1024, d3.loss_bbox: 0.2634, d4.loss_cls: 0.0959, d4.loss_bbox: 0.2611, loss: 2.5242, grad_norm: 24.1354
